quantile, MSE (unint), MSE (int)
1,12015.84037370904, 11117.39337024523
2,97720.77739227841, 87457.65204308031
3,407198.4651938092, 350087.9908347631
4,2391210.899558589, 2241474.36905277
