temp,no_wgt_comm,risk_adj_sample_wgt_comm,pop_adj_sample_wgt_comm,no_wgt_low,risk_adj_sample_wgt_low,pop_adj_sample_wgt_low,no_wgt_high,risk_adj_sample_wgt_high,pop_adj_sample_wgt_high,no_wgt_manuf,risk_adj_sample_wgt_manuf,pop_adj_sample_wgt_manuf,no_wgt_hr3,risk_adj_sample_wgt_hr3,pop_adj_sample_wgt_hr3
-19.2,2,8.92433035915e-06,5.06608330397e-06,0,0,0,2,8.92433035915e-06,5.06608330397e-06,2,8.92433035915e-06,5.06608330397e-06,0,0,0
-17.3,3,.0000310430141326,.0000145542744576,3,.0000310430141326,.0000145542744576,0,0,0,0,0,0,0,0,0
-17.1,1,5.60201624467e-06,2.62646153715e-06,1,5.60201624467e-06,2.62646153715e-06,0,0,0,0,0,0,0,0,0
-15.8,1,2.57648207480e-06,1.46259401390e-06,0,0,0,1,2.57648207480e-06,1.46259401390e-06,1,2.57648207480e-06,1.46259401390e-06,0,0,0
-15.3,1,1.43765407756e-06,6.74032946790e-07,1,1.43765407756e-06,6.74032946790e-07,0,0,0,0,0,0,0,0,0
-15,2,.0000152235897986,7.13746203473e-06,2,.0000152235897986,7.13746203473e-06,0,0,0,0,0,0,0,0,0
-14.3,2,.0000118306688819,5.54671760256e-06,2,.0000118306688819,5.54671760256e-06,0,0,0,0,0,0,0,0,0
-14,2,7.08033303454e-06,3.31955902766e-06,2,7.08033303454e-06,3.31955902766e-06,0,0,0,0,0,0,0,0,0
-13.9,2,4.58438262285e-06,2.60242086370e-06,0,0,0,2,4.58438262285e-06,2.60242086370e-06,2,4.58438262285e-06,2.60242086370e-06,0,0,0
-13.7,1,5.48205434825e-06,2.57021861216e-06,1,5.48205434825e-06,2.57021861216e-06,0,0,0,0,0,0,0,0,0
-13,1,7.64895844441e-07,3.58615466212e-07,1,7.64895844441e-07,3.58615466212e-07,0,0,0,0,0,0,0,0,0
-12.6,3,5.40274163541e-06,2.53303358022e-06,3,5.40274163541e-06,2.53303358022e-06,0,0,0,0,0,0,0,0,0
-12.5,1,1.05443700704e-06,5.98573251409e-07,0,0,0,1,1.05443700704e-06,5.98573251409e-07,1,1.05443700704e-06,5.98573251409e-07,0,0,0
-12.4,1,6.84475935486e-07,3.20911226481e-07,1,6.84475935486e-07,3.20911226481e-07,0,0,0,0,0,0,0,0,0
-12.3,2,2.77184085462e-06,1.29955606099e-06,2,2.77184085462e-06,1.29955606099e-06,0,0,0,0,0,0,0,0,0
-11.9,1,7.91892546204e-07,4.49534383051e-07,0,0,0,1,7.91892546204e-07,4.49534383051e-07,1,7.91892546204e-07,4.49534383051e-07,0,0,0
-11.7,1,.0000135577447509,6.35644300928e-06,1,.0000135577447509,6.35644300928e-06,0,0,0,0,0,0,0,0,0
-11.6,4,.0000169769464264,8.73079397934e-06,2,9.17269517231e-06,4.30054706158e-06,2,7.80425125413e-06,4.43024691776e-06,2,7.80425125413e-06,4.43024691776e-06,0,0,0
-11.5,4,.000021452805413,.0000106937284272,2,.0000150199875861,7.04200419932e-06,2,6.43281782686e-06,3.65172422789e-06,2,6.43281782686e-06,3.65172422789e-06,0,0,0
-11.4,3,7.45441843719e-06,3.49494595753e-06,3,7.45441843719e-06,3.49494595753e-06,0,0,0,0,0,0,0,0,0
-11.2,3,6.85376926413e-06,3.89068566164e-06,0,0,0,3,6.85376926413e-06,3.89068566164e-06,3,6.85376926413e-06,3.89068566164e-06,0,0,0
-10.8,3,5.88687862546e-06,2.76001719612e-06,3,5.88687862546e-06,2.76001719612e-06,0,0,0,0,0,0,0,0,0
-10.7,9,.0000532621802449,.0000249715599239,9,.0000532621802449,.0000249715599239,0,0,0,0,0,0,0,0,0
-10.3,9,.0000162182346894,.0000103445465811,6,.0000162131537991,7.60141102774e-06,3,5.08089037510e-09,2.74313555337e-06,0,0,0,3,5.08089037510e-09,2.74313555337e-06
-10.1,2,9.32226157602e-06,4.37067001258e-06,2,9.32226157602e-06,4.37067001258e-06,0,0,0,0,0,0,0,0,0
-10,3,.0000177079164132,8.30221847536e-06,3,.0000177079164132,8.30221847536e-06,0,0,0,0,0,0,0,0,0
-9.9,4,.0000182156736628,8.54027712194e-06,4,.0000182156736628,8.54027712194e-06,0,0,0,0,0,0,0,0,0
-9.699999999999999,2,.0000145128697113,6.80424591337e-06,2,.0000145128697113,6.80424591337e-06,0,0,0,0,0,0,0,0,0
-9.6,2,.0000105055842141,4.92546178066e-06,2,.0000105055842141,4.92546178066e-06,0,0,0,0,0,0,0,0,0
-9.300000000000001,1,4.20755986852e-06,2.38850952883e-06,0,0,0,1,4.20755986852e-06,2.38850952883e-06,1,4.20755986852e-06,2.38850952883e-06,0,0,0
-9.1,6,.0000500498426845,.0000234654789892,6,.0000500498426845,.0000234654789892,0,0,0,0,0,0,0,0,0
-8.9,10,.0000357563569651,.0000167640901054,10,.0000357563569651,.0000167640901054,0,0,0,0,0,0,0,0,0
-8.800000000000001,4,9.00313352759e-06,4.22104903919e-06,4,9.00313352759e-06,4.22104903919e-06,0,0,0,0,0,0,0,0,0
-8.699999999999999,4,9.74714475888e-06,4.86991558546e-06,3,6.71115958539e-06,3.14647496680e-06,1,3.03598517348e-06,1.72344061866e-06,1,3.03598517348e-06,1.72344061866e-06,0,0,0
-8.6,9,.0000559352338314,.000028921516332,6,.0000286484719254,.0000134316132971,3,.000027286761906,.0000154899030349,3,.000027286761906,.0000154899030349,0,0,0
-8.5,4,.0000290822815714,.0000143372100183,3,.0000219769733576,.0000103037328927,1,7.10530821380e-06,4.03347712563e-06,1,7.10530821380e-06,4.03347712563e-06,0,0,0
-8.300000000000001,9,.0000838129617478,.0000392950569221,9,.0000838129617478,.0000392950569221,0,0,0,0,0,0,0,0,0
-8.199999999999999,5,9.19647413866e-06,4.61566452259e-06,3,6.12076098605e-06,2.86967139118e-06,2,3.07571315261e-06,1.74599313141e-06,2,3.07571315261e-06,1.74599313141e-06,0,0,0
-8.1,5,.0000262495391326,.0000138840341606,3,.0000102912013062,4.82494942844e-06,2,.0000159583378263,9.05908473214e-06,2,.0000159583378263,9.05908473214e-06,0,0,0
-8,4,.0000367937536794,.0000172504660441,4,.0000367937536794,.0000172504660441,0,0,0,0,0,0,0,0,0
-7.9,2,7.62531544751e-06,3.57506974069e-06,2,7.62531544751e-06,3.57506974069e-06,0,0,0,0,0,0,0,0,0
-7.8,6,.0000278936322502,.0000130777127652,6,.0000278936322502,.0000130777127652,0,0,0,0,0,0,0,0,0
-7.7,2,.0000152601915033,7.15462192602e-06,2,.0000152601915033,7.15462192602e-06,0,0,0,0,0,0,0,0,0
-7.6,7,.0000406879561297,.0000200723995931,6,.0000306082118868,.0000143504219068,1,.0000100797442428,5.72197768633e-06,1,.0000100797442428,5.72197768633e-06,0,0,0
-7.5,11,.0000677343880398,.0000317567407819,11,.0000677343880398,.0000317567407819,0,0,0,0,0,0,0,0,0
-7.4,3,.000011729844573,5.49944650174e-06,3,.000011729844573,5.49944650174e-06,0,0,0,0,0,0,0,0,0
-7.3,5,.0000437797134509,.0000248524729614,0,0,0,5,.0000437797134509,.0000248524729614,5,.0000437797134509,.0000248524729614,0,0,0
-7.2,3,8.51986715134e-06,3.99447344535e-06,3,8.51986715134e-06,3.99447344535e-06,0,0,0,0,0,0,0,0,0
-7.1,7,.0000256167661519,.0000123328611608,5,.000022352133783,.0000104796242795,2,3.26463236888e-06,1.85323688129e-06,2,3.26463236888e-06,1.85323688129e-06,0,0,0
-7,4,.0000217150865183,.0000101809495732,4,.0000217150865183,.0000101809495732,0,0,0,0,0,0,0,0,0
-6.9,5,.0000216621488107,.0000107636975599,3,.00001551447167,7.27383974208e-06,2,6.14767714069e-06,3.48985781784e-06,2,6.14767714069e-06,3.48985781784e-06,0,0,0
-6.8,3,.0000134793331199,6.81515439283e-06,2,8.46587136039e-06,3.96915766032e-06,1,5.01346175952e-06,2.84599673250e-06,1,5.01346175952e-06,2.84599673250e-06,0,0,0
-6.7,7,.000055848799775,.000026502761898,6,.0000526261883351,.0000246733789027,1,3.22261143992e-06,1.82938299531e-06,1,3.22261143992e-06,1.82938299531e-06,0,0,0
-6.6,6,.0000299941359572,.0000140625171525,6,.0000299941359572,.0000140625171525,0,0,0,0,0,0,0,0,0
-6.5,8,.0000449037220278,.0000210527616673,8,.0000449037220278,.0000210527616673,0,0,0,0,0,0,0,0,0
-6.4,8,.000018099358158,8.48574330803e-06,8,.000018099358158,8.48574330803e-06,0,0,0,0,0,0,0,0,0
-6.3,10,.000046821514843,.0000228194988949,8,.0000380427336495,.0000178360395466,2,8.77878119354e-06,4.98345934830e-06,2,8.77878119354e-06,4.98345934830e-06,0,0,0
-6.2,9,.0000741149624446,.000034748222788,9,.0000741149624446,.000034748222788,0,0,0,0,0,0,0,0,0
-6.1,7,.0000175867435246,8.24540791200e-06,7,.0000175867435246,8.24540791200e-06,0,0,0,0,0,0,0,0,0
-6,21,.0002505596859237,.0001197150681946,15,.0002278728744614,.0001068364240382,6,.0000226868114623,.0000128786441564,6,.0000226868114623,.0000128786441564,0,0,0
-5.9,5,.0000280091583136,.0000133278911107,4,.0000260257702394,.0000122019791888,1,1.98338807422e-06,1.12591192192e-06,1,1.98338807422e-06,1.12591192192e-06,0,0,0
-5.8,8,.0000267382097263,.0000133706500947,5,.0000182928120012,8.57644261032e-06,3,8.44539772515e-06,4.79420748434e-06,3,8.44539772515e-06,4.79420748434e-06,0,0,0
-5.7,14,.000106964173483,.000054457043916,10,.0000633764307167,.0000297135475193,4,.0000435877427662,.0000247434963967,4,.0000435877427662,.0000247434963967,0,0,0
-5.6,14,.0001267865668524,.0000598848523623,13,.0001223146114171,.0000573462532429,1,4.47195543529e-06,2.53859911936e-06,1,4.47195543529e-06,2.53859911936e-06,0,0,0
-5.5,19,.0000646595642593,.0000314116226718,16,.0000535647195647,.0000251134014206,3,.0000110948446945,6.29822125120e-06,3,.0000110948446945,6.29822125120e-06,0,0,0
-5.4,12,.0000612143483067,.0000302351605797,6,.0000456794909951,.0000214164729186,6,.0000155348573116,8.81868766101e-06,6,.0000155348573116,8.81868766101e-06,0,0,0
-5.3,10,.0000431816695254,.0000210030720496,9,.000035515058471,.0000166509593669,1,7.66661105445e-06,4.35211268268e-06,1,7.66661105445e-06,4.35211268268e-06,0,0,0
-5.2,13,.0000593452268731,.0000326022018839,4,.0000109923510081,5.15367833032e-06,9,.000048352875865,.0000274485235536,9,.000048352875865,.0000274485235536,0,0,0
-5.1,13,.0000898329109305,.0000421174623284,13,.0000898329109305,.0000421174623284,0,0,0,0,0,0,0,0,0
-5,16,.0000714395490604,.000036318973514,10,.0000428537651942,.0000200916546191,6,.0000285857838662,.0000162273188948,6,.0000285857838662,.0000162273188948,0,0,0
-4.9,17,.000119747970075,.0000586724061691,13,.0000941531839089,.0000441429886564,4,.000025594786166,.0000145294175127,4,.000025594786166,.0000145294175127,0,0,0
-4.8,20,.0000869451100698,.0000414850843526,18,.0000796441340754,.0000373405324581,2,7.30097599444e-06,4.14455189457e-06,2,7.30097599444e-06,4.14455189457e-06,0,0,0
-4.7,12,.0000716130604133,.0000343288565432,10,.0000639874411945,.0000300000137372,2,7.62561921874e-06,4.32884280599e-06,2,7.62561921874e-06,4.32884280599e-06,0,0,0
-4.6,14,.0000669431112783,.0000349238551394,8,.0000311428132136,.000014601065061,6,.0000358002980647,.0000203227900784,6,.0000358002980647,.0000203227900784,0,0,0
-4.5,16,.0000659774364067,.0000326851629779,10,.00004824823327,.0000226208094318,6,.0000177292031367,.0000100643535461,6,.0000177292031367,.0000100643535461,0,0,0
-4.4,14,.0000504047839058,.000025460175948,7,.0000319052610394,.0000149585334839,7,.0000184995228665,.0000105016424641,7,.0000184995228665,.0000105016424641,0,0,0
-4.3,17,.0001033496689615,.0000499911639054,14,.0000878028290572,.0000411656744745,3,.0000155468399043,8.82548943082e-06,3,.0000155468399043,8.82548943082e-06,0,0,0
-4.2,25,.0001111376151357,.0000528031843032,22,.0001040832141825,.0000487986058033,3,7.05440095317e-06,4.00457849992e-06,3,7.05440095317e-06,4.00457849992e-06,0,0,0
-4.1,24,.0001681622912884,.0000882969342229,18,.0001569697683408,.000073594054129,6,.0000111925229476,.0000147028800939,4,.0000111770420972,6.34488208107e-06,2,1.54808503794e-08,8.35799801280e-06
-4,21,.0001379678659532,.0000665526516741,16,.0001190716249084,.0000558258038836,5,.0000188962410448,.0000107268477905,5,.0000188962410448,.0000107268477905,0,0,0
-3.9,15,.0000655081768173,.000030713000001,15,.0000655081768173,.000030713000001,0,0,0,0,0,0,0,0,0
-3.8,10,.0000463373418143,.0000217249030356,10,.0000463373418143,.0000217249030356,0,0,0,0,0,0,0,0,0
-3.7,23,.0001684719165951,.0000836059494702,18,.0001217324540903,.0000570733146503,5,.0000467394625048,.0000265326348199,5,.0000467394625048,.0000265326348199,0,0,0
-3.6,27,.0001517858140687,.0000800852869816,14,.0000615115887967,.0000288392313337,13,.000090274225272,.0000512460556479,13,.000090274225272,.0000512460556479,0,0,0
-3.5,14,.0001160012009223,.0000561425998455,11,.0000982296546681,.000046054209264,3,.0000177715462542,.0000100883905816,3,.0000177715462542,.0000100883905816,0,0,0
-3.4,24,.0000929477079126,.0000447187997565,21,.0000814025885347,.0000381649709311,3,.0000115451193778,6.55382882542e-06,3,.0000115451193778,6.55382882542e-06,0,0,0
-3.3,16,.0001085281837732,.0000563156622206,13,.0000535536000825,.0000251081887086,3,.0000549745836906,.000031207473512,3,.0000549745836906,.000031207473512,0,0,0
-3.2,11,.0000734733647505,.0000348389463056,9,.0000695116485758,.0000325899948734,2,3.96171617467e-06,2.24895143219e-06,2,3.96171617467e-06,2.24895143219e-06,0,0,0
-3.1,32,.0001438075310034,.0000743637237974,18,.0000735781532057,.0000344965450267,14,.0000702293777977,.0000398671787707,14,.0000702293777977,.0000398671787707,0,0,0
-3,15,.0000877977970504,.0000441589738216,10,.0000574861805944,.0000269519485414,5,.0000303116164559,.0000172070252802,5,.0000303116164559,.0000172070252802,0,0,0
-2.9,25,.0001177607004479,.0000568382979509,22,.0001012967731526,.0000474922042031,3,.0000164639272953,9.34609374781e-06,3,.0000164639272953,9.34609374781e-06,0,0,0
-2.8,25,.0000800382033503,.0000393589444343,17,.0000614843361291,.0000288264531605,8,.0000185538672213,.0000105324912738,8,.0000185538672213,.0000105324912738,0,0,0
-2.7,23,.0001815677049422,.0000906482557923,13,.0001274732242678,.0000624131421603,10,.0000540944806744,.000028235113632,10,.0000540944806744,.000028235113632,0,0,0
-2.6,20,.0000974527670223,.0000462453717773,18,.0000918329442356,.0000430551615409,2,5.61982278668e-06,3.19021023643e-06,2,5.61982278668e-06,3.19021023643e-06,0,0,0
-2.5,36,.0003389032809764,.0001721365733829,28,.0002048895111102,.0000960608500691,8,.0001340137698662,.0000760757233138,8,.0001340137698662,.0000760757233138,0,0,0
-2.4,35,.0001645127299525,.0000787341917885,31,.0001482858867803,.0000695226838161,4,.0000162268431723,9.21150797240e-06,4,.0000162268431723,9.21150797240e-06,0,0,0
-2.3,51,.0003220380779112,.0001516513110573,49,.0003152964629862,.0001478242919575,2,6.74161492498e-06,3.82701909984e-06,2,6.74161492498e-06,3.82701909984e-06,0,0,0
-2.2,30,.000176900866677,.0000848724761227,25,.000157332857043,.0000737642848208,5,.000019568009634,.0000111081913019,5,.000019568009634,.0000111081913019,0,0,0
-2.1,39,.0002504571190092,.0001230708257367,28,.0002115640513694,.0000991901605971,11,.0000388930676398,.0000238806651396,10,.0000388897260564,.0000220765688255,1,3.34158345439e-09,1.80409631412e-06
-2,40,.0001719335281667,.0000917607724773,23,.0001285986400603,.0000602924715736,17,.0000433348881064,.0000314683009037,13,.0000433221530329,.0000245927278684,4,1.27350734402e-08,6.87557303536e-06
-1.9,48,.0002305930978537,.0001104270992869,38,.0002071655337659,.0000971279513919,10,.0000234275640878,.0000132991478949,10,.0000234275640878,.0000132991478949,0,0,0
-1.8,33,.0001847455440611,.000089060590085,29,.0001740017693237,.0000829616614055,4,.0000107437747374,6.09892867942e-06,4,.0000107437747374,6.09892867942e-06,0,0,0
-1.7,35,.0001594471702902,.0000793566620132,30,.0001128909109411,.0000529280247292,5,.000046556259349,.000026428637284,5,.000046556259349,.000026428637284,0,0,0
-1.6,22,.0000917951276733,.0000430374321638,22,.0000917951276733,.0000430374321638,0,0,0,0,0,0,0,0,0
-1.5,37,.0001655506655425,.0000824779306186,22,.000116366705015,.0000545576234572,15,.0000491839605274,.0000279203071614,15,.0000491839605274,.0000279203071614,0,0,0
-1.4,36,.0001876715530784,.0001059382246922,30,.0001485006941948,.0000717254096116,6,.0000391708588836,.0000342128150805,4,.0000390411319131,.0000221625164158,2,1.29726970499e-07,.0000120502986647
-1.3,44,.0001947651700767,.0000980447703114,33,.0001483019109401,.0000695301985161,11,.0000464632591366,.0000285145717953,9,.0000464592935714,.0000263735921635,2,3.96556520954e-09,2.14097963180e-06
-1.2,26,.0001165857862588,.0000597978882411,16,.0000646014289032,.0000302878772231,10,.0000519843573556,.0000295100110179,10,.0000519843573556,.0000295100110179,0,0,0
-1.1,32,.000122637673087,.0000576163505457,31,.0001214373082234,.0000569349382431,1,1.20036486351e-06,6.81412302583e-07,1,1.20036486351e-06,6.81412302583e-07,0,0,0
-1,29,.0001802436847811,.00009028498323,20,.000121767465771,.0000570897301486,9,.0000584762190101,.0000331952530814,9,.0000584762190101,.0000331952530814,0,0,0
-.9,27,.0001184850813161,.0000555508090656,27,.0001184850813161,.0000555508090656,0,0,0,0,0,0,0,0,0
-.8,31,.0001967520872768,.0000954828990132,25,.0001639962931677,.0000768883864168,6,.0000327557941091,.0000185945125963,6,.0000327557941091,.0000185945125963,0,0,0
-.7,41,.0002432939787695,.0001172648685497,37,.0002109311377581,.0000988934233419,4,.0000323628410115,.0000183714452078,4,.0000323628410115,.0000183714452078,0,0,0
-.6,34,.0002048173750784,.0001015099600181,26,.0001857672705228,.0000870955396408,8,.0000190501045556,.0000144144203773,6,.0000190434291198,.0000108104016476,2,6.67543575972e-09,3.60401872967e-06
-.5,49,.0002592144185201,.0001325404839463,30,.000135270050464,.0000651040559774,19,.0001239443680561,.0000674364279689,19,.0001239443680561,.0000674364279689,0,0,0
-.4,49,.0003149710452455,.0001706615178705,34,.0002727786736614,.0001278901654018,15,.0000421923715841,.0000427713524687,11,.0000421574761731,.0000239315753561,4,3.48954110052e-08,.0000188397771126
-.3,51,.0002220883558266,.0001081965226604,40,.000180884503834,.0000848062920795,11,.0000412038519926,.0000233902305808,11,.0000412038519926,.0000233902305808,0,0,0
-.2,40,.0001797905509875,.0000865076709999,33,.0001573854389676,.0000737889396021,7,.0000224051120199,.0000127187313979,7,.0000224051120199,.0000127187313979,0,0,0
-.1,44,.0001717738329035,.0000844720597115,35,.0001319348774587,.0000618566410822,9,.0000398389554448,.0000226154186294,9,.0000398389554448,.0000226154186294,0,0,0
0,99,.0004438098529249,.0002236021200019,70,.0003224764597007,.0001563825885285,29,.0001213333932242,.0000672195314735,29,.0001213333932242,.0000672195314735,0,0,0
.1,48,.0002519903001144,.000125423503107,32,.0001462950411337,.0000692103645292,16,.0001056952589806,.0000562131385777,16,.0001056952589806,.0000562131385777,0,0,0
.2,64,.000370598451866,.0001818922496,53,.0003164914751324,.0001511772901495,11,.0000541069767337,.0000307149594505,11,.0000541069767337,.0000307149594505,0,0,0
.3,47,.0003276060736255,.0001565751549606,37,.000297457034435,.0001394604203711,10,.0000301490391905,.0000171147345895,10,.0000301490391905,.0000171147345895,0,0,0
.4,41,.0001875021264186,.000122725613096,25,.0001104356557562,.0000517768970667,16,.0000770664706624,.0000709487160293,10,.0000768482065041,.0000436244956745,6,2.18264158303e-07,.0000273242203548
.5,70,.0003842303315773,.0001944401648188,45,.000299310530977,.0001403294127726,25,.0000849198006003,.0000541107520462,23,.0000849088531254,.0000482002906779,2,1.09474749266e-08,5.91046136833e-06
.6,61,.0003577347768748,.0001790470160614,44,.0003059395962168,.0001470879696654,17,.000051795180658,.000031959046396,15,.0000517880708912,.000029079244996,2,7.10976677532e-09,2.87980140001e-06
.7,80,.0004595595613637,.0002261369443204,62,.0003579896064139,.0001684786298028,18,.0001015699549498,.0000576583145175,18,.0001015699549498,.0000576583145175,0,0,0
.8,67,.0003550601856088,.0001730652671199,56,.0003272930650837,.0001562738340226,11,.0000277671205251,.0000167914330973,10,.0000277650913176,.0000159695053412,1,2.02920746872e-09,8.21927756078e-07
.9,69,.0004734668479265,.0002352021037382,51,.0003873696986147,.0001839420398824,18,.0000860971493117,.0000512600638558,17,.0000860935604123,.0000498063849363,1,3.58889939989e-09,1.45367891946e-06
1,65,.0003589163384277,.0001851731576608,47,.0001874716610359,.0000877697229384,18,.0001714446773917,.0000974034347223,18,.0001714446773917,.0000974034347223,0,0,0
1.1,77,.0002404335616666,.0001215713354554,52,.0001799962908535,.0000833956716804,25,.0000604372708131,.0000381756637751,22,.0000604310214953,.0000350782409839,3,6.24931772997e-09,3.09742279114e-06
1.2,80,.0004230526901718,.000214273400104,55,.0002895632935065,.0001363233321854,25,.0001334893966654,.0000779500679187,23,.0001334833335136,.0000746766166344,2,6.06315175844e-09,3.27345128426e-06
1.3,87,.0003757173451149,.0001892334235265,70,.0003414485465782,.0001612548082051,17,.0000342687985366,.0000279786153214,13,.0000342534479501,.0000196909460328,4,1.53505865796e-08,8.28766928862e-06
1.4,46,.0001548760492959,.0000836076791302,26,.0001024245437975,.0000491017909212,20,.0000524515054984,.000034505888209,17,.0000524422700892,.0000297699549492,3,9.23540921516e-09,4.73593325978e-06
1.5,55,.0003311973250142,.0001592093661884,48,.0003078747237168,.0001455869859797,7,.0000233226012973,.0000136223802087,6,.00002332189149,.0000132391604097,1,7.09807324029e-10,3.83219799005e-07
1.6,89,.000651732001451,.0003206416700436,75,.0006137276600953,.000288253023939,14,.0000380043413557,.0000323886461047,12,.0000378765823825,.0000205211536013,2,1.27758973179e-07,.0000118674925034
1.7,94,.0004521837617895,.0002312290754958,74,.0003506302550704,.0001644957528697,20,.000101553506719,.0000667333226261,18,.0001014603550971,.0000568237424545,2,9.31516219715e-08,9.90958017155e-06
1.8,84,.0003632884828364,.0001863314563764,72,.0002225457481586,.0001060701034419,12,.0001407427346778,.0000802613529345,11,.0001407394727266,.0000789401039469,1,3.26195115363e-09,1.32124898755e-06
1.9,64,.0002996353170337,.0001515463592909,50,.0002444376711424,.000114063567878,14,.0000551976458913,.0000374827914129,11,.0000551862888187,.0000316438224672,3,1.13570726157e-08,5.83896894568e-06
2,68,.0005617131207973,.0002742836506684,53,.0004828777405805,.0002292685406644,15,.0000788353802168,.000045015110004,14,.0000788328597991,.0000436543550677,1,2.52041765236e-09,1.36075493629e-06
2.1,57,.000323797805357,.0001742169313275,39,.0001998318068672,.0000944534369864,18,.0001239659984897,.000079763494341,14,.0001239451116817,.0000687455653861,4,2.08868080609e-08,.000011017928955
2.2,90,.0004581518433993,.0002345179610472,60,.0003215510800487,.0001521580238375,30,.0001366007633505,.0000823599372097,26,.0001365733180592,.0000741595848694,4,2.74452913729e-08,8.20035234028e-06
2.3,66,.0002418578418997,.0001166828550936,60,.0002050819970805,.0000977942768827,6,.0000367758448192,.0000188885782109,6,.0000367758448192,.0000188885782109,0,0,0
2.4,88,.000382784789362,.0002024711391755,69,.0003020341844149,.000142964006784,19,.0000807506049472,.0000595071323914,15,.000080613964542,.0000442031672492,4,1.36640405213e-07,.0000153039651423
2.5,76,.0003242052255814,.0001550537563446,62,.0002830459019378,.0001324414405133,14,.0000411593236436,.0000226123158313,14,.0000411593236436,.0000226123158313,0,0,0
2.6,91,.0003800111806507,.0001901022675668,67,.0002719565644611,.0001269109746715,24,.0001080546161896,.0000631912928952,23,.0001080512842009,.0000618416754037,1,3.33198868496e-09,1.34961749154e-06
2.7,93,.0004418118753051,.0002136184585879,74,.0003874828355492,.0001839745982579,19,.0000543290397559,.00002964386033,19,.0000543290397559,.00002964386033,0,0,0
2.8,107,.0006352597035288,.0003040862578132,92,.0005911162519965,.0002790273022697,15,.0000441434515324,.0000250589555435,15,.0000441434515324,.0000250589555435,0,0,0
2.9,83,.000367298643198,.0001799942628509,66,.0002804183313856,.0001324779207152,17,.0000868803118124,.0000475163421356,17,.0000868803118124,.0000475163421356,0,0,0
3,108,.0005026849937537,.0002455688921259,85,.0004099039944663,.000193843576767,23,.0000927809992874,.0000517253153589,22,.0000927777373363,.0000504040663714,1,3.26195115363e-09,1.32124898755e-06
3.1,124,.0006716485568177,.0003288843347207,103,.0005747398051881,.0002758092001045,21,.0000969087516296,.0000530751346162,21,.0000969087516296,.0000530751346162,0,0,0
3.2,111,.0008447694427218,.0004220916216866,82,.000584975100594,.0002769777941296,29,.0002597943421279,.000145113827557,29,.0002597943421279,.000145113827557,0,0,0
3.3,139,.0006648903505426,.0003298903176301,112,.0005683298591066,.0002682255747004,27,.000096560491436,.0000616647429297,23,.0000965455829487,.0000541648373087,4,1.49084873335e-08,7.49990562099e-06
3.4,164,.000755465495361,.0003824296940991,111,.000534950691133,.0002505342689005,53,.000220514804228,.0001318954251985,50,.0002205013432786,.0001250772561718,3,1.34609494662e-08,6.81816902670e-06
3.5,93,.0004560906856454,.0002152971542273,74,.000392245733849,.000180073836674,19,.0000638449517965,.0000352233175533,19,.0000638449517965,.0000352233175533,0,0,0
3.6,151,.000816437834203,.0004043961471893,110,.00059255054299,.0002825764217675,41,.000223887291213,.0001218197254218,41,.000223887291213,.0001218197254218,0,0,0
3.7,124,.0007091053839808,.0003429968647595,102,.0005955715260484,.0002763190802568,22,.0001135338579324,.0000666777845026,21,.0001135325484256,.0000659707912973,1,1.30950683630e-09,7.06993205313e-07
3.8,107,.0005977351268029,.0002873445130263,92,.0005411436416125,.0002526416793103,15,.0000565914851904,.000034702833716,15,.0000565914851904,.000034702833716,0,0,0
3.9,94,.000627873334538,.0003138764197956,67,.000484995633883,.0002326264510089,27,.0001428777006549,.0000812499687868,25,.0001428730838597,.0000793799420649,2,4.61679516839e-09,1.87002672192e-06
4,132,.0005356388143491,.0002867211745183,98,.0003672902006429,.0001747172139801,34,.0001683486137063,.0001120039605382,29,.0001682522300257,.0000899916180686,5,9.63836805923e-08,.0000220123424697
4.1,143,.0007043065227617,.0003492622937813,103,.0004938004458381,.0002336857516241,40,.0002105060769235,.0001155765421572,39,.000210504048539,.0001147549476741,1,2.02838457142e-09,8.21594483114e-07
4.2,133,.0008074958089184,.000402423137416,104,.000624515821869,.0002931110508939,29,.0001829799870494,.0001093120865221,27,.0001829751031437,.000106675301538,2,4.88390572428e-09,2.63678498413e-06
4.3,118,.0007912060721651,.0003861229711219,87,.0006233966993818,.0002920517792973,31,.0001678093727833,.0000940711918247,29,.0001678033636381,.0000908268982585,2,6.00914518145e-09,3.24429356624e-06
4.4,113,.0006043140613556,.0002926618118124,92,.0005068857955735,.0002386964542325,21,.0000974282657822,.00005396535758,20,.0000974260956355,.0000530863425467,1,2.17014672899e-09,8.79015033206e-07
4.5,180,.0009626134036473,.000490066195681,135,.0007317727286136,.0003450607186153,45,.0002308406750338,.0001450054770658,44,.0002308230362473,.0001378609096037,1,1.76387864315e-08,7.14456746209e-06
4.6,112,.0006592794969502,.0003325943682739,92,.0005374214745189,.0002550669706238,20,.0001218580224314,.0000775273976501,18,.0001217577969328,.0000673243983442,2,1.00225498567e-07,.0000102029993059
4.7,193,.0011560575807354,.000586356302648,145,.0009473342677211,.0004438927894057,48,.0002087233130144,.0001424635132423,43,.0002086841686832,.0001216919644946,5,3.91443311099e-08,.0000207715487477
4.8,130,.0009935215104058,.0004861120962687,110,.0008761262392909,.0004097544181718,20,.0001173952711149,.0000763576780969,19,.0001173768973786,.0000689154207407,1,1.83737363102e-08,7.44225735616e-06
4.9,157,.0011212039136979,.0005467418436922,127,.0009371377091156,.0004406259199641,30,.0001840662045822,.0001061159237281,29,.0001839885511004,.0000989027148819,1,7.76534818669e-08,7.21320884622e-06
5,226,.0008870411509395,.000458277522938,166,.0006302227566266,.0002945485938426,60,.0002568183943129,.0001637289290954,57,.0002567314255089,.0001525400962521,3,8.69688040472e-08,.0000111888328433
5.1,158,.000958848612399,.0004687079769496,129,.0007924438853593,.0003748345500298,29,.0001664047270398,.0000938734269198,28,.0001664025090804,.0000929750453906,1,2.21795937172e-09,8.98381529169e-07
5.2,247,.0010972001945345,.0005347053100877,204,.0009593100284064,.0004465108905265,43,.0001378901661281,.0000881944195612,38,.0001378641912311,.0000834093392541,5,2.59748970111e-08,4.78508030710e-06
5.3,151,.0009039640585229,.0004430790262404,110,.0006926785577548,.000322063243857,41,.0002112855007681,.0001210157823834,41,.0002112855007681,.0001210157823834,0,0,0
5.4,167,.0010039465320777,.0004992763391556,126,.0007524627609428,.000358423801174,41,.0002514837711349,.0001408525379816,38,.0002514785778658,.0001383478086154,3,5.19326914805e-09,2.50472936614e-06
5.5,206,.0014458982288126,.0007271056000206,159,.0012345597413628,.0005829287096333,47,.0002113384874498,.0001441768903874,42,.0002110875079779,.0001206842088664,5,2.50979471872e-07,.000023492681521
5.6,230,.0011425617986497,.0005978959371475,182,.000882875286834,.0004105209280567,48,.0002596865118157,.0001873750090908,39,.0002594560855869,.0001582581600132,9,2.30426228875e-07,.0000291168490776
5.7,234,.0010982680611651,.0005602016421449,181,.0008398574290709,.0003978038365631,53,.0002584106320942,.0001623978055818,51,.0002583861325434,.0001491706776164,2,2.44995508325e-08,.0000132271279654
5.8,150,.0008075558895306,.0003881127687464,120,.00067738860497,.000314531507513,30,.0001301672845606,.0000735812612334,28,.0001301637438473,.0000721470999565,2,3.54071327813e-09,1.43416127685e-06
5.9,148,.0008178164750188,.0004151240590886,115,.0006507052787583,.000306343035902,33,.0001671111962604,.0001087810231866,30,.0001670369987892,.0000966163780731,3,7.41974712781e-08,.0000121646451134
6,247,.0009477154894525,.0004636834864868,195,.0007765501374024,.0003613685531434,52,.0001711653520501,.0001023149333435,50,.0001711605081596,.0001003529218622,2,4.84389051092e-09,1.96201148128e-06
6.1,148,.0010544832940482,.0005372318053105,114,.0008143348427438,.0003932557054327,34,.0002401484513044,.0001439760998778,32,.0002400206923312,.0001321086073744,2,1.27758973179e-07,.0000118674925034
6.2,151,.0010016606556333,.0004896171077746,121,.0007846830591234,.0003737897979192,30,.00021697759651,.0001158273098554,29,.0002169747253902,.0001146643667198,1,2.87111978636e-09,1.16294313557e-06
6.3,260,.0011618368818542,.0005809242232715,197,.0009168767100505,.0004337926313553,63,.0002449601718038,.0001471315919161,56,.000244923725063,.0001377010997885,7,3.64467407366e-08,9.43049212765e-06
6.4,226,.0013675828003858,.0007004011718266,179,.0011561551888803,.0005457937684525,47,.0002114276115055,.000154607403374,41,.0002112008015729,.0001210067828197,6,2.26809932613e-07,.0000336006205544
6.5,183,.0009654805681903,.0004754891138816,144,.0007725983465434,.0003625461415027,39,.0001928822216469,.000112942972379,37,.0001928783083258,.0001113578869365,2,3.91332111160e-09,1.58508544246e-06
6.6,249,.0009637427859644,.0004720509644471,194,.0008150269991916,.0003792488058707,55,.0001487157867729,.0000928021585764,51,.0001487085368126,.0000898655717378,4,7.24996029877e-09,2.93658683859e-06
6.7,208,.0011490467115156,.000566582467485,172,.0010136047731066,.0004733282270593,36,.000135441938409,.0000932542404257,32,.0001353584232788,.0000840128136019,4,8.35151301448e-08,9.24142682379e-06
6.8,197,.001184269731061,.000587490198086,153,.0009551293977665,.0004525207915549,44,.0002291403332945,.0001349694065311,42,.0002291364349958,.0001333904057788,2,3.89829868386e-09,1.57900075237e-06
6.9,190,.0011296291047014,.000568030632536,155,.0009648782074692,.0004535083569408,35,.0001647508972322,.0001145222755952,32,.0001645989124199,.0000938314775851,3,1.51984812291e-07,.00002069079801
7,362,.0016606027073611,.0008202834258668,280,.0012672734446824,.0005905340061076,82,.0003933292626788,.0002297494197592,77,.0003933201984978,.0002260779854169,5,9.06418096136e-09,3.67143434232e-06
7.1,238,.0009662278686992,.0004736716009006,204,.000845262713824,.0003942398696211,34,.0001209651548751,.0000794317312796,31,.000120958761272,.0000768420108272,3,6.39360309140e-09,2.58972045231e-06
7.2,251,.0011249096501069,.0005415011656567,202,.0009565325370318,.0004449940400946,49,.0001683771130752,.0000965071255621,47,.0001683745601895,.0000954730825526,2,2.55288568063e-09,1.03404300944e-06
7.3,254,.0012691319918421,.000635889437973,198,.0009863035824083,.0004568985121693,56,.0002828284094338,.0001789909258036,51,.0002826885497598,.0001643328786258,5,1.39859674064e-07,.0000146580471778
7.4,327,.0015708608526851,.0007655963424043,253,.0013047177921521,.0006082449478697,74,.000266143060533,.0001573513945345,71,.0002661393208427,.00015583663793,3,3.73969022416e-09,1.51475660459e-06
7.5,201,.0011326348536045,.0005480263018001,161,.0009241061973739,.0004295722022505,40,.0002085286562306,.0001184540995496,40,.0002085286562306,.0001184540995496,0,0,0
7.6,269,.0014594462438271,.0007271388704453,216,.0011764923046371,.0005570366535324,53,.00028295393919,.0001701022169129,48,.0002829341691495,.0001602383409534,5,1.97700404936e-08,9.86387595958e-06
7.7,283,.0014723458501552,.000742821983394,217,.0011591181078643,.0005632811407992,66,.0003132277422909,.0001795408425949,61,.0003132168423008,.0001742444592594,5,1.08999901327e-08,5.29638333546e-06
7.8,301,.0015447262867072,.0007756156724668,242,.0012482643323892,.0005922098601445,59,.000296461954318,.0001834058123222,55,.0002964398070731,.0001733641859119,4,2.21472449269e-08,.0000100416264104
7.9,193,.0011337293393261,.000560684286711,158,.0009859718438747,.0004661700239978,35,.0001477574954514,.0000945142627131,31,.000147706145242,.0000853064117052,4,5.13502094179e-08,9.20785100789e-06
8,171,.0007930462271517,.0004167798662991,111,.0005244557516448,.0002485124147995,60,.0002685904755069,.0001682674514996,58,.0002684425901975,.0001545304298816,2,1.47885309332e-07,.000013737021618
8.1,217,.0015983969484542,.0007909609510364,171,.0012434549742579,.0005904975414239,46,.0003549419741963,.0002004634096124,44,.0003549381428343,.0001989115215792,2,3.83136200544e-09,1.55188803319e-06
8.199999999999999,273,.0011134629868818,.0005538000810503,217,.0009613349077995,.0004532828696568,56,.0001521280790823,.0001005172113935,51,.0001520197780565,.0000898809361445,5,1.08301025814e-07,.000010636275249
8.300000000000001,201,.0011069136492932,.0005617161016005,154,.0008455500285436,.0004073499454194,47,.0002613636207496,.0001543661561811,45,.0002612857197164,.000144410803756,2,7.79010331797e-08,9.95535242510e-06
8.4,267,.0013390628160371,.0006613765155237,207,.0011031181336989,.0005248368207447,60,.0002359446823382,.000136539694779,59,.0002359428276009,.0001357884358413,1,1.85473736369e-09,7.51258937726e-07
8.5,228,.0013668374546705,.0006685630629022,191,.0012265664348661,.0005730404874384,37,.0001402710198044,.0000955225754637,34,.0001401386952011,.000082420109095,3,1.32324603275e-07,.0000131024663688
8.6,249,.0016818659073135,.0008292358746047,207,.0014104140053632,.0006682058810412,42,.0002714519019502,.0001610299935635,40,.0002713814531035,.0001517668721078,2,7.04488467562e-08,9.26312145566e-06
8.699999999999999,297,.001605775436382,.000800485389135,249,.0014156524547388,.0006654377980055,48,.0001901229816431,.0001350475911295,40,.0001899409747921,.000107818092431,8,1.82006851035e-07,.0000272294986985
8.800000000000001,279,.001710547908339,.0008841384211564,218,.0013744235380386,.0006540728943492,61,.0003361243703004,.0002300655268073,52,.0003357561857342,.0001880832015786,9,3.68184566168e-07,.0000419823252287
8.9,242,.0014470354801375,.0007262850550376,184,.0011554092415622,.0005453744676345,58,.0002916262385753,.0001809105874031,52,.000291555226454,.000170013969921,6,7.10121212943e-08,.0000108966174821
9,299,.0013470465442679,.0006986452243893,216,.0009821321517052,.0004740878898701,83,.0003649143925627,.0002245573345192,74,.0003646877499932,.0002021411475539,9,2.26642569490e-07,.0000224161869653
9.1,225,.0015075630155323,.0007742711509877,165,.0009890117353848,.0004654217438542,60,.0005185512801476,.0003088494071335,54,.0005183609000028,.0002903094738258,6,1.90380144760e-07,.0000185399333077
9.199999999999999,277,.0016895881739831,.0008437160178416,220,.001263600990681,.0006030552742411,57,.0004259871833021,.0002406607436005,53,.0004259623410139,.0002339565913307,4,2.48422882265e-08,6.70415226978e-06
9.300000000000001,203,.001399020737729,.000692794366671,166,.001170164930727,.0005565785371573,37,.000228855807002,.0001362158295137,32,.0002287878378411,.0001271168754897,5,6.79691609662e-08,9.09895402401e-06
9.4,267,.0014062922273297,.0006840176099274,221,.0010626384220132,.000495739081515,46,.0003436538053165,.0001882785284124,46,.0003436538053165,.0001882785284124,0,0,0
9.5,269,.001521486345048,.0007538280933943,216,.0012241331594964,.0005842725573189,53,.0002973531855516,.0001695555360754,50,.000297269824955,.0001614178028149,3,8.33605965367e-08,8.13773326058e-06
9.6,250,.0015866876090058,.0007886896982825,187,.0012455042141255,.0005898212679654,63,.0003411833948803,.0001988684303171,62,.0003410930547716,.000190476765539,1,9.03401087271e-08,8.39166477817e-06
9.699999999999999,232,.0014172977995628,.00071346216302,167,.0010511879103206,.0005001810987153,65,.0003661098892422,.0002132810643047,63,.0003659789609287,.0002011191729139,2,1.30928313524e-07,.0000121618913909
9.800000000000001,194,.0012327849685203,.0006113298161949,155,.0010410902491458,.0005023632426742,39,.0001916947193745,.0001089665735208,38,.0001916801884363,.0001075553329883,1,1.45309382305e-08,1.41124053243e-06
9.9,260,.0013257917473588,.0006645786082231,207,.0011261456224361,.0005314246929231,53,.0001996461249227,.0001331539153,46,.0001994591515313,.0001136939107766,7,1.86973391436e-07,.0000194600045234
10,162,.0010818838078421,.0005360729359154,121,.0007963445176529,.0003852549078829,41,.0002855392901893,.0001508180280325,41,.0002855392901893,.0001508180280325,0,0,0
10.1,229,.0016068830866427,.0008272629220585,170,.0013474925116839,.000646333395224,59,.0002593905749588,.0001809295268345,52,.0002590744170448,.000147975864536,7,3.16157914071e-07,.0000329536622985
10.2,226,.001304911776888,.000649817476841,172,.0010922612215722,.0005239248158659,54,.0002126505553157,.0001258926609751,50,.0002125667779183,.0001148199640681,4,8.37773974638e-08,.0000110726969069
10.3,212,.0012487812506068,.0006333438106765,148,.0009067449937561,.0004464137642515,64,.0003420362568507,.000186930046425,60,.0003419733052397,.0001808162039652,4,6.29516110351e-08,6.11384245985e-06
10.4,211,.001262253268092,.0006517548088425,158,.0009393979250945,.0004449274708236,53,.0003228553429976,.0002068273380189,44,.0003226357897006,.0001820319700698,9,2.19553296987e-07,.0000247953679491
10.5,224,.0018446206212275,.000904546767174,184,.0014986799624239,.0007201470668292,40,.0003459406588036,.0001843997003448,40,.0003459406588036,.0001843997003448,0,0,0
10.6,206,.0012325227957428,.0006200817031186,153,.0009564605005608,.0004604814980098,53,.0002760622951821,.0001596002051087,47,.0002759995494444,.0001493204918575,6,6.27457377167e-08,.0000102797132513
10.7,227,.0015171044457469,.0007580840197647,184,.0012521082398393,.000602073084508,43,.0002649962059076,.0001560109352567,38,.0002648289232638,.0001402681270974,5,1.67282643737e-07,.0000157428081593
10.8,251,.0015240232831495,.0007937054842273,194,.0011291748734834,.0005536212156301,57,.0003948484096661,.0002400842685972,52,.0003945669685663,.0002138780734811,5,2.81441099759e-07,.0000262061951162
10.9,241,.0014111544306357,.0007286897165955,186,.0011573960119904,.0005564128901483,55,.0002537584186453,.0001722768264472,44,.0002534287964409,.0001290439201966,11,3.29622204420e-07,.0000432329062505
11,194,.0013709513742639,.0007077114825051,140,.0010599622348764,.0005061605248784,54,.0003109891393875,.0002015509576268,47,.000310739154429,.0001749967749447,7,2.49984958511e-07,.000026554182682
11.1,203,.0012438343306442,.0006623362122298,159,.0009881947788131,.0004895774528393,44,.0002556395518312,.0001727587593905,38,.0002552025579234,.0001321665279193,6,4.36993907726e-07,.0000405922314712
11.2,257,.0013044375885833,.0006680900424385,186,.0009889870769939,.000481216988419,71,.0003154505115894,.0001868730540195,64,.000315215085152,.0001646082351385,7,2.35426437456e-07,.000022264818881
11.3,214,.0013944667034469,.0007015301545152,165,.0011140773958687,.000544238554653,49,.0002803893075782,.0001572915998622,47,.0002802982651247,.0001487481965796,2,9.10424535761e-08,8.54340328260e-06
11.4,164,.0010248231845562,.0005138981536277,132,.0008455010246848,.0004084480629274,32,.0001793221598714,.0001054500907003,30,.0001792441929638,.0000981203767196,2,7.79669075968e-08,7.32971398065e-06
11.5,274,.0015700447894869,.0008286844231726,219,.0012967703230515,.0006404841376444,55,.0002732744664353,.0001882002855282,45,.00027277607564,.0001415510876441,10,4.98390795300e-07,.0000466491978841
11.6,263,.0016907375808835,.0008954501431049,194,.0012985027732952,.0006363075171407,69,.0003922348075882,.0002591426259642,60,.0003919489231521,.0002110686107244,9,2.85884436124e-07,.0000480740152398
11.7,193,.0012136866059222,.0006121525022991,158,.0010794011101893,.0005193513508743,35,.0001342854957329,.0000928011514247,31,.0001341792168432,.0000721434276443,4,1.06278889689e-07,.0000206577237805
11.8,232,.0012761954611049,.0006643322624891,162,.0009581090500408,.0004603117803041,70,.0003180864110641,.0002040204821849,63,.0003177689675695,.0001733787770473,7,3.17443494602e-07,.0000306417051377
11.9,216,.0012758256117936,.0006769774265845,148,.0010096241278319,.0004870955872018,68,.0002662014839617,.0001898818393826,47,.0002656906453922,.0001422964775202,21,5.10838569528e-07,.0000475853618624
12,210,.0013429365870685,.000699222324883,157,.0010305880987822,.0004998068971958,53,.0003123484882863,.0001994154276872,47,.0003119487532786,.0001622841650715,6,3.99735007761e-07,.0000371312626157
12.1,383,.001214682230326,.0006226064843791,230,.000880318106498,.000438762106759,153,.000334364123828,.0001838443776201,146,.0003342985741686,.0001697387701221,7,6.55496594226e-08,.000014105607498
12.2,274,.0013872640708925,.000689142839942,190,.0010669337406632,.0005182202553193,84,.0003203303302293,.0001709225846227,83,.0003202730230747,.0001655993398728,1,5.73071545773e-08,5.32324474989e-06
12.3,235,.0012476081232418,.0006445866719957,169,.0009305983435297,.0004523268789001,66,.0003170097797121,.0001922597930957,57,.0003167607723071,.0001686172780069,9,2.49007404918e-07,.0000236425150888
12.4,194,.0012051894299319,.000599120983992,150,.000972108488611,.0004721962830274,44,.0002330809413209,.0001269247009645,41,.0002327299146145,.0001209561024211,3,3.51026706369e-07,5.96859854340e-06
12.5,203,.0012097035340819,.0006043766807124,150,.0008977909737382,.0004365259603389,53,.0003119125603437,.0001678507203735,50,.0003118627967069,.0001630176904257,3,4.97636367669e-08,4.83302994780e-06
12.6,198,.0013683168803367,.0006887940132287,151,.0010366868613119,.0005030853502035,47,.0003316300190248,.0001857086630253,43,.0003314982379834,.0001720330957369,4,1.31781041413e-07,.0000136755672884
12.7,303,.0010683180201632,.0005391018644314,205,.0008076980226566,.0003933069576396,98,.0002606199975066,.0001457949067918,89,.0002605136053866,.0001355236682867,9,1.06392120003e-07,.0000102712385051
12.8,232,.0013111135849967,.0007014988771328,151,.0009462869938943,.0004653620449062,81,.0003648265911024,.0002361368322266,52,.0003644926118795,.0001937034537605,29,3.33979222888e-07,.0000424333784661
12.9,229,.0012168960704422,.0006247628688492,156,.00088982236079,.0004313483405234,73,.0003270737096521,.0001934145283258,65,.0003267877450526,.0001664696684429,8,2.85964599556e-07,.0000269448598829
13,240,.0015552619624142,.0007674773713582,179,.0011973488670307,.0005700772808517,61,.0003579130953835,.0001974000905065,58,.0003578533033988,.0001915931103085,3,5.97919846967e-08,5.80698019803e-06
13.1,254,.0011284305863141,.0005909731416143,182,.0008684633921083,.0004292526027152,72,.0002599671942057,.0001617205388991,60,.0002597375284665,.000136515694682,12,2.29665739204e-07,.0000252048442171
13.2,215,.0013744894244425,.0006801290098792,184,.0011716763481218,.000565575099472,31,.0002028130763208,.0001145539104073,30,.0002027518291925,.0001088646831704,1,6.12471282579e-08,5.68922723687e-06
13.3,218,.0011065941639572,.0005539425830818,165,.0008018031278425,.0003901069822803,53,.0003047910361147,.0001638356008016,53,.0003047910361147,.0001638356008016,0,0,0
13.4,259,.0016049845652653,.0008310550194883,189,.0012767016331505,.0006234259886635,70,.0003282829321147,.0002076290308248,55,.000327923083181,.0001667764542215,15,3.59848933762e-07,.0000408525766034
13.5,343,.0015453545182582,.0008132831199745,213,.001085187709057,.0005289422715391,130,.0004601668092012,.0002843408484354,113,.0004597936876536,.0002488617421212,17,3.73121547631e-07,.0000354791063142
13.6,217,.0011464160665455,.0005684776190211,167,.0009050690157117,.000433548174601,50,.0002413470508338,.0001349294444202,46,.0002413029681989,.0001306584072527,4,4.40826348758e-08,4.27103716749e-06
13.7,316,.0014926450444405,.0007638259698668,216,.0010723517282361,.0005129256442855,100,.0004202933162044,.0002509003255813,91,.0004200859553283,.0002299829026708,9,2.07360876144e-07,.0000209174229104
13.8,257,.0013930375250163,.0007120289575693,190,.00106154646432,.0005094488731223,67,.0003314910606963,.000202580084447,48,.0003313248445238,.00017048708537,19,1.66216172506e-07,.0000320929990769
13.9,239,.0011610608429136,.0006074447692002,165,.0009203499857793,.0004435855470968,74,.0002407108571343,.0001638592221034,60,.0002404897504746,.0001351493831585,14,2.21106659676e-07,.0000287098389449
14,224,.0013382533814522,.0006978300923612,137,.0009197401882926,.0004418486133821,87,.0004185131931596,.0002559814789791,71,.0004181684213229,.000223984119132,16,3.44771836691e-07,.000031997359847
14.1,246,.0012263814360638,.0006223903153582,174,.0009893733344359,.0004763455181283,72,.0002370081016278,.0001460447972299,64,.0002369519166265,.0001297662362179,8,5.61850012765e-08,.0000162785610121
14.2,360,.002019369092876,.0010102994687813,276,.0016263383496806,.0007895705486618,84,.0003930307431954,.0002207289201195,81,.0003929993225995,.0002138572631409,3,3.14205959029e-08,6.87165697855e-06
14.3,365,.0019578329026406,.0010045558751068,241,.001438609200985,.0006930298998729,124,.0005192237016555,.000311525975234,115,.000519028963673,.0002887312812314,9,1.94737982573e-07,.0000227946940026
14.4,298,.001555311065973,.0007821122105724,202,.0013098771422957,.0006307703861772,96,.0002454339236773,.0001513418243952,81,.0002452686033969,.0001278005491829,15,1.65320280424e-07,.0000235412752123
14.5,582,.0012890832659815,.0006810115917344,328,.0009463571755015,.0004604392510901,254,.00034272609048,.0002205723406443,221,.0003423767458779,.0001824335174954,33,3.49344602066e-07,.000038138823149
14.6,250,.0013453992446291,.0006756535517933,173,.0009513807767423,.0004637661190836,77,.0003940184678868,.0002118874327097,76,.0003940030678606,.0002103917866352,1,1.54000261432e-08,1.49564607455e-06
14.7,478,.0016635761420691,.0008196062257455,308,.0013167883979102,.0006264458245537,170,.0003467877441589,.0001931604011918,150,.0003467773695567,.0001926522016498,20,1.03746022467e-08,5.08199542004e-07
14.8,262,.0017733527117585,.0008969263367931,187,.0013349605080748,.0006412796047925,75,.0004383922036837,.0002556467320005,71,.0004382727234997,.0002443097652645,4,1.19480183969e-07,.0000113369667361
14.9,651,.0012697003683269,.0006412041293902,417,.0010131409051315,.0004897546596183,234,.0002565594631954,.0001514494697719,217,.0002564693982485,.0001318203820895,17,9.00649468755e-08,.0000196290876824
15,494,.0012386157202194,.0006563879429451,305,.0009572425159465,.0004656695284218,189,.0002813732042729,.0001907184145233,157,.000280924851376,.0001424194387516,32,4.48352896920e-07,.0000482989757717
15.1,335,.001569518534168,.0008141798254055,232,.0012238246315102,.0005919019824991,103,.0003456939026579,.0002222778429064,72,.0003456154198194,.0001894901165596,31,7.84828385197e-08,.0000327877263469
15.2,259,.0011126417593352,.0005637030065602,166,.0008045955553406,.000386431399515,93,.0003080462039946,.0001772716070452,72,.0003079469926952,.0001678411390333,21,9.92112993703e-08,9.43046801183e-06
15.3,590,.0015497842030328,.0007900992642824,409,.0012992673363712,.0006297483815412,181,.0002505168666616,.0001603508827412,144,.0002502776312676,.0001323853030653,37,2.39235393967e-07,.000027965579676
15.4,534,.0017215521472653,.0008824738369593,322,.0010745961596372,.0005167397560304,212,.0006469559876281,.0003657340809289,194,.0006468253997438,.00035196475404,18,1.30587884242e-07,.0000137693268889
15.5,684,.0016124953557777,.0008223081687762,420,.0013921571894109,.0006680545093558,264,.0002203381663668,.0001542536594203,229,.0002200698829089,.0001140335508611,35,2.68283457908e-07,.0000402201085592
15.6,685,.0016787248125796,.0008418974609814,381,.0012928715730167,.0006204961371457,304,.0003858532395629,.0002214013238357,284,.0003852092999352,.0001998153027745,20,6.43939627620e-07,.0000215860210613
15.7,404,.0018840183005613,.0009744294793981,262,.0015311420276349,.0007355663743036,142,.0003528762729264,.0002388631050945,106,.0003524601071518,.0001991604890943,36,4.16165774522e-07,.0000397026160002
15.8,539,.0020534593277947,.0010422599923268,362,.0016869783583582,.0008116910020668,177,.0003664809694366,.00023056899026,159,.000366163212302,.0001890493212149,18,3.17757134577e-07,.0000415196690451
15.9,838,.0020855453676417,.0010462245778105,516,.0016903760652029,.000807064778374,322,.0003951693024387,.0002391597994365,256,.0003950519215934,.0002279014462188,66,1.17380845349e-07,.0000112583532177
16,2378,.0020378850540742,.0010307178376654,1467,.0016293139969279,.0007799133719211,911,.0004085710571463,.0002508044657443,847,.0004084750630566,.0002206906186999,64,9.59940896260e-08,.0000301138470444
16.1,769,.0018165694440325,.0009373782269604,469,.001429201265351,.0006889130670595,300,.0003873681786816,.0002484651599008,219,.0003871753379032,.0002124392766687,81,1.92840778332e-07,.0000360258832321
16.2,353,.0014542984643905,.0007448191056749,206,.0011556727596207,.0005567266255624,147,.0002986257047698,.0001880924801125,100,.0002983355779325,.0001597554190496,47,2.90126837374e-07,.000028337061063
16.3,739,.0019200055934116,.0009474743843918,442,.0014636231205301,.0007032052415714,297,.0004563824728815,.0002442691428204,258,.0004563642108657,.0002433745786159,39,1.82620157954e-08,8.94564204490e-07
16.4,565,.0016487231328593,.000847004192944,351,.0012418317364991,.0005975325562035,214,.0004068913963603,.0002494716367405,178,.0004067085417097,.0002264633882687,36,1.82854650602e-07,.0000230082484718
16.5,1117,.0019309471994728,.0009987725897682,606,.0014313690923742,.0006895068459203,511,.0004995781070986,.0003092657438479,423,.0004992730243307,.0002722007484928,88,3.05082767854e-07,.0000370649953552
16.6,1128,.0019458570711281,.0010026258450431,699,.0014678347930732,.0007058215164379,429,.0004780222780549,.0002968043286051,409,.0004761445907944,.0002561963054903,20,1.87768726048e-06,.0000406080231148
16.7,2648,.0022189290643264,.0011117987577548,1681,.0017634870975785,.0008430170899233,967,.0004554419667479,.0002687816678315,920,.0004551821240955,.0002410378482502,47,2.59842652464e-07,.0000277438195813
16.8,909,.0019491801525246,.0009789347461178,568,.0016256683001756,.0007813056743433,341,.000323511852349,.0001976290717745,287,.0003232386074945,.0001681388008186,54,2.73244854500e-07,.0000294902709559
16.9,2589,.0020342832647714,.0010226922534263,1630,.0015488943517852,.0007392116191465,959,.0004853889129862,.0002834806342799,927,.0004850690163456,.0002515364485823,32,3.19896640618e-07,.0000319441856975
17,1463,.001772892365284,.0009130623136411,818,.0012893913969734,.0006173895579558,645,.0004835009683106,.0002956727556853,578,.0004831625156729,.0002590867623531,67,3.38452637666e-07,.0000365859933322
17.1,3229,.0020297183635167,.0010168840293702,2055,.0016106717590454,.000765725596647,1174,.0004190466044714,.0002511584327232,1062,.0004188935130141,.0002212829246175,112,1.53091457301e-07,.0000298755081056
17.2,2228,.0014154599299104,.0006973452062109,1399,.0011980720909612,.0005683207264329,829,.0002173878389492,.000129024479778,716,.00021730755872,.0001200794228429,113,8.02802292057e-08,8.94505693516e-06
17.3,1166,.0022332967877125,.0013594210720322,644,.0014975337894539,.000803482356348,522,.0007357629982586,.0005559387156843,394,.0007208118635091,.0004181551571719,128,.0000149511347495,.0001377835585123
17.4,4570,.0021086849518226,.0010593812252273,2920,.0018177432035524,.0008703716772231,1650,.0002909417482701,.0001890095480042,1521,.0002906194353391,.0001502365147965,129,3.22312930984e-07,.0000387730332077
17.5,2897,.0018378200811835,.0009560744845848,1774,.001405305313721,.0006842295207805,1123,.0004325147674626,.0002718449638043,970,.0004320685580788,.0002301885258933,153,4.46209383794e-07,.000041656437911
17.6,1480,.0016049261799367,.0008147479898096,903,.0012381760878408,.0005871242770464,577,.0003667500920959,.0002276237127631,470,.0003666311101607,.0002010767901516,107,1.18981935224e-07,.0000265469226115
17.7,863,.001650417751422,.0008304714569525,495,.0013081839775233,.0006325263953864,368,.0003422337738987,.0001979450615661,279,.0003421118699389,.0001874943667153,89,1.21903959732e-07,.0000104506948508
17.8,1171,.0022600418556758,.001136751475868,731,.0017940434106198,.0008573839861853,440,.0004659984450559,.0002793674896827,356,.0004658092142353,.0002537289989971,84,1.89230820596e-07,.0000256384906856
17.9,4491,.0017793948459606,.0008907234705492,2779,.0013512450451827,.000650105755697,1712,.0004281498007779,.0002406177148522,1523,.0004279530989495,.0002210036520581,189,1.96701828390e-07,.0000196140627942
18,7095,.0021488659305232,.0012431902894083,4468,.001476661982557,.0007800101024613,2627,.0006722039479662,.000463180186947,2499,.0006573377154147,.0003474119706359,128,.0000148662325516,.0001157682163111
18.1,4111,.002669454779578,.001402217646957,2479,.0019436644719989,.0009324530962759,1632,.0007257903075791,.0004697645506811,1469,.0007215117231449,.00040079417327,163,4.27858443414e-06,.000068970377411
18.2,6422,.0020939477123041,.0011528709947283,4032,.0015229689436067,.000769088282182,2390,.0005709787686974,.0003837827125462,2176,.000560688519146,.000298441679044,214,.0000102902495514,.0000853410335022
18.3,2561,.0017273412656941,.000872469357562,1511,.0013414549450099,.0006408939653375,1050,.0003858863206842,.0002315753922245,891,.0003856183773008,.0002085611689663,159,2.67943383404e-07,.0000230142232582
18.4,5471,.0021135556533024,.0010710301995324,3318,.001745368148985,.0008444086541481,2153,.0003681875043175,.0002266215453842,1846,.0003664630360563,.0001897856509483,307,1.72446826121e-06,.0000368358944359
18.5,5490,.0026790885351181,.0014567228659045,3253,.0019890658855618,.0009626923231837,2237,.0006900226495563,.0004940305427208,2001,.0006739476088949,.0003585489717102,236,.0000160750406613,.0001354815710106
18.6,10676,.0021590603309353,.0012597261132915,6599,.0016017432120687,.000798982945025,4077,.0005573171188666,.0004607431682665,3763,.0005336933841595,.0002802964239945,314,.000023623734707,.000180446744272
18.7,8703,.0018767429064328,.0009890626701896,5237,.001405435304046,.0006944297065479,3466,.0004713076023868,.0002946329636417,3216,.0004691170142336,.0002409632580259,250,2.19058815323e-06,.0000536697056158
18.8,2540,.0025280706495294,.0013205388142494,1375,.0019351541541565,.0009258910401505,1165,.000592916495373,.0003946477740989,937,.0005854253005355,.0003208990485327,228,7.49119483745e-06,.0000737487255662
18.9,2830,.0021533456077475,.0012027521107441,1750,.0016980780314269,.0008343269940794,1080,.0004552675763206,.0003684251166646,948,.0004440450531685,.0002397831089503,132,.0000112225231521,.0001286420077143
19,11312,.002908895675057,.0015107951075904,7058,.0019935668677926,.0009726799071864,4254,.0009153288072644,.000538115200404,3975,.0009103189658701,.0004964071068009,279,5.00984139426e-06,.0000417080936032
19.1,2909,.0021471888691414,.0012857443937712,1583,.0015475835907904,.0007593207488109,1326,.0005996052783509,.0005264236449603,1051,.0005722986602142,.0003010820227085,275,.0000273066181367,.0002253416222519
19.2,4971,.0031231709034443,.0017623885001039,3036,.0023444917051424,.0011656970567288,1935,.0007786791983019,.0005966914433752,1606,.0007628794900212,.000431382202569,329,.0000157997082807,.0001653092408062
19.3,6008,.0028972106991029,.0014617807454173,3745,.0024348170610566,.0011705886990277,2263,.0004623936380462,.0002911920463896,2048,.0004593298136871,.000241140485027,215,3.06382435910e-06,.0000500515613625
19.4,5261,.0025462466293729,.0012562688117163,3192,.0021629156084383,.001033939262474,2069,.0003833310209346,.0002223295492423,1763,.000382150298883,.0001963020674516,306,1.18072205163e-06,.0000260274817907
19.5,8068,.0027836261674586,.0015603526059642,5054,.0020272811443887,.0009900266872229,3014,.00075634502307,.0005703259187413,2659,.000736762934983,.0003932265295108,355,.0000195820880869,.0001770993892305
19.6,14278,.0029032124004822,.0015188201236259,8781,.0021272942951748,.001056628648324,5497,.0007759181053074,.0004621914753019,4988,.0007682082681784,.0003848673683198,509,7.70983712902e-06,.000077324106982
19.7,8283,.0023389277487941,.0013098082402238,5023,.0017230213801879,.0008433905315408,3260,.0006159063686063,.0004664177086829,2898,.0005995389115325,.0003281403724582,362,.0000163674570737,.0001382773362247
19.8,12284,.0025280359873508,.0015958863688985,7607,.0017982741086643,.0008812454936424,4677,.0007297618786865,.000714640875256,4069,.0006917228920612,.000382282774346,608,.0000380389866253,.00033235810091
19.9,9932,.0028442138248454,.0015029253062219,6125,.0019586502025043,.0009850985493946,3807,.0008855636223411,.0005178267568273,3458,.0008845248359508,.0004742241092067,349,1.03878639033e-06,.0000436026476206
20,10463,.0024080137573201,.0012146676765704,6306,.0019870582959569,.0009724159038201,4157,.0004209554613632,.0002422517727503,3658,.0004187575521291,.0002044392219588,499,2.19790923417e-06,.0000378125507915
20.1,5112,.0021095150330282,.0010763438558034,2929,.0015030544085223,.0007323449357407,2183,.000606460624506,.0003439989200627,1697,.0006060792001068,.0003121993354965,486,3.81424399173e-07,.0000317995845662
20.2,12910,.0023324239725325,.0011494423723781,8015,.0018351792110344,.0008911915972111,4895,.0004972447614981,.0002582507751671,4384,.0004969334832376,.0002380403219441,511,3.11278260484e-07,.000020210453223
20.3,7531,.001968875307785,.0010707204402708,4497,.0014202815109058,.0007178520922132,3034,.0005485937968792,.0003528683480576,2585,.0005417595197035,.0002827726303354,449,6.83427717574e-06,.0000700957177222
20.4,17982,.0034347055270535,.0017571698825637,11443,.0025832745530731,.0012612100105902,6539,.0008514309739804,.0004959598719735,5964,.0008483353369234,.0004115005124515,575,3.09563705703e-06,.0000844593595221
20.5,9694,.0025812569002375,.0014871600367864,5641,.0019939667933193,.0010405654008756,4053,.0005872901069182,.0004465946359108,3540,.0005717299819314,.0002915295486164,513,.0000155601249868,.0001550650872943
20.6,18539,.0021547702425665,.0012282063045721,11558,.0014377029497052,.000723984507681,6981,.0007170672928612,.0005042217968911,6328,.0006987426944738,.0003431411127131,653,.0000183245983874,.0001610806841781
20.7,14819,.0037529724023158,.0019938036420342,8903,.0027988713835031,.0013958885267137,5916,.0009541010188127,.0005979151153205,5127,.0009393235958099,.0004654642080252,789,.0000147774230028,.0001324509072953
20.8,15806,.0029720131688022,.001506113181017,9727,.0022048488593392,.0011112207193275,6079,.000767164309463,.0003948924616896,5339,.0007637201978188,.0003467335993527,740,3.44411164419e-06,.0000481588623369
20.9,16202,.0021390495488282,.001099410520404,9978,.0013825750325488,.0006828652251908,6224,.0007564745162794,.0004165452952132,5621,.0007559542923146,.0003743013911699,603,5.20223964869e-07,.0000422439040433
21,11799,.0019020690806455,.0011400183462136,6929,.0013267757480387,.0006883063633006,4870,.0005752933326068,.000451711982913,4134,.0005561332029209,.0002656311784182,736,.0000191601296859,.0001860808044948
21.1,23083,.0030752971175877,.0016900195202368,14476,.0022407283321557,.001119660208834,8607,.0008345687854319,.0005703593114028,7856,.0008157909922454,.0003875542274052,751,.0000187777931866,.0001828050839976
21.2,10465,.0018086218897826,.0009828591818365,5922,.0013353579625366,.0006764228121883,4543,.0004732639272461,.0003064363696482,3684,.0004676675458702,.0002304806613789,859,5.59638137582e-06,.0000759557082693
21.3,18222,.0031141247360266,.0017961573513327,10914,.0021004948660769,.0010657376329629,7308,.0010136298699497,.0007304197183697,6378,.000982395073919,.0004743716945214,930,.0000312347960308,.0002560480238484
21.4,12674,.0023096501717776,.0013156703551854,7504,.0016916898632549,.000844415236507,5170,.0006179603085228,.0004712551186784,4354,.0005987141397439,.0002871391990559,816,.0000192461687789,.0001841159196225
21.5,19991,.0036033823159157,.0018784016166666,12048,.0025518354837014,.0012743820494726,7943,.0010515468322143,.000604019567194,7067,.0010380711298409,.0004783529140855,876,.0000134757023734,.0001256666531085
21.6,22165,.0034878874899546,.0018733788417946,13376,.0024675848103304,.0012489213184304,8789,.0010203026796243,.0006244575233642,7695,.0010063982753723,.0004598956287926,1094,.000013904404252,.0001645618945716
21.7,30868,.0034232613342003,.0018884271306445,19260,.0024307580246468,.0012529934957592,11608,.0009925033095535,.0006354336348853,10547,.0009722501472152,.0004370645352501,1061,.0000202531623383,.0001983690996352
21.8,24443,.0028157959857202,.0014612610038219,14822,.0019988982840706,.0010079224642628,9621,.0008168977016496,.0004533385395591,8380,.0008160693029665,.0003631381746282,1241,8.28398683093e-07,.0000902003649309
21.9,23610,.0028187873494031,.0015948024953003,14243,.00181719327668,.0009249956256681,9367,.0010015940727231,.0006698068696321,8164,.0009807462535588,.0004575770908711,1203,.0000208478191643,.000212229778761
22,29532,.0035311995426353,.0021175557854223,18500,.0024625884581471,.0012859563873433,11032,.0010686110844882,.000831599398079,10040,.0010274977352442,.0004786051070866,992,.000041113349244,.0003529942909923
22.1,30146,.0037089040145341,.0020813669123863,18517,.0025823578261981,.0013140708107678,11629,.001126546188336,.0007672961016185,10308,.0010958124594567,.0004838670300056,1321,.0000307337288794,.0002834290716128
22.2,27386,.0032369968761749,.0017400601351011,16494,.002146028819098,.0011057186499422,10892,.0010909680570769,.0006343414851588,9570,.001079063896842,.000502733135967,1322,.0000119041602349,.0001316083491918
22.3,22501,.0032501970565813,.0020887472935033,13337,.00204820009954,.0010894606035188,9164,.0012019969570414,.0009992866899845,7775,.0011478669545335,.0005523873081137,1389,.0000541300025079,.0004468993818708
22.4,27104,.0039551821666209,.0021993262460581,16295,.0029063604272924,.0014919599390834,10809,.0010488217393285,.0007073663069747,9204,.0010245234089236,.0004654184956812,1605,.0000242983304049,.0002419478112935
22.5,26277,.0032014697946375,.0018284333799959,15648,.0021237090081778,.0010926843851236,10629,.0010777607864598,.0007357489948723,9250,.0010485573809559,.000463705768299,1379,.0000292034055039,.0002720432265733
22.6,26210,.0033165794208466,.0019266179669792,15799,.0021647884673845,.0011381962732946,10411,.0011517909534621,.0007884216936845,9078,.0011190992433554,.0004901621362106,1333,.0000326917101067,.0002982595574739
22.7,28791,.0033081627716039,.0019237897318936,17434,.0019976043599399,.0010913420587564,11357,.001310558411664,.0008324476731372,9809,.001284319110989,.0005877771492966,1548,.0000262393006749,.0002446705238406
22.8,31896,.0037619731012827,.00241381977588,19569,.002517500942966,.0013477788538053,12327,.0012444721583167,.0010660409220747,10683,.0011805966299544,.000545709469675,1644,.0000638755283623,.0005203314523997
22.9,26061,.0031337517862172,.0020539649538024,15806,.0021442271409872,.0011999362777852,10255,.00098952464523,.0008540286760172,8743,.0009406644564132,.0004360210681896,1512,.0000488601888168,.0004180076078276
23,35613,.0044552090998027,.002397333117522,21866,.0030664655991749,.0016025789314535,13747,.0013887435006278,.0007947541860685,12136,.001375851656233,.0006552751631441,1611,.0000128918443948,.0001394790229244
23.1,40338,.0044618308947625,.002863969355815,24989,.0028970760102405,.0015033974841253,15349,.001564754884522,.0013605718716898,13825,.0014769260204354,.0006627322152346,1524,.0000878288640866,.0006978396564552
23.2,25405,.003280030507084,.0019062972313947,15112,.002044237380385,.0010808996048721,10293,.001235793126699,.0008253976265227,8733,.0012118663007188,.0005859298151636,1560,.0000239268259802,.000239467811359
23.3,22171,.0028926919422298,.0018518967074158,13077,.0019518562363324,.0010171950571058,9094,.0009408357058973,.00083470165031,7621,.0008898729374749,.0004089878834567,1473,.0000509627684224,.0004257137668533
23.4,31221,.0031758861172186,.0019848709495976,19346,.0021758782159783,.0011972185785808,11875,.0010000079012403,.0007876523710168,10453,.0009695999231762,.0004456054045298,1422,.0000304079780641,.000342046966487
23.5,31821,.0034590614788228,.0020513019400224,19408,.0023789932573092,.0012632864781471,12413,.0010800682215136,.0007880154618753,10612,.0010501435219028,.0004788329946253,1801,.0000299246996108,.0003091824672501
23.6,32377,.0038179110865993,.0024070371206953,19281,.0022851573282984,.0012475448563643,13096,.0015327537583009,.001159492264331,11152,.0014849491339262,.0006895553676532,1944,.0000478046243747,.0004699368966777
23.7,33325,.0038472316907248,.002642641988193,20485,.002580371403713,.0014244508401164,12840,.0012668602870118,.0012181911480766,11304,.0011803283334246,.0005340140359787,1536,.0000865319535872,.0006841771120979
23.8,40284,.0041048149088484,.0025746633526808,24467,.0027279947094904,.0014417696023587,15817,.001376820199358,.0011328937503221,13695,.0013113495283414,.0005818350722915,2122,.0000654706710166,.0005510586780306
23.9,32739,.004596401615963,.0030749172426434,20406,.0030604965424068,.0016075774839114,12333,.0015359050735562,.001467339758732,10913,.00144131406097,.000702140630466,1420,.0000945910125862,.000765199128266
24,31606,.0040697831880308,.0026769309853975,19179,.0027131458448397,.0014878747768166,12427,.0013566373431911,.0011890562085809,10653,.0012836823012385,.0005908603553952,1774,.0000729550419526,.0005981958531857
24.1,27648,.0039232604831289,.0024572696426831,17061,.0026176759675229,.0014349321148238,10587,.001305584515606,.0010223375278592,8902,.00125691569117,.0005870266156072,1685,.000048668824436,.000435310912252
24.2,42307,.0049863573435766,.003166168893962,26153,.0033977774856641,.0018199140732855,16154,.0015885798579125,.0013462548206765,14116,.0015071902453443,.0006725748970081,2038,.0000813896125683,.0006736799236683
24.3,42046,.0048689373895764,.0035618965586054,25984,.0029296429088625,.0016107299407568,16062,.0019392944807139,.0019511666178486,13876,.0018115076911371,.0009413507692875,2186,.0001277867895768,.0010098158485611
24.4,31307,.0042887376752527,.0027717833859676,18509,.0025697897389939,.0014525724595243,12798,.0017189479362589,.0013192109264432,10680,.0016621468559518,.0008124582446428,2118,.0000568010803071,.0005067526818004
24.5,32154,.0037657040500839,.002698705911867,19098,.0025285371403132,.0014111675466379,13056,.0012371669097707,.001287538365229,11038,.0011474989363329,.000549904070836,2018,.0000896679734378,.0007376342943931
24.6,48047,.0057277848440487,.003678633542803,30325,.0037743970849203,.0020988233040021,17722,.0019533877591283,.0015798102388008,15885,.0018601736128027,.0008280016586085,1837,.0000932141463257,.0007518085801923
24.7,40918,.0042274101718557,.0028968627554565,25496,.0026554283148145,.0015423962397403,15422,.0015719818570412,.0013544665157162,13067,.0014940115657209,.0007106851613895,2355,.0000779702913203,.0006437813543267
24.8,36874,.0035120093117106,.0030139292081615,22429,.0021601513813037,.0014265217906163,14445,.001351857930407,.0015874074175452,12470,.0012278499060496,.0005936884982208,1975,.0001240080243573,.0009937189193244
24.9,42579,.0043527542301543,.0025506411810348,26386,.0028338817980723,.0015500174996208,16193,.0015188724320819,.001000623681414,13879,.0014776211852405,.0006268467379438,2314,.0000412512468414,.0003737769434702
25,35328,.0037902234612537,.0024931945761263,21966,.0024144456423854,.0013223024592504,13362,.0013757778188683,.0011708921168759,11206,.0013173786665266,.0006651723457386,2156,.0000583991523417,.0005057197711373
25.1,48745,.0050474316812465,.0030748711756748,30708,.003175947305094,.0017267360229696,18037,.0018714843761525,.0013481351527052,15979,.0018158024817798,.000862391716439,2058,.0000556818943727,.0004857434362662
25.2,33431,.0039830348604466,.0027379958607751,20452,.0026860704799817,.0014476208816697,12979,.0012969643804649,.0012903749791054,10729,.0012080953330167,.0005631470703558,2250,.0000888690474482,.0007272279087497
25.3,49997,.0052131520770703,.0036017125926971,31507,.0033958911877413,.0018890640205865,18490,.001817260889329,.0017126485721106,16373,.0017044187696827,.0008056905034958,2117,.0001128421196463,.0009069580686147
25.4,46105,.0038388910821762,.0033240511276256,29212,.0024277315140934,.0015513854572088,16893,.0014111595680828,.0017726656704168,14546,.0012667364481835,.0006161512215799,2347,.0001444231198993,.0011565144488369
25.5,45045,.0039489536526456,.0030070064005596,28178,.0023849064564452,.0014050039548038,16867,.0015640471962005,.0016020024457558,14755,.0014488982738202,.0006808627859543,2112,.0001151489223802,.0009211396598015
25.6,51382,.0043217888274983,.0030952063054065,32087,.0027841174879268,.0017002350364136,19295,.0015376713395714,.0013949712689929,16817,.0014500124126726,.000658509189986,2478,.0000876589268988,.0007364620790069
25.7,55417,.0056495530164089,.0043521618257746,35053,.0035732775447176,.0021098257946141,20364,.0020762754716913,.0022423360311605,18351,.0019165594501593,.0009764692374252,2013,.0001597160215319,.0012658667937353
25.8,44948,.0040490013605754,.0028282030520135,28663,.0026102655746468,.0014910720561945,16285,.0014387357859286,.0013371309958191,14167,.0013497130116549,.0006042919095269,2118,.0000890227742737,.0007328390862922
25.9,65170,.0062211988478429,.003603782964598,42378,.0039850623869713,.002201330823249,22792,.0022361364608716,.0014024521413489,20622,.0021918318542926,.0010080749232166,2170,.000044304606579,.0003943772181323
26,42034,.0036061926554107,.0024154270938982,26520,.002410059311333,.0012697559643412,15514,.0011961333440777,.001145671129557,13252,.0011153383452644,.0004782505602423,2262,.0000807949988132,.0006674205693147
26.1,61417,.0050909318573337,.0035586264683791,40068,.0032106191521615,.001807422683266,21349,.0018803127051722,.0017512037851131,18955,.0017687408112264,.0008515762478473,2394,.0001115718939459,.0008996275372658
26.2,65261,.0061960523987244,.004035162753368,41459,.0042171677116182,.0023003030382203,23802,.0019788846871063,.0017348597151478,21076,.0018663941641435,.000812707835691,2726,.0001124905229628,.0009221518794568
26.3,56577,.0045624449579612,.0033777812289764,36009,.0029240777234242,.0017476405212288,20568,.001638367234537,.0016301407077476,18014,.0015265463948217,.000714728510694,2554,.0001118208397153,.0009154121970536
26.4,71149,.0066366330252342,.0056949583659721,46025,.0039574482959837,.0024059064518219,25124,.0026791847292505,.0032890519141502,22497,.0024128954657645,.0011684521119328,2627,.000266289263486,.0021205998022173
26.5,80232,.0063639469704409,.0044838926425126,52245,.0040354780619367,.0021892764564547,27987,.0023284689085041,.0022946161860579,25305,.002163953200404,.0009806580088967,2682,.0001645157081002,.0013139581771612
26.6,64199,.0045548018948073,.002851867411762,41579,.0029274942998895,.0015675078471822,22620,.0016273075949179,.0012843595645798,19972,.001557889446665,.0006956593422123,2648,.0000694181482528,.0005887002223675
26.7,73556,.0057791731652346,.0042113711712948,47898,.0037658565043263,.0021858586392707,25658,.0020133166609083,.002025512532024,22961,.0018644331443109,.0008363890413994,2697,.0001488835165974,.0011891234906246
26.8,72377,.0061473775205324,.0045596579076297,46984,.0038830161650815,.0022193257789291,25393,.0022643613554509,.0023403321287006,22786,.0020906207290143,.0009723902275674,2607,.0001737406264366,.0013679419011332
26.9,74523,.0062732833494642,.0044632033107206,48376,.0040579516601502,.0021563625884533,26147,.002215331689314,.0023068407222673,23437,.002043868753986,.0009558350910718,2710,.000171462935328,.0013510056311955
27,58925,.0044744231514453,.0032723714583697,37949,.0028266799549058,.0016102927106389,20976,.0016477431965395,.0016620787477307,18384,.0015308684371374,.0007066405433654,2592,.0001168747594021,.0009554382043654
27.1,84847,.0060568088635245,.0048838012480233,56067,.0039639107127565,.0022147003303988,28780,.002092898150768,.0026691009176245,26009,.0018619647076046,.0008470531489296,2771,.0002309334431635,.0018220477686949
27.2,50867,.0041817111430158,.0034298248327391,32505,.0026793654988193,.0015689858315859,18362,.0015023456441966,.0018608390011532,15630,.001358270652728,.0006924813286293,2732,.0001440749914685,.0011683576725239
27.3,74368,.0060481604539625,.0040052234667627,48435,.003869017968538,.0021448753906191,25933,.0021791424854245,.0018603480761436,22974,.0020820621213815,.0010382152887052,2959,.0000970803640429,.0008221327874384
27.4,77640,.0064911060534146,.0046839930669456,51967,.0041252128202934,.0023041681721785,25673,.0023658932331211,.0023798248947671,23408,.0022051116078254,.0011077969489544,2265,.0001607816252957,.0012720279458127
27.5,69502,.0059946313185872,.0044701364842177,45419,.0039002340424233,.0022869418818618,24083,.0020943972761638,.0021831946023559,21661,.0019441837425385,.0009995988099805,2422,.0001502135336254,.0011835957923754
27.6,67237,.0057348101527988,.0061448420481672,44342,.0036197049840101,.002519786247026,22895,.0021151051687887,.0036250558011412,20356,.0017558772465264,.0008710111128696,2539,.0003592279222623,.0027540446882716
27.7,69177,.0053301492268227,.0046967736175157,45799,.0034532399771485,.0020677258347603,23378,.0018769092496742,.0026290477827555,21057,.0016397302984508,.0007911576644178,2321,.0002371789512234,.0018378901183377
27.8,79740,.0055732923782751,.0052842504461689,52176,.0034660792330192,.0020631114874575,27564,.0021072131452559,.0032211389587114,24269,.0017903915845291,.0007814307955296,3295,.0003168215607268,.0024397081631817
27.9,68811,.0051798392981208,.0045341940235626,45325,.0032722600149905,.0020270135887586,23486,.0019075792831304,.002507180434804,20546,.001695306763543,.0008506008879663,2940,.0002122725195873,.0016565795468377
28,70438,.0053390598458558,.0054990780224217,45874,.0031808924344799,.0019554911039839,24564,.0021581674113759,.0035435869184378,21647,.0018240760977201,.0009876001747632,2917,.0003340913136558,.0025559867436746
28.1,81148,.006774122845315,.0062123906622871,53510,.0040933221239162,.0027727043636038,27638,.0026808007213988,.0034396862986833,24716,.0024081255780904,.0013308769872519,2922,.0002726751433083,.0021088093114314
28.2,70737,.0048086040084522,.0054759679472636,47106,.0028649823287427,.0019750022257167,23631,.0019436216797095,.003500965721547,20936,.0015981276927495,.0008620160185855,2695,.00034549398696,.0026389497029614
28.3,66642,.0052598981144698,.0052249544461783,43860,.0032462567670745,.0021241140318173,22782,.0020136413473954,.003100840414361,20092,.0017376331182597,.0009796574179954,2690,.0002760082291357,.0021211829963655
28.4,65273,.0044743095608823,.0038075055389181,43448,.002772099551023,.0016982755482653,21825,.0017022100098593,.0021092299906528,18864,.0015326660961879,.0007603809419798,2961,.0001695439136715,.0013488490486729
28.5,69130,.0053507986209288,.0045179087265381,45265,.0033764688126531,.0020508654527647,23865,.0019743298082757,.0024670432737733,21113,.0017739181438425,.000882471599533,2752,.0002004116644332,.0015845716742403
28.6,60948,.0059197152208592,.0060378310470759,40170,.0036640272713301,.0025057079451228,20778,.0022556879495291,.0035321231019531,18414,.0019492357002263,.0011156171175161,2364,.0003064522493029,.002416505984437
28.7,86565,.0061045028958203,.0048200175910678,58714,.0038009585978031,.002178896506681,27851,.0023035442980172,.0026411210843868,24985,.0021111212403989,.0011444960753517,2866,.0001924230576183,.0014966250090351
28.8,73131,.004910061100815,.0040913809004606,48323,.0032336146656931,.0018963760087101,24808,.0016764464351219,.0021950048917505,21992,.0014906745787565,.0007306844728059,2816,.0001857718563655,.0014643204189446
28.9,68569,.00499219371797,.0054342639677238,45948,.0030597237306478,.0019539600554439,22621,.0019324699873223,.0034803039122799,20118,.0015929393094817,.0008749243976756,2503,.0003395306778406,.0026053795146043
29,77367,.0052437359017716,.0056464920500345,50047,.0032570602134791,.0019998105768887,27320,.0019866756882925,.0036466814731458,24109,.0016157397610748,.0007584820361711,3211,.0003709359272177,.0028881994369747
29.1,55315,.0053086042214849,.0067232078059746,36515,.0029040441789663,.0020281194791872,18800,.0024045600425187,.0046950883267873,16191,.0019617522349384,.0013319877794626,2609,.0004428078075802,.0033631005473247
29.2,87692,.0067969302824797,.0062632575572633,58465,.0040507842330628,.002403510100848,29227,.0027461460494169,.0038597474564153,26140,.0024105034080093,.0012829374250103,3087,.0003356426414076,.002576810031405
29.3,64628,.0040419670948548,.0045607617960773,42558,.0024952874629426,.001556829714911,22070,.0015466796319122,.0030039320811663,19243,.0012456594300088,.0006967952510005,2827,.0003010202019034,.0023071368301658
29.4,61730,.0049951688486124,.0053857964090944,40628,.0030052998757816,.0019674120515182,21102,.0019898689728309,.0034183843575762,18231,.0016802713303564,.0010473357116679,2871,.0003095976424744,.0023710486459083
29.5,55362,.00456365076152,.005050633187423,36466,.0026249165585469,.0018749481384002,18896,.0019387342029731,.0031756850490228,16076,.0016689147844906,.0010998658451014,2820,.0002698194184825,.0020758192039214
29.6,62522,.0044968664934779,.0062488467051318,41030,.0025904433346806,.0019117553777305,21492,.0019064231587973,.0043370913274013,18255,.0014490122773817,.0008477499045693,3237,.0004574108814156,.003489341422832
29.7,66578,.0047110431125046,.004881305837714,44069,.0026961556577428,.0016366998070694,22509,.0020148874547618,.0032446060306445,19592,.0017200480999713,.0009894325445455,2917,.0002948393547905,.002255173486099
29.8,68761,.0048487742180922,.0058196953313049,45487,.0028387050239479,.0017841173610485,23274,.0020100691941443,.0040355779702564,20157,.0016073447623558,.0009696149251449,3117,.0004027244317885,.0030659630451115
29.9,51882,.0037847392531206,.0049626124575573,33414,.0023995522599975,.0017100406919751,18468,.0013851869931231,.0032525717655822,15629,.0010302072081519,.0005317122863163,2839,.0003549797849711,.0027208594792659
30,72116,.0055963008153214,.0077270820744512,47806,.0031682905015139,.0023882218379523,24310,.0024280103138075,.0053388602364988,21202,.0018753351436923,.0011507156830333,3108,.0005526751701152,.0041881445534655
30.1,67221,.0048113577114229,.0068148796328045,44407,.0027857517560838,.0019678127810527,22814,.002025605955339,.0048470668517517,19386,.0014805617072258,.0007002355771157,3428,.0005450442481133,.004146831274636
30.2,53417,.004356438891807,.0067325511522736,34034,.002476025770717,.0016910622413428,19383,.00188041312109,.0050414889109308,16201,.0013214993986211,.0007742055500536,3182,.0005589137224689,.0042672833608772
30.3,65634,.004878392158603,.0070962687606711,43734,.002432664492022,.0016350748681699,21900,.002445727666581,.0054611938925012,19023,.0018908016365338,.0012580870523438,2877,.0005549260300473,.0042031068401573
30.4,62491,.0050459531221509,.0069920897694626,41639,.0028105939070573,.0020600761610159,20852,.0022353592150936,.0049320136084466,17657,.0017238445289083,.0010464650845834,3195,.0005115146861854,.0038855485238632
30.5,47630,.0049211152550283,.008299569674561,30793,.002347643690389,.0020503210105479,16837,.0025734715646394,.0062492486640131,14084,.0019332208187071,.0014191705570918,2753,.0006402507459323,.0048300781069213
30.6,55869,.0060179693993737,.0086606469364587,37113,.0029806427082207,.0020228282582978,18756,.003037326691153,.0066378186781609,15810,.0023929738189427,.0017708408402463,2946,.0006443528722104,.0048669778379147
30.7,48782,.0052423487341278,.0085675089170487,32082,.0027206326263277,.0020808091077487,16700,.0025217161078001,.0064866998092999,14335,.0018279314363639,.00124885699982,2365,.0006937846714362,.0052378428094799
30.8,36260,.0047003153175733,.0080463937214908,22476,.0025922595736857,.0024051441218135,13784,.0021080557438876,.0056412495996773,11164,.0015202231727728,.0011777777184267,2620,.0005878325711149,.0044634718812506
30.9,46939,.0050588327376898,.0079987714098794,30325,.0023440284576929,.001684474000111,16614,.002714804279997,.0063142974097685,13339,.0020566664158947,.0013380516176199,3275,.0006581378641022,.0049762457921486
31,45964,.0044702972628366,.0072915088831437,29828,.0023845500504704,.0019149621704884,16136,.0020857472123661,.0053765467126553,13188,.0015137178524584,.0010357253018257,2948,.0005720293599078,.0043408214108296
31.1,45457,.0041902995082115,.0064225640842776,29752,.002443532653677,.0017713778824854,15705,.0017467668545344,.0046511862017922,12703,.0012365492274093,.0007778838085559,3002,.0005102176271251,.0038733023932362
31.2,40934,.0044446420386039,.0068856555831308,26224,.0022588533820612,.0017545768390096,14710,.0021857886565426,.0051310787441212,11955,.001668676149408,.0012114553288383,2755,.0005171125071346,.003919623415283
31.3,42842,.0047909883574086,.0077809809909736,27566,.0026706521404953,.0019488756246749,15276,.0021203362169133,.0058321053662987,12129,.0014816427136067,.0009933741470979,3147,.0006386935033065,.0048387312192009
31.4,43580,.0056779013214951,.0112519357569858,28031,.0024579457852115,.0022511640548363,15549,.0032199555362835,.0090007717021495,12519,.0022732553967379,.0018555410006114,3030,.0009467001395456,.0071452307015382
31.5,42750,.0054093713241501,.00871933471695,27763,.0027216646550656,.0023935170256192,14987,.0026877066690845,.0063258176913307,12066,.0020657515496068,.0016165095476121,2921,.0006219551194777,.0047093081437186
31.6,34612,.0042153923840396,.0073824551921017,21661,.0020817327023974,.0017355708397206,12951,.0021336596816422,.0056468843523811,10100,.001530073648866,.0010799827755116,2851,.0006035860327761,.0045669015768696
31.7,35803,.0051799417712458,.0095794267830602,22607,.0022375205012646,.001993035137596,13196,.0029424212699813,.0075863916454642,10052,.0021916724995992,.001904876966304,3144,.0007507487703821,.0056815146791602
31.8,33612,.0041601921028594,.0080342234057147,21359,.0020626087856414,.0022340734299398,12253,.0020975833172181,.0058001499757749,9659,.0014743333690143,.0010871907508666,2594,.0006232499482038,.0047129592249084
31.9,34879,.0034370888764204,.0058542273763372,22280,.0018114657613344,.0014582421224478,12599,.001625623115086,.0043959852538895,9964,.0011557914552121,.0008361227862967,2635,.000469831659874,.0035598624675927
32,27233,.0032828841929143,.0060917489070113,16669,.0018348415396505,.0014206366678698,10564,.0014480426532638,.0046711122391415,7950,.0009150268584412,.0006395008122051,2614,.0005330157948226,.0040316114269364
32.1,34031,.004322785626913,.0103759267971998,21247,.001830955025877,.0018832533200898,12784,.002491830601036,.00849267347711,9731,.0015161869222488,.00114334616166,3053,.0009756436787873,.00734932731545
32.2,31211,.0038373356650808,.0073378990639864,19521,.0018105179543971,.0015148638199866,11690,.0020268177106837,.0058230352439998,8962,.0013982643136466,.0010684915542244,2728,.0006285533970371,.0047545436897753
32.3,37363,.0045813500093087,.0077251808248873,23828,.0021704782495704,.0018582837205607,13535,.0024108717597383,.0058668971043265,10376,.0018277554832934,.0014523674973401,3159,.0005831162764449,.0044145296069864
32.4,27125,.0032541850267015,.0070363807741631,16310,.0013956520127218,.0013048804962906,10815,.0018585330139796,.0057315002778726,7847,.0012284043661891,.0009718828077052,2968,.0006301286477906,.0047596174701674
32.5,23232,.0033488817257606,.0071857620875335,13572,.0016023358571402,.0016534011255016,9660,.0017465458686204,.0055323609620319,6573,.0011361406089521,.0009049875155349,3087,.0006104052596683,.004627373446497
32.6,39746,.0043286735713063,.0073405554328243,25649,.0019442531525383,.0017669558267559,14097,.0023844204187681,.0055735996060684,11197,.0018374628929683,.0014379860077186,2900,.0005469575257998,.0041356135983498
32.7,34170,.002665247842432,.0041907896970368,21405,.001536063091241,.0011497060052515,12765,.0011291847511911,.0030410836917852,9850,.0007924859483863,.0004727063320481,2915,.0003366988028047,.0025683773597371
32.8,33920,.0033533256340295,.0053816229525351,21656,.0018881562963149,.0014648728727439,12264,.0014651693377146,.0039167500797913,9351,.0010410116750066,.0006915591081929,2913,.000424157662708,.0032251909715983
32.9,26092,.0034498849020912,.0073284001269535,15727,.0015286786558464,.0017154532477215,10365,.0019212062462448,.0056129468792319,7543,.001315041278142,.0010325728266742,2822,.0006061649681028,.0045803740525577
33,23850,.0035540966746106,.0078333031830713,13508,.0017113934040773,.0017850820031166,10342,.0018427032705333,.0060482211799547,6947,.0011685757681305,.0009527777774336,3395,.0006741275024028,.0050954434025211
33.1,24795,.003541898505919,.0063467998907181,14659,.0014476660963961,.0013863108077666,10136,.0020942324095229,.0049604890829514,7348,.0016174330007546,.0013462203569496,2788,.0004767994087683,.0036142687260018
33.2,23186,.0027723793364861,.0056777342069954,13869,.0016020023431272,.0015926099060685,9317,.0011703769933589,.0040851243009268,6645,.0006944861045776,.0004757240259733,2672,.0004758908887813,.0036094002749535
33.3,19378,.0031236412017947,.0070670838011268,10718,.0016347170218689,.0015748650166222,8660,.0014889241799258,.0054922187845046,5691,.0008537837453624,.0006816170413748,2969,.0006351404345635,.0048106017431297
33.4,20470,.0025627793351637,.005653080309636,11995,.0012807465957698,.0011667843128644,8475,.0012820327393939,.0044862959967715,5813,.0007709088503994,.0006232597499094,2662,.0005111238889944,.0038630362468621
33.5,20961,.0027205358027563,.0059589119381573,12032,.0011738186619837,.0010145644602176,8929,.0015467171407725,.0049443474779397,6320,.0009895431435023,.000737803771877,2609,.0005571739972702,.0042065437060627
33.6,23195,.0039108781772838,.0091560379947307,13661,.0017920864395453,.0021766557917074,9534,.0021187917377385,.0069793822030233,6807,.0013351098819169,.0010724203704829,2727,.0007836818558216,.0059069618325404
33.7,19934,.0025310134669504,.0049667365190293,11504,.0013361834238154,.0011077114059045,8430,.001194830043135,.0038590251131249,5847,.0007613212956006,.0005731272798551,2583,.0004335087475344,.0032858978332697
33.8,17951,.0022881446279551,.0046419750784796,10521,.0010472590964765,.0008977411093223,7430,.0012408855314786,.0037442339691573,5391,.0008377977458036,.000671922810498,2039,.000403087785675,.0030723111586592
33.9,16149,.0023196356237602,.004452624809326,8861,.0010339996621958,.0010424903736228,7288,.0012856359615645,.0034101344357031,5055,.0009277030240592,.0006960299969322,2233,.0003579329375053,.002714104438771
34,19232,.0024752808430314,.0056773930201224,10983,.0009454057437827,.000763449013759,8249,.0015298750992488,.0049139440063634,5626,.0009889844919194,.0008258455850983,2623,.0005408906073294,.0040880984212651
34.1,18752,.0027065657657255,.0056900322962869,10899,.0011199136875745,.0012672020095764,7853,.0015866520781511,.0044228302867105,5557,.0011315557548768,.0009894076614737,2296,.0004550963232743,.0034334226252368
34.2,18776,.0028329179639554,.0073820792095019,10958,.0009442206243977,.001170949592379,7818,.0018886973395577,.0062111296171229,5426,.0012047937515872,.0010430600472052,2392,.0006839035879704,.0051680695699178
34.3,13772,.0018913877513409,.0043682298306263,7478,.0008250061913456,.0009958817720632,6294,.0010663815599953,.0033723480585631,4058,.0006881603225681,.0005141301937021,2236,.0003782212374272,.0028582178648611
34.4,17237,.0019674499844335,.0046937263820694,10008,.0007366788099238,.0006831030763095,7229,.0012307711745097,.0040106233057599,5227,.000774724834304,.0005669897127041,2002,.0004560463402057,.0034436335930558
34.5,15981,.0020770686735019,.0045121954931617,9006,.0007412288161871,.0007531248128519,6975,.0013358398573148,.0037590706803098,4692,.0009465270240682,.0008146419287195,2283,.0003893128332466,.0029444287515903
34.6,15227,.0019040901802921,.0034862055352197,8782,.0009427767728628,.0007759344152297,6445,.0009613134074293,.0027102711199899,4541,.0006670371335097,.000484204775334,1904,.0002942762739196,.002226066344656
34.7,13994,.0025730970679482,.0070103809398939,7853,.0009401431875782,.001131179152651,6141,.0016329538803701,.0058792017872429,4158,.0009594956105281,.0008193217104473,1983,.000673458269842,.0050598800767956
34.8,12752,.0023420751046857,.0054612812322034,7072,.0009005534041939,.0009030625382165,5680,.0014415217004918,.0045582186939869,3766,.0009475492843368,.0008357836493393,1914,.000493972416155,.0037224350446476
34.9,12252,.0022996673358618,.0046802152666894,6657,.0008617101549339,.0009885182685012,5595,.0014379571809279,.0036916969981882,3790,.001076408841222,.0009613585931,1805,.000361548339706,.0027303384050882
35,12087,.0027136552664718,.0066989073024736,6705,.0010053849989385,.0012326996155315,5382,.0017082702675332,.0054662076869421,3561,.0011039006479039,.0009123698140137,1821,.0006043696196293,.0045538378729284
35.1,12350,.0022880674943302,.0052656303035346,7110,.000900111850865,.0008855543229713,5240,.0013879556434651,.0043800759805633,3799,.0009093019482438,.0007834724269376,1441,.0004786536952213,.0035966035536257
35.2,10387,.0022778300003672,.0056960973932502,5665,.0008284002721628,.0009065828593415,4722,.0014494297282044,.0047895145339087,3207,.0009153456704265,.0007756457097923,1515,.0005340840577779,.0040138688241165
35.3,9743,.0017784695647125,.004153891238971,5183,.0009036735788627,.0010449384781904,4560,.0008747959858498,.0031089527607806,2857,.0005187336717154,.0004201547773279,1703,.0003560623141344,.0026887979834527
35.4,9619,.0015793358857678,.0029638087335681,5577,.0007054152009834,.0006524407000329,4042,.0008739206847843,.0023113680335352,2930,.000638669428715,.0005367630159523,1112,.0002352512560693,.0017746050175829
35.5,6785,.0012937930852196,.003075083500819,3618,.0005175936060808,.000524850599802,3167,.0007761994791388,.002550232901017,1995,.0004915904082613,.0004021811656106,1172,.0002846090708775,.0021480517354064
35.6,9140,.0028220045362393,.0066465111678053,4832,.001508479270065,.0026407554783699,4308,.0013135252661743,.0040057556894354,2706,.0008881924246276,.0007972242990767,1602,.0004253328415467,.0032085313903587
35.7,8787,.0017637614001687,.0050820153492019,4541,.0006421002601185,.0007631626618189,4246,.0011216611400502,.0043188526873831,2738,.000619497922238,.0005325019570607,1508,.0005021632178122,.0037863507303224
35.8,6818,.0015610188944934,.0036043666391122,3301,.0005877404493834,.0008106718846459,3517,.00097327844511,.0027936947544663,2262,.0006718572904755,.0005243723045689,1255,.0003014211546345,.0022693224498974
35.9,7913,.0011907132437126,.0024208316414355,4409,.0005235579239796,.0004673126573578,3504,.000667155319733,.0019535189840776,2514,.0004563859571756,.0003555079696411,990,.0002107693625574,.0015980110144366
36,7637,.0011802181823781,.0025582165554485,4153,.0004384491025929,.0005769373505977,3484,.0007417690797851,.0019812792048507,2387,.0005407520259241,.0004585067698692,1097,.0002010170538611,.0015227724349816
36.1,6446,.0015768966846352,.0038302559315964,3345,.0006501866090042,.0006582735736649,3101,.000926710075631,.0031719823579315,1939,.000570480415878,.0004940447373057,1162,.000356229659753,.0026779376206258
36.2,6790,.0022706853040055,.0053450701934058,3589,.001326542010964,.002038721691673,3201,.0009441432930415,.0033063485017328,2097,.0005709113946808,.0004999510936554,1104,.0003732318983607,.0028063974080774
36.3,5855,.0030457996540985,.0065015130142293,3111,.0019342260006373,.0034953463404932,2744,.0011115736534612,.0030061666737361,1747,.0008117662140696,.0007530423844309,997,.0002998074393915,.0022531242893052
36.4,7588,.0011953267386198,.0031531066893455,4010,.0004492318939731,.0006266641414806,3578,.0007460948446467,.0025264425478649,2294,.0004632551465569,.0003959272155549,1284,.0002828396980898,.00213051533231
36.5,7100,.0014284244099662,.0032638916698578,3907,.0006008312575436,.0005957370601246,3193,.0008275931524226,.0026681546097332,2159,.0005331892636546,.000447756382201,1034,.000294403888768,.0022203982275323
36.6,4918,.0005829575703985,.001228915303728,2655,.0002432245502842,.0002248019041932,2263,.0003397330201143,.0010041133995348,1483,.0002320382182274,.0001856063505585,780,.0001076948018869,.0008185070489762
36.7,5681,.0016665587404327,.0049718015637683,2810,.0005348727343678,.0008061425097619,2871,.0011316860060649,.0041656590540065,1783,.0006558948797697,.000594450251007,1088,.0004757911262952,.0035712088029994
36.8,5466,.0009905735433454,.0026462821030713,2868,.0004061577703877,.0005178279268321,2598,.0005844157729578,.0021284541762392,1669,.0003366517268772,.0002633228466873,929,.0002477640460805,.0018651313295519
36.9,4248,.0015356829701361,.0036389959520534,2273,.0004860354323898,.0007616258066117,1975,.0010496475377464,.0028773701454418,1289,.0007606603109811,.0007051433499311,686,.0002889872267653,.0021722267955107
37,4720,.0013416535335499,.0032016337485988,2399,.0004416189331804,.0005947521831741,2321,.0009000346003695,.0026068815654247,1522,.0006265350635479,.0005461506413306,799,.0002734995368215,.0020607309240941
37.1,4375,.0017122164289129,.0037829439744172,2308,.0007051005559334,.0011733327482524,2067,.0010071158729794,.0026096112261648,1437,.0007555489544964,.0007188079200592,630,.0002515669184831,.0018908033061056
37.2,5696,.0021223721866183,.0050100402862099,3183,.0006969177610815,.0010989996381497,2513,.0014254544255368,.0039110406480601,1705,.0010347135711168,.0009809193357179,808,.00039074085442,.0029301213123423
37.3,3287,.0012333900942941,.0033939639873045,1612,.0003387625844516,.0004252278251445,1675,.0008946275098425,.00296873616216,1021,.0005687544359161,.0005235865170771,654,.0003258730739264,.0024451496450829
37.4,3804,.0010953761076449,.0019932545861397,1991,.000419560314752,.00041491447938,1813,.0006758157928929,.0015783401067597,1291,.0005316694427484,.0004900354720327,522,.0001441463501445,.001088304634727
37.5,3091,.0013700821877657,.0034751213461448,1617,.0006241535754929,.0010277262400171,1474,.0007459286122728,.0024473951061277,986,.0004778337305344,.0004351191849088,488,.0002680948817383,.0020122759212189
37.6,3384,.0012872160873361,.003363387401115,1776,.0004741965624773,.0004540120618223,1608,.0008130195248588,.0029093753392927,1116,.00048436653981,.0004453362225938,492,.0003286529850489,.0024640391166989
37.7,2288,.0008622623500707,.0021435502440317,1138,.000348391731436,.0004291246603485,1150,.0005138706186347,.0017144255836832,787,.0003247870789282,.0002966997604668,363,.0001890835397065,.0014177258232164
37.8,2568,.0012058264069023,.0038704533368566,1345,.0004630527193097,.0004540177186479,1223,.0007427736875926,.0034164356182087,758,.0003272482009151,.0003048576125,465,.0004155254866775,.0031115780057087
37.9,2666,.0006828276536198,.0021025487285012,1384,.0001451782578954,.0001354371480258,1282,.0005376493957244,.0019671115804755,835,.0003110775611067,.0002683204092083,447,.0002265718346177,.0016987911712671
38,2674,.0004772297233483,.0012158725141784,1553,.0002001626562977,.0001746103536284,1121,.0002770670670505,.00104126216055,832,.0001544757039045,.0001212332646998,289,.0001225913631461,.0009200288958502
38.1,2678,.0005721799187581,.001396782502886,1474,.0001839820797649,.0002209716717207,1204,.0003881978389933,.0011758108311652,863,.0002623957294388,.0002291033192636,341,.0001258021095545,.0009467075119016
38.2,2298,.0010340350745076,.0025473056541301,1249,.0003799000002529,.0004970172513696,1049,.0006541350742547,.0020502884027604,678,.0004356170490305,.0004117762984726,371,.0002185180252242,.0016385121042879
38.3,1798,.0004272550242542,.0008539767712517,964,.0002303449241257,.0002032599236965,834,.0001969101001286,.0006507168475551,642,.0001227503322816,.000089670582812,192,.000074159767847,.0005610462647432
38.4,1612,.000576670641484,.0012803861272613,921,.0002574649232679,.0001760377478776,691,.0003192057182161,.0011043483793837,504,.0001941307689481,.0001675052882663,187,.0001250749492679,.0009368430911174
38.5,2589,.0007663078851645,.0017929208687222,1425,.000270728331364,.0002460825632179,1164,.0004955795538005,.0015468383055043,780,.0003296336989798,.0003014088484378,384,.0001659458548208,.0012454294570665
38.6,2098,.000761957352975,.0019822851074675,1139,.0002474322041468,.0003272313873728,959,.0005145251488282,.0016550537200947,626,.0003312661056705,.0002804360759098,333,.0001832590431577,.0013746176441849
38.7,1575,.0005577680228707,.0013776267722063,698,.0001925713877406,.0001897150387224,877,.0003651966351301,.0011879117334839,545,.0002358888167853,.0002165402068744,332,.0001293078183448,.0009713715266094
38.8,1975,.0007948192501738,.0020951549215008,1054,.0002480066869655,.0003469733885779,921,.0005468125632084,.0017481815329229,646,.0003585681232521,.0003379837738589,275,.0001882444399563,.001410197759064
38.9,1869,.0009646532152089,.0027642806937307,1023,.0002565168846922,.0004826989225293,846,.0007081363305167,.0022815817712014,581,.0004630360628655,.0004456527070036,265,.0002451002676512,.0018359290641978
39,2357,.0004653214755705,.0008660937003491,1365,.0002026188599289,.0001678773344054,992,.0002627026156416,.0006982163659437,773,.0001910587039138,.0001577847960732,219,.0000716439117278,.0005404315698705
39.1,1027,.0006391184771617,.0014936375948145,536,.0002144089762741,.00017819015883,491,.0004247095008876,.0013154474359844,364,.0002851435432891,.0002704846012369,127,.0001395659575985,.0010449628347475
39.2,936,.0006780210423156,.0017825109641247,402,.000151845724492,.0003015499963626,534,.0005261753178235,.0014809609677622,304,.000378777301588,.000376368873503,230,.0001473980162356,.0011045920942592
39.3,1010,.0005870503761131,.0019325024362895,467,.0002060879233747,.0002988960759465,543,.0003809624527384,.001633606360343,322,.0001839796772103,.0001592406964963,221,.0001969827755281,.0014743656638467
39.4,1238,.0005054927864592,.0010719188764595,713,.0002683966186874,.0002699255500049,525,.0002370961677718,.0008019933264546,354,.0001492086306316,.0001426730400648,171,.0000878875371402,.0006593202863898
39.5,1681,.0003215952889195,.0007536277954122,946,.0001038669658746,.0001014488216676,735,.0002177283230449,.0006521789737446,527,.0001489758952569,.0001355403567229,208,.000068752427788,.0005166386170217
39.6,1010,.0002960504255287,.0008712280621821,472,.0001666508686076,.0001553608311013,538,.0001293995569212,.0007158672310807,327,.0000368389982146,.000020631294426,211,.0000925605587066,.0006952359366548
39.7,986,.0006049037699015,.0014030846468274,519,.000195457650622,.000229791221952,467,.0004094461192795,.0011732934248754,334,.0002905202798225,.0002830389998427,133,.0001189258394571,.0008902544250327
39.8,833,.0002937286839047,.0007630209634739,417,.0000571090147656,.0000843711132714,416,.0002366196691391,.0006786498502025,249,.0001671843200555,.000157475950102,167,.0000694353490836,.0005211739001005
39.9,892,.0003052514112609,.0009519797632178,418,.0000571227886494,.0000904059964226,474,.0002481286226114,.0008615737667952,280,.0001517532842232,.0001372352360474,194,.0000963753383882,.0007243385307478
40,789,.0003969181040642,.001216042154025,394,.0000967855051059,.0001609771211308,395,.0003001325989582,.0010550650328942,221,.0001831682837086,.0001796259489877,174,.0001169643152496,.0008754390839065
40.1,885,.0003395618910284,.000706421380785,501,.0002406124465146,.0003098578121583,384,.0000989494445138,.0003965635686267,268,.0000524895519138,.0000478031365625,116,.0000464598925999,.0003487604320642
40.2,1026,.0004462095359468,.0015722921181376,516,.0001018774657862,.0001449155995497,510,.0003443320701607,.0014273765185879,282,.0001769615193066,.0001742327011884,228,.0001673705508541,.0012531438173995
40.3,1063,.0004246084723771,.001225341380148,581,.0001611723360884,.0002366506317821,482,.0002634361362887,.0009886907483658,312,.0001509887331261,.0001465460481289,170,.0001124474031626,.0008421447002369
40.4,899,.0003164619059677,.0008222025942282,429,.0000979945988884,.0000918748547925,470,.0002184673070793,.0007303277394357,324,.0001382991904304,.0001294714082818,146,.0000801681166489,.0006008563311539
40.5,1056,.0004750739759806,.0018492537499455,553,.000090964144849,.0001772950247514,503,.0003841098311316,.0016719587251941,319,.000185164851203,.0001828654345333,184,.0001989449799286,.0014890932906608
40.6,1249,.000671314377782,.0015789163674098,589,.0001794843221758,.0003002082423669,660,.0004918300556062,.0012787081250429,413,.0003698105764336,.0003605544968992,247,.0001220194791726,.0009181536281437
40.7,669,.0003416967710806,.0010574448101786,303,.0001048372221879,.0001157791584507,366,.0002368595488927,.0009416656517278,245,.0001275404350469,.0001234770275038,121,.0001093191138458,.000818188624224
40.8,862,.000276568927927,.001091449419115,369,.0001237873261166,.0002093326749151,493,.0001527816018104,.0008821167441999,288,.0000458952693192,.000038527995466,205,.0001068863324912,.0008435887487339
40.9,451,.0002129572814904,.0004920483484878,255,.000041057047842,.0000552339287434,196,.0001719002336485,.0004368144197444,150,.0001310535851422,.0001310208527747,46,.0000408466485062,.0003057935669697
41,754,.0002455570732396,.0011937022343138,399,.0000804161503649,.0001585051692801,355,.0001651409228747,.0010351970650337,212,.0000304286697288,.0000267435973889,143,.0001347122531459,.0010084534676449
41.1,338,.0002936016647208,.0007319233124243,177,.0001649545079827,.0001611212221424,161,.0001286471567381,.0005708020902819,77,.0000601283376547,.0000554993780266,84,.0000685188190834,.0005153027122553
41.2,368,.0002645417707768,.0005969568006734,183,.0001469772600093,.0001239985955934,185,.0001175645107675,.00047295820508,107,.0000623055947893,.0000593319324214,78,.0000552589159782,.0004136262726586
41.3,466,.0003940245008882,.0015893132832008,226,.0001089559753589,.0001782315588534,240,.0002850685255294,.0014110817243473,109,.0001112546506095,.000110750293107,131,.0001738138749199,.0013003314312403
41.4,457,.0003226943226872,.0011386905260795,170,.0000489219971973,.0000591457714911,287,.0002737723254899,.0010795447545884,155,.0001489347174406,.0001453760410328,132,.0001248376080493,.0009341687135556
41.5,692,.0002411010159387,.0006882914244892,350,.0000808126180813,.0000845198611994,342,.0001602883978574,.0006037715632898,215,.0000910114092267,.0000852212662947,127,.0000692769886306,.0005185502969951
41.6,705,.0001282862065396,.0002689104571829,417,.000094176510804,.0000957565150264,288,.0000341096957356,.0001731539421566,240,.0000118383748999,6.26613361798e-06,48,.0000222713208356,.0001668878085386
41.7,899,.0002792192051633,.0005880270404609,475,.0000622853976322,.0000992731376858,424,.0002169338075311,.0004887539027751,336,.0001745425430493,.0001711556079153,88,.0000423912644818,.0003175982948599
41.8,500,.0001465734909671,.0003467019877583,302,.0000808928345719,.0000581123895749,198,.0000656806563952,.0002885895981835,160,.0000304245623148,.0000247903631578,38,.0000352560940804,.0002637992350256
41.9,344,.0001735000685623,.0004577688045617,177,.0000853979845283,.0000653980106491,167,.000088102084034,.0003923707939126,117,.0000406117126079,.0000369095362984,50,.0000474903714261,.0003554612576142
42,547,.0000795989183307,.0001998493929942,284,.0000462258612566,.0000381721269198,263,.0000333730570741,.0001616772660744,178,.0000131550888911,9.52665241916e-06,85,.000020217968183,.0001521506136553
42.1,270,.0001286566984554,.0004961871932423,142,.0000308066574841,.0000149193566825,128,.0000978500409713,.0004812678365598,76,.0000386348173738,.0000381825352056,52,.0000592152235975,.0004430853013542
42.2,648,.0000787923378084,.0003490088751514,344,.0000292143120602,.0000312830071161,304,.0000495780257482,.0003177258680354,198,7.79753144142e-06,4.19537046348e-06,106,.0000417804943068,.0003135304975719
42.3,299,.000179840322885,.0006689125237731,129,.0000779854718047,.0001131469828444,170,.0001018548510803,.0005557655409287,77,.0000316273115715,.0000301908352975,93,.0000702275395088,.0005255747056312
42.4,146,.0000437302154789,.0002226674669943,72,.0000173758781412,.0000318746142856,74,.0000263543373377,.0001907928527087,30,2.04878342203e-06,7.57884021318e-07,44,.0000243055539157,.0001900349686874
42.5,188,.0000910271262377,.0003450434995269,90,.0000178490093834,.0000324989168217,98,.0000731781168543,.0003125445827052,49,.0000360172501424,.0000344655034663,49,.0000371608667119,.0002780790792389
42.6,201,.0000744441136058,.0002542631571012,110,.0000193676644717,.0000391110493214,91,.0000550764491341,.0002151521077798,65,.0000284357908678,.0000159000341056,26,.0000266406582663,.0001992520736742
42.7,73,.0001501670392774,.0004606371831493,27,.000043743146148,.0000904223479115,46,.0001064238931295,.0003702148352378,19,.0000658362149828,.0000666354806582,27,.0000405876781467,.0003035793545796
42.8,159,.000144780762712,.0003835565907182,79,.0000817324911626,.0001201069882004,80,.0000630482715493,.0002634496025178,48,.0000320462099737,.0000315829852764,32,.0000310020615757,.0002318666172414
42.9,263,.0000230474112705,.0001179288994619,145,5.81414418077e-06,.0000103619713709,118,.0000172332670897,.000107566928091,74,3.22684991971e-06,2.50838980631e-06,44,.00001400641717,.0001050585382847
43,66,.0001232925996462,.0004955835819658,12,.0000402628801623,.0000643035344581,54,.0000830297194838,.0004312800475077,4,.0000293658458759,.0000299241182802,50,.0000536638736079,.0004013559292275
43.1,7,7.07238083919e-06,.0000318977574807,2,3.91002390643e-06,8.24626613394e-06,5,3.16235693276e-06,.0000236514913468,0,0,0,5,3.16235693276e-06,.0000236514913468
43.2,82,.000018439597525,.0000133259776329,35,.000014954810597,7.20582672331e-06,47,3.48478692801e-06,6.12015090962e-06,41,2.80781795325e-06,1.03866535994e-06,6,6.76968974753e-07,5.08148554967e-06
43.4,141,.0000352706956336,.0000881311929208,65,.0000207114299844,.0000203935307326,76,.0000145592656492,.0000677376621883,48,6.15187154729e-06,4.75173353642e-06,28,8.40739410195e-06,.0000629859286518
43.6,33,1.01257646312e-06,5.50706098945e-07,24,6.41657460054e-07,4.13496093365e-07,9,3.70919003068e-07,1.37210005580e-07,9,3.70919003068e-07,1.37210005580e-07,0,0,0
43.7,23,4.62111669131e-06,2.24320854381e-06,12,4.58313733454e-06,2.16823555288e-06,11,3.79793567706e-08,7.49729909266e-08,2,3.67261705492e-08,1.35857098904e-08,9,1.25318622146e-09,6.13872810362e-08
43.8,143,.0000314167963804,.0000599915199682,78,.0000196121504823,.0000271423170393,65,.0000118046458981,.0000328492029289,32,8.49467780561e-06,7.88647381222e-06,33,3.30996809252e-06,.0000249627291167
43.9,40,.0000109493353486,.0000387484335254,18,6.11633159320e-06,7.26430952858e-06,22,4.83300375542e-06,.0000314841239968,16,6.55810294958e-07,2.42596729372e-07,6,4.17719346046e-06,.0000312415272674
44,2,4.26010444698e-06,7.21894502931e-06,0,0,0,2,4.26010444698e-06,7.21894502931e-06,1,3.81462064070e-06,3.88713988286e-06,1,4.45483806288e-07,3.33180514644e-06
44.2,7,.0000677896778143,.0000357490257556,3,.0000276559831036,.0000129662926156,4,.0000401336947107,.00002278273314,4,.0000401336947107,.00002278273314,0,0,0
44.3,1,7.65507138567e-06,7.80060054240e-06,0,0,0,1,7.65507138567e-06,7.80060054240e-06,1,7.65507138567e-06,7.80060054240e-06,0,0,0
44.7,2,9.40569043451e-06,4.40978465122e-06,2,9.40569043451e-06,4.40978465122e-06,0,0,0,0,0,0,0,0,0
44.9,8,4.46694659928e-07,1.99073480012e-06,3,5.82666821458e-08,3.75481432613e-08,5,3.88427977782e-07,1.95318665686e-06,3,1.33896932653e-07,4.95310272797e-08,2,2.54531045130e-07,1.90365562958e-06
45,2,6.78660921949e-06,3.18184902426e-06,2,6.78660921949e-06,3.18184902426e-06,0,0,0,0,0,0,0,0,0
45.1,48,1.89440964782e-06,1.00938459457e-06,27,1.01957902920e-06,6.57035858609e-07,21,8.74830618613e-07,3.52348735966e-07,19,8.74239603377e-07,3.23397878255e-07,2,5.91015236751e-10,2.89508577112e-08
45.2,4,5.09062090259e-07,3.80731125915e-06,0,0,0,4,5.09062090259e-07,3.80731125915e-06,0,0,0,4,5.09062090259e-07,3.80731125915e-06
45.3,76,.000026534944302,.0000381182360698,31,1.33274436376e-06,8.58845471186e-07,45,.0000252021999383,.0000372593905986,36,.0000231837285405,.0000220715165025,9,2.01847139779e-06,.0000151878740962
45.7,7,.000016089353096,.0000822536280793,1,7.09112237018e-06,.0000149552233779,6,8.99823072587e-06,.0000672984047014,0,0,0,6,8.99823072587e-06,.0000672984047014
45.8,161,5.47795166678e-06,.0000121221762432,78,1.99305358173e-06,1.28436110280e-06,83,3.48489808505e-06,.0000108378151404,49,2.18306768041e-06,8.07558326876e-07,34,1.30183040464e-06,.0000100302568136
46.1,2,.0000132283801122,.0000317797239404,0,0,0,2,.0000132283801122,.0000317797239404,1,.0000103956108433,.0000105932413135,1,2.83276926893e-06,.0000211864826269
