temp,no_wgt_comm,risk_adj_sample_wgt_comm,pop_adj_sample_wgt_comm,no_wgt_low,risk_adj_sample_wgt_low,pop_adj_sample_wgt_low,no_wgt_high,risk_adj_sample_wgt_high,pop_adj_sample_wgt_high,no_wgt_manuf,risk_adj_sample_wgt_manuf,pop_adj_sample_wgt_manuf,no_wgt_hr3,risk_adj_sample_wgt_hr3,pop_adj_sample_wgt_hr3,no_wgt_manuf2,risk_adj_sample_wgt_manuf2,pop_adj_sample_wgt_manuf2,no_wgt_hr4,risk_adj_sample_wgt_hr4,pop_adj_sample_wgt_hr4,no_wgt_agri,risk_adj_sample_wgt_agri,pop_adj_sample_wgt_agri,no_wgt_connmine,risk_adj_sample_wgt_connmine,pop_adj_sample_wgt_connmine,no_wgt_manuft,risk_adj_sample_wgt_manuft,pop_adj_sample_wgt_manuft,no_wgt_lomaco,risk_adj_sample_wgt_lomaco,pop_adj_sample_wgt_lomaco
-19.2,2,1.57614081786e-07,5.56210261493e-06,0,0,0,2,1.57614081786e-07,5.56210261493e-06,2,1.57614081786e-07,5.56210261493e-06,0,0,0,0,0,0,2,1.57614081786e-07,5.56210261493e-06,0,0,0,2,1.57614081786e-07,5.56210261493e-06,0,0,0,2,1.57614081786e-07,5.56210261493e-06
-17.3,3,.0000391539788325,.0000159792825798,3,.0000391539788325,.0000159792825798,0,0,0,0,0,0,0,0,0,0,0,0,0,0,0,0,0,0,0,0,0,0,0,0,3,.0000391539788325,.0000159792825798
-17.1,1,7.06571927367e-06,2.88361820822e-06,1,7.06571927367e-06,2.88361820822e-06,0,0,0,0,0,0,0,0,0,0,0,0,0,0,0,0,0,0,0,0,0,0,0,0,1,7.06571927367e-06,2.88361820822e-06
-15.8,1,4.55036754943e-08,1.60579645581e-06,0,0,0,1,4.55036754943e-08,1.60579645581e-06,1,4.55036754943e-08,1.60579645581e-06,0,0,0,0,0,0,1,4.55036754943e-08,1.60579645581e-06,0,0,0,1,4.55036754943e-08,1.60579645581e-06,0,0,0,1,4.55036754943e-08,1.60579645581e-06
-15.3,1,1.81328653071e-06,7.40027417123e-07,1,1.81328653071e-06,7.40027417123e-07,0,0,0,0,0,0,0,0,0,0,0,0,0,0,0,0,0,0,0,0,0,0,0,0,1,1.81328653071e-06,7.40027417123e-07
-15,2,.0000192012321349,7.83629002399e-06,2,.0000192012321349,7.83629002399e-06,0,0,0,0,0,0,0,0,0,0,0,0,0,0,0,0,0,0,0,0,0,0,0,0,2,.0000192012321349,7.83629002399e-06
-14.3,2,.0000149218049046,6.08979598837e-06,2,.0000149218049046,6.08979598837e-06,0,0,0,0,0,0,0,0,0,0,0,0,0,0,0,0,0,0,0,0,0,0,0,0,2,.0000149218049046,6.08979598837e-06
-14,2,8.93029300642e-06,3.64457673641e-06,2,8.93029300642e-06,3.64457673641e-06,0,0,0,0,0,0,0,0,0,0,0,0,0,0,0,0,0,0,0,0,0,0,0,0,2,8.93029300642e-06,3.64457673641e-06
-13.9,2,5.30270608579e-06,2.85722353510e-06,0,0,0,2,5.30270608579e-06,2.85722353510e-06,2,5.30270608579e-06,2.85722353510e-06,0,0,0,2,5.30270608579e-06,2.85722353510e-06,0,0,0,0,0,0,0,0,0,2,5.30270608579e-06,2.85722353510e-06,2,5.30270608579e-06,2.85722353510e-06
-13.7,1,6.91441346135e-06,2.82186829281e-06,1,6.91441346135e-06,2.82186829281e-06,0,0,0,0,0,0,0,0,0,0,0,0,0,0,0,0,0,0,0,0,0,0,0,0,1,6.91441346135e-06,2.82186829281e-06
-13,1,9.64749006016e-07,3.93727447090e-07,1,9.64749006016e-07,3.93727447090e-07,0,0,0,0,0,0,0,0,0,0,0,0,0,0,0,0,0,0,0,0,0,0,0,0,1,9.64749006016e-07,3.93727447090e-07
-12.6,3,6.81437882122e-06,2.78104255358e-06,3,6.81437882122e-06,2.78104255358e-06,0,0,0,0,0,0,0,0,0,0,0,0,0,0,0,0,0,0,0,0,0,0,0,0,3,6.81437882122e-06,2.78104255358e-06
-12.5,1,1.21965581457e-06,6.57179441532e-07,0,0,0,1,1.21965581457e-06,6.57179441532e-07,1,1.21965581457e-06,6.57179441532e-07,0,0,0,1,1.21965581457e-06,6.57179441532e-07,0,0,0,0,0,0,0,0,0,1,1.21965581457e-06,6.57179441532e-07,1,1.21965581457e-06,6.57179441532e-07
-12.4,1,8.63316813593e-07,3.52331596787e-07,1,8.63316813593e-07,3.52331596787e-07,0,0,0,0,0,0,0,0,0,0,0,0,0,0,0,0,0,0,0,0,0,0,0,0,1,8.63316813593e-07,3.52331596787e-07
-12.3,2,3.49607194039e-06,1.42679550663e-06,2,3.49607194039e-06,1.42679550663e-06,0,0,0,0,0,0,0,0,0,0,0,0,0,0,0,0,0,0,0,0,0,0,0,0,2,3.49607194039e-06,1.42679550663e-06
-11.9,1,9.15973544124e-07,4.93548213854e-07,0,0,0,1,9.15973544124e-07,4.93548213854e-07,1,9.15973544124e-07,4.93548213854e-07,0,0,0,1,9.15973544124e-07,4.93548213854e-07,0,0,0,0,0,0,0,0,0,1,9.15973544124e-07,4.93548213854e-07,1,9.15973544124e-07,4.93548213854e-07
-11.7,1,.0000171001320268,6.97880113876e-06,1,.0000171001320268,6.97880113876e-06,0,0,0,0,0,0,0,0,0,0,0,0,0,0,0,0,0,0,0,0,0,0,0,0,1,.0000171001320268,6.97880113876e-06
-11.6,4,.0000205964443012,9.58562441156e-06,2,.0000115693510452,4.72161264042e-06,2,9.02709325601e-06,4.86401177113e-06,2,9.02709325601e-06,4.86401177113e-06,0,0,0,2,9.02709325601e-06,4.86401177113e-06,0,0,0,0,0,0,0,0,0,2,9.02709325601e-06,4.86401177113e-06,4,.0000205964443012,9.58562441156e-06
-11.5,4,.0000263852048192,.000011740750324,2,.0000189444326679,7.73148622102e-06,2,7.44077215131e-06,4.00926410293e-06,2,7.44077215131e-06,4.00926410293e-06,0,0,0,2,7.44077215131e-06,4.00926410293e-06,0,0,0,0,0,0,0,0,0,2,7.44077215131e-06,4.00926410293e-06,4,.0000263852048192,.000011740750324
-11.4,3,9.40212009937e-06,3.83713575047e-06,3,9.40212009937e-06,3.83713575047e-06,0,0,0,0,0,0,0,0,0,0,0,0,0,0,0,0,0,0,0,0,0,0,0,0,3,9.40212009937e-06,3.83713575047e-06
-11.2,3,7.92768082647e-06,4.27162194683e-06,0,0,0,3,7.92768082647e-06,4.27162194683e-06,3,7.92768082647e-06,4.27162194683e-06,0,0,0,3,7.92768082647e-06,4.27162194683e-06,0,0,0,0,0,0,0,0,0,3,7.92768082647e-06,4.27162194683e-06,3,7.92768082647e-06,4.27162194683e-06
-10.8,3,7.42501106288e-06,3.03025012727e-06,3,7.42501106288e-06,3.03025012727e-06,0,0,0,0,0,0,0,0,0,0,0,0,0,0,0,0,0,0,0,0,0,0,0,0,3,7.42501106288e-06,3.03025012727e-06
-10.7,9,.0000671786037856,.0000274165217888,9,.0000671786037856,.0000274165217888,0,0,0,0,0,0,0,0,0,0,0,0,0,0,0,0,0,0,0,0,0,0,0,0,9,.0000671786037856,.0000274165217888
-10.3,9,.0000205346952384,.000011357379833,6,.0000204493518368,8.34566407093e-06,3,8.53434016790e-08,3.01171576211e-06,0,0,0,3,8.53434016790e-08,3.01171576211e-06,0,0,0,3,8.53434016790e-08,3.01171576211e-06,3,8.53434016790e-08,3.01171576211e-06,0,0,0,0,0,0,6,.0000204493518368,8.34566407093e-06
-10.1,2,.0000117579966172,4.79860136693e-06,2,.0000117579966172,4.79860136693e-06,0,0,0,0,0,0,0,0,0,0,0,0,0,0,0,0,0,0,0,0,0,0,0,0,2,.0000117579966172,4.79860136693e-06
-10,3,.000022334667392,9.11508777790e-06,3,.000022334667392,9.11508777790e-06,0,0,0,0,0,0,0,0,0,0,0,0,0,0,0,0,0,0,0,0,0,0,0,0,3,.000022334667392,9.11508777790e-06
-9.9,4,.0000229750930885,9.37645404520e-06,4,.0000229750930885,9.37645404520e-06,0,0,0,0,0,0,0,0,0,0,0,0,0,0,0,0,0,0,0,0,0,0,0,0,4,.0000229750930885,9.37645404520e-06
-9.699999999999999,2,.000018304814148,7.47044850868e-06,2,.000018304814148,7.47044850868e-06,0,0,0,0,0,0,0,0,0,0,0,0,0,0,0,0,0,0,0,0,0,0,0,0,2,.000018304814148,7.47044850868e-06
-9.6,2,.0000132505010697,5.40771316082e-06,2,.0000132505010697,5.40771316082e-06,0,0,0,0,0,0,0,0,0,0,0,0,0,0,0,0,0,0,0,0,0,0,0,0,2,.0000132505010697,5.40771316082e-06
-9.300000000000001,1,4.86683939016e-06,2.62236835624e-06,0,0,0,1,4.86683939016e-06,2.62236835624e-06,1,4.86683939016e-06,2.62236835624e-06,0,0,0,1,4.86683939016e-06,2.62236835624e-06,0,0,0,0,0,0,0,0,0,1,4.86683939016e-06,2.62236835624e-06,1,4.86683939016e-06,2.62236835624e-06
-9.1,6,.0000631269394944,.0000257629799307,6,.0000631269394944,.0000257629799307,0,0,0,0,0,0,0,0,0,0,0,0,0,0,0,0,0,0,0,0,0,0,0,0,6,.0000631269394944,.0000257629799307
-8.9,10,.0000450988338798,.0000184054595138,10,.0000450988338798,.0000184054595138,0,0,0,0,0,0,0,0,0,0,0,0,0,0,0,0,0,0,0,0,0,0,0,0,10,.0000450988338798,.0000184054595138
-8.800000000000001,4,.0000113554860945,4.63433161713e-06,4,.0000113554860945,4.63433161713e-06,0,0,0,0,0,0,0,0,0,0,0,0,0,0,0,0,0,0,0,0,0,0,0,0,4,.0000113554860945,4.63433161713e-06
-8.699999999999999,4,.0000119763532211,5.34672841468e-06,3,8.46466161875e-06,3.45454594708e-06,1,3.51169160240e-06,1.89218246760e-06,1,3.51169160240e-06,1.89218246760e-06,0,0,0,1,3.51169160240e-06,1.89218246760e-06,0,0,0,0,0,0,0,0,0,1,3.51169160240e-06,1.89218246760e-06,4,.0000119763532211,5.34672841468e-06
-8.6,9,.0000676960926285,.0000317532167173,6,.000036133787944,.0000147467007992,3,.0000315623046845,.0000170065159182,3,.0000315623046845,.0000170065159182,0,0,0,3,.0000315623046845,.0000170065159182,0,0,0,0,0,0,0,0,0,3,.0000315623046845,.0000170065159182,9,.0000676960926285,.0000317532167173
-8.5,4,.0000359377822861,.0000157409643862,3,.0000277191488749,.0000113125701091,1,8.21863341116e-06,4.42839427706e-06,1,8.21863341116e-06,4.42839427706e-06,0,0,0,1,8.21863341116e-06,4.42839427706e-06,0,0,0,0,0,0,0,0,0,1,8.21863341116e-06,4.42839427706e-06,4,.0000359377822861,.0000157409643862
-8.300000000000001,9,.0001057117433447,.0000431424291492,9,.0001057117433447,.0000431424291492,0,0,0,0,0,0,0,0,0,0,0,0,0,0,0,0,0,0,0,0,0,0,0,0,9,.0001057117433447,.0000431424291492
-8.199999999999999,5,7.77432361865e-06,5.06758351548e-06,3,7.72000294091e-06,3.15064039569e-06,2,5.43206777337e-08,1.91694311980e-06,2,5.43206777337e-08,1.91694311980e-06,0,0,0,0,0,0,2,5.43206777337e-08,1.91694311980e-06,0,0,0,2,5.43206777337e-08,1.91694311980e-06,0,0,0,5,7.77432361865e-06,5.06758351548e-06
-8.1,5,.0000314389405958,.0000152434181473,3,.000012980101701,5.29735962118e-06,2,.0000184588388947,9.94605852611e-06,2,.0000184588388947,9.94605852611e-06,0,0,0,2,.0000184588388947,9.94605852611e-06,0,0,0,0,0,0,0,0,0,2,.0000184588388947,9.94605852611e-06,5,.0000314389405958,.0000152434181473
-8,4,.0000464072836621,.0000189394559129,4,.0000464072836621,.0000189394559129,0,0,0,0,0,0,0,0,0,0,0,0,0,0,0,0,0,0,0,0,0,0,0,0,4,.0000464072836621,.0000189394559129
-7.9,2,9.61766909313e-06,3.92510446545e-06,2,9.61766909313e-06,3.92510446545e-06,0,0,0,0,0,0,0,0,0,0,0,0,0,0,0,0,0,0,0,0,0,0,0,0,2,9.61766909313e-06,3.92510446545e-06
-7.8,6,.0000351817225237,.0000143581496559,6,.0000351817225237,.0000143581496559,0,0,0,0,0,0,0,0,0,0,0,0,0,0,0,0,0,0,0,0,0,0,0,0,6,.0000351817225237,.0000143581496559
-7.7,2,.000019247398086,7.85513020674e-06,2,.000019247398086,7.85513020674e-06,0,0,0,0,0,0,0,0,0,0,0,0,0,0,0,0,0,0,0,0,0,0,0,0,2,.000019247398086,7.85513020674e-06
-7.6,7,.0000387835930837,.0000220376858806,6,.0000386055730814,.0000157554699172,1,1.78020002295e-07,6.28221596344e-06,1,1.78020002295e-07,6.28221596344e-06,0,0,0,0,0,0,1,1.78020002295e-07,6.28221596344e-06,0,0,0,1,1.78020002295e-07,6.28221596344e-06,0,0,0,7,.0000387835930837,.0000220376858806
-7.5,11,.0000854321283441,.0000348660378222,11,.0000854321283441,.0000348660378222,0,0,0,0,0,0,0,0,0,0,0,0,0,0,0,0,0,0,0,0,0,0,0,0,11,.0000854321283441,.0000348660378222
-7.4,3,.0000147946366269,6.03789635534e-06,3,.0000147946366269,6.03789635534e-06,0,0,0,0,0,0,0,0,0,0,0,0,0,0,0,0,0,0,0,0,0,0,0,0,3,.0000147946366269,6.03789635534e-06
-7.3,5,.0000221971009182,.0000272857746495,0,0,0,5,.0000221971009182,.0000272857746495,5,.0000221971009182,.0000272857746495,0,0,0,3,.00002175608779,.0000117226959446,2,4.41013128238e-07,.0000155630787049,0,0,0,2,4.41013128238e-07,.0000155630787049,3,.00002175608779,.0000117226959446,5,.0000221971009182,.0000272857746495
-7.2,3,.0000107459513856,4.38557196958e-06,3,.0000107459513856,4.38557196958e-06,0,0,0,0,0,0,0,0,0,0,0,0,0,0,0,0,0,0,0,0,0,0,0,0,3,.0000107459513856,4.38557196958e-06
-7.1,7,.000031968498206,.0000135403695367,5,.0000281923335024,.0000115056825507,2,3.77616470359e-06,2.03468698601e-06,2,3.77616470359e-06,2.03468698601e-06,0,0,0,2,3.77616470359e-06,2.03468698601e-06,0,0,0,0,0,0,0,0,0,2,3.77616470359e-06,2.03468698601e-06,7,.000031968498206,.0000135403695367
-7,4,.0000273888356332,.0000111777644065,4,.0000273888356332,.0000111777644065,0,0,0,0,0,0,0,0,0,0,0,0,0,0,0,0,0,0,0,0,0,0,0,0,4,.0000273888356332,.0000111777644065
-6.9,5,.0000266790691512,.0000118175696571,3,.000019568117068,7.98602036411e-06,2,7.11095208317e-06,3.83154929295e-06,2,7.11095208317e-06,3.83154929295e-06,0,0,0,2,7.11095208317e-06,3.83154929295e-06,0,0,0,0,0,0,0,0,0,2,7.11095208317e-06,3.83154929295e-06,5,.0000266790691512,.0000118175696571
-6.8,3,.0000164768634932,7.48242518966e-06,2,.0000106778461486,4.35777747043e-06,1,5.79901734454e-06,3.12464771923e-06,1,5.79901734454e-06,3.12464771923e-06,0,0,0,1,5.79901734454e-06,3.12464771923e-06,0,0,0,0,0,0,0,0,0,1,5.79901734454e-06,3.12464771923e-06,3,.0000164768634932,7.48242518966e-06
-6.7,7,.0000701039973592,.0000290976424822,6,.0000663764371893,.0000270891448508,1,3.72756016986e-06,2.00849763132e-06,1,3.72756016986e-06,2.00849763132e-06,0,0,0,1,3.72756016986e-06,2.00849763132e-06,0,0,0,0,0,0,0,0,0,1,3.72756016986e-06,2.00849763132e-06,7,.0000701039973592,.0000290976424822
-6.6,6,.0000378310492124,.0000154393761704,6,.0000378310492124,.0000154393761704,0,0,0,0,0,0,0,0,0,0,0,0,0,0,0,0,0,0,0,0,0,0,0,0,6,.0000378310492124,.0000154393761704
-6.5,8,.0000566362350582,.0000231140345477,8,.0000566362350582,.0000231140345477,0,0,0,0,0,0,0,0,0,0,0,0,0,0,0,0,0,0,0,0,0,0,0,0,8,.0000566362350582,.0000231140345477
-6.4,8,.0000228283867045,9.31658127001e-06,8,.0000228283867045,9.31658127001e-06,0,0,0,0,0,0,0,0,0,0,0,0,0,0,0,0,0,0,0,0,0,0,0,0,8,.0000228283867045,9.31658127001e-06
-6.3,10,.0000581369199608,.0000250537526654,8,.0000479825980619,.0000195823635067,2,.0000101543218989,5.47138915863e-06,2,.0000101543218989,5.47138915863e-06,0,0,0,2,.0000101543218989,5.47138915863e-06,0,0,0,0,0,0,0,0,0,2,.0000101543218989,5.47138915863e-06,10,.0000581369199608,.0000250537526654
-6.2,9,.0000934798308663,.0000381504155484,9,.0000934798308663,.0000381504155484,0,0,0,0,0,0,0,0,0,0,0,0,0,0,0,0,0,0,0,0,0,0,0,0,9,.0000934798308663,.0000381504155484
-6.1,7,.0000221818349928,9.05271463125e-06,7,.0000221818349928,9.05271463125e-06,0,0,0,0,0,0,0,0,0,0,0,0,0,0,0,0,0,0,0,0,0,0,0,0,7,.0000221818349928,9.05271463125e-06
-6,21,.0002959392974269,.0001314363545362,15,.0002874118247291,.0001172967646426,6,8.52747269775e-06,.0000141395898936,6,8.52747269775e-06,.0000141395898936,0,0,0,2,8.25280699246e-06,4.44680756573e-06,4,2.74665705291e-07,9.69278232787e-06,0,0,0,4,2.74665705291e-07,9.69278232787e-06,2,8.25280699246e-06,4.44680756573e-06,21,.0002959392974269,.0001314363545362
-5.9,5,.0000351199867055,.0000146328229675,4,.0000328258229274,.0000133966732392,1,2.29416377806e-06,1.23614972836e-06,1,2.29416377806e-06,1.23614972836e-06,0,0,0,1,2.29416377806e-06,1.23614972836e-06,0,0,0,0,0,0,0,0,0,1,2.29416377806e-06,1.23614972836e-06,5,.0000351199867055,.0000146328229675
-5.8,8,.0000232215423068,.0000146797681282,5,.0000230723867389,9.41616076489e-06,3,1.49155567897e-07,5.26360736330e-06,3,1.49155567897e-07,5.26360736330e-06,0,0,0,0,0,0,3,1.49155567897e-07,5.26360736330e-06,0,0,0,3,1.49155567897e-07,5.26360736330e-06,0,0,0,8,.0000232215423068,.0000146797681282
-5.7,14,.0001303529988945,.0000597889256824,10,.0000799355238996,.0000326227973346,4,.0000504174749949,.0000271661283477,4,.0000504174749949,.0000271661283477,0,0,0,4,.0000504174749949,.0000271661283477,0,0,0,0,0,0,0,0,0,4,.0000504174749949,.0000271661283477,14,.0001303529988945,.0000597889256824
-5.6,14,.0001543521355956,.0000657481668895,13,.0001542731556583,.0000629610137821,1,7.89799372569e-08,2.78715310742e-06,1,7.89799372569e-08,2.78715310742e-06,0,0,0,0,0,0,1,7.89799372569e-08,2.78715310742e-06,0,0,0,1,7.89799372569e-08,2.78715310742e-06,0,0,0,14,.0001543521355956,.0000657481668895
-5.5,19,.0000716172494464,.0000344871307334,16,.0000675601886542,.0000275722516108,3,4.05706079221e-06,6.91487912263e-06,3,4.05706079221e-06,6.91487912263e-06,0,0,0,1,3.92098127122e-06,2.11271753869e-06,2,1.36079520985e-07,4.80216158394e-06,0,0,0,2,1.36079520985e-07,4.80216158394e-06,1,3.92098127122e-06,2.11271753869e-06,19,.0000716172494464,.0000344871307334
-5.4,12,.0000755836997541,.0000331954817057,6,.0000576146967433,.0000235133575188,6,.0000179690030109,9.68212418684e-06,6,.0000179690030109,9.68212418684e-06,0,0,0,6,.0000179690030109,9.68212418684e-06,0,0,0,0,0,0,0,0,0,6,.0000179690030109,9.68212418684e-06,12,.0000755836997541,.0000331954817057
-5.3,10,.0000536623749667,.0000230594793607,9,.0000447944878488,.0000182812520393,1,8.86788711796e-06,4.77822732137e-06,1,8.86788711796e-06,4.77822732137e-06,0,0,0,1,8.86788711796e-06,4.77822732137e-06,0,0,0,0,0,0,0,0,0,1,8.86788711796e-06,4.77822732137e-06,10,.0000536623749667,.0000230594793607
-5.2,13,.0000344892916928,.0000357942783467,4,.0000138644491017,5.65827394894e-06,9,.0000206248425911,.0000301360043977,9,.0000206248425911,.0000301360043977,0,0,0,5,.0000200774311452,.0000108181950509,4,5.47411445950e-07,.0000193178093468,0,0,0,4,5.47411445950e-07,.0000193178093468,5,.0000200774311452,.0000108181950509,13,.0000344892916928,.0000357942783467
-5.1,13,.0001133045948336,.0000462411768467,13,.0001133045948336,.0000462411768467,0,0,0,0,0,0,0,0,0,0,0,0,0,0,0,0,0,0,0,0,0,0,0,0,13,.0001133045948336,.0000462411768467
-5,16,.0000871155320965,.0000398749592705,10,.0000540506628113,.0000220588254933,6,.0000330648692852,.0000178161337772,6,.0000330648692852,.0000178161337772,0,0,0,6,.0000330648692852,.0000178161337772,0,0,0,0,0,0,0,0,0,6,.0000330648692852,.0000178161337772,16,.0000871155320965,.0000398749592705
-4.9,17,.000148358880665,.0000644170114583,13,.0001187536676071,.000048465021905,4,.0000296052130579,.0000159519895533,4,.0000296052130579,.0000159519895533,0,0,0,4,.0000296052130579,.0000159519895533,0,0,0,0,0,0,0,0,0,4,.0000296052130579,.0000159519895533,17,.000148358880665,.0000644170114583
-4.8,20,.0001088986355171,.0000455468828022,18,.0001004536752589,.0000409965384733,2,8.44496025820e-06,4.55034432889e-06,2,8.44496025820e-06,4.55034432889e-06,0,0,0,2,8.44496025820e-06,4.55034432889e-06,0,0,0,0,0,0,0,0,0,2,8.44496025820e-06,4.55034432889e-06,20,.0001088986355171,.0000455468828022
-4.7,12,.0000895266498446,.0000376899910748,10,.0000807061783235,.0000329373119143,2,8.82047152118e-06,4.75267916045e-06,2,8.82047152118e-06,4.75267916045e-06,0,0,0,2,8.82047152118e-06,4.75267916045e-06,0,0,0,0,0,0,0,0,0,2,8.82047152118e-06,4.75267916045e-06,12,.0000895266498446,.0000376899910748
-4.6,14,.0000806896698577,.0000383432452509,8,.0000392798522171,.000016030653569,6,.0000414098176407,.0000223125916818,6,.0000414098176407,.0000223125916818,0,0,0,6,.0000414098176407,.0000223125916818,0,0,0,0,0,0,0,0,0,6,.0000414098176407,.0000223125916818,14,.0000806896698577,.0000383432452509
-4.5,16,.0000792968048309,.0000358853624221,10,.0000608546072272,.0000248356095653,6,.0000184421976037,.0000110497528567,6,.0000184421976037,.0000110497528567,0,0,0,4,.0000184101791092,9.91984006760e-06,2,3.20184945224e-08,1.12991278911e-06,0,0,0,2,3.20184945224e-08,1.12991278911e-06,4,.0000184101791092,9.91984006760e-06,16,.0000792968048309,.0000358853624221
-4.4,14,.0000616397164777,.00002795297803,7,.0000402415166718,.0000164231216786,7,.0000213981998058,.0000115298563514,7,.0000213981998058,.0000115298563514,0,0,0,7,.0000213981998058,.0000115298563514,0,0,0,0,0,0,0,0,0,7,.0000213981998058,.0000115298563514,14,.0000616397164777,.00002795297803
-4.3,17,.000112986264611,.0000548857923377,14,.0001107440887154,.0000451961999488,3,2.24217589562e-06,9.68959238890e-06,3,2.24217589562e-06,9.68959238890e-06,0,0,0,1,1.99810915547e-06,1.07662845039e-06,2,2.44066740152e-07,8.61296393850e-06,0,0,0,2,2.44066740152e-07,8.61296393850e-06,1,1.99810915547e-06,1.07662845039e-06,17,.000112986264611,.0000548857923377
-4.2,25,.0001394379825115,.0000579731363359,22,.0001312782334253,.0000535764700089,3,8.15974908619e-06,4.39666632701e-06,3,8.15974908619e-06,4.39666632701e-06,0,0,0,3,8.15974908619e-06,4.39666632701e-06,0,0,0,0,0,0,0,0,0,3,8.15974908619e-06,4.39666632701e-06,25,.0001394379825115,.0000579731363359
-4.1,24,.0002111714663613,.0000969420741512,18,.0001979830708478,.0000807996368621,6,.0000131883955135,.0000161424372891,4,.0000129283646402,6.96610868545e-06,2,2.60030873278e-07,9.17632860364e-06,4,.0000129283646402,6.96610868545e-06,2,2.60030873278e-07,9.17632860364e-06,2,2.60030873278e-07,9.17632860364e-06,0,0,0,4,.0000129283646402,6.96610868545e-06,22,.000210911435488,.0000877657455476
-4,21,.0001720399137639,.0000730688138333,16,.0001501828338633,.0000612917022522,5,.0000218570799007,.0000117771115811,5,.0000218570799007,.0000117771115811,0,0,0,5,.0000218570799007,.0000117771115811,0,0,0,0,0,0,0,0,0,5,.0000218570799007,.0000117771115811,21,.0001720399137639,.0000730688138333
-3.9,15,.0000826242561516,.0000337201057619,15,.0000826242561516,.0000337201057619,0,0,0,0,0,0,0,0,0,0,0,0,0,0,0,0,0,0,0,0,0,0,0,0,15,.0000826242561516,.0000337201057619
-3.8,10,.0000584444356946,.0000238519850768,10,.0000584444356946,.0000238519850768,0,0,0,0,0,0,0,0,0,0,0,0,0,0,0,0,0,0,0,0,0,0,0,0,10,.0000584444356946,.0000238519850768
-3.7,23,.00020760192956,.0000917917963079,18,.0001535388951197,.000062661354491,5,.0000540630344403,.000029130441817,5,.0000540630344403,.000029130441817,0,0,0,5,.0000540630344403,.000029130441817,0,0,0,0,0,0,0,0,0,5,.0000540630344403,.000029130441817,23,.00020760192956,.0000917917963079
-3.6,27,.0001711678730061,.0000879264251239,14,.0000775834361662,.000031662876097,13,.0000935844368399,.0000562635490269,13,.0000935844368399,.0000562635490269,0,0,0,11,.0000934164384034,.0000503349882592,2,1.67998436496e-07,5.92856076764e-06,0,0,0,2,1.67998436496e-07,5.92856076764e-06,11,.0000934164384034,.0000503349882592,27,.0001711678730061,.0000879264251239
-3.5,14,.0001444514039122,.0000616395160478,11,.0001238952465883,.0000505633719285,3,.0000205561573239,.0000110761441192,3,.0000205561573239,.0000110761441192,0,0,0,3,.0000205561573239,.0000110761441192,0,0,0,0,0,0,0,0,0,3,.0000205561573239,.0000110761441192,14,.0001444514039122,.0000616395160478
-3.4,24,.0001160256962294,.0000490972109901,21,.0001026715809758,.0000419016975002,3,.0000133541152536,7.19551348993e-06,3,.0000133541152536,7.19551348993e-06,0,0,0,3,.0000133541152536,7.19551348993e-06,0,0,0,0,0,0,0,0,0,3,.0000133541152536,7.19551348993e-06,24,.0001160256962294,.0000490972109901
-3.3,16,.0001311346790089,.0000618295215418,13,.0000675461673154,.0000275665278195,3,.0000635885116935,.0000342629937222,3,.0000635885116935,.0000342629937222,0,0,0,3,.0000635885116935,.0000342629937222,0,0,0,0,0,0,0,0,0,3,.0000635885116935,.0000342629937222,16,.0001311346790089,.0000618295215418
-3.2,11,.0000877437265316,.0000382500225555,9,.0000876737580029,.0000357808767717,2,6.99685287486e-08,2.46914578383e-06,2,6.99685287486e-08,2.46914578383e-06,0,0,0,0,0,0,2,6.99685287486e-08,2.46914578383e-06,0,0,0,2,6.99685287486e-08,2.46914578383e-06,0,0,0,11,.0000877437265316,.0000382500225555
-3.1,32,.0001740363322824,.000081644663851,18,.0000928027666305,.0000378740960514,14,.0000812335656519,.0000437705677996,14,.0000812335656519,.0000437705677996,0,0,0,14,.0000812335656519,.0000437705677996,0,0,0,0,0,0,0,0,0,14,.0000812335656519,.0000437705677996,32,.0001740363322824,.000081644663851
-3,15,.0001075673842479,.0000484825724811,10,.0000725062604943,.0000295908097883,5,.0000350611237536,.0000188917626929,5,.0000350611237536,.0000188917626929,0,0,0,5,.0000350611237536,.0000188917626929,0,0,0,0,0,0,0,0,0,5,.0000350611237536,.0000188917626929,15,.0001075673842479,.0000484825724811
-2.9,25,.0001301771067972,.0000624033272629,22,.0001277637520616,.0000521421595181,3,2.41335473561e-06,.0000102611677448,3,2.41335473561e-06,.0000102611677448,0,0,0,1,2.15549425775e-06,1.16143132800e-06,2,2.57860477859e-07,9.09973641683e-06,0,0,0,2,2.57860477859e-07,9.09973641683e-06,1,2.15549425775e-06,1.16143132800e-06,25,.0001301771067972,.0000624033272629
-2.8,25,.0000963557853737,.0000432125730185,17,.0000775490555043,.0000316488470844,8,.0000188067298694,.0000115637259341,8,.0000188067298694,.0000115637259341,0,0,0,7,.0000187655732589,.0000101113347455,1,4.11566105640e-08,1.45239118865e-06,0,0,0,1,4.11566105640e-08,1.45239118865e-06,7,.0000187655732589,.0000101113347455,25,.0000963557853737,.0000432125730185
-2.7,17,.0001236081741638,.0000570882590125,9,.0001021182202976,.0000416758656172,8,.0000214899538662,.0000154123933953,8,.0000214899538662,.0000154123933953,0,0,0,6,.0000213796506614,.0000115198615731,2,1.10303204792e-07,3.89253182220e-06,0,0,0,2,1.10303204792e-07,3.89253182220e-06,6,.0000213796506614,.0000115198615731,17,.0001236081741638,.0000570882590125
-2.6,20,.0001223275830853,.0000507732478354,18,.0001158271943495,.000047270684604,2,6.50038873573e-06,3.50256323145e-06,2,6.50038873573e-06,3.50256323145e-06,0,0,0,2,6.50038873573e-06,3.50256323145e-06,0,0,0,0,0,0,0,0,0,2,6.50038873573e-06,3.50256323145e-06,20,.0001223275830853,.0000507732478354
-2.5,36,.0003948826263915,.0001889904473273,28,.0002584233591278,.0001054661572653,8,.0001364592672637,.0000835242900621,8,.0001364592672637,.0000835242900621,0,0,0,5,.000136171594022,.0000733724803013,3,2.87673241672e-07,.0000101518097608,0,0,0,3,2.87673241672e-07,.0000101518097608,5,.000136171594022,.0000733724803013,36,.0003948826263915,.0001889904473273
-2.4,35,.0002057996625808,.0000864430447791,31,.000187030247389,.0000763296394553,4,.0000187694151919,.0000101134053239,4,.0000187694151919,.0000101134053239,0,0,0,4,.0000187694151919,.0000101134053239,0,0,0,0,0,0,0,0,0,4,.0000187694151919,.0000101134053239,35,.0002057996625808,.0000864430447791
-2.3,51,.0004054755520428,.000166499470879,49,.00039767759813,.0001622977486022,2,7.79795391281e-06,4.20172227678e-06,2,7.79795391281e-06,4.20172227678e-06,0,0,0,2,7.79795391281e-06,4.20172227678e-06,0,0,0,0,0,0,0,0,0,2,7.79795391281e-06,4.20172227678e-06,51,.0004054755520428,.000166499470879
-2.2,30,.0002170289374401,.0000931823288965,25,.0001984410237128,.0000809865365454,5,.0000185879137273,.0000121957923511,5,.0000185879137273,.0000121957923511,0,0,0,3,.0000185251756193,9.98180348688e-06,2,6.27381080420e-08,2.21398886424e-06,0,0,0,2,6.27381080420e-08,2.21398886424e-06,3,.0000185251756193,9.98180348688e-06,30,.0002170289374401,.0000931823288965
-2.1,39,.0002944252073434,.0001351206708478,28,.0002668418276244,.0001089018533094,11,.000027583379719,.0000262188175384,10,.0000275272513548,.0000242380824602,1,5.61283641787e-08,1.98073507818e-06,6,.0000272565866908,.000014686494751,5,3.26793028194e-07,.0000115323227874,1,5.61283641787e-08,1.98073507818e-06,4,2.70664664015e-07,9.55158770921e-06,6,.0000272565866908,.000014686494751,38,.0002943690789792,.0001331399357696
-2,40,.0001824171225628,.0001007450586314,23,.0001621990899139,.0000661956999295,17,.000020218032649,.000034549358702,13,.0000200041224225,.0000270005990615,4,2.13910226421e-07,7.54875964049e-06,7,.0000195373124825,.0000105271661823,10,6.80720166457e-07,.0000240221925196,4,2.13910226421e-07,7.54875964049e-06,6,4.66809940036e-07,.0000164734328791,7,.0000195373124825,.0000105271661823,36,.0001822032123364,.000093196298991
-1.9,48,.0002812445625295,.000121239001345,38,.0002612940585891,.0001066377359678,10,.0000199505039404,.0000146012653772,10,.0000199505039404,.0000146012653772,0,0,0,6,.0000198396722908,.000010690085503,4,1.10831649636e-07,3.91117987419e-06,0,0,0,4,1.10831649636e-07,3.91117987419e-06,6,.0000198396722908,.000010690085503,48,.0002812445625295,.000121239001345
-1.8,31,.0002012741986164,.0000837671516365,27,.0001888469894311,.0000770710776123,4,.0000124272091853,6.69607402415e-06,4,.0000124272091853,6.69607402415e-06,0,0,0,4,.0000124272091853,6.69607402415e-06,0,0,0,0,0,0,0,0,0,4,.0000124272091853,6.69607402415e-06,31,.0002012741986164,.0000837671516365
-1.7,35,.0001962383460068,.0000871264619491,30,.000142387220194,.0000581102003707,5,.0000538511258128,.0000290162615784,5,.0000538511258128,.0000290162615784,0,0,0,5,.0000538511258128,.0000290162615784,0,0,0,0,0,0,0,0,0,5,.0000538511258128,.0000290162615784,35,.0001962383460068,.0000871264619491
-1.6,22,.0001157794953883,.0000472512203373,22,.0001157794953883,.0000472512203373,0,0,0,0,0,0,0,0,0,0,0,0,0,0,0,0,0,0,0,0,0,0,0,0,22,.0001157794953883,.0000472512203373
-1.5,37,.0001763484131274,.0000905533321998,22,.000146771169284,.00005989935147,15,.0000295772438434,.0000306539807298,15,.0000295772438434,.0000306539807298,0,0,0,9,.000029153738069,.0000157087245043,6,4.23505774449e-07,.0000149452562255,0,0,0,6,4.23505774449e-07,.0000149452562255,9,.000029153738069,.0000157087245043,37,.0001763484131274,.0000905533321998
-1.4,31,.0001473895458162,.0000817706302314,27,.000140740583447,.00005743818474,4,6.64896236913e-06,.0000243324454914,4,6.64896236913e-06,.0000243324454914,0,0,0,1,6.05185459790e-06,3.26088252223e-06,3,5.97107771227e-07,.0000210715629692,0,0,0,3,5.97107771227e-07,.0000210715629692,1,6.05185459790e-06,3.26088252223e-06,31,.0001473895458162,.0000817706302314
-1.3,44,.0002408560365055,.0001076443190868,33,.0001870504606813,.000076337889368,11,.0000538055758241,.0000313064297188,9,.0000537389664714,.0000289558270197,2,6.66093527002e-08,2.35060269915e-06,9,.0000537389664714,.0000289558270197,2,6.66093527002e-08,2.35060269915e-06,2,6.66093527002e-08,2.35060269915e-06,0,0,0,9,.0000537389664714,.0000289558270197,42,.0002407894271528,.0001052937163877
-1.2,26,.0001416103367546,.0000656526900684,16,.0000814805896425,.0000332533587653,10,.0000601297471121,.0000323993313032,10,.0000601297471121,.0000323993313032,0,0,0,10,.0000601297471121,.0000323993313032,0,0,0,0,0,0,0,0,0,10,.0000601297471121,.0000323993313032,26,.0001416103367546,.0000656526900684
-1.1,32,.0001545550828723,.0000632575575423,31,.0001531666337087,.0000625094282896,1,1.38844916364e-06,7.48129252770e-07,1,1.38844916364e-06,7.48129252770e-07,0,0,0,1,1.38844916364e-06,7.48129252770e-07,0,0,0,0,0,0,0,0,0,1,1.38844916364e-06,7.48129252770e-07,32,.0001545550828723,.0000632575575423
-1,29,.000205809616773,.0000991247719639,20,.0001535830585908,.0000626793768106,9,.0000522265581822,.0000364453951534,9,.0000522265581822,.0000364453951534,0,0,0,6,.0000519875839018,.0000280121407741,3,2.38974280364e-07,8.43325437927e-06,0,0,0,3,2.38974280364e-07,8.43325437927e-06,6,.0000519875839018,.0000280121407741,29,.000205809616773,.0000991247719639
-.9,27,.0001494430443927,.0000609897806498,27,.0001494430443927,.0000609897806498,0,0,0,0,0,0,0,0,0,0,0,0,0,0,0,0,0,0,0,0,0,0,0,0,27,.0001494430443927,.0000609897806498
-.8,31,.0002447337623721,.0001048316143795,25,.0002068454877531,.0000844165166143,6,.000037888274619,.0000204150977652,6,.000037888274619,.0000204150977652,0,0,0,6,.000037888274619,.0000204150977652,0,0,0,0,0,0,0,0,0,6,.000037888274619,.0000204150977652,31,.0002447337623721,.0001048316143795
-.7,41,.0002688650284881,.0001287462565074,37,.0002660435504822,.0001085760663386,4,2.82147800590e-06,.0000201701901688,4,2.82147800590e-06,.0000201701901688,0,0,0,2,2.28479848374e-06,1.23110351069e-06,2,5.36679522156e-07,.0000189390866581,0,0,0,2,5.36679522156e-07,.0000189390866581,2,2.28479848374e-06,1.23110351069e-06,41,.0002688650284881,.0001287462565074
-.6,34,.0002422073504587,.0001114487877203,26,.0002343048313378,.0000956230535394,8,7.90251912086e-06,.0000158257341809,6,7.79039224419e-06,.0000118688465136,2,1.12126876672e-07,3.95688766730e-06,3,7.56964186621e-06,4.07870220442e-06,5,3.32877254650e-07,.0000117470319765,2,1.12126876672e-07,3.95688766730e-06,3,2.20750377977e-07,7.79014430918e-06,3,7.56964186621e-06,4.07870220442e-06,32,.000242095223582,.000107491900053
-.5,45,.000193766114652,.0001100213963241,28,.0001333178406639,.0000544088601941,17,.0000604482739881,.00005561253613,17,.0000604482739881,.00005561253613,0,0,0,10,.0000597852176725,.0000322136903605,7,6.63056315631e-07,.0000233988457694,0,0,0,7,6.63056315631e-07,.0000233988457694,10,.0000597852176725,.0000322136903605,45,.000193766114652,.0001100213963241
-.4,49,.0003832205496366,.0001873709612141,34,.0003440507159667,.0001404118709729,15,.0000391698336699,.0000469590902412,11,.0000385836976449,.0000262747123543,4,5.86136025049e-07,.0000206843778869,9,.0000384258612485,.0000207047637559,6,7.43972421446e-07,.0000262543264853,4,5.86136025049e-07,.0000206843778869,2,1.57836396397e-07,5.56994859835e-06,9,.0000384258612485,.0000207047637559,45,.0003826344136115,.0001666865833272
-.3,51,.0002540560533077,.0001187900284663,40,.0002281462848259,.0000931096641921,11,.0000259097684818,.0000256803642742,11,.0000259097684818,.0000256803642742,0,0,0,9,.0000255725201441,.0000137790794952,2,3.37248337701e-07,.000011901284779,0,0,0,2,3.37248337701e-07,.000011901284779,9,.0000255725201441,.0000137790794952,51,.0002540560533077,.0001187900284663
-.2,40,.0002180055769969,.0000949776249399,33,.0001985073478181,.0000810136043867,7,.0000194982291788,.0000139640205532,7,.0000194982291788,.0000139640205532,0,0,0,6,.0000193987224861,.0000104524910682,1,9.95066926635e-08,3.51152948497e-06,0,0,0,1,9.95066926635e-08,3.51152948497e-06,6,.0000193987224861,.0000104524910682,40,.0002180055769969,.0000949776249399
-.1,44,.0001863449026978,.0000927427065562,35,.0001664070204015,.0000679130155277,9,.0000199378822963,.0000248296910286,9,.0000199378822963,.0000248296910286,0,0,0,4,.0000195325164896,.0000105245824216,5,4.05365806699e-07,.000014305108607,0,0,0,5,4.05365806699e-07,.000014305108607,4,.0000195325164896,.0000105245824216,44,.0001863449026978,.0000927427065562
0,56,.0003387954632217,.0001530357217803,35,.0002258078220621,.0000921553060493,21,.0001129876411596,.0000608804157309,21,.0001129876411596,.0000608804157309,0,0,0,21,.0001129876411596,.0000608804157309,0,0,0,0,0,0,0,0,0,21,.0001129876411596,.0000608804157309,56,.0003387954632217,.0001530357217803
.1,44,.0002119519352668,.0001075357479294,31,.0001707621777314,.0000696904151596,13,.0000411897575354,.0000378453327698,13,.0000411897575354,.0000378453327698,0,0,0,6,.0000407393671367,.0000219513348725,7,4.50390398754e-07,.0000158939978974,0,0,0,7,4.50390398754e-07,.0000158939978974,6,.0000407393671367,.0000219513348725,44,.0002119519352668,.0001075357479294
.2,60,.0003712335763595,.0001713891427357,49,.0003373246793217,.0001376668857347,11,.0000339088970378,.000033722257001,11,.0000339088970378,.000033722257001,0,0,0,5,.0000334642612643,.0000180313365377,6,4.44635773533e-07,.0000156909204634,0,0,0,6,4.44635773533e-07,.0000156909204634,5,.0000334642612643,.0000180313365377,60,.0003712335763595,.0001713891427357
.3,47,.0003860418998798,.0001719054041018,37,.0003751770566964,.0001531149678442,10,.0000108648431834,.0000187904362576,10,.0000108648431834,.0000187904362576,0,0,0,4,.0000104925843516,5.65365294847e-06,6,3.72258831760e-07,.0000131367833092,0,0,0,6,3.72258831760e-07,.0000131367833092,4,.0000104925843516,5.65365294847e-06,47,.0003860418998798,.0001719054041018
.4,38,.0002031736108528,.0001140905047237,25,.0001392904481463,.0000568463652257,13,.0000638831627064,.0000572441394979,10,.0000636182564868,.0000478957636005,3,2.64906219627e-07,9.34837589739e-06,7,.0000632264141132,.0000340678884641,6,6.56748593286e-07,.0000231762510339,3,2.64906219627e-07,9.34837589739e-06,3,3.91842373659e-07,.0000138278751365,7,.0000632264141132,.0000340678884641,35,.0002029087046331,.0001047421288263
.5,70,.000429114355768,.0002134777762421,45,.0003775148453542,.0001540690474826,25,.0000515995104138,.0000594087287595,23,.0000514156263733,.0000529195745571,2,1.83884040439e-07,6.48915420243e-06,15,.0000506900087203,.000027312976556,10,9.09501693513e-07,.0000320957522035,2,1.83884040439e-07,6.48915420243e-06,8,7.25617653075e-07,.0000256065980011,15,.0000506900087203,.000027312976556,68,.0004289304717275,.0002069886220397
.6,41,.0003006750493455,.0001377228167883,30,.0002736991817756,.000111700436122,11,.0000269758675699,.0000260223806663,11,.0000269758675699,.0000260223806663,0,0,0,9,.000026645307571,.0000143571224953,2,3.30559998929e-07,.000011665258171,0,0,0,2,3.30559998929e-07,.000011665258171,9,.000026645307571,.0000143571224953,41,.0003006750493455,.0001377228167883
.7,79,.0004864713930672,.0002418101588546,61,.0004373939227662,.0001785065279591,18,.000049077470301,.0000633036308955,18,.000049077470301,.0000633036308955,0,0,0,10,.0000480167814203,.000025872578135,8,1.06068888073e-06,.0000374310527604,0,0,0,8,1.06068888073e-06,.0000374310527604,10,.0000480167814203,.000025872578135,79,.0004864713930672,.0002418101588546
.8,58,.0003662038012635,.000153399619137,49,.0003360089262969,.0001371299051129,9,.0000301948749666,.000016269714024,9,.0000301948749666,.000016269714024,0,0,0,9,.0000301948749666,.000016269714024,0,0,0,0,0,0,0,0,0,9,.0000301948749666,.000016269714024,58,.0003662038012635,.000153399619137
.9,53,.0004498335020102,.000211109895929,39,.0003971819485287,.0001620954649866,14,.0000526515534816,.0000490144309424,14,.0000526515534816,.0000490144309424,0,0,0,6,.0000520574758411,.0000280497997664,8,5.94077640415e-07,.000020964631176,0,0,0,8,5.94077640415e-07,.000020964631176,6,.0000520574758411,.0000280497997664,53,.0004498335020102,.000211109895929
1,58,.0004157926934454,.0001997857434048,41,.0002286785211254,.0000933268794938,17,.00018711417232,.000106458863911,17,.00018711417232,.000106458863911,0,0,0,13,.0001869519498996,.000100734135458,4,1.62222420386e-07,5.72472845306e-06,0,0,0,4,1.62222420386e-07,5.72472845306e-06,13,.0001869519498996,.000100734135458,58,.0004157926934454,.0001997857434048
1.1,41,.0002265166910718,.0001036992792933,23,.0001651333760719,.0000673932231052,18,.0000613833149998,.0000363060561881,16,.0000613127927593,.0000338173699106,2,7.05222404918e-08,2.48868627750e-06,15,.0000612903302226,.0000330246808744,3,9.29847772113e-08,3.28137531369e-06,2,7.05222404918e-08,2.48868627750e-06,1,2.24625367196e-08,7.92689036189e-07,15,.0000612903302226,.0000330246808744,39,.0002264461688313,.0001012105930158
1.2,70,.0003889802738115,.0002150257922722,47,.0003365383854543,.0001373459857632,23,.0000524418883572,.000077679806509,21,.0000523400459755,.0000740858520203,2,1.01842381639e-07,3.59395448868e-06,11,.0000510196700816,.0000274906064988,12,1.42221827559e-06,.0000501892000102,2,1.01842381639e-07,3.59395448868e-06,10,1.32037589395e-06,.0000465952455215,11,.0000510196700816,.0000274906064988,68,.0003888784314299,.0002114318377835
1.3,61,.0003878492195213,.0001758573760071,47,.0003592982908458,.0001466346182042,14,.0000285509286755,.0000292227578029,10,.0000282930858333,.0000201236437078,4,2.57842842188e-07,9.09911409508e-06,8,.0000281526949948,.0000151693382122,6,3.98233680698e-07,.0000140534195907,4,2.57842842188e-07,9.09911409508e-06,2,1.40390838510e-07,4.95430549563e-06,8,.0000281526949948,.0000151693382122,57,.0003875913766791,.000166758261912
1.4,41,.0001305593670615,.0000771688656869,22,.0000982805183867,.000040109643237,19,.0000322788486748,.0000370592224499,17,.0000321548880002,.0000326847271026,2,1.23960674614e-07,4.37449534729e-06,10,.0000317129120049,.0000170876680841,9,5.65936669972e-07,.0000199715543658,2,1.23960674614e-07,4.37449534729e-06,7,4.41975995358e-07,.0000155970590185,10,.0000317129120049,.0000170876680841,39,.0001304354063869,.0000727943703396
1.5,53,.00038778695298,.0001622031645354,46,.0003607988492149,.0001472470183899,7,.0000269881037651,.0000149561461456,6,.0000269761811751,.0000145354053416,1,1.19225900264e-08,4.20740803975e-07,6,.0000269761811751,.0000145354053416,1,1.19225900264e-08,4.20740803975e-07,1,1.19225900264e-08,4.20740803975e-07,0,0,0,6,.0000269761811751,.0000145354053416,52,.00038777503039,.0001617824237314
1.6,75,.0007696430591189,.0003194979938712,64,.0007427998144749,.0003031469113921,11,.000026843244644,.0000163510824791,11,.000026843244644,.0000163510824791,0,0,0,9,.0000267889345196,.0000144345118542,2,5.43101243977e-08,1.91657062487e-06,0,0,0,2,5.43101243977e-08,1.91657062487e-06,9,.0000267889345196,.0000144345118542,75,.0007696430591189,.0003194979938712
1.7,42,.0004411076194302,.0001945052388805,31,.0003498002902234,.0001427583499662,11,.0000913073292068,.0000517468889143,10,.0000912601043979,.000050080354697,1,4.72248089523e-08,1.66653421729e-06,9,.0000912339969545,.0000491590392357,2,7.33322522706e-08,2.58784967855e-06,1,4.72248089523e-08,1.66653421729e-06,1,2.61074433183e-08,9.21315461255e-07,9,.0000912339969545,.0000491590392357,41,.0004410603946212,.0001928387046632
1.8,45,.000323596371345,.0001509742629651,37,.0001789240293419,.0000730213802171,8,.0001446723420031,.0000779528827479,8,.0001446723420031,.0000779528827479,0,0,0,8,.0001446723420031,.0000779528827479,0,0,0,0,0,0,0,0,0,8,.0001446723420031,.0000779528827479,45,.000323596371345,.0001509742629651
1.9,49,.0002879639920081,.0001503936608742,37,.0002747412904682,.0001121257351997,12,.0000132227015399,.0000382679256745,10,.0000130683893218,.0000328223434281,2,1.54312218115e-07,5.44558224647e-06,6,.0000123265081129,6.64181447974e-06,6,8.96193427025e-07,.0000316261111948,2,1.54312218115e-07,5.44558224647e-06,4,7.41881208910e-07,.0000261805289483,6,.0000123265081129,6.64181447974e-06,47,.00028780967979,.0001449480786277
2,63,.0006072856757235,.0002650781331681,49,.0005453605122057,.0002225691937952,14,.0000619251635179,.000042508939373,13,.0000618828282235,.0000410149530126,1,4.23352943812e-08,1.49398636040e-06,10,.0000616620829987,.0000332249903749,4,2.63080519147e-07,9.28394899802e-06,1,4.23352943812e-08,1.49398636040e-06,3,2.20745224766e-07,7.78996263762e-06,10,.0000616620829987,.0000332249903749,62,.0006072433404292,.0002635841468077
2.1,50,.0003217674029585,.000170496788769,35,.0002287067389943,.000093338393981,15,.0000930606639642,.0000771583947881,12,.0000927420554433,.000065914897732,3,3.18608520899e-07,.0000112434970561,8,.0000922832632568,.0000497244059261,7,7.77400707364e-07,.000027433988862,3,3.18608520899e-07,.0000112434970561,4,4.58792186464e-07,.0000161904918059,8,.0000922832632568,.0000497244059261,47,.0003214487944376,.000159253291713
2.2,70,.000438498467858,.0002019528927804,47,.0003426891763638,.0001398562135364,23,.0000958092914942,.000062096679244,20,.0000955993217673,.0000546869779328,3,2.09969726939e-07,7.40970131119e-06,19,.000095507933338,.0000514619367777,4,3.01358156207e-07,.0000106347424662,3,2.09969726939e-07,7.40970131119e-06,1,9.13884292686e-08,3.22504115502e-06,19,.000095507933338,.0000514619367777,67,.0004382884981311,.0001945431914692
2.3,36,.0001736846340918,.0000728738529574,32,.0001584543879289,.0000646674356517,4,.0000152302461629,8.20641730570e-06,4,.0000152302461629,8.20641730570e-06,0,0,0,4,.0000152302461629,8.20641730570e-06,0,0,0,0,0,0,0,0,0,4,.0000152302461629,8.20641730570e-06,36,.0001736846340918,.0000728738529574
2.4,59,.0003115845232564,.0001430087579024,48,.0002684247282332,.0001095478557431,11,.0000431597950232,.0000334609021593,10,.000043103318319,.0000314678741233,1,5.64767042022e-08,1.99302803594e-06,8,.0000428661196565,.0000230972805184,3,2.93675366692e-07,.0000103636216409,1,5.64767042022e-08,1.99302803594e-06,2,2.37198662489e-07,8.37059360492e-06,8,.0000428661196565,.0000230972805184,58,.0003115280465522,.0001410157298665
2.5,52,.0003166822757521,.0001331110958347,43,.0002870849552892,.000117163358567,9,.0000295973204629,.0000159477372677,9,.0000295973204629,.0000159477372677,0,0,0,9,.0000295973204629,.0000159477372677,0,0,0,0,0,0,0,0,0,9,.0000295973204629,.0000159477372677,52,.0003166822757521,.0001331110958347
2.6,62,.00040500589758,.00018973927979,45,.0003060505833901,.0001249034895636,17,.0000989553141899,.0000648357902264,17,.0000989553141899,.0000648357902264,0,0,0,12,.0000986239144822,.0000531408995812,5,3.31399707676e-07,.0000116948906452,0,0,0,5,3.31399707676e-07,.0000116948906452,12,.0000986239144822,.0000531408995812,62,.00040500589758,.00018973927979
2.7,60,.0003848100016057,.00016229328196,47,.0003446678176715,.0001406637231867,13,.0000401421839342,.0000216295587734,13,.0000401421839342,.0000216295587734,0,0,0,13,.0000401421839342,.0000216295587734,0,0,0,0,0,0,0,0,0,13,.0000401421839342,.0000216295587734,60,.0003848100016057,.00016229328196
2.8,93,.0007296332388194,.0003084574851187,78,.0006883985629429,.000280945011184,15,.0000412346758765,.0000275124739346,15,.0000412346758765,.0000275124739346,0,0,0,13,.0000410823256516,.0000221361292461,2,1.52350224880e-07,5.37634468856e-06,0,0,0,2,1.52350224880e-07,5.37634468856e-06,13,.0000410823256516,.0000221361292461,93,.0007296332388194,.0003084574851187
2.9,48,.0002991407234418,.0001392994652747,36,.0002528808711304,.0001032041962503,12,.0000462598523114,.0000360952690244,12,.0000462598523114,.0000360952690244,0,0,0,8,.0000459384368696,.0000247527177635,4,3.21415441817e-07,.0000113425512609,0,0,0,4,3.21415441817e-07,.0000113425512609,8,.0000459384368696,.0000247527177635,48,.0002991407234418,.0001392994652747
3,65,.0003436854267811,.0001497787123981,49,.0002951409838943,.0001204511300443,16,.0000485444428868,.0000293275823537,16,.0000485444428868,.0000293275823537,0,0,0,13,.0000484532015435,.0000261077319692,3,9.12413433696e-08,3.21985038454e-06,0,0,0,3,9.12413433696e-08,3.21985038454e-06,13,.0000484532015435,.0000261077319692,65,.0003436854267811,.0001497787123981
3.1,79,.0004551776208501,.0001941114675219,65,.0004099884987454,.0001673219989016,14,.0000451891221047,.0000267894686203,14,.0000451891221047,.0000267894686203,0,0,0,12,.0000451188930128,.0000243111276177,2,7.02290918753e-08,2.47834100264e-06,0,0,0,2,7.02290918753e-08,2.47834100264e-06,12,.0000451188930128,.0000243111276177,79,.0004551776208501,.0001941114675219
3.2,97,.0008210118580223,.000366060582337,72,.0005838892738552,.0002382933183753,25,.0002371225841671,.0001277672639617,25,.0002371225841671,.0001277672639617,0,0,0,25,.0002371225841671,.0001277672639617,0,0,0,0,0,0,0,0,0,25,.0002371225841671,.0001277672639617,97,.0008210118580223,.000366060582337
3.3,80,.0005776161525546,.000251388635462,63,.0005062355512564,.0002066017569007,17,.0000713806012982,.0000447868785614,15,.0000711985805992,.0000383634808259,2,1.82020698958e-07,6.42339773549e-06,15,.0000711985805992,.0000383634808259,2,1.82020698958e-07,6.42339773549e-06,2,1.82020698958e-07,6.42339773549e-06,0,0,0,15,.0000711985805992,.0000383634808259,78,.0005774341318556,.0002449652377265
3.4,75,.0003621122284798,.0002184647685795,40,.0002651129881315,.0001081962900003,35,.0000969992403483,.0001102684785792,33,.0000968291048267,.0001042645016014,2,1.70135521671e-07,6.00397697781e-06,15,.0000953301162099,.0000513661237846,20,1.66912413846e-06,.0000589023547946,2,1.70135521671e-07,6.00397697781e-06,18,1.49898861679e-06,.0000528983778167,15,.0000953301162099,.0000513661237846,73,.0003619420929581,.0002124607916016
3.5,50,.0002929558284137,.0001275912589449,40,.0002564524346553,.0001046617974225,10,.0000365033937584,.0000229294615224,10,.0000365033937584,.0000229294615224,0,0,0,9,.0000364095659506,.0000196183362391,1,9.38278077456e-08,3.31112528329e-06,0,0,0,1,9.38278077456e-08,3.31112528329e-06,9,.0000364095659506,.0000196183362391,50,.0002929558284137,.0001275912589449
3.6,77,.0005282650749621,.0002411479574675,51,.0003952376857796,.0001613019812794,26,.0001330273891824,.0000798459761882,26,.0001330273891824,.0000798459761882,0,0,0,24,.000132792352133,.0000715516637229,2,2.35037049379e-07,8.29431246530e-06,0,0,0,2,2.35037049379e-07,8.29431246530e-06,24,.000132792352133,.0000715516637229,77,.0005282650749621,.0002411479574675
3.7,67,.0004740702061969,.0002094379839264,55,.0003897051323065,.0001590440745076,12,.0000843650738904,.0000503939094187,11,.0000843430781856,.0000496176946285,1,2.19957048131e-08,7.76214790221e-07,9,.0000842230326725,.0000453813633499,3,1.42041217899e-07,5.01254606888e-06,1,2.19957048131e-08,7.76214790221e-07,2,1.20045513086e-07,4.23633127866e-06,9,.0000842230326725,.0000453813633499,66,.0004740482104921,.0002086617691361
3.8,66,.0005182383611526,.0002212183155734,58,.0004870401201629,.0001987678318756,8,.0000311982409897,.0000224504836979,8,.0000311982409897,.0000224504836979,0,0,0,6,.0000310359375817,.0000167228971577,2,1.62303408047e-07,5.72758654016e-06,0,0,0,2,1.62303408047e-07,5.72758654016e-06,6,.0000310359375817,.0000167228971577,66,.0005182383611526,.0002212183155734
3.9,52,.0003314952447369,.0001747593934738,34,.0002765563302773,.0001128664769112,18,.0000549389144595,.0000618929165626,18,.0000549389144595,.0000618929165626,0,0,0,13,.0000540097055364,.000029101708094,5,9.29208923139e-07,.0000327912084686,0,0,0,5,9.29208923139e-07,.0000327912084686,13,.0000540097055364,.000029101708094,52,.0003314952447369,.0001747593934738
4,75,.00032953329546,.000186210299546,54,.0002811947117607,.0001147594655322,21,.0000483385836993,.0000714508340138,17,.0000478478574628,.0000541334091508,4,4.90726236535e-07,.000017317424863,11,.0000470319898795,.0000253419489127,10,1.30659381981e-06,.0000461088851011,4,4.90726236535e-07,.000017317424863,6,8.15867583270e-07,.0000287914602382,11,.0000470319898795,.0000253419489127,71,.0003290425692235,.000168892874683
4.1,74,.0004621995876377,.0002103967122196,53,.0003720195927599,.0001518263585467,21,.0000901799948778,.0000585703536728,21,.0000901799948778,.0000585703536728,0,0,0,15,.0000898928271909,.0000484363839917,6,2.87167686963e-07,.0000101339696812,0,0,0,6,2.87167686963e-07,.0000101339696812,15,.0000898928271909,.0000484363839917,74,.0004621995876377,.0002103967122196
4.2,79,.0005694738516127,.000261734805747,66,.0005281691567234,.0002155531614676,13,.0000413046948893,.0000461816442794,11,.0000412226602293,.0000432866919482,2,8.20346599539e-08,2.89495233119e-06,7,.0000406161966566,.0000218849683051,6,6.88498232648e-07,.0000242966759743,2,8.20346599539e-08,2.89495233119e-06,4,6.06463572694e-07,.0000214017236431,7,.0000406161966566,.0000218849683051,77,.0005693918169527,.0002588398534158
4.3,65,.0005253759321846,.0002466489055166,46,.0004594227427788,.0001874967934725,19,.0000659531894058,.0000591521120441,17,.000065852254167,.0000555901701773,2,1.00935238834e-07,3.56194186679e-06,11,.0000652736327993,.0000351709785491,8,6.79556606542e-07,.000023981133495,2,1.00935238834e-07,3.56194186679e-06,6,5.78621367708e-07,.0000204191916282,11,.0000652736327993,.0000351709785491,63,.0005252749969458,.0002430869636498
4.4,69,.0005026545192592,.0002219422368341,57,.0004788828675828,.0001954387516037,12,.0000237716516764,.0000265034852305,12,.0000237716516764,.0000265034852305,0,0,0,8,.0000233775642755,.00001259638492,4,3.94087400934e-07,.0000139071003105,0,0,0,4,3.94087400934e-07,.0000139071003105,8,.0000233775642755,.00001259638492,69,.0005026545192592,.0002219422368341
4.5,72,.0004332165640335,.000213837637034,48,.0003078102284917,.0001256216257275,24,.0001254063355418,.0000882160113065,24,.0001254063355418,.0000882160113065,0,0,0,20,.0001248122699735,.0000672518060014,4,5.94065568293e-07,.0000209642053051,0,0,0,4,5.94065568293e-07,.0000209642053051,20,.0001248122699735,.0000672518060014,72,.0004332165640335,.000213837637034
4.6,60,.0003591594773695,.0001599768136202,56,.0003476140587964,.0001418661211119,4,.0000115454185732,.0000181106925083,4,.0000115454185732,.0000181106925083,0,0,0,2,.0000112032730613,6.03658918408e-06,2,3.42145511922e-07,.0000120741033243,0,0,0,2,3.42145511922e-07,.0000120741033243,2,.0000112032730613,6.03658918408e-06,60,.0003591594773695,.0001599768136202
4.7,66,.0005170476707299,.0002718425899957,41,.0004297399495954,.0001753828400979,25,.0000873077211345,.0000964597498978,21,.0000866953324881,.0000748489352418,4,6.12388646459e-07,.000021610814656,15,.0000858856925561,.0000462772430865,10,1.42202857845e-06,.0000501825068113,4,6.12388646459e-07,.000021610814656,6,8.09639931987e-07,.0000285716921553,15,.0000858856925561,.0000462772430865,62,.0005164352820834,.0002502317753397
4.8,89,.0008805014267068,.000388171801518,77,.0008326724090466,.0003398251679698,12,.0000478290176602,.0000483466335481,12,.0000478290176602,.0000483466335481,0,0,0,8,.0000471793813404,.0000254213694006,4,6.49636319849e-07,.0000229252641475,0,0,0,4,6.49636319849e-07,.0000229252641475,8,.0000471793813404,.0000254213694006,89,.0008805014267068,.000388171801518
4.9,79,.0006551498190035,.0002860002385887,62,.0005679926669018,.0002318056923514,17,.0000871571521017,.0000541945462373,17,.0000871571521017,.0000541945462373,0,0,0,14,.0000869490343121,.0000468501982596,3,2.08117789668e-07,7.34434797778e-06,0,0,0,3,2.08117789668e-07,7.34434797778e-06,14,.0000869490343121,.0000468501982596,79,.0006551498190035,.0002860002385887
5,79,.0005493100108147,.0002635186228872,57,.0003957427993555,.0001615081287127,22,.0001535672114592,.0001020104941745,22,.0001535672114592,.0001020104941745,0,0,0,13,.0001530128363356,.0000824469402687,9,5.54375123585e-07,.0000195635539058,0,0,0,9,5.54375123585e-07,.0000195635539058,13,.0001530128363356,.0000824469402687,79,.0005493100108147,.0002635186228872
5.1,69,.0004108094672439,.0001810432787011,55,.0003377799730515,.0001378526940812,14,.0000730294941924,.0000431905846199,14,.0000730294941924,.0000431905846199,0,0,0,11,.0000729189761159,.000039290470113,3,1.10518076468e-07,3.90011450691e-06,0,0,0,3,1.10518076468e-07,3.90011450691e-06,11,.0000729189761159,.000039290470113,69,.0004108094672439,.0001810432787011
5.2,93,.0006564303121124,.0002820924560751,82,.0005669272305795,.0002313708693009,11,.0000895030815329,.0000507215867742,8,.0000894312781838,.0000481876911635,3,7.18033490443e-08,2.53389561067e-06,8,.0000894312781838,.0000481876911635,3,7.18033490443e-08,2.53389561067e-06,3,7.18033490443e-08,2.53389561067e-06,0,0,0,8,.0000894312781838,.0000481876911635,90,.0006563585087633,.0002795585604645
5.3,70,.0003273535860906,.0001720142275019,41,.0002069119207135,.0000844436268892,29,.0001204416653771,.0000875706006127,29,.0001204416653771,.0000875706006127,0,0,0,20,.0001197891929223,.0000645452523713,9,6.52472454732e-07,.0000230253482414,0,0,0,9,6.52472454732e-07,.0000230253482414,20,.0001197891929223,.0000645452523713,70,.0003273535860906,.0001720142275019
5.4,67,.0004097863878485,.0001901535500508,49,.0003339959666846,.0001363083913191,18,.0000757904211639,.0000538451587317,16,.0000757404450766,.0000520815335676,2,4.99760872685e-08,1.76362516413e-06,10,.0000754161110308,.0000406359863518,8,3.74310133111e-07,.0000132091723799,2,4.99760872685e-08,1.76362516413e-06,6,3.24334045843e-07,.0000114455472158,10,.0000754161110308,.0000406359863518,65,.0004097364117612,.0001883899248867
5.5,93,.0009486076660608,.000416994370255,70,.0008467463316038,.0003455689320049,23,.000101861334457,.0000714254382501,23,.000101861334457,.0000714254382501,0,0,0,17,.000101385366861,.0000546288364376,6,4.75967596003e-07,.0000167966018125,0,0,0,6,4.75967596003e-07,.0000167966018125,17,.000101385366861,.0000546288364376,93,.0009486076660608,.000416994370255
5.6,70,.0005452758451838,.0002470092816225,56,.0004246363257607,.0001732999785986,14,.0001206395194231,.0000737093030239,10,.0001203889946737,.0000648684406315,4,2.50524749390e-07,8.84086239239e-06,10,.0001203889946737,.0000648684406315,4,2.50524749390e-07,8.84086239239e-06,4,2.50524749390e-07,8.84086239239e-06,0,0,0,10,.0001203889946737,.0000648684406315,66,.0005450253204344,.0002381684192301
5.7,96,.0005517056210635,.000283740233499,71,.0004475797696841,.0001826635154885,25,.0001041258513794,.0001010767180105,23,.0001037143339602,.0000865545241595,2,4.11517419252e-07,.000014522193851,20,.0001028317356031,.0000554081741484,5,1.29411577632e-06,.0000456685438621,2,4.11517419252e-07,.000014522193851,3,8.82598357066e-07,.0000311463500111,20,.0001028317356031,.0000554081741484,94,.0005512941036443,.000269218039648
5.8,84,.000535164815858,.0002295648525603,74,.0004971230781052,.0002028828270966,10,.0000380417377528,.0000266820254637,10,.0000380417377528,.0000266820254637,0,0,0,8,.0000378637769245,.0000204018986096,2,1.77960828296e-07,6.28012685411e-06,0,0,0,2,1.77960828296e-07,6.28012685411e-06,8,.0000378637769245,.0000204018986096,84,.000535164815858,.0002295648525603
5.9,84,.000510486574818,.0002343724057141,67,.0004332622411312,.0001768203366623,17,.0000772243336868,.0000575520690518,17,.0000772243336868,.0000575520690518,0,0,0,12,.0000767655850495,.0000413631152014,5,4.58748637300e-07,.0000161889538504,0,0,0,5,4.58748637300e-07,.0000161889538504,12,.0000767655850495,.0000413631152014,84,.000510486574818,.0002343724057141
6,86,.0006007168090854,.0002622723438321,71,.0004972534346734,.0002029360270512,15,.0001034633744119,.0000593363167809,15,.0001034633744119,.0000593363167809,0,0,0,11,.0001033601299696,.0000556928843025,4,1.03244442329e-07,3.64343247838e-06,0,0,0,4,1.03244442329e-07,3.64343247838e-06,11,.0001033601299696,.0000556928843025,86,.0006007168090854,.0002622723438321
6.1,66,.0004824045150258,.0002059731163513,51,.0004128065365308,.0001684720779735,15,.000069597978495,.0000375010383777,15,.000069597978495,.0000375010383777,0,0,0,15,.000069597978495,.0000375010383777,0,0,0,0,0,0,0,0,0,15,.000069597978495,.0000375010383777,66,.0004824045150258,.0002059731163513
6.2,69,.0004071887773733,.0001743960267504,59,.000387597366057,.000158183867029,10,.0000195914113164,.0000162121597214,10,.0000195914113164,.0000162121597214,0,0,0,8,.0000194286558326,.0000104686197346,2,1.62755483757e-07,5.74353998672e-06,0,0,0,2,1.62755483757e-07,5.74353998672e-06,8,.0000194286558326,.0000104686197346,69,.0004071887773733,.0001743960267504
6.3,84,.0003864140783314,.0002075610498764,58,.0003354088574952,.0001368850055883,26,.0000510052208362,.0000706760442881,23,.0000508253620275,.0000643289390609,3,1.79858808735e-07,6.34710522718e-06,14,.0000497622702369,.0000268130893346,12,1.24295059933e-06,.0000438629549535,3,1.79858808735e-07,6.34710522718e-06,9,1.06309179060e-06,.0000375158497263,14,.0000497622702369,.0000268130893346,81,.0003862342195227,.0002012139446492
6.4,96,.0008786623105692,.0003828009422477,81,.0008178022197853,.0003337564368167,15,.0000608600907839,.0000490445054311,12,.0000603924249845,.0000325408695971,3,4.67665799420e-07,.0000165036358339,12,.0000603924249845,.0000325408695971,3,4.67665799420e-07,.0000165036358339,3,4.67665799420e-07,.0000165036358339,0,0,0,12,.0000603924249845,.0000325408695971,93,.0008781946447698,.0003662973064138
6.5,74,.0004288080398744,.0002246403122399,54,.000377326024136,.000153991987645,20,.0000514820157385,.0000706483245949,20,.0000514820157385,.0000706483245949,0,0,0,8,.0000502472557855,.0000270744098998,12,1.23475995295e-06,.0000435739146951,0,0,0,12,1.23475995295e-06,.0000435739146951,8,.0000502472557855,.0000270744098998,74,.0004288080398744,.0002246403122399
6.6,75,.0004697128638895,.0001992714512085,64,.0004280714169909,.000174701885328,11,.0000416414468987,.0000245695658805,11,.0000416414468987,.0000245695658805,0,0,0,10,.0000415800905103,.0000224043370736,1,6.13563884144e-08,2.16522880692e-06,0,0,0,1,6.13563884144e-08,2.16522880692e-06,10,.0000415800905103,.0000224043370736,75,.0004697128638895,.0001992714512085
6.7,68,.0004152787594762,.0001785445745668,59,.0003791097782369,.0001547199605625,9,.0000361689812394,.0000238246140043,9,.0000361689812394,.0000238246140043,0,0,0,6,.0000360442088549,.0000194214740077,3,1.24772384424e-07,4.40313999661e-06,0,0,0,3,1.24772384424e-07,4.40313999661e-06,6,.0000360442088549,.0000194214740077,68,.0004152787594762,.0001785445745668
6.8,88,.0006807613429416,.0003157687416717,63,.0005790483101009,.0002363176518259,25,.0001017130328407,.0000794510898459,25,.0001017130328407,.0000794510898459,0,0,0,17,.0001010038154163,.0000544232468656,8,7.09217424344e-07,.0000250278429803,0,0,0,8,7.09217424344e-07,.0000250278429803,17,.0001010038154163,.0000544232468656,88,.0006807613429416,.0003157687416717
6.9,79,.0005045552336256,.0002354401237596,62,.0004623885619139,.0001887071892668,17,.0000421666717116,.0000467329344929,17,.0000421666717116,.0000467329344929,0,0,0,8,.0000414756746068,.0000223480757313,9,6.90997104869e-07,.0000243848587616,0,0,0,9,6.90997104869e-07,.0000243848587616,8,.0000414756746068,.0000223480757313,79,.0005045552336256,.0002354401237596
7,96,.0006751626733461,.0003091264257478,69,.0004453782498786,.0001817650425551,27,.0002297844234675,.0001273613831927,27,.0002297844234675,.0001273613831927,0,0,0,25,.0002296823217875,.0001237582782778,2,1.02101680000e-07,3.60310491487e-06,0,0,0,2,1.02101680000e-07,3.60310491487e-06,25,.0002296823217875,.0001237582782778,96,.0006751626733461,.0003091264257478
7.1,52,.0003483422499357,.0001431773425224,50,.0003405843156088,.0001389971836829,2,7.75793432695e-06,4.18015883952e-06,2,7.75793432695e-06,4.18015883952e-06,0,0,0,2,7.75793432695e-06,4.18015883952e-06,0,0,0,0,0,0,0,0,0,2,7.75793432695e-06,4.18015883952e-06,52,.0003483422499357,.0001431773425224
7.2,76,.0005540827554622,.0002377431240745,64,.0005111218639513,.0002085959301894,12,.0000429608915109,.0000291471938851,12,.0000429608915109,.0000291471938851,0,0,0,9,.0000427882655458,.00002305533053,3,1.72625965078e-07,6.09186335510e-06,0,0,0,3,1.72625965078e-07,6.09186335510e-06,9,.0000427882655458,.00002305533053,76,.0005540827554622,.0002377431240745
7.3,97,.0005248717098709,.0003038646852929,74,.0004850443870055,.0001979533466852,23,.0000398273228654,.0001059113386077,23,.0000398273228654,.0001059113386077,0,0,0,11,.0000373971046201,.0000201504456641,12,2.43021824531e-06,.0000857608929437,0,0,0,12,2.43021824531e-06,.0000857608929437,11,.0000373971046201,.0000201504456641,97,.0005248717098709,.0003038646852929
7.4,84,.0006912312971554,.0003022545584201,62,.0005887021264925,.0002402575079827,22,.0001025291706629,.0000619970504374,22,.0001025291706629,.0000619970504374,0,0,0,18,.0001023348743274,.0000551404531279,4,1.94296335465e-07,6.85659730948e-06,0,0,0,4,1.94296335465e-07,6.85659730948e-06,18,.0001023348743274,.0000551404531279,84,.0006912312971554,.0003022545584201
7.5,89,.0006040465528265,.0002961868865725,67,.0005486021653951,.000223892160335,22,.0000554443874314,.0000722947262375,22,.0000554443874314,.0000722947262375,0,0,0,8,.0000542236881529,.0000292170068406,14,1.22069927855e-06,.0000430777193969,0,0,0,14,1.22069927855e-06,.0000430777193969,8,.0000542236881529,.0000292170068406,89,.0006040465528265,.0002961868865725
7.6,98,.000543430200338,.0002412389047777,82,.0004560367879094,.0001861149427214,16,.0000873934124286,.0000551239620563,14,.0000871622125942,.0000469650624382,2,2.31199834388e-07,8.15889961814e-06,14,.0000871622125942,.0000469650624382,2,2.31199834388e-07,8.15889961814e-06,2,2.31199834388e-07,8.15889961814e-06,0,0,0,14,.0000871622125942,.0000469650624382,96,.0005431990005036,.0002330800051595
7.7,76,.0004884577572071,.0002468761835246,53,.0003812434158021,.0001555907267914,23,.0001072143414049,.0000912854567332,21,.0001071045545729,.0000874111475468,2,1.09786832070e-07,3.87430918636e-06,13,.0001062498724878,.0000572499476448,10,9.64468917175e-07,.0000340355090884,2,1.09786832070e-07,3.87430918636e-06,8,8.54682085105e-07,.0000301611999021,13,.0001062498724878,.0000572499476448,74,.000488347970375,.0002430018743382
7.8,73,.0004899753401517,.0002239973515543,52,.0003631804040083,.0001482189640001,21,.0001267949361434,.0000757783875542,20,.0001266615369886,.000071070813874,1,1.33399154834e-07,4.70757368021e-06,19,.0001265803130082,.0000682044699261,2,2.14623135264e-07,7.57391762818e-06,1,1.33399154834e-07,4.70757368021e-06,1,8.12239804304e-08,2.86634394797e-06,19,.0001265803130082,.0000682044699261,72,.0004898419409969,.0002192897778741
7.9,89,.0005665151834791,.0002421568254647,76,.0005252790268742,.0002143736596452,13,.0000412361566049,.0000277831658195,11,.0000410760397926,.0000221327426289,2,1.60116812253e-07,5.65042319067e-06,11,.0000410760397926,.0000221327426289,2,1.60116812253e-07,5.65042319067e-06,2,1.60116812253e-07,5.65042319067e-06,0,0,0,11,.0000410760397926,.0000221327426289,87,.0005663550666668,.000236506402274
8,79,.0003996275214178,.000226794280195,39,.0002601061912628,.0001061529449089,40,.0001395213301549,.0001206413352861,40,.0001395213301549,.0001206413352861,0,0,0,31,.0001382130362799,.0000744724570154,9,1.30829387501e-06,.0000461688782707,0,0,0,9,1.30829387501e-06,.0000461688782707,31,.0001382130362799,.0000744724570154,79,.0003996275214178,.000226794280195
8.1,84,.0007209825221537,.000355868528743,63,.000631437802781,.0002576985367,21,.0000895447193727,.000098169992043,21,.0000895447193727,.000098169992043,0,0,0,11,.0000881081616626,.0000474747621411,10,1.43655771012e-06,.000050695229902,0,0,0,10,1.43655771012e-06,.000050695229902,11,.0000881081616626,.0000474747621411,84,.0007209825221537,.000355868528743
8.199999999999999,83,.0005431266501432,.0002303208318608,73,.000510949008401,.0002085253850055,10,.0000321776417422,.0000217954468553,10,.0000321776417422,.0000217954468553,0,0,0,8,.0000320493741128,.0000172689617557,2,1.28267629407e-07,4.52648509963e-06,0,0,0,2,1.28267629407e-07,4.52648509963e-06,8,.0000320493741128,.0000172689617557,83,.0005431266501432,.0002303208318608
8.300000000000001,87,.0004418962033022,.0002038251615204,67,.0003489141651016,.0001423967156597,20,.0000929820382005,.0000614284458607,20,.0000929820382005,.0000614284458607,0,0,0,15,.0000926560715016,.0000499252832924,5,3.25966698966e-07,.0000115031625683,0,0,0,5,3.25966698966e-07,.0000115031625683,15,.0000926560715016,.0000499252832924,87,.0004418962033022,.0002038251615204
8.4,97,.0005931594827011,.0002621423632263,71,.0004604023367847,.0001878965842934,26,.0001327571459164,.0000742457789329,26,.0001327571459164,.0000742457789329,0,0,0,23,.0001326790727489,.0000714906252597,3,7.80731674865e-08,2.75515367321e-06,0,0,0,3,7.80731674865e-08,2.75515367321e-06,23,.0001326790727489,.0000714906252597,97,.0005931594827011,.0002621423632263
8.5,66,.0006343886834657,.0002650483875755,54,.0005873718596376,.0002397146095632,12,.000047016823828,.0000253337780123,12,.000047016823828,.0000253337780123,0,0,0,12,.000047016823828,.0000253337780123,0,0,0,0,0,0,0,0,0,12,.000047016823828,.0000253337780123,66,.0006343886834657,.0002650483875755
8.6,117,.0009869899695047,.0004360583444054,96,.0007898149159473,.0003223344311323,21,.0001971750535574,.0001137239132731,21,.0001971750535574,.0001137239132731,0,0,0,16,.000196959767095,.0001061265875251,5,2.15286462435e-07,7.59732574807e-06,0,0,0,5,2.15286462435e-07,7.59732574807e-06,16,.000196959767095,.0001061265875251,117,.0009869899695047,.0004360583444054
8.699999999999999,83,.0007486530186931,.0003121796618757,76,.0007129840896596,.0002909787071417,7,.0000356689290335,.000021200954734,7,.0000356689290335,.000021200954734,0,0,0,6,.0000356119028311,.0000191885353615,1,5.70262024269e-08,2.01241937248e-06,0,0,0,1,5.70262024269e-08,2.01241937248e-06,6,.0000356119028311,.0000191885353615,83,.0007486530186931,.0003121796618757
8.800000000000001,113,.000885412645939,.0004280468428703,92,.0007937300053413,.0003239322399793,21,.0000916826405977,.0001041146028911,21,.0000916826405977,.0001041146028911,0,0,0,10,.0000901081671145,.0000485524099076,11,1.57447348315e-06,.0000555621929834,0,0,0,11,1.57447348315e-06,.0000555621929834,10,.0000901081671145,.0000485524099076,113,.000885412645939,.0004280468428703
8.9,103,.0007462212385541,.0003741011973091,74,.0006740997717998,.000275109474984,29,.0000721214667543,.0000989917223251,26,.0000719697258944,.0000936368816156,3,1.51740859877e-07,5.35484070951e-06,15,.0000703911069309,.0000379283952725,14,1.73035982343e-06,.0000610633270526,3,1.51740859877e-07,5.35484070951e-06,11,1.57861896355e-06,.0000557084863431,15,.0000703911069309,.0000379283952725,100,.0007460694976942,.0003687463565996
9,88,.000459516495269,.0002224384896863,53,.0002877093892266,.000117418195714,35,.0001718071060424,.0001050202939723,35,.0001718071060424,.0001050202939723,0,0,0,30,.0001714489374081,.0000923807452864,5,3.58168634307e-07,.0000126395486859,0,0,0,5,3.58168634307e-07,.0000126395486859,30,.0001714489374081,.0000923807452864,88,.000459516495269,.0002224384896863
9.1,117,.0009162322826466,.00053786671441,83,.0007149478714155,.0002917801488138,34,.0002012844112311,.0002460865655962,34,.0002012844112311,.0002460865655962,0,0,0,20,.0001973239061499,.0001063227923055,14,3.96050508122e-06,.0001397637732907,0,0,0,14,3.96050508122e-06,.0001397637732907,20,.0001973239061499,.0001063227923055,117,.0009162322826466,.00053786671441
9.199999999999999,110,.0007236897460832,.0003173674559838,91,.0006076825246701,.0002480079775715,19,.000116007221413,.0000693594784122,17,.0001158747535523,.0000646847693231,2,1.32467860681e-07,4.67470908916e-06,16,.0001158099525096,.0000623979806376,3,1.97268903435e-07,6.96149777468e-06,2,1.32467860681e-07,4.67470908916e-06,1,6.48010427540e-08,2.28678868552e-06,16,.0001158099525096,.0000623979806376,108,.0007235572782225,.0003126927468946
9.300000000000001,98,.0008898683748484,.0003802543736811,84,.000805836459449,.0003288730451914,14,.0000840319153994,.0000513813284897,10,.0000839272520494,.0000476878238942,4,1.04663349987e-07,3.69350459550e-06,8,.0000838562939407,.0000451837564697,6,1.75621458709e-07,6.19757202003e-06,4,1.04663349987e-07,3.69350459550e-06,2,7.09581087222e-08,2.50406742452e-06,8,.0000838562939407,.0000451837564697,94,.0008897637114984,.0003765608690856
9.4,96,.0007235812293089,.0003283071583837,74,.0004957840850466,.0002023363691137,22,.0002277971442624,.00012597078927,22,.0002277971442624,.00012597078927,0,0,0,20,.0002277042450487,.0001226924337629,2,9.28992136551e-08,3.27835550706e-06,0,0,0,2,9.28992136551e-08,3.27835550706e-06,20,.0002277042450487,.0001226924337629,96,.0007235812293089,.0003283071583837
9.5,101,.0007025043257691,.0003086007008619,86,.0006360974565496,.0002596001974666,15,.0000664068692195,.0000490005033953,15,.0000664068692195,.0000490005033953,0,0,0,11,.0000660264749968,.0000355766271696,4,3.80394222788e-07,.0000134238762257,0,0,0,4,3.80394222788e-07,.0000134238762257,11,.0000660264749968,.0000355766271696,101,.0007025043257691,.0003086007008619
9.6,88,.0006346025499298,.0002740743074128,67,.000548426405544,.000223820421354,21,.0000861761443858,.0000502538860587,21,.0000861761443858,.0000502538860587,0,0,0,19,.0000860662140667,.0000463745132606,2,1.09930319070e-07,3.87937279811e-06,0,0,0,2,1.09930319070e-07,3.87937279811e-06,19,.0000860662140667,.0000463745132606,88,.0006346025499298,.0002740743074128
9.699999999999999,118,.0007955980704892,.0003647342891213,89,.0006301336611614,.0002571662974447,29,.0001654644093279,.0001075679916767,29,.0001654644093279,.0001075679916767,0,0,0,25,.0001649345804253,.00008887065826,4,5.29828902529e-07,.0000186973334166,0,0,0,4,5.29828902529e-07,.0000186973334166,25,.0001649345804253,.00008887065826,118,.0007955980704892,.0003647342891213
9.800000000000001,111,.0005953850866938,.0002690568574621,86,.00054432856723,.0002221480455091,25,.0000510565194638,.000046908811953,25,.0000510565194638,.000046908811953,0,0,0,15,.0000504983024712,.00002720968115,10,5.58216992630e-07,.000019699130803,0,0,0,10,5.58216992630e-07,.000019699130803,15,.0000504983024712,.00002720968115,111,.0005953850866938,.0002690568574621
9.9,115,.0007259784051286,.0003308834044446,97,.0006949315500151,.0002836112090563,18,.0000310468551135,.0000472721953884,17,.0000310002434034,.0000456272971405,1,4.66117100473e-08,1.64489824783e-06,9,.0000301679219774,.0000162551901894,9,8.78933136050e-07,.0000310170051989,1,4.66117100473e-08,1.64489824783e-06,8,8.32321426003e-07,.0000293721069511,9,.0000301679219774,.0000162551901894,114,.0007259317934185,.0003292385061968
10,93,.0006195366975454,.000302570194691,70,.0005396660526458,.0002202452045879,23,.0000798706448997,.0000823249901032,23,.0000798706448997,.0000823249901032,0,0,0,16,.0000787400501849,.0000424270040185,7,1.13059471474e-06,.0000398979860847,0,0,0,7,1.13059471474e-06,.0000398979860847,16,.0000787400501849,.0000424270040185,93,.0006195366975454,.000302570194691
10.1,102,.0009823910243103,.0004184811953678,85,.0009080552090381,.0003705899375177,17,.0000743358152722,.0000478912578501,17,.0000743358152722,.0000478912578501,0,0,0,10,.0000741102833217,.00003993237533,7,2.25531950448e-07,7.95888252014e-06,0,0,0,7,2.25531950448e-07,7.95888252014e-06,10,.0000741102833217,.00003993237533,102,.0009823910243103,.0004184811953678
10.2,89,.0007130804522788,.0003107772968178,72,.0006415163879865,.0002618117375732,17,.0000715640642923,.0000489655592446,15,.0000714427652113,.0000446849901437,2,1.21299081002e-07,4.28056910096e-06,12,.0000712646403827,.0000383990754926,5,2.99423909667e-07,.000010566483752,2,1.21299081002e-07,4.28056910096e-06,3,1.78124828665e-07,6.28591465102e-06,12,.0000712646403827,.0000383990754926,87,.0007129591531978,.0003064967277169
10.3,103,.0005616310680239,.0002862268152626,66,.0004227466114344,.0001725287627323,37,.0001388844565895,.0001136980525303,37,.0001388844565895,.0001136980525303,0,0,0,22,.0001377660912567,.000074231633846,15,1.11836533279e-06,.0000394664186842,0,0,0,15,1.11836533279e-06,.0000394664186842,22,.0001377660912567,.000074231633846,103,.0005616310680239,.0002862268152626
10.4,115,.0007030053025296,.0003710209965107,86,.0005640493633337,.0002301963735363,29,.000138955939196,.0001408246229744,29,.000138955939196,.0001408246229744,0,0,0,17,.0001370580739035,.0000738501318551,12,1.89786529248e-06,.0000669744911193,0,0,0,12,1.89786529248e-06,.0000669744911193,17,.0001370580739035,.0000738501318551,115,.0007030053025296,.0003710209965107
10.5,117,.000968178327156,.0004251852130324,100,.0008590556521995,.0003505925345166,17,.0001091226749566,.0000745926785157,17,.0001091226749566,.0000745926785157,0,0,0,13,.0001086681556899,.0000585529759292,4,4.54519266668e-07,.0000160397025866,0,0,0,4,4.54519266668e-07,.0000160397025866,13,.0001086681556899,.0000585529759292,117,.000968178327156,.0004251852130324
10.6,104,.0007484481693822,.0003587555415265,86,.0007059189097163,.0002880952993678,18,.000042529259666,.0000706602421587,16,.0000424777822303,.0000688436354039,2,5.14774356475e-08,1.81660675480e-06,10,.0000411553401136,.0000221754713721,8,1.37391955235e-06,.0000484847707867,2,5.14774356475e-08,1.81660675480e-06,6,1.32244211670e-06,.0000466681640319,10,.0000411553401136,.0000221754713721,102,.0007483966919466,.0003569389347717
10.7,86,.0005917575491665,.0002456257548431,79,.0005721971997446,.0002335216227323,7,.000019560349422,.0000121041321108,7,.000019560349422,.0000121041321108,0,0,0,6,.0000195153270397,.0000105153202412,1,4.50223822668e-08,1.58881186962e-06,0,0,0,1,4.50223822668e-08,1.58881186962e-06,6,.0000195153270397,.0000105153202412,86,.0005917575491665,.0002456257548431
10.8,87,.0005090050593424,.0002897158025235,64,.0004273222500615,.0001743961379077,23,.0000816828092809,.0001153196646158,23,.0000816828092809,.0001153196646158,0,0,0,14,.0000796308412419,.0000429069833956,9,2.05196803904e-06,.0000724126812202,0,0,0,9,2.05196803904e-06,.0000724126812202,14,.0000796308412419,.0000429069833956,87,.0005090050593424,.0002897158025235
10.9,95,.0007141996253281,.0003097812800092,79,.0006739334199892,.0002750415814603,16,.0000402662053389,.0000347396985489,12,.0000400306055823,.0000264255296543,4,2.35599756593e-07,8.31416889469e-06,9,.0000398908641728,.0000214941422882,7,3.75341166148e-07,.0000132455562607,4,2.35599756593e-07,8.31416889469e-06,3,1.39741409555e-07,4.93138736601e-06,9,.0000398908641728,.0000214941422882,91,.0007139640255716,.0003014671111146
11,112,.0008068400233334,.0003763033792552,81,.0006940221260265,.0002832400594457,31,.0001128178973069,.0000930633198095,29,.000112699044184,.000088869066758,2,1.18853122899e-07,4.19425305154e-06,18,.0001118891534588,.0000602885255603,13,9.28743848050e-07,.0000327747942492,2,1.18853122899e-07,4.19425305154e-06,11,8.09890725151e-07,.0000285805411977,18,.0001118891534588,.0000602885255603,110,.0008067211702105,.0003721091262037
11.1,96,.0005924308806584,.0002508231810339,83,.0005232400646378,.0002135415317639,13,.0000691908160206,.00003728164927,13,.0000691908160206,.00003728164927,0,0,0,13,.0000691908160206,.00003728164927,0,0,0,0,0,0,0,0,0,13,.0000691908160206,.00003728164927,96,.0005924308806584,.0002508231810339
11.2,102,.0006115006738341,.0002775941391633,77,.0005330037316753,.00021752622024,25,.0000784969421588,.0000600679189233,25,.0000784969421588,.0000600679189233,0,0,0,18,.0000779855284918,.0000420204478928,7,5.11413666970e-07,.0000180474710305,0,0,0,7,5.11413666970e-07,.0000180474710305,18,.0000779855284918,.0000420204478928,102,.0006115006738341,.0002775941391633
11.3,87,.0006213249196776,.0002788868659422,71,.0006019838476732,.0002456779656654,16,.0000193410720044,.0000332089002768,16,.0000193410720044,.0000332089002768,0,0,0,8,.0000186853278592,.0000100680967989,8,6.55744145206e-07,.0000231408034779,0,0,0,8,6.55744145206e-07,.0000231408034779,8,.0000186853278592,.0000100680967989,87,.0006213249196776,.0002788868659422
11.4,98,.0005309957267912,.0002417494116855,81,.0004787585480699,.0001953880089616,17,.0000522371787213,.000046361402724,17,.0000522371787213,.000046361402724,0,0,0,14,.0000517130209801,.0000278641999785,3,5.24157741211e-07,.0000184972027455,0,0,0,3,5.24157741211e-07,.0000184972027455,14,.0000517130209801,.0000278641999785,98,.0005309957267912,.0002417494116855
11.5,122,.0006590584844895,.0002892921375679,100,.0006009330471599,.0002453015003407,22,.0000581254373296,.0000439906372272,22,.0000581254373296,.0000439906372272,0,0,0,17,.0000577592471629,.0000311108474396,5,3.66190166745e-07,.0000128797897876,0,0,0,5,3.66190166745e-07,.0000128797897876,17,.0000577592471629,.0000311108474396,122,.0006590584844895,.0002892921375679
11.6,140,.0009018901852045,.0004714511868826,106,.000764464616509,.0003119886190746,34,.0001374255686954,.0001594625678081,29,.0001366201536257,.0001310399679824,5,8.05415069749e-07,.0000284225998257,21,.0001349676392692,.0000727237602405,13,2.45792942621e-06,.0000867388075676,5,8.05415069749e-07,.0000284225998257,8,1.65251435646e-06,.0000583162077419,21,.0001349676392692,.0000727237602405,135,.0009010847701347,.0004430285870569
11.7,81,.0004550369298215,.00020852899857,65,.0004197380222877,.0001713009096136,16,.0000352989075338,.0000372280889565,14,.0000348960268184,.0000230106795129,2,4.02880715455e-07,.0000142174094435,12,.0000347749388538,.0000187375605378,4,5.23968680000e-07,.0000184905284186,2,4.02880715455e-07,.0000142174094435,2,1.21087964544e-07,4.27311897511e-06,12,.0000347749388538,.0000187375605378,79,.0004546340491061,.0001943115891265
11.8,148,.0006987589098967,.0003310436478143,98,.0005695931760119,.0002326286002114,50,.0001291657338848,.0000984150476029,48,.0001291082311675,.0000966629694403,2,5.75027172545e-08,1.75207816255e-06,36,.0001283150038134,.0000689368602895,14,8.50730071389e-07,.0000294781873134,2,5.75027172545e-08,1.75207816255e-06,12,7.93227354134e-07,.0000277261091508,36,.0001283150038134,.0000689368602895,146,.0006987014071794,.0003292915696518
11.9,120,.0006478046428625,.0002981347443356,87,.0005796380705512,.0002365983413304,33,.0000681665723113,.0000615364030052,22,.0000681556929933,.0000614046076066,11,1.08793179465e-08,1.31795398595e-07,14,.0000674454681757,.0000363412146953,19,7.21104135570e-07,.0000251951883099,11,1.08793179465e-08,1.31795398595e-07,8,7.10224817624e-07,.0000250633929113,14,.0000674454681757,.0000363412146953,109,.0006477937635445,.000298002948937
12,114,.0007941927872075,.0003533743259325,96,.0007006084656744,.000285950371854,18,.0000935843215331,.0000674239540785,18,.0000935843215331,.0000674239540785,0,0,0,11,.0000930951637201,.000050161878562,7,4.89157812922e-07,.0000172620755166,0,0,0,7,4.89157812922e-07,.0000172620755166,11,.0000930951637201,.000050161878562,114,.0007941927872075,.0003533743259325
12.1,280,.0006525302430767,.0002970932902886,164,.0004991992892984,.0002042047574453,116,.0001533309537782,.0000928885328433,112,.0001530350120221,.0000824833560342,4,2.95941756101e-07,.0000104051768091,83,.0001529948143553,.000081996389163,33,3.36139422963e-07,.0000108921436803,4,2.95941756101e-07,.0000104051768091,29,4.01976668618e-08,4.86966871271e-07,83,.0001529948143553,.000081996389163,276,.0006522343013206,.0002866881134795
12.2,185,.0007159181982492,.0003037219297246,131,.0006894493762335,.0002815767807123,54,.0000264688220157,.0000221451490123,54,.0000264688220157,.0000221451490123,0,0,0,45,.0000262195909873,.000013677083107,9,2.49231028426e-07,8.46806590538e-06,0,0,0,9,2.49231028426e-07,8.46806590538e-06,45,.0000262195909873,.000013677083107,185,.0007159181982492,.0003037219297246
12.3,107,.0006802457194546,.0003011054926674,86,.0005781169982129,.0002359375753258,21,.0001021287212417,.0000651679173416,21,.0001021287212417,.0000651679173416,0,0,0,14,.0001018369691792,.0000548721679934,7,2.91752062509e-07,.0000102957493482,0,0,0,7,2.91752062509e-07,.0000102957493482,14,.0001018369691792,.0000548721679934,107,.0006802457194546,.0003011054926674
12.4,109,.0007740437523545,.0003493890348238,90,.0007093205174442,.0002894835518532,19,.0000647232349102,.0000599054829706,18,.0000639630829333,.0000573293324067,1,7.60151976920e-07,2.57615056398e-06,9,.000063305122012,.0000341102990831,10,1.41811289822e-06,.0000257951838876,1,7.60151976920e-07,2.57615056398e-06,9,6.57960921302e-07,.0000232190333236,9,.000063305122012,.0000341102990831,108,.0007732836003775,.0003468128842599
12.5,129,.0009138191768905,.0003991604141902,102,.0007654155124328,.0003123766984459,27,.0001484036644577,.0000867837157443,27,.0001484036644577,.0000867837157443,0,0,0,23,.0001482073997749,.0000798576568855,4,1.96264682728e-07,6.92605885888e-06,0,0,0,4,1.96264682728e-07,6.92605885888e-06,23,.0001482073997749,.0000798576568855,129,.0009138191768905,.0003991604141902
12.6,107,.0007253143694435,.0003282880784923,85,.0006190679531528,.0002526502264004,22,.0001062464162906,.0000756378520919,21,.0001061986486519,.0000739521617561,1,4.77676387334e-08,1.68569033576e-06,17,.0001057172228229,.0000569629423808,5,5.29193467713e-07,.0000186749097111,1,4.77676387334e-08,1.68569033576e-06,4,4.81425828980e-07,.0000169892193753,17,.0001057172228229,.0000569629423808,106,.0007252666018047,.0003266023881565
12.7,208,.0006511914450658,.0003058891323926,139,.0005627264308536,.0002312575131356,69,.0000884650142121,.000074631619257,66,.0000884593389916,.0000745628678933,3,5.67522051576e-09,6.87513637132e-08,38,.0000875808594163,.0000459301202662,31,8.84154795822e-07,.0000287014989908,3,5.67522051576e-09,6.87513637132e-08,28,8.78479575306e-07,.0000286327476271,38,.0000875808594163,.0000459301202662,205,.0006511857698452,.0003058203810289
12.8,132,.0008581014489671,.000390765934946,92,.0006834244719585,.0002789150120179,40,.0001746769770087,.0001118509229281,20,.0001742414525694,.0000968537446511,20,4.35524439291e-07,.000014997178277,18,.0001741560345181,.0000938393945376,22,5.20942490589e-07,.0000180115283905,20,4.35524439291e-07,.000014997178277,2,8.54180512988e-08,3.01435011352e-06,18,.0001741560345181,.0000938393945376,112,.0008576659245279,.000375768756669
12.9,113,.0007031860492965,.0003110125051577,88,.0006260363135198,.0002555051718147,25,.0000771497357768,.000055507333343,25,.0000771497357768,.000055507333343,0,0,0,16,.0000767486708355,.0000413539998476,9,4.01064941258e-07,.0000141533334954,0,0,0,9,4.01064941258e-07,.0000141533334954,16,.0000767486708355,.0000413539998476,113,.0007031860492965,.0003110125051577
13,168,.0012927055215837,.0005627463348006,131,.0010796304503629,.0004411706139891,37,.0002130750712208,.0001215757208115,37,.0002130750712208,.0001215757208115,0,0,0,31,.0002128335677298,.0001143509171726,6,2.41503490983e-07,7.22480363891e-06,0,0,0,6,2.41503490983e-07,7.22480363891e-06,31,.0002128335677298,.0001143509171726,168,.0012927055215837,.0005627463348006
13.1,118,.000624344605805,.0002745826477257,91,.0005110841733433,.0002086220489219,27,.0001132604324617,.0000659605988038,25,.0001132596170565,.0000659507207339,2,8.15405187815e-10,9.87806991759e-09,20,.0001131107840422,.0000608634462793,7,1.49648419490e-07,5.09715252450e-06,2,8.15405187815e-10,9.87806991759e-09,5,1.48833014302e-07,5.08727445458e-06,20,.0001131107840422,.0000608634462793,116,.0006243437903998,.0002745727696558
13.2,109,.0007407195037672,.0003331284240744,93,.0007055226496959,.0002879335866623,16,.0000351968540713,.0000451948374121,16,.0000351968540713,.0000451948374121,0,0,0,10,.0000344420477632,.0000185581900496,6,7.54806308123e-07,.0000266366473625,0,0,0,6,7.54806308123e-07,.0000266366473625,10,.0000344420477632,.0000185581900496,109,.0007407195037672,.0003331284240744
13.3,116,.0006025340548916,.000290671026022,85,.0004593184992814,.0001874542523126,31,.0001432155556103,.0001032167737094,31,.0001432155556103,.0001032167737094,0,0,0,22,.0001424659606073,.0000767640316326,9,7.49595002958e-07,.0000264527420768,0,0,0,9,7.49595002958e-07,.0000264527420768,22,.0001424659606073,.0000767640316326,116,.0006025340548916,.000290671026022
13.4,112,.0009707272198405,.0004254352805786,89,.0008644716091606,.0003528044223571,23,.0001062556106799,.0000726308582215,21,.0001060040405516,.0000637531039955,2,2.51570128285e-07,8.87775422598e-06,17,.0001058130084157,.000057011698027,6,4.42602264172e-07,.0000156191601945,2,2.51570128285e-07,8.87775422598e-06,4,1.91032135888e-07,6.74140596857e-06,17,.0001058130084157,.000057011698027,110,.0009704756497122,.0004165575263526
13.5,241,.0009974023462853,.0004669591763928,144,.0007198232940944,.0002946803660056,97,.0002775790521909,.0001722788103873,87,.0002775696913389,.0001721654101461,10,9.36085203795e-09,1.13400241197e-07,68,.0002768702840221,.0001481244890345,29,7.08768168767e-07,.0000241543213528,10,9.36085203795e-09,1.13400241197e-07,19,6.99407316729e-07,.0000240409211116,68,.0002768702840221,.0001481244890345,231,.0009973929854332,.0004668457761516
13.6,118,.0005519314076106,.0002704474793838,88,.0004694895687347,.0001916327896545,30,.0000824418388758,.0000788146897293,29,.0000824408930057,.0000788032311689,1,9.45870159974e-10,1.14585603228e-08,18,.0000814482244778,.0000437944959515,12,9.93614398093e-07,.0000350201937778,1,9.45870159974e-10,1.14585603228e-08,11,9.92668527933e-07,.0000350087352174,18,.0000814482244778,.0000437944959515,117,.0005519304617404,.0002704360208234
13.7,212,.0010103908924068,.0004668848332772,145,.0007725158668226,.0003164407989478,67,.0002378750255842,.0001504440343294,62,.0002378168745795,.0001484278257746,5,5.81510047337e-08,2.01620855478e-06,47,.0002371863783779,.0001271604095638,20,6.88647206343e-07,.0000232836247656,5,5.81510047337e-08,2.01620855478e-06,15,6.30496201609e-07,.0000212674162108,47,.0002371863783779,.0001271604095638,207,.0010103327414021,.0004648686247224
13.8,141,.0008464388886633,.0003902410905079,105,.0007118621244437,.000290523026659,36,.0001345767642196,.0000997180638489,22,.0001339490040451,.0000777862072709,14,6.27760174510e-07,.000021931856578,19,.0001337875299896,.0000720878884977,17,7.89234229970e-07,.0000276301753512,14,6.27760174510e-07,.000021931856578,3,1.61474055460e-07,5.69831877328e-06,19,.0001337875299896,.0000720878884977,127,.0008458111284888,.0003683092339299
13.9,125,.0006992491991976,.0003108999418457,94,.0006310555610631,.0002575507666589,31,.0000681936381344,.0000533491751868,27,.0000681334985408,.0000512359147531,4,6.01395936661e-08,2.11326043376e-06,22,.0000677144240955,.0000364560649917,9,4.79214038951e-07,.0000168931101951,4,6.01395936661e-08,2.11326043376e-06,5,4.19074445285e-07,.0000147798497614,22,.0000677144240955,.0000364560649917,121,.0006991890596039,.000308786681412
14,170,.0011535105355545,.0005168904197843,107,.00084642325234,.0003454486397985,63,.0003070872832145,.0001714417799858,52,.0003070752774297,.000171296338217,11,1.20057848108e-08,1.45441768851e-07,47,.000306898176607,.0001653011242704,16,1.89106607484e-07,6.14065571547e-06,11,1.20057848108e-08,1.45441768851e-07,5,1.77100822674e-07,5.99521394662e-06,47,.000306898176607,.0001653011242704,159,.0011534985297696,.0005167449780155
14.1,167,.0006623619164245,.0003217538179077,110,.0005106774596602,.0002088316757014,57,.0001516844567643,.0001129221422063,52,.0001512959065867,.0000993089086334,5,3.88550177616e-07,.0000136132335729,38,.0001507633522451,.0000811068043234,19,9.21104519241e-07,.0000318153378829,5,3.88550177616e-07,.0000136132335729,14,5.32554341626e-07,.00001820210431,38,.0001507633522451,.0000811068043234,162,.0006619733662468,.0003081405843348
14.2,216,.001290398445335,.0005868831530371,162,.0011120280546848,.0004552726124061,54,.0001783703906502,.000131610540631,52,.000178225472276,.0001264964610179,2,1.44918374190e-07,5.11407961312e-06,38,.0001772787661309,.0000948734221105,16,1.09162451922e-06,.0000367371185206,2,1.44918374190e-07,5.11407961312e-06,14,9.46706145033e-07,.0000316230389075,38,.0001772787661309,.0000948734221105,214,.0012902535269608,.000581769073424
14.3,229,.0011120330125646,.0005658458000921,134,.000756805253241,.0003091604594889,95,.0003552277593236,.0002566853406032,91,.0003551111410447,.0002525960736968,4,1.16618278923e-07,4.08926690643e-06,70,.0003533105869025,.0001898558941482,25,1.91717242115e-06,.000066829446455,4,1.16618278923e-07,4.08926690643e-06,21,1.80055414223e-06,.0000627401795485,70,.0003533105869025,.0001898558941482,225,.0011119163942857,.0005617565331857
14.4,207,.0011918201780641,.0005337650076163,135,.0011141211098309,.0004549608195985,72,.0000776990682332,.0000788041880178,60,.0000773834941974,.0000678610931368,12,3.15574035847e-07,.0000109430948809,49,.000076612990485,.0000408977234496,23,1.08607774824e-06,.0000379064645681,12,3.15574035847e-07,.0000109430948809,11,7.70503712388e-07,.0000269633696872,49,.000076612990485,.0000408977234496,195,.0011915046040283,.0005228219127353
14.5,470,.0007712922550881,.0003587427585687,255,.0005894606665073,.0002415818613057,215,.0001818315885808,.000117160897263,193,.0001815663450095,.0001090698347372,22,2.65243571218e-07,8.09106252575e-06,161,.0001811665600044,.0000960108154429,54,6.65028576319e-07,.0000211500818201,22,2.65243571218e-07,8.09106252575e-06,32,3.99785005101e-07,.0000130590192944,161,.0001811665600044,.0000960108154429,448,.0007710270115169,.000350651696043
14.6,148,.0007912180206432,.0003744000458372,103,.0006563302434355,.0002678872721642,45,.0001348877772077,.000106512773673,45,.0001348877772077,.000106512773673,0,0,0,29,.0001339102372988,.0000720920608401,16,9.77539908908e-07,.0000344207128329,0,0,0,16,9.77539908908e-07,.0000344207128329,29,.0001339102372988,.0000720920608401,148,.0007912180206432,.0003744000458372
14.7,401,.0013754028530581,.0005958157909227,252,.001112936838946,.0004553527147537,149,.0002624660141121,.000140463076169,129,.0002624199564014,.0001399051188833,20,4.60577107009e-08,5.57957285707e-07,116,.0002623703682874,.0001393043932203,33,9.56458247187e-08,1.15868294870e-06,20,4.60577107009e-08,5.57957285707e-07,13,4.95881140178e-08,6.00725662991e-07,116,.0002623703682874,.0001393043932203,381,.0013753567953474,.000595257833637
14.8,146,.0009472613357957,.000510089142324,103,.0008615159021019,.000351596595749,43,.0000857454336938,.000158492546575,43,.0000857454336938,.000158492546575,0,0,0,20,.0000825140932648,.0000444605466328,23,3.23134042901e-06,.0001140319999422,0,0,0,23,3.23134042901e-06,.0001140319999422,20,.0000825140932648,.0000444605466328,146,.0009472613357957,.000510089142324
14.9,544,.0008211558712543,.0004030820187775,337,.0007848892899789,.0003210726413969,207,.0000362665812754,.0000820093773806,194,.000036058733622,.0000749847824997,13,2.07847653394e-07,7.02459488089e-06,144,.0000344081951829,.0000177708755045,63,1.85838609254e-06,.0000642385018761,13,2.07847653394e-07,7.02459488089e-06,50,1.65053843915e-06,.0000572139069952,144,.0000344081951829,.0000177708755045,531,.0008209480236009,.0003960574238966
15,357,.0006780807427705,.000298240779697,214,.0005691953833846,.0002328905764353,143,.0001088853593859,.0000653502032617,122,.0001087006012247,.0000601229025308,21,1.84758161215e-07,5.22730073094e-06,105,.0001086174350391,.0000576310858205,38,2.67924346820e-07,7.71911744124e-06,21,1.84758161215e-07,5.22730073094e-06,17,8.31661856049e-08,2.49181671030e-06,105,.0001086174350391,.0000576310858205,336,.0006778959846093,.000293013478966
15.1,220,.0011291697517691,.0005371770488249,142,.0009341116196993,.0003814711695731,78,.0001950581320699,.0001557058792518,49,.0001942118651084,.000126115293503,29,8.46266961507e-07,.0000295905857488,31,.000193580863824,.0001042121258283,47,1.47726824584e-06,.0000514937534235,29,8.46266961507e-07,.0000295905857488,18,6.31001284335e-07,.0000219031676747,31,.000193580863824,.0001042121258283,191,.0011283234848076,.0005075864630761
15.2,168,.0005018892953197,.0002712140109455,105,.0004533655870373,.0001852330145571,63,.0000485237082824,.0000859809963885,47,.0000485048099072,.0000857520556607,16,1.88983751981e-08,2.28940727709e-07,26,.0000467740926524,.0000250746336645,37,1.74961562999e-06,.0000609063627239,16,1.88983751981e-08,2.28940727709e-07,21,1.73071725479e-06,.0000606774219962,26,.0000467740926524,.0000250746336645,152,.0005018703969445,.0002709850702178
15.3,460,.0009341057320708,.0004210387427968,308,.0008566075899159,.000350867881699,152,.0000774981421549,.0000701708610977,121,.000077413997182,.0000685831494458,31,8.41449728783e-08,1.58771165193e-06,87,.0000765618168437,.0000401414925864,65,9.36325311174e-07,.0000300293685114,31,8.41449728783e-08,1.58771165193e-06,34,8.52180338295e-07,.0000284416568594,87,.0000765618168437,.0000401414925864,429,.0009340215870979,.0004194510311448
15.4,391,.0010111707132483,.000522929279458,227,.0006720172111585,.0002746821323925,164,.0003391535020898,.0002482471470655,154,.000339135177216,.0002480251539132,10,1.83248737851e-08,2.21993152305e-07,109,.0003372325075013,.000181399557504,55,1.92099458854e-06,.0000668475895615,10,1.83248737851e-08,2.21993152305e-07,45,1.90266971475e-06,.0000666255964092,109,.0003372325075013,.000181399557504,381,.0010111523883745,.0005227072863057
15.5,559,.0011703898422995,.0005167702094715,330,.0011149962673498,.0004572423217319,229,.0000553935749497,.0000595278877396,202,.0000547952073086,.0000391759224327,27,5.98367641103e-07,.0000203519653068,146,.0000543387141221,.0000266922590471,83,1.05486082763e-06,.0000328356286925,27,5.98367641103e-07,.0000203519653068,56,4.56493186529e-07,.0000124836633857,146,.0000543387141221,.0000266922590471,532,.0011697914746584,.0004964182441647
15.6,589,.0010360522263606,.0004582531576425,318,.0009158651218604,.0003759479722141,271,.0001201871045002,.0000823051854284,254,.0001190865649481,.0000784026879299,17,1.10053955216e-06,3.90249749849e-06,193,.0001185038035683,.0000607096448682,78,1.68330093198e-06,.0000215955405602,17,1.10053955216e-06,3.90249749849e-06,61,5.82761379819e-07,.0000176930430618,193,.0001185038035683,.0000607096448682,572,.0010349516868084,.000454350660144
15.7,273,.0012859574283549,.0005807440769043,158,.0010918655518584,.0004461446694677,115,.0001940918764965,.0001345994074367,86,.0001940437612452,.0001340165245045,29,4.81152512832e-08,5.82882932143e-07,64,.0001931256699041,.0001030756700029,51,9.66206592345e-07,.0000315237374338,29,4.81152512832e-08,5.82882932143e-07,22,9.18091341062e-07,.0000309408545016,64,.0001931256699041,.0001030756700029,244,.0012859093131036,.0005801611939722
15.8,352,.0011578884664096,.0005425095236218,223,.0010853550345233,.0004433462135216,129,.0000725334318863,.0000991633101002,121,.0000720941507166,.0000838494804096,8,4.39281169662e-07,.0000153138296906,83,.0000707566325158,.0000375273980149,46,1.77679937052e-06,.0000616359120853,8,4.39281169662e-07,.0000153138296906,38,1.33751820086e-06,.0000463220823947,83,.0000707566325158,.0000375273980149,344,.00115744918524,.0005271956939312
15.9,670,.0014127958477709,.0006150305127559,394,.0012328043933874,.0005045837022093,276,.0001799914543835,.0001104468105466,215,.0001798697606483,.0001082388662446,61,1.21693735200e-07,2.20794430206e-06,157,.00017947367171,.000095599654782,119,5.17782673543e-07,.0000148471557646,61,1.21693735200e-07,2.20794430206e-06,58,3.96088938343e-07,.0000126392114626,157,.00017947367171,.000095599654782,609,.0014126741540357,.0006128225684539
16,2239,.0014049918514521,.0007110814624136,1362,.0012859203127236,.0005276259921518,877,.0001190715387285,.0001834554702618,815,.0001181995635772,.0001540705865506,62,8.71975151279e-07,.0000293848837112,627,.0001153914539671,.0000571049744593,250,3.68008476138e-06,.0001263504958025,62,8.71975151279e-07,.0000293848837112,188,2.80810961011e-06,.0000969656120913,627,.0001153914539671,.0000571049744593,2177,.0014041198763008,.0006816965787024
16.1,637,.0011603619210466,.0005407916718703,378,.0010257055588312,.0004197221401201,259,.0001346563622154,.0001210695317502,183,.0001341045076214,.0001056392487291,76,5.51854594022e-07,.0000154302830211,141,.0001330851608401,.000070827971375,118,1.57120137531e-06,.0000502415603751,76,5.51854594022e-07,.0000154302830211,42,1.01934678129e-06,.0000348112773541,141,.0001330851608401,.000070827971375,561,.0011598100664526,.0005253613888492
16.2,219,.0009362957314556,.0004188035657413,112,.0007661574560087,.0003127365132078,107,.0001701382754469,.0001060670525335,69,.0001699910902589,.0001028121963738,38,1.47185187926e-07,3.25485615971e-06,58,.0001696579891526,.0000911672879562,49,4.80286294291e-07,.0000148997645772,38,1.47185187926e-07,3.25485615971e-06,11,3.33101106365e-07,.0000116449084175,58,.0001696579891526,.0000911672879562,181,.0009361485462677,.0004155487095816
16.3,604,.0012154589049771,.0005648319724281,345,.0010082364390582,.0004131106018579,259,.0002072224659189,.0001517213705702,220,.0002071413922914,.0001507392197193,39,8.10736274226e-08,9.82150850870e-07,155,.0002059286145482,.0001098008334246,104,1.29385137071e-06,.0000419205371456,39,8.10736274226e-08,9.82150850870e-07,65,1.21277774329e-06,.0000409383862947,155,.0002059286145482,.0001098008334246,565,.0012153778313497,.0005638498215772
16.4,457,.0011628522182775,.0005843382856661,261,.0009038072193874,.0003699253765745,196,.0002590449988901,.0002144129090915,164,.0002587429002469,.0002058750795833,32,3.02098643212e-07,8.53782950827e-06,121,.0002567445672481,.0001371573268245,75,2.30043164196e-06,.000077255582267,32,3.02098643212e-07,8.53782950827e-06,43,1.99833299874e-06,.0000687177527587,121,.0002567445672481,.0001371573268245,425,.0011625501196343,.0005758004561578
16.5,969,.0011267821316242,.0005596158213317,501,.000907783592166,.0003733879798196,468,.0002189985394582,.0001862278415121,388,.0002184691997869,.0001712710495694,80,5.29339671262e-07,.0000149567919427,290,.0002166922216453,.0001134956391255,178,2.30631781284e-06,.0000727322023866,80,5.29339671262e-07,.0000149567919427,98,1.77697814158e-06,.0000577754104438,290,.0002166922216453,.0001134956391255,889,.0011262527919529,.0005446590293889
16.6,997,.0014424807090157,.0007166945679777,603,.0011759074589155,.0004832947997142,394,.0002665732501002,.0002333997682635,377,.0002617056093188,.0001982532516811,17,4.86764078139e-06,.0000351465165824,269,.0002598517989858,.000137227348612,125,6.72145111441e-06,.0000961724196515,17,4.86764078139e-06,.0000351465165824,108,1.85381033302e-06,.0000610259030691,269,.0002598517989858,.000137227348612,980,.0014376130682343,.0006815480513953
16.7,2490,.0014384193710648,.000669368280831,1558,.0012010281805934,.0004958534435828,932,.0002373911904714,.0001735148372481,891,.0002373605837872,.0001729594158411,41,3.06066841593e-08,5.55421407089e-07,691,.0002357175558552,.0001196824058249,241,1.67363461624e-06,.0000538324314232,41,3.06066841593e-08,5.55421407089e-07,200,1.64302793208e-06,.0000532770100161,691,.0002357175558552,.0001196824058249,2449,.0014383887643807,.0006688128594239
16.8,753,.0012236510600606,.0005585946573738,446,.0011093245951952,.0004541891754304,307,.0001143264648654,.0001044054819435,262,.0001141478590004,.000100639636019,45,1.78605865042e-07,3.76584592443e-06,185,.0001129174347168,.0000593597183325,122,1.40903014868e-06,.000045045763611,45,1.78605865042e-07,3.76584592443e-06,77,1.23042428364e-06,.0000412799176865,185,.0001129174347168,.0000593597183325,708,.0012234724541956,.0005548288114494
16.9,2423,.0012954242922172,.0005743979909153,1524,.0011150513086993,.0004592576216513,899,.0001803729835179,.000115140369264,879,.0001803562583008,.000114811851946,20,1.67252171349e-08,3.28517318016e-07,697,.0001795469173733,.0000898997928335,202,8.26066144585e-07,.0000252405764305,20,1.67252171349e-08,3.28517318016e-07,182,8.09340927450e-07,.0000249120591125,697,.0001795469173733,.0000898997928335,2403,.001295407567,.0005740694735973
17,1354,.001468689577714,.0006965832106307,737,.0011524940423713,.0004752029615953,617,.0003161955353427,.0002213802490354,558,.0003160983927928,.0002202034343619,59,9.71425499763e-08,1.17681467349e-06,404,.000314181896127,.000162055225255,213,2.01363921576e-06,.0000593250237804,59,9.71425499763e-08,1.17681467349e-06,154,1.91649666578e-06,.0000581482091069,404,.000314181896127,.000162055225255,1295,.001468592435164,.0006954063959572
17.1,3106,.0014865857587511,.000713062586545,1963,.001268388207091,.000523531739865,1143,.0002181975516602,.0001895308466801,1037,.0002175298204593,.0001684508534606,106,6.67731200873e-07,.0000210799932194,788,.0002157124489659,.0001097674584992,355,2.48510269427e-06,.0000797633881808,106,6.67731200873e-07,.0000210799932194,249,1.81737149339e-06,.0000586833949614,788,.0002157124489659,.0001097674584992,3000,.0014859180275503,.0006919825933256
17.2,2134,.0010499176167281,.0004568884723053,1323,.0009520899526745,.0003917228384145,811,.0000978276640536,.0000651656338908,701,.0000976142331109,.0000611785150539,110,2.13430942697e-07,3.98711883687e-06,582,.0000971685364721,.0000468924114649,229,6.59127581501e-07,.0000182732224259,110,2.13430942697e-07,3.98711883687e-06,119,4.45696638804e-07,.000014286103589,582,.0000971685364721,.0000468924114649,2024,.0010497041857854,.0004529013534684
17.3,1056,.0014882627004538,.0010774554121209,560,.0011482540044534,.0005661534956649,496,.0003400086960004,.000511301916456,371,.0003032604429089,.0003649458336394,125,.0000367482530915,.0001463560828165,258,.0002976970193691,.0001764410942001,238,.0000423116766313,.0003348608222559,125,.0000367482530915,.0001463560828165,113,5.56342353978e-06,.0001885047394393,258,.0002976970193691,.0001764410942001,931,.0014515144473623,.0009310993293044
17.4,4430,.0016214512740464,.0007148314933267,2811,.0014832266617866,.0006120150485891,1619,.0001382246122599,.0001028164447376,1498,.0001380352914156,.0000991722664399,121,1.89320844238e-07,3.64417829779e-06,1177,.0001369324958995,.0000642442725272,442,1.29211636034e-06,.0000385721722105,121,1.89320844238e-07,3.64417829779e-06,321,1.10279551610e-06,.0000349279939127,1177,.0001369324958995,.0000642442725272,4309,.0016212619532022,.0007111873150289
17.5,2734,.0011927936269397,.0005671431097986,1664,.0009941869736185,.0004099777172497,1070,.0001986066533212,.0001571653925488,937,.000198470103778,.0001553700275019,133,1.36549543131e-07,1.79536504696e-06,755,.0001967929013407,.0001003246645132,315,1.81375198048e-06,.0000568407280357,133,1.36549543131e-07,1.79536504696e-06,182,1.67720243735e-06,.0000550453629887,755,.0001967929013407,.0001003246645132,2601,.0011926570773965,.0005653477447516
17.6,1387,.0012431261571199,.000617773033094,835,.0010723797897707,.000440196571369,552,.0001707463673492,.000177576461725,448,.0001700040701637,.0001570861492829,104,7.42297185566e-07,.0000204903124421,322,.0001679360960405,.0000880252841469,230,2.81027130875e-06,.0000895511775781,104,7.42297185566e-07,.0000204903124421,126,2.06797412318e-06,.000069060865136,322,.0001679360960405,.0000880252841469,1283,.0012423838599344,.0005972827206518
17.7,726,.0010126360552921,.0004736831096195,389,.0008131777139124,.0003336506483016,337,.0001994583413797,.0001400324613179,251,.0001993541670179,.0001387704611149,86,1.04174361776e-07,1.26200020301e-06,177,.0001983223378783,.0001049664592703,160,1.13600350135e-06,.0000350660020476,86,1.04174361776e-07,1.26200020301e-06,74,1.03182913958e-06,.0000338040018446,177,.0001983223378783,.0001049664592703,640,.0010125318809303,.0004724211094165
17.8,1022,.0015879723361866,.000702719123628,633,.0013843293346036,.0005673803563375,389,.000203643001583,.0001353387672904,311,.0002030266094251,.0001231525729086,78,6.16392157829e-07,.0000121861943818,235,.0002023893973382,.0001058640100373,154,1.25360424477e-06,.0000294747572531,78,6.16392157829e-07,.0000121861943818,76,6.37212086943e-07,.0000172885628713,235,.0002023893973382,.0001058640100373,944,.0015873559440288,.0006905329292461
17.9,4378,.0012967084272196,.0006227814100086,2701,.0011335454413142,.0004692999462986,1677,.0001631629859055,.00015348146371,1496,.0001627636448166,.0001456540085559,181,3.99341088822e-07,7.82745515404e-06,1131,.000160647094642,.0000789437232898,546,2.51589126343e-06,.0000745377404202,181,3.99341088822e-07,7.82745515404e-06,365,2.11655017461e-06,.0000667102852662,1131,.000160647094642,.0000789437232898,4197,.0012963090861308,.0006149539548546
18,6971,.0017459500301706,.0009695953696935,4394,.0013493515950689,.0006367519285038,2577,.0003965984351018,.0003328434411898,2451,.000360562970038,.0002093613151513,126,.0000360354650638,.0001234821260385,1915,.0003595941268024,.000181035101912,662,.0000370043082993,.0001518083392777,126,.0000360354650638,.0001234821260385,536,9.68843235541e-07,.0000283262132392,1915,.0003595941268024,.000181035101912,6845,.0017099145651068,.000846113243655
18.1,3928,.001277564786,.0007243399007081,2344,.0010201360760012,.0004213640745523,1584,.0002574287099988,.0003029758261558,1427,.0002477452548828,.0002676529215834,157,9.68345511596e-06,.0000353229045724,1087,.0002406133327975,.0001225306635003,497,.0000168153772013,.0001804451626555,157,9.68345511596e-06,.0000353229045724,340,7.13192208539e-06,.0001451222580831,1087,.0002406133327975,.0001225306635003,3771,.001267881330884,.0006890169961357
18.2,6333,.0016163519832964,.0008761988475166,3963,.001223288168104,.000538095834142,2370,.0003930638151924,.0003381030133746,2158,.0003679988016331,.0002486212324574,212,.0000250650135593,.0000894817809172,1641,.0003660472875673,.0001865403466031,729,.0000270165276251,.0001515626667714,212,.0000250650135593,.0000894817809172,517,1.95151406581e-06,.0000620808858542,1641,.0003660472875673,.0001865403466031,6121,.0015912869697371,.0007867170665994
18.3,2429,.0010746709294464,.0005121954362481,1421,.0009023071647747,.000374094754737,1008,.0001723637646717,.0001381006815111,859,.0001721101981039,.0001350288982034,149,2.53566567743e-07,3.07178330772e-06,620,.0001704054076497,.0000853631264391,388,1.95835702201e-06,.000052737555072,149,2.53566567743e-07,3.07178330772e-06,239,1.70479045426e-06,.0000496657717642,620,.0001704054076497,.0000853631264391,2280,.0010744173628786,.0005091236529404
18.4,5333,.0015791556654043,.0007127467270952,3220,.0014319562073148,.0006000150379929,2113,.0001471994580894,.0001127316891023,1811,.0001432146223797,.0000933395976648,302,3.98483570971e-06,.0000193920914375,1400,.0001421866653484,.0000662965106563,713,5.01279274104e-06,.000046435178446,302,3.98483570971e-06,.0000193920914375,411,1.02795703133e-06,.0000270430870085,1400,.0001421866653484,.0000662965106563,5031,.0015751708296945,.0006933546356577
18.5,5329,.0019070960196388,.0009935004418199,3133,.0014332327751216,.000593829401966,2196,.0004738632445172,.0003996710398539,1965,.0004349999300372,.0002637953483255,231,.00003886331448,.0001358756915284,1505,.0004334774750192,.0002221664766287,691,.000040385769498,.0001775045632252,231,.00003886331448,.0001358756915284,460,1.52245501797e-06,.0000416288716968,1505,.0004334774750192,.0002221664766287,5098,.0018682327051588,.0008576247502915
18.6,10582,.0016927132769816,.0010111846449232,6527,.0013785450869241,.0005964839836184,4055,.0003141681900574,.0004147006613048,3741,.0002567580771483,.0002165864045796,314,.0000574101129091,.0001981142567252,2850,.0002472263742903,.0001129979656028,1205,.0000669418157671,.000301702695702,314,.0000574101129091,.0001981142567252,891,9.53170285801e-06,.0001035884389767,2850,.0002472263742903,.0001129979656028,10268,.0016353031640725,.000813070388198
18.7,8576,.0013166168147943,.0006376800364621,5140,.0010090567905283,.0004283892688294,3436,.000307560024266,.0002092907676327,3191,.0003020746540398,.0001721115455042,245,5.48537022625e-06,.0000371792221285,2487,.0003011075291821,.0001493445717131,949,6.45249508392e-06,.0000599461959196,245,5.48537022625e-06,.0000371792221285,704,9.67124857663e-07,.0000227669737911,2487,.0003011075291821,.0001493445717131,8331,.0013111314445681,.0006005008143335
18.8,2404,.0020977111583254,.0010123129550818,1273,.0016380479087466,.0006821959824945,1131,.0004596632495788,.0003301169725872,907,.0004415830945924,.0002647894515379,224,.0000180801549864,.0000653275210494,651,.0004398211151448,.0002330456385166,480,.000019842134434,.0000970713340707,224,.0000180801549864,.0000653275210494,256,1.76197944754e-06,.0000317438130213,651,.0004398211151448,.0002330456385166,2180,.0020796310033389,.0009469854340324
18.9,2721,.0016702334191839,.0008414310238566,1676,.0013952750906563,.0005944314243556,1045,.0002749583285276,.0002469995995011,919,.0002478845978068,.000135412272173,126,.0000270737307208,.0001115873273281,679,.0002474486459103,.0001283628592376,366,.0000275096826173,.0001186367402635,126,.0000270737307208,.0001115873273281,240,4.35951896534e-07,7.04941293539e-06,679,.0002474486459103,.0001283628592376,2595,.0016431596884631,.0007298436965286
19,11189,.0021511422943509,.0011565646273326,6968,.0016457160029861,.0006993794507514,4221,.0005054262913648,.0004571851765812,3942,.000493088017682,.0004113934511512,279,.0000123382736827,.0000457917254301,3078,.0004883504933946,.0002623663302225,1143,.0000170757979702,.0001948188463587,279,.0000123382736827,.0000457917254301,864,4.73752428747e-06,.0001490271209287,3078,.0004883504933946,.0002623663302225,10910,.0021388040206682,.0011107729019025
19.1,2742,.00141266189733,.0008793407898961,1463,.001050010805159,.0004361618783354,1279,.000362651092171,.0004431789115607,1010,.0002965648180003,.0002124694000213,269,.0000660862741707,.0002307095115394,741,.0002946402915238,.0001556986752013,538,.0000680108006472,.0002874802363594,269,.0000660862741707,.0002307095115394,269,1.92452647644e-06,.00005677072482,741,.0002946402915238,.0001556986752013,2473,.0013465756231592,.0006486312783567
19.2,4782,.0023059913268499,.0012668871837549,2911,.0018290793055435,.0008109659848387,1871,.0004769120213064,.0004559211989162,1554,.0004387264810364,.000307257258513,317,.00003818554027,.0001486639404032,1145,.0004365864619957,.0002437459316266,726,.0000403255593106,.0002121752672897,317,.00003818554027,.0001486639404032,409,2.14001904063e-06,.0000635113268864,1145,.0004365864619957,.0002437459316266,4465,.0022678057865799,.0011182232433516
19.3,5841,.0020047680429274,.0009182751766007,3618,.0018179983544291,.0007510119366423,2223,.0001867696884983,.0001672632399584,2016,.0001795289403853,.0001391752826654,207,7.24074811301e-06,.0000280879572929,1513,.0001778697936869,.0000897311715677,710,8.89989481140e-06,.0000775320683906,207,7.24074811301e-06,.0000280879572929,503,1.65914669839e-06,.0000494441110977,1513,.0001778697936869,.0000897311715677,5634,.0019975272948144,.0008901872193078
19.4,5109,.0018629297194579,.000834053827371,3073,.0016597098986201,.0006944224812085,2036,.0002032198208378,.0001396313461625,1735,.0002001593231387,.0001223566641554,301,3.06049769910e-06,.0000172746820071,1277,.0001988660057719,.0000939193225966,759,4.35381506587e-06,.0000457120235658,301,3.06049769910e-06,.0000172746820071,458,1.29331736677e-06,.0000284373415588,1277,.0001988660057719,.0000939193225966,4808,.0018598692217588,.0008167791453639
19.5,7910,.0020935351847759,.0011304152169876,4942,.0016464740125777,.0006981810070047,2968,.0004470611721983,.000432234209983,2618,.0003997556389112,.0002647914599999,350,.0000473055332871,.000167442749983,1984,.0003975929435778,.0002014854791186,984,.0000494682286205,.0002307487308644,350,.0000473055332871,.000167442749983,634,2.16269533340e-06,.0000633059808813,1984,.0003975929435778,.0002014854791186,7560,.0020462296514888,.0009629724670046
19.6,14124,.0021267767673083,.0010589913249061,8664,.0016221034377323,.0006843637952019,5460,.0005046733295761,.0003746275297041,4953,.0004856503076649,.0002999370913171,507,.0000190230219112,.000074690438387,3770,.000483142640118,.000231984915064,1690,.0000215306894581,.0001426426146401,507,.0000190230219112,.000074690438387,1183,2.50766754691e-06,.000067952176253,3770,.000483142640118,.000231984915064,13617,.0021077537453971,.000984300886519
19.7,8171,.0016599128485536,.0009445365952753,4941,.0012490680437724,.0005419210649671,3230,.0004108448047812,.0004026155303082,2873,.0003710534766978,.0002621303125829,357,.0000397913280833,.0001404852177253,2159,.0003668934157275,.0001865003892498,1071,.0000439513890537,.0002161151410583,357,.0000397913280833,.0001404852177253,714,4.16006097034e-06,.0000756299233331,2159,.0003668934157275,.0001865003892498,7814,.0016201215204703,.00080405137755
19.8,12121,.0018707447885778,.0011963179700615,7495,.0013599475270288,.0005844079596947,4626,.000510797261549,.0006119100103668,4028,.0004190330553163,.0002887753157026,598,.0000917642062327,.0003231346946642,3070,.0004089956017364,.000208132645076,1556,.0001018016598127,.0004037773652908,598,.0000917642062327,.0003231346946642,958,.00001003745358,.0000806426706267,3070,.0004089956017364,.000208132645076,11523,.0017789805823452,.0008731832753974
19.9,9793,.0017567473213383,.0010015458789854,6027,.0014282339163953,.0006392008729845,3766,.000328513404943,.0003623450060009,3423,.0003264041616179,.0003478473375548,343,2.10924332512e-06,.0000144976684461,2612,.0003203927911151,.0001524070745529,1154,8.12061382792e-06,.000209937931448,343,2.10924332512e-06,.0000144976684461,811,6.01137050280e-06,.0001954402630019,2612,.0003203927911151,.0001524070745529,9450,.0017546380780132,.0009870482105393
20,10360,.0021138613754658,.0009591897118234,6223,.0018265685045162,.0007796845997907,4137,.0002872928709496,.0001795051120327,3643,.0002818182293605,.0001517404963797,494,5.47464158913e-06,.000027764615653,2751,.0002805691948979,.0001307421439165,1386,6.72367605167e-06,.0000487629681162,494,5.47464158913e-06,.000027764615653,892,1.24903446253e-06,.0000209983524632,2751,.0002805691948979,.0001307421439165,9866,.0021083867338767,.0009314250961704
20.1,4998,.0014082581579512,.0006994594457754,2849,.0011190422361145,.0004681722979586,2149,.0002892159218367,.0002312871478168,1665,.0002876471783941,.0002047914324966,484,1.56874344256e-06,.0000264957153202,1195,.0002854251532376,.000143377494578,954,3.79076859910e-06,.0000879096532388,484,1.56874344256e-06,.0000264957153202,470,2.22202515653e-06,.0000614139379186,1195,.0002854251532376,.000143377494578,4514,.0014066894145086,.0006729637304552
20.2,12798,.0018195528074589,.0008302271500679,7928,.0014747791367866,.0006300975623537,4870,.0003447736706722,.0002001295877142,4364,.0003436699250523,.0001860693550336,506,1.10374561994e-06,.0000140602326806,3276,.0003418676060503,.0001492088104746,1594,2.90606462198e-06,.0000509207772396,506,1.10374561994e-06,.0000140602326806,1088,1.80231900204e-06,.000036860544559,3276,.0003418676060503,.0001492088104746,12292,.0018184490618389,.0008161669173873
20.3,7428,.0013905929992111,.0007672400320234,4423,.0011313029885507,.00050196497286,3005,.0002592900106604,.0002652750591634,2556,.0002420484517198,.000188316279881,449,.0000172415589406,.0000769587792824,1942,.0002396598795749,.0001215748257825,1063,.0000196301310855,.000143700233381,449,.0000172415589406,.0000769587792824,614,2.38857214498e-06,.0000667414540986,1942,.0002396598795749,.0001215748257825,6979,.0013733514402705,.0006902812527411
20.4,17827,.0027648812091331,.0013230547192506,11334,.0022428591319182,.0009558848152273,6493,.0005220220772148,.0003671699040234,5926,.0005148605929587,.0003229302178695,567,7.16148425617e-06,.0000442396861539,4528,.0005111095432155,.0002186451841669,1965,.0000109125339993,.0001485247198565,567,7.16148425617e-06,.0000442396861539,1398,3.75104974312e-06,.0001042850337026,4528,.0005111095432155,.0002186451841669,17260,.0027577197248769,.0012788150330968
20.5,9513,.0015860037271663,.0009225930181728,5507,.0012555175005342,.0005886573629384,4006,.0003304862266321,.0003339356552343,3502,.0002931039711773,.0001998468366373,504,.0000373822554548,.000134088818597,2606,.0002906330703949,.0001379751376881,1400,.0000398531562372,.0001959605175462,504,.0000373822554548,.000134088818597,896,2.47090078241e-06,.0000618716989492,2606,.0002906330703949,.0001379751376881,9009,.0015486214717115,.0007885041995758
20.6,18437,.0015919003433981,.0009606913068504,11484,.0011863661289389,.0005182121635812,6953,.0004055342144593,.0004424791432692,6302,.0003607573874737,.0002792507723341,651,.0000447768269856,.0001632283709351,4821,.0003516936215087,.0001413308352627,2132,.0000538405929506,.0003011483080065,651,.0000447768269856,.0001632283709351,1481,9.06376596503e-06,.0001379199370715,4821,.0003516936215087,.0001413308352627,17786,.0015471235164125,.0007974629359153
20.7,14650,.0026594181390824,.0014552578254833,8772,.0021515905635201,.000948254262105,5878,.0005078275755623,.0005070035633783,5091,.0004712968200068,.0003668733108884,787,.0000365307555555,.0001401302524899,3874,.0004657903433105,.000203680083071,2004,.0000420372322518,.0003033234803073,787,.0000365307555555,.0001401302524899,1217,5.50647669631e-06,.0001631932278173,3874,.0004657903433105,.000203680083071,13863,.0026228873835269,.0013151275729933
20.8,15688,.0025243166143659,.0012091168685114,9637,.0019699484121782,.0008735449122403,6051,.0005543682021876,.0003355719562711,5313,.0005452516001895,.0002865971167114,738,9.11660199818e-06,.0000489748395597,4041,.0005423507489752,.0002205157101519,2010,.0000120174532124,.0001150562461192,738,9.11660199818e-06,.0000489748395597,1272,2.90085121422e-06,.0000660814065595,4041,.0005423507489752,.0002205157101519,14950,.0025152000123677,.0011601420289518
20.9,16137,.0019369037565939,.0009748522849317,9935,.0014142696952836,.0006102221664899,6202,.0005226340613103,.0003646301184418,5605,.0005209795937528,.0003384368298543,597,1.65446755754e-06,.0000261932885874,4347,.0005172783265315,.0002324887871481,1855,5.35573477885e-06,.0001321413312937,597,1.65446755754e-06,.0000261932885874,1258,3.70126722131e-06,.0001059480427062,4347,.0005172783265315,.0002324887871481,15540,.0019352492890364,.0009486589963443
21,11737,.0017396248427146,.0010042768894953,6895,.0013661815449634,.0006238699560386,4842,.0003734432977513,.0003804069334568,4112,.0003268367918047,.0002045757051795,730,.0000466065059466,.0001758312282772,3109,.0003240486469009,.0001423022025757,1733,.0000493946508503,.000238104730881,730,.0000466065059466,.0001758312282772,1003,2.78814490377e-06,.0000622735026038,3109,.0003240486469009,.0001423022025757,11007,.0016930183367681,.0008284456612181
21.1,22961,.0026527258327673,.0013908117091944,14391,.0020307616310968,.0008896392722574,8570,.0006219642016705,.000501172436937,7824,.000576511779091,.0003321984120513,746,.0000454524225795,.0001689740248857,6055,.0005731842135954,.0002531215452428,2515,.0000487799880751,.0002480508916942,746,.0000454524225795,.0001689740248857,1769,3.32756549554e-06,.0000790768668085,6055,.0005731842135954,.0002531215452428,22215,.0026072734101878,.0012218376843087
21.2,10368,.0013842962795602,.0007307177955284,5851,.0011222162280489,.0004931109165142,4517,.0002620800515113,.0002376068790142,3664,.0002477945747144,.0001666895716426,853,.0000142854767969,.0000709173073716,2710,.0002450685481721,.0001094126259581,1807,.0000170115033392,.0001281942530561,853,.0000142854767969,.0000709173073716,954,2.72602654237e-06,.0000572769456845,2710,.0002450685481721,.0001094126259581,9515,.0013700108027633,.0006598004881568
21.3,18121,.0027295708342007,.0015870040756812,10848,.0020600058541915,.0009196675317652,7273,.0006695649800092,.000667336543916,6345,.0005930566565679,.0003899490282769,928,.0000765083234414,.0002773875156391,4826,.0005879344890172,.0002572075044439,2447,.000081630490992,.0004101290394721,928,.0000765083234414,.0002773875156391,1519,5.12216755068e-06,.000132741523833,4826,.0005879344890172,.0002572075044439,17193,.0026530625107594,.0013096165600421
21.4,12511,.0017881290043998,.0009904812360547,7392,.0014101691360361,.0006141915335099,5119,.0003779598683637,.0003762897025448,4310,.0003309166309211,.0001981121905283,809,.0000470432374426,.0001781775120164,3236,.0003281820107806,.0001478177881862,1883,.0000497778575832,.0002284719143586,809,.0000470432374426,.0001781775120164,1074,2.73462014057e-06,.0000502944023422,3236,.0003281820107806,.0001478177881862,11702,.0017410857669572,.0008123037240383
21.5,19887,.003355432178836,.0016474667306725,11969,.0025187576360803,.0010932216727235,7918,.0008366745427557,.0005542450579489,7044,.0008030803678392,.0004198716759728,874,.0000335941749165,.0001343733819761,5330,.0007995724546035,.0003452119546636,2588,.0000371020881522,.0002090331032853,874,.0000335941749165,.0001343733819761,1714,3.50791323570e-06,.0000746597213093,5330,.0007995724546035,.0003452119546636,19013,.0033218380039195,.0015130933486964
21.6,22056,.0030553929616749,.0016344915644937,13291,.0023608628372345,.0010442587654364,8765,.0006945301244404,.0005902327990573,7677,.0006594827993395,.0004346572672905,1088,.0000350473251009,.0001555755317668,5890,.0006496027104459,.0002551827437978,2875,.0000449274139945,.0003350500552595,1088,.0000350473251009,.0001555755317668,1787,9.88008889358e-06,.0001794745234927,5890,.0006496027104459,.0002551827437978,20968,.0030203456365739,.0014789160327269
21.7,30741,.0029627232807316,.0015970617867889,19168,.0022513133112838,.0010169665823414,11573,.0007114099694478,.0005800952044475,10516,.0006609124717796,.0003703220587859,1057,.0000504974976682,.0002097731456616,8081,.0006562766238343,.0002597052117921,3492,.0000551333456135,.0003203899926554,1057,.0000504974976682,.0002097731456616,2435,4.63584794533e-06,.0001106168469938,8081,.0006562766238343,.0002597052117921,29684,.0029122257830634,.0013872886411273
21.8,24371,.002714499167703,.0013486350003062,14765,.0020642291040507,.0009090086452986,9606,.0006502700636523,.0004396263550076,8366,.0006457254969549,.0003479147584338,1240,4.54456669743e-06,.0000917115965738,6251,.0006417050489251,.0002705195013484,3355,8.56501472716e-06,.0001691068536592,1240,4.54456669743e-06,.0000917115965738,2115,4.02044802973e-06,.0000773952570854,6251,.0006417050489251,.0002705195013484,23131,.0027099546010056,.0012569234037325
21.9,23533,.0025458805962835,.0014225043315131,14197,.0018162775175407,.0008067720489746,9336,.0007296030787428,.0006157322825386,8139,.0006786000800686,.0004173429203999,1197,.0000510029986742,.0001983893621387,6181,.0006717854495721,.0002837836600737,3155,.0000578176291707,.0003319486224649,1197,.0000510029986742,.0001983893621387,1958,6.81463049651e-06,.0001335592603262,6181,.0006717854495721,.0002837836600737,22336,.0024948775976093,.0012241149693745
22,29425,.0034685393160475,.0020185355252948,18426,.0026144303992823,.0011992839701228,10999,.0008541089167651,.000819251555172,10014,.0007541784192004,.000461073278723,985,.0000999304975647,.000358178276449,7638,.0007397959225977,.0003034394831658,3361,.0001143129941675,.0005158120720062,985,.0000999304975647,.000358178276449,2376,.0000143824966028,.0001576337955572,7638,.0007397959225977,.0003034394831658,28440,.0033686088184828,.0016603572488458
22.1,30043,.0035711322734222,.0019001586002548,18444,.0026565847992512,.0011747106957677,11599,.0009145474741709,.0007254479044871,10285,.0008395488889434,.0004448210474736,1314,.0000749985852275,.0002806268570136,7835,.0008348805065794,.0003424438994257,3764,.0000796669675915,.0003830040050614,1314,.0000749985852275,.0002806268570136,2450,4.66838236397e-06,.0001023771480478,7835,.0008348805065794,.0003424438994257,28729,.0034961336881946,.0016195317432413
22.2,27314,.0030410531981765,.0016492232527958,16443,.0022489368482187,.001009534942546,10871,.0007921163499579,.0006396883102498,9556,.0007621577119473,.0005097231965965,1315,.0000299586380105,.0001299651136533,7241,.00074960473052,.0003113027319025,3630,.0000425116194379,.0003283855783473,1315,.0000299586380105,.0001299651136533,2315,.0000125529814273,.000198420464694,7241,.00074960473052,.0003113027319025,25999,.003011094560166,.0015192581391424
22.3,22389,.0029667921436682,.0018964758902383,13272,.0020618272225028,.0009665508554645,9117,.0009049649211654,.0009299250347738,7734,.0007728296723776,.0004555321602899,1383,.0001321352487877,.0004743928744839,5931,.0007628730522709,.0003403119026829,3186,.0001420918688945,.0005896131320909,1383,.0001321352487877,.0004743928744839,1803,9.95662010679e-06,.000115220257607,5931,.0007628730522709,.0003403119026829,21006,.0028346568948805,.0014220830157544
22.4,26989,.0036957668064544,.0019602284957048,16201,.0027670211672471,.0012567903669578,10788,.0009287456392073,.000703438128747,9187,.0008680994452129,.000456192654944,1601,.0000606461939944,.0002472454738029,6947,.0008638919812467,.0003727030614475,3841,.0000648536579606,.0003307350672995,1601,.0000606461939944,.0002472454738029,2240,4.20746396619e-06,.0000834895934965,6947,.0008638919812467,.0003727030614475,25388,.00363512061246,.0017129830219018
22.5,26224,.0032311776158764,.0018076703999619,15609,.0023112475237832,.0010421941104877,10615,.0009199300920932,.0007654762894743,9241,.000847715244198,.0004806875167895,1374,.0000722148478952,.0002847887726847,7036,.0008389104064053,.0003387116348056,3579,.000081019685688,.0004267646546686,1374,.0000722148478952,.0002847887726847,2205,8.80483779275e-06,.0001419758819839,7036,.0008389104064053,.0003387116348056,24850,.0031589627679812,.0015228816272772
22.6,26120,.003065918015722,.0017656609583744,15736,.0022109820008187,.0010172717872182,10384,.0008549360149033,.0007483891711563,9055,.00077461828464,.0004428388113538,1329,.0000803177302633,.0003055503598025,6788,.0007683877895008,.0003025442761261,3596,.0000865482254025,.0004458448950301,1329,.0000803177302633,.0003055503598025,2267,6.23049513916e-06,.0001402945352276,6788,.0007683877895008,.0003025442761261,24791,.0029856002854587,.0014601105985719
22.7,28738,.0032199765511063,.001841617362109,17401,.0021505076386825,.0010316620712655,11337,.0010694689124238,.0008099552908435,9792,.0010046476219487,.0005578768533537,1545,.0000648212904751,.0002520784374898,7375,.0009989337725378,.0004297309998745,3962,.000070535139886,.000380224290969,1545,.0000648212904751,.0002520784374898,2417,5.71384941092e-06,.0001281458534792,7375,.0009989337725378,.0004297309998745,27193,.0031551552606312,.0015895389246192
22.8,31800,.0035157499979989,.0022414378193559,19494,.0024793804638942,.0011712227548303,12306,.0010363695341047,.0010702150645256,10665,.0008799573450093,.0005049158817064,1641,.0001564121890955,.0005652991828192,8171,.0008727742047987,.0003688701355708,4135,.0001635953293061,.0007013449289549,1641,.0001564121890955,.0005652991828192,2494,7.18314021058e-06,.0001360457461356,8171,.0008727742047987,.0003688701355708,30159,.0033593378089035,.0016761386365367
22.9,25954,.0028131266305397,.0018921531879552,15728,.0020498126355778,.00103025098826,10226,.0007633139949619,.0008619021996952,8721,.0006436901925011,.0004217396469733,1505,.0001196238024608,.0004401625527218,6463,.0006298623776597,.0002537873235903,3763,.0001334516173022,.0006081148761048,1505,.0001196238024608,.0004401625527218,2258,.0000138278148414,.000167952323383,6463,.0006298623776597,.0002537873235903,24449,.0026935028280789,.0014519906352333
23,35524,.0044047293237446,.0023129529951633,21804,.003291032812756,.001515448850366,13720,.0011136965109886,.0007975041447972,12117,.0010813035254892,.0006582588101896,1603,.0000323929854993,.0001392453346076,9079,.0010451189943919,.0004250147458387,4641,.0000685775165967,.0003724893989586,1603,.0000323929854993,.0001392453346076,3038,.0000361845310974,.0002332440643509,9079,.0010451189943919,.0004250147458387,33921,.0043723363382452,.0021737076605556
23.1,40250,.0046014792035236,.0028517205927151,24927,.0031773815928785,.0014426032022666,15323,.0014240976106451,.0014091173904485,13803,.0012099106198504,.0006511734323895,1520,.0002141869907947,.0007579439580591,10526,.001203423549339,.0005055102565247,4797,.0002206740613061,.0009036071339238,1520,.0002141869907947,.0007579439580591,3277,6.48707051135e-06,.0001456631758647,10526,.001203423549339,.0005055102565247,38730,.0043872922127289,.002093776634656
23.2,25295,.0028482636352816,.0017419996717033,15036,.0020835091162346,.0009651487140984,10259,.000764754519047,.0007768509576049,8707,.0007052678817427,.0005346079556719,1552,.0000594866373043,.000242243001933,6511,.0006846254655579,.0002807900027054,3748,.0000801290534891,.0004960609548995,1552,.0000594866373043,.000242243001933,2196,.0000206424161848,.0002538179529665,6511,.0006846254655579,.0002807900027054,23743,.0027887769979773,.0014997566697703
23.3,22111,.0027954006794322,.0017994134412327,13037,.0020973175200636,.0009578560836697,9074,.0006980831593686,.0008415573575631,7606,.0005731679297081,.0003848364226013,1468,.0001249152296606,.0004567209349617,5699,.0005666008981762,.0002332429970061,3375,.0001314822611925,.000608314360557,1468,.0001249152296606,.0004567209349617,1907,6.56703153188e-06,.0001515934255953,5699,.0005666008981762,.0002332429970061,20643,.0026704854497716,.001342692506271
23.4,31151,.0032870477153294,.0019914356877028,19288,.0024182207476847,.0011653923440696,11863,.0008688269676447,.0008260433436331,10443,.0007920593533116,.0004649178458983,1420,.0000767676143331,.0003611254977348,7888,.0007679508767464,.0003070415236122,3975,.0001008760908983,.000519001820021,1420,.0000767676143331,.0003611254977348,2555,.0000241084765651,.0001578763222861,7888,.0007679508767464,.0003070415236122,29731,.0032102801009963,.001630310189968
23.5,31745,.0034631295937575,.0019779144657692,19354,.0025392415139665,.0011883807847769,12391,.0009238880797911,.0007895336809923,10593,.0008487484475901,.0004612443215996,1798,.000075139632201,.0003282893593927,7923,.0008379739750344,.000353277590048,4468,.0000859141047567,.0004362560909443,1798,.000075139632201,.0003282893593927,2670,.0000107744725557,.0001079667315516,7923,.0008379739750344,.000353277590048,29947,.0033879899615565,.0016496251063765
23.6,32326,.0038283103276146,.0024411339194056,19254,.0026328439152287,.001257792941439,13072,.0011954664123859,.0011833409779666,11129,.0010761193807603,.0006766059184782,1943,.0001193470316256,.0005067350594884,8227,.0010472881358807,.000427197768555,4845,.0001481782765052,.0007561432094116,1943,.0001193470316256,.0005067350594884,2902,.0000288312448796,.0002494081499232,8227,.0010472881358807,.000427197768555,30383,.003708963295989,.0019343988599172
23.7,33265,.0040741949425659,.0026723698039471,20439,.002896576036617,.0014032254391192,12826,.0011776189059489,.0012691443648278,11291,.0009663152900683,.0005200177514465,1535,.0002113036158806,.0007491266133813,8496,.0009594712335608,.0004103904411707,4330,.0002181476723881,.0008587539236571,1535,.0002113036158806,.0007491266133813,2795,6.84405650751e-06,.0001096273102758,8496,.0009594712335608,.0004103904411707,31730,.0038628913266852,.0019232431905657
23.8,40195,.0038384069925609,.0024067493338407,24399,.0027126658788669,.0012574425321754,15796,.001125741113694,.0011493068016653,13678,.0009647045844963,.0005511180691174,2118,.0001610365291978,.0005981887325479,10288,.0009510639884648,.0003836706297866,5508,.0001746771252292,.0007656361718787,2118,.0001610365291978,.0005981887325479,3390,.0000136405960315,.0001674474393308,10288,.0009510639884648,.0003836706297866,38077,.0036773704633631,.0018085606012928
23.9,32647,.0048016021114651,.0030755192030969,20343,.0034184074640211,.0015646734125316,12304,.001383194647444,.0015108457905653,10887,.0011524478175945,.0006868325307152,1417,.0002307468298494,.00082401325985,8095,.0011199774660845,.0004935194490765,4209,.0002632171813595,.0010173263414888,1417,.0002307468298494,.00082401325985,2792,.00003247035151,.0001933130816387,8095,.0011199774660845,.0004935194490765,31230,.0045708552816156,.0022515059432469
24,31515,.0043430604799931,.0027114323926761,19120,.0030843995437515,.0014804971108398,12395,.0012586609362416,.0012309352818363,10630,.0010804880370367,.000591763815187,1765,.0001781728992049,.0006391714666493,8064,.0010709831245737,.0004662445835015,4331,.0001876778116679,.0007646906983347,1765,.0001781728992049,.0006391714666493,2566,9.50491246304e-06,.0001255192316855,8064,.0010709831245737,.0004662445835015,29750,.0041648875807882,.0020722609260268
24.1,27561,.0038783898517983,.0024241824981373,16997,.0028177867420361,.0013649745498194,10564,.0010606031097622,.0010592079483179,8880,.0009398863037076,.0005828540135875,1684,.0001207168060546,.0004763539347304,6569,.0009285924794196,.0003966322100882,3995,.0001320106303426,.0006625757382298,1684,.0001207168060546,.0004763539347304,2311,.000011293824288,.0001862218034993,6569,.0009285924794196,.0003966322100882,25877,.0037576730457437,.0019478285634069
24.2,42255,.0054054249234347,.003245786541988,26116,.0038732777081312,.0018134914453842,16139,.0015321472153035,.0014322950966038,14105,.0013329103510009,.0007090250962488,2034,.0001992368643026,.000723270000355,10800,.0013210559357343,.0005511668347596,5339,.0002110912795692,.0008811282618442,2034,.0001992368643026,.000723270000355,3305,.0000118544152667,.0001578582614892,10800,.0013210559357343,.0005511668347596,40221,.0052061880591321,.002522516541633
24.3,41983,.0049601013694051,.0036124469391918,25931,.0031288406012969,.0015099079883979,16052,.0018312607681082,.0021025389507939,13869,.0015197190846704,.0010040088126295,2183,.0003115416834377,.0010985301381644,10506,.001456250405691,.0006586373939496,5546,.0003750103624172,.0014439015568444,2183,.0003115416834377,.0010985301381644,3363,.0000634686789795,.00034537141868,10506,.001456250405691,.0006586373939496,39800,.0046485596859673,.0025139168010274
24.4,31188,.0039404188741195,.0026128544384264,18436,.0026783879961423,.0013355433490188,12752,.0012620308779772,.0012773110894077,10648,.0011231054481803,.0007624212210869,2104,.0001389254297969,.0005148898683207,7909,.0011024151895204,.0004990366980409,4843,.0001596156884569,.0007782743913668,2104,.0001389254297969,.0005148898683207,2739,.0000206902586599,.0002633845230461,7909,.0011024151895204,.0004990366980409,29084,.0038014934443226,.0020979645701057
24.5,32095,.0040053378212993,.0027806893846494,19058,.0028730076682947,.0014129320807637,13037,.0011323301530046,.0013677573038857,11024,.0009126729850952,.0005678922909835,2013,.0002196571679094,.0007998650129021,8284,.000888828312289,.0003912824747035,4753,.0002435018407156,.0009764748291822,2013,.0002196571679094,.0007998650129021,2740,.0000238446728062,.00017660981628,8284,.000888828312289,.0003912824747035,30082,.0037856806533899,.0019808243717472
24.6,47986,.0061579869269688,.0038282337336856,30278,.0043737265168561,.0021362464475841,17708,.0017842604101127,.0016919872861015,15873,.0015564354727904,.0008746967364329,1835,.0002278249373223,.0008172905496686,12147,.0015356709150665,.0006140807964842,5561,.0002485894950462,.0010779064896173,1835,.0002278249373223,.0008172905496686,3726,.0000207645577239,.0002606159399486,12147,.0015356709150665,.0006140807964842,46151,.0059301619896464,.003010943184017
24.7,40839,.0043062661708266,.0029488475327322,25434,.0029573801027578,.0015150280165931,15405,.0013488860680688,.0014338195161391,13052,.0011573701660917,.0007313202568325,2353,.0001915159019771,.0007024992593065,9636,.0011307576006994,.000483871030536,5769,.0002181284673695,.000949948485603,2353,.0001915159019771,.0007024992593065,3416,.0000266125653923,.0002474492262965,9636,.0011307576006994,.000483871030536,38486,.0041147502688495,.0022463482734256
24.8,36820,.0037241206457261,.0031339439956108,22391,.0024745108484122,.0014508612352907,14429,.0012496097973139,.0016830827603201,12456,.0009471178309826,.0006099396937974,1973,.0003024919663313,.0010731430665227,9292,.0009318770683595,.0004219272003754,5137,.0003177327289544,.0012611555599447,1973,.0003024919663313,.0010731430665227,3164,.0000152407626231,.000188012493422,9292,.0009318770683595,.0004219272003754,34847,.0034216286793948,.0020608009290881
24.9,42520,.0044486926274006,.0025656202607801,26340,.0032059929489366,.0015341111075631,16180,.001242699678464,.001031509153217,13867,.0011398982924457,.0006234679393166,2313,.0001028013860183,.0004080412139004,10365,.0011316097481699,.0004345055131011,5815,.000111089930294,.0005970036401159,2313,.0001028013860183,.0004080412139004,3502,8.28854427575e-06,.0001889624262155,10365,.0011316097481699,.0004345055131011,40207,.0043458912413823,.0021575790468796
25,35252,.0038300234565419,.0024895188945433,21915,.0027088951665388,.001298610586809,13337,.0011211282900031,.0011909083077343,11187,.0009773814472794,.0006518549432786,2150,.0001437468427237,.0005390533644557,8382,.0009276748586247,.0003936935395772,4955,.0001934534313785,.0007972147681571,2150,.0001437468427237,.0005390533644557,2805,.0000497065886547,.0002581614037014,8382,.0009276748586247,.0003936935395772,33102,.0036862766138182,.0019504655300876
25.1,48700,.0054514161026803,.0032299386193246,30680,.0038165355397706,.0018098169957168,18020,.0016348805629097,.0014201216236078,15966,.0014978394200913,.0009072956260725,2054,.0001370411428184,.0005128259975353,12223,.0014490203958635,.0005932574751327,5797,.0001858601670462,.0008268641484751,2054,.0001370411428184,.0005128259975353,3743,.0000488190242279,.0003140381509398,12223,.0014490203958635,.0005932574751327,46646,.0053143749598619,.0027171126217893
25.2,33403,.0043724517882629,.0029249199208838,20433,.0032649328319219,.001532879840265,12970,.001107518956341,.0013920400806188,10722,.0008897528253789,.0006013928992735,2248,.0002177661309621,.0007906471813452,7904,.0008749426203616,.0003712266316892,5066,.0002325763359794,.0010208134489296,2248,.0002177661309621,.0007906471813452,2818,.0000148102050173,.0002301662675843,7904,.0008749426203616,.0003712266316892,31155,.0041546856573008,.0021342727395385
25.3,49928,.0056359737920887,.0037724768109157,31460,.0040100121762525,.0019478239688112,18468,.0016259616158362,.0018246528421046,16354,.0013500315249868,.0008343857486919,2114,.0002759300908494,.0009902670934127,12406,.001311835455028,.000542031176517,6062,.0003141261608082,.0012826216655876,2114,.0002759300908494,.0009902670934127,3948,.0000381960699588,.0002923545721749,12406,.001311835455028,.000542031176517,47814,.0053600437012393,.002782209717503
25.4,46058,.0041388979594364,.0034751596010324,29181,.0027935790831712,.0015810962881433,16877,.0013453188762651,.0018940633128891,14535,.0009928579180644,.0006393318944306,2342,.0003524609582007,.0012547314184586,10623,.0009468403374371,.0003886116155696,6254,.0003984785388281,.0015054516973195,2342,.0003524609582007,.0012547314184586,3912,.0000460175806274,.000250720278861,10623,.0009468403374371,.0003886116155696,43716,.0037864370012357,.0022204281825738
25.5,44984,.0040374177493383,.003062342637671,28134,.0026181708034478,.0013660885967404,16850,.0014192469458904,.0016962540409307,14740,.0011380756678309,.0006935236492984,2110,.0002811712780595,.0010027303916322,11022,.0011175807921185,.0004795490165124,5828,.0003016661537719,.0012167050244183,2110,.0002811712780595,.0010027303916322,3718,.0000204948757124,.0002139746327861,11022,.0011175807921185,.0004795490165124,42874,.0037562464712788,.0020596122460388
25.6,51312,.0045472857101901,.0031632646643747,32043,.003196212548555,.0017215524464362,19269,.0013510731616351,.0014417122179384,16794,.0011356108173798,.0006384860953914,2475,.0002154623442553,.000803226122547,12532,.0011285201361038,.0004902738240681,6737,.0002225530255314,.0009514383938704,2475,.0002154623442553,.000803226122547,4262,7.09068127601e-06,.0001482122713233,12532,.0011285201361038,.0004902738240681,48837,.0043318233659347,.0023600385418276
25.7,55374,.0063109672464637,.004629580705848,35022,.0042639671362484,.0022046576466474,20352,.0020470001102152,.0024249230592006,18341,.0016575182341279,.0010430489329918,2011,.0003894818760874,.0013818741262088,13873,.0016163399566709,.0007546268254138,6479,.0004306601535444,.0016702962337868,2011,.0003894818760874,.0013818741262088,4468,.000041178277457,.000288422107578,13873,.0016163399566709,.0007546268254138,53363,.0059214853703763,.0032477065796392
25.8,44888,.0043633116644421,.002941066332473,28621,.003074588809158,.0015363100557567,16267,.0012887228552841,.0014047562767163,14149,.001070147286262,.0006001650071603,2118,.0002185755690221,.000804591269556,10544,.0010554975824251,.0004328477420797,5723,.000233225272859,.0009719085346366,2118,.0002185755690221,.000804591269556,3605,.0000146497038369,.0001673172650806,10544,.0010554975824251,.0004328477420797,42770,.00414473609542,.002136475062917
25.9,65056,.0063945073663873,.0035672394175749,42303,.0044787928619111,.0021650785266288,22753,.0019157145044762,.0014021608909461,20586,.0018062294571841,.0009818034862442,2167,.0001094850472921,.0004203574047019,15246,.0017937810602802,.0007800214406716,7507,.000121933444196,.0006221394502745,2167,.0001094850472921,.0004203574047019,5340,.0000124483969039,.0002017820455725,15246,.0017937810602802,.0007800214406716,62889,.0062850223190952,.003146882012873
26,42010,.004081573598321,.0025947896938049,26502,.002949212985471,.0013521565326101,15508,.0011323606128499,.0012426331611948,13246,.0009335817474837,.0005098655386762,2262,.0001987788653663,.0007327676225186,9659,.0009271100618966,.0003730411353265,5849,.0002052505509533,.0008695920258683,2262,.0001987788653663,.0007327676225186,3587,6.47168558705e-06,.0001368244033497,9659,.0009271100618966,.0003730411353265,39748,.0038827947329547,.0018620220712863
26.1,61393,.0056677778240817,.0038382084808509,40052,.003961516386446,.0019436791842806,21341,.0017062614376356,.0018945292965702,18949,.0014331564841524,.0009098135812249,2392,.0002731049534833,.0009847157153453,13883,.0014110247472587,.0006303553082753,7458,.0002952366903769,.0012641739882949,2392,.0002731049534833,.0009847157153453,5066,.0000221317368936,.0002794582729496,13883,.0014110247472587,.0006303553082753,59001,.0053946728705984,.0028534927655056
26.2,65217,.0070625032765176,.0043365359064163,41430,.0051792701522098,.0024607133958642,23787,.0018832331243079,.0018758225105521,21063,.0016072254066952,.0008670891690005,2724,.0002760077176126,.0010087333415516,15578,.0015941924970513,.0006439954943105,8209,.0002890406272566,.0012318270162416,2724,.0002760077176126,.0010087333415516,5485,.000013032909644,.00022309367469,15578,.0015941924970513,.0006439954943105,62493,.006786495558905,.0033278025648646
26.3,56533,.0048812904335366,.0035298854044512,35979,.0033710278476811,.0017794732367064,20554,.0015102625858555,.0017504121677449,18006,.0012365154555005,.000760701976064,2548,.000273747130355,.0009897101916808,13300,.0012236425927608,.0005358402182376,7254,.0002866199930948,.0012145719495072,2548,.000273747130355,.0009897101916808,4706,.0000128728627398,.0002248617578264,13300,.0012236425927608,.0005358402182376,53985,.0046075433031816,.0025401752127704
26.4,71104,.0075355399327995,.006104200112287,45997,.0048126285108331,.0025588987588855,25107,.0027229114219665,.0035453013534015,22480,.0020730506171703,.0012170739182393,2627,.0006498608047961,.0023282274351621,16437,.0020321646418465,.0008997268082356,8670,.0006907467801199,.0026455745451659,2627,.0006498608047961,.0023282274351621,6043,.0000408859753238,.0003173471100038,16437,.0020321646418465,.0008997268082356,68477,.0068856791280034,.0037759726771248
26.5,80166,.0070175760454534,.0047294959383675,52202,.0048267959497499,.0022820883668476,27964,.0021907800957035,.0024474075715199,25287,.001789457116188,.0010232160828633,2677,.0004013229795155,.0014241914886566,18526,.0017689788711692,.0007398697956305,9438,.0004218012245343,.0017075377758894,2677,.0004013229795155,.0014241914886566,6761,.0000204782450188,.0002833462872328,18526,.0017689788711692,.0007398697956305,77489,.0066162530659379,.0033053044497108
26.6,64175,.0050265031745543,.0030536941131285,41561,.0035653684021311,.0016623542510633,22614,.0014611347724232,.0013913398620652,19967,.0012902408428275,.0007542133752593,2647,.0001708939295957,.0006371264868059,14648,.0012768831394576,.0005265322952268,7966,.0001842516329656,.0008648075668384,2647,.0001708939295957,.0006371264868059,5319,.0000133577033699,.0002276810800325,14648,.0012768831394576,.0005265322952268,61528,.0048556092449586,.0024165676263226
26.7,73502,.0064431737845903,.0044894047065464,47856,.004525544630782,.002295970541474,25646,.0019176291538082,.0021934341650723,22949,.0015534509588518,.0008878837656461,2697,.0003641781949565,.0013055503994263,16927,.0015344864929203,.0006341532028179,8719,.000383142660888,.0015592809622544,2697,.0003641781949565,.0013055503994263,6022,.0000189644659315,.0002537305628281,16927,.0015344864929203,.0006341532028179,70805,.0060789955896338,.0031838543071201
26.8,72342,.0067959338983215,.0048643524724521,46963,.0047328598062869,.0023607625607602,25379,.0020630740920346,.0025035899116919,22773,.0016393321820883,.0010085103981555,2606,.0004237419099464,.0014950795135364,16686,.0015955896289965,.0006485358588106,8693,.0004674844630381,.0018550540528813,2606,.0004237419099464,.0014950795135364,6087,.0000437425530917,.0003599745393449,16686,.0015955896289965,.0006485358588106,69736,.0063721919883752,.0033692729589157
26.9,74467,.0068838485589068,.0047475680409834,48340,.0048890133204412,.0022616563380987,26127,.0019948352384656,.0024859117028846,23419,.0015764150194713,.0010062558430898,2708,.0004184202189943,.0014796558597949,17001,.0015232766348874,.0006066466731868,9126,.0004715586035782,.0018792650296979,2708,.0004184202189943,.0014796558597949,6418,.0000531383845839,.000399609169903,17001,.0015232766348874,.0006066466731868,71759,.0064654283399125,.0032679121811885
27,58843,.0047661934727024,.0033935072293875,37896,.003271674462375,.0016322168005091,20947,.0014945190103275,.0017612904288784,18362,.0012084567871028,.0007252499862252,2585,.0002860622232247,.0010360404426533,13385,.001179000207139,.000488636581619,7562,.0003155188031885,.0012726538472594,2585,.0002860622232247,.0010360404426533,4977,.0000294565799638,.0002366134046062,13385,.001179000207139,.000488636581619,56258,.0044801312494778,.0023574667867343
27.1,84838,.0071027146982214,.0053204549631908,56063,.0049733138312131,.0024194040691488,28775,.0021294008670083,.002901050894042,26006,.0015667651248876,.000915793057377,2769,.0005626357421207,.001985257836665,19059,.0015460582882285,.000647168025997,9716,.0005833425787798,.0022538828680451,2769,.0005626357421207,.001985257836665,6947,.0000207068366591,.00026862503138,19059,.0015460582882285,.000647168025997,82069,.0065400789561007,.0033351971265257
27.2,50818,.0046798851858017,.0036213160473904,32472,.0031517854387416,.0016174383102565,18346,.0015280997470602,.0020038777371339,15617,.0011757493528079,.0007324068713023,2729,.0003523503942523,.0012714708658316,11365,.0011594843416557,.0005680343785072,6981,.0003686154054044,.0014358433586267,2729,.0003523503942523,.0012714708658316,4252,.0000162650111521,.0001643724927951,11365,.0011594843416557,.0005680343785072,48089,.0043275347915494,.0023498451815588
27.3,74304,.0065268766160661,.0042547778717087,48395,.0046763552400151,.0022604518484003,25909,.001850521376051,.0019943260233084,22954,.0016116766983212,.0010994515042474,2955,.0002388446777298,.000894874519061,16761,.0015428375989055,.0006538680728319,9148,.0003076837771455,.0013404579504765,2955,.0002388446777298,.000894874519061,6193,.0000688390994157,.0004455834314155,16761,.0015428375989055,.0006538680728319,71349,.0062880319383363,.0033599033526477
27.4,77621,.0074047770424409,.00510461829216,51953,.0051430588006112,.0025018521053841,25668,.0022617182418297,.0026027661867759,23406,.0018695687919208,.0012120868554705,2262,.0003921494499089,.0013906793313054,17056,.0018023442278878,.0007883374330717,8612,.0004593740139419,.0018144287537042,2262,.0003921494499089,.0013906793313054,6350,.0000672245640329,.0004237494223988,17056,.0018023442278878,.0007883374330717,75359,.0070126275925319,.0037139389608546
27.5,69459,.0066557812585928,.0047965303009336,45391,.0047555553367918,.0024351239454247,24068,.0019002259218009,.002361406355509,21648,.0015337269562255,.0010663004466892,2420,.0003664989655754,.0012951059088198,15861,.0014951729420147,.0007084448848775,8207,.0004050529797862,.0016529614706314,2420,.0003664989655754,.0012951059088198,5787,.0000385540142108,.0003578555618117,15861,.0014951729420147,.0007084448848775,67039,.0062892822930174,.0035014243921139
27.6,67175,.0065980126692955,.0065642378106752,44296,.004230303343372,.002612124486906,22879,.0023677093259234,.0039521133237692,20346,.0014948531091706,.0009390190848267,2533,.0008728562167528,.0030130942389425,14591,.001467450888218,.0006816895979772,8288,.0009002584377054,.0032704237257921,2533,.0008728562167528,.0030130942389425,5755,.0000274022209527,.0002573294868495,14591,.001467450888218,.0006816895979772,64642,.0057251564525427,.0035511435717327
27.7,69114,.0060314299171788,.004994950759462,45746,.0040426187101343,.0021255973496964,23368,.0019888112070445,.0028693534097657,21048,.0014113936229266,.00085311179337,2320,.0005774175841178,.0020162416163957,14964,.0013850761565957,.0006244421761414,8404,.0006037350504488,.0022449112336243,2320,.0005774175841178,.0020162416163957,6084,.000026317466331,.0002286696172286,14964,.0013850761565957,.0006244421761414,66794,.005454012333061,.0029787091430664
27.8,79706,.0065284035140239,.005720463646435,52155,.0042663470081963,.0022162689586299,27551,.0022620565058276,.0035041946878051,24259,.0014914849907292,.0008313651388193,3292,.0007705715150984,.0026728295489858,17593,.0014783693684311,.0005991480112776,9958,.0007836871373965,.0029050466765275,3292,.0007705715150984,.0026728295489858,6666,.0000131156222982,.0002322171275416,17593,.0014783693684311,.0005991480112776,76414,.0057578319989255,.0030476340974492
27.9,68759,.0058111072988747,.0048619348415361,45289,.0039598173006267,.0021478489960985,23470,.001851289998248,.0027140858454376,20531,.0013338248972766,.0008972160540954,2939,.0005174651009714,.0018168697913422,14792,.001290281322706,.0005819106445697,8678,.000561008675542,.0021321752008678,2939,.0005174651009714,.0018168697913422,5739,.0000435435745705,.0003153054095256,14792,.001290281322706,.0005819106445697,65820,.0052936421979032,.0030450650501939
28,70388,.0061455973409044,.0059191605727053,45843,.0038612052839502,.0020769084003096,24545,.0022843920569543,.0038422521723957,21629,.0014723403345804,.0010381379233227,2916,.0008120517223739,.002804114249073,15518,.0014227769714499,.000714333005103,9027,.0008616150855044,.0031279191672927,2916,.0008120517223739,.002804114249073,6111,.0000495633631305,.0003238049182197,15518,.0014227769714499,.000714333005103,67472,.0053335456185306,.0031150463236323
28.1,81127,.0077989709754309,.0067457535921767,53497,.005047264451474,.0029910074135772,27630,.0027517065239569,.0037547461785994,24711,.0020885840737457,.001452104564521,2919,.0006631224502112,.0023026416140784,17960,.0020346655727257,.0010545299431535,9670,.0007170409512312,.002700216235446,2919,.0006631224502112,.0023026416140784,6751,.00005391850102,.0003975746213675,17960,.0020346655727257,.0010545299431535,78208,.0071358485252197,.0044431119780982
28.2,70688,.0055519035713777,.0058931412359139,47068,.0034174355048658,.0020774313675943,23620,.0021344680665118,.0038157098683196,20926,.0012949597254329,.0009200336126601,2694,.000839508341079,.0028956762556596,14781,.0012559999048883,.0006316530483909,8839,.0008784681616235,.0031840568199287,2694,.000839508341079,.0028956762556596,6145,.0000389598205445,.0002883805642692,14781,.0012559999048883,.0006316530483909,67994,.0047123952302987,.0029974649802544
28.3,66605,.0061472050615475,.0056459223396309,43836,.003965056205579,.0022721700629724,22769,.0021821488559686,.0033737522766585,20081,.0015109800813373,.0010489858772692,2688,.0006711687746312,.0023247663993893,14430,.0014857135521829,.0008214155236953,8339,.0006964353037857,.0025523367529632,2688,.0006711687746312,.0023247663993893,5651,.0000252665291545,.0002275703535739,14430,.0014857135521829,.0008214155236953,63917,.0054760362869163,.0033211559402416
28.4,65263,.0052251524169753,.0041579094557692,43441,.0034615191905276,.0018484289342914,21822,.0017636332264477,.0023094805214778,18861,.0013492353249994,.0008285658580358,2961,.0004143979014483,.001480914663442,13456,.0013225135531107,.0006104252748001,8366,.000441119673337,.0016990552466777,2961,.0004143979014483,.001480914663442,5405,.0000267217718886,.0002181405832357,13456,.0013225135531107,.0006104252748001,62302,.004810754515527,.0026769947923271
28.5,69075,.0059684347422927,.0048017484463634,45224,.0040258642869133,.0021438987327247,23851,.0019425704553793,.0026578497136386,21103,.0014545662663794,.0009397751952446,2748,.000488004189,.001718074518394,15374,.0014240004111363,.0006541212971322,8477,.000518570044243,.0020037284165064,2748,.000488004189,.001718074518394,5729,.000030565855243,.0002856538981124,15374,.0014240004111363,.0006541212971322,66327,.0054804305532927,.0030836739279694
28.6,60881,.0066161433015498,.0064463019042906,40117,.0043192649215278,.0026112492466576,20764,.002296878380022,.003835052657633,18401,.0015502759653193,.0011840690768641,2363,.0007466024147027,.0026509835807689,12987,.0014670040922042,.0007439924008524,7777,.0008298742878178,.0030910602567806,2363,.0007466024147027,.0026509835807689,5414,.0000832718731151,.0004400766760117,12987,.0014670040922042,.0007439924008524,58518,.0058695408868471,.0037953183235218
28.7,86533,.0069824003644522,.0052161478015897,58695,.0046887785572485,.0023434729333137,27838,.0022936218072037,.002872674868276,24972,.0018247416899859,.0012295155221727,2866,.0004688801172179,.0016431593461033,17771,.0018027010315684,.000960426841349,10067,.0004909207756353,.001912248026927,2866,.0004688801172179,.0016431593461033,7201,.0000220406584175,.0002690886808237,17771,.0018027010315684,.000960426841349,83667,.0065135202472344,.0035729884554864
28.8,73117,.0056310866179839,.0044633174125811,48313,.0040313693358573,.0020602302123657,24804,.0015997172821266,.0024030872002154,21988,.0011464385403188,.0007953953768343,2816,.0004532787418078,.0016076918233811,15677,.0011133904052993,.000484029103693,9127,.0004863268768272,.0019190580965224,2816,.0004532787418078,.0016076918233811,6311,.0000330481350195,.0003113662731414,15677,.0011133904052993,.000484029103693,70301,.0051778078761761,.0028556255892001
28.9,68557,.0059067615223377,.0059063481841836,45942,.0037839064123694,.0021107920020936,22615,.0021228551099684,.0037955561820899,20116,.001298468423226,.0009563948713985,2499,.0008243866867424,.0028391613106914,14004,.0012556903104912,.0006410295165344,8611,.0008671647994772,.0031545266655555,2499,.0008243866867424,.0028391613106914,6112,.0000427781127347,.0003153653548641,14004,.0012556903104912,.0006410295165344,66058,.0050823748355953,.0030671868734922
29,77308,.0062096293788513,.0060901134662544,50010,.0039605999383548,.0021269921673132,27298,.0022490294404964,.0039631212989412,24096,.0013467780826569,.000807720179395,3202,.0009022513578395,.0031554011195462,17314,.0013230653114127,.0005744696638651,9984,.0009259641290838,.0033886516350761,3202,.0009022513578395,.0031554011195462,6782,.0000237127712442,.0002332505155299,17314,.0013230653114127,.0005744696638651,74106,.0053073780210117,.0029347123467082
29.1,55273,.006243297962803,.0072928535570891,36487,.0035424488974816,.0021706834847316,18786,.0027008490653214,.0051221700723575,16179,.0016257859170389,.0014338217112102,2607,.0010750631482824,.0036883483611473,11395,.0015429966558751,.0009991854373396,7391,.0011578524094463,.0041229846350179,2607,.0010750631482824,.0036883483611473,4784,.0000827892611639,.0004346362738706,11395,.0015429966558751,.0009991854373396,52666,.0051682348145205,.0036045051959418
29.2,87604,.0076641286528157,.0066839604907634,58401,.0048066511978391,.0024985019013578,29203,.0028574774549766,.0041854585894056,26124,.002042227798872,.0013735902123111,3079,.0008152496561046,.0028118683770945,18252,.0020009063486779,.0010069138563292,10951,.0008565711062988,.0031785447330764,3079,.0008152496561046,.0028118683770945,7872,.0000413214501941,.000366676355982,18252,.0020009063486779,.0010069138563292,84525,.0068488789967111,.003872092113669
29.3,64592,.0047946187825963,.0049266352913176,42529,.0029982334838979,.0016403617779211,22063,.0017963852986984,.0032862735133966,19236,.0010644707052359,.0007532452650346,2827,.0007319145934625,.002533028248362,13484,.0010322687156699,.000546029266361,8579,.0007641165830285,.0027402442470356,2827,.0007319145934625,.002533028248362,5752,.000032201989566,.0002072159986736,13484,.0010322687156699,.000546029266361,61765,.0040627041891338,.0023936070429557
29.4,61696,.0058836546701665,.0058178240355122,40605,.0036360264057899,.0020887824509444,21091,.0022476282643766,.0037290415845678,18223,.0014952890769488,.0011325952839435,2868,.0007523391874278,.0025964463006243,12886,.0014829706592463,.0009374902698819,8205,.0007646576051303,.0027915513146859,2868,.0007523391874278,.0025964463006243,5337,.0000123184177025,.0001951050140616,12886,.0014829706592463,.0009374902698819,58828,.0051313154827387,.003221377734888
29.5,55313,.004937732810705,.0054215667142468,36427,.0030936244572877,.0019581145178999,18886,.0018441083534172,.0034634521963469,16067,.0011878396295275,.0011859645037966,2819,.0006562687238898,.0022774876925503,11249,.0010305983413219,.0005393365844703,7637,.0008135100120953,.0029241156118767,2819,.0006562687238898,.0022774876925503,4818,.0001572412882056,.0006466279193263,11249,.0010305983413219,.0005393365844703,52494,.0042814640868152,.0031440790216965
29.6,62482,.0054946252249823,.0067727156227489,41000,.0031202700204253,.0020306746567949,21482,.002374355204557,.0047420409659541,18245,.0012629383397172,.0009110586314771,3237,.0011114168648398,.003830982334477,12644,.0012463630775006,.0007307243185539,8838,.0011279921270564,.0040113166474002,3237,.0011114168648398,.003830982334477,5601,.0000165752622166,.0001803343129232,12644,.0012463630775006,.0007307243185539,59245,.0043832083601425,.002941733288272
29.7,66547,.0052584664961682,.0052897906225681,44047,.0032910252103358,.0017460601203707,22500,.0019674412858324,.0035437305021975,19583,.0012507079121518,.0010677533185349,2917,.0007167333736807,.0024759771836625,13895,.0011662630740744,.0005799617870123,8605,.0008011782117581,.0029637687151851,2917,.0007167333736807,.0024759771836625,5688,.0000844448380774,.0004877915315226,13895,.0011662630740744,.0005799617870123,63630,.0045417331224875,.0028138134389056
29.8,68736,.0057619394077527,.0063308310485903,45473,.0035052420932074,.0019240450696951,23263,.0022566973145453,.0044067859788952,20149,.001279017040794,.0010507565844546,3114,.0009776802737513,.0033560293944406,13801,.0012059760157994,.0006625497945528,9462,.0010507212987459,.0037442361843423,3114,.0009776802737513,.0033560293944406,6348,.0000730410249946,.0003882067899018,13801,.0012059760157994,.0006625497945528,65622,.0047842591340014,.0029748016541497
29.9,51863,.0046288936771964,.0054058136220797,33400,.002956143829873,.0018448379375589,18463,.0016727498473234,.0035609756845209,15625,.0008100338909975,.0005758642864709,2838,.0008627159563259,.0029851113980499,10839,.0007989592992272,.0004040143419519,7624,.0008737905480962,.0031569613425689,2838,.0008627159563259,.0029851113980499,4786,.0000110745917703,.000171849944519,10839,.0007989592992272,.0004040143419519,49025,.0037661777208705,.0024207022240298
30,72023,.0065157922910371,.0082725075674256,47740,.0036782334264002,.0024745585467039,24283,.0028375588646369,.0057979490207217,21177,.0014960859915666,.0012030499170828,3106,.0013414728730703,.0045948991036389,14626,.0014418478492009,.0008648339017824,9657,.001395711015436,.0049331151189393,3106,.0013414728730703,.0045948991036389,6551,.0000542381423658,.0003382160153004,14626,.0014418478492009,.0008648339017824,68917,.0051743194179668,.0036776084637867
30.1,67162,.0059207007408973,.0073696299564552,44375,.0033840667428128,.002100199594558,22787,.0025366339980845,.0052694303618972,19361,.0012129168357199,.0007203797525484,3426,.0013237171623646,.0045490506093488,13450,.0011975947922926,.000538634998222,9337,.0013390392057918,.0047307953636752,3426,.0013237171623646,.0045490506093488,5911,.0000153220434272,.0001817447543263,13450,.0011975947922926,.000538634998222,63736,.0045969835785327,.0028205793471063
30.2,53372,.0054217293186727,.0073054116075617,34000,.0029877178157441,.0017937902970125,19372,.0024340115029285,.0055116213105492,16190,.0010763358165191,.0008265288206553,3182,.0013576756864095,.0046850924898939,11373,.001029160669715,.0005597161020709,7999,.0014048508332135,.0049519052084783,3182,.0013576756864095,.0046850924898939,4817,.000047175146804,.0002668127185844,11373,.001029160669715,.0005597161020709,50190,.0040640536322632,.0026203191176678
30.3,65600,.0056514835426162,.0077196413816609,43713,.0029697941070195,.001749454753018,21887,.0026816894355967,.0059701866286429,19012,.0013349691819394,.0013594649837079,2875,.0013467202536573,.004610721644935,13338,.0011573827351397,.0006142647767598,8549,.001524306700457,.0053559218518831,2875,.0013467202536573,.004610721644935,5674,.0001775864467997,.0007452002069481,13338,.0011573827351397,.0006142647767598,62725,.0043047632889589,.0031089197367258
30.4,62476,.0060996713439506,.0076408791404426,41629,.0035002002587993,.0022409552177161,20847,.0025994710851513,.0053999239227265,17654,.0013578177621922,.0011422495527462,3193,.0012416533229591,.0042576743699803,12215,.0012917414175402,.0007317585352223,8632,.0013077296676112,.0046681653875041,3193,.0012416533229591,.0042576743699803,5439,.0000660763446521,.0004104910175239,12215,.0012917414175402,.0007317585352223,59283,.0048580180209915,.0033832047704623
30.5,47579,.005946609135465,.0089797479012215,30764,.0027801157684866,.002167456351956,16815,.0031664933669785,.0068122915492655,14062,.0016132501033835,.0015093011979738,2753,.001553243263595,.0053029903512917,9799,.0015347696524232,.0011158935588702,7016,.0016317237145553,.0056963979903953,2753,.001553243263595,.0053029903512917,4263,.0000784804509604,.0003934076391036,9799,.0015347696524232,.0011158935588702,44826,.0043933658718701,.0036767575499297
30.6,55843,.0068056576956768,.0094586847246734,37097,.0036948847738519,.0021908495971391,18746,.0031107729218249,.0072678351275343,15802,.0015475735808502,.0019280102494068,2944,.0015631993409747,.0053398248781275,10919,.0012944522046986,.0008298587426177,7827,.0018163207171263,.0064379763849166,2944,.0015631993409747,.0053398248781275,4883,.0002531213761516,.0010981515067892,10919,.0012944522046986,.0008298587426177,52899,.0052424583547022,.0041188598465459
30.7,48729,.006280387494315,.0092979059290526,32051,.0032959606810071,.002221480302028,16678,.0029844268133078,.0070764256270245,14315,.0013013690870954,.0013299973322748,2363,.0016830577262124,.0057464282947497,9789,.0011496654230394,.0006794472415648,6889,.0018347613902684,.0063969783854598,2363,.0016830577262124,.0057464282947497,4526,.000151703664056,.0006505500907101,9789,.0011496654230394,.0006794472415648,46366,.0045973297681026,.0035514776343029
30.8,36220,.0059393735184728,.008731681260132,22451,.0031280285732322,.0025750924563319,13769,.0028113449452406,.0061565888038,11150,.0013844266986411,.001258529448049,2619,.0014269182465995,.004898059355751,7937,.0013356172121006,.0010298987856278,5832,.0014757277331399,.0051266900181723,2619,.0014269182465995,.004898059355751,3213,.0000488094865404,.0002286306624212,7937,.0013356172121006,.0010298987856278,33601,.0045124552718733,.0038336219043809
30.9,46902,.0059046705864868,.0087110952421624,30307,.0028829228745773,.0018151736633252,16595,.0030217477119096,.0068959215788372,13320,.0014245450252657,.0014324522828456,3275,.0015972026866439,.0054634692959916,9055,.001325194981892,.0008166576873579,7540,.0016965527300176,.0060792638914793,3275,.0015972026866439,.0054634692959916,4265,.0000993500433738,.0006157945954877,9055,.001325194981892,.0008166576873579,43627,.004307467899843,.0032476259461708
31,45913,.0055006809051608,.0079099687110205,29791,.0028584104993651,.0020330412753866,16122,.0026422704057957,.0058769274356339,13176,.0012536291054971,.0011143429709425,2946,.0013886413002987,.0047625844646914,8679,.0011932157545296,.0007971315229162,7443,.0014490546512661,.0050797959127177,2946,.0013886413002987,.0047625844646914,4497,.0000604133509675,.0003172114480263,8679,.0011932157545296,.0007971315229162,42967,.0041120396048621,.0031473842463291
31.1,45432,.0053067652834433,.007002994267457,29735,.0030188845100885,.0019154529185475,15697,.0022878807733548,.0050875413489095,12696,.0010490191797423,.0008365417204785,3001,.0012388615936124,.004250999628431,8704,.0010168939377211,.0006299467724198,6993,.0012709868356337,.0044575945764897,3001,.0012388615936124,.004250999628431,3992,.0000321252420213,.0002065949480587,8704,.0010168939377211,.0006299467724198,42431,.0040679036898308,.002751994639026
31.2,40889,.0054296689006965,.0074721132608989,26189,.0027020314414544,.0018579576152604,14700,.0027276374592421,.0056141556456385,11946,.0014724186516629,.0013124045606713,2754,.0012552188075792,.0043017510849672,8171,.0013999175203778,.0009807412232751,6529,.0013277199388643,.0046334144223634,2754,.0012552188075792,.0043017510849672,3775,.0000725011312851,.0003316633373962,8171,.0013999175203778,.0009807412232751,38135,.0041744500931173,.0031703621759316
31.3,42771,.0059208169760039,.0084047722273519,27520,.0031727429668217,.0020486275269297,15251,.0027480740091822,.0063561447004222,12107,.0011981195004034,.0010499613742551,3144,.0015499545087788,.0053061833261671,8241,.0011307193101733,.0007271417632652,7010,.0016173546990089,.005629002937157,3144,.0015499545087788,.0053061833261671,3866,.0000674001902301,.0003228196109899,8241,.0011307193101733,.0007271417632652,39627,.0043708624672251,.0030985889011848
31.4,43522,.0074310878319816,.0122488073651137,27998,.0029737562678365,.002412757226334,15524,.0044573315641451,.0098360501387798,12500,.002161097405056,.002001942981312,3024,.0022962341590891,.0078341071574678,8624,.0020794089187435,.0016622666501501,6900,.0023779226454016,.0081737834886297,3024,.0022962341590891,.0078341071574678,3876,.0000816884863126,.0003396763311619,8624,.0020794089187435,.0016622666501501,40498,.0051348536728925,.0044147002076459
31.5,42702,.0065121703861422,.0094764520874368,27733,.0033035056649616,.0025677104774327,14969,.0032086647211805,.0069087416100041,12051,.0016993466103192,.0017448735563765,2918,.0015093181108613,.0051638680536276,8198,.0015653287341584,.0011780975287359,6771,.0016433359870221,.0057306440812682,2918,.0015093181108613,.0051638680536276,3853,.0001340178761608,.0005667760276407,8198,.0015653287341584,.0011780975287359,39784,.0050028522752808,.0043125840338092
31.6,34561,.0052821244567783,.0079766944416425,21630,.0024673042487927,.0018320446155412,12931,.0028148202079856,.0061446498261012,10081,.0013502813206221,.0011375172077435,2850,.0014645388873634,.0050071326183577,6726,.0013034922164322,.0009123638273815,6205,.0015113279915534,.0052322859987197,2850,.0014645388873634,.0050071326183577,3355,.0000467891041899,.000225153380362,6726,.0013034922164322,.0009123638273815,31711,.0038175855694149,.0029695618232847
31.7,35789,.0066206915618136,.0104826781529964,22594,.0027511137691089,.0021553168064793,13195,.0038695777927048,.0083273613465171,10052,.0020476713680001,.002091383193395,3143,.0018219064247046,.0062359781531222,6821,.0019168346069063,.0015936033983115,6374,.0019527431857985,.0067337579482056,3143,.0018219064247046,.0062359781531222,3231,.0001308367610938,.0004977797950835,6821,.0019168346069063,.0015936033983115,32646,.004798785137109,.0042466999998743
31.8,33567,.005189203045525,.0087318035571654,21330,.0024775273791444,.002395111124309,12237,.0027116756663806,.0063366924328564,9645,.0011993151300207,.0011657526860304,2592,.0015123605363599,.005170939746826,6458,.0010837749731346,.0007238946338055,5779,.001627900693246,.0056127977990509,2592,.0015123605363599,.005170939746826,3187,.0001155401568861,.0004418580522249,6458,.0010837749731346,.0007238946338055,30975,.0036768425091652,.0035608638103394
31.9,34873,.0043664290190128,.0064143690694473,22277,.0022710702524129,.0015946445378381,12596,.0020953587665999,.0048197245316092,9962,.0009548983673761,.0009133334968367,2634,.0011404603992238,.0039063910347725,6517,.0008865893411578,.000610450747759,6079,.0012087694254421,.0042092737838502,2634,.0011404603992238,.0039063910347725,3445,.0000683090262183,.0003028827490777,6517,.0008865893411578,.000610450747759,32239,.003225968619789,.0025079780346748
32,27208,.0041922062442912,.0066350583142852,16650,.0022234181414029,.0015176052944726,10558,.0019687881028883,.0051174530198125,7946,.0006753856058319,.0006942537349447,2612,.0012934024970564,.0044231992848678,5107,.0006094742866878,.0003924537816994,5451,.0013593138162005,.0047249992381131,2612,.0012934024970564,.0044231992848678,2839,.0000659113191441,.0003017999532453,5107,.0006094742866878,.0003924537816994,24596,.0028988037472348,.0022118590294174
32.1,33999,.0058513480525503,.0113326646462883,21233,.0022572157330136,.002043383781751,12766,.0035941323195366,.0092892808645373,9715,.0012279248398279,.0012238137530443,3051,.0023662074797087,.008065467111493,6461,.0011210747287649,.0007940937156701,6305,.0024730575907718,.0084951871488673,3051,.0023662074797087,.008065467111493,3254,.000106850111063,.0004297200373742,6461,.0011210747287649,.0007940937156701,30948,.0034851405728416,.0032671975347953
32.2,31192,.0048810152058041,.0080195113392256,19505,.0022166901013344,.0016320625523929,11687,.0026643251044697,.0063874487868327,8959,.0011390042379692,.0011673884098943,2728,.0015253208665005,.0052200603769385,5828,.0010475080537043,.0007687820506443,5859,.0016168170507654,.0056186667361884,2728,.0015253208665005,.0052200603769385,3131,.0000914961842649,.0003986063592499,5828,.0010475080537043,.0007687820506443,28464,.0033556943393036,.0027994509622872
32.3,37323,.0056461527428131,.0084026853069074,23798,.0026115105626904,.0019815644270171,13525,.0030346421801227,.0064211208798902,10366,.001619322709582,.0015743653014,3159,.0014153194705407,.0048467555784902,6781,.0015322344260571,.0011919363298556,6744,.0015024077540656,.0052291845500346,3159,.0014153194705407,.0048467555784902,3585,.0000870882835249,.0003824289715444,6781,.0015322344260571,.0011919363298556,34164,.0042308332722724,.0035559297284171
32.4,27116,.0044169468086141,.0077076906427103,16303,.0017313351654353,.0014191587580277,10813,.0026856116431788,.0062885318846825,7847,.0011568453058913,.001067039720693,2966,.0015287663372875,.0052214921639895,5276,.0011249301435272,.000885705538634,5537,.0015606814996516,.0054028263460486,2966,.0015287663372875,.0052214921639895,2571,.0000319151623641,.000181334182059,5276,.0011249301435272,.000885705538634,24150,.0028881804713266,.0024861984787207
32.5,23176,.0043615448625335,.007772950571276,13536,.001860783741011,.0017407363564153,9640,.0025007611215226,.0060322142148608,6555,.0010192288914406,.0009559356171611,3085,.001481532230082,.0050762785976997,4313,.0009762496744727,.0007801229535283,5327,.0015245114470498,.0052520912613325,3085,.001481532230082,.0050762785976997,2242,.0000429792169678,.0001758126636329,4313,.0009762496744727,.0007801229535283,20091,.0028800126324515,.0026966719735764
32.6,39697,.0052688774021834,.0079667163739625,25613,.0023092589802457,.00187342245657,14084,.0029596184219377,.0060932939173925,11185,.0016323585896675,.001555035631563,2899,.0013272598322702,.0045382582858295,7445,.0015589023095179,.001207895488376,6639,.0014007161124198,.0048853984290165,2899,.0013272598322702,.0045382582858295,3740,.0000734562801496,.0003471401431869,7445,.0015589023095179,.001207895488376,36798,.0039416175699132,.0034284580881329
32.7,34142,.0033137185012123,.0045447288174438,21390,.0018699774935771,.0012308973058319,12752,.0014437410076352,.0033138315116119,9839,.0006257586200292,.00049759449515,2913,.000817982387606,.0028162370164619,6553,.0005864000066582,.0003173885881761,6199,.000857341000977,.0029964429234358,2913,.000817982387606,.0028162370164619,3286,.000039358613371,.0001802059069738,6553,.0005864000066582,.0003173885881761,31229,.0024957361136063,.0017284918009819
32.8,33916,.0042788171559882,.0058906314497328,21652,.0023425491916846,.0015903929131035,12264,.0019362679643036,.0043002385366293,9351,.0009060768277066,.0007592695642511,2913,.001030191136597,.0035409689723782,6112,.0008583505288149,.0005370861750802,6152,.0010779174354887,.0037631523615491,2913,.001030191136597,.0035409689723782,3239,.0000477262988917,.0002221833891709,6112,.0008583505288149,.0005370861750802,31003,.0032486260193912,.0023496624773546
32.9,26037,.0043319538161407,.0079310745230158,15695,.0017844565061123,.0018166655014818,10342,.0025474973100285,.006114409021534,7521,.0010766609045139,.001087617395205,2821,.0014708364055145,.005026791626329,4961,.0010139638498565,.0008058438708825,5381,.0015335334601719,.0053085651506516,2821,.0014708364055145,.005026791626329,2560,.0000626970546574,.0002817735243226,4961,.0010139638498565,.0008058438708825,23216,.0028611174106262,.0029042828966868
33,23834,.0046555956919329,.008563679618286,13495,.0021013128796155,.0019333365704322,10339,.0025542828123174,.0066303430478538,6944,.0009183074683503,.0010360055477203,3395,.0016359753439671,.0055943375001335,4467,.0008187776400796,.0006413449896929,5872,.0017355051722378,.0059889980581608,3395,.0016359753439671,.0055943375001335,2477,.0000995298282707,.0003946605580273,4467,.0008187776400796,.0006413449896929,20439,.0030196203479658,.0029693421181525
33.1,24777,.0042567235686923,.0069310990265012,14644,.0017576941811565,.0014903005378801,10133,.0024990293875358,.0054407984886211,7345,.0013415087861352,.0014726572263695,2788,.0011575206014006,.0039681412622516,4829,.0012414262850211,.0010167766067416,5304,.0012576031025147,.0044240218818795,2788,.0011575206014006,.0039681412622516,2516,.0001000825011141,.0004558806196279,4829,.0012414262850211,.0010167766067416,21989,.0030992029672917,.0029629577642496
33.2,23175,.0036575083251603,.0062146009102598,13860,.0019867725109507,.0017328129549625,9315,.0016707358142096,.0044817879552974,6643,.0005154797332366,.0005189918278997,2672,.0011552560809731,.0039627961273977,4256,.0004955443909076,.0003529852123779,5059,.001175191423302,.0041288027429195,2672,.0011552560809731,.0039627961273977,2387,.000019935342329,.0001660066155218,4256,.0004955443909076,.0003529852123779,20503,.0025022522441873,.0022518047828621
33.3,19353,.004247705798132,.0077105304450893,10703,.0019973704708122,.0016990621156782,8650,.0022503353273198,.0060114683294111,5684,.0007090385566828,.0007348252872176,2966,.001541296770637,.0052766430421936,3543,.0006509864944462,.0005041089419999,5107,.0015993488328736,.0055073593874112,2966,.001541296770637,.0052766430421936,2141,.0000580520622366,.0002307163452177,3543,.0006509864944462,.0005041089419999,16387,.002706409027495,.0024338874028957
33.4,20446,.0033995669284565,.0061653077872438,11977,.0015491913417669,.0012502246592174,8469,.0018503755866896,.0049150831280264,5808,.0006101033271614,.0006755317678475,2661,.0012402722595283,.004239551360179,3699,.0005514447350703,.000435840056886,4770,.0012989308516193,.0044792430711404,2661,.0012402722595283,.004239551360179,2109,.0000586585920911,.0002396917109615,3699,.0005514447350703,.000435840056886,17785,.0021592946689283,.0019257564270649
33.5,20937,.0035265582602943,.0064992008443148,12016,.0014167135628975,.0010842123556013,8921,.0021098446973968,.0054149884887135,6313,.0007580567100216,.0007981321087848,2608,.0013517879873752,.0046168563799287,4197,.0006867220631144,.0004850978753265,4724,.0014231226342824,.004929890613387,2608,.0013517879873752,.0046168563799287,2116,.0000713346469072,.0003130342334583,4197,.0006867220631144,.0004850978753265,18329,.0021747702729191,.0018823444643861
33.6,23147,.0051979306805177,.0099512802770068,13632,.0021297277755201,.0023290031005622,9515,.0030682029049976,.0076222771764446,6794,.001167968992699,.0011495569162093,2721,.0019002339122987,.0064727202602353,4377,.0011074974315012,.0008824286321227,5138,.0019607054734964,.0067398485443219,2721,.0019002339122987,.0064727202602353,2417,.0000604715611977,.0002671282840866,4377,.0011074974315012,.0008824286321227,20426,.0032976967682191,.0034785600167715
33.7,19909,.0032818246028467,.0054033996531043,11485,.0016020851254758,.0011774447546631,8424,.0016797394773709,.0042259548984412,5842,.0006273616917223,.0006199773185638,2582,.0010523777856486,.0036059775798775,3746,.0005880425576215,.0004363352215162,4678,.0010916969197495,.003789619676925,2582,.0010523777856486,.0036059775798775,2096,.0000393191341009,.0001836420970476,3746,.0005880425576215,.0004363352215162,17327,.0022294468171981,.0017974220732269
33.8,17918,.002972919400547,.005042346928329,10501,.0012508586450167,.0009530530269213,7417,.0017220607555303,.0040892939014077,5381,.0007434880360336,.0007211923513086,2036,.0009785727194967,.003368101550099,3599,.0007202791563126,.0005924539715741,3818,.0010017815992177,.0034968399298335,2036,.0009785727194967,.003368101550099,1782,.000023208879721,.0001287383797345,3599,.0007202791563126,.0005924539715741,15882,.0019943466810503,.00167424537823
33.9,16126,.0029111748198147,.0048448528714932,8847,.0012477308052701,.001118301068363,7279,.0016634440145446,.0037265518031303,5048,.0007946034753105,.0007500706719587,2231,.0008688405392341,.0029764811311715,3291,.0007414626326319,.0005291114602755,3988,.0009219813819127,.0031974403428547,2231,.0008688405392341,.0029764811311715,1757,.0000531408426787,.0002209592116832,3291,.0007414626326319,.0005291114602755,13895,.0020423342805806,.0018683717403217
34,19211,.0032621525010935,.0061951204095625,10968,.0011332888035998,.0008106824211899,8243,.0021288636974938,.0053844379883726,5622,.0008164793787583,.0008997687524647,2621,.0013123843187355,.004484669235908,3608,.0007298787619947,.0005753893503347,4635,.001398984935499,.0048090486380379,2621,.0013123843187355,.004484669235908,2014,.0000866006167635,.00032437940213,3608,.0007298787619947,.0005753893503347,16590,.001949768182358,.0017104511736545
34.1,18731,.0034787990415024,.0062096795391861,10884,.001355833685057,.0013648937410156,7847,.0021229653564454,.0048447857981705,5553,.0010191013399074,.0010790936610869,2294,.001103864016538,.0037656921370836,3560,.0009433840374462,.0007966808336304,4287,.0011795813189992,.0040481049645401,2294,.001103864016538,.0037656921370836,1993,.0000757173024612,.0002824128274565,3560,.0009433840374462,.0007966808336304,16437,.0023749350249644,.0024439874021025
34.2,18757,.0038115320038869,.0080677122934084,10950,.001158007707901,.0012702788670272,7807,.0026535242959859,.0067974334263812,5417,.0009945692972929,.0011273437451099,2390,.001658954998693,.0056700896812714,3458,.0008894577913918,.0007375778011109,4349,.0017640665045941,.0060598556252703,2390,.001658954998693,.0056700896812714,1959,.0001051115059011,.000389765943999,3458,.0008894577913918,.0007375778011109,16367,.0021525770051939,.0023976226121371
34.3,13757,.0024793747252606,.0047672984322145,7468,.0009990195648686,.0010740567732959,6289,.001480355160392,.0036932416589186,4053,.0005625139541795,.0005551760886524,2236,.0009178412062124,.0031380655702662,2516,.0005329653961743,.0003982240356427,3773,.0009473897642177,.0032950176232759,2236,.0009178412062124,.0031380655702662,1537,.0000295485580052,.0001569520530097,2516,.0005329653961743,.0003982240356427,11521,.0015615335190481,.0016292328619483
34.4,17212,.0027044328935492,.0051040697142349,9986,.000836200844712,.0007067308533669,7226,.0018682320488373,.004397338860868,5225,.0007618494359218,.0006181142170269,2001,.0011063826129155,.0037792246438411,3472,.0007468068574099,.0005397028200434,3754,.0011214251914274,.0038576360408246,2001,.0011063826129155,.0037792246438411,1753,.0000150425785119,.0000784113969835,3472,.0007468068574099,.0005397028200434,15211,.0015980502806338,.0013248450703938
34.5,15960,.0027320884448505,.0049091227062664,8995,.0008857142806654,.000803977261701,6965,.0018463741641851,.0041051454445654,4685,.0009019472594015,.0008794570795508,2280,.0009444269047835,.0032256883650146,2971,.0008675209359326,.0007400406232735,3994,.0009788532282525,.0033651048212919,2280,.0009444269047835,.0032256883650146,1714,.000034426323469,.0001394164562773,2971,.0008675209359326,.0007400406232735,13680,.0017876615400669,.0016834343412518
34.6,15214,.0024591141904982,.0038033947071204,8771,.0011454703652536,.000831601404192,6443,.0013136438252446,.0029717933029283,4539,.0005994065889771,.0005277731204726,1904,.0007142372362675,.0024440201824557,2935,.000591639908065,.0004415690462351,3508,.0007220039171796,.0025302242566932,1904,.0007142372362675,.0024440201824557,1604,7.76668091210e-06,.0000862040742375,2935,.000591639908065,.0004415690462351,13310,.0017448769542307,.0013593745246647
34.7,13952,.0035440158915286,.0076062534820235,7824,.0010507415306935,.0011790952402461,6128,.0024932743608351,.0064271582417774,4145,.0008604028068005,.0008718659699011,1983,.0016328715540345,.0055552922718763,2654,.0008220736123785,.0007064119685626,3474,.0016712007484565,.0057207462732148,1983,.0016328715540345,.0055552922718763,1491,.000038329194422,.0001654540013385,2654,.0008220736123785,.0007064119685626,11969,.001911144337494,.0020509612101472
34.8,12732,.0030883182538842,.0059536974028161,7058,.0010738075609688,.0009626115234656,5674,.0020145106929154,.0049910858793505,3760,.0008162833461161,.0009041877314287,1914,.0011982273467992,.0040868981479218,2431,.000741057285994,.0006310159995724,3243,.0012734534069214,.0043600698797781,1914,.0011982273467992,.0040868981479218,1329,.0000752260601221,.0002731717318563,2431,.000741057285994,.0006310159995724,10818,.0018900909070849,.0018667992548943
34.9,12237,.0029919311864796,.0051060374484905,6645,.0010322947444075,.0010599144786742,5592,.0019596364420722,.0040461229698163,3788,.0010824962320196,.0010508000221285,1804,.0008771402100526,.0029953229476878,2552,.0010440871563013,.0009039462049665,3040,.0009155492857708,.0031421767648497,1804,.0008771402100526,.0029953229476878,1236,.0000384090757183,.000146853817162,2552,.0010440871563013,.0009039462049665,10433,.0021147909764271,.0021107145008027
35,12034,.0035421404998567,.0072511911895324,6677,.0011536991194402,.0013001732295098,5357,.0023884413804165,.0059510179600226,3541,.0009231112080165,.0009617303431247,1816,.0014653301724001,.0049892876168979,2196,.0008674002849784,.0007214930479115,3161,.0015210410954381,.0052295249121111,1816,.0014653301724001,.0049892876168979,1345,.000055710923038,.0002402372952133,2196,.0008674002849784,.0007214930479115,10218,.0020768103274567,.0022619035726345
35.1,12331,.0029304626603777,.0057437769644022,7094,.001068545189983,.0009411995620573,5237,.0018619174703947,.0048025774023449,3796,.0007013536879842,.0008538308792758,1441,.0011605637824105,.0039487465230691,2355,.0006222505521172,.0005251852973484,2882,.0012396669182775,.0042773921049966,1441,.0011605637824105,.0039487465230691,1441,.000079103135867,.0003286455819275,2355,.0006222505521172,.0005251852973484,10890,.0017698988779672,.0017950304413331
35.2,10370,.0031512903705363,.0062222959612805,5653,.0009950937156091,.0009721959229407,4717,.0021561966549271,.0052501000383398,3204,.0008614034908046,.0008464810304329,1513,.0012947931641225,.0044036190079069,2137,.0008086076841012,.0006505052404958,2580,.001347588970826,.004599594797844,1513,.0012947931641225,.0044036190079069,1067,.0000527958067034,.0001959757899371,2137,.0008086076841012,.0006505052404958,8857,.0018564972064138,.0018186769533737
35.3,9720,.0023443165229004,.0045173669810518,5165,.0010685139829207,.0011140841194342,4555,.0012758025399797,.0034032828616176,2853,.0004119663483909,.0004533612335008,1702,.0008638361915887,.0029499216281168,1833,.0003601960176787,.0002669273746338,2722,.000915606522301,.0031363554869838,1702,.0008638361915887,.0029499216281168,1020,.0000517703307122,.000186433858867,1833,.0003601960176787,.0002669273746338,8018,.0014804803313117,.001567445352935
35.4,9606,.0019516131919494,.0032270847478454,5566,.0008410209431754,.0006936574656485,4040,.001110592248774,.0025334272821969,2928,.0005398556501768,.0005850709096761,1112,.0005707365985972,.0019483563725208,1902,.0005047728289744,.0004228724108689,2138,.0006058194197996,.0021105548713279,1112,.0005707365985972,.0019483563725208,1026,.0000350828212024,.0001621984988072,1902,.0005047728289744,.0004228724108689,8494,.0013808765933522,.0012787283753246
35.5,6765,.0016671679103767,.0033384452124449,3601,.000583049818928,.000543768480611,3164,.0010841180914487,.0027946767318339,1993,.0003937254100816,.0004379031000431,1171,.0006903926813671,.0023567736317908,1340,.000347460431547,.0002622483939467,1824,.0007366576599017,.0025324283378871,1171,.0006903926813671,.0023567736317908,653,.0000462649785346,.0001756547060964,1340,.000347460431547,.0002622483939467,5594,.0009767752290096,.0009816715806541
35.6,9118,.0036929821998204,.0072613023689271,4818,.0018536604813767,.0028765313958125,4300,.0018393217184437,.0043847709731146,2699,.000807703492949,.0008636709383488,1601,.0010316182254947,.0035211000347658,1724,.0007557740242377,.0006648866205345,2576,.001083547694206,.0037198843525801,1601,.0010316182254947,.0035211000347658,975,.0000519294687113,.0001987843178143,1724,.0007557740242377,.0006648866205345,7517,.0026613639743257,.0037402023341613
35.7,8780,.002570552616853,.005565781528956,4534,.0007801833301837,.0008240706057779,4246,.0017903692866693,.0047417109231781,2738,.0005724258944792,.0005846391452675,1508,.0012179433921901,.0041570717779106,1895,.0005334961094525,.0004372375630503,2351,.0012568731772167,.0043044733601278,1508,.0012179433921901,.0041570717779106,843,.0000389297850266,.0001474015822173,1895,.0005334961094525,.0004372375630503,7272,.0013526092246629,.0014087097510455
35.8,6815,.0019217891454152,.003951185191839,3300,.0007370522200498,.0008880652343452,3515,.0011847369253654,.0030631199574938,2260,.0004536826600716,.0005716084561078,1255,.0007310542652938,.002491511501386,1461,.000397230475617,.0003002905462788,2054,.0007875064497484,.002762829411215,1255,.0007310542652938,.002491511501386,799,.0000564521844546,.000271317909829,1461,.000397230475617,.0003002905462788,5560,.0011907348801214,.001459673690453
35.9,7894,.0015320793116219,.0026174810177007,4399,.0006153309811976,.000492117433701,3495,.0009167483304243,.0021253635839996,2509,.0004055495355031,.0003793188276765,986,.0005111987949212,.0017460447563231,1589,.0003863295063875,.0002978846025594,1906,.0005304188240368,.0018274789814402,986,.0005111987949212,.0017460447563231,920,.0000192200291156,.0000814342251171,1589,.0003863295063875,.0002978846025594,6908,.0010208805167007,.0008714362613775
36,7634,.0015786355947611,.0028028524687304,4150,.0005404597977754,.0006275864931428,3484,.0010381757969857,.0021752659755876,2387,.0005501823760043,.0005033991007128,1097,.0004879934209814,.0016718668748748,1525,.0005356545141547,.0004432219535544,1959,.000502521282831,.0017320440220332,1097,.0004879934209814,.0016718668748748,862,.0000145278618496,.0000601771471584,1525,.0005356545141547,.0004432219535544,6537,.0010906421737797,.0011309855938556
36.1,6416,.0020027913247528,.0041425332033188,3322,.0007169516231234,.0006747435500088,3094,.0012858397016294,.00346778965331,1933,.0004221547904455,.0005292932320498,1161,.0008636849111839,.0029384964212602,1315,.0003543551888558,.0002890967823513,1779,.0009314845127736,.0031786928709587,1161,.0008636849111839,.0029384964212602,618,.0000677996015896,.0002401964496985,1315,.0003543551888558,.0002890967823513,5255,.0011391064135688,.0012040367820586
36.2,6782,.0030917021863957,.0058556615909117,3582,.0016491223353365,.0022271556561121,3200,.0014425798510592,.0036285059347996,2096,.0005375322557691,.0005473344695128,1104,.0009050475952901,.0030811714652867,1378,.0005161557830817,.0004483015780964,1822,.0009264240679775,.0031802043567032,1104,.0009050475952901,.0030811714652867,718,.0000213764726874,.0000990328914164,1378,.0005161557830817,.0004483015780964,5678,.0021866545911056,.0027744901256249
36.3,5849,.0039855805256163,.0071257193994569,3107,.0024222708411872,.0038295101077752,2742,.0015633096844291,.0032962092916817,1745,.0008363659762502,.0008224819146747,997,.0007269437081789,.002473727377007,1188,.0008190808917226,.0007422849663935,1554,.0007442287927065,.0025539243252882,997,.0007269437081789,.002473727377007,557,.0000172850845277,.0000801969482812,1188,.0008190808917226,.0007422849663935,4852,.0032586368174374,.0046519920224499
36.4,7581,.0015618662468836,.003449676709673,4004,.0005441800215416,.0006775847742941,3577,.001017686225342,.0027720919353789,2293,.0003316458018484,.0004329781603788,1284,.0006860404234937,.0023391137750001,1463,.0002680657905154,.0002037968992674,2114,.0007496204348266,.0025682950361114,1284,.0006860404234937,.0023391137750001,830,.0000635800113329,.0002291812611114,1463,.0002680657905154,.0002037968992674,6297,.0008758258233899,.0011105629346729
36.5,7091,.0019214039630546,.0035635697850618,3902,.0007330477579902,.0006425399879986,3189,.0011883562050643,.0029210297970632,2158,.0004745277196618,.0004894655946892,1031,.0007138284854026,.002431564202374,1337,.0004344392032154,.0003432906250433,1852,.0007539170018489,.0025777391720199,1031,.0007138284854026,.002431564202374,821,.0000400885164464,.0001461749696459,1337,.0004344392032154,.0003432906250433,6060,.001207575477652,.0011320055826878
36.6,4916,.0007713788441789,.001344986513532,2653,.0002976372974578,.0002425605120451,2263,.0004737415467211,.001102426001487,1483,.0002121689529242,.0002037790445765,780,.0002615725937969,.0008986469569104,955,.0001983834638786,.0001510899235369,1308,.0002753580828425,.0009513360779501,780,.0002615725937969,.0008986469569104,528,.0000137854890456,.0000526891210397,955,.0001983834638786,.0001510899235369,4136,.000509806250382,.0004463395566216
36.7,5681,.0024345457996384,.0054585899774094,2810,.0006746250968549,.0008850718147111,2871,.0017599207027835,.0045735181626982,1783,.0006064863736714,.0006526527911453,1088,.0011534343291121,.0039208653715529,1199,.0005565789089426,.0004757240147449,1672,.0012033417938409,.0040977941479533,1088,.0011534343291121,.0039208653715529,584,.0000499074647289,.0001769287764004,1199,.0005565789089426,.0004757240147449,4593,.0012811114705263,.0015377246058565
36.8,5439,.0013300936316582,.0028511369099139,2850,.0004346293741386,.0005323969129927,2589,.0008954642575195,.0023187399969212,1661,.0002946645495908,.0002726635191431,928,.0006007997079287,.0020460764777781,1118,.0002831804608778,.0002259745988049,1471,.0006122837966417,.0020927653981163,928,.0006007997079287,.0020460764777781,543,.000011484088713,.0000466889203382,1118,.0002831804608778,.0002259745988049,4511,.0007292939237294,.0008050604321358
36.9,4248,.0020551795724917,.0039952895385652,2273,.0006130275133778,.000836196471504,1975,.0014421520591139,.0031590930670612,1289,.0007415079183878,.0007741838252575,686,.0007006441407261,.0023849092418037,781,.0007297830676058,.0006816158963955,1194,.0007123689915081,.0024774771706657,686,.0007006441407261,.0023849092418037,508,.0000117248507819,.000092567928862,781,.0007297830676058,.0006816158963955,3562,.0013545354317656,.0016103802967615
37,4713,.0016811250111665,.0034999735700045,2392,.0005244863682409,.0006378525839994,2321,.0011566386429256,.0028621209860051,1522,.0004933224542936,.0005996241681521,799,.000663316188632,.0022624968178531,975,.0004547188555024,.0004045497208369,1346,.0007019197874232,.0024575712651682,799,.000663316188632,.0022624968178531,547,.0000386035987912,.0001950744473151,975,.0004547188555024,.0004045497208369,3914,.0010178088225344,.0012374767521515
37.1,4372,.0022663892001895,.0041480232798947,2306,.0008824420737775,.0012850084093738,2066,.001383947126412,.0028630148705209,1436,.000773961715617,.0007870832789327,630,.000609985410795,.0020759315915881,952,.0007438089269476,.000678806644087,1114,.0006401381994644,.0021842082264338,630,.000609985410795,.0020759315915881,484,.0000301527886694,.0001082766348457,952,.0007438089269476,.000678806644087,3742,.0016564037893945,.0020720916883066
37.2,5694,.0028334276974816,.0054962227740166,3181,.0008696611826875,.001202252654581,2513,.0019637665147941,.0042939701194357,1705,.0010166467852325,.0010769610651863,808,.0009471197295617,.0032170090542494,1120,.0009616998962072,.0008732520846423,1393,.0010020666185869,.0034207180347934,808,.0009471197295617,.0032170090542494,585,.0000549468890253,.000203708980544,1120,.0009616998962072,.0008732520846423,4886,.00188630796792,.0022792137197672
37.3,3286,.001825238262809,.0037242076933205,1612,.0004272749892531,.0004668618200369,1674,.0013979632735559,.0032573458732836,1020,.0006080058957308,.0005727919711417,654,.0007899573778251,.002684553902142,656,.0005977498484566,.0005321316474847,1018,.0008002134250993,.002725214225799,654,.0007899573778251,.002684553902142,364,.0000102560472742,.000040660323657,656,.0005977498484566,.0005321316474847,2632,.0010352808849839,.0010396537911785
37.4,3801,.0012804097938814,.0021817724097573,1988,.0005149105625895,.0004488972422936,1813,.0007654992312919,.0017328751674637,1291,.0004158242822626,.0005380147734372,522,.0003496749490294,.0011948603940265,895,.0003441986232304,.0002896623288506,918,.0004213006080615,.001443212838613,522,.0003496749490294,.0011948603940265,396,.0000716256590321,.0002483524445865,895,.0003441986232304,.0002896623288506,3279,.000930734844852,.0009869120157308
37.5,3080,.0017923029723279,.0037930675813296,1611,.000760411615381,.001115870329403,1469,.0010318913569469,.0026771972519266,982,.0003820632213224,.0004694664428044,487,.0006498281356244,.0022077308091222,649,.000331671809696,.0002892045491434,820,.0007002195472509,.0023879927027832,487,.0006498281356244,.0022077308091222,333,.0000503914116265,.000180261893661,649,.000331671809696,.0002892045491434,2593,.0011424748367034,.0015853367722074
37.6,3376,.0017974128947912,.0036759437744966,1770,.0005711757862534,.0004859383007136,1606,.0012262371085377,.003190005473783,1114,.0004296365676868,.0004847126716419,492,.0007966005408509,.0027052928021412,718,.0003936987149125,.0003515254998719,888,.0008325383936253,.0028384799739111,492,.0007966005408509,.0027052928021412,396,.0000359378527743,.0001331871717699,718,.0003936987149125,.0003515254998719,2884,.0010008123539402,.0009706509723555
37.7,2288,.0012163300189481,.002353424951306,1138,.000439420058449,.0004711402030393,1150,.0007769099604991,.0018822847482667,787,.0003185981640164,.0003257495947153,363,.0004583117964827,.0015565351535514,533,.0003009616193497,.0002622563325514,617,.0004759483411494,.0016200284157153,363,.0004583117964827,.0015565351535514,254,.0000176365446667,.0000634932621639,533,.0003009616193497,.0002622563325514,1925,.0007580182224654,.0007968897977546
37.8,2566,.0018186745419942,.0042451697581168,1343,.0005749295573583,.0004942314050628,1223,.0012437449846359,.0037509383530541,758,.0002367633814239,.0003347061770445,465,.001006981603212,.0034162321760096,528,.0001890007894025,.0001634280953816,695,.0010547441952334,.0035875102576725,465,.001006981603212,.0034162321760096,230,.0000477625920213,.0001712780816628,528,.0001890007894025,.0001634280953816,2101,.0008116929387821,.0008289375821072
37.9,2664,.0010422220588386,.0023045616643066,1382,.0001748424178648,.0001448504663727,1282,.0008673796409738,.0021597111979338,835,.000318202357825,.0002945916150977,447,.0005491772831488,.0018651195828362,565,.000311200273643,.0002607728976706,717,.0005561793673308,.0018989383002632,447,.0005491772831488,.0018651195828362,270,7.00208418205e-06,.000033818717427,565,.000311200273643,.0002607728976706,2217,.0004930447756898,.0004394420814704
38,2669,.000653395766786,.001326734000711,1548,.0002348723503847,.0001835219986568,1121,.0004185234164013,.0011432120020543,832,.000121337807293,.0001331031974814,289,.0002971856091083,.0010101088045729,546,.0001114087145098,.0000853547444535,575,.0003071147018916,.0010578572576008,289,.0002971856091083,.0010101088045729,286,9.92909278327e-06,.0000477484530279,546,.0001114087145098,.0000853547444535,2380,.0003562101576777,.0003166251961382
38.1,2678,.0007931818069272,.0015335412731381,1474,.0002320532004028,.0002426069729662,1204,.0005611286065245,.0012909343001719,863,.0002560623703816,.0002515347934591,341,.0003050662361429,.0010393995067128,596,.0002448616569763,.0002071938908645,608,.0003162669495481,.0010837404093074,341,.0003050662361429,.0010393995067128,267,.0000112007134052,.0000443409025945,596,.0002448616569763,.0002071938908645,2337,.0004881155707843,.0004941417664253
38.2,2291,.0014361250028539,.0027816483102481,1243,.0004513784486944,.0005327526450865,1048,.0009847465541595,.0022488956651616,677,.0004550853510848,.0004499570898406,371,.0005296612030747,.001798938575321,461,.0004411832384839,.0003999393825774,587,.0005435633156757,.0018489562825842,371,.0005296612030747,.001798938575321,216,.000013902112601,.0000500177072632,461,.0004411832384839,.0003999393825774,1920,.0009064637997792,.0009827097349271
38.3,1792,.0005456969309499,.0009251265291015,961,.0002778345022729,.0002172537976294,831,.000267862428677,.0007078727314721,641,.0000881449105192,.0000962750257923,190,.0001797175181578,.0006115977056798,430,.0000849577603388,.0000668441197745,401,.0001829046683382,.0006410286116976,190,.0001797175181578,.0006115977056798,211,3.18715018041e-06,.0000294309060178,430,.0000849577603388,.0000668441197745,1602,.0003659794127921,.0003135288234217
38.4,1609,.0007493507542874,.0014008548380534,919,.0003176777602395,.0001899894086785,690,.0004316729940479,.0012108654293749,503,.0001285553385422,.0001822961886279,187,.0003031176555057,.001028569240747,320,.00010515157514,.0000881063713342,370,.0003265214189078,.0011227590580407,187,.0003031176555057,.001028569240747,183,.0000234037634022,.0000941898172937,320,.00010515157514,.0000881063713342,1422,.0004462330987817,.0003722855973064
38.5,2587,.0010363422481884,.0019653323747514,1425,.0003414646383741,.0002701764725874,1162,.0006948776098142,.001695155902164,779,.000292690217347,.0003293533805978,383,.0004021873924672,.0013658025215662,506,.0002678609924045,.0002356865112351,656,.0004270166174097,.0014594693909289,383,.0004021873924672,.0013658025215662,273,.0000248292249425,.0000936668693627,506,.0002678609924045,.0002356865112351,2204,.0006341548557211,.0005995298531852
38.6,2098,.0010992367122721,.0021763703270951,1139,.0003120816738291,.000359270560677,959,.000787155038443,.0018170997664181,626,.0003429336427024,.0003078935293255,333,.0004442213957406,.0015092062370926,421,.0003356116417257,.0002728643840241,538,.0004515433967173,.001544235382394,333,.0004442213957406,.0015092062370926,205,7.32200097672e-06,.0000350291453014,421,.0003356116417257,.0002728643840241,1765,.0006550153165315,.0006671640900025
38.7,1571,.0007110485815854,.0015045364710801,698,.0002428867300417,.0002082900158027,873,.0004681618515437,.0012962464552774,541,.0001546487206614,.0002297680879254,332,.0003135131308823,.001066478367352,366,.0001176349927094,.0001022945133795,507,.0003505268588343,.0011939519418979,332,.0003135131308823,.001066478367352,175,.0000370137279519,.0001274735745459,366,.0001176349927094,.0001022945133795,1239,.000397535450703,.0004380581037281
38.8,1968,.001120601415874,.0022858116411967,1050,.0002948528518745,.0003725915664006,918,.0008257485639995,.0019132200747961,643,.0003695307060878,.0003649500537731,275,.0004562178579118,.001548270021023,404,.0003614836265959,.0003333758929747,514,.0004642649374036,.0015798441818214,275,.0004562178579118,.001548270021023,239,8.04707949181e-06,.0000315741607985,404,.0003614836265959,.0003333758929747,1693,.0006643835579622,.0007375416201737
38.9,1860,.0012518085667904,.0030190564397743,1018,.0003059348066903,.0005217679890936,842,.0009458737601001,.0024972884506806,577,.0003518729518439,.0004816038394466,265,.0005940008082562,.002015684611234,385,.0002886089967795,.0002648276939776,457,.0006572647633206,.002232460756703,265,.0005940008082562,.002015684611234,192,.0000632639550644,.000216776145469,385,.0002886089967795,.0002648276939776,1595,.0006578077585342,.0010033718285403
39,2353,.0005587167013218,.0009422596255071,1364,.0002512027810331,.0001822869784514,989,.0003075139202888,.0007599726470557,771,.0001338530468407,.00016901779138,218,.000173660873448,.0005909548556757,522,.0001091008099232,.0000799588158427,467,.0001984131103655,.0006800138312131,218,.000173660873448,.0005909548556757,249,.0000247522369175,.0000890589755373,522,.0001091008099232,.0000799588158427,2135,.0003850558278738,.0003513047698314
39.1,1020,.0008629994231398,.001624845604278,531,.0002472798967594,.0001848646637104,489,.0006157195263803,.0014399809405676,362,.0002775035570682,.0002927059590243,127,.0003382159693122,.0011472749815433,247,.0002623666428501,.0002398907214098,242,.0003533528835303,.0012000902191578,127,.0003382159693122,.0011472749815433,115,.0000151369142181,.0000528152376145,247,.0002623666428501,.0002398907214098,893,.0005247834538276,.0004775706227347
39.2,936,.0008431928384801,.001957036360781,402,.0001915202065419,.0003310747137912,534,.0006516726319382,.0016259616469898,304,.0002944288674275,.0004132190895314,230,.0003572437645107,.0012127425574584,197,.0002387465003606,.0002230849128937,337,.0004129261315776,.0014028767340961,230,.0003572437645107,.0012127425574584,107,.0000556823670669,.0001901341766377,197,.0002387465003606,.0002230849128937,706,.0004859490739694,.0007442938033226
39.3,1008,.0008496320079916,.0021174984978878,466,.0002553889830068,.0003260456830729,542,.0005942430249848,.0017914528148149,321,.0001169103126684,.0001727322133047,221,.0004773327123164,.0016187206015101,215,.0000972501459948,.0000855710838037,327,.00049699287899,.0017058817310112,221,.0004773327123164,.0016187206015101,106,.0000196601666736,.000087161129501,215,.0000972501459948,.0000855710838037,787,.0003722992956752,.0004987778963776
39.4,1238,.0006707540901328,.0011768703041337,713,.0003385236923972,.0002963539229643,525,.0003322303977356,.0008805163811694,354,.0001192073952561,.0001566421364422,171,.0002130230024795,.0007238742447272,216,.0001000209889055,.0000900663190345,309,.0002322094088301,.0007904500621349,171,.0002130230024795,.0007238742447272,138,.0000191864063506,.0000665758174077,216,.0001000209889055,.0000900663190345,1067,.0004577310876533,.0004529960594065
39.5,1675,.0004074957815879,.000815353924899,941,.0001094645309461,.0001013583878484,734,.0002980312506418,.0007139955370505,526,.0001313296357567,.0001467729077393,208,.0001667016148851,.0005672226293112,351,.0001223884401957,.0001105262121581,383,.0001756428104461,.0006034693248924,208,.0001667016148851,.0005672226293112,175,8.94119556095e-06,.0000362466955812,351,.0001223884401957,.0001105262121581,1467,.0002407941667028,.0002481312955878
39.6,1010,.0004621356934972,.0009565298747578,472,.0002101936603847,.000170572185521,538,.0002519420331125,.0007859576892368,327,.000027528660681,.0000226513015282,211,.0002244133724316,.0007633063877086,227,.0000244059463359,.0000101316440104,311,.0002275360867766,.0007758260452264,211,.0002244133724316,.0007633063877086,100,3.12271434508e-06,.0000125196575178,227,.0000244059463359,.0000101316440104,799,.0002377223210656,.0001932234870492
39.7,985,.0008451832924421,.0015388644262226,518,.0002430970750211,.0002506940041356,467,.0006020862174209,.0012881704220871,334,.0003138966096827,.0003107513114002,133,.0002881896077382,.0009774191106868,217,.0003086064202034,.0002885064209535,250,.0002934797972176,.0009996640011336,133,.0002881896077382,.0009774191106868,117,5.29018947937e-06,.0000222448904468,217,.0003086064202034,.0002885064209535,852,.0005569936847039,.0005614453155358
39.8,832,.0004030736464288,.0008360139989072,417,.0000720305449873,.0000926318762962,415,.0003310431014415,.000743382122611,248,.0001627146149406,.0001711801635216,167,.0001683284865009,.0005722019590895,175,.0001535880692636,.0001390545173008,240,.0001774550321779,.0006043276053103,167,.0001683284865009,.0005722019590895,73,9.12654567700e-06,.0000321256462208,175,.0001535880692636,.0001390545173008,665,.0002347451599279,.0002638120398177
39.9,891,.000416872956975,.0010437897745261,417,.0000690430773713,.0000978594470047,474,.0003478298796037,.0009459303275214,280,.0001141457310023,.0001506719181457,194,.0002336841486014,.0007952584093758,195,.000091164911538,.0000716887289094,279,.0002566649680656,.000874241598612,194,.0002336841486014,.0007952584093758,85,.0000229808194643,.0000789831892363,195,.000091164911538,.0000716887289094,697,.0001831888083736,.0002485313651504
40,789,.0005879754836051,.0013351046614247,394,.0001220737697052,.0001767383671791,395,.0004659017139,.0011583662942456,221,.0001824718148973,.0001972130965882,174,.0002834298990026,.0009611531976574,151,.0001749754630249,.0001663875844662,244,.000290926250875,.0009919787097794,174,.0002834298990026,.0009611531976574,70,7.49635187242e-06,.000030825512122,151,.0001749754630249,.0001663875844662,615,.0003045455846025,.0003739514637673
40.1,885,.0004552204565428,.000775586994906,501,.0003034800267998,.0003401959475935,384,.000151740429743,.0004353910473125,268,.0000391083066291,.0000524835343965,116,.0001126321231139,.000382907512916,174,.0000318399003394,.0000268987563454,210,.0001199005294036,.0004084922909671,116,.0001126321231139,.000382907512916,94,7.26840628970e-06,.000025584778051,174,.0000318399003394,.0000268987563454,769,.0003425883334289,.00039267948199
40.2,1026,.000704033703965,.0017262350071734,516,.000128496167358,.000159104267476,510,.000575537536607,.0015671307396974,282,.000169941465773,.0001912917958717,228,.000405596070834,.0013758389438256,166,.0001570261794424,.0001466824618526,344,.0004185113571646,.0014204482778448,228,.000405596070834,.0013758389438256,116,.0000129152863307,.0000446093340192,166,.0001570261794424,.0001466824618526,798,.000298437633131,.0003503960633477
40.3,1063,.0006243828780239,.0013453143619091,581,.0002032836930654,.0002598210545957,482,.0004210991849584,.0010854933073134,312,.0001485898090157,.0001608943451303,170,.0002725093759427,.0009245989621831,196,.0001396853854914,.0001295408619868,286,.0002814137994671,.0009559524453266,170,.0002725093759427,.0009245989621831,116,8.90442352436e-06,.0000313534831435,196,.0001396853854914,.0001295408619868,893,.0003518735020812,.000420715399726
40.4,899,.0004309754303052,.000902704336265,429,.0001235987780013,.0001008703091137,470,.0003073766523039,.0008018340271514,324,.0001130718601804,.0001421479359527,146,.0001943047921235,.0006596860911987,217,.0000984036849703,.0000880340278255,253,.0002089729673336,.0007137999993259,146,.0001943047921235,.0006596860911987,107,.0000146681752102,.0000541139081272,217,.0000984036849703,.0000880340278255,753,.0002366706381817,.0002430182450663
40.5,1056,.0007937310282361,.0020303139152014,553,.000114731396065,.0001946539540643,503,.0006789996321711,.0018356599611371,319,.0001969100904311,.0002007697614639,184,.0004820895417401,.0016348901996732,218,.0001910976758355,.000180109703396,285,.0004879019563357,.0016555502577411,184,.0004820895417401,.0016348901996732,101,5.81241459560e-06,.0000206600580679,218,.0001910976758355,.000180109703396,872,.0003116414864961,.0003954237155281
40.6,1249,.0007783420452657,.0017335078386795,589,.0002263802603175,.0003296015899183,660,.0005519617849482,.0014039062487612,413,.0002561223747264,.0003958563332829,247,.0002958394102218,.0010080499154783,280,.0001943212155648,.0001786176614889,380,.0003576405693833,.0012252885872723,247,.0002958394102218,.0010080499154783,133,.0000618011591615,.000217238671794,280,.0001943212155648,.0001786176614889,1002,.0004825026350439,.0007254579232012
40.7,669,.0005158270048033,.0011609790838241,303,.0001322292493238,.0001271150767792,366,.0003835977554796,.0010338640070449,245,.0001186952307961,.0001355666458391,121,.0002649025246834,.0008982973612057,175,.0001082633892864,.0000993724881082,191,.0002753343661932,.0009344915189367,121,.0002649025246834,.0008982973612057,70,.0000104318415098,.0000361941577309,175,.0001082633892864,.0000993724881082,548,.0002509244801199,.0002626817226183
40.8,858,.0004372519670374,.0011920540336741,365,.0001426793830168,.0002235693594805,493,.0002945725840205,.0009684846741935,288,.0000343679467211,.0000423002659935,205,.0002602046372994,.0009261844082,203,.0000283381131272,.0000208909815731,290,.0002662344708934,.0009475936926204,205,.0002602046372994,.0009261844082,85,6.02983359393e-06,.0000214092844204,203,.0000283381131272,.0000208909815731,653,.0001770473297379,.000265869625474
40.9,451,.0002705711196911,.000540224725917,255,.0000517844936851,.0000606418764113,196,.0002187866260059,.0004795828495057,150,.0001198029420738,.0001438490821768,46,.0000989836839322,.0003357337673289,108,.0001075141777118,.0001017992598635,88,.0001112724482941,.0003777835896421,46,.0000989836839322,.0003357337673289,42,.0000122887643619,.0000420498223133,108,.0001075141777118,.0001017992598635,405,.0001715874357589,.0002044909585881
41,754,.0004608687387728,.0013105774529116,399,.0001014274072877,.0001740243862527,355,.0003594413314851,.0011365530666589,212,.0000329957316644,.0000293620601171,143,.0003264455998207,.0011071910065419,140,.0000329297795743,.0000285630962429,215,.0003265115519108,.0011079899704161,143,.0003264455998207,.0011071910065419,72,6.59520901225e-08,7.98963874171e-07,140,.0000329297795743,.0000285630962429,611,.0001344231389521,.0002033864463697
41.1,335,.0004347635737807,.0007988878084912,176,.0002047653436748,.0001753662941404,159,.000229998230106,.0006235215143509,77,.0000640440199869,.0000609333140025,82,.0001659542101191,.0005625882003484,48,.000062417781864,.0000549680290769,111,.000167580448242,.000568553485274,82,.0001659542101191,.0005625882003484,29,1.62623812289e-06,5.96528492558e-06,48,.000062417781864,.0000549680290769,253,.0002688093636616,.0002362996081429
41.2,367,.0003401179572984,.0006535276342681,183,.0001853797094484,.0001361392801078,184,.00015473824785,.0005173883541603,106,.0000208323735889,.0000632639949369,78,.0001339058742611,.0004541243592233,71,2.51386576888e-06,9.02800678659e-07,113,.0001522243820811,.0005164855534816,78,.0001339058742611,.0004541243592233,35,.00001831850782,.0000623611942583,71,2.51386576888e-06,9.02800678659e-07,289,.0002062120830373,.0001994032750448
41.3,466,.0006292030112023,.0017449227241331,226,.0001374241586234,.0001956821824058,240,.0004917788525789,.0015492405417272,109,.0000706196743029,.0001215938338359,131,.000421159178276,.0014276467078913,63,.0000478774388286,.0000441666226831,177,.0004439014137503,.0015050739190441,131,.000421159178276,.0014276467078913,46,.0000227422354743,.0000774272111528,63,.0000478774388286,.0000441666226831,335,.0002080438329263,.0003172760162418
41.4,453,.0004763098066719,.0012436780141036,167,.0000511620377912,.0000600312284065,286,.0004251477688807,.0011836467856972,154,.0001226488605687,.0001580137445316,132,.000302498908312,.0010256330411655,124,.0001045478142867,.000096401140496,162,.000320599954594,.0010872456452011,132,.000302498908312,.0010256330411655,30,.000018101046282,.0000616126040356,124,.0001045478142867,.000096401140496,321,.0001738108983599,.0002180449729381
41.5,688,.0003506327484518,.0007490697569079,347,.0000914402076688,.0000879153396272,341,.0002591925407829,.0006611544172808,214,.0000913176691157,.0000918329346737,127,.0001678748716672,.000569321482607,137,.0000881654879921,.0000804927592579,204,.0001710270527909,.0005806616580228,127,.0001678748716672,.000569321482607,77,3.15218112365e-06,.0000113401754158,137,.0000881654879921,.0000804927592579,561,.0001827578767845,.0001797482743009
41.6,705,.0001813383361548,.0002952394433913,417,.0001187830947238,.0001051320218728,288,.000062555241431,.0001901074215185,240,8.57755912642e-06,6.87964997281e-06,48,.0000539776823046,.0001832277715457,157,8.44388780763e-06,4.86536276778e-06,131,.0000541113536233,.0001852420587507,48,.0000539776823046,.0001832277715457,83,1.33671318792e-07,2.01428720503e-06,157,8.44388780763e-06,4.86536276778e-06,657,.0001273606538502,.0001120116718456
41.7,899,.0003020009427191,.0006456006793183,475,.0000785594211754,.0001089929574466,424,.0002234415215437,.0005366077218717,336,.000120703053371,.0001879134278387,88,.0001027384681726,.0003486942940329,225,.0000896911534656,.0000817604763644,199,.0001337503680781,.0004548472455073,88,.0001027384681726,.0003486942940329,111,.0000310118999054,.0001061529514743,225,.0000896911534656,.0000817604763644,811,.0001992624745464,.0002969063852853
41.8,495,.0002008589560366,.0003724249680372,298,.0000877822569261,.0000571731503249,197,.0001130766991105,.0003152518177123,159,.0000276474705484,.0000256240382297,38,.0000854292285622,.0002896277794826,89,.0000275310261495,.0000242133950297,108,.000085545672961,.0002910384226826,38,.0000854292285622,.0002896277794826,70,1.16444398873e-07,1.41064320003e-06,89,.0000275310261495,.0000242133950297,457,.0001154297274744,.0000827971885546
41.9,344,.0002678955208171,.000502588884391,177,.0001077108956755,.0000718011203826,167,.0001601846251416,.0004307877640084,117,.0000451045981068,.0000405233438752,50,.0001150800270348,.0003902644201332,91,.0000450473829332,.0000398302216942,76,.0001151372422084,.0003909575423142,50,.0001150800270348,.0003902644201332,26,5.72151735989e-08,6.93122180984e-07,91,.0000450473829332,.0000398302216942,294,.0001528154937823,.0001123244642578
42,547,.0001157804930005,.0002194166163361,284,.0000583038230006,.0000419095539352,263,.0000574766699999,.0001775070624008,178,8.44402955985e-06,.0000104594056793,85,.00004903264044,.0001670476567215,121,6.46319542508e-06,3.26556394370e-06,142,.0000510134745748,.0001742414984571,85,.00004903264044,.0001670476567215,57,1.98083413477e-06,7.19384173564e-06,121,6.46319542508e-06,3.26556394370e-06,462,.0000667478525605,.0000523689596146
42.1,269,.0002224261954799,.0005429993800203,141,.0000350531899524,.0000146106762466,128,.0001873730055275,.0005283887037737,76,.0000438875585918,.000041920982282,52,.0001434854469357,.0004864677214917,43,.0000438585265412,.0000415692790994,85,.0001435144789863,.0004868194246743,52,.0001434854469357,.0004864677214917,33,2.90320505691e-08,3.51703182577e-07,43,.0000438585265412,.0000415692790994,217,.0000789407485442,.0000565316585286
42.2,648,.0001449519144794,.0003831802854228,344,.0000368474716721,.0000343459221779,304,.0001081044428073,.000348834363245,198,6.82153742942e-06,4.60613847197e-06,106,.0001012829053779,.000344228224773,132,6.75861683508e-06,3.84389907060e-06,172,.0001013458259723,.0003449904641744,106,.0001012829053779,.000344228224773,66,6.29205943459e-08,7.62239401375e-07,132,6.75861683508e-06,3.84389907060e-06,542,.0000436690091015,.0000389520606499
42.3,299,.0003041461943006,.000734405658084,129,.0000983616340484,.0001242251907319,170,.0002057845602522,.0006101804673522,77,.0000356106774814,.0000331468157673,93,.0001701738827708,.0005770336515849,54,.0000355787996664,.000032760638129,116,.0001702057605858,.0005774198292232,93,.0001701738827708,.0005770336515849,23,3.18778149710e-08,3.86177638312e-07,54,.0000355787996664,.000032760638129,206,.0001339723115298,.0001573720064991
42.4,146,.0000828857484041,.0002444688062013,72,.0000219158741648,.0000349954529586,74,.0000609698742394,.0002094733532427,30,1.85463108399e-06,8.32088335123e-07,44,.0000591152431554,.0002086412649076,22,1.84050645302e-06,6.60978219713e-07,52,.0000591293677863,.000208812375023,44,.0000591152431554,.0002086412649076,8,1.41246309648e-08,1.71110115410e-07,22,1.84050645302e-06,6.60978219713e-07,102,.0000237705052488,.0000358275412937
42.5,188,.0001253383300008,.0003788266668261,90,.000022512625506,.0000356808803614,98,.0001028257044948,.0003431457864647,49,.0000127796672128,.0000378400189938,49,.000090046037282,.0003053057674709,28,1.96990537127e-06,7.07449049564e-07,70,.0001008557991236,.0003424383374151,49,.000090046037282,.0003053057674709,21,.0000108097618415,.0000371325699442,28,1.96990537127e-06,7.07449049564e-07,139,.0000352922927188,.0000735208993552
42.6,201,.0000905224471235,.0002791580244876,110,.0000244280766815,.0000429404068796,91,.000066094370442,.0002362176176081,65,1.54529512708e-06,.0000174568045592,26,.0000645490753149,.0002187608130488,46,1.05493428038e-06,3.78856890304e-07,45,.0000650394361617,.0002358387607178,26,.0000645490753149,.0002187608130488,19,4.90360846706e-07,.0000170779476689,46,1.05493428038e-06,3.78856890304e-07,175,.0000259733718085,.0000603972114388
42.7,73,.0001946698147303,.0005057381047777,27,.0000551724202538,.0000992755874751,46,.0001394973944765,.0004064625173026,19,.0000411546565232,.0000731597506576,27,.0000983427379533,.000333302766645,5,.0000273926648351,.0000263335766348,41,.0001121047296414,.0003801289406677,27,.0000983427379533,.000333302766645,14,.0000137619916881,.0000468261740227,5,.0000273926648351,.0000263335766348,46,.000096327076777,.0001724353381327
42.8,159,.000210000620705,.0004211105624381,79,.0001030876837138,.0001318666475765,80,.0001069129369912,.0002892439148616,48,.0000317966505522,.0000346752719032,32,.000075116286439,.0002545686429585,28,.000029985317374,.0000282981331368,52,.0000769276196172,.0002609457817249,32,.000075116286439,.0002545686429585,20,1.81133317823e-06,6.37713876639e-06,28,.000029985317374,.0000282981331368,127,.000134884334266,.0001665419194796
42.9,263,.0000444746223513,.000129475303386,145,7.33327256652e-06,.0000113765110197,118,.0000371413497847,.0001180987923664,74,3.18982587480e-06,2.75398580296e-06,44,.0000339515239099,.0001153448065634,47,3.17386416615e-06,2.56062076232e-06,71,.0000339674856186,.000115538171604,44,.0000339515239099,.0001153448065634,27,1.59617086493e-08,1.93365040646e-07,47,3.17386416615e-06,2.56062076232e-06,219,.0000105230984413,.0000141304968226
43,66,.0002031270915523,.0005441060938551,12,.0000507828265484,.0000705994832515,54,.000152344265004,.0004735066106036,4,.0000223196557272,.0000328539845214,50,.0001300246092768,.0004406526260823,3,.0000176354010364,.0000169790728251,51,.0001347088639676,.0004565275377786,50,.0001300246092768,.0004406526260823,1,4.68425469080e-06,.0000158749116963,3,.0000176354010364,.0000169790728251,16,.0000731024822755,.0001034534677729
43.1,7,.0000125938578321,.000035020863379,2,4.93164111504e-06,9.05365732251e-06,5,7.66221671711e-06,.0000259672060565,0,0,0,5,7.66221671711e-06,.0000259672060565,0,0,0,5,7.66221671711e-06,.0000259672060565,5,7.66221671711e-06,.0000259672060565,0,0,0,0,0,0,2,4.93164111504e-06,9.05365732251e-06
43.2,82,.0000223941318164,.0000146307225291,35,.0000188622257626,7.91134851719e-06,47,3.53190605379e-06,6.71937401187e-06,41,1.89075421708e-06,1.14036093546e-06,6,1.64115183671e-06,5.57901307641e-06,24,1.85150876320e-06,6.64929447947e-07,23,1.68039729059e-06,6.05444456392e-06,6,1.64115183671e-06,5.57901307641e-06,17,3.92454538867e-08,4.75431487512e-07,24,1.85150876320e-06,6.64929447947e-07,76,.0000207529799797,9.05170945265e-06
43.4,141,.0000527780445178,.0000967601080402,65,.0000261229444334,.0000223902587608,76,.0000266551000844,.0000743698492793,48,6.27927673852e-06,5.21697521139e-06,28,.0000203758233459,.0000691528740679,38,6.25493960982e-06,4.92214775960e-06,38,.0000204001604746,.0000694477015197,28,.0000203758233459,.0000691528740679,10,2.43371287012e-08,2.94827451786e-07,38,6.25493960982e-06,4.92214775960e-06,113,.0000324022211719,.0000276072339722
43.6,33,1.10750973997e-06,6.04625651768e-07,24,8.09310697569e-07,4.53981434667e-07,9,2.98199042403e-07,1.50644217101e-07,9,2.98199042403e-07,1.50644217101e-07,0,0,0,5,2.94494082453e-07,1.05761196245e-07,4,3.70495994995e-09,4.48830208555e-08,0,0,0,4,3.70495994995e-09,4.48830208555e-08,5,2.94494082453e-07,1.05761196245e-07,33,1.10750973997e-06,6.04625651768e-07
43.7,23,5.80533338729e-06,2.46284079175e-06,12,5.78062650902e-06,2.38052720647e-06,11,2.47068782655e-08,8.23135852812e-08,2,1.91433982555e-08,1.49158845275e-08,9,5.56348001002e-09,6.73977007537e-08,1,1.84593638153e-08,6.62928201223e-09,10,6.24751445022e-09,7.56843032690e-08,9,5.56348001002e-09,6.73977007537e-08,1,6.84034440201e-10,8.28660251528e-09,1,1.84593638153e-08,6.62928201223e-09,14,5.79976990728e-06,2.39544309100e-06
43.8,143,.0000420199059639,.0000658652854759,78,.0000247364433292,.0000297998194227,65,.0000172834626346,.0000360654660532,32,9.25352430708e-06,8.65863746258e-06,33,8.02993832755e-06,.0000274068285906,22,9.23578592094e-06,8.44374920828e-06,43,8.04767671370e-06,.0000276217168449,33,8.02993832755e-06,.0000274068285906,10,1.77383861488e-08,2.14888254302e-07,22,9.23578592094e-06,8.44374920828e-06,110,.0000339899676363,.0000384584568853
43.9,40,.0000183607522968,.0000425422871908,18,7.71441599490e-06,7.97555729992e-06,22,.0000106463363019,.0000345667298909,16,5.25226421022e-07,2.66349342581e-07,6,.0000101211098809,.0000343003805483,11,5.18614390543e-07,1.86249173417e-07,11,.0000101277219113,.0000343804807175,6,.0000101211098809,.0000343003805483,5,6.61203047869e-09,8.01001691642e-08,11,5.18614390543e-07,1.86249173417e-07,34,8.23964241592e-06,8.24190664250e-06
44,2,5.51208165689e-06,7.92575110609e-06,0,0,0,2,5.51208165689e-06,7.92575110609e-06,1,4.43269891548e-06,4.26772930950e-06,1,1.07938274141e-06,3.65802179658e-06,1,4.43269891548e-06,4.26772930950e-06,1,1.07938274141e-06,3.65802179658e-06,1,1.07938274141e-06,3.65802179658e-06,0,0,0,1,4.43269891548e-06,4.26772930950e-06,1,4.43269891548e-06,4.26772930950e-06
44.2,7,.000081304194282,.00003924920793,3,.0000348819803548,.0000142358207995,4,.0000464222139271,.0000250133871305,4,.0000464222139271,.0000250133871305,0,0,0,4,.0000464222139271,.0000250133871305,0,0,0,0,0,0,0,0,0,4,.0000464222139271,.0000250133871305,7,.000081304194282,.00003924920793
44.3,1,8.89541297511e-06,8.56435690366e-06,0,0,0,1,8.89541297511e-06,8.56435690366e-06,1,8.89541297511e-06,8.56435690366e-06,0,0,0,1,8.89541297511e-06,8.56435690366e-06,0,0,0,0,0,0,0,0,0,1,8.89541297511e-06,8.56435690366e-06,1,8.89541297511e-06,8.56435690366e-06
44.7,2,.0000118632233352,4.84154634250e-06,2,.0000118632233352,4.84154634250e-06,0,0,0,0,0,0,0,0,0,0,0,0,0,0,0,0,0,0,0,0,0,0,0,0,2,.0000118632233352,4.84154634250e-06
44.9,8,8.41629178794e-07,2.18564732357e-06,3,7.34906908662e-08,4.12244771653e-08,5,7.68138487928e-07,2.14442284641e-06,3,1.51423829919e-07,5.43806022435e-08,2,6.16714658008e-07,2.09004224416e-06,3,1.51423829919e-07,5.43806022435e-08,2,6.16714658008e-07,2.09004224416e-06,2,6.16714658008e-07,2.09004224416e-06,0,0,0,3,1.51423829919e-07,5.43806022435e-08,6,2.24914520786e-07,9.56050794088e-08
45,2,8.55982511894e-06,3.49338347405e-06,2,8.55982511894e-06,3.49338347405e-06,0,0,0,0,0,0,0,0,0,0,0,0,0,0,0,0,0,0,0,0,0,0,0,0,2,8.55982511894e-06,3.49338347405e-06
45.1,48,1.79898652675e-06,1.10821331134e-06,27,1.28597619664e-06,7.21366154366e-07,21,5.13010330105e-07,3.86847156975e-07,19,5.10386537367e-07,3.55061724022e-07,2,2.62379273863e-09,3.17854329523e-08,10,4.95774475695e-07,1.78046716925e-07,11,1.72358544104e-08,2.08800440049e-07,2,2.62379273863e-09,3.17854329523e-08,9,1.46120616717e-08,1.77015007097e-07,10,4.95774475695e-07,1.78046716925e-07,46,1.79636273401e-06,1.07642787839e-06
45.2,4,1.23342931602e-06,4.18008448833e-06,0,0,0,4,1.23342931602e-06,4.18008448833e-06,0,0,0,4,1.23342931602e-06,4.18008448833e-06,0,0,0,4,1.23342931602e-06,4.18008448833e-06,4,1.23342931602e-06,4.18008448833e-06,0,0,0,0,0,0,0,0,0
45.3,76,.0000151822625961,.0000418503854478,31,1.68096583586e-06,9.42934903492e-07,45,.0000135012967603,.0000409074505443,36,8.60620253085e-06,.0000242325346287,9,4.89509422941e-06,.0000166749159156,24,1.71313483399e-06,6.15235435042e-07,21,.0000117881619263,.0000402922151093,9,4.89509422941e-06,.0000166749159156,12,6.89306769686e-06,.0000236172991936,24,1.71313483399e-06,6.15235435042e-07,67,.0000102871683667,.0000251754695322
45.7,7,.0000307461177727,.0000903070636014,1,8.94390177564e-06,.0000164194862009,6,.000021802215997,.0000738875774005,0,0,0,6,.000021802215997,.0000738875774005,0,0,0,6,.000021802215997,.0000738875774005,6,.000021802215997,.0000738875774005,0,0,0,0,0,0,1,8.94390177564e-06,.0000164194862009
45.8,161,7.50935369154e-06,.0000133090569916,78,2.51380166549e-06,1.41011273325e-06,83,4.99555202604e-06,.0000118989442583,49,1.82701576856e-06,8.86626258634e-07,34,3.16853625748e-06,.0000110123179997,38,1.80740799038e-06,6.49091610683e-07,45,3.18814403566e-06,.0000112498526477,34,3.16853625748e-06,.0000110123179997,11,1.96077781789e-08,2.37534647951e-07,38,1.80740799038e-06,6.49091610683e-07,127,4.34081743406e-06,2.29673899188e-06
46.1,2,.0000102954654722,.0000348912708432,0,0,0,2,.0000102954654722,.0000348912708432,1,3.43182182405e-06,.0000116304236144,1,6.86364364810e-06,.0000232608472288,0,0,0,2,.0000102954654722,.0000348912708432,1,6.86364364810e-06,.0000232608472288,1,3.43182182405e-06,.0000116304236144,0,0,0,1,3.43182182405e-06,.0000116304236144
