temp,ref,yhat_low_gdp,se_low_gdp,lowerci_low_gdp,upperci_low_gdp,yhat_ag_gdp,se_ag_gdp,lowerci_ag_gdp,upperci_ag_gdp,yhat_nonag_gdp,se_nonag_gdp,lowerci_nonag_gdp,upperci_nonag_gdp,yhat_low_lrt,se_low_lrt,lowerci_low_lrt,upperci_low_lrt,yhat_ag_lrt,se_ag_lrt,lowerci_ag_lrt,upperci_ag_lrt,yhat_nonag_lrt,se_nonag_lrt,lowerci_nonag_lrt,upperci_nonag_lrt
-20,27,9.5603447,0,9.5603447,9.5603447,-28.038176,0,-28.038176,-28.038176,15.197401,0,15.197401,15.197401,-1.7057507,0,-1.7057507,-1.7057507,-5.9802384,0,-5.9802384,-5.9802384,-.49897397,0,-.49897397,-.49897397
-19.9,27,9.5400038,0,9.5400038,9.5400038,-27.978519,0,-27.978519,-27.978519,15.165067,0,15.165067,15.165067,-1.7021215,0,-1.7021215,-1.7021215,-5.967514,0,-5.967514,-5.967514,-.49791232,0,-.49791232,-.49791232
-19.8,27,9.5196629,0,9.5196629,9.5196629,-27.918863,0,-27.918863,-27.918863,15.132731,0,15.132731,15.132731,-1.6984922,0,-1.6984922,-1.6984922,-5.9547901,0,-5.9547901,-5.9547901,-.49685067,0,-.49685067,-.49685067
-19.7,27,9.4993219,0,9.4993219,9.4993219,-27.859209,0,-27.859209,-27.859209,15.100397,0,15.100397,15.100397,-1.694863,0,-1.694863,-1.694863,-5.9420667,0,-5.9420667,-5.9420667,-.49578902,0,-.49578902,-.49578902
-19.6,27,9.478981,0,9.478981,9.478981,-27.799553,0,-27.799553,-27.799553,15.068062,0,15.068062,15.068062,-1.6912338,0,-1.6912338,-1.6912338,-5.9293427,0,-5.9293427,-5.9293427,-.49472737,0,-.49472737,-.49472737
-19.5,27,9.4586391,0,9.4586391,9.4586391,-27.739897,0,-27.739897,-27.739897,15.035727,0,15.035727,15.035727,-1.6876044,0,-1.6876044,-1.6876044,-5.9166188,0,-5.9166188,-5.9166188,-.49366572,0,-.49366572,-.49366572
-19.4,27,9.4382982,0,9.4382982,9.4382982,-27.680241,0,-27.680241,-27.680241,15.003392,0,15.003392,15.003392,-1.6839752,0,-1.6839752,-1.6839752,-5.9038949,0,-5.9038949,-5.9038949,-.49260408,0,-.49260408,-.49260408
-19.3,27,9.4179573,0,9.4179573,9.4179573,-27.620584,0,-27.620584,-27.620584,14.971057,0,14.971057,14.971057,-1.6803459,0,-1.6803459,-1.6803459,-5.891171,0,-5.891171,-5.891171,-.49154243,0,-.49154243,-.49154243
-19.2,27,9.3976164,0,9.3976164,9.3976164,-27.56093,0,-27.56093,-27.56093,14.938723,0,14.938723,14.938723,-1.6767167,0,-1.6767167,-1.6767167,-5.8784471,0,-5.8784471,-5.8784471,-.49048081,0,-.49048081,-.49048081
-19.1,27,9.3772745,0,9.3772745,9.3772745,-27.501274,0,-27.501274,-27.501274,14.906387,0,14.906387,14.906387,-1.6730875,0,-1.6730875,-1.6730875,-5.8657231,0,-5.8657231,-5.8657231,-.48941916,0,-.48941916,-.48941916
-19,27,9.3569336,0,9.3569336,9.3569336,-27.441618,0,-27.441618,-27.441618,14.874052,0,14.874052,14.874052,-1.6694582,0,-1.6694582,-1.6694582,-5.8529992,0,-5.8529992,-5.8529992,-.48835751,0,-.48835751,-.48835751
-18.9,27,9.3365927,0,9.3365927,9.3365927,-27.381962,0,-27.381962,-27.381962,14.841718,0,14.841718,14.841718,-1.6658289,0,-1.6658289,-1.6658289,-5.8402753,0,-5.8402753,-5.8402753,-.48729584,0,-.48729584,-.48729584
-18.8,27,9.3162508,0,9.3162508,9.3162508,-27.322306,0,-27.322306,-27.322306,14.809382,0,14.809382,14.809382,-1.6621996,0,-1.6621996,-1.6621996,-5.8275514,0,-5.8275514,-5.8275514,-.48623419,0,-.48623419,-.48623419
-18.7,27,9.2959099,0,9.2959099,9.2959099,-27.262651,0,-27.262651,-27.262651,14.777048,0,14.777048,14.777048,-1.6585704,0,-1.6585704,-1.6585704,-5.8148274,0,-5.8148274,-5.8148274,-.48517257,0,-.48517257,-.48517257
-18.6,27,9.275569,0,9.275569,9.275569,-27.202995,0,-27.202995,-27.202995,14.744713,0,14.744713,14.744713,-1.6549412,0,-1.6549412,-1.6549412,-5.8021035,0,-5.8021035,-5.8021035,-.48411092,0,-.48411092,-.48411092
-18.5,27,9.255228,0,9.255228,9.255228,-27.143339,0,-27.143339,-27.143339,14.712378,0,14.712378,14.712378,-1.6513119,0,-1.6513119,-1.6513119,-5.7893796,0,-5.7893796,-5.7893796,-.48304927,0,-.48304927,-.48304927
-18.4,27,9.2348862,0,9.2348862,9.2348862,-27.083685,0,-27.083685,-27.083685,14.680043,0,14.680043,14.680043,-1.6476827,0,-1.6476827,-1.6476827,-5.7766557,0,-5.7766557,-5.7766557,-.48198763,0,-.48198763,-.48198763
-18.3,27,9.2145452,0,9.2145452,9.2145452,-27.024029,0,-27.024029,-27.024029,14.647708,0,14.647708,14.647708,-1.6440533,0,-1.6440533,-1.6440533,-5.7639318,0,-5.7639318,-5.7639318,-.48092598,0,-.48092598,-.48092598
-18.2,27,9.1942043,0,9.1942043,9.1942043,-26.964373,0,-26.964373,-26.964373,14.615374,0,14.615374,14.615374,-1.6404241,0,-1.6404241,-1.6404241,-5.7512078,0,-5.7512078,-5.7512078,-.47986433,0,-.47986433,-.47986433
-18.1,27,9.1738634,0,9.1738634,9.1738634,-26.904716,0,-26.904716,-26.904716,14.583038,0,14.583038,14.583038,-1.6367949,0,-1.6367949,-1.6367949,-5.7384839,0,-5.7384839,-5.7384839,-.47880268,0,-.47880268,-.47880268
-18,27,9.1535215,0,9.1535215,9.1535215,-26.845062,0,-26.845062,-26.845062,14.550703,0,14.550703,14.550703,-1.6331656,0,-1.6331656,-1.6331656,-5.72576,0,-5.72576,-5.72576,-.47774103,0,-.47774103,-.47774103
-17.9,27,9.1331806,0,9.1331806,9.1331806,-26.785406,0,-26.785406,-26.785406,14.518369,0,14.518369,14.518369,-1.6295364,0,-1.6295364,-1.6295364,-5.7130361,0,-5.7130361,-5.7130361,-.47667938,0,-.47667938,-.47667938
-17.8,27,9.1128397,0,9.1128397,9.1128397,-26.72575,0,-26.72575,-26.72575,14.486033,0,14.486033,14.486033,-1.6259071,0,-1.6259071,-1.6259071,-5.7003121,0,-5.7003121,-5.7003121,-.47561774,0,-.47561774,-.47561774
-17.7,27,9.0924988,0,9.0924988,9.0924988,-26.666096,0,-26.666096,-26.666096,14.453699,0,14.453699,14.453699,-1.6222779,0,-1.6222779,-1.6222779,-5.6875882,0,-5.6875882,-5.6875882,-.47455609,0,-.47455609,-.47455609
-17.6,27,9.0721569,0,9.0721569,9.0721569,-26.60644,0,-26.60644,-26.60644,14.421364,0,14.421364,14.421364,-1.6186486,0,-1.6186486,-1.6186486,-5.6748643,0,-5.6748643,-5.6748643,-.47349444,0,-.47349444,-.47349444
-17.5,27,9.051816,0,9.051816,9.051816,-26.546783,0,-26.546783,-26.546783,14.389029,0,14.389029,14.389029,-1.6150193,0,-1.6150193,-1.6150193,-5.6621404,0,-5.6621404,-5.6621404,-.47243279,0,-.47243279,-.47243279
-17.4,27,9.0314751,0,9.0314751,9.0314751,-26.487127,0,-26.487127,-26.487127,14.356694,0,14.356694,14.356694,-1.6113901,0,-1.6113901,-1.6113901,-5.6494164,0,-5.6494164,-5.6494164,-.47137114,0,-.47137114,-.47137114
-17.3,27,9.0111332,0,9.0111332,9.0111332,-26.427471,0,-26.427471,-26.427471,14.324359,0,14.324359,14.324359,-1.6077608,0,-1.6077608,-1.6077608,-5.6366925,0,-5.6366925,-5.6366925,-.4703095,0,-.4703095,-.4703095
-17.2,27,8.9907932,0,8.9907932,8.9907932,-26.367817,0,-26.367817,-26.367817,14.292025,0,14.292025,14.292025,-1.6041316,0,-1.6041316,-1.6041316,-5.6239686,0,-5.6239686,-5.6239686,-.46924788,0,-.46924788,-.46924788
-17.1,27,8.9704514,0,8.9704514,8.9704514,-26.308161,0,-26.308161,-26.308161,14.259689,0,14.259689,14.259689,-1.6005024,0,-1.6005024,-1.6005024,-5.6112447,0,-5.6112447,-5.6112447,-.46818623,0,-.46818623,-.46818623
-17,27,8.9501104,0,8.9501104,8.9501104,-26.248505,0,-26.248505,-26.248505,14.227354,0,14.227354,14.227354,-1.596873,0,-1.596873,-1.596873,-5.5985208,0,-5.5985208,-5.5985208,-.46712455,0,-.46712455,-.46712455
-16.9,27,8.9297695,0,8.9297695,8.9297695,-26.188848,0,-26.188848,-26.188848,14.19502,0,14.19502,14.19502,-1.5932437,0,-1.5932437,-1.5932437,-5.5857968,0,-5.5857968,-5.5857968,-.4660629,0,-.4660629,-.4660629
-16.8,27,8.9094276,0,8.9094276,8.9094276,-26.129192,0,-26.129192,-26.129192,14.162684,0,14.162684,14.162684,-1.5896145,0,-1.5896145,-1.5896145,-5.5730729,0,-5.5730729,-5.5730729,-.46500126,0,-.46500126,-.46500126
-16.7,27,8.8890867,0,8.8890867,8.8890867,-26.069538,0,-26.069538,-26.069538,14.13035,0,14.13035,14.13035,-1.5859853,0,-1.5859853,-1.5859853,-5.5603495,0,-5.5603495,-5.5603495,-.46393964,0,-.46393964,-.46393964
-16.6,27,8.8687458,0,8.8687458,8.8687458,-26.009882,0,-26.009882,-26.009882,14.098015,0,14.098015,14.098015,-1.582356,0,-1.582356,-1.582356,-5.5476251,0,-5.5476251,-5.5476251,-.46287799,0,-.46287799,-.46287799
-16.5,27,8.8484049,0,8.8484049,8.8484049,-25.950226,0,-25.950226,-25.950226,14.06568,0,14.06568,14.06568,-1.5787268,0,-1.5787268,-1.5787268,-5.5349011,0,-5.5349011,-5.5349011,-.46181634,0,-.46181634,-.46181634
-16.4,27,8.828063,0,8.828063,8.828063,-25.89057,0,-25.89057,-25.89057,14.033345,0,14.033345,14.033345,-1.5750974,0,-1.5750974,-1.5750974,-5.5221772,0,-5.5221772,-5.5221772,-.46075469,0,-.46075469,-.46075469
-16.3,27,8.8077221,0,8.8077221,8.8077221,-25.830914,0,-25.830914,-25.830914,14.00101,0,14.00101,14.00101,-1.5714682,0,-1.5714682,-1.5714682,-5.5094533,0,-5.5094533,-5.5094533,-.45969304,0,-.45969304,-.45969304
-16.2,27,8.7873812,0,8.7873812,8.7873812,-25.771259,0,-25.771259,-25.771259,13.968676,0,13.968676,13.968676,-1.567839,0,-1.567839,-1.567839,-5.4967299,0,-5.4967299,-5.4967299,-.4586314,0,-.4586314,-.4586314
-16.1,27,8.7670403,0,8.7670403,8.7670403,-25.711603,0,-25.711603,-25.711603,13.93634,0,13.93634,13.93634,-1.5642097,0,-1.5642097,-1.5642097,-5.4840059,0,-5.4840059,-5.4840059,-.45756975,0,-.45756975,-.45756975
-16,27,8.7466984,0,8.7466984,8.7466984,-25.651947,0,-25.651947,-25.651947,13.904005,0,13.904005,13.904005,-1.5605805,0,-1.5605805,-1.5605805,-5.471282,0,-5.471282,-5.471282,-.4565081,0,-.4565081,-.4565081
-15.9,27,8.7263575,0,8.7263575,8.7263575,-25.592291,0,-25.592291,-25.592291,13.871671,0,13.871671,13.871671,-1.5569512,0,-1.5569512,-1.5569512,-5.4585576,0,-5.4585576,-5.4585576,-.45544645,0,-.45544645,-.45544645
-15.8,27,8.7060165,0,8.7060165,8.7060165,-25.532637,0,-25.532637,-25.532637,13.839335,0,13.839335,13.839335,-1.553322,0,-1.553322,-1.553322,-5.4458342,0,-5.4458342,-5.4458342,-.4543848,0,-.4543848,-.4543848
-15.7,27,8.6856756,0,8.6856756,8.6856756,-25.47298,0,-25.47298,-25.47298,13.807001,0,13.807001,13.807001,-1.5496927,0,-1.5496927,-1.5496927,-5.4331102,0,-5.4331102,-5.4331102,-.45332316,0,-.45332316,-.45332316
-15.6,27,8.6653337,0,8.6653337,8.6653337,-25.413324,0,-25.413324,-25.413324,13.774666,0,13.774666,13.774666,-1.5460634,0,-1.5460634,-1.5460634,-5.4203863,0,-5.4203863,-5.4203863,-.45226151,0,-.45226151,-.45226151
-15.5,27,8.6449928,0,8.6449928,8.6449928,-25.35367,0,-25.35367,-25.35367,13.742331,0,13.742331,13.742331,-1.5424342,0,-1.5424342,-1.5424342,-5.4076624,0,-5.4076624,-5.4076624,-.45119986,0,-.45119986,-.45119986
-15.4,27,8.6246519,0,8.6246519,8.6246519,-25.294014,0,-25.294014,-25.294014,13.709996,0,13.709996,13.709996,-1.5388049,0,-1.5388049,-1.5388049,-5.3949385,0,-5.3949385,-5.3949385,-.45013821,0,-.45013821,-.45013821
-15.3,27,8.604311,0,8.604311,8.604311,-25.234358,0,-25.234358,-25.234358,13.677661,0,13.677661,13.677661,-1.5351757,0,-1.5351757,-1.5351757,-5.3822145,0,-5.3822145,-5.3822145,-.44907656,0,-.44907656,-.44907656
-15.2,27,8.5839691,0,8.5839691,8.5839691,-25.174702,0,-25.174702,-25.174702,13.645327,0,13.645327,13.645327,-1.5315464,0,-1.5315464,-1.5315464,-5.3694906,0,-5.3694906,-5.3694906,-.44801491,0,-.44801491,-.44801491
-15.1,27,8.5636282,0,8.5636282,8.5636282,-25.115047,0,-25.115047,-25.115047,13.612991,0,13.612991,13.612991,-1.5279171,0,-1.5279171,-1.5279171,-5.3567667,0,-5.3567667,-5.3567667,-.4469533,0,-.4469533,-.4469533
-15,27,8.5432873,0,8.5432873,8.5432873,-25.055391,0,-25.055391,-25.055391,13.580656,0,13.580656,13.580656,-1.5242879,0,-1.5242879,-1.5242879,-5.3440428,0,-5.3440428,-5.3440428,-.44589162,0,-.44589162,-.44589162
-14.9,27,8.5229464,0,8.5229464,8.5229464,-24.995735,0,-24.995735,-24.995735,13.548322,0,13.548322,13.548322,-1.5206586,0,-1.5206586,-1.5206586,-5.3313189,0,-5.3313189,-5.3313189,-.44482997,0,-.44482997,-.44482997
-14.8,27,8.5026045,0,8.5026045,8.5026045,-24.936079,0,-24.936079,-24.936079,13.515986,0,13.515986,13.515986,-1.5170294,0,-1.5170294,-1.5170294,-5.3185949,0,-5.3185949,-5.3185949,-.44376835,0,-.44376835,-.44376835
-14.7,27,8.4822636,0,8.4822636,8.4822636,-24.876423,0,-24.876423,-24.876423,13.483652,0,13.483652,13.483652,-1.5134001,0,-1.5134001,-1.5134001,-5.305871,0,-5.305871,-5.305871,-.44270667,0,-.44270667,-.44270667
-14.6,27,8.4619226,0,8.4619226,8.4619226,-24.816769,0,-24.816769,-24.816769,13.451317,0,13.451317,13.451317,-1.5097709,0,-1.5097709,-1.5097709,-5.2931471,0,-5.2931471,-5.2931471,-.44164506,0,-.44164506,-.44164506
-14.5,27,8.4415817,0,8.4415817,8.4415817,-24.757113,0,-24.757113,-24.757113,13.418982,0,13.418982,13.418982,-1.5061417,0,-1.5061417,-1.5061417,-5.2804232,0,-5.2804232,-5.2804232,-.44058341,0,-.44058341,-.44058341
-14.4,27,8.4212399,0,8.4212399,8.4212399,-24.697456,0,-24.697456,-24.697456,13.386647,0,13.386647,13.386647,-1.5025123,0,-1.5025123,-1.5025123,-5.2676992,0,-5.2676992,-5.2676992,-.43952176,0,-.43952176,-.43952176
-14.3,27,8.4008989,0,8.4008989,8.4008989,-24.6378,0,-24.6378,-24.6378,13.354312,0,13.354312,13.354312,-1.4988831,0,-1.4988831,-1.4988831,-5.2549753,0,-5.2549753,-5.2549753,-.43846011,0,-.43846011,-.43846011
-14.2,27,8.380558,0,8.380558,8.380558,-24.578146,0,-24.578146,-24.578146,13.321978,0,13.321978,13.321978,-1.4952538,0,-1.4952538,-1.4952538,-5.2422514,0,-5.2422514,-5.2422514,-.43739846,0,-.43739846,-.43739846
-14.1,27,8.3602171,0,8.3602171,8.3602171,-24.51849,0,-24.51849,-24.51849,13.289642,0,13.289642,13.289642,-1.4916246,0,-1.4916246,-1.4916246,-5.2295275,0,-5.2295275,-5.2295275,-.43633682,0,-.43633682,-.43633682
-14,27,8.3398752,0,8.3398752,8.3398752,-24.458834,0,-24.458834,-24.458834,13.257308,0,13.257308,13.257308,-1.4879954,0,-1.4879954,-1.4879954,-5.2168036,0,-5.2168036,-5.2168036,-.43527517,0,-.43527517,-.43527517
-13.9,27,8.3195343,0,8.3195343,8.3195343,-24.399178,0,-24.399178,-24.399178,13.224973,0,13.224973,13.224973,-1.4843661,0,-1.4843661,-1.4843661,-5.2040796,0,-5.2040796,-5.2040796,-.43421352,0,-.43421352,-.43421352
-13.8,27,8.2991934,0,8.2991934,8.2991934,-24.339523,0,-24.339523,-24.339523,13.192637,0,13.192637,13.192637,-1.4807369,0,-1.4807369,-1.4807369,-5.1913557,0,-5.1913557,-5.1913557,-.43315187,0,-.43315187,-.43315187
-13.7,27,8.2788525,0,8.2788525,8.2788525,-24.279867,0,-24.279867,-24.279867,13.160303,0,13.160303,13.160303,-1.4771075,0,-1.4771075,-1.4771075,-5.1786318,0,-5.1786318,-5.1786318,-.43209022,0,-.43209022,-.43209022
-13.6,27,8.2585106,0,8.2585106,8.2585106,-24.220211,0,-24.220211,-24.220211,13.127968,0,13.127968,13.127968,-1.4734783,0,-1.4734783,-1.4734783,-5.1659079,0,-5.1659079,-5.1659079,-.43102857,0,-.43102857,-.43102857
-13.5,27,8.2381697,0,8.2381697,8.2381697,-24.160555,0,-24.160555,-24.160555,13.095634,0,13.095634,13.095634,-1.4698491,0,-1.4698491,-1.4698491,-5.1531839,0,-5.1531839,-5.1531839,-.42996693,0,-.42996693,-.42996693
-13.4,27,8.2178288,0,8.2178288,8.2178288,-24.100899,0,-24.100899,-24.100899,13.063298,0,13.063298,13.063298,-1.4662198,0,-1.4662198,-1.4662198,-5.14046,0,-5.14046,-5.14046,-.42890528,0,-.42890528,-.42890528
-13.3,27,8.1974878,0,8.1974878,8.1974878,-24.041245,0,-24.041245,-24.041245,13.030963,0,13.030963,13.030963,-1.4625906,0,-1.4625906,-1.4625906,-5.1277361,0,-5.1277361,-5.1277361,-.42784363,0,-.42784363,-.42784363
-13.2,27,8.177146,0,8.177146,8.177146,-23.981588,0,-23.981588,-23.981588,12.998629,0,12.998629,12.998629,-1.4589612,0,-1.4589612,-1.4589612,-5.1150122,0,-5.1150122,-5.1150122,-.42678198,0,-.42678198,-.42678198
-13.1,27,8.156805,0,8.156805,8.156805,-23.921932,0,-23.921932,-23.921932,12.966293,0,12.966293,12.966293,-1.455332,0,-1.455332,-1.455332,-5.1022882,0,-5.1022882,-5.1022882,-.42572033,0,-.42572033,-.42572033
-13,27,8.1364641,0,8.1364641,8.1364641,-23.862276,0,-23.862276,-23.862276,12.933959,0,12.933959,12.933959,-1.4517027,0,-1.4517027,-1.4517027,-5.0895643,0,-5.0895643,-5.0895643,-.42465869,0,-.42465869,-.42465869
-12.9,27,8.1161222,0,8.1161222,8.1161222,-23.802622,0,-23.802622,-23.802622,12.901624,0,12.901624,12.901624,-1.4480735,0,-1.4480735,-1.4480735,-5.0768404,0,-5.0768404,-5.0768404,-.42359704,0,-.42359704,-.42359704
-12.8,27,8.0957813,0,8.0957813,8.0957813,-23.742966,0,-23.742966,-23.742966,12.869288,0,12.869288,12.869288,-1.4444443,0,-1.4444443,-1.4444443,-5.0641165,0,-5.0641165,-5.0641165,-.42253542,0,-.42253542,-.42253542
-12.7,27,8.0754404,0,8.0754404,8.0754404,-23.68331,0,-23.68331,-23.68331,12.836954,0,12.836954,12.836954,-1.440815,0,-1.440815,-1.440815,-5.0513926,0,-5.0513926,-5.0513926,-.42147374,0,-.42147374,-.42147374
-12.6,27,8.0550995,0,8.0550995,8.0550995,-23.623653,0,-23.623653,-23.623653,12.804619,0,12.804619,12.804619,-1.4371858,0,-1.4371858,-1.4371858,-5.0386686,0,-5.0386686,-5.0386686,-.42041212,0,-.42041212,-.42041212
-12.5,27,8.0347586,0,8.0347586,8.0347586,-23.563999,0,-23.563999,-23.563999,12.772285,0,12.772285,12.772285,-1.4335564,0,-1.4335564,-1.4335564,-5.0259447,0,-5.0259447,-5.0259447,-.41935048,0,-.41935048,-.41935048
-12.4,27,8.0144167,0,8.0144167,8.0144167,-23.504343,0,-23.504343,-23.504343,12.739949,0,12.739949,12.739949,-1.4299272,0,-1.4299272,-1.4299272,-5.0132208,0,-5.0132208,-5.0132208,-.4182888,0,-.4182888,-.4182888
-12.3,27,7.9940758,0,7.9940758,7.9940758,-23.444687,0,-23.444687,-23.444687,12.707614,0,12.707614,12.707614,-1.426298,0,-1.426298,-1.426298,-5.0004969,0,-5.0004969,-5.0004969,-.41722718,0,-.41722718,-.41722718
-12.2,27,7.9737349,0,7.9737349,7.9737349,-23.385031,0,-23.385031,-23.385031,12.67528,0,12.67528,12.67528,-1.4226687,0,-1.4226687,-1.4226687,-4.9877729,0,-4.9877729,-4.9877729,-.41616553,0,-.41616553,-.41616553
-12.1,27,7.9533935,0,7.9533935,7.9533935,-23.325377,0,-23.325377,-23.325377,12.642944,0,12.642944,12.642944,-1.4190395,0,-1.4190395,-1.4190395,-4.9750495,0,-4.9750495,-4.9750495,-.41510388,0,-.41510388,-.41510388
-12,27,7.9330525,0,7.9330525,7.9330525,-23.26572,0,-23.26572,-23.26572,12.61061,0,12.61061,12.61061,-1.4154102,0,-1.4154102,-1.4154102,-4.9623251,0,-4.9623251,-4.9623251,-.41404223,0,-.41404223,-.41404223
-11.9,27,7.9127111,0,7.9127111,7.9127111,-23.206064,0,-23.206064,-23.206064,12.578275,0,12.578275,12.578275,-1.411781,0,-1.411781,-1.411781,-4.9496012,0,-4.9496012,-4.9496012,-.41298059,0,-.41298059,-.41298059
-11.8,27,7.8923702,0,7.8923702,7.8923702,-23.146408,0,-23.146408,-23.146408,12.545939,0,12.545939,12.545939,-1.4081517,0,-1.4081517,-1.4081517,-4.9368777,0,-4.9368777,-4.9368777,-.41191894,0,-.41191894,-.41191894
-11.7,27,7.8720288,0,7.8720288,7.8720288,-23.086752,0,-23.086752,-23.086752,12.513605,0,12.513605,12.513605,-1.4045224,0,-1.4045224,-1.4045224,-4.9241538,0,-4.9241538,-4.9241538,-.41085729,0,-.41085729,-.41085729
-11.6,27,7.8516879,0,7.8516879,7.8516879,-23.027098,0,-23.027098,-23.027098,12.48127,0,12.48127,12.48127,-1.4008932,0,-1.4008932,-1.4008932,-4.9114299,0,-4.9114299,-4.9114299,-.40979564,0,-.40979564,-.40979564
-11.5,27,7.8313465,0,7.8313465,7.8313465,-22.967442,0,-22.967442,-22.967442,12.448936,0,12.448936,12.448936,-1.3972639,0,-1.3972639,-1.3972639,-4.898706,0,-4.898706,-4.898706,-.40873399,0,-.40873399,-.40873399
-11.4,27,7.8110051,0,7.8110051,7.8110051,-22.907785,0,-22.907785,-22.907785,12.4166,0,12.4166,12.4166,-1.3936347,0,-1.3936347,-1.3936347,-4.885982,0,-4.885982,-4.885982,-.40767235,0,-.40767235,-.40767235
-11.3,27,7.7906642,0,7.7906642,7.7906642,-22.848131,0,-22.848131,-22.848131,12.384265,0,12.384265,12.384265,-1.3900054,0,-1.3900054,-1.3900054,-4.8732581,0,-4.8732581,-4.8732581,-.4066107,0,-.4066107,-.4066107
-11.2,27,7.7703228,0,7.7703228,7.7703228,-22.788475,0,-22.788475,-22.788475,12.351931,0,12.351931,12.351931,-1.3863761,0,-1.3863761,-1.3863761,-4.8605342,0,-4.8605342,-4.8605342,-.40554905,0,-.40554905,-.40554905
-11.1,27,7.7499819,0,7.7499819,7.7499819,-22.728819,0,-22.728819,-22.728819,12.319595,0,12.319595,12.319595,-1.3827469,0,-1.3827469,-1.3827469,-4.8478103,0,-4.8478103,-4.8478103,-.4044874,0,-.4044874,-.4044874
-11,27,7.729641,0,7.729641,7.729641,-22.669163,0,-22.669163,-22.669163,12.287261,0,12.287261,12.287261,-1.3791176,0,-1.3791176,-1.3791176,-4.8350863,0,-4.8350863,-4.8350863,-.40342575,0,-.40342575,-.40342575
-10.9,27,7.7092996,0,7.7092996,7.7092996,-22.609507,0,-22.609507,-22.609507,12.254926,0,12.254926,12.254926,-1.3754884,0,-1.3754884,-1.3754884,-4.8223624,0,-4.8223624,-4.8223624,-.4023641,0,-.4023641,-.4023641
-10.8,27,7.6889586,0,7.6889586,7.6889586,-22.549852,0,-22.549852,-22.549852,12.22259,0,12.22259,12.22259,-1.3718591,0,-1.3718591,-1.3718591,-4.8096385,0,-4.8096385,-4.8096385,-.40130246,0,-.40130246,-.40130246
-10.7,27,7.6686172,0,7.6686172,7.6686172,-22.490196,0,-22.490196,-22.490196,12.190256,0,12.190256,12.190256,-1.3682299,0,-1.3682299,-1.3682299,-4.7969146,0,-4.7969146,-4.7969146,-.40024081,0,-.40024081,-.40024081
-10.6,27,7.6482763,0,7.6482763,7.6482763,-22.43054,0,-22.43054,-22.43054,12.157921,0,12.157921,12.157921,-1.3646007,0,-1.3646007,-1.3646007,-4.7841907,0,-4.7841907,-4.7841907,-.39917919,0,-.39917919,-.39917919
-10.5,27,7.6279349,0,7.6279349,7.6279349,-22.370884,0,-22.370884,-22.370884,12.125587,0,12.125587,12.125587,-1.3609713,0,-1.3609713,-1.3609713,-4.7714667,0,-4.7714667,-4.7714667,-.39811754,0,-.39811754,-.39811754
-10.4,27,7.6075935,0,7.6075935,7.6075935,-22.311228,0,-22.311228,-22.311228,12.093251,0,12.093251,12.093251,-1.3573421,0,-1.3573421,-1.3573421,-4.7587428,0,-4.7587428,-4.7587428,-.39705586,0,-.39705586,-.39705586
-10.3,27,7.5872526,0,7.5872526,7.5872526,-22.251574,0,-22.251574,-22.251574,12.060917,0,12.060917,12.060917,-1.3537128,0,-1.3537128,-1.3537128,-4.7460189,0,-4.7460189,-4.7460189,-.39599425,0,-.39599425,-.39599425
-10.2,27,7.5669112,0,7.5669112,7.5669112,-22.191917,0,-22.191917,-22.191917,12.028582,0,12.028582,12.028582,-1.3500836,0,-1.3500836,-1.3500836,-4.733295,0,-4.733295,-4.733295,-.3949326,0,-.3949326,-.3949326
-10.1,27,7.5465703,0,7.5465703,7.5465703,-22.132261,0,-22.132261,-22.132261,11.996246,0,11.996246,11.996246,-1.3464544,0,-1.3464544,-1.3464544,-4.720571,0,-4.720571,-4.720571,-.39387095,0,-.39387095,-.39387095
-10,27,7.5262294,0,7.5262294,7.5262294,-22.072607,0,-22.072607,-22.072607,11.963912,0,11.963912,11.963912,-1.3428251,0,-1.3428251,-1.3428251,-4.7078471,0,-4.7078471,-4.7078471,-.3928093,0,-.3928093,-.3928093
-9.9,27,7.505888,0,7.505888,7.505888,-22.012951,0,-22.012951,-22.012951,11.931577,0,11.931577,11.931577,-1.3391958,0,-1.3391958,-1.3391958,-4.6951232,0,-4.6951232,-4.6951232,-.39174765,0,-.39174765,-.39174765
-9.800000000000001,27,7.4855471,0,7.4855471,7.4855471,-21.953295,0,-21.953295,-21.953295,11.899242,0,11.899242,11.899242,-1.3355665,0,-1.3355665,-1.3355665,-4.6823993,0,-4.6823993,-4.6823993,-.39068601,0,-.39068601,-.39068601
-9.699999999999999,27,7.4652057,0,7.4652057,7.4652057,-21.893639,0,-21.893639,-21.893639,11.866907,0,11.866907,11.866907,-1.3319373,0,-1.3319373,-1.3319373,-4.6696754,0,-4.6696754,-4.6696754,-.38962436,0,-.38962436,-.38962436
-9.6,27,7.4448647,0,7.4448647,7.4448647,-21.833984,0,-21.833984,-21.833984,11.834572,0,11.834572,11.834572,-1.3283081,0,-1.3283081,-1.3283081,-4.6569514,0,-4.6569514,-4.6569514,-.38856271,0,-.38856271,-.38856271
-9.5,27,7.4245234,0,7.4245234,7.4245234,-21.774328,0,-21.774328,-21.774328,11.802238,0,11.802238,11.802238,-1.3246788,0,-1.3246788,-1.3246788,-4.6442275,0,-4.6442275,-4.6442275,-.38750106,0,-.38750106,-.38750106
-9.4,27,7.404182,0,7.404182,7.404182,-21.714672,0,-21.714672,-21.714672,11.769902,0,11.769902,11.769902,-1.3210495,0,-1.3210495,-1.3210495,-4.6315036,0,-4.6315036,-4.6315036,-.38643941,0,-.38643941,-.38643941
-9.300000000000001,27,7.383841,0,7.383841,7.383841,-21.655016,0,-21.655016,-21.655016,11.737568,0,11.737568,11.737568,-1.3174202,0,-1.3174202,-1.3174202,-4.6187797,0,-4.6187797,-4.6187797,-.38537776,0,-.38537776,-.38537776
-9.199999999999999,27,7.3634996,0,7.3634996,7.3634996,-21.59536,0,-21.59536,-21.59536,11.705233,0,11.705233,11.705233,-1.313791,0,-1.313791,-1.313791,-4.6060557,0,-4.6060557,-4.6060557,-.38431612,0,-.38431612,-.38431612
-9.1,27,7.3431587,0,7.3431587,7.3431587,-21.535706,0,-21.535706,-21.535706,11.672897,0,11.672897,11.672897,-1.3101617,0,-1.3101617,-1.3101617,-4.5933318,0,-4.5933318,-4.5933318,-.38325447,0,-.38325447,-.38325447
-9,27,7.3228173,0,7.3228173,7.3228173,-21.476049,0,-21.476049,-21.476049,11.640563,0,11.640563,11.640563,-1.3065325,0,-1.3065325,-1.3065325,-4.5806079,0,-4.5806079,-4.5806079,-.38219282,0,-.38219282,-.38219282
-8.9,27,7.3024764,0,7.3024764,7.3024764,-21.416393,0,-21.416393,-21.416393,11.608228,0,11.608228,11.608228,-1.3029032,0,-1.3029032,-1.3029032,-4.567884,0,-4.567884,-4.567884,-.38113117,0,-.38113117,-.38113117
-8.800000000000001,27,7.2821355,0,7.2821355,7.2821355,-21.356737,0,-21.356737,-21.356737,11.575893,0,11.575893,11.575893,-1.299274,0,-1.299274,-1.299274,-4.55516,0,-4.55516,-4.55516,-.38006952,0,-.38006952,-.38006952
-8.699999999999999,27,7.2617941,0,7.2617941,7.2617941,-21.297083,0,-21.297083,-21.297083,11.543558,0,11.543558,11.543558,-1.2956448,0,-1.2956448,-1.2956448,-4.5424361,0,-4.5424361,-4.5424361,-.37900788,0,-.37900788,-.37900788
-8.6,27,7.2414532,0,7.2414532,7.2414532,-21.237427,0,-21.237427,-21.237427,11.511223,0,11.511223,11.511223,-1.2920154,0,-1.2920154,-1.2920154,-4.5297122,0,-4.5297122,-4.5297122,-.37794626,0,-.37794626,-.37794626
-8.5,27,7.2211118,0,7.2211118,7.2211118,-21.177771,0,-21.177771,-21.177771,11.478889,0,11.478889,11.478889,-1.2883862,0,-1.2883862,-1.2883862,-4.5169883,0,-4.5169883,-4.5169883,-.37688458,0,-.37688458,-.37688458
-8.4,27,7.2007704,0,7.2007704,7.2007704,-21.118114,0,-21.118114,-21.118114,11.446553,0,11.446553,11.446553,-1.2847569,0,-1.2847569,-1.2847569,-4.5042644,0,-4.5042644,-4.5042644,-.37582293,0,-.37582293,-.37582293
-8.300000000000001,27,7.1804295,0,7.1804295,7.1804295,-21.05846,0,-21.05846,-21.05846,11.414219,0,11.414219,11.414219,-1.2811277,0,-1.2811277,-1.2811277,-4.4915404,0,-4.4915404,-4.4915404,-.37476131,0,-.37476131,-.37476131
-8.199999999999999,27,7.1600881,0,7.1600881,7.1600881,-20.998804,0,-20.998804,-20.998804,11.381884,0,11.381884,11.381884,-1.2774985,0,-1.2774985,-1.2774985,-4.4788165,0,-4.4788165,-4.4788165,-.37369967,0,-.37369967,-.37369967
-8.1,27,7.1397471,0,7.1397471,7.1397471,-20.939148,0,-20.939148,-20.939148,11.349548,0,11.349548,11.349548,-1.2738692,0,-1.2738692,-1.2738692,-4.4660931,0,-4.4660931,-4.4660931,-.37263802,0,-.37263802,-.37263802
-8,27,7.1194057,0,7.1194057,7.1194057,-20.879492,0,-20.879492,-20.879492,11.317214,0,11.317214,11.317214,-1.2702399,0,-1.2702399,-1.2702399,-4.4533687,0,-4.4533687,-4.4533687,-.37157637,0,-.37157637,-.37157637
-7.9,27,7.0990648,0,7.0990648,7.0990648,-20.819838,0,-20.819838,-20.819838,11.284879,0,11.284879,11.284879,-1.2666106,0,-1.2666106,-1.2666106,-4.4406452,0,-4.4406452,-4.4406452,-.37051472,0,-.37051472,-.37051472
-7.8,27,7.0787239,0,7.0787239,7.0787239,-20.760181,0,-20.760181,-20.760181,11.252544,0,11.252544,11.252544,-1.2629814,0,-1.2629814,-1.2629814,-4.4279213,0,-4.4279213,-4.4279213,-.36945307,0,-.36945307,-.36945307
-7.7,27,7.0583825,0,7.0583825,7.0583825,-20.700525,0,-20.700525,-20.700525,11.220209,0,11.220209,11.220209,-1.2593521,0,-1.2593521,-1.2593521,-4.4151969,0,-4.4151969,-4.4151969,-.36839142,0,-.36839142,-.36839142
-7.6,27,7.0380411,0,7.0380411,7.0380411,-20.640869,0,-20.640869,-20.640869,11.187874,0,11.187874,11.187874,-1.2557229,0,-1.2557229,-1.2557229,-4.4024734,0,-4.4024734,-4.4024734,-.36732978,0,-.36732978,-.36732978
-7.5,27,7.0177002,0,7.0177002,7.0177002,-20.581213,0,-20.581213,-20.581213,11.15554,0,11.15554,11.15554,-1.2520937,0,-1.2520937,-1.2520937,-4.3897495,0,-4.3897495,-4.3897495,-.36626813,0,-.36626813,-.36626813
-7.4,27,6.9973588,0,6.9973588,6.9973588,-20.521559,0,-20.521559,-20.521559,11.123204,0,11.123204,11.123204,-1.2484643,0,-1.2484643,-1.2484643,-4.3770256,0,-4.3770256,-4.3770256,-.36520648,0,-.36520648,-.36520648
-7.3,27,6.9770179,0,6.9770179,6.9770179,-20.461903,0,-20.461903,-20.461903,11.09087,0,11.09087,11.09087,-1.2448351,0,-1.2448351,-1.2448351,-4.3643017,0,-4.3643017,-4.3643017,-.36414483,0,-.36414483,-.36414483
-7.2,27,6.9566765,0,6.9566765,6.9566765,-20.402246,0,-20.402246,-20.402246,11.058535,0,11.058535,11.058535,-1.2412058,0,-1.2412058,-1.2412058,-4.3515778,0,-4.3515778,-4.3515778,-.36308318,0,-.36308318,-.36308318
-7.1,27,6.9363356,0,6.9363356,6.9363356,-20.34259,0,-20.34259,-20.34259,11.026199,0,11.026199,11.026199,-1.2375766,0,-1.2375766,-1.2375766,-4.3388538,0,-4.3388538,-4.3388538,-.36202154,0,-.36202154,-.36202154
-7,27,6.9159942,0,6.9159942,6.9159942,-20.282936,0,-20.282936,-20.282936,10.993865,0,10.993865,10.993865,-1.2339474,0,-1.2339474,-1.2339474,-4.3261299,0,-4.3261299,-4.3261299,-.36095989,0,-.36095989,-.36095989
-6.9,27,6.8956532,0,6.8956532,6.8956532,-20.22328,0,-20.22328,-20.22328,10.96153,0,10.96153,10.96153,-1.2303181,0,-1.2303181,-1.2303181,-4.313406,0,-4.313406,-4.313406,-.35989824,0,-.35989824,-.35989824
-6.8,27,6.8753119,0,6.8753119,6.8753119,-20.163624,0,-20.163624,-20.163624,10.929195,0,10.929195,10.929195,-1.2266889,0,-1.2266889,-1.2266889,-4.3006821,0,-4.3006821,-4.3006821,-.35883659,0,-.35883659,-.35883659
-6.7,27,6.8549709,0,6.8549709,6.8549709,-20.103968,0,-20.103968,-20.103968,10.89686,0,10.89686,10.89686,-1.2230595,0,-1.2230595,-1.2230595,-4.2879581,0,-4.2879581,-4.2879581,-.35777494,0,-.35777494,-.35777494
-6.6,27,6.8346295,0,6.8346295,6.8346295,-20.044313,0,-20.044313,-20.044313,10.864525,0,10.864525,10.864525,-1.2194303,0,-1.2194303,-1.2194303,-4.2752342,0,-4.2752342,-4.2752342,-.35671329,0,-.35671329,-.35671329
-6.5,27,6.8142886,0,6.8142886,6.8142886,-19.984657,0,-19.984657,-19.984657,10.832191,0,10.832191,10.832191,-1.2158011,0,-1.2158011,-1.2158011,-4.2625103,0,-4.2625103,-4.2625103,-.35565165,0,-.35565165,-.35565165
-6.4,27,6.7939472,0,6.7939472,6.7939472,-19.925001,0,-19.925001,-19.925001,10.799855,0,10.799855,10.799855,-1.2121718,0,-1.2121718,-1.2121718,-4.2497864,0,-4.2497864,-4.2497864,-.35459,0,-.35459,-.35459
-6.3,27,6.7736063,0,6.7736063,6.7736063,-19.865345,0,-19.865345,-19.865345,10.767521,0,10.767521,10.767521,-1.2085426,0,-1.2085426,-1.2085426,-4.2370625,0,-4.2370625,-4.2370625,-.35352838,0,-.35352838,-.35352838
-6.2,27,6.7532649,0,6.7532649,6.7532649,-19.805689,0,-19.805689,-19.805689,10.735186,0,10.735186,10.735186,-1.2049133,0,-1.2049133,-1.2049133,-4.2243385,0,-4.2243385,-4.2243385,-.3524667,0,-.3524667,-.3524667
-6.1,27,6.732924,0,6.732924,6.732924,-19.746035,0,-19.746035,-19.746035,10.70285,0,10.70285,10.70285,-1.2012841,0,-1.2012841,-1.2012841,-4.2116146,0,-4.2116146,-4.2116146,-.35140508,0,-.35140508,-.35140508
-6,27,6.7125826,0,6.7125826,6.7125826,-19.686378,0,-19.686378,-19.686378,10.670516,0,10.670516,10.670516,-1.1976547,0,-1.1976547,-1.1976547,-4.1988907,0,-4.1988907,-4.1988907,-.35034344,0,-.35034344,-.35034344
-5.9,27,6.6922417,0,6.6922417,6.6922417,-19.626722,0,-19.626722,-19.626722,10.638181,0,10.638181,10.638181,-1.1940255,0,-1.1940255,-1.1940255,-4.1861668,0,-4.1861668,-4.1861668,-.34928179,0,-.34928179,-.34928179
-5.8,27,6.6719003,0,6.6719003,6.6719003,-19.567068,0,-19.567068,-19.567068,10.605846,0,10.605846,10.605846,-1.1903963,0,-1.1903963,-1.1903963,-4.1734428,0,-4.1734428,-4.1734428,-.34822014,0,-.34822014,-.34822014
-5.7,27,6.6515594,0,6.6515594,6.6515594,-19.507412,0,-19.507412,-19.507412,10.573511,0,10.573511,10.573511,-1.186767,0,-1.186767,-1.186767,-4.1607189,0,-4.1607189,-4.1607189,-.34715849,0,-.34715849,-.34715849
-5.6,27,6.631218,0,6.631218,6.631218,-19.447756,0,-19.447756,-19.447756,10.541176,0,10.541176,10.541176,-1.1831378,0,-1.1831378,-1.1831378,-4.147995,0,-4.147995,-4.147995,-.34609684,0,-.34609684,-.34609684
-5.5,27,6.610877,0,6.610877,6.610877,-19.3881,0,-19.3881,-19.3881,10.508842,0,10.508842,10.508842,-1.1795084,0,-1.1795084,-1.1795084,-4.1352711,0,-4.1352711,-4.1352711,-.3450352,0,-.3450352,-.3450352
-5.4,27,6.5905356,0,6.5905356,6.5905356,-19.328444,0,-19.328444,-19.328444,10.476506,0,10.476506,10.476506,-1.1758792,0,-1.1758792,-1.1758792,-4.1225471,0,-4.1225471,-4.1225471,-.34397355,0,-.34397355,-.34397355
-5.3,27,6.5701947,0,6.5701947,6.5701947,-19.268789,0,-19.268789,-19.268789,10.444172,0,10.444172,10.444172,-1.17225,0,-1.17225,-1.17225,-4.1098232,0,-4.1098232,-4.1098232,-.3429119,0,-.3429119,-.3429119
-5.2,27,6.5498533,0,6.5498533,6.5498533,-19.209133,0,-19.209133,-19.209133,10.411837,0,10.411837,10.411837,-1.1686207,0,-1.1686207,-1.1686207,-4.0970993,0,-4.0970993,-4.0970993,-.34185025,0,-.34185025,-.34185025
-5.1,27,6.5295124,0,6.5295124,6.5295124,-19.149477,0,-19.149477,-19.149477,10.379501,0,10.379501,10.379501,-1.1649915,0,-1.1649915,-1.1649915,-4.0843754,0,-4.0843754,-4.0843754,-.3407886,0,-.3407886,-.3407886
-5,27,6.509171,0,6.509171,6.509171,-19.089821,0,-19.089821,-19.089821,10.347167,0,10.347167,10.347167,-1.1613622,0,-1.1613622,-1.1613622,-4.0716515,0,-4.0716515,-4.0716515,-.33972695,0,-.33972695,-.33972695
-4.9,27,6.4888301,0,6.4888301,6.4888301,-19.030167,0,-19.030167,-19.030167,10.314832,0,10.314832,10.314832,-1.157733,0,-1.157733,-1.157733,-4.0589275,0,-4.0589275,-4.0589275,-.33866531,0,-.33866531,-.33866531
-4.8,27,6.4684887,0,6.4684887,6.4684887,-18.97051,0,-18.97051,-18.97051,10.282497,0,10.282497,10.282497,-1.1541038,0,-1.1541038,-1.1541038,-4.0462036,0,-4.0462036,-4.0462036,-.33760366,0,-.33760366,-.33760366
-4.7,27,6.4481478,0,6.4481478,6.4481478,-18.910854,0,-18.910854,-18.910854,10.250162,0,10.250162,10.250162,-1.1504744,0,-1.1504744,-1.1504744,-4.0334797,0,-4.0334797,-4.0334797,-.33654201,0,-.33654201,-.33654201
-4.6,27,6.4278064,0,6.4278064,6.4278064,-18.851198,0,-18.851198,-18.851198,10.217827,0,10.217827,10.217827,-1.1468452,0,-1.1468452,-1.1468452,-4.0207558,0,-4.0207558,-4.0207558,-.33548036,0,-.33548036,-.33548036
-4.5,27,6.4074655,0,6.4074655,6.4074655,-18.791544,0,-18.791544,-18.791544,10.185493,0,10.185493,10.185493,-1.1432159,0,-1.1432159,-1.1432159,-4.0080318,0,-4.0080318,-4.0080318,-.33441871,0,-.33441871,-.33441871
-4.4,27,6.3871241,0,6.3871241,6.3871241,-18.731888,0,-18.731888,-18.731888,10.153157,0,10.153157,10.153157,-1.1395867,0,-1.1395867,-1.1395867,-3.9953082,0,-3.9953082,-3.9953082,-.33335707,0,-.33335707,-.33335707
-4.3,27,6.3667831,0,6.3667831,6.3667831,-18.672232,0,-18.672232,-18.672232,10.120823,0,10.120823,10.120823,-1.1359575,0,-1.1359575,-1.1359575,-3.9825842,0,-3.9825842,-3.9825842,-.33229542,0,-.33229542,-.33229542
-4.2,27,6.3464417,0,6.3464417,6.3464417,-18.612576,0,-18.612576,-18.612576,10.088488,0,10.088488,10.088488,-1.1323282,0,-1.1323282,-1.1323282,-3.9698603,0,-3.9698603,-3.9698603,-.33123377,0,-.33123377,-.33123377
-4.1,27,6.3261008,0,6.3261008,6.3261008,-18.552919,0,-18.552919,-18.552919,10.056152,0,10.056152,10.056152,-1.1286989,0,-1.1286989,-1.1286989,-3.9571364,0,-3.9571364,-3.9571364,-.33017212,0,-.33017212,-.33017212
-4,27,6.3057594,0,6.3057594,6.3057594,-18.493265,0,-18.493265,-18.493265,10.023818,0,10.023818,10.023818,-1.1250696,0,-1.1250696,-1.1250696,-3.9444125,0,-3.9444125,-3.9444125,-.3291105,0,-.3291105,-.3291105
-3.9,27,6.2854185,0,6.2854185,6.2854185,-18.433609,0,-18.433609,-18.433609,9.9914827,0,9.9914827,9.9914827,-1.1214404,0,-1.1214404,-1.1214404,-3.9316885,0,-3.9316885,-3.9316885,-.32804886,0,-.32804886,-.32804886
-3.8,27,6.2650771,0,6.2650771,6.2650771,-18.373953,0,-18.373953,-18.373953,9.9591484,0,9.9591484,9.9591484,-1.1178111,0,-1.1178111,-1.1178111,-3.9189646,0,-3.9189646,-3.9189646,-.32698721,0,-.32698721,-.32698721
-3.7,27,6.2447362,0,6.2447362,6.2447362,-18.314297,0,-18.314297,-18.314297,9.9268131,0,9.9268131,9.9268131,-1.1141819,0,-1.1141819,-1.1141819,-3.9062407,0,-3.9062407,-3.9062407,-.32592556,0,-.32592556,-.32592556
-3.6,27,6.2243948,0,6.2243948,6.2243948,-18.254642,0,-18.254642,-18.254642,9.8944778,0,9.8944778,9.8944778,-1.1105527,0,-1.1105527,-1.1105527,-3.8935168,0,-3.8935168,-3.8935168,-.32486391,0,-.32486391,-.32486391
-3.5,27,6.2040539,0,6.2040539,6.2040539,-18.194986,0,-18.194986,-18.194986,9.8621435,0,9.8621435,9.8621435,-1.1069233,0,-1.1069233,-1.1069233,-3.8807929,0,-3.8807929,-3.8807929,-.32380226,0,-.32380226,-.32380226
-3.4,27,6.1837125,0,6.1837125,6.1837125,-18.13533,0,-18.13533,-18.13533,9.8298082,0,9.8298082,9.8298082,-1.1032941,0,-1.1032941,-1.1032941,-3.8680689,0,-3.8680689,-3.8680689,-.32274061,0,-.32274061,-.32274061
-3.3,27,6.1633716,0,6.1633716,6.1633716,-18.075674,0,-18.075674,-18.075674,9.7974739,0,9.7974739,9.7974739,-1.0996648,0,-1.0996648,-1.0996648,-3.855345,0,-3.855345,-3.855345,-.32167897,0,-.32167897,-.32167897
-3.2,27,6.1430302,0,6.1430302,6.1430302,-18.01602,0,-18.01602,-18.01602,9.7651386,0,9.7651386,9.7651386,-1.0960356,0,-1.0960356,-1.0960356,-3.8426211,0,-3.8426211,-3.8426211,-.32061732,0,-.32061732,-.32061732
-3.1,27,6.1226892,0,6.1226892,6.1226892,-17.956364,0,-17.956364,-17.956364,9.7328033,0,9.7328033,9.7328033,-1.0924063,0,-1.0924063,-1.0924063,-3.8298972,0,-3.8298972,-3.8298972,-.31955567,0,-.31955567,-.31955567
-3,27,6.1023479,0,6.1023479,6.1023479,-17.896708,0,-17.896708,-17.896708,9.700469,0,9.700469,9.700469,-1.0887771,0,-1.0887771,-1.0887771,-3.8171732,0,-3.8171732,-3.8171732,-.31849402,0,-.31849402,-.31849402
-2.9,27,6.0820069,0,6.0820069,6.0820069,-17.837051,0,-17.837051,-17.837051,9.6681337,0,9.6681337,9.6681337,-1.0851479,0,-1.0851479,-1.0851479,-3.8044493,0,-3.8044493,-3.8044493,-.31743237,0,-.31743237,-.31743237
-2.8,27,6.0616655,0,6.0616655,6.0616655,-17.777397,0,-17.777397,-17.777397,9.6357994,0,9.6357994,9.6357994,-1.0815185,0,-1.0815185,-1.0815185,-3.7917254,0,-3.7917254,-3.7917254,-.31637073,0,-.31637073,-.31637073
-2.7,27,6.0413246,0,6.0413246,6.0413246,-17.717741,0,-17.717741,-17.717741,9.6034641,0,9.6034641,9.6034641,-1.0778893,0,-1.0778893,-1.0778893,-3.7790017,0,-3.7790017,-3.7790017,-.31530908,0,-.31530908,-.31530908
-2.6,27,6.0209832,0,6.0209832,6.0209832,-17.658085,0,-17.658085,-17.658085,9.5711288,0,9.5711288,9.5711288,-1.07426,0,-1.07426,-1.07426,-3.7662778,0,-3.7662778,-3.7662778,-.31424743,0,-.31424743,-.31424743
-2.5,27,6.0006423,0,6.0006423,6.0006423,-17.598429,0,-17.598429,-17.598429,9.5387945,0,9.5387945,9.5387945,-1.0706308,0,-1.0706308,-1.0706308,-3.7535539,0,-3.7535539,-3.7535539,-.31318578,0,-.31318578,-.31318578
-2.4,27,5.9803009,0,5.9803009,5.9803009,-17.538774,0,-17.538774,-17.538774,9.5064592,0,9.5064592,9.5064592,-1.0670016,0,-1.0670016,-1.0670016,-3.7408299,0,-3.7408299,-3.7408299,-.31212413,0,-.31212413,-.31212413
-2.3,27,5.95996,0,5.95996,5.95996,-17.479118,0,-17.479118,-17.479118,9.4741249,0,9.4741249,9.4741249,-1.0633723,0,-1.0633723,-1.0633723,-3.728106,0,-3.728106,-3.728106,-.31106248,0,-.31106248,-.31106248
-2.2,27,5.9396186,0,5.9396186,5.9396186,-17.419462,0,-17.419462,-17.419462,9.4417896,0,9.4417896,9.4417896,-1.059743,0,-1.059743,-1.059743,-3.7153821,0,-3.7153821,-3.7153821,-.31000084,0,-.31000084,-.31000084
-2.1,27,5.9192777,0,5.9192777,5.9192777,-17.359806,0,-17.359806,-17.359806,9.4094553,0,9.4094553,9.4094553,-1.0561137,0,-1.0561137,-1.0561137,-3.7026582,0,-3.7026582,-3.7026582,-.30893919,0,-.30893919,-.30893919
-2,27,5.8989363,0,5.8989363,5.8989363,-17.30015,0,-17.30015,-17.30015,9.37712,0,9.37712,9.37712,-1.0524845,0,-1.0524845,-1.0524845,-3.6899343,0,-3.6899343,-3.6899343,-.30787754,0,-.30787754,-.30787754
-1.9,27,5.8785954,0,5.8785954,5.8785954,-17.240496,0,-17.240496,-17.240496,9.3447847,0,9.3447847,9.3447847,-1.0488553,0,-1.0488553,-1.0488553,-3.6772103,0,-3.6772103,-3.6772103,-.30681592,0,-.30681592,-.30681592
-1.8,27,5.858254,0,5.858254,5.858254,-17.18084,0,-17.18084,-17.18084,9.3124504,0,9.3124504,9.3124504,-1.045226,0,-1.045226,-1.045226,-3.6644864,0,-3.6644864,-3.6644864,-.30575427,0,-.30575427,-.30575427
-1.7,27,5.837913,0,5.837913,5.837913,-17.121183,0,-17.121183,-17.121183,9.2801151,0,9.2801151,9.2801151,-1.0415968,0,-1.0415968,-1.0415968,-3.6517625,0,-3.6517625,-3.6517625,-.30469263,0,-.30469263,-.30469263
-1.6,27,5.8175716,0,5.8175716,5.8175716,-17.061527,0,-17.061527,-17.061527,9.2477808,0,9.2477808,9.2477808,-1.0379674,0,-1.0379674,-1.0379674,-3.6390386,0,-3.6390386,-3.6390386,-.30363098,0,-.30363098,-.30363098
-1.5,27,5.7972307,0,5.7972307,5.7972307,-17.001873,0,-17.001873,-17.001873,9.2154455,0,9.2154455,9.2154455,-1.0343382,0,-1.0343382,-1.0343382,-3.6263146,0,-3.6263146,-3.6263146,-.30256933,0,-.30256933,-.30256933
-1.4,27,5.7768893,0,5.7768893,5.7768893,-16.942217,0,-16.942217,-16.942217,9.1831102,0,9.1831102,9.1831102,-1.0307089,0,-1.0307089,-1.0307089,-3.6135907,0,-3.6135907,-3.6135907,-.30150768,0,-.30150768,-.30150768
-1.3,27,5.7565484,0,5.7565484,5.7565484,-16.882561,0,-16.882561,-16.882561,9.1507759,0,9.1507759,9.1507759,-1.0270797,0,-1.0270797,-1.0270797,-3.6008668,0,-3.6008668,-3.6008668,-.30044603,0,-.30044603,-.30044603
-1.2,27,5.736207,0,5.736207,5.736207,-16.822905,0,-16.822905,-16.822905,9.1184406,0,9.1184406,9.1184406,-1.0234505,0,-1.0234505,-1.0234505,-3.5881429,0,-3.5881429,-3.5881429,-.29938439,0,-.29938439,-.29938439
-1.1,27,5.7158661,0,5.7158661,5.7158661,-16.76325,0,-16.76325,-16.76325,9.0861063,0,9.0861063,9.0861063,-1.0198212,0,-1.0198212,-1.0198212,-3.5754189,0,-3.5754189,-3.5754189,-.29832274,0,-.29832274,-.29832274
-1,27,5.6955247,0,5.6955247,5.6955247,-16.703594,0,-16.703594,-16.703594,9.053771,0,9.053771,9.053771,-1.016192,0,-1.016192,-1.016192,-3.562695,0,-3.562695,-3.562695,-.29726109,0,-.29726109,-.29726109
-.9,27,5.6751838,0,5.6751838,5.6751838,-16.643938,0,-16.643938,-16.643938,9.0214357,0,9.0214357,9.0214357,-1.0125626,0,-1.0125626,-1.0125626,-3.5499711,0,-3.5499711,-3.5499711,-.29619944,0,-.29619944,-.29619944
-.8,27,5.6548424,0,5.6548424,5.6548424,-16.584282,0,-16.584282,-16.584282,8.9891014,0,8.9891014,8.9891014,-1.0089334,0,-1.0089334,-1.0089334,-3.5372472,0,-3.5372472,-3.5372472,-.29513779,0,-.29513779,-.29513779
-.7,27,5.6345015,0,5.6345015,5.6345015,-16.524628,0,-16.524628,-16.524628,8.9567661,0,8.9567661,8.9567661,-1.0053042,0,-1.0053042,-1.0053042,-3.5245233,0,-3.5245233,-3.5245233,-.29407614,0,-.29407614,-.29407614
-.6,27,5.6141601,0,5.6141601,5.6141601,-16.464972,0,-16.464972,-16.464972,8.9244318,0,8.9244318,8.9244318,-1.0016749,0,-1.0016749,-1.0016749,-3.5117996,0,-3.5117996,-3.5117996,-.2930145,0,-.2930145,-.2930145
-.5,27,5.5938191,0,5.5938191,5.5938191,-16.405315,0,-16.405315,-16.405315,8.8920965,0,8.8920965,8.8920965,-.99804562,0,-.99804562,-.99804562,-3.4990757,0,-3.4990757,-3.4990757,-.29195285,0,-.29195285,-.29195285
-.4,27,5.5734777,0,5.5734777,5.5734777,-16.345659,0,-16.345659,-16.345659,8.8597612,0,8.8597612,8.8597612,-.99441642,0,-.99441642,-.99441642,-3.4863517,0,-3.4863517,-3.4863517,-.2908912,0,-.2908912,-.2908912
-.3,27,5.5531368,0,5.5531368,5.5531368,-16.286003,0,-16.286003,-16.286003,8.8274269,0,8.8274269,8.8274269,-.99078715,0,-.99078715,-.99078715,-3.4736278,0,-3.4736278,-3.4736278,-.28982955,0,-.28982955,-.28982955
-.2,27,5.5327954,0,5.5327954,5.5327954,-16.226349,0,-16.226349,-16.226349,8.7950916,0,8.7950916,8.7950916,-.98715788,0,-.98715788,-.98715788,-3.4609039,0,-3.4609039,-3.4609039,-.2887679,0,-.2887679,-.2887679
-.1,27,5.5124545,0,5.5124545,5.5124545,-16.166693,0,-16.166693,-16.166693,8.7627573,0,8.7627573,8.7627573,-.98352861,0,-.98352861,-.98352861,-3.44818,0,-3.44818,-3.44818,-.28770626,0,-.28770626,-.28770626
0,27,5.4921131,0,5.4921131,5.4921131,-16.107037,0,-16.107037,-16.107037,8.730422,0,8.730422,8.730422,-.97989935,0,-.97989935,-.97989935,-3.435456,0,-3.435456,-3.435456,-.28664461,0,-.28664461,-.28664461
.1,27,5.4717722,0,5.4717722,5.4717722,-16.04738,0,-16.04738,-16.04738,8.6980867,0,8.6980867,8.6980867,-.97627014,0,-.97627014,-.97627014,-3.4227321,0,-3.4227321,-3.4227321,-.28558296,0,-.28558296,-.28558296
.2,27,5.4514308,0,5.4514308,5.4514308,-15.987725,0,-15.987725,-15.987725,8.6657524,0,8.6657524,8.6657524,-.97264087,0,-.97264087,-.97264087,-3.4100082,0,-3.4100082,-3.4100082,-.28452134,0,-.28452134,-.28452134
.3,27,5.4310899,0,5.4310899,5.4310899,-15.92807,0,-15.92807,-15.92807,8.6334171,0,8.6334171,8.6334171,-.9690116,0,-.9690116,-.9690116,-3.3972843,0,-3.3972843,-3.3972843,-.28345969,0,-.28345969,-.28345969
.4,27,5.4107485,0,5.4107485,5.4107485,-15.868414,0,-15.868414,-15.868414,8.6010828,0,8.6010828,8.6010828,-.96538234,0,-.96538234,-.96538234,-3.3845603,0,-3.3845603,-3.3845603,-.28239805,0,-.28239805,-.28239805
.5,27,5.3904076,0,5.3904076,5.3904076,-15.808759,0,-15.808759,-15.808759,8.5687475,0,8.5687475,8.5687475,-.96175307,0,-.96175307,-.96175307,-3.3718364,0,-3.3718364,-3.3718364,-.2813364,0,-.2813364,-.2813364
.6,27,5.3700662,0,5.3700662,5.3700662,-15.749103,0,-15.749103,-15.749103,8.5364122,0,8.5364122,8.5364122,-.9581238,0,-.9581238,-.9581238,-3.3591125,0,-3.3591125,-3.3591125,-.28027475,0,-.28027475,-.28027475
.7,27,5.3497252,0,5.3497252,5.3497252,-15.689447,0,-15.689447,-15.689447,8.5040779,0,8.5040779,8.5040779,-.9544946,0,-.9544946,-.9544946,-3.3463886,0,-3.3463886,-3.3463886,-.2792131,0,-.2792131,-.2792131
.8,27,5.3293839,0,5.3293839,5.3293839,-15.629791,0,-15.629791,-15.629791,8.4717426,0,8.4717426,8.4717426,-.95086533,0,-.95086533,-.95086533,-3.3336647,0,-3.3336647,-3.3336647,-.27815145,0,-.27815145,-.27815145
.9,27,5.3090429,0,5.3090429,5.3090429,-15.570136,0,-15.570136,-15.570136,8.4394083,0,8.4394083,8.4394083,-.94723606,0,-.94723606,-.94723606,-3.3209407,0,-3.3209407,-3.3209407,-.2770898,0,-.2770898,-.2770898
1,27,5.2887015,0,5.2887015,5.2887015,-15.51048,0,-15.51048,-15.51048,8.407073,0,8.407073,8.407073,-.94360679,0,-.94360679,-.94360679,-3.3082168,0,-3.3082168,-3.3082168,-.27602816,0,-.27602816,-.27602816
1.1,27,5.2683606,0,5.2683606,5.2683606,-15.450825,0,-15.450825,-15.450825,8.3747377,0,8.3747377,8.3747377,-.93997753,0,-.93997753,-.93997753,-3.2954929,0,-3.2954929,-3.2954929,-.27496651,0,-.27496651,-.27496651
1.2,27,5.2480192,0,5.2480192,5.2480192,-15.391169,0,-15.391169,-15.391169,8.3424034,0,8.3424034,8.3424034,-.93634826,0,-.93634826,-.93634826,-3.282769,0,-3.282769,-3.282769,-.27390486,0,-.27390486,-.27390486
1.3,27,5.2276783,0,5.2276783,5.2276783,-15.331513,0,-15.331513,-15.331513,8.3100681,0,8.3100681,8.3100681,-.93271905,0,-.93271905,-.93271905,-3.270045,0,-3.270045,-3.270045,-.27284321,0,-.27284321,-.27284321
1.4,27,5.2073369,0,5.2073369,5.2073369,-15.271857,0,-15.271857,-15.271857,8.2777338,0,8.2777338,8.2777338,-.92908978,0,-.92908978,-.92908978,-3.2573214,0,-3.2573214,-3.2573214,-.27178156,0,-.27178156,-.27178156
1.5,27,5.186996,0,5.186996,5.186996,-15.212201,0,-15.212201,-15.212201,8.2453985,0,8.2453985,8.2453985,-.92546052,0,-.92546052,-.92546052,-3.2445974,0,-3.2445974,-3.2445974,-.27071992,0,-.27071992,-.27071992
1.6,27,5.1666546,0,5.1666546,5.1666546,-15.152546,0,-15.152546,-15.152546,8.2130632,0,8.2130632,8.2130632,-.92183125,0,-.92183125,-.92183125,-3.2318735,0,-3.2318735,-3.2318735,-.26965827,0,-.26965827,-.26965827
1.7,27,5.1463137,0,5.1463137,5.1463137,-15.09289,0,-15.09289,-15.09289,8.1807289,0,8.1807289,8.1807289,-.91820198,0,-.91820198,-.91820198,-3.2191496,0,-3.2191496,-3.2191496,-.26859662,0,-.26859662,-.26859662
1.8,27,5.1259723,0,5.1259723,5.1259723,-15.033235,0,-15.033235,-15.033235,8.1483936,0,8.1483936,8.1483936,-.91457272,0,-.91457272,-.91457272,-3.2064257,0,-3.2064257,-3.2064257,-.26753497,0,-.26753497,-.26753497
1.9,27,5.1056314,0,5.1056314,5.1056314,-14.973578,0,-14.973578,-14.973578,8.1160593,0,8.1160593,8.1160593,-.91094351,0,-.91094351,-.91094351,-3.1937017,0,-3.1937017,-3.1937017,-.26647332,0,-.26647332,-.26647332
2,27,5.08529,0,5.08529,5.08529,-14.913923,0,-14.913923,-14.913923,8.083724,0,8.083724,8.083724,-.90731424,0,-.90731424,-.90731424,-3.1809778,0,-3.1809778,-3.1809778,-.26541167,0,-.26541167,-.26541167
2.1,27,5.064949,0,5.064949,5.064949,-14.854267,0,-14.854267,-14.854267,8.0513897,0,8.0513897,8.0513897,-.90368497,0,-.90368497,-.90368497,-3.1682539,0,-3.1682539,-3.1682539,-.26435003,0,-.26435003,-.26435003
2.2,27,5.0446076,0,5.0446076,5.0446076,-14.794612,0,-14.794612,-14.794612,8.0190544,0,8.0190544,8.0190544,-.90005571,0,-.90005571,-.90005571,-3.15553,0,-3.15553,-3.15553,-.26328838,0,-.26328838,-.26328838
2.3,27,5.0242667,0,5.0242667,5.0242667,-14.734956,0,-14.734956,-14.734956,7.9867196,0,7.9867196,7.9867196,-.89642644,0,-.89642644,-.89642644,-3.1428061,0,-3.1428061,-3.1428061,-.26222673,0,-.26222673,-.26222673
2.4,27,5.0039253,0,5.0039253,5.0039253,-14.675301,0,-14.675301,-14.675301,7.9543843,0,7.9543843,7.9543843,-.89279717,0,-.89279717,-.89279717,-3.1300821,0,-3.1300821,-3.1300821,-.26116508,0,-.26116508,-.26116508
2.5,27,4.9835844,0,4.9835844,4.9835844,-14.615644,0,-14.615644,-14.615644,7.9220495,0,7.9220495,7.9220495,-.88916796,0,-.88916796,-.88916796,-3.1173582,0,-3.1173582,-3.1173582,-.26010346,0,-.26010346,-.26010346
2.6,27,4.963243,0,4.963243,4.963243,-14.555989,0,-14.555989,-14.555989,7.8897147,0,7.8897147,7.8897147,-.8855387,0,-.8855387,-.8855387,-3.1046343,0,-3.1046343,-3.1046343,-.25904182,0,-.25904182,-.25904182
2.7,27,4.9429016,0,4.9429016,4.9429016,-14.496333,0,-14.496333,-14.496333,7.8573799,0,7.8573799,7.8573799,-.88190943,0,-.88190943,-.88190943,-3.0919104,0,-3.0919104,-3.0919104,-.25798017,0,-.25798017,-.25798017
2.8,27,4.9225607,0,4.9225607,4.9225607,-14.436678,0,-14.436678,-14.436678,7.8250451,0,7.8250451,7.8250451,-.87828016,0,-.87828016,-.87828016,-3.0791864,0,-3.0791864,-3.0791864,-.25691852,0,-.25691852,-.25691852
2.9,27,4.9022193,0,4.9022193,4.9022193,-14.377022,0,-14.377022,-14.377022,7.7927098,0,7.7927098,7.7927098,-.8746509,0,-.8746509,-.8746509,-3.0664625,0,-3.0664625,-3.0664625,-.25585687,0,-.25585687,-.25585687
3,27,4.8818784,0,4.8818784,4.8818784,-14.317367,0,-14.317367,-14.317367,7.760375,0,7.760375,7.760375,-.87102169,0,-.87102169,-.87102169,-3.0537386,0,-3.0537386,-3.0537386,-.25479522,0,-.25479522,-.25479522
3.1,27,4.8615375,0,4.8615375,4.8615375,-14.25771,0,-14.25771,-14.25771,7.7280402,0,7.7280402,7.7280402,-.86739242,0,-.86739242,-.86739242,-3.0410147,0,-3.0410147,-3.0410147,-.25373358,0,-.25373358,-.25373358
3.2,27,4.8411961,0,4.8411961,4.8411961,-14.198054,0,-14.198054,-14.198054,7.6957054,0,7.6957054,7.6957054,-.86376315,0,-.86376315,-.86376315,-3.0282907,0,-3.0282907,-3.0282907,-.25267193,0,-.25267193,-.25267193
3.3,27,4.8208547,0,4.8208547,4.8208547,-14.138399,0,-14.138399,-14.138399,7.6633706,0,7.6633706,7.6633706,-.86013389,0,-.86013389,-.86013389,-3.0155668,0,-3.0155668,-3.0155668,-.25161028,0,-.25161028,-.25161028
3.4,27,4.8005137,0,4.8005137,4.8005137,-14.078743,0,-14.078743,-14.078743,7.6310353,0,7.6310353,7.6310353,-.85650462,0,-.85650462,-.85650462,-3.0028429,0,-3.0028429,-3.0028429,-.25054863,0,-.25054863,-.25054863
3.5,27,4.7801723,0,4.7801723,4.7801723,-14.019088,0,-14.019088,-14.019088,7.5987005,0,7.5987005,7.5987005,-.85287535,0,-.85287535,-.85287535,-2.9901192,0,-2.9901192,-2.9901192,-.24948698,0,-.24948698,-.24948698
3.6,27,4.7598314,0,4.7598314,4.7598314,-13.959432,0,-13.959432,-13.959432,7.5663657,0,7.5663657,7.5663657,-.84924614,0,-.84924614,-.84924614,-2.9773953,0,-2.9773953,-2.9773953,-.24842533,0,-.24842533,-.24842533
3.7,27,4.73949,0,4.73949,4.73949,-13.899776,0,-13.899776,-13.899776,7.5340309,0,7.5340309,7.5340309,-.84561688,0,-.84561688,-.84561688,-2.9646714,0,-2.9646714,-2.9646714,-.24736369,0,-.24736369,-.24736369
3.8,27,4.7191491,0,4.7191491,4.7191491,-13.84012,0,-13.84012,-13.84012,7.5016961,0,7.5016961,7.5016961,-.84198761,0,-.84198761,-.84198761,-2.9519475,0,-2.9519475,-2.9519475,-.24630204,0,-.24630204,-.24630204
3.9,27,4.6988077,0,4.6988077,4.6988077,-13.780465,0,-13.780465,-13.780465,7.4693608,0,7.4693608,7.4693608,-.83835834,0,-.83835834,-.83835834,-2.9392235,0,-2.9392235,-2.9392235,-.24524039,0,-.24524039,-.24524039
4,27,4.6784668,0,4.6784668,4.6784668,-13.720809,0,-13.720809,-13.720809,7.437026,0,7.437026,7.437026,-.83472908,0,-.83472908,-.83472908,-2.9264996,0,-2.9264996,-2.9264996,-.24417876,0,-.24417876,-.24417876
4.1,27,4.6581254,0,4.6581254,4.6581254,-13.661154,0,-13.661154,-13.661154,7.4046912,0,7.4046912,7.4046912,-.83109981,0,-.83109981,-.83109981,-2.9137757,0,-2.9137757,-2.9137757,-.24311711,0,-.24311711,-.24311711
4.2,27,4.6377845,0,4.6377845,4.6377845,-13.601498,0,-13.601498,-13.601498,7.3723564,0,7.3723564,7.3723564,-.8274706,0,-.8274706,-.8274706,-2.9010518,0,-2.9010518,-2.9010518,-.24205546,0,-.24205546,-.24205546
4.3,27,4.6174431,0,4.6174431,4.6174431,-13.541842,0,-13.541842,-13.541842,7.3400216,0,7.3400216,7.3400216,-.82384133,0,-.82384133,-.82384133,-2.8883278,0,-2.8883278,-2.8883278,-.24099381,0,-.24099381,-.24099381
4.4,27,4.5971022,0,4.5971022,4.5971022,-13.482186,0,-13.482186,-13.482186,7.3076863,0,7.3076863,7.3076863,-.82021207,0,-.82021207,-.82021207,-2.8756039,0,-2.8756039,-2.8756039,-.23993216,0,-.23993216,-.23993216
4.5,27,4.5767608,0,4.5767608,4.5767608,-13.422531,0,-13.422531,-13.422531,7.2753515,0,7.2753515,7.2753515,-.8165828,0,-.8165828,-.8165828,-2.86288,0,-2.86288,-2.86288,-.23887052,0,-.23887052,-.23887052
4.6,27,4.5564198,0,4.5564198,4.5564198,-13.362875,0,-13.362875,-13.362875,7.2430167,0,7.2430167,7.2430167,-.81295353,0,-.81295353,-.81295353,-2.8501561,0,-2.8501561,-2.8501561,-.23780887,0,-.23780887,-.23780887
4.7,27,4.5360785,0,4.5360785,4.5360785,-13.30322,0,-13.30322,-13.30322,7.2106819,0,7.2106819,7.2106819,-.80932432,0,-.80932432,-.80932432,-2.8374321,0,-2.8374321,-2.8374321,-.23674722,0,-.23674722,-.23674722
4.8,27,4.5157375,0,4.5157375,4.5157375,-13.243564,0,-13.243564,-13.243564,7.1783471,0,7.1783471,7.1783471,-.80569506,0,-.80569506,-.80569506,-2.8247082,0,-2.8247082,-2.8247082,-.23568557,0,-.23568557,-.23568557
4.9,27,4.4953961,0,4.4953961,4.4953961,-13.183908,0,-13.183908,-13.183908,7.1460123,0,7.1460123,7.1460123,-.80206579,0,-.80206579,-.80206579,-2.8119843,0,-2.8119843,-2.8119843,-.23462392,0,-.23462392,-.23462392
5,27,4.4750552,0,4.4750552,4.4750552,-13.124252,0,-13.124252,-13.124252,7.113677,0,7.113677,7.113677,-.79843652,0,-.79843652,-.79843652,-2.7992604,0,-2.7992604,-2.7992604,-.23356228,0,-.23356228,-.23356228
5.1,27,4.4547138,0,4.4547138,4.4547138,-13.064597,0,-13.064597,-13.064597,7.0813422,0,7.0813422,7.0813422,-.79480726,0,-.79480726,-.79480726,-2.7865365,0,-2.7865365,-2.7865365,-.23250064,0,-.23250064,-.23250064
5.2,27,4.4343729,0,4.4343729,4.4343729,-13.004941,0,-13.004941,-13.004941,7.0490074,0,7.0490074,7.0490074,-.79117799,0,-.79117799,-.79117799,-2.7738125,0,-2.7738125,-2.7738125,-.23143899,0,-.23143899,-.23143899
5.3,27,4.4140315,0,4.4140315,4.4140315,-12.945285,0,-12.945285,-12.945285,7.0166726,0,7.0166726,7.0166726,-.78754872,0,-.78754872,-.78754872,-2.7610886,0,-2.7610886,-2.7610886,-.23037735,0,-.23037735,-.23037735
5.4,27,4.3936906,0,4.3936906,4.3936906,-12.88563,0,-12.88563,-12.88563,6.9843378,0,6.9843378,6.9843378,-.78391951,0,-.78391951,-.78391951,-2.7483647,0,-2.7483647,-2.7483647,-.2293157,0,-.2293157,-.2293157
5.5,27,4.3733492,0,4.3733492,4.3733492,-12.825974,0,-12.825974,-12.825974,6.9520025,0,6.9520025,6.9520025,-.78029025,0,-.78029025,-.78029025,-2.735641,0,-2.735641,-2.735641,-.22825405,0,-.22825405,-.22825405
5.6,27,4.3530083,0,4.3530083,4.3530083,-12.766318,0,-12.766318,-12.766318,6.9196677,0,6.9196677,6.9196677,-.77666098,0,-.77666098,-.77666098,-2.7229171,0,-2.7229171,-2.7229171,-.2271924,0,-.2271924,-.2271924
5.7,27,4.3326669,0,4.3326669,4.3326669,-12.706662,0,-12.706662,-12.706662,6.8873329,0,6.8873329,6.8873329,-.77303171,0,-.77303171,-.77303171,-2.7101932,0,-2.7101932,-2.7101932,-.22613075,0,-.22613075,-.22613075
5.8,27,4.312326,0,4.312326,4.312326,-12.647007,0,-12.647007,-12.647007,6.8549981,0,6.8549981,6.8549981,-.76940244,0,-.76940244,-.76940244,-2.6974692,0,-2.6974692,-2.6974692,-.22506911,0,-.22506911,-.22506911
5.9,27,4.2919846,0,4.2919846,4.2919846,-12.587351,0,-12.587351,-12.587351,6.8226633,0,6.8226633,6.8226633,-.76577318,0,-.76577318,-.76577318,-2.6847453,0,-2.6847453,-2.6847453,-.22400746,0,-.22400746,-.22400746
6,27,4.2716436,0,4.2716436,4.2716436,-12.527696,0,-12.527696,-12.527696,6.790328,0,6.790328,6.790328,-.76214397,0,-.76214397,-.76214397,-2.6720214,0,-2.6720214,-2.6720214,-.22294581,0,-.22294581,-.22294581
6.1,27,4.2513022,0,4.2513022,4.2513022,-12.46804,0,-12.46804,-12.46804,6.7579932,0,6.7579932,6.7579932,-.7585147,0,-.7585147,-.7585147,-2.6592975,0,-2.6592975,-2.6592975,-.22188418,0,-.22188418,-.22188418
6.2,27,4.2309613,0,4.2309613,4.2309613,-12.408384,0,-12.408384,-12.408384,6.7256584,0,6.7256584,6.7256584,-.75488544,0,-.75488544,-.75488544,-2.6465735,0,-2.6465735,-2.6465735,-.22082253,0,-.22082253,-.22082253
6.3,27,4.2106199,0,4.2106199,4.2106199,-12.348728,0,-12.348728,-12.348728,6.6933236,0,6.6933236,6.6933236,-.75125617,0,-.75125617,-.75125617,-2.6338496,0,-2.6338496,-2.6338496,-.21976088,0,-.21976088,-.21976088
6.4,27,4.190279,0,4.190279,4.190279,-12.289073,0,-12.289073,-12.289073,6.6609888,0,6.6609888,6.6609888,-.7476269,0,-.7476269,-.7476269,-2.6211257,0,-2.6211257,-2.6211257,-.21869923,0,-.21869923,-.21869923
6.5,27,4.1699376,0,4.1699376,4.1699376,-12.229417,0,-12.229417,-12.229417,6.628654,0,6.628654,6.628654,-.74399769,0,-.74399769,-.74399769,-2.6084018,0,-2.6084018,-2.6084018,-.21763758,0,-.21763758,-.21763758
6.6,27,4.1495967,0,4.1495967,4.1495967,-12.169762,0,-12.169762,-12.169762,6.5963187,0,6.5963187,6.5963187,-.74036843,0,-.74036843,-.74036843,-2.5956779,0,-2.5956779,-2.5956779,-.21657594,0,-.21657594,-.21657594
6.7,27,4.1292553,0,4.1292553,4.1292553,-12.110106,0,-12.110106,-12.110106,6.5639839,0,6.5639839,6.5639839,-.73673916,0,-.73673916,-.73673916,-2.5829539,0,-2.5829539,-2.5829539,-.21551429,0,-.21551429,-.21551429
6.8,27,4.1089144,0,4.1089144,4.1089144,-12.050449,0,-12.050449,-12.050449,6.5316491,0,6.5316491,6.5316491,-.73310989,0,-.73310989,-.73310989,-2.57023,0,-2.57023,-2.57023,-.21445264,0,-.21445264,-.21445264
6.9,27,4.088573,0,4.088573,4.088573,-11.990794,0,-11.990794,-11.990794,6.4993143,0,6.4993143,6.4993143,-.72948062,0,-.72948062,-.72948062,-2.5575061,0,-2.5575061,-2.5575061,-.21339099,0,-.21339099,-.21339099
7,27,4.0682321,0,4.0682321,4.0682321,-11.931138,0,-11.931138,-11.931138,6.4669795,0,6.4669795,6.4669795,-.72585136,0,-.72585136,-.72585136,-2.5447822,0,-2.5447822,-2.5447822,-.21232934,0,-.21232934,-.21232934
7.1,27,4.0478907,0,4.0478907,4.0478907,-11.871483,0,-11.871483,-11.871483,6.4346442,0,6.4346442,6.4346442,-.72222215,0,-.72222215,-.72222215,-2.5320582,0,-2.5320582,-2.5320582,-.21126771,0,-.21126771,-.21126771
7.2,27,4.0275497,0,4.0275497,4.0275497,-11.811827,0,-11.811827,-11.811827,6.4023094,0,6.4023094,6.4023094,-.71859288,0,-.71859288,-.71859288,-2.5193343,0,-2.5193343,-2.5193343,-.21020606,0,-.21020606,-.21020606
7.3,27,4.0072083,0,4.0072083,4.0072083,-11.752172,0,-11.752172,-11.752172,6.3699746,0,6.3699746,6.3699746,-.71496361,0,-.71496361,-.71496361,-2.5066104,0,-2.5066104,-2.5066104,-.2091444,0,-.2091444,-.2091444
7.4,27,3.9868674,0,3.9868674,3.9868674,-11.692515,0,-11.692515,-11.692515,6.3376398,0,6.3376398,6.3376398,-.71133435,0,-.71133435,-.71133435,-2.4938865,0,-2.4938865,-2.4938865,-.20808277,0,-.20808277,-.20808277
7.5,27,3.9665263,0,3.9665263,3.9665263,-11.63286,0,-11.63286,-11.63286,6.305305,0,6.305305,6.305305,-.70770508,0,-.70770508,-.70770508,-2.4811625,0,-2.4811625,-2.4811625,-.20702112,0,-.20702112,-.20702112
7.6,27,3.9461851,0,3.9461851,3.9461851,-11.573204,0,-11.573204,-11.573204,6.2729697,0,6.2729697,6.2729697,-.70407587,0,-.70407587,-.70407587,-2.4684389,0,-2.4684389,-2.4684389,-.20595947,0,-.20595947,-.20595947
7.7,27,3.925844,0,3.925844,3.925844,-11.513549,0,-11.513549,-11.513549,6.2406349,0,6.2406349,6.2406349,-.70044661,0,-.70044661,-.70044661,-2.4557149,0,-2.4557149,-2.4557149,-.20489782,0,-.20489782,-.20489782
7.8,27,3.9055026,0,3.9055026,3.9055026,-11.453893,0,-11.453893,-11.453893,6.2083001,0,6.2083001,6.2083001,-.69681734,0,-.69681734,-.69681734,-2.442991,0,-2.442991,-2.442991,-.20383617,0,-.20383617,-.20383617
7.9,27,3.8851614,0,3.8851614,3.8851614,-11.394238,0,-11.394238,-11.394238,6.1759653,0,6.1759653,6.1759653,-.69318807,0,-.69318807,-.69318807,-2.4302671,0,-2.4302671,-2.4302671,-.20277452,0,-.20277452,-.20277452
8,27,3.8648205,0,3.8648205,3.8648205,-11.334581,0,-11.334581,-11.334581,6.1436305,0,6.1436305,6.1436305,-.6895588,0,-.6895588,-.6895588,-2.4175432,0,-2.4175432,-2.4175432,-.20171288,0,-.20171288,-.20171288
8.1,27,3.8444791,0,3.8444791,3.8444791,-11.274925,0,-11.274925,-11.274925,6.1112952,0,6.1112952,6.1112952,-.68592954,0,-.68592954,-.68592954,-2.4048193,0,-2.4048193,-2.4048193,-.20065123,0,-.20065123,-.20065123
8.199999999999999,27,3.8241382,0,3.8241382,3.8241382,-11.21527,0,-11.21527,-11.21527,6.0789604,0,6.0789604,6.0789604,-.68230033,0,-.68230033,-.68230033,-2.3920953,0,-2.3920953,-2.3920953,-.1995896,0,-.1995896,-.1995896
8.300000000000001,27,3.8037968,0,3.8037968,3.8037968,-11.155614,0,-11.155614,-11.155614,6.0466256,0,6.0466256,6.0466256,-.67867106,0,-.67867106,-.67867106,-2.3793714,0,-2.3793714,-2.3793714,-.19852793,0,-.19852793,-.19852793
8.4,27,3.7834558,0,3.7834558,3.7834558,-11.095959,0,-11.095959,-11.095959,6.0142908,0,6.0142908,6.0142908,-.67504179,0,-.67504179,-.67504179,-2.3666475,0,-2.3666475,-2.3666475,-.1974663,0,-.1974663,-.1974663
8.5,27,3.7631147,0,3.7631147,3.7631147,-11.036304,0,-11.036304,-11.036304,5.981956,0,5.981956,5.981956,-.67141253,0,-.67141253,-.67141253,-2.3539236,0,-2.3539236,-2.3539236,-.19640465,0,-.19640465,-.19640465
8.6,27,3.7427733,0,3.7427733,3.7427733,-10.976647,0,-10.976647,-10.976647,5.9496207,0,5.9496207,5.9496207,-.66778326,0,-.66778326,-.66778326,-2.3411996,0,-2.3411996,-2.3411996,-.195343,0,-.195343,-.195343
8.699999999999999,27,3.7224324,0,3.7224324,3.7224324,-10.916992,0,-10.916992,-10.916992,5.9172859,0,5.9172859,5.9172859,-.66415405,0,-.66415405,-.66415405,-2.3284757,0,-2.3284757,-2.3284757,-.19428135,0,-.19428135,-.19428135
8.800000000000001,27,3.702091,0,3.702091,3.702091,-10.857336,0,-10.857336,-10.857336,5.8849511,0,5.8849511,5.8849511,-.66052473,0,-.66052473,-.66052473,-2.3157518,0,-2.3157518,-2.3157518,-.19321971,0,-.19321971,-.19321971
8.9,27,3.6817501,0,3.6817501,3.6817501,-10.797681,0,-10.797681,-10.797681,5.8526163,0,5.8526163,5.8526163,-.65689552,0,-.65689552,-.65689552,-2.3030279,0,-2.3030279,-2.3030279,-.19215806,0,-.19215806,-.19215806
9,27,3.6614087,0,3.6614087,3.6614087,-10.738025,0,-10.738025,-10.738025,5.8202815,0,5.8202815,5.8202815,-.65326625,0,-.65326625,-.65326625,-2.2903039,0,-2.2903039,-2.2903039,-.19109641,0,-.19109641,-.19109641
9.1,27,3.6410675,0,3.6410675,3.6410675,-10.678369,0,-10.678369,-10.678369,5.7879462,0,5.7879462,5.7879462,-.64963698,0,-.64963698,-.64963698,-2.27758,0,-2.27758,-2.27758,-.19003476,0,-.19003476,-.19003476
9.199999999999999,27,3.6207266,0,3.6207266,3.6207266,-10.618713,0,-10.618713,-10.618713,5.7556114,0,5.7556114,5.7556114,-.64600772,0,-.64600772,-.64600772,-2.2648561,0,-2.2648561,-2.2648561,-.18897313,0,-.18897313,-.18897313
9.300000000000001,27,3.6003852,0,3.6003852,3.6003852,-10.559057,0,-10.559057,-10.559057,5.7232766,0,5.7232766,5.7232766,-.64237845,0,-.64237845,-.64237845,-2.2521322,0,-2.2521322,-2.2521322,-.18791147,0,-.18791147,-.18791147
9.4,27,3.5800443,0,3.5800443,3.5800443,-10.499402,0,-10.499402,-10.499402,5.6909418,0,5.6909418,5.6909418,-.63874924,0,-.63874924,-.63874924,-2.2394085,0,-2.2394085,-2.2394085,-.18684983,0,-.18684983,-.18684983
9.5,27,3.5597029,0,3.5597029,3.5597029,-10.439746,0,-10.439746,-10.439746,5.658607,0,5.658607,5.658607,-.63511997,0,-.63511997,-.63511997,-2.2266843,0,-2.2266843,-2.2266843,-.18578818,0,-.18578818,-.18578818
9.6,27,3.5393617,0,3.5393617,3.5393617,-10.38009,0,-10.38009,-10.38009,5.6262717,0,5.6262717,5.6262717,-.63149071,0,-.63149071,-.63149071,-2.2139604,0,-2.2139604,-2.2139604,-.18472654,0,-.18472654,-.18472654
9.699999999999999,27,3.5190208,0,3.5190208,3.5190208,-10.320435,0,-10.320435,-10.320435,5.5939369,0,5.5939369,5.5939369,-.62786144,0,-.62786144,-.62786144,-2.2012367,0,-2.2012367,-2.2012367,-.18366489,0,-.18366489,-.18366489
9.800000000000001,27,3.4986794,0,3.4986794,3.4986794,-10.260779,0,-10.260779,-10.260779,5.5616021,0,5.5616021,5.5616021,-.62423217,0,-.62423217,-.62423217,-2.1885128,0,-2.1885128,-2.1885128,-.18260324,0,-.18260324,-.18260324
9.9,27,3.4783385,0,3.4783385,3.4783385,-10.201123,0,-10.201123,-10.201123,5.5292673,0,5.5292673,5.5292673,-.62060297,0,-.62060297,-.62060297,-2.1757889,0,-2.1757889,-2.1757889,-.18154159,0,-.18154159,-.18154159
10,27,3.4579971,0,3.4579971,3.4579971,-10.141468,0,-10.141468,-10.141468,5.4969325,0,5.4969325,5.4969325,-.6169737,0,-.6169737,-.6169737,-2.163065,0,-2.163065,-2.163065,-.18047994,0,-.18047994,-.18047994
10.1,27,3.4376559,0,3.4376559,3.4376559,-10.081812,0,-10.081812,-10.081812,5.4645972,0,5.4645972,5.4645972,-.61334443,0,-.61334443,-.61334443,-2.150341,0,-2.150341,-2.150341,-.1794183,0,-.1794183,-.1794183
10.2,27,3.417315,0,3.417315,3.417315,-10.022157,0,-10.022157,-10.022157,5.4322629,0,5.4322629,5.4322629,-.60971516,0,-.60971516,-.60971516,-2.1376171,0,-2.1376171,-2.1376171,-.17835665,0,-.17835665,-.17835665
10.3,27,3.3969736,0,3.3969736,3.3969736,-9.9625006,0,-9.9625006,-9.9625006,5.3999276,0,5.3999276,5.3999276,-.6060859,0,-.6060859,-.6060859,-2.1248932,0,-2.1248932,-2.1248932,-.177295,0,-.177295,-.177295
10.4,27,3.3766327,0,3.3766327,3.3766327,-9.9028454,0,-9.9028454,-9.9028454,5.3675928,0,5.3675928,5.3675928,-.60245669,0,-.60245669,-.60245669,-2.1121693,0,-2.1121693,-2.1121693,-.17623337,0,-.17623337,-.17623337
10.5,27,3.3562913,0,3.3562913,3.3562913,-9.8431892,0,-9.8431892,-9.8431892,5.335258,0,5.335258,5.335258,-.59882736,0,-.59882736,-.59882736,-2.0994453,0,-2.0994453,-2.0994453,-.17517172,0,-.17517172,-.17517172
10.6,27,3.3359501,0,3.3359501,3.3359501,-9.7835331,0,-9.7835331,-9.7835331,5.3029227,0,5.3029227,5.3029227,-.59519809,0,-.59519809,-.59519809,-2.0867214,0,-2.0867214,-2.0867214,-.17411005,0,-.17411005,-.17411005
10.7,27,3.3156092,0,3.3156092,3.3156092,-9.7238779,0,-9.7238779,-9.7238779,5.2705884,0,5.2705884,5.2705884,-.59156889,0,-.59156889,-.59156889,-2.0739975,0,-2.0739975,-2.0739975,-.17304842,0,-.17304842,-.17304842
10.8,27,3.2952678,0,3.2952678,3.2952678,-9.6642218,0,-9.6642218,-9.6642218,5.2382531,0,5.2382531,5.2382531,-.58793962,0,-.58793962,-.58793962,-2.0612736,0,-2.0612736,-2.0612736,-.17198677,0,-.17198677,-.17198677
10.9,27,3.2749269,0,3.2749269,3.2749269,-9.6045666,0,-9.6045666,-9.6045666,5.2059183,0,5.2059183,5.2059183,-.58431035,0,-.58431035,-.58431035,-2.0485497,0,-2.0485497,-2.0485497,-.17092513,0,-.17092513,-.17092513
11,27,3.2545855,0,3.2545855,3.2545855,-9.5449104,0,-9.5449104,-9.5449104,5.1735835,0,5.1735835,5.1735835,-.58068109,0,-.58068109,-.58068109,-2.0358257,0,-2.0358257,-2.0358257,-.16986348,0,-.16986348,-.16986348
11.1,27,3.2342443,0,3.2342443,3.2342443,-9.4852552,0,-9.4852552,-9.4852552,5.1412482,0,5.1412482,5.1412482,-.57705182,0,-.57705182,-.57705182,-2.0231018,0,-2.0231018,-2.0231018,-.16880183,0,-.16880183,-.16880183
11.2,27,3.2139032,0,3.2139032,3.2139032,-9.4255991,0,-9.4255991,-9.4255991,5.1089139,0,5.1089139,5.1089139,-.57342261,0,-.57342261,-.57342261,-2.0103779,0,-2.0103779,-2.0103779,-.16774018,0,-.16774018,-.16774018
11.3,27,3.193562,0,3.193562,3.193562,-9.3659439,0,-9.3659439,-9.3659439,5.0765786,0,5.0765786,5.0765786,-.56979334,0,-.56979334,-.56979334,-1.997654,0,-1.997654,-1.997654,-.16667853,0,-.16667853,-.16667853
11.4,27,3.1732211,0,3.1732211,3.1732211,-9.3062878,0,-9.3062878,-9.3062878,5.0442438,0,5.0442438,5.0442438,-.56616408,0,-.56616408,-.56616408,-1.9849302,0,-1.9849302,-1.9849302,-.1656169,0,-.1656169,-.1656169
11.5,27,3.1528797,0,3.1528797,3.1528797,-9.2466326,0,-9.2466326,-9.2466326,5.011909,0,5.011909,5.011909,-.56253481,0,-.56253481,-.56253481,-1.9722062,0,-1.9722062,-1.9722062,-.16455525,0,-.16455525,-.16455525
11.6,27,3.1325386,0,3.1325386,3.1325386,-9.1869764,0,-9.1869764,-9.1869764,4.9795737,0,4.9795737,4.9795737,-.55890554,0,-.55890554,-.55890554,-1.9594823,0,-1.9594823,-1.9594823,-.16349359,0,-.16349359,-.16349359
11.7,27,3.1121974,0,3.1121974,3.1121974,-9.1273212,0,-9.1273212,-9.1273212,4.9472394,0,4.9472394,4.9472394,-.55527633,0,-.55527633,-.55527633,-1.9467584,0,-1.9467584,-1.9467584,-.16243196,0,-.16243196,-.16243196
11.8,27,3.0918562,0,3.0918562,3.0918562,-9.0676651,0,-9.0676651,-9.0676651,4.9149041,0,4.9149041,4.9149041,-.55164707,0,-.55164707,-.55164707,-1.9340345,0,-1.9340345,-1.9340345,-.16137031,0,-.16137031,-.16137031
11.9,27,3.0715153,0,3.0715153,3.0715153,-9.0080099,0,-9.0080099,-9.0080099,4.8825693,0,4.8825693,4.8825693,-.5480178,0,-.5480178,-.5480178,-1.9213107,0,-1.9213107,-1.9213107,-.16030866,0,-.16030866,-.16030866
12,27,3.0511739,0,3.0511739,3.0511739,-8.9483538,0,-8.9483538,-8.9483538,4.8502345,0,4.8502345,4.8502345,-.54438853,0,-.54438853,-.54438853,-1.9085866,0,-1.9085866,-1.9085866,-.15924701,0,-.15924701,-.15924701
12.1,27,3.0308328,0,3.0308328,3.0308328,-8.8886976,0,-8.8886976,-8.8886976,4.8178992,0,4.8178992,4.8178992,-.54075927,0,-.54075927,-.54075927,-1.8958627,0,-1.8958627,-1.8958627,-.15818536,0,-.15818536,-.15818536
12.2,27,3.0104916,0,3.0104916,3.0104916,-8.8290424,0,-8.8290424,-8.8290424,4.7855649,0,4.7855649,4.7855649,-.53713006,0,-.53713006,-.53713006,-1.8831389,0,-1.8831389,-1.8831389,-.15712371,0,-.15712371,-.15712371
12.3,27,2.9901505,0,2.9901505,2.9901505,-8.7693863,0,-8.7693863,-8.7693863,4.7532296,0,4.7532296,4.7532296,-.53350073,0,-.53350073,-.53350073,-1.8704149,0,-1.8704149,-1.8704149,-.15606207,0,-.15606207,-.15606207
12.4,27,2.9698095,0,2.9698095,2.9698095,-8.7097311,0,-8.7097311,-8.7097311,4.7208948,0,4.7208948,4.7208948,-.52987152,0,-.52987152,-.52987152,-1.857691,0,-1.857691,-1.857691,-.15500043,0,-.15500043,-.15500043
12.5,27,2.9494681,0,2.9494681,2.9494681,-8.650075,0,-8.650075,-8.650075,4.68856,0,4.68856,4.68856,-.52624226,0,-.52624226,-.52624226,-1.8449671,0,-1.8449671,-1.8449671,-.15393877,0,-.15393877,-.15393877
12.6,27,2.929127,0,2.929127,2.929127,-8.5904198,0,-8.5904198,-8.5904198,4.6562247,0,4.6562247,4.6562247,-.52261299,0,-.52261299,-.52261299,-1.8322432,0,-1.8322432,-1.8322432,-.15287712,0,-.15287712,-.15287712
12.7,27,2.9087858,0,2.9087858,2.9087858,-8.5307636,0,-8.5307636,-8.5307636,4.6238904,0,4.6238904,4.6238904,-.51898372,0,-.51898372,-.51898372,-1.8195193,0,-1.8195193,-1.8195193,-.15181549,0,-.15181549,-.15181549
12.8,27,2.8884447,0,2.8884447,2.8884447,-8.4711084,0,-8.4711084,-8.4711084,4.5915551,0,4.5915551,4.5915551,-.51535445,0,-.51535445,-.51535445,-1.8067954,0,-1.8067954,-1.8067954,-.15075384,0,-.15075384,-.15075384
12.9,27,2.8681035,0,2.8681035,2.8681035,-8.4114532,0,-8.4114532,-8.4114532,4.5592203,0,4.5592203,4.5592203,-.51172525,0,-.51172525,-.51172525,-1.7940716,0,-1.7940716,-1.7940716,-.14969219,0,-.14969219,-.14969219
13,27,2.8477623,0,2.8477623,2.8477623,-8.3517971,0,-8.3517971,-8.3517971,4.5268855,0,4.5268855,4.5268855,-.50809598,0,-.50809598,-.50809598,-1.7813475,0,-1.7813475,-1.7813475,-.14863054,0,-.14863054,-.14863054
13.1,27,2.8274212,0,2.8274212,2.8274212,-8.292141,0,-8.292141,-8.292141,4.4945507,0,4.4945507,4.4945507,-.50446671,0,-.50446671,-.50446671,-1.7686236,0,-1.7686236,-1.7686236,-.1475689,0,-.1475689,-.1475689
13.2,27,2.80708,0,2.80708,2.80708,-8.2324858,0,-8.2324858,-8.2324858,4.4622159,0,4.4622159,4.4622159,-.50083745,0,-.50083745,-.50083745,-1.7558998,0,-1.7558998,-1.7558998,-.14650725,0,-.14650725,-.14650725
13.3,27,2.7867389,0,2.7867389,2.7867389,-8.1728296,0,-8.1728296,-8.1728296,4.4298806,0,4.4298806,4.4298806,-.49720818,0,-.49720818,-.49720818,-1.7431757,0,-1.7431757,-1.7431757,-.1454456,0,-.1454456,-.1454456
13.4,27,2.7663977,0,2.7663977,2.7663977,-8.1131744,0,-8.1131744,-8.1131744,4.3975458,0,4.3975458,4.3975458,-.49357894,0,-.49357894,-.49357894,-1.7304519,0,-1.7304519,-1.7304519,-.14438397,0,-.14438397,-.14438397
13.5,27,2.7460566,0,2.7460566,2.7460566,-8.0535183,0,-8.0535183,-8.0535183,4.365211,0,4.365211,4.365211,-.48994967,0,-.48994967,-.48994967,-1.717728,0,-1.717728,-1.717728,-.1433223,0,-.1433223,-.1433223
13.6,27,2.7257154,0,2.7257154,2.7257154,-7.9938626,0,-7.9938626,-7.9938626,4.3328762,0,4.3328762,4.3328762,-.48632041,0,-.48632041,-.48632041,-1.7050041,0,-1.7050041,-1.7050041,-.14226066,0,-.14226066,-.14226066
13.7,27,2.7053742,0,2.7053742,2.7053742,-7.934207,0,-7.934207,-7.934207,4.3005414,0,4.3005414,4.3005414,-.48269117,0,-.48269117,-.48269117,-1.6922802,0,-1.6922802,-1.6922802,-.14119902,0,-.14119902,-.14119902
13.8,27,2.6850331,0,2.6850331,2.6850331,-7.8745513,0,-7.8745513,-7.8745513,4.2682061,0,4.2682061,4.2682061,-.4790619,0,-.4790619,-.4790619,-1.6795563,0,-1.6795563,-1.6795563,-.14013737,0,-.14013737,-.14013737
13.9,27,2.6646919,0,2.6646919,2.6646919,-7.8148961,0,-7.8148961,-7.8148961,4.2358718,0,4.2358718,4.2358718,-.47543266,0,-.47543266,-.47543266,-1.6668324,0,-1.6668324,-1.6668324,-.13907573,0,-.13907573,-.13907573
14,27,2.6443508,0,2.6443508,2.6443508,-7.75524,0,-7.75524,-7.75524,4.2035365,0,4.2035365,4.2035365,-.4718034,0,-.4718034,-.4718034,-1.6541084,0,-1.6541084,-1.6541084,-.13801408,0,-.13801408,-.13801408
14.1,27,2.6240096,0,2.6240096,2.6240096,-7.6955843,0,-7.6955843,-7.6955843,4.1712017,0,4.1712017,4.1712017,-.46817413,0,-.46817413,-.46817413,-1.6413845,0,-1.6413845,-1.6413845,-.13695243,0,-.13695243,-.13695243
14.2,27,2.6036685,0,2.6036685,2.6036685,-7.6359286,0,-7.6359286,-7.6359286,4.1388669,0,4.1388669,4.1388669,-.46454489,0,-.46454489,-.46454489,-1.6286607,0,-1.6286607,-1.6286607,-.13589078,0,-.13589078,-.13589078
14.3,27,2.5833273,0,2.5833273,2.5833273,-7.576273,0,-7.576273,-7.576273,4.1065316,0,4.1065316,4.1065316,-.46091563,0,-.46091563,-.46091563,-1.6159366,0,-1.6159366,-1.6159366,-.13482913,0,-.13482913,-.13482913
14.4,27,2.5629861,0,2.5629861,2.5629861,-7.5166173,0,-7.5166173,-7.5166173,4.0741973,0,4.0741973,4.0741973,-.45728639,0,-.45728639,-.45728639,-1.6032128,0,-1.6032128,-1.6032128,-.1337675,0,-.1337675,-.1337675
14.5,27,2.542645,0,2.542645,2.542645,-7.4569616,0,-7.4569616,-7.4569616,4.041862,0,4.041862,4.041862,-.45365712,0,-.45365712,-.45365712,-1.5904889,0,-1.5904889,-1.5904889,-.13270584,0,-.13270584,-.13270584
14.6,27,2.5223038,0,2.5223038,2.5223038,-7.3973055,0,-7.3973055,-7.3973055,4.0095272,0,4.0095272,4.0095272,-.45002785,0,-.45002785,-.45002785,-1.5777649,0,-1.5777649,-1.5777649,-.13164419,0,-.13164419,-.13164419
14.7,27,2.5019627,0,2.5019627,2.5019627,-7.3376503,0,-7.3376503,-7.3376503,3.9771924,0,3.9771924,3.9771924,-.44639862,0,-.44639862,-.44639862,-1.5650411,0,-1.5650411,-1.5650411,-.13058256,0,-.13058256,-.13058256
14.8,27,2.4816215,0,2.4816215,2.4816215,-7.2779942,0,-7.2779942,-7.2779942,3.9448574,0,3.9448574,3.9448574,-.44276935,0,-.44276935,-.44276935,-1.5523171,0,-1.5523171,-1.5523171,-.12952089,0,-.12952089,-.12952089
14.9,27,2.4612803,0,2.4612803,2.4612803,-7.218339,0,-7.218339,-7.218339,3.9125226,0,3.9125226,3.9125226,-.43914011,0,-.43914011,-.43914011,-1.5395933,0,-1.5395933,-1.5395933,-.12845926,0,-.12845926,-.12845926
15,27,2.4409392,0,2.4409392,2.4409392,-7.1586833,0,-7.1586833,-7.1586833,3.8801875,0,3.8801875,3.8801875,-.43551084,0,-.43551084,-.43551084,-1.5268693,0,-1.5268693,-1.5268693,-.12739761,0,-.12739761,-.12739761
15.1,27,2.420598,0,2.420598,2.420598,-7.0990272,0,-7.0990272,-7.0990272,3.8478525,0,3.8478525,3.8478525,-.43188155,0,-.43188155,-.43188155,-1.5141454,0,-1.5141454,-1.5141454,-.12633596,0,-.12633596,-.12633596
15.2,27,2.4002569,0,2.4002569,2.4002569,-7.039372,0,-7.039372,-7.039372,3.8155179,0,3.8155179,3.8155179,-.42825231,0,-.42825231,-.42825231,-1.5014216,0,-1.5014216,-1.5014216,-.12527432,0,-.12527432,-.12527432
15.3,27,2.3799157,0,2.3799157,2.3799157,-6.9797158,0,-6.9797158,-6.9797158,3.7831829,0,3.7831829,3.7831829,-.42462304,0,-.42462304,-.42462304,-1.4886975,0,-1.4886975,-1.4886975,-.12421267,0,-.12421267,-.12421267
15.4,27,2.3595746,0,2.3595746,2.3595746,-6.9200606,0,-6.9200606,-6.9200606,3.7508481,0,3.7508481,3.7508481,-.4209938,0,-.4209938,-.4209938,-1.4759737,0,-1.4759737,-1.4759737,-.12315103,0,-.12315103,-.12315103
15.5,27,2.3392334,0,2.3392334,2.3392334,-6.8604045,0,-6.8604045,-6.8604045,3.718513,0,3.718513,3.718513,-.41736454,0,-.41736454,-.41736454,-1.4632498,0,-1.4632498,-1.4632498,-.12208938,0,-.12208938,-.12208938
15.6,27,2.3188922,0,2.3188922,2.3188922,-6.8007488,0,-6.8007488,-6.8007488,3.686178,0,3.686178,3.686178,-.41373527,0,-.41373527,-.41373527,-1.4505258,0,-1.4505258,-1.4505258,-.12102772,0,-.12102772,-.12102772
15.7,27,2.2985511,0,2.2985511,2.2985511,-6.7410932,0,-6.7410932,-6.7410932,3.6538434,0,3.6538434,3.6538434,-.41010603,0,-.41010603,-.41010603,-1.437802,0,-1.437802,-1.437802,-.11996608,0,-.11996608,-.11996608
15.8,27,2.2782099,0,2.2782099,2.2782099,-6.6814375,0,-6.6814375,-6.6814375,3.6215084,0,3.6215084,3.6215084,-.40647677,0,-.40647677,-.40647677,-1.425078,0,-1.425078,-1.425078,-.11890443,0,-.11890443,-.11890443
15.9,27,2.2578688,0,2.2578688,2.2578688,-6.6217823,0,-6.6217823,-6.6217823,3.5891736,0,3.5891736,3.5891736,-.40284753,0,-.40284753,-.40284753,-1.4123542,0,-1.4123542,-1.4123542,-.11784279,0,-.11784279,-.11784279
16,27,2.2375276,0,2.2375276,2.2375276,-6.5621262,0,-6.5621262,-6.5621262,3.5568385,0,3.5568385,3.5568385,-.39921826,0,-.39921826,-.39921826,-1.3996302,0,-1.3996302,-1.3996302,-.11678114,0,-.11678114,-.11678114
16.1,27,2.2171865,0,2.2171865,2.2171865,-6.50247,0,-6.50247,-6.50247,3.5245035,0,3.5245035,3.5245035,-.39558899,0,-.39558899,-.39558899,-1.3869063,0,-1.3869063,-1.3869063,-.11571949,0,-.11571949,-.11571949
16.2,27,2.1968451,0,2.1968451,2.1968451,-6.4428144,0,-6.4428144,-6.4428144,3.4921687,0,3.4921687,3.4921687,-.39195973,0,-.39195973,-.39195973,-1.3741823,0,-1.3741823,-1.3741823,-.11465784,0,-.11465784,-.11465784
16.3,27,2.1765044,0,2.1765044,2.1765044,-6.3831596,0,-6.3831596,-6.3831596,3.4598341,0,3.4598341,3.4598341,-.38833052,0,-.38833052,-.38833052,-1.3614585,0,-1.3614585,-1.3614585,-.11359621,0,-.11359621,-.11359621
16.4,27,2.156163,0,2.156163,2.156163,-6.3235035,0,-6.3235035,-6.3235035,3.4274991,0,3.4274991,3.4274991,-.38470125,0,-.38470125,-.38470125,-1.3487346,0,-1.3487346,-1.3487346,-.11253456,0,-.11253456,-.11253456
16.5,27,2.1358218,0,2.1358218,2.1358218,-6.2638478,0,-6.2638478,-6.2638478,3.395164,0,3.395164,3.395164,-.38107198,0,-.38107198,-.38107198,-1.3360107,0,-1.3360107,-1.3360107,-.1114729,0,-.1114729,-.1114729
16.6,27,2.1154807,0,2.1154807,2.1154807,-6.2041917,0,-6.2041917,-6.2041917,3.3628292,0,3.3628292,3.3628292,-.37744272,0,-.37744272,-.37744272,-1.3232867,0,-1.3232867,-1.3232867,-.11041126,0,-.11041126,-.11041126
16.7,27,2.0951393,0,2.0951393,2.0951393,-6.144536,0,-6.144536,-6.144536,3.3304942,0,3.3304942,3.3304942,-.37381342,0,-.37381342,-.37381342,-1.3105627,0,-1.3105627,-1.3105627,-.10934961,0,-.10934961,-.10934961
16.8,27,2.0747983,0,2.0747983,2.0747983,-6.0848808,0,-6.0848808,-6.0848808,3.2981596,0,3.2981596,3.2981596,-.37018424,0,-.37018424,-.37018424,-1.297839,0,-1.297839,-1.297839,-.10828798,0,-.10828798,-.10828798
16.9,27,2.0544572,0,2.0544572,2.0544572,-6.0252252,0,-6.0252252,-6.0252252,3.2658246,0,3.2658246,3.2658246,-.36655498,0,-.36655498,-.36655498,-1.2851151,0,-1.2851151,-1.2851151,-.10722633,0,-.10722633,-.10722633
17,27,2.034116,0,2.034116,2.034116,-5.965569,0,-5.965569,-5.965569,3.2334898,0,3.2334898,3.2334898,-.36292568,0,-.36292568,-.36292568,-1.2723911,0,-1.2723911,-1.2723911,-.10616467,0,-.10616467,-.10616467
17.1,27,2.0137746,0,2.0137746,2.0137746,-5.9059134,0,-5.9059134,-5.9059134,3.2011547,0,3.2011547,3.2011547,-.35929641,0,-.35929641,-.35929641,-1.2596672,0,-1.2596672,-1.2596672,-.10510302,0,-.10510302,-.10510302
17.2,27,1.9934335,0,1.9934335,1.9934335,-5.8462572,0,-5.8462572,-5.8462572,3.1688197,0,3.1688197,3.1688197,-.35566714,0,-.35566714,-.35566714,-1.2469432,0,-1.2469432,-1.2469432,-.10404138,0,-.10404138,-.10404138
17.3,27,1.9730927,0,1.9730927,1.9730927,-5.7866025,0,-5.7866025,-5.7866025,3.1364851,0,3.1364851,3.1364851,-.35203794,0,-.35203794,-.35203794,-1.2342194,0,-1.2342194,-1.2342194,-.10297974,0,-.10297974,-.10297974
17.4,27,1.9527514,0,1.9527514,1.9527514,-5.7269468,0,-5.7269468,-5.7269468,3.1041503,0,3.1041503,3.1041503,-.34840867,0,-.34840867,-.34840867,-1.2214955,0,-1.2214955,-1.2214955,-.10191809,0,-.10191809,-.10191809
17.5,27,1.9324102,0,1.9324102,1.9324102,-5.6672907,0,-5.6672907,-5.6672907,3.0718153,0,3.0718153,3.0718153,-.3447794,0,-.3447794,-.3447794,-1.2087716,0,-1.2087716,-1.2087716,-.10085644,0,-.10085644,-.10085644
17.6,27,1.912069,0,1.912069,1.912069,-5.607635,0,-5.607635,-5.607635,3.0394802,0,3.0394802,3.0394802,-.34115013,0,-.34115013,-.34115013,-1.1960475,0,-1.1960475,-1.1960475,-.09979479,0,-.09979479,-.09979479
17.7,27,1.8917277,0,1.8917277,1.8917277,-5.5479789,0,-5.5479789,-5.5479789,3.0071452,0,3.0071452,3.0071452,-.33752087,0,-.33752087,-.33752087,-1.1833236,0,-1.1833236,-1.1833236,-.098733142,0,-.098733142,-.098733142
17.8,27,1.8713869,0,1.8713869,1.8713869,-5.4883242,0,-5.4883242,-5.4883242,2.9748106,0,2.9748106,2.9748106,-.33389166,0,-.33389166,-.33389166,-1.1705999,0,-1.1705999,-1.1705999,-.097671509,0,-.097671509,-.097671509
17.9,27,1.8510456,0,1.8510456,1.8510456,-5.428668,0,-5.428668,-5.428668,2.9424758,0,2.9424758,2.9424758,-.33026239,0,-.33026239,-.33026239,-1.157876,0,-1.157876,-1.157876,-.096609861,0,-.096609861,-.096609861
18,27,1.8307043,0,1.8307043,1.8307043,-5.3690124,0,-5.3690124,-5.3690124,2.9101408,0,2.9101408,2.9101408,-.32663313,0,-.32663313,-.32663313,-1.145152,0,-1.145152,-1.145152,-.095548205,0,-.095548205,-.095548205
18.1,27,1.8103632,0,1.8103632,1.8103632,-5.3093562,0,-5.3093562,-5.3093562,2.8778057,0,2.8778057,2.8778057,-.32300386,0,-.32300386,-.32300386,-1.1324281,0,-1.1324281,-1.1324281,-.094486557,0,-.094486557,-.094486557
18.2,27,1.7900219,0,1.7900219,1.7900219,-5.2497005,0,-5.2497005,-5.2497005,2.8454707,0,2.8454707,2.8454707,-.31937459,0,-.31937459,-.31937459,-1.1197041,0,-1.1197041,-1.1197041,-.093424901,0,-.093424901,-.093424901
18.3,27,1.7696811,0,1.7696811,1.7696811,-5.1900458,0,-5.1900458,-5.1900458,2.8131363,0,2.8131363,2.8131363,-.31574538,0,-.31574538,-.31574538,-1.1069803,0,-1.1069803,-1.1069803,-.092363276,0,-.092363276,-.092363276
18.4,27,1.7493398,0,1.7493398,1.7493398,-5.1303897,0,-5.1303897,-5.1303897,2.7808013,0,2.7808013,2.7808013,-.31211612,0,-.31211612,-.31211612,-1.0942564,0,-1.0942564,-1.0942564,-.091301627,0,-.091301627,-.091301627
18.5,27,1.7289985,0,1.7289985,1.7289985,-5.070734,0,-5.070734,-5.070734,2.7484663,0,2.7484663,2.7484663,-.30848685,0,-.30848685,-.30848685,-1.0815325,0,-1.0815325,-1.0815325,-.090239972,0,-.090239972,-.090239972
18.6,27,1.7086574,0,1.7086574,1.7086574,-5.0110779,0,-5.0110779,-5.0110779,2.7161312,0,2.7161312,2.7161312,-.30485758,0,-.30485758,-.30485758,-1.0688084,0,-1.0688084,-1.0688084,-.089178324,0,-.089178324,-.089178324
18.7,27,1.6883161,0,1.6883161,1.6883161,-4.9514222,0,-4.9514222,-4.9514222,2.6837962,0,2.6837962,2.6837962,-.30122828,0,-.30122828,-.30122828,-1.0560845,0,-1.0560845,-1.0560845,-.088116668,0,-.088116668,-.088116668
18.8,27,1.6679753,0,1.6679753,1.6679753,-4.891767,0,-4.891767,-4.891767,2.6514618,0,2.6514618,2.6514618,-.29759911,0,-.29759911,-.29759911,-1.0433608,0,-1.0433608,-1.0433608,-.087055042,0,-.087055042,-.087055042
18.9,27,1.647634,0,1.647634,1.647634,-4.8321114,0,-4.8321114,-4.8321114,2.6191268,0,2.6191268,2.6191268,-.29396981,0,-.29396981,-.29396981,-1.0306369,0,-1.0306369,-1.0306369,-.085993387,0,-.085993387,-.085993387
19,27,1.6272928,0,1.6272928,1.6272928,-4.7724552,0,-4.7724552,-4.7724552,2.5867918,0,2.5867918,2.5867918,-.29034054,0,-.29034054,-.29034054,-1.0179129,0,-1.0179129,-1.0179129,-.084931739,0,-.084931739,-.084931739
19.1,27,1.6069516,0,1.6069516,1.6069516,-4.7127995,0,-4.7127995,-4.7127995,2.5544567,0,2.5544567,2.5544567,-.28671128,0,-.28671128,-.28671128,-1.0051889,0,-1.0051889,-1.0051889,-.083870091,0,-.083870091,-.083870091
19.2,27,1.5866103,0,1.5866103,1.5866103,-4.6531434,0,-4.6531434,-4.6531434,2.5221217,0,2.5221217,2.5221217,-.28308201,0,-.28308201,-.28308201,-.99246496,0,-.99246496,-.99246496,-.082808435,0,-.082808435,-.082808435
19.3,27,1.5662695,0,1.5662695,1.5662695,-4.5934887,0,-4.5934887,-4.5934887,2.4897873,0,2.4897873,2.4897873,-.2794528,0,-.2794528,-.2794528,-.97974128,0,-.97974128,-.97974128,-.081746809,0,-.081746809,-.081746809
19.4,27,1.5459282,0,1.5459282,1.5459282,-4.533833,0,-4.533833,-4.533833,2.4574523,0,2.4574523,2.4574523,-.27582353,0,-.27582353,-.27582353,-.96701729,0,-.96701729,-.96701729,-.080685154,0,-.080685154,-.080685154
19.5,27,1.525587,0,1.525587,1.525587,-4.4741769,0,-4.4741769,-4.4741769,2.4251173,0,2.4251173,2.4251173,-.27219427,0,-.27219427,-.27219427,-.95429331,0,-.95429331,-.95429331,-.079623505,0,-.079623505,-.079623505
19.6,27,1.5052458,0,1.5052458,1.5052458,-4.4145212,0,-4.4145212,-4.4145212,2.3927822,0,2.3927822,2.3927822,-.268565,0,-.268565,-.268565,-.94156939,0,-.94156939,-.94156939,-.078561857,0,-.078561857,-.078561857
19.7,27,1.4849045,0,1.4849045,1.4849045,-4.3548651,0,-4.3548651,-4.3548651,2.3604472,0,2.3604472,2.3604472,-.26493573,0,-.26493573,-.26493573,-.92884541,0,-.92884541,-.92884541,-.077500202,0,-.077500202,-.077500202
19.8,27,1.4645636,0,1.4645636,1.4645636,-4.2952104,0,-4.2952104,-4.2952104,2.3281128,0,2.3281128,2.3281128,-.26130652,0,-.26130652,-.26130652,-.91612172,0,-.91612172,-.91612172,-.076438576,0,-.076438576,-.076438576
19.9,27,1.4442225,0,1.4442225,1.4442225,-4.2355542,0,-4.2355542,-4.2355542,2.2957778,0,2.2957778,2.2957778,-.25767726,0,-.25767726,-.25767726,-.90339774,0,-.90339774,-.90339774,-.07537692,0,-.07537692,-.07537692
20,27,1.4238812,0,1.4238812,1.4238812,-4.1758986,0,-4.1758986,-4.1758986,2.2634428,0,2.2634428,2.2634428,-.25404799,0,-.25404799,-.25404799,-.89067376,0,-.89067376,-.89067376,-.074315272,0,-.074315272,-.074315272
20.1,27,1.4035399,0,1.4035399,1.4035399,-4.1162424,0,-4.1162424,-4.1162424,2.2311077,0,2.2311077,2.2311077,-.25041872,0,-.25041872,-.25041872,-.87794983,0,-.87794983,-.87794983,-.073253624,0,-.073253624,-.073253624
20.2,27,1.3831987,0,1.3831987,1.3831987,-4.0565867,0,-4.0565867,-4.0565867,2.1987727,0,2.1987727,2.1987727,-.24678944,0,-.24678944,-.24678944,-.86522585,0,-.86522585,-.86522585,-.072191969,0,-.072191969,-.072191969
20.3,27,1.3628578,0,1.3628578,1.3628578,-3.9969318,0,-3.9969318,-3.9969318,2.1664383,0,2.1664383,2.1664383,-.24316025,0,-.24316025,-.24316025,-.85250217,0,-.85250217,-.85250217,-.071130343,0,-.071130343,-.071130343
20.4,27,1.3425167,0,1.3425167,1.3425167,-3.9372759,0,-3.9372759,-3.9372759,2.1341033,0,2.1341033,2.1341033,-.23953097,0,-.23953097,-.23953097,-.83977818,0,-.83977818,-.83977818,-.070068687,0,-.070068687,-.070068687
20.5,27,1.3221754,0,1.3221754,1.3221754,-3.87762,0,-3.87762,-3.87762,2.1017683,0,2.1017683,2.1017683,-.2359017,0,-.2359017,-.2359017,-.8270542,0,-.8270542,-.8270542,-.069007039,0,-.069007039,-.069007039
20.6,27,1.3018341,0,1.3018341,1.3018341,-3.8179641,0,-3.8179641,-3.8179641,2.0694332,0,2.0694332,2.0694332,-.23227243,0,-.23227243,-.23227243,-.81433028,0,-.81433028,-.81433028,-.067945391,0,-.067945391,-.067945391
20.7,27,1.2814929,0,1.2814929,1.2814929,-3.7583082,0,-3.7583082,-3.7583082,2.0370982,0,2.0370982,2.0370982,-.22864316,0,-.22864316,-.22864316,-.8016063,0,-.8016063,-.8016063,-.066883735,0,-.066883735,-.066883735
20.8,27,1.261152,0,1.261152,1.261152,-3.6986535,0,-3.6986535,-3.6986535,2.0047638,0,2.0047638,2.0047638,-.22501396,0,-.22501396,-.22501396,-.78888261,0,-.78888261,-.78888261,-.06582211,0,-.06582211,-.06582211
20.9,27,1.2408109,0,1.2408109,1.2408109,-3.6389976,0,-3.6389976,-3.6389976,1.9724288,0,1.9724288,1.9724288,-.22138469,0,-.22138469,-.22138469,-.77615863,0,-.77615863,-.77615863,-.064760454,0,-.064760454,-.064760454
21,27,1.2204696,0,1.2204696,1.2204696,-3.5793417,0,-3.5793417,-3.5793417,1.9400938,0,1.9400938,1.9400938,-.21775542,0,-.21775542,-.21775542,-.76343465,0,-.76343465,-.76343465,-.063698806,0,-.063698806,-.063698806
21.1,27,1.2001283,0,1.2001283,1.2001283,-3.5196855,0,-3.5196855,-3.5196855,1.9077587,0,1.9077587,1.9077587,-.21412614,0,-.21412614,-.21412614,-.75071073,0,-.75071073,-.75071073,-.06263715,0,-.06263715,-.06263715
21.2,27,1.1797872,0,1.1797872,1.1797872,-3.4600296,0,-3.4600296,-3.4600296,1.8754238,0,1.8754238,1.8754238,-.21049687,0,-.21049687,-.21049687,-.73798674,0,-.73798674,-.73798674,-.061575502,0,-.061575502,-.061575502
21.3,27,1.1594462,0,1.1594462,1.1594462,-3.4003749,0,-3.4003749,-3.4003749,1.8430893,0,1.8430893,1.8430893,-.20686767,0,-.20686767,-.20686767,-.72526306,0,-.72526306,-.72526306,-.060513873,0,-.060513873,-.060513873
21.4,27,1.1391051,0,1.1391051,1.1391051,-3.340719,0,-3.340719,-3.340719,1.8107543,0,1.8107543,1.8107543,-.2032384,0,-.2032384,-.2032384,-.71253908,0,-.71253908,-.71253908,-.059452221,0,-.059452221,-.059452221
21.5,27,1.1187638,0,1.1187638,1.1187638,-3.2810631,0,-3.2810631,-3.2810631,1.7784193,0,1.7784193,1.7784193,-.19960913,0,-.19960913,-.19960913,-.69981509,0,-.69981509,-.69981509,-.058390569,0,-.058390569,-.058390569
21.6,27,1.0984225,0,1.0984225,1.0984225,-3.2214072,0,-3.2214072,-3.2214072,1.7460843,0,1.7460843,1.7460843,-.19597986,0,-.19597986,-.19597986,-.68709117,0,-.68709117,-.68709117,-.057328921,0,-.057328921,-.057328921
21.7,27,1.0780814,0,1.0780814,1.0780814,-3.1617513,0,-3.1617513,-3.1617513,1.7137493,0,1.7137493,1.7137493,-.1923506,0,-.1923506,-.1923506,-.67436719,0,-.67436719,-.67436719,-.056267269,0,-.056267269,-.056267269
21.8,27,1.0577404,0,1.0577404,1.0577404,-3.1020966,0,-3.1020966,-3.1020966,1.6814148,0,1.6814148,1.6814148,-.18872139,0,-.18872139,-.18872139,-.66164345,0,-.66164345,-.66164345,-.055205639,0,-.055205639,-.055205639
21.9,27,1.0373992,0,1.0373992,1.0373992,-3.0424404,0,-3.0424404,-3.0424404,1.6490798,0,1.6490798,1.6490798,-.18509212,0,-.18509212,-.18509212,-.64891952,0,-.64891952,-.64891952,-.054143988,0,-.054143988,-.054143988
22,27,1.017058,0,1.017058,1.017058,-2.9827845,0,-2.9827845,-2.9827845,1.6167449,0,1.6167449,1.6167449,-.18146284,0,-.18146284,-.18146284,-.63619554,0,-.63619554,-.63619554,-.053082336,0,-.053082336,-.053082336
22.1,27,.99671674,0,.99671674,.99671674,-2.9231286,0,-2.9231286,-2.9231286,1.5844098,0,1.5844098,1.5844098,-.17783357,0,-.17783357,-.17783357,-.62347162,0,-.62347162,-.62347162,-.052020688,0,-.052020688,-.052020688
22.2,27,.97637552,0,.97637552,.97637552,-2.8634727,0,-2.8634727,-2.8634727,1.5520748,0,1.5520748,1.5520748,-.1742043,0,-.1742043,-.1742043,-.61074764,0,-.61074764,-.61074764,-.050959036,0,-.050959036,-.050959036
22.3,27,.95603466,0,.95603466,.95603466,-2.803818,0,-2.803818,-2.803818,1.5197403,0,1.5197403,1.5197403,-.1705751,0,-.1705751,-.1705751,-.59802389,0,-.59802389,-.59802389,-.049897406,0,-.049897406,-.049897406
22.4,27,.93569344,0,.93569344,.93569344,-2.7441621,0,-2.7441621,-2.7441621,1.4874053,0,1.4874053,1.4874053,-.16694583,0,-.16694583,-.16694583,-.58529997,0,-.58529997,-.58529997,-.048835754,0,-.048835754,-.048835754
22.5,27,.91535217,0,.91535217,.91535217,-2.6845062,0,-2.6845062,-2.6845062,1.4550704,0,1.4550704,1.4550704,-.16331656,0,-.16331656,-.16331656,-.57257599,0,-.57257599,-.57257599,-.047774103,0,-.047774103,-.047774103
22.6,27,.89501095,0,.89501095,.89501095,-2.6248503,0,-2.6248503,-2.6248503,1.4227353,0,1.4227353,1.4227353,-.1596873,0,-.1596873,-.1596873,-.55985206,0,-.55985206,-.55985206,-.046712451,0,-.046712451,-.046712451
22.7,27,.87466973,0,.87466973,.87466973,-2.5651944,0,-2.5651944,-2.5651944,1.3904003,0,1.3904003,1.3904003,-.15605801,0,-.15605801,-.15605801,-.54712808,0,-.54712808,-.54712808,-.045650803,0,-.045650803,-.045650803
22.8,27,.85432887,0,.85432887,.85432887,-2.5055394,0,-2.5055394,-2.5055394,1.3580658,0,1.3580658,1.3580658,-.15242882,0,-.15242882,-.15242882,-.53440434,0,-.53440434,-.53440434,-.044589173,0,-.044589173,-.044589173
22.9,27,.83398765,0,.83398765,.83398765,-2.4458835,0,-2.4458835,-2.4458835,1.3257309,0,1.3257309,1.3257309,-.14879955,0,-.14879955,-.14879955,-.52168041,0,-.52168041,-.52168041,-.043527521,0,-.043527521,-.043527521
23,27,.81364638,0,.81364638,.81364638,-2.3862276,0,-2.3862276,-2.3862276,1.2933959,0,1.2933959,1.2933959,-.14517027,0,-.14517027,-.14517027,-.50895643,0,-.50895643,-.50895643,-.042465869,0,-.042465869,-.042465869
23.1,27,.79330516,0,.79330516,.79330516,-2.3265717,0,-2.3265717,-2.3265717,1.2610608,0,1.2610608,1.2610608,-.141541,0,-.141541,-.141541,-.49623248,0,-.49623248,-.49623248,-.041404217,0,-.041404217,-.041404217
23.2,27,.77296394,0,.77296394,.77296394,-2.2669158,0,-2.2669158,-2.2669158,1.2287258,0,1.2287258,1.2287258,-.13791174,0,-.13791174,-.13791174,-.48350853,0,-.48350853,-.48350853,-.040342569,0,-.040342569,-.040342569
23.3,27,.75262308,0,.75262308,.75262308,-2.2072611,0,-2.2072611,-2.2072611,1.1963915,0,1.1963915,1.1963915,-.13428253,0,-.13428253,-.13428253,-.47078481,0,-.47078481,-.47078481,-.039280936,0,-.039280936,-.039280936
23.4,27,.7322818,0,.7322818,.7322818,-2.1476052,0,-2.1476052,-2.1476052,1.1640564,0,1.1640564,1.1640564,-.13065326,0,-.13065326,-.13065326,-.45806086,0,-.45806086,-.45806086,-.038219288,0,-.038219288,-.038219288
23.5,27,.71194059,0,.71194059,.71194059,-2.0879493,0,-2.0879493,-2.0879493,1.1317214,0,1.1317214,1.1317214,-.12702399,0,-.12702399,-.12702399,-.44533688,0,-.44533688,-.44533688,-.037157636,0,-.037157636,-.037157636
23.6,27,.69159937,0,.69159937,.69159937,-2.0282934,0,-2.0282934,-2.0282934,1.0993863,0,1.0993863,1.0993863,-.12339472,0,-.12339472,-.12339472,-.43261293,0,-.43261293,-.43261293,-.036095984,0,-.036095984,-.036095984
23.7,27,.67125809,0,.67125809,.67125809,-1.9686373,0,-1.9686373,-1.9686373,1.0670513,0,1.0670513,1.0670513,-.11976545,0,-.11976545,-.11976545,-.41988897,0,-.41988897,-.41988897,-.035034336,0,-.035034336,-.035034336
23.8,27,.65091729,0,.65091729,.65091729,-1.9089826,0,-1.9089826,-1.9089826,1.034717,0,1.034717,1.034717,-.11613625,0,-.11613625,-.11613625,-.40716526,0,-.40716526,-.40716526,-.033972703,0,-.033972703,-.033972703
23.9,27,.63057601,0,.63057601,.63057601,-1.8493267,0,-1.8493267,-1.8493267,1.0023819,0,1.0023819,1.0023819,-.11250698,0,-.11250698,-.11250698,-.39444131,0,-.39444131,-.39444131,-.032911055,0,-.032911055,-.032911055
24,27,.6102348,0,.6102348,.6102348,-1.7896708,0,-1.7896708,-1.7896708,.97004688,0,.97004688,.97004688,-.10887771,0,-.10887771,-.10887771,-.38171732,0,-.38171732,-.38171732,-.031849403,0,-.031849403,-.031849403
24.1,27,.58989358,0,.58989358,.58989358,-1.7300148,0,-1.7300148,-1.7300148,.93771189,0,.93771189,.93771189,-.10524844,0,-.10524844,-.10524844,-.36899337,0,-.36899337,-.36899337,-.030787751,0,-.030787751,-.030787751
24.2,27,.5695523,0,.5695523,.5695523,-1.6703589,0,-1.6703589,-1.6703589,.90537685,0,.90537685,.90537685,-.10161917,0,-.10161917,-.10161917,-.35626942,0,-.35626942,-.35626942,-.029726101,0,-.029726101,-.029726101
24.3,27,.54921144,0,.54921144,.54921144,-1.6107042,0,-1.6107042,-1.6107042,.87304246,0,.87304246,.87304246,-.097989962,0,-.097989962,-.097989962,-.34354571,0,-.34354571,-.34354571,-.02866447,0,-.02866447,-.02866447
24.4,27,.52887022,0,.52887022,.52887022,-1.5510483,0,-1.5510483,-1.5510483,.84070742,0,.84070742,.84070742,-.094360694,0,-.094360694,-.094360694,-.33082172,0,-.33082172,-.33082172,-.02760282,0,-.02760282,-.02760282
24.5,27,.50852901,0,.50852901,.50852901,-1.4913923,0,-1.4913923,-1.4913923,.80837244,0,.80837244,.80837244,-.09073142,0,-.09073142,-.09073142,-.31809777,0,-.31809777,-.31809777,-.026541168,0,-.026541168,-.026541168
24.6,27,.48818776,0,.48818776,.48818776,-1.4317364,0,-1.4317364,-1.4317364,.7760374,0,.7760374,.7760374,-.087102152,0,-.087102152,-.087102152,-.30537382,0,-.30537382,-.30537382,-.025479518,0,-.025479518,-.025479518
24.7,27,.46784651,0,.46784651,.46784651,-1.3720804,0,-1.3720804,-1.3720804,.74370235,0,.74370235,.74370235,-.083472878,0,-.083472878,-.083472878,-.29264987,0,-.29264987,-.29264987,-.024417866,0,-.024417866,-.024417866
24.8,27,.44750568,0,.44750568,.44750568,-1.3124257,0,-1.3124257,-1.3124257,.71136796,0,.71136796,.71136796,-.079843678,0,-.079843678,-.079843678,-.27992615,0,-.27992615,-.27992615,-.023356237,0,-.023356237,-.023356237
24.9,27,.42716444,0,.42716444,.42716444,-1.2527697,0,-1.2527697,-1.2527697,.67903292,0,.67903292,.67903292,-.07621441,0,-.07621441,-.07621441,-.26720217,0,-.26720217,-.26720217,-.022294587,0,-.022294587,-.022294587
25,27,.40682319,0,.40682319,.40682319,-1.1931138,0,-1.1931138,-1.1931138,.64669794,0,.64669794,.64669794,-.072585136,0,-.072585136,-.072585136,-.25447822,0,-.25447822,-.25447822,-.021232935,0,-.021232935,-.021232935
25.1,27,.38648197,0,.38648197,.38648197,-1.1334579,0,-1.1334579,-1.1334579,.6143629,0,.6143629,.6143629,-.068955868,0,-.068955868,-.068955868,-.24175426,0,-.24175426,-.24175426,-.020171285,0,-.020171285,-.020171285
25.2,27,.36614072,0,.36614072,.36614072,-1.073802,0,-1.073802,-1.073802,.58202791,0,.58202791,.58202791,-.065326594,0,-.065326594,-.065326594,-.2290303,0,-.2290303,-.2290303,-.019109633,0,-.019109633,-.019109633
25.3,27,.34579986,0,.34579986,.34579986,-1.0141473,0,-1.0141473,-1.0141473,.54969347,0,.54969347,.54969347,-.061697394,0,-.061697394,-.061697394,-.21630658,0,-.21630658,-.21630658,-.018048003,0,-.018048003,-.018048003
25.4,27,.32545865,0,.32545865,.32545865,-.95449132,0,-.95449132,-.95449132,.51735848,0,.51735848,.51735848,-.058068123,0,-.058068123,-.058068123,-.20358263,0,-.20358263,-.20358263,-.016986351,0,-.016986351,-.016986351
25.5,27,.3051174,0,.3051174,.3051174,-.89483541,0,-.89483541,-.89483541,.48502344,0,.48502344,.48502344,-.054438855,0,-.054438855,-.054438855,-.19085866,0,-.19085866,-.19085866,-.015924701,0,-.015924701,-.015924701
25.6,27,.28477615,0,.28477615,.28477615,-.83517945,0,-.83517945,-.83517945,.45268843,0,.45268843,.45268843,-.050809585,0,-.050809585,-.050809585,-.17813471,0,-.17813471,-.17813471,-.014863051,0,-.014863051,-.014863051
25.7,27,.26443493,0,.26443493,.26443493,-.77552354,0,-.77552354,-.77552354,.42035341,0,.42035341,.42035341,-.047180314,0,-.047180314,-.047180314,-.16541074,0,-.16541074,-.16541074,-.0138014,0,-.0138014,-.0138014
25.8,27,.24409407,0,.24409407,.24409407,-.71586877,0,-.71586877,-.71586877,.388019,0,.388019,.388019,-.04355111,0,-.04355111,-.04355111,-.15268703,0,-.15268703,-.15268703,-.012739769,0,-.012739769,-.012739769
25.9,27,.22375284,0,.22375284,.22375284,-.65621287,0,-.65621287,-.65621287,.35568398,0,.35568398,.35568398,-.039921839,0,-.039921839,-.039921839,-.13996308,0,-.13996308,-.13996308,-.011678118,0,-.011678118,-.011678118
26,27,.20341159,0,.20341159,.20341159,-.5965569,0,-.5965569,-.5965569,.32334897,0,.32334897,.32334897,-.036292568,0,-.036292568,-.036292568,-.12723911,0,-.12723911,-.12723911,-.010616467,0,-.010616467,-.010616467
26.1,27,.18307036,0,.18307036,.18307036,-.536901,0,-.536901,-.536901,.29101396,0,.29101396,.29101396,-.032663297,0,-.032663297,-.032663297,-.11451515,0,-.11451515,-.11451515,-.0095548164,0,-.0095548164,-.0095548164
26.2,27,.16272913,0,.16272913,.16272913,-.47724509,0,-.47724509,-.47724509,.25867891,0,.25867891,.25867891,-.029034028,0,-.029034028,-.029034028,-.10179119,0,-.10179119,-.10179119,-.0084931655,0,-.0084931655,-.0084931655
26.3,27,.14238827,0,.14238827,.14238827,-.41759029,0,-.41759029,-.41759029,.22634453,0,.22634453,.22634453,-.025404826,0,-.025404826,-.025404826,-.089067474,0,-.089067474,-.089067474,-.0074315355,0,-.0074315355,-.0074315355
26.4,27,.12204704,0,.12204704,.12204704,-.35793439,0,-.35793439,-.35793439,.1940095,0,.1940095,.1940095,-.021775555,0,-.021775555,-.021775555,-.076343514,0,-.076343514,-.076343514,-.0063698846,0,-.0063698846,-.0063698846
26.5,27,.1017058,0,.1017058,.1017058,-.29827845,0,-.29827845,-.29827845,.16167448,0,.16167448,.16167448,-.018146284,0,-.018146284,-.018146284,-.063619554,0,-.063619554,-.063619554,-.0053082337,0,-.0053082337,-.0053082337
26.6,27,.081364565,0,.081364565,.081364565,-.23862255,0,-.23862255,-.23862255,.12933946,0,.12933946,.12933946,-.014517014,0,-.014517014,-.014517014,-.050895594,0,-.050895594,-.050895594,-.0042465827,0,-.0042465827,-.0042465827
26.7,27,.061023325,0,.061023325,.061023325,-.17896663,0,-.17896663,-.17896663,.097004443,0,.097004443,.097004443,-.010887743,0,-.010887743,-.010887743,-.038171638,0,-.038171638,-.038171638,-.0031849321,0,-.0031849321,-.0031849321
26.8,27,.040682476,0,.040682476,.040682476,-.11931184,0,-.11931184,-.11931184,.064670041,0,.064670041,.064670041,-.0072585414,0,-.0072585414,-.0072585414,-.02544792,0,-.02544792,-.02544792,-.0021233016,0,-.0021233016,-.0021233016
26.9,27,.020341238,0,.020341238,.020341238,-.05965592,0,-.05965592,-.05965592,.032335021,0,.032335021,.032335021,-.0036292707,0,-.0036292707,-.0036292707,-.01272396,0,-.01272396,-.01272396,-.0010616508,0,-.0010616508,-.0010616508
27,27,0,0,0,0,0,0,0,0,0,0,0,0,0,0,0,0,0,0,0,0,0,0,0,0
27.1,27,-.020340277,0,-.020340277,-.020340277,.059652489,0,.059652489,.059652489,-.032330953,0,-.032330953,-.032330953,.0036291608,0,.0036291608,.0036291608,.012721346,0,.012721346,.012721346,.0010622374,0,.0010622374,.0010622374
27.2,27,-.040674794,0,-.040674794,-.040674794,.11928438,0,.11928438,.11928438,-.064637512,0,-.064637512,-.064637512,.0072576622,0,.0072576622,.0072576622,.02542701,0,.02542701,.02542701,.0021279946,0,.0021279946,.0021279946
27.3,27,-.0609974,0,-.0609974,-.0609974,.17887396,0,.17887396,.17887396,-.096894667,0,-.096894667,-.096894667,.010884775,0,.010884775,.010884775,.038101066,0,.038101066,.038101066,.0032007713,0,.0032007713,.0032007713
27.4,27,-.081303112,0,-.081303112,-.081303112,.2384029,0,.2384029,.2384029,-.12907925,0,-.12907925,-.12907925,.014509978,0,.014509978,.014509978,.050728321,0,.050728321,.050728321,.0042841276,0,.0042841276,.0042841276
27.5,27,-.10158578,0,-.10158578,-.10158578,.29784948,0,.29784948,.29784948,-.16116627,0,-.16116627,-.16116627,.018132543,0,.018132543,.018132543,.063292846,0,.063292846,.063292846,.0053815632,0,.0053815632,.0053815632
27.6,27,-.12183964,0,-.12183964,-.12183964,.35719311,0,.35719311,.35719311,-.1931313,0,-.1931313,-.1931313,.02175181,0,.02175181,.02175181,.075778961,0,.075778961,.075778961,.0064965975,0,.0064965975,.0064965975
27.7,27,-.14205894,0,-.14205894,-.14205894,.41641316,0,.41641316,.41641316,-.22494996,0,-.22494996,-.22494996,.02536712,0,.02536712,.02536712,.08817099,0,.08817099,.08817099,.007632751,0,.007632751,.007632751
27.8,27,-.16223752,0,-.16223752,-.16223752,.47548798,0,.47548798,.47548798,-.25659725,0,-.25659725,-.25659725,.028977742,0,.028977742,.028977742,.100453,0,.100453,.100453,.0087935226,0,.0087935226,.0087935226
27.9,27,-.18237041,0,-.18237041,-.18237041,.53439915,0,.53439915,.53439915,-.28805,0,-.28805,-.28805,.032583158,0,.032583158,.032583158,.11260979,0,.11260979,.11260979,.0099824732,0,.0099824732,.0099824732
28,27,-.20245144,0,-.20245144,-.20245144,.59312505,0,.59312505,.59312505,-.31928319,0,-.31928319,-.31928319,.036182638,0,.036182638,.036182638,.12462544,0,.12462544,.12462544,.011203102,0,.011203102,.011203102
28.1,27,-.22247486,0,-.22247486,-.22247486,.651645,0,.651645,.651645,-.35027242,0,-.35027242,-.35027242,.039775521,0,.039775521,.039775521,.13648428,0,.13648428,.13648428,.012458929,0,.012458929,.012458929
28.2,27,-.24243492,0,-.24243492,-.24243492,.70993847,0,.70993847,.70993847,-.38099331,0,-.38099331,-.38099331,.04336115,0,.04336115,.04336115,.14817062,0,.14817062,.14817062,.013753473,0,.013753473,.013753473
28.3,27,-.26232544,0,-.26232544,-.26232544,.76798373,0,.76798373,.76798373,-.41142088,0,-.41142088,-.41142088,.046938792,0,.046938792,.046938792,.15966853,0,.15966853,.15966853,.015090236,0,.015090236,.015090236
28.4,27,-.28214148,0,-.28214148,-.28214148,.82576239,0,.82576239,.82576239,-.4415319,0,-.4415319,-.4415319,.050507929,0,.050507929,.050507929,.17096281,0,.17096281,.17096281,.016472775,0,.016472775,.016472775
28.5,27,-.30187684,0,-.30187684,-.30187684,.88325286,0,.88325286,.88325286,-.47130141,0,-.47130141,-.47130141,.054067835,0,.054067835,.054067835,.18203755,0,.18203755,.18203755,.017904593,0,.017904593,.017904593
28.6,27,-.32152581,0,-.32152581,-.32152581,.9404344,0,.9404344,.9404344,-.500705,0,-.500705,-.500705,.057617843,0,.057617843,.057617843,.19287705,0,.19287705,.19287705,.019389207,0,.019389207,.019389207
28.7,27,-.3410826,0,-.3410826,-.3410826,.99728644,0,.99728644,.99728644,-.52971828,0,-.52971828,-.52971828,.061157301,0,.061157301,.061157301,.20346566,0,.20346566,.20346566,.020930137,0,.020930137,.020930137
28.8,27,-.36054108,0,-.36054108,-.36054108,1.0537874,0,1.0537874,1.0537874,-.55831623,0,-.55831623,-.55831623,.064685471,0,.064685471,.064685471,.21378742,0,.21378742,.21378742,.022530884,0,.022530884,.022530884
28.9,27,-.37989622,0,-.37989622,-.37989622,1.1099187,0,1.1099187,1.1099187,-.58647567,0,-.58647567,-.58647567,.068201847,0,.068201847,.068201847,.22382715,0,.22382715,.22382715,.02419501,0,.02419501,.02419501
29,27,-.39914191,0,-.39914191,-.39914191,1.165659,0,1.165659,1.165659,-.61417162,0,-.61417162,-.61417162,.071705684,0,.071705684,.071705684,.23356892,0,.23356892,.23356892,.025926009,0,.025926009,.025926009
29.1,27,-.41827238,0,-.41827238,-.41827238,1.2209872,0,1.2209872,1.2209872,-.64137965,0,-.64137965,-.64137965,.075196333,0,.075196333,.075196333,.24299705,0,.24299705,.24299705,.027727405,0,.027727405,.027727405
29.2,27,-.43728188,0,-.43728188,-.43728188,1.2758832,0,1.2758832,1.2758832,-.66807544,0,-.66807544,-.66807544,.078673124,0,.078673124,.078673124,.25209585,0,.25209585,.25209585,.029602719,0,.029602719,.029602719
29.3,27,-.45616424,0,-.45616424,-.45616424,1.3303249,0,1.3303249,1.3303249,-.69423389,0,-.69423389,-.69423389,.082135342,0,.082135342,.082135342,.26084942,0,.26084942,.26084942,.031555448,0,.031555448,.031555448
29.4,27,-.47491449,0,-.47491449,-.47491449,1.3842943,0,1.3842943,1.3842943,-.71983188,0,-.71983188,-.71983188,.085582457,0,.085582457,.085582457,.26924253,0,.26924253,.26924253,.033589151,0,.033589151,.033589151
29.5,27,-.49352646,0,-.49352646,-.49352646,1.4377694,0,1.4377694,1.4377694,-.74484444,0,-.74484444,-.74484444,.08901374,0,.08901374,.08901374,.27725929,0,.27725929,.27725929,.035707332,0,.035707332,.035707332
29.6,27,-.51199442,0,-.51199442,-.51199442,1.4907297,0,1.4907297,1.4907297,-.76924711,0,-.76924711,-.76924711,.092428535,0,.092428535,.092428535,.28488401,0,.28488401,.28488401,.037913505,0,.037913505,.037913505
29.7,27,-.5303126,0,-.5303126,-.5303126,1.5431547,0,1.5431547,1.5431547,-.79301548,0,-.79301548,-.79301548,.095826179,0,.095826179,.095826179,.29210097,0,.29210097,.29210097,.040211193,0,.040211193,.040211193
29.8,27,-.54847485,0,-.54847485,-.54847485,1.5950226,0,1.5950226,1.5950226,-.81612462,0,-.81612462,-.81612462,.099205941,0,.099205941,.099205941,.29889429,0,.29889429,.29889429,.042603899,0,.042603899,.042603899
29.9,27,-.56647617,0,-.56647617,-.56647617,1.646315,0,1.646315,1.646315,-.83855134,0,-.83855134,-.83855134,.10256731,0,.10256731,.10256731,.30524874,0,.30524874,.30524874,.045095179,0,.045095179,.045095179
30,27,-.58431041,0,-.58431041,-.58431041,1.6970104,0,1.6970104,1.6970104,-.86027056,0,-.86027056,-.86027056,.10590955,0,.10590955,.10590955,.31114843,0,.31114843,.31114843,.047688529,0,.047688529,.047688529
30.1,27,-.60197186,0,-.60197186,-.60197186,1.747088,0,1.747088,1.747088,-.88125801,0,-.88125801,-.88125801,.109232,0,.109232,.109232,.31657767,0,.31657767,.31657767,.050387476,0,.050387476,.050387476
30.2,27,-.61945468,0,-.61945468,-.61945468,1.7965271,0,1.7965271,1.7965271,-.90148914,0,-.90148914,-.90148914,.112534,0,.112534,.112534,.32152075,0,.32152075,.32152075,.05319554,0,.05319554,.05319554
30.3,27,-.63675278,0,-.63675278,-.63675278,1.8453064,0,1.8453064,1.8453064,-.92093909,0,-.92093909,-.92093909,.11581483,0,.11581483,.11581483,.32596177,0,.32596177,.32596177,.056116212,0,.056116212,.056116212
30.4,27,-.65386117,0,-.65386117,-.65386117,1.8934072,0,1.8934072,1.8934072,-.93958455,0,-.93958455,-.93958455,.11907396,0,.11907396,.11907396,.32988551,0,.32988551,.32988551,.059153065,0,.059153065,.059153065
30.5,27,-.67077368,0,-.67077368,-.67077368,1.9408079,0,1.9408079,1.9408079,-.95740062,0,-.95740062,-.95740062,.12231067,0,.12231067,.12231067,.33327609,0,.33327609,.33327609,.062309586,0,.062309586,.062309586
30.6,27,-.68748456,0,-.68748456,-.68748456,1.9874879,0,1.9874879,1.9874879,-.97436291,0,-.97436291,-.97436291,.12552428,0,.12552428,.12552428,.3361178,0,.3361178,.3361178,.065589294,0,.065589294,.065589294
30.7,27,-.70398802,0,-.70398802,-.70398802,2.0334268,0,2.0334268,2.0334268,-.99044693,0,-.99044693,-.99044693,.12871416,0,.12871416,.12871416,.33839491,0,.33839491,.33839491,.068995729,0,.068995729,.068995729
30.8,27,-.72027791,0,-.72027791,-.72027791,2.0786023,0,2.0786023,2.0786023,-1.0056279,0,-1.0056279,-1.0056279,.13187955,0,.13187955,.13187955,.34009162,0,.34009162,.34009162,.072532371,0,.072532371,.072532371
30.9,27,-.73634934,0,-.73634934,-.73634934,2.1229968,0,2.1229968,2.1229968,-1.0198822,0,-1.0198822,-1.0198822,.13501996,0,.13501996,.13501996,.3411926,0,.3411926,.3411926,.076202787,0,.076202787,.076202787
31,27,-.75219607,0,-.75219607,-.75219607,2.1665881,0,2.1665881,2.1665881,-1.0331854,0,-1.0331854,-1.0331854,.13813464,0,.13813464,.13813464,.34168202,0,.34168202,.34168202,.080010466,0,.080010466,.080010466
31.1,27,-.76781231,0,-.76781231,-.76781231,2.2093558,0,2.2093558,2.2093558,-1.0455126,0,-1.0455126,-1.0455126,.14122294,0,.14122294,.14122294,.34154412,0,.34154412,.34154412,.083958946,0,.083958946,.083958946
31.2,27,-.78319246,0,-.78319246,-.78319246,2.2512794,0,2.2512794,2.2512794,-1.0568397,0,-1.0568397,-1.0568397,.14428419,0,.14428419,.14428419,.34076333,0,.34076333,.34076333,.088051729,0,.088051729,.088051729
31.3,27,-.79833013,0,-.79833013,-.79833013,2.2923367,0,2.2923367,2.2923367,-1.0671415,0,-1.0671415,-1.0671415,.14731766,0,.14731766,.14731766,.33932355,0,.33932355,.33932355,.092292346,0,.092292346,.092292346
31.4,27,-.81322056,0,-.81322056,-.81322056,2.33251,0,2.33251,2.33251,-1.076395,0,-1.076395,-1.076395,.15032285,0,.15032285,.15032285,.33720973,0,.33720973,.33720973,.096684314,0,.096684314,.096684314
31.5,27,-.82785749,0,-.82785749,-.82785749,2.3717773,0,2.3717773,2.3717773,-1.0845753,0,-1.0845753,-1.0845753,.15329902,0,.15329902,.15329902,.33440596,0,.33440596,.33440596,.10123116,0,.10123116,.10123116
31.6,27,-.84223515,0,-.84223515,-.84223515,2.4101179,0,2.4101179,2.4101179,-1.0916576,0,-1.0916576,-1.0916576,.15624551,0,.15624551,.15624551,.33089647,0,.33089647,.33089647,.10593639,0,.10593639,.10593639
31.7,27,-.8563478,0,-.8563478,-.8563478,2.4475112,0,2.4475112,2.4475112,-1.097618,0,-1.097618,-1.097618,.15916166,0,.15916166,.15916166,.32666561,0,.32666561,.32666561,.11080354,0,.11080354,.11080354
31.8,27,-.87018931,0,-.87018931,-.87018931,2.4839356,0,2.4839356,2.4839356,-1.1024309,0,-1.1024309,-1.1024309,.16204673,0,.16204673,.16204673,.32169738,0,.32169738,.32169738,.11583611,0,.11583611,.11583611
31.9,27,-.88375467,0,-.88375467,-.88375467,2.5193729,0,2.5193729,2.5193729,-1.1060736,0,-1.1060736,-1.1060736,.16490021,0,.16490021,.16490021,.31597671,0,.31597671,.31597671,.12103764,0,.12103764,.12103764
32,27,-.8970378,0,-.8970378,-.8970378,2.5538013,0,2.5538013,2.5538013,-1.1085211,0,-1.1085211,-1.1085211,.16772138,0,.16772138,.16772138,.30948767,0,.30948767,.30948767,.12641163,0,.12641163,.12641163
32.1,27,-.91003245,0,-.91003245,-.91003245,2.5871987,0,2.5871987,2.5871987,-1.1097481,0,-1.1097481,-1.1097481,.17050949,0,.17050949,.17050949,.30221424,0,.30221424,.30221424,.1319616,0,.1319616,.1319616
32.2,27,-.92273408,0,-.92273408,-.92273408,2.6195486,0,2.6195486,2.6195486,-1.1097324,0,-1.1097324,-1.1097324,.1732641,0,.1732641,.1732641,.29414156,0,.29414156,.29414156,.13769111,0,.13769111,.13769111
32.3,27,-.9351353,0,-.9351353,-.9351353,2.650825,0,2.650825,2.650825,-1.1084466,0,-1.1084466,-1.1084466,.17598426,0,.17598426,.17598426,.28525284,0,.28525284,.28525284,.14360364,0,.14360364,.14360364
32.4,27,-.94723207,0,-.94723207,-.94723207,2.6810126,0,2.6810126,2.6810126,-1.1058694,0,-1.1058694,-1.1058694,.17866963,0,.17866963,.17866963,.27553353,0,.27553353,.27553353,.14970274,0,.14970274,.14970274
32.5,27,-.95901692,0,-.95901692,-.95901692,2.7100861,0,2.7100861,2.7100861,-1.1019735,0,-1.1019735,-1.1019735,.18131922,0,.18131922,.18131922,.26496691,0,.26496691,.26496691,.15599187,0,.15599187,.15599187
32.6,27,-.97048491,0,-.97048491,-.97048491,2.7380271,0,2.7380271,2.7380271,-1.096736,0,-1.096736,-1.096736,.18393254,0,.18393254,.18393254,.25353777,0,.25353777,.25353777,.16247457,0,.16247457,.16247457
32.7,27,-.9816311,0,-.9816311,-.9816311,2.7648172,0,2.7648172,2.7648172,-1.0901337,0,-1.0901337,-1.0901337,.18650907,0,.18650907,.18650907,.24123098,0,.24123098,.24123098,.16915444,0,.16915444,.16915444
32.8,27,-.99244803,0,-.99244803,-.99244803,2.790431,0,2.790431,2.790431,-1.0821394,0,-1.0821394,-1.0821394,.18904786,0,.18904786,.18904786,.22802967,0,.22802967,.22802967,.17603491,0,.17603491,.17603491
32.9,27,-1.0029317,0,-1.0029317,-1.0029317,2.8148532,0,2.8148532,2.8148532,-1.0727316,0,-1.0727316,-1.0727316,.19154853,0,.19154853,.19154853,.21391943,0,.21391943,.21391943,.18311955,0,.18311955,.18311955
33,27,-1.0130746,0,-1.0130746,-1.0130746,2.8380582,0,2.8380582,2.8380582,-1.0618832,0,-1.0618832,-1.0618832,.19401014,0,.19401014,.19401014,.19888343,0,.19888343,.19888343,.19041182,0,.19041182,.19041182
33.1,27,-1.022872,0,-1.022872,-1.022872,2.8600276,0,2.8600276,2.8600276,-1.0495713,0,-1.0495713,-1.0495713,.19643219,0,.19643219,.19643219,.18290655,0,.18290655,.18290655,.19791529,0,.19791529,.19791529
33.2,27,-1.0323187,0,-1.0323187,-1.0323187,2.8807433,0,2.8807433,2.8807433,-1.0357724,0,-1.0357724,-1.0357724,.19881412,0,.19881412,.19881412,.16597356,0,.16597356,.16597356,.20563349,0,.20563349,.20563349
33.3,27,-1.0414073,0,-1.0414073,-1.0414073,2.9001799,0,2.9001799,2.9001799,-1.0204595,0,-1.0204595,-1.0204595,.20115504,0,.20115504,.20115504,.14806761,0,.14806761,.14806761,.21356991,0,.21356991,.21356991
33.4,27,-1.0501339,0,-1.0501339,-1.0501339,2.9183216,0,2.9183216,2.9183216,-1.0036114,0,-1.0036114,-1.0036114,.20345454,0,.20345454,.20345454,.12917437,0,.12917437,.12917437,.22172809,0,.22172809,.22172809
33.5,27,-1.058491,0,-1.058491,-1.058491,2.9351435,0,2.9351435,2.9351435,-.98520076,0,-.98520076,-.98520076,.20571168,0,.20571168,.20571168,.10927699,0,.10927699,.10927699,.23011149,0,.23011149,.23011149
33.6,27,-1.0664736,0,-1.0664736,-1.0664736,2.9506266,0,2.9506266,2.9506266,-.96520448,0,-.96520448,-.96520448,.20792595,0,.20792595,.20792595,.088360325,0,.088360325,.088360325,.23872368,0,.23872368,.23872368
33.7,27,-1.0740768,0,-1.0740768,-1.0740768,2.9647532,0,2.9647532,2.9647532,-.94359916,0,-.94359916,-.94359916,.21009682,0,.21009682,.21009682,.066408977,0,.066408977,.066408977,.24756825,0,.24756825,.24756825
33.8,27,-1.0812931,0,-1.0812931,-1.0812931,2.9774976,0,2.9774976,2.9774976,-.92035818,0,-.92035818,-.92035818,.21222337,0,.21222337,.21222337,.043406438,0,.043406438,.043406438,.2566486,0,.2566486,.2566486
33.9,27,-1.0881186,0,-1.0881186,-1.0881186,2.9888442,0,2.9888442,2.9888442,-.89545971,0,-.89545971,-.89545971,.21430519,0,.21430519,.21430519,.019338116,0,.019338116,.019338116,.26596832,0,.26596832,.26596832
34,27,-1.0945457,0,-1.0945457,-1.0945457,2.9987679,0,2.9987679,2.9987679,-.86887687,0,-.86887687,-.86887687,.21634138,0,.21634138,.21634138,-.0058126724,0,-.0058126724,-.0058126724,.27553084,0,.27553084,.27553084
34.1,27,-1.1005696,0,-1.1005696,-1.1005696,3.0072503,0,3.0072503,3.0072503,-.84058636,0,-.84058636,-.84058636,.21833138,0,.21833138,.21833138,-.032061234,0,-.032061234,-.032061234,.28533977,0,.28533977,.28533977
34.2,27,-1.1061853,0,-1.1061853,-1.1061853,3.0142727,0,3.0142727,3.0142727,-.81056505,0,-.81056505,-.81056505,.2202747,0,.2202747,.2202747,-.059422716,0,-.059422716,-.059422716,.29539865,0,.29539865,.29539865
34.3,27,-1.1113853,0,-1.1113853,-1.1113853,3.0198102,0,3.0198102,3.0198102,-.77878577,0,-.77878577,-.77878577,.22217038,0,.22217038,.22217038,-.08791405,0,-.08791405,-.08791405,.30571097,0,.30571097,.30571097
34.4,27,-1.1161656,0,-1.1161656,-1.1161656,3.0238471,0,3.0238471,3.0238471,-.7452271,0,-.7452271,-.7452271,.22401805,0,.22401805,.22401805,-.11754949,0,-.11754949,-.11754949,.31628022,0,.31628022,.31628022
34.5,27,-1.1205188,0,-1.1205188,-1.1205188,3.0263579,0,3.0263579,3.0263579,-.70986217,0,-.70986217,-.70986217,.22581679,0,.22581679,.22581679,-.1483458,0,-.1483458,-.1483458,.32710987,0,.32710987,.32710987
34.6,27,-1.12444,0,-1.12444,-1.12444,3.0273244,0,3.0273244,3.0273244,-.67266756,0,-.67266756,-.67266756,.22756605,0,.22756605,.22756605,-.18031828,0,-.18031828,-.18031828,.33820352,0,.33820352,.33820352
34.7,27,-1.1279241,0,-1.1279241,-1.1279241,3.0267282,0,3.0267282,3.0267282,-.63362026,0,-.63362026,-.63362026,.22926532,0,.22926532,.22926532,-.21348211,0,-.21348211,-.21348211,.34956473,0,.34956473,.34956473
34.8,27,-1.1309637,0,-1.1309637,-1.1309637,3.024544,0,3.024544,3.024544,-.59269291,0,-.59269291,-.59269291,.23091365,0,.23091365,.23091365,-.24785417,0,-.24785417,-.24785417,.36119696,0,.36119696,.36119696
34.9,27,-1.1335548,0,-1.1335548,-1.1335548,3.020756,0,3.020756,3.020756,-.54986441,0,-.54986441,-.54986441,.23251069,0,.23251069,.23251069,-.2834487,0,-.2834487,-.2834487,.37310374,0,.37310374,.37310374
35,27,-1.1356901,0,-1.1356901,-1.1356901,3.0153394,0,3.0153394,3.0153394,-.50510734,0,-.50510734,-.50510734,.23405546,0,.23405546,.23405546,-.32028264,0,-.32028264,-.32028264,.38528854,0,.38528854,.38528854
35.1,27,-1.1373644,0,-1.1373644,-1.1373644,3.008275,0,3.008275,3.008275,-.45839858,0,-.45839858,-.45839858,.23554748,0,.23554748,.23554748,-.35837123,0,-.35837123,-.35837123,.39775494,0,.39775494,.39775494
35.2,27,-1.1385729,0,-1.1385729,-1.1385729,2.9995453,0,2.9995453,2.9995453,-.40971547,0,-.40971547,-.40971547,.23698622,0,.23698622,.23698622,-.39772934,0,-.39772934,-.39772934,.41050646,0,.41050646,.41050646
35.3,27,-1.1393081,0,-1.1393081,-1.1393081,2.9891248,0,2.9891248,2.9891248,-.35903025,0,-.35903025,-.35903025,.23837072,0,.23837072,.23837072,-.43837419,0,-.43837419,-.43837419,.42354661,0,.42354661,.42354661
35.4,27,-1.1395663,0,-1.1395663,-1.1395663,2.9769981,0,2.9769981,2.9769981,-.30632252,0,-.30632252,-.30632252,.23970063,0,.23970063,.23970063,-.48031947,0,-.48031947,-.48031947,.4368788,0,.4368788,.4368788
35.5,27,-1.1393393,0,-1.1393393,-1.1393393,2.9631383,0,2.9631383,2.9631383,-.25156307,0,-.25156307,-.25156307,.24097496,0,.24097496,.24097496,-.52358341,0,-.52358341,-.52358341,.45050681,0,.45050681,.45050681
35.6,27,-1.1386228,0,-1.1386228,-1.1386228,2.9475284,0,2.9475284,2.9475284,-.19473027,0,-.19473027,-.19473027,.24219324,0,.24219324,.24219324,-.5681802,0,-.5681802,-.5681802,.46443397,0,.46443397,.46443397
35.7,27,-1.1374118,0,-1.1374118,-1.1374118,2.930151,0,2.930151,2.930151,-.13580178,0,-.13580178,-.13580178,.24335496,0,.24335496,.24335496,-.61412448,0,-.61412448,-.61412448,.47866371,0,.47866371,.47866371
35.8,27,-1.1356987,0,-1.1356987,-1.1356987,2.9109788,0,2.9109788,2.9109788,-.074748583,0,-.074748583,-.074748583,.24445912,0,.24445912,.24445912,-.66143429,0,-.66143429,-.66143429,.49319983,0,.49319983,.49319983
35.9,27,-1.1334795,0,-1.1334795,-1.1334795,2.8899977,0,2.8899977,2.8899977,-.011550817,0,-.011550817,-.011550817,.24550541,0,.24550541,.24550541,-.710123,0,-.710123,-.710123,.50804555,0,.50804555,.50804555
36,27,-1.1307466,0,-1.1307466,-1.1307466,2.8671811,0,2.8671811,2.8671811,.053820044,0,.053820044,.053820044,.24649283,0,.24649283,.24649283,-.76020843,0,-.76020843,-.76020843,.52320468,0,.52320468,.52320468
36.1,27,-1.1274952,0,-1.1274952,-1.1274952,2.8425109,0,2.8425109,2.8425109,.1213866,0,.1213866,.1213866,.24742089,0,.24742089,.24742089,-.81170529,0,-.81170529,-.81170529,.53868055,0,.53868055,.53868055
36.2,27,-1.1237206,0,-1.1237206,-1.1237206,2.8159704,0,2.8159704,2.8159704,.19117068,0,.19117068,.19117068,.24828909,0,.24828909,.24828909,-.86462802,0,-.86462802,-.86462802,.55447662,0,.55447662,.55447662
36.3,27,-1.1194149,0,-1.1194149,-1.1194149,2.7875321,0,2.7875321,2.7875321,.26320153,0,.26320153,.26320153,.24909644,0,.24909644,.24909644,-.91899472,0,-.91899472,-.91899472,.57059664,0,.57059664,.57059664
36.4,27,-1.1145746,0,-1.1145746,-1.1145746,2.7571821,0,2.7571821,2.7571821,.33749884,0,.33749884,.33749884,.24984261,0,.24984261,.24984261,-.97481871,0,-.97481871,-.97481871,.58704388,0,.58704388,.58704388
36.5,27,-1.1091917,0,-1.1091917,-1.1091917,2.7248933,0,2.7248933,2.7248933,.41409132,0,.41409132,.41409132,.25052661,0,.25052661,.25052661,-1.0321178,0,-1.0321178,-1.0321178,.60382205,0,.60382205,.60382205
36.6,27,-1.1032615,0,-1.1032615,-1.1032615,2.6906486,0,2.6906486,2.6906486,.49300134,0,.49300134,.49300134,.25114796,0,.25114796,.25114796,-1.0909069,0,-1.0909069,-1.0909069,.62093467,0,.62093467,.62093467
36.7,27,-1.0967792,0,-1.0967792,-1.0967792,2.6544302,0,2.6544302,2.6544302,.574251,0,.574251,.574251,.25170615,0,.25170615,.25170615,-1.1512001,0,-1.1512001,-1.1512001,.63838506,0,.63838506,.63838506
36.8,27,-1.0897371,0,-1.0897371,-1.0897371,2.6162109,0,2.6162109,2.6162109,.65786952,0,.65786952,.65786952,.25220019,0,.25220019,.25220019,-1.2130158,0,-1.2130158,-1.2130158,.65617698,0,.65617698,.65617698
36.9,27,-1.0821314,0,-1.0821314,-1.0821314,2.5759773,0,2.5759773,2.5759773,.74387604,0,.74387604,.74387604,.25262979,0,.25262979,.25262979,-1.2763671,0,-1.2763671,-1.2763671,.67431372,0,.67431372,.67431372
37,27,-1.0739543,0,-1.0739543,-1.0739543,2.5337019,0,2.5337019,2.5337019,.83230013,0,.83230013,.83230013,.25299388,0,.25299388,.25299388,-1.341272,0,-1.341272,-1.341272,.69279903,0,.69279903,.69279903
37.1,27,-1.065207,0,-1.065207,-1.065207,2.4893875,0,2.4893875,2.4893875,.92313945,0,.92313945,.92313945,.25329268,0,.25329268,.25329268,-1.4077296,0,-1.4077296,-1.4077296,.71163285,0,.71163285,.71163285
37.2,27,-1.0559134,0,-1.0559134,-1.0559134,2.443121,0,2.443121,2.443121,1.0162934,0,1.0162934,1.0162934,.25352901,0,.25352901,.25352901,-1.4756755,0,-1.4756755,-1.4756755,.73080087,0,.73080087,.73080087
37.3,27,-1.0461003,0,-1.0461003,-1.0461003,2.3949974,0,2.3949974,2.3949974,1.1116457,0,1.1116457,1.1116457,.25370577,0,.25370577,.25370577,-1.5450343,0,-1.5450343,-1.5450343,.7502858,0,.7502858,.7502858
37.4,27,-1.0357985,0,-1.0357985,-1.0357985,2.3451271,0,2.3451271,2.3451271,1.209069,0,1.209069,1.209069,.25382668,0,.25382668,.25382668,-1.6157246,0,-1.6157246,-1.6157246,.77006978,0,.77006978,.77006978
37.5,27,-1.0250348,0,-1.0250348,-1.0250348,2.293606,0,2.293606,2.293606,1.3084464,0,1.3084464,1.3084464,.2538946,0,.2538946,.2538946,-1.6876708,0,-1.6876708,-1.6876708,.79013556,0,.79013556,.79013556
37.6,27,-1.013839,0,-1.013839,-1.013839,2.2405405,0,2.2405405,2.2405405,1.4096537,0,1.4096537,1.4096537,.25391307,0,.25391307,.25391307,-1.7607934,0,-1.7607934,-1.7607934,.81046528,0,.81046528,.81046528
37.7,27,-1.002241,0,-1.002241,-1.002241,2.1860373,0,2.1860373,2.1860373,1.5125656,0,1.5125656,1.5125656,.25388557,0,.25388557,.25388557,-1.8350122,0,-1.8350122,-1.8350122,.83104122,0,.83104122,.83104122
37.8,27,-.99026752,0,-.99026752,-.99026752,2.130192,0,2.130192,2.130192,1.617066,0,1.617066,1.617066,.253815,0,.253815,.253815,-1.9102516,0,-1.9102516,-1.9102516,.8518461,0,.8518461,.8518461
37.9,27,-.97794944,0,-.97794944,-.97794944,2.0731149,0,2.0731149,2.0731149,1.7230272,0,1.7230272,1.7230272,.25370502,0,.25370502,.25370502,-1.9864306,0,-1.9864306,-1.9864306,.87286204,0,.87286204,.87286204
38,27,-.96531349,0,-.96531349,-.96531349,2.0149019,0,2.0149019,2.0149019,1.8303328,0,1.8303328,1.8303328,.25355861,0,.25355861,.25355861,-2.0634735,0,-2.0634735,-2.0634735,.8940717,0,.8940717,.8940717
38.1,27,-.95238936,0,-.95238936,-.95238936,1.955659,0,1.955659,1.955659,1.9388583,0,1.9388583,1.9388583,.2533792,0,.2533792,.2533792,-2.1413004,0,-2.1413004,-2.1413004,.91545731,0,.91545731,.91545731
38.2,27,-.93920726,0,-.93920726,-.93920726,1.8954936,0,1.8954936,1.8954936,2.0484784,0,2.0484784,2.0484784,.25317031,0,.25317031,.25317031,-2.2198315,0,-2.2198315,-2.2198315,.93700117,0,.93700117,.93700117
38.3,27,-.92579353,0,-.92579353,-.92579353,1.8345006,0,1.8345006,1.8345006,2.1590774,0,2.1590774,2.1590774,.25293484,0,.25293484,.25293484,-2.2989914,0,-2.2989914,-2.2989914,.95868599,0,.95868599,.95868599
38.4,27,-.91217911,0,-.91217911,-.91217911,1.7727901,0,1.7727901,1.7727901,2.2705278,0,2.2705278,2.2705278,.25267646,0,.25267646,.25267646,-2.3786991,0,-2.3786991,-2.3786991,.9804939,0,.9804939,.9804939
38.5,27,-.89839089,0,-.89839089,-.89839089,1.7104586,0,1.7104586,1.7104586,2.3827126,0,2.3827126,2.3827126,.25239813,0,.25239813,.25239813,-2.4588785,0,-2.4588785,-2.4588785,1.0024076,0,1.0024076,1.0024076
38.6,27,-.8844586,0,-.8844586,-.8844586,1.6476122,0,1.6476122,1.6476122,2.4955075,0,2.4955075,2.4955075,.2521033,0,.2521033,.2521033,-2.5394499,0,-2.5394499,-2.5394499,1.0244092,0,1.0244092,1.0244092
38.7,27,-.87041229,0,-.87041229,-.87041229,1.584358,0,1.584358,1.584358,2.6087868,0,2.6087868,2.6087868,.25179544,0,.25179544,.25179544,-2.6203332,0,-2.6203332,-2.6203332,1.046481,0,1.046481,1.046481
38.8,27,-.8562783,0,-.8562783,-.8562783,1.5207906,0,1.5207906,1.5207906,2.7224357,0,2.7224357,2.7224357,.25147751,0,.25147751,.25147751,-2.7014539,0,-2.7014539,-2.7014539,1.0686059,0,1.0686059,1.0686059
38.9,27,-.84208798,0,-.84208798,-.84208798,1.4570215,0,1.4570215,1.4570215,2.8363249,0,2.8363249,2.8363249,.2511532,0,.2511532,.2511532,-2.7827294,0,-2.7827294,-2.7827294,1.0907657,0,1.0907657,1.0907657
39,27,-.82786769,0,-.82786769,-.82786769,1.3931458,0,1.3931458,1.3931458,2.9503393,0,2.9503393,2.9503393,.25082538,0,.25082538,.25082538,-2.8640847,0,-2.8640847,-2.8640847,1.1129433,0,1.1129433,1.1129433
39.1,27,-.8136425,0,-.8136425,-.8136425,1.3292526,0,1.3292526,1.3292526,3.0643742,0,3.0643742,3.0643742,.25049701,0,.25049701,.25049701,-2.9454534,0,-2.9454534,-2.9454534,1.135124,0,1.135124,1.135124
39.2,27,-.79941863,0,-.79941863,-.79941863,1.2653636,0,1.2653636,1.2653636,3.1784055,0,3.1784055,3.1784055,.25016886,0,.25016886,.25016886,-3.0268202,0,-3.0268202,-3.0268202,1.1573043,0,1.1573043,1.1573043
39.3,27,-.78519356,0,-.78519356,-.78519356,1.2014707,0,1.2014707,1.2014707,3.2924399,0,3.2924399,3.2924399,.2498405,0,.2498405,.2498405,-3.1081886,0,-3.1081886,-3.1081886,1.1794847,0,1.1794847,1.1794847
39.4,27,-.77096963,0,-.77096963,-.77096963,1.1375815,0,1.1375815,1.1375815,3.406472,0,3.406472,3.406472,.24951231,0,.24951231,.24951231,-3.1895556,0,-3.1895556,-3.1895556,1.2016652,0,1.2016652,1.2016652
39.5,27,-.75674438,0,-.75674438,-.75674438,1.0736881,0,1.0736881,1.0736881,3.5205069,0,3.5205069,3.5205069,.24918394,0,.24918394,.24918394,-3.2709246,0,-3.2709246,-3.2709246,1.2238457,0,1.2238457,1.2238457
39.6,27,-.7425192,0,-.7425192,-.7425192,1.0097948,0,1.0097948,1.0097948,3.634542,0,3.634542,3.634542,.24885558,0,.24885558,.24885558,-3.3522933,0,-3.3522933,-3.3522933,1.2460264,0,1.2460264,1.2460264
39.7,27,-.72829539,0,-.72829539,-.72829539,.94590598,0,.94590598,.94590598,3.7485733,0,3.7485733,3.7485733,.24852741,0,.24852741,.24852741,-3.43366,0,-3.43366,-3.43366,1.2682067,0,1.2682067,1.2682067
39.8,27,-.71407026,0,-.71407026,-.71407026,.88201308,0,.88201308,.88201308,3.8626077,0,3.8626077,3.8626077,.24819905,0,.24819905,.24819905,-3.5150285,0,-3.5150285,-3.5150285,1.2903872,0,1.2903872,1.2903872
39.9,27,-.69984633,0,-.69984633,-.69984633,.81812376,0,.81812376,.81812376,3.9766395,0,3.9766395,3.9766395,.24787088,0,.24787088,.24787088,-3.5963955,0,-3.5963955,-3.5963955,1.3125676,0,1.3125676,1.3125676
40,27,-.68562114,0,-.68562114,-.68562114,.7542305,0,.7542305,.7542305,4.0906744,0,4.0906744,4.0906744,.2475425,0,.2475425,.2475425,-3.6777644,0,-3.6777644,-3.6777644,1.3347481,0,1.3347481,1.3347481
40.1,27,-.6713959,0,-.6713959,-.6713959,.69033718,0,.69033718,.69033718,4.2047095,0,4.2047095,4.2047095,.24721414,0,.24721414,.24721414,-3.7591331,0,-3.7591331,-3.7591331,1.3569288,0,1.3569288,1.3569288
40.2,27,-.65717196,0,-.65717196,-.65717196,.62644786,0,.62644786,.62644786,4.3187413,0,4.3187413,4.3187413,.24688596,0,.24688596,.24688596,-3.8405001,0,-3.8405001,-3.8405001,1.3791091,0,1.3791091,1.3791091
40.3,27,-.64294702,0,-.64294702,-.64294702,.56255543,0,.56255543,.56255543,4.4327755,0,4.4327755,4.4327755,.24655761,0,.24655761,.24655761,-3.9218683,0,-3.9218683,-3.9218683,1.4012896,0,1.4012896,1.4012896
40.4,27,-.62872303,0,-.62872303,-.62872303,.49866611,0,.49866611,.49866611,4.5468073,0,4.5468073,4.5468073,.24622944,0,.24622944,.24622944,-4.0032353,0,-4.0032353,-4.0032353,1.42347,0,1.42347,1.42347
40.5,27,-.61449784,0,-.61449784,-.61449784,.43477282,0,.43477282,.43477282,4.6608424,0,4.6608424,4.6608424,.24590106,0,.24590106,.24590106,-4.0846043,0,-4.0846043,-4.0846043,1.4456506,0,1.4456506,1.4456506
40.6,27,-.60027266,0,-.60027266,-.60027266,.37087953,0,.37087953,.37087953,4.7748771,0,4.7748771,4.7748771,.24557269,0,.24557269,.24557269,-4.1659727,0,-4.1659727,-4.1659727,1.4678313,0,1.4678313,1.4678313
40.7,27,-.58604866,0,-.58604866,-.58604866,.30699021,0,.30699021,.30699021,4.8889089,0,4.8889089,4.8889089,.24524452,0,.24524452,.24524452,-4.2473397,0,-4.2473397,-4.2473397,1.4900116,0,1.4900116,1.4900116
40.8,27,-.57182348,0,-.57182348,-.57182348,.24309692,0,.24309692,.24309692,5.002944,0,5.002944,5.002944,.24491614,0,.24491614,.24491614,-4.3287086,0,-4.3287086,-4.3287086,1.5121921,0,1.5121921,1.5121921
40.9,27,-.55759996,0,-.55759996,-.55759996,.17920926,0,.17920926,.17920926,5.1169739,0,5.1169739,5.1169739,.24458802,0,.24458802,.24458802,-4.4100747,0,-4.4100747,-4.4100747,1.5343722,0,1.5343722,1.5343722
41,27,-.54337454,0,-.54337454,-.54337454,.11531514,0,.11531514,.11531514,5.23101,0,5.23101,5.23101,.24425963,0,.24425963,.24425963,-4.4914441,0,-4.4914441,-4.4914441,1.556553,0,1.556553,1.556553
41.1,27,-.52914935,0,-.52914935,-.52914935,.051421858,0,.051421858,.051421858,5.3450451,0,5.3450451,5.3450451,.24393125,0,.24393125,.24393125,-4.5728126,0,-4.5728126,-4.5728126,1.5787336,0,1.5787336,1.5787336
41.2,27,-.51492536,0,-.51492536,-.51492536,-.012467474,0,-.012467474,-.012467474,5.4590769,0,5.4590769,5.4590769,.24360307,0,.24360307,.24360307,-4.6541796,0,-4.6541796,-4.6541796,1.600914,0,1.600914,1.600914
41.3,27,-.50070018,0,-.50070018,-.50070018,-.076360755,0,-.076360755,-.076360755,5.5731115,0,5.5731115,5.5731115,.2432747,0,.2432747,.2432747,-4.7355485,0,-4.7355485,-4.7355485,1.6230946,0,1.6230946,1.6230946
41.4,27,-.48647669,0,-.48647669,-.48647669,-.14024842,0,-.14024842,-.14024842,5.6871414,0,5.6871414,5.6871414,.24294658,0,.24294658,.24294658,-4.8169141,0,-4.8169141,-4.8169141,1.6452746,0,1.6452746,1.6452746
41.5,27,-.47225127,0,-.47225127,-.47225127,-.20414253,0,-.20414253,-.20414253,5.8011775,0,5.8011775,5.8011775,.24261817,0,.24261817,.24261817,-4.898284,0,-4.898284,-4.898284,1.6674554,0,1.6674554,1.6674554
41.6,27,-.45802605,0,-.45802605,-.45802605,-.26803583,0,-.26803583,-.26803583,5.9152126,0,5.9152126,5.9152126,.24228981,0,.24228981,.24228981,-4.9796524,0,-4.9796524,-4.9796524,1.689636,0,1.689636,1.689636
41.7,27,-.44380209,0,-.44380209,-.44380209,-.33192515,0,-.33192515,-.33192515,6.0292444,0,6.0292444,6.0292444,.24196163,0,.24196163,.24196163,-5.0610194,0,-5.0610194,-5.0610194,1.7118164,0,1.7118164,1.7118164
41.8,27,-.42957714,0,-.42957714,-.42957714,-.39581758,0,-.39581758,-.39581758,6.1432786,0,6.1432786,6.1432786,.24163328,0,.24163328,.24163328,-5.1423879,0,-5.1423879,-5.1423879,1.7339969,0,1.7339969,1.7339969
41.9,27,-.41535342,0,-.41535342,-.41535342,-.4597061,0,-.4597061,-.4597061,6.2573094,0,6.2573094,6.2573094,.24130513,0,.24130513,.24130513,-5.2237539,0,-5.2237539,-5.2237539,1.7561771,0,1.7561771,1.7561771
42,27,-.40112796,0,-.40112796,-.40112796,-.52360022,0,-.52360022,-.52360022,6.371345,0,6.371345,6.371345,.24097674,0,.24097674,.24097674,-5.3051233,0,-5.3051233,-5.3051233,1.7783579,0,1.7783579,1.7783579
42.1,27,-.38690278,0,-.38690278,-.38690278,-.58749348,0,-.58749348,-.58749348,6.4853802,0,6.4853802,6.4853802,.24064837,0,.24064837,.24064837,-5.3864923,0,-5.3864923,-5.3864923,1.8005384,0,1.8005384,1.8005384
42.2,27,-.37267882,0,-.37267882,-.37267882,-.6513828,0,-.6513828,-.6513828,6.599412,0,6.599412,6.599412,.24032019,0,.24032019,.24032019,-5.4678593,0,-5.4678593,-5.4678593,1.8227189,0,1.8227189,1.8227189
42.3,27,-.35845384,0,-.35845384,-.35845384,-.71527529,0,-.71527529,-.71527529,6.7134461,0,6.7134461,6.7134461,.23999184,0,.23999184,.23999184,-5.5492277,0,-5.5492277,-5.5492277,1.8448993,0,1.8448993,1.8448993
42.4,27,-.34423012,0,-.34423012,-.34423012,-.77916378,0,-.77916378,-.77916378,6.827477,0,6.827477,6.827477,.23966369,0,.23966369,.23966369,-5.6305938,0,-5.6305938,-5.6305938,1.8670795,0,1.8670795,1.8670795
42.5,27,-.33000469,0,-.33000469,-.33000469,-.84305787,0,-.84305787,-.84305787,6.9415131,0,6.9415131,6.9415131,.2393353,0,.2393353,.2393353,-5.7119632,0,-5.7119632,-5.7119632,1.8892603,0,1.8892603,1.8892603
42.6,27,-.31577948,0,-.31577948,-.31577948,-.90695113,0,-.90695113,-.90695113,7.0555477,0,7.0555477,7.0555477,.23900692,0,.23900692,.23900692,-5.7933321,0,-5.7933321,-5.7933321,1.9114408,0,1.9114408,1.9114408
42.7,27,-.30155551,0,-.30155551,-.30155551,-.97084051,0,-.97084051,-.97084051,7.1695795,0,7.1695795,7.1695795,.23867875,0,.23867875,.23867875,-5.8746991,0,-5.8746991,-5.8746991,1.9336213,0,1.9336213,1.9336213
42.8,27,-.28733054,0,-.28733054,-.28733054,-1.0347329,0,-1.0347329,-1.0347329,7.2836137,0,7.2836137,7.2836137,.23835041,0,.23835041,.23835041,-5.9560676,0,-5.9560676,-5.9560676,1.9558017,0,1.9558017,1.9558017
42.9,27,-.27310684,0,-.27310684,-.27310684,-1.0986214,0,-1.0986214,-1.0986214,7.3976445,0,7.3976445,7.3976445,.23802225,0,.23802225,.23802225,-6.0374336,0,-6.0374336,-6.0374336,1.9779819,0,1.9779819,1.9779819
43,27,-.25888139,0,-.25888139,-.25888139,-1.1625155,0,-1.1625155,-1.1625155,7.5116806,0,7.5116806,7.5116806,.23769386,0,.23769386,.23769386,-6.118803,0,-6.118803,-6.118803,2.0001626,0,2.0001626,2.0001626
43.1,27,-.24465595,0,-.24465595,-.24465595,-1.2264097,0,-1.2264097,-1.2264097,7.6257167,0,7.6257167,7.6257167,.23736545,0,.23736545,.23736545,-6.2001724,0,-6.2001724,-6.2001724,2.0223434,0,2.0223434,2.0223434
43.2,27,-.23043153,0,-.23043153,-.23043153,-1.2903007,0,-1.2903007,-1.2903007,7.7397504,0,7.7397504,7.7397504,.23703723,0,.23703723,.23703723,-6.2815409,0,-6.2815409,-6.2815409,2.0445242,0,2.0445242,2.0445242
43.3,27,-.21620797,0,-.21620797,-.21620797,-1.3541881,0,-1.3541881,-1.3541881,7.8537784,0,7.8537784,7.8537784,.23670904,0,.23670904,.23670904,-6.362905,0,-6.362905,-6.362905,2.0667038,0,2.0667038,2.0667038
43.4,27,-.20198354,0,-.20198354,-.20198354,-1.4180791,0,-1.4180791,-1.4180791,7.9678121,0,7.9678121,7.9678121,.23638082,0,.23638082,.23638082,-6.4442735,0,-6.4442735,-6.4442735,2.0888844,0,2.0888844,2.0888844
43.5,27,-.1877581,0,-.1877581,-.1877581,-1.4819732,0,-1.4819732,-1.4819732,8.0818481,0,8.0818481,8.0818481,.23605241,0,.23605241,.23605241,-6.5256429,0,-6.5256429,-6.5256429,2.1110651,0,2.1110651,2.1110651
43.6,27,-.17353266,0,-.17353266,-.17353266,-1.5458673,0,-1.5458673,-1.5458673,8.1958847,0,8.1958847,8.1958847,.23572402,0,.23572402,.23572402,-6.6070123,0,-6.6070123,-6.6070123,2.1332459,0,2.1332459,2.1332459
43.7,27,-.15930824,0,-.15930824,-.15930824,-1.6097584,0,-1.6097584,-1.6097584,8.3099184,0,8.3099184,8.3099184,.23539579,0,.23539579,.23539579,-6.6883807,0,-6.6883807,-6.6883807,2.1554265,0,2.1554265,2.1554265
43.8,27,-.14508468,0,-.14508468,-.14508468,-1.6736457,0,-1.6736457,-1.6736457,8.4239464,0,8.4239464,8.4239464,.23506761,0,.23506761,.23506761,-6.7697449,0,-6.7697449,-6.7697449,2.1776061,0,2.1776061,2.1776061
43.9,27,-.13086025,0,-.13086025,-.13086025,-1.7375368,0,-1.7375368,-1.7375368,8.5379801,0,8.5379801,8.5379801,.23473936,0,.23473936,.23473936,-6.8511133,0,-6.8511133,-6.8511133,2.1997867,0,2.1997867,2.1997867
44,27,-.11663482,0,-.11663482,-.11663482,-1.8014309,0,-1.8014309,-1.8014309,8.6520157,0,8.6520157,8.6520157,.23441097,0,.23441097,.23441097,-6.9324827,0,-6.9324827,-6.9324827,2.2219675,0,2.2219675,2.2219675
44.1,27,-.10240938,0,-.10240938,-.10240938,-1.865325,0,-1.865325,-1.865325,8.7660522,0,8.7660522,8.7660522,.23408258,0,.23408258,.23408258,-7.0138521,0,-7.0138521,-7.0138521,2.2441483,0,2.2441483,2.2441483
44.2,27,-.088184953,0,-.088184953,-.088184953,-1.929216,0,-1.929216,-1.929216,8.8800859,0,8.8800859,8.8800859,.23375434,0,.23375434,.23375434,-7.0952206,0,-7.0952206,-7.0952206,2.2663288,0,2.2663288,2.2663288
44.3,27,-.073961623,0,-.073961623,-.073961623,-1.9931026,0,-1.9931026,-1.9931026,8.994113,0,8.994113,8.994113,.23342618,0,.23342618,.23342618,-7.1765842,0,-7.1765842,-7.1765842,2.2885084,0,2.2885084,2.2885084
44.4,27,-.059736963,0,-.059736963,-.059736963,-2.0569944,0,-2.0569944,-2.0569944,9.1081476,0,9.1081476,9.1081476,.23309793,0,.23309793,.23309793,-7.2579532,0,-7.2579532,-7.2579532,2.3106892,0,2.3106892,2.3106892
44.5,27,-.045511529,0,-.045511529,-.045511529,-2.1208885,0,-2.1208885,-2.1208885,9.2221832,0,9.2221832,9.2221832,.23276953,0,.23276953,.23276953,-7.3393226,0,-7.3393226,-7.3393226,2.33287,0,2.33287,2.33287
44.6,27,-.031286091,0,-.031286091,-.031286091,-2.1847827,0,-2.1847827,-2.1847827,9.3362198,0,9.3362198,9.3362198,.23244113,0,.23244113,.23244113,-7.420692,0,-7.420692,-7.420692,2.3550508,0,2.3550508,2.3550508
44.7,27,-.017061664,0,-.017061664,-.017061664,-2.2486737,0,-2.2486737,-2.2486737,9.4502535,0,9.4502535,9.4502535,.2321129,0,.2321129,.2321129,-7.5020604,0,-7.5020604,-7.5020604,2.3772314,0,2.3772314,2.3772314
44.8,27,-.0028383371,0,-.0028383371,-.0028383371,-2.3125603,0,-2.3125603,-2.3125603,9.5642805,0,9.5642805,9.5642805,.23178475,0,.23178475,.23178475,-7.5834241,0,-7.5834241,-7.5834241,2.3994107,0,2.3994107,2.3994107
44.9,27,.011386324,0,.011386324,.011386324,-2.3764522,0,-2.3764522,-2.3764522,9.6783152,0,9.6783152,9.6783152,.23145649,0,.23145649,.23145649,-7.664793,0,-7.664793,-7.664793,2.4215915,0,2.4215915,2.4215915
45,27,.02561176,0,.02561176,.02561176,-2.4403462,0,-2.4403462,-2.4403462,9.7923517,0,9.7923517,9.7923517,.23112808,0,.23112808,.23112808,-7.7461624,0,-7.7461624,-7.7461624,2.4437723,0,2.4437723,2.4437723
45.1,27,.039836727,0,.039836727,.039836727,-2.5042386,0,-2.5042386,-2.5042386,9.9063854,0,9.9063854,9.9063854,.23079975,0,.23079975,.23079975,-7.8275304,0,-7.8275304,-7.8275304,2.4659529,0,2.4659529,2.4659529
45.2,27,.05406186,0,.05406186,.05406186,-2.5681322,0,-2.5681322,-2.5681322,10.020422,0,10.020422,10.020422,.23047143,0,.23047143,.23047143,-7.9089007,0,-7.9089007,-7.9089007,2.4881339,0,2.4881339,2.4881339
45.3,27,.068284951,0,.068284951,.068284951,-2.6320179,0,-2.6320179,-2.6320179,10.134448,0,10.134448,10.134448,.23014331,0,.23014331,.23014331,-7.9902639,0,-7.9902639,-7.9902639,2.5103133,0,2.5103133,2.5103133
45.4,27,.082510315,0,.082510315,.082510315,-2.6959124,0,-2.6959124,-2.6959124,10.248486,0,10.248486,10.248486,.22981496,0,.22981496,.22981496,-8.0716343,0,-8.0716343,-8.0716343,2.5324945,0,2.5324945,2.5324945
45.5,27,.096735045,0,.096735045,.096735045,-2.759804,0,-2.759804,-2.759804,10.362519,0,10.362519,10.362519,.22948664,0,.22948664,.22948664,-8.1530018,0,-8.1530018,-8.1530018,2.5546749,0,2.5546749,2.5546749
45.6,27,.11096001,0,.11096001,.11096001,-2.8236964,0,-2.8236964,-2.8236964,10.476553,0,10.476553,10.476553,.2291583,0,.2291583,.2291583,-8.2343702,0,-8.2343702,-8.2343702,2.5768552,0,2.5768552,2.5768552
45.7,27,.12518515,0,.12518515,.12518515,-2.8875899,0,-2.8875899,-2.8875899,10.59059,0,10.59059,10.59059,.22882999,0,.22882999,.22882999,-8.3157406,0,-8.3157406,-8.3157406,2.5990362,0,2.5990362,2.5990362
45.8,27,.13940825,0,.13940825,.13940825,-2.9514756,0,-2.9514756,-2.9514756,10.704616,0,10.704616,10.704616,.22850186,0,.22850186,.22850186,-8.3971033,0,-8.3971033,-8.3971033,2.6212156,0,2.6212156,2.6212156
45.9,27,.15363337,0,.15363337,.15363337,-3.0153692,0,-3.0153692,-3.0153692,10.818652,0,10.818652,10.818652,.22817355,0,.22817355,.22817355,-8.4784737,0,-8.4784737,-8.4784737,2.6433966,0,2.6433966,2.6433966
46,27,.16785833,0,.16785833,.16785833,-3.0792615,0,-3.0792615,-3.0792615,10.932687,0,10.932687,10.932687,.22784521,0,.22784521,.22784521,-8.5598421,0,-8.5598421,-8.5598421,2.6655772,0,2.6655772,2.6655772
46.1,27,.18208331,0,.18208331,.18208331,-3.1431539,0,-3.1431539,-3.1431539,11.046721,0,11.046721,11.046721,.22751686,0,.22751686,.22751686,-8.6412106,0,-8.6412106,-8.6412106,2.6877577,0,2.6877577,2.6877577
46.2,27,.19630843,0,.19630843,.19630843,-3.2070475,0,-3.2070475,-3.2070475,11.160757,0,11.160757,11.160757,.22718854,0,.22718854,.22718854,-8.72258,0,-8.72258,-8.72258,2.7099388,0,2.7099388,2.7099388
46.3,27,.21053153,0,.21053153,.21053153,-3.2709334,0,-3.2709334,-3.2709334,11.274783,0,11.274783,11.274783,.22686042,0,.22686042,.22686042,-8.8039436,0,-8.8039436,-8.8039436,2.7321181,0,2.7321181,2.7321181
46.4,27,.22475666,0,.22475666,.22475666,-3.3348267,0,-3.3348267,-3.3348267,11.388821,0,11.388821,11.388821,.2265321,0,.2265321,.2265321,-8.885314,0,-8.885314,-8.885314,2.7542992,0,2.7542992,2.7542992
46.5,27,.23898162,0,.23898162,.23898162,-3.3987193,0,-3.3987193,-3.3987193,11.502854,0,11.502854,11.502854,.22620377,0,.22620377,.22620377,-8.9666815,0,-8.9666815,-8.9666815,2.7764797,0,2.7764797,2.7764797
46.6,27,.25320613,0,.25320613,.25320613,-3.46261,0,-3.46261,-3.46261,11.616886,0,11.616886,11.616886,.22587547,0,.22587547,.22587547,-9.048049,0,-9.048049,-9.048049,2.7986598,0,2.7986598,2.7986598
46.7,27,.26743174,0,.26743174,.26743174,-3.5265052,0,-3.5265052,-3.5265052,11.730925,0,11.730925,11.730925,.22554711,0,.22554711,.22554711,-9.1294203,0,-9.1294203,-9.1294203,2.8208411,0,2.8208411,2.8208411
46.8,27,.2816548,0,.2816548,.2816548,-3.5903909,0,-3.5903909,-3.5903909,11.844952,0,11.844952,11.844952,.22521898,0,.22521898,.22521898,-9.210783,0,-9.210783,-9.210783,2.8430204,0,2.8430204,2.8430204
46.9,27,.29587996,0,.29587996,.29587996,-3.6542845,0,-3.6542845,-3.6542845,11.958988,0,11.958988,11.958988,.22489066,0,.22489066,.22489066,-9.2921534,0,-9.2921534,-9.2921534,2.8652015,0,2.8652015,2.8652015
47,27,.31010491,0,.31010491,.31010491,-3.7181768,0,-3.7181768,-3.7181768,12.073022,0,12.073022,12.073022,.22456232,0,.22456232,.22456232,-9.3735218,0,-9.3735218,-9.3735218,2.887382,0,2.887382,2.887382
