temp,ref,yhat_low_gdp,se_low_gdp,lowerci_low_gdp,upperci_low_gdp,yhat_high_gdp,se_high_gdp,lowerci_high_gdp,upperci_high_gdp,yhat_low_lrt,se_low_lrt,lowerci_low_lrt,upperci_low_lrt,yhat_high_lrt,se_high_lrt,lowerci_high_lrt,upperci_high_lrt
45,27,2.255985,9.6782932,-16.713121,21.225092,15.63793,8.9544344,-1.9124393,33.188297,.25707877,1.476768,-2.6373334,3.1514909,-2.6783705,1.5151968,-5.6481018,.2913608
40,27,.35802734,4.8896046,-9.225421,9.9414759,6.9506869,4.5782814,-2.0225799,15.923954,.26100776,.77451658,-1.2570169,1.7790325,-1.3834143,.77977318,-2.9117415,.14491303
35,27,-1.0683954,1.354035,-3.7222552,1.5854645,-.12555936,1.8082347,-3.6696343,3.4185154,.23699255,.25943571,-.27149206,.7454772,-.29281577,.28195372,-.8454349,.25980335
30,27,-.68668967,.58715779,-1.8374977,.46411842,-1.0243438,.87144184,-2.7323384,.68365079,.10582366,.10311009,-.096268401,.30791572,.014161072,.12852088,-.23773521,.26605734
10,27,4.1564798,3.6181734,-2.9350097,11.24797,6.7108006,5.2463584,-3.5718732,16.993475,-.61538601,.61678892,-1.8242701,.59349811,-.19519728,.77402467,-1.7122577,1.3218632
5,27,5.378974,4.6823421,-3.7982478,14.556195,8.6845655,6.7894053,-4.6224241,21.991554,-.79638189,.79819745,-2.3608201,.76805633,-.25260824,1.0016789,-2.215863,1.7106464
0,27,6.6014681,5.7465105,-4.6614861,17.864422,10.65833,8.3324518,-5.6729751,26.989635,-.97737777,.97960597,-2.8973701,.94261461,-.3100192,1.2293333,-2.7194681,2.0994296
