temp,ref,yhat_low_gdp,se_low_gdp,lowerci_low_gdp,upperci_low_gdp,yhat_ag_gdp,se_ag_gdp,lowerci_ag_gdp,upperci_ag_gdp,yhat_nonag_gdp,se_nonag_gdp,lowerci_nonag_gdp,upperci_nonag_gdp,yhat_low_lrt,se_low_lrt,lowerci_low_lrt,upperci_low_lrt,yhat_ag_lrt,se_ag_lrt,lowerci_ag_lrt,upperci_ag_lrt,yhat_nonag_lrt,se_nonag_lrt,lowerci_nonag_lrt,upperci_nonag_lrt
-20,27,11.292884,0,11.292884,11.292884,1.3588945,0,1.3588945,1.3588945,17.226854,0,17.226854,17.226854,.17440356,0,.17440356,.17440356,-10.571198,0,-10.571198,-10.571198,-.46060809,0,-.46060809,-.46060809
-19.9,27,11.268856,0,11.268856,11.268856,1.3560033,0,1.3560033,1.3560033,17.190201,0,17.190201,17.190201,.17403249,0,.17403249,.17403249,-10.548706,0,-10.548706,-10.548706,-.45962808,0,-.45962808,-.45962808
-19.8,27,11.244828,0,11.244828,11.244828,1.353112,0,1.353112,1.353112,17.153547,0,17.153547,17.153547,.17366143,0,.17366143,.17366143,-10.526215,0,-10.526215,-10.526215,-.45864806,0,-.45864806,-.45864806
-19.7,27,11.220801,0,11.220801,11.220801,1.3502207,0,1.3502207,1.3502207,17.116896,0,17.116896,17.116896,.17329036,0,.17329036,.17329036,-10.503723,0,-10.503723,-10.503723,-.45766807,0,-.45766807,-.45766807
-19.6,27,11.196774,0,11.196774,11.196774,1.3473295,0,1.3473295,1.3473295,17.080242,0,17.080242,17.080242,.17291929,0,.17291929,.17291929,-10.481231,0,-10.481231,-10.481231,-.45668805,0,-.45668805,-.45668805
-19.5,27,11.172747,0,11.172747,11.172747,1.3444382,0,1.3444382,1.3444382,17.043589,0,17.043589,17.043589,.1725482,0,.1725482,.1725482,-10.458738,0,-10.458738,-10.458738,-.45570803,0,-.45570803,-.45570803
-19.4,27,11.148719,0,11.148719,11.148719,1.3415469,0,1.3415469,1.3415469,17.006937,0,17.006937,17.006937,.17217714,0,.17217714,.17217714,-10.436247,0,-10.436247,-10.436247,-.45472801,0,-.45472801,-.45472801
-19.3,27,11.124691,0,11.124691,11.124691,1.3386556,0,1.3386556,1.3386556,16.970284,0,16.970284,16.970284,.17180607,0,.17180607,.17180607,-10.413754,0,-10.413754,-10.413754,-.45374799,0,-.45374799,-.45374799
-19.2,27,11.100664,0,11.100664,11.100664,1.3357644,0,1.3357644,1.3357644,16.933632,0,16.933632,16.933632,.171435,0,.171435,.171435,-10.391263,0,-10.391263,-10.391263,-.45276797,0,-.45276797,-.45276797
-19.1,27,11.076637,0,11.076637,11.076637,1.3328731,0,1.3328731,1.3328731,16.896978,0,16.896978,16.896978,.17106393,0,.17106393,.17106393,-10.368772,0,-10.368772,-10.368772,-.45178795,0,-.45178795,-.45178795
-19,27,11.052609,0,11.052609,11.052609,1.3299818,0,1.3299818,1.3299818,16.860325,0,16.860325,16.860325,.17069285,0,.17069285,.17069285,-10.346279,0,-10.346279,-10.346279,-.45080793,0,-.45080793,-.45080793
-18.9,27,11.028582,0,11.028582,11.028582,1.3270906,0,1.3270906,1.3270906,16.823671,0,16.823671,16.823671,.17032178,0,.17032178,.17032178,-10.323787,0,-10.323787,-10.323787,-.44982791,0,-.44982791,-.44982791
-18.8,27,11.004555,0,11.004555,11.004555,1.3241993,0,1.3241993,1.3241993,16.78702,0,16.78702,16.78702,.16995071,0,.16995071,.16995071,-10.301295,0,-10.301295,-10.301295,-.44884789,0,-.44884789,-.44884789
-18.7,27,10.980527,0,10.980527,10.980527,1.3213081,0,1.3213081,1.3213081,16.750366,0,16.750366,16.750366,.16957964,0,.16957964,.16957964,-10.278804,0,-10.278804,-10.278804,-.4478679,0,-.4478679,-.4478679
-18.6,27,10.9565,0,10.9565,10.9565,1.3184168,0,1.3184168,1.3184168,16.713715,0,16.713715,16.713715,.16920857,0,.16920857,.16920857,-10.256311,0,-10.256311,-10.256311,-.44688788,0,-.44688788,-.44688788
-18.5,27,10.932472,0,10.932472,10.932472,1.3155255,0,1.3155255,1.3155255,16.677061,0,16.677061,16.677061,.1688375,0,.1688375,.1688375,-10.23382,0,-10.23382,-10.23382,-.44590786,0,-.44590786,-.44590786
-18.4,27,10.908444,0,10.908444,10.908444,1.3126342,0,1.3126342,1.3126342,16.640408,0,16.640408,16.640408,.16846642,0,.16846642,.16846642,-10.211328,0,-10.211328,-10.211328,-.44492784,0,-.44492784,-.44492784
-18.3,27,10.884418,0,10.884418,10.884418,1.3097429,0,1.3097429,1.3097429,16.603754,0,16.603754,16.603754,.16809535,0,.16809535,.16809535,-10.188835,0,-10.188835,-10.188835,-.44394779,0,-.44394779,-.44394779
-18.2,27,10.860391,0,10.860391,10.860391,1.3068517,0,1.3068517,1.3068517,16.567102,0,16.567102,16.567102,.16772428,0,.16772428,.16772428,-10.166344,0,-10.166344,-10.166344,-.4429678,0,-.4429678,-.4429678
-18.1,27,10.836363,0,10.836363,10.836363,1.3039604,0,1.3039604,1.3039604,16.530449,0,16.530449,16.530449,.16735321,0,.16735321,.16735321,-10.143852,0,-10.143852,-10.143852,-.44198778,0,-.44198778,-.44198778
-18,27,10.812335,0,10.812335,10.812335,1.3010693,0,1.3010693,1.3010693,16.493795,0,16.493795,16.493795,.16698214,0,.16698214,.16698214,-10.12136,0,-10.12136,-10.12136,-.44100776,0,-.44100776,-.44100776
-17.9,27,10.788308,0,10.788308,10.788308,1.298178,0,1.298178,1.298178,16.457144,0,16.457144,16.457144,.16661106,0,.16661106,.16661106,-10.098868,0,-10.098868,-10.098868,-.44002774,0,-.44002774,-.44002774
-17.8,27,10.76428,0,10.76428,10.76428,1.2952867,0,1.2952867,1.2952867,16.42049,0,16.42049,16.42049,.16623999,0,.16623999,.16623999,-10.076376,0,-10.076376,-10.076376,-.43904772,0,-.43904772,-.43904772
-17.7,27,10.740253,0,10.740253,10.740253,1.2923955,0,1.2923955,1.2923955,16.383839,0,16.383839,16.383839,.16586892,0,.16586892,.16586892,-10.053885,0,-10.053885,-10.053885,-.4380677,0,-.4380677,-.4380677
-17.6,27,10.716226,0,10.716226,10.716226,1.2895042,0,1.2895042,1.2895042,16.347185,0,16.347185,16.347185,.16549785,0,.16549785,.16549785,-10.031392,0,-10.031392,-10.031392,-.43708768,0,-.43708768,-.43708768
-17.5,27,10.692198,0,10.692198,10.692198,1.2866129,0,1.2866129,1.2866129,16.310532,0,16.310532,16.310532,.16512679,0,.16512679,.16512679,-10.008901,0,-10.008901,-10.008901,-.43610767,0,-.43610767,-.43610767
-17.4,27,10.668171,0,10.668171,10.668171,1.2837216,0,1.2837216,1.2837216,16.273878,0,16.273878,16.273878,.1647557,0,.1647557,.1647557,-9.9864082,0,-9.9864082,-9.9864082,-.43512765,0,-.43512765,-.43512765
-17.3,27,10.644143,0,10.644143,10.644143,1.2808304,0,1.2808304,1.2808304,16.237226,0,16.237226,16.237226,.16438463,0,.16438463,.16438463,-9.9639168,0,-9.9639168,-9.9639168,-.43414763,0,-.43414763,-.43414763
-17.2,27,10.620116,0,10.620116,10.620116,1.2779391,0,1.2779391,1.2779391,16.200573,0,16.200573,16.200573,.16401356,0,.16401356,.16401356,-9.9414253,0,-9.9414253,-9.9414253,-.43316764,0,-.43316764,-.43316764
-17.1,27,10.596088,0,10.596088,10.596088,1.2750478,0,1.2750478,1.2750478,16.163921,0,16.163921,16.163921,.1636425,0,.1636425,.1636425,-9.9189329,0,-9.9189329,-9.9189329,-.43218762,0,-.43218762,-.43218762
-17,27,10.572062,0,10.572062,10.572062,1.2721566,0,1.2721566,1.2721566,16.127268,0,16.127268,16.127268,.16327143,0,.16327143,.16327143,-9.8964405,0,-9.8964405,-9.8964405,-.4312076,0,-.4312076,-.4312076
-16.9,27,10.548034,0,10.548034,10.548034,1.2692653,0,1.2692653,1.2692653,16.090614,0,16.090614,16.090614,.16290036,0,.16290036,.16290036,-9.8739491,0,-9.8739491,-9.8739491,-.43022758,0,-.43022758,-.43022758
-16.8,27,10.524006,0,10.524006,10.524006,1.266374,0,1.266374,1.266374,16.053961,0,16.053961,16.053961,.16252927,0,.16252927,.16252927,-9.8514566,0,-9.8514566,-9.8514566,-.42924756,0,-.42924756,-.42924756
-16.7,27,10.499979,0,10.499979,10.499979,1.2634828,0,1.2634828,1.2634828,16.017309,0,16.017309,16.017309,.16215821,0,.16215821,.16215821,-9.8289652,0,-9.8289652,-9.8289652,-.42826754,0,-.42826754,-.42826754
-16.6,27,10.475951,0,10.475951,10.475951,1.2605915,0,1.2605915,1.2605915,15.980656,0,15.980656,15.980656,.16178714,0,.16178714,.16178714,-9.8064737,0,-9.8064737,-9.8064737,-.42728752,0,-.42728752,-.42728752
-16.5,27,10.451924,0,10.451924,10.451924,1.2577002,0,1.2577002,1.2577002,15.944003,0,15.944003,15.944003,.16141607,0,.16141607,.16141607,-9.7839813,0,-9.7839813,-9.7839813,-.4263075,0,-.4263075,-.4263075
-16.4,27,10.427896,0,10.427896,10.427896,1.2548089,0,1.2548089,1.2548089,15.90735,0,15.90735,15.90735,.161045,0,.161045,.161045,-9.7614889,0,-9.7614889,-9.7614889,-.42532748,0,-.42532748,-.42532748
-16.3,27,10.403869,0,10.403869,10.403869,1.2519177,0,1.2519177,1.2519177,15.870697,0,15.870697,15.870697,.16067392,0,.16067392,.16067392,-9.7389975,0,-9.7389975,-9.7389975,-.42434746,0,-.42434746,-.42434746
-16.2,27,10.379842,0,10.379842,10.379842,1.2490264,0,1.2490264,1.2490264,15.834044,0,15.834044,15.834044,.16030286,0,.16030286,.16030286,-9.716506,0,-9.716506,-9.716506,-.42336747,0,-.42336747,-.42336747
-16.1,27,10.355815,0,10.355815,10.355815,1.2461352,0,1.2461352,1.2461352,15.797392,0,15.797392,15.797392,.15993178,0,.15993178,.15993178,-9.6940136,0,-9.6940136,-9.6940136,-.42238745,0,-.42238745,-.42238745
-16,27,10.331787,0,10.331787,10.331787,1.2432439,0,1.2432439,1.2432439,15.760738,0,15.760738,15.760738,.15956071,0,.15956071,.15956071,-9.6715221,0,-9.6715221,-9.6715221,-.42140743,0,-.42140743,-.42140743
-15.9,27,10.307759,0,10.307759,10.307759,1.2403526,0,1.2403526,1.2403526,15.724086,0,15.724086,15.724086,.15918964,0,.15918964,.15918964,-9.6490297,0,-9.6490297,-9.6490297,-.42042738,0,-.42042738,-.42042738
-15.8,27,10.283732,0,10.283732,10.283732,1.2374614,0,1.2374614,1.2374614,15.687433,0,15.687433,15.687433,.15881857,0,.15881857,.15881857,-9.6265383,0,-9.6265383,-9.6265383,-.41944739,0,-.41944739,-.41944739
-15.7,27,10.259705,0,10.259705,10.259705,1.2345701,0,1.2345701,1.2345701,15.65078,0,15.65078,15.65078,.15844749,0,.15844749,.15844749,-9.6040459,0,-9.6040459,-9.6040459,-.41846737,0,-.41846737,-.41846737
-15.6,27,10.235678,0,10.235678,10.235678,1.2316788,0,1.2316788,1.2316788,15.614127,0,15.614127,15.614127,.15807642,0,.15807642,.15807642,-9.5815544,0,-9.5815544,-9.5815544,-.41748735,0,-.41748735,-.41748735
-15.5,27,10.21165,0,10.21165,10.21165,1.2287875,0,1.2287875,1.2287875,15.577475,0,15.577475,15.577475,.15770535,0,.15770535,.15770535,-9.559062,0,-9.559062,-9.559062,-.41650733,0,-.41650733,-.41650733
-15.4,27,10.187622,0,10.187622,10.187622,1.2258964,0,1.2258964,1.2258964,15.540821,0,15.540821,15.540821,.15733428,0,.15733428,.15733428,-9.5365705,0,-9.5365705,-9.5365705,-.41552731,0,-.41552731,-.41552731
-15.3,27,10.163595,0,10.163595,10.163595,1.2230051,0,1.2230051,1.2230051,15.504169,0,15.504169,15.504169,.15696321,0,.15696321,.15696321,-9.5140781,0,-9.5140781,-9.5140781,-.41454729,0,-.41454729,-.41454729
-15.2,27,10.139567,0,10.139567,10.139567,1.2201138,0,1.2201138,1.2201138,15.467516,0,15.467516,15.467516,.15659215,0,.15659215,.15659215,-9.4915867,0,-9.4915867,-9.4915867,-.41356727,0,-.41356727,-.41356727
-15.1,27,10.115541,0,10.115541,10.115541,1.2172226,0,1.2172226,1.2172226,15.430862,0,15.430862,15.430862,.15622106,0,.15622106,.15622106,-9.4690943,0,-9.4690943,-9.4690943,-.41258726,0,-.41258726,-.41258726
-15,27,10.091513,0,10.091513,10.091513,1.2143313,0,1.2143313,1.2143313,15.39421,0,15.39421,15.39421,.15584999,0,.15584999,.15584999,-9.4466028,0,-9.4466028,-9.4466028,-.41160724,0,-.41160724,-.41160724
-14.9,27,10.067486,0,10.067486,10.067486,1.21144,0,1.21144,1.21144,15.357557,0,15.357557,15.357557,.15547892,0,.15547892,.15547892,-9.4241104,0,-9.4241104,-9.4241104,-.41062722,0,-.41062722,-.41062722
-14.8,27,10.043458,0,10.043458,10.043458,1.2085488,0,1.2085488,1.2085488,15.320904,0,15.320904,15.320904,.15510786,0,.15510786,.15510786,-9.401619,0,-9.401619,-9.401619,-.40964723,0,-.40964723,-.40964723
-14.7,27,10.01943,0,10.01943,10.01943,1.2056575,0,1.2056575,1.2056575,15.284251,0,15.284251,15.284251,.15473679,0,.15473679,.15473679,-9.3791265,0,-9.3791265,-9.3791265,-.40866718,0,-.40866718,-.40866718
-14.6,27,9.9954033,0,9.9954033,9.9954033,1.2027662,0,1.2027662,1.2027662,15.247599,0,15.247599,15.247599,.15436572,0,.15436572,.15436572,-9.3566351,0,-9.3566351,-9.3566351,-.40768719,0,-.40768719,-.40768719
-14.5,27,9.9713755,0,9.9713755,9.9713755,1.199875,0,1.199875,1.199875,15.210945,0,15.210945,15.210945,.15399463,0,.15399463,.15399463,-9.3341427,0,-9.3341427,-9.3341427,-.40670717,0,-.40670717,-.40670717
-14.4,27,9.9473486,0,9.9473486,9.9473486,1.1969837,0,1.1969837,1.1969837,15.174293,0,15.174293,15.174293,.15362357,0,.15362357,.15362357,-9.3116512,0,-9.3116512,-9.3116512,-.40572715,0,-.40572715,-.40572715
-14.3,27,9.9233208,0,9.9233208,9.9233208,1.1940924,0,1.1940924,1.1940924,15.13764,0,15.13764,15.13764,.1532525,0,.1532525,.1532525,-9.2891598,0,-9.2891598,-9.2891598,-.40474713,0,-.40474713,-.40474713
-14.2,27,9.8992939,0,9.8992939,9.8992939,1.1912011,0,1.1912011,1.1912011,15.100986,0,15.100986,15.100986,.15288143,0,.15288143,.15288143,-9.2666674,0,-9.2666674,-9.2666674,-.40376711,0,-.40376711,-.40376711
-14.1,27,9.8752661,0,9.8752661,9.8752661,1.1883099,0,1.1883099,1.1883099,15.064334,0,15.064334,15.064334,.15251036,0,.15251036,.15251036,-9.2441759,0,-9.2441759,-9.2441759,-.40278709,0,-.40278709,-.40278709
-14,27,9.8512392,0,9.8512392,9.8512392,1.1854186,0,1.1854186,1.1854186,15.027681,0,15.027681,15.027681,.15213928,0,.15213928,.15213928,-9.2216835,0,-9.2216835,-9.2216835,-.40180707,0,-.40180707,-.40180707
-13.9,27,9.8272114,0,9.8272114,9.8272114,1.1825273,0,1.1825273,1.1825273,14.991028,0,14.991028,14.991028,.15176821,0,.15176821,.15176821,-9.199192,0,-9.199192,-9.199192,-.40082705,0,-.40082705,-.40082705
-13.8,27,9.8031836,0,9.8031836,9.8031836,1.1796361,0,1.1796361,1.1796361,14.954375,0,14.954375,14.954375,.15139714,0,.15139714,.15139714,-9.1766996,0,-9.1766996,-9.1766996,-.39984703,0,-.39984703,-.39984703
-13.7,27,9.7791567,0,9.7791567,9.7791567,1.1767448,0,1.1767448,1.1767448,14.917723,0,14.917723,14.917723,.15102607,0,.15102607,.15102607,-9.1542082,0,-9.1542082,-9.1542082,-.39886701,0,-.39886701,-.39886701
-13.6,27,9.7551289,0,9.7551289,9.7551289,1.1738535,0,1.1738535,1.1738535,14.88107,0,14.88107,14.88107,.150655,0,.150655,.150655,-9.1317158,0,-9.1317158,-9.1317158,-.39788702,0,-.39788702,-.39788702
-13.5,27,9.731102,0,9.731102,9.731102,1.1709623,0,1.1709623,1.1709623,14.844417,0,14.844417,14.844417,.15028392,0,.15028392,.15028392,-9.1092243,0,-9.1092243,-9.1092243,-.39690697,0,-.39690697,-.39690697
-13.4,27,9.7070742,0,9.7070742,9.7070742,1.168071,0,1.168071,1.168071,14.807764,0,14.807764,14.807764,.14991285,0,.14991285,.14991285,-9.0867319,0,-9.0867319,-9.0867319,-.39592695,0,-.39592695,-.39592695
-13.3,27,9.6830473,0,9.6830473,9.6830473,1.1651797,0,1.1651797,1.1651797,14.771111,0,14.771111,14.771111,.14954178,0,.14954178,.14954178,-9.0642405,0,-9.0642405,-9.0642405,-.39494696,0,-.39494696,-.39494696
-13.2,27,9.6590195,0,9.6590195,9.6590195,1.1622885,0,1.1622885,1.1622885,14.734458,0,14.734458,14.734458,.14917071,0,.14917071,.14917071,-9.041748,0,-9.041748,-9.041748,-.39396694,0,-.39396694,-.39396694
-13.1,27,9.6349926,0,9.6349926,9.6349926,1.1593972,0,1.1593972,1.1593972,14.697805,0,14.697805,14.697805,.14879964,0,.14879964,.14879964,-9.0192566,0,-9.0192566,-9.0192566,-.39298692,0,-.39298692,-.39298692
-13,27,9.6109648,0,9.6109648,9.6109648,1.1565059,0,1.1565059,1.1565059,14.661152,0,14.661152,14.661152,.14842857,0,.14842857,.14842857,-8.9967642,0,-8.9967642,-8.9967642,-.3920069,0,-.3920069,-.3920069
-12.9,27,9.586937,0,9.586937,9.586937,1.1536146,0,1.1536146,1.1536146,14.624499,0,14.624499,14.624499,.14805749,0,.14805749,.14805749,-8.9742727,0,-8.9742727,-8.9742727,-.39102688,0,-.39102688,-.39102688
-12.8,27,9.5629101,0,9.5629101,9.5629101,1.1507235,0,1.1507235,1.1507235,14.587847,0,14.587847,14.587847,.14768642,0,.14768642,.14768642,-8.9517803,0,-8.9517803,-8.9517803,-.39004686,0,-.39004686,-.39004686
-12.7,27,9.5388823,0,9.5388823,9.5388823,1.1478322,0,1.1478322,1.1478322,14.551193,0,14.551193,14.551193,.14731535,0,.14731535,.14731535,-8.9292889,0,-8.9292889,-8.9292889,-.38906685,0,-.38906685,-.38906685
-12.6,27,9.5148554,0,9.5148554,9.5148554,1.144941,0,1.144941,1.144941,14.514541,0,14.514541,14.514541,.14694428,0,.14694428,.14694428,-8.9067965,0,-8.9067965,-8.9067965,-.38808683,0,-.38808683,-.38808683
-12.5,27,9.4908276,0,9.4908276,9.4908276,1.1420497,0,1.1420497,1.1420497,14.477888,0,14.477888,14.477888,.14657322,0,.14657322,.14657322,-8.884305,0,-8.884305,-8.884305,-.38710681,0,-.38710681,-.38710681
-12.4,27,9.4667997,0,9.4667997,9.4667997,1.1391584,0,1.1391584,1.1391584,14.441235,0,14.441235,14.441235,.14620213,0,.14620213,.14620213,-8.8618126,0,-8.8618126,-8.8618126,-.38612679,0,-.38612679,-.38612679
-12.3,27,9.4427729,0,9.4427729,9.4427729,1.1362671,0,1.1362671,1.1362671,14.404582,0,14.404582,14.404582,.14583106,0,.14583106,.14583106,-8.8393211,0,-8.8393211,-8.8393211,-.38514677,0,-.38514677,-.38514677
-12.2,27,9.418745,0,9.418745,9.418745,1.1333759,0,1.1333759,1.1333759,14.367929,0,14.367929,14.367929,.14545999,0,.14545999,.14545999,-8.8168287,0,-8.8168287,-8.8168287,-.38416675,0,-.38416675,-.38416675
-12.1,27,9.3947182,0,9.3947182,9.3947182,1.1304846,0,1.1304846,1.1304846,14.331277,0,14.331277,14.331277,.14508893,0,.14508893,.14508893,-8.7943373,0,-8.7943373,-8.7943373,-.38318676,0,-.38318676,-.38318676
-12,27,9.3706903,0,9.3706903,9.3706903,1.1275933,0,1.1275933,1.1275933,14.294623,0,14.294623,14.294623,.14471786,0,.14471786,.14471786,-8.7718458,0,-8.7718458,-8.7718458,-.38220674,0,-.38220674,-.38220674
-11.9,27,9.3466635,0,9.3466635,9.3466635,1.1247021,0,1.1247021,1.1247021,14.257971,0,14.257971,14.257971,.14434677,0,.14434677,.14434677,-8.7493534,0,-8.7493534,-8.7493534,-.38122672,0,-.38122672,-.38122672
-11.8,27,9.3226357,0,9.3226357,9.3226357,1.1218108,0,1.1218108,1.1218108,14.221317,0,14.221317,14.221317,.1439757,0,.1439757,.1439757,-8.726862,0,-8.726862,-8.726862,-.3802467,0,-.3802467,-.3802467
-11.7,27,9.2986078,0,9.2986078,9.2986078,1.1189195,0,1.1189195,1.1189195,14.184665,0,14.184665,14.184665,.14360464,0,.14360464,.14360464,-8.7043695,0,-8.7043695,-8.7043695,-.37926668,0,-.37926668,-.37926668
-11.6,27,9.274581,0,9.274581,9.274581,1.1160283,0,1.1160283,1.1160283,14.148012,0,14.148012,14.148012,.14323357,0,.14323357,.14323357,-8.6818781,0,-8.6818781,-8.6818781,-.37828666,0,-.37828666,-.37828666
-11.5,27,9.2505531,0,9.2505531,9.2505531,1.113137,0,1.113137,1.113137,14.111359,0,14.111359,14.111359,.1428625,0,.1428625,.1428625,-8.6593857,0,-8.6593857,-8.6593857,-.37730664,0,-.37730664,-.37730664
-11.4,27,9.2265263,0,9.2265263,9.2265263,1.1102457,0,1.1102457,1.1102457,14.074706,0,14.074706,14.074706,.14249143,0,.14249143,.14249143,-8.6368942,0,-8.6368942,-8.6368942,-.37632662,0,-.37632662,-.37632662
-11.3,27,9.2024984,0,9.2024984,9.2024984,1.1073545,0,1.1073545,1.1073545,14.038054,0,14.038054,14.038054,.14212036,0,.14212036,.14212036,-8.6144018,0,-8.6144018,-8.6144018,-.3753466,0,-.3753466,-.3753466
-11.2,27,9.1784716,0,9.1784716,9.1784716,1.1044632,0,1.1044632,1.1044632,14.0014,0,14.0014,14.0014,.14174928,0,.14174928,.14174928,-8.5919104,0,-8.5919104,-8.5919104,-.37436658,0,-.37436658,-.37436658
-11.1,27,9.1544437,0,9.1544437,9.1544437,1.1015719,0,1.1015719,1.1015719,13.964747,0,13.964747,13.964747,.14137821,0,.14137821,.14137821,-8.569418,0,-8.569418,-8.569418,-.37338656,0,-.37338656,-.37338656
-11,27,9.1304169,0,9.1304169,9.1304169,1.0986806,0,1.0986806,1.0986806,13.928095,0,13.928095,13.928095,.14100714,0,.14100714,.14100714,-8.5469265,0,-8.5469265,-8.5469265,-.37240654,0,-.37240654,-.37240654
-10.9,27,9.106389,0,9.106389,9.106389,1.0957894,0,1.0957894,1.0957894,13.891441,0,13.891441,13.891441,.14063607,0,.14063607,.14063607,-8.5244341,0,-8.5244341,-8.5244341,-.37142652,0,-.37142652,-.37142652
-10.8,27,9.0823612,0,9.0823612,9.0823612,1.0928981,0,1.0928981,1.0928981,13.854789,0,13.854789,13.854789,.140265,0,.140265,.140265,-8.5019426,0,-8.5019426,-8.5019426,-.37044653,0,-.37044653,-.37044653
-10.7,27,9.0583344,0,9.0583344,9.0583344,1.0900068,0,1.0900068,1.0900068,13.818136,0,13.818136,13.818136,.13989392,0,.13989392,.13989392,-8.4794502,0,-8.4794502,-8.4794502,-.36946651,0,-.36946651,-.36946651
-10.6,27,9.0343065,0,9.0343065,9.0343065,1.0871156,0,1.0871156,1.0871156,13.781484,0,13.781484,13.781484,.13952285,0,.13952285,.13952285,-8.4569588,0,-8.4569588,-8.4569588,-.36848649,0,-.36848649,-.36848649
-10.5,27,9.0102797,0,9.0102797,9.0102797,1.0842243,0,1.0842243,1.0842243,13.74483,0,13.74483,13.74483,.13915178,0,.13915178,.13915178,-8.4344664,0,-8.4344664,-8.4344664,-.36750647,0,-.36750647,-.36750647
-10.4,27,8.9862518,0,8.9862518,8.9862518,1.081333,0,1.081333,1.081333,13.708178,0,13.708178,13.708178,.13878071,0,.13878071,.13878071,-8.4119749,0,-8.4119749,-8.4119749,-.36652645,0,-.36652645,-.36652645
-10.3,27,8.962225,0,8.962225,8.962225,1.0784419,0,1.0784419,1.0784419,13.671525,0,13.671525,13.671525,.13840964,0,.13840964,.13840964,-8.3894825,0,-8.3894825,-8.3894825,-.36554644,0,-.36554644,-.36554644
-10.2,27,8.9381971,0,8.9381971,8.9381971,1.0755506,0,1.0755506,1.0755506,13.634871,0,13.634871,13.634871,.13803856,0,.13803856,.13803856,-8.366991,0,-8.366991,-8.366991,-.36456642,0,-.36456642,-.36456642
-10.1,27,8.9141703,0,8.9141703,8.9141703,1.0726593,0,1.0726593,1.0726593,13.598219,0,13.598219,13.598219,.13766749,0,.13766749,.13766749,-8.3444996,0,-8.3444996,-8.3444996,-.3635864,0,-.3635864,-.3635864
-10,27,8.8901424,0,8.8901424,8.8901424,1.0697681,0,1.0697681,1.0697681,13.561565,0,13.561565,13.561565,.13729642,0,.13729642,.13729642,-8.3220072,0,-8.3220072,-8.3220072,-.36260638,0,-.36260638,-.36260638
-9.9,27,8.8661146,0,8.8661146,8.8661146,1.0668768,0,1.0668768,1.0668768,13.524913,0,13.524913,13.524913,.13692535,0,.13692535,.13692535,-8.2995148,0,-8.2995148,-8.2995148,-.36162636,0,-.36162636,-.36162636
-9.800000000000001,27,8.8420877,0,8.8420877,8.8420877,1.0639855,0,1.0639855,1.0639855,13.48826,0,13.48826,13.48826,.13655429,0,.13655429,.13655429,-8.2770233,0,-8.2770233,-8.2770233,-.36064634,0,-.36064634,-.36064634
-9.699999999999999,27,8.8180599,0,8.8180599,8.8180599,1.0610942,0,1.0610942,1.0610942,13.451607,0,13.451607,13.451607,.13618322,0,.13618322,.13618322,-8.2545309,0,-8.2545309,-8.2545309,-.35966632,0,-.35966632,-.35966632
-9.6,27,8.7940331,0,8.7940331,8.7940331,1.058203,0,1.058203,1.058203,13.414954,0,13.414954,13.414954,.13581215,0,.13581215,.13581215,-8.2320395,0,-8.2320395,-8.2320395,-.35868633,0,-.35868633,-.35868633
-9.5,27,8.7700052,0,8.7700052,8.7700052,1.0553117,0,1.0553117,1.0553117,13.378302,0,13.378302,13.378302,.13544106,0,.13544106,.13544106,-8.209548,0,-8.209548,-8.209548,-.35770631,0,-.35770631,-.35770631
-9.4,27,8.7459774,0,8.7459774,8.7459774,1.0524204,0,1.0524204,1.0524204,13.341648,0,13.341648,13.341648,.13507,0,.13507,.13507,-8.1870556,0,-8.1870556,-8.1870556,-.35672629,0,-.35672629,-.35672629
-9.300000000000001,27,8.7219505,0,8.7219505,8.7219505,1.0495292,0,1.0495292,1.0495292,13.304996,0,13.304996,13.304996,.13469893,0,.13469893,.13469893,-8.1645641,0,-8.1645641,-8.1645641,-.35574627,0,-.35574627,-.35574627
-9.199999999999999,27,8.6979227,0,8.6979227,8.6979227,1.0466379,0,1.0466379,1.0466379,13.268343,0,13.268343,13.268343,.13432786,0,.13432786,.13432786,-8.1420717,0,-8.1420717,-8.1420717,-.35476625,0,-.35476625,-.35476625
-9.1,27,8.6738958,0,8.6738958,8.6738958,1.0437466,0,1.0437466,1.0437466,13.23169,0,13.23169,13.23169,.13395679,0,.13395679,.13395679,-8.1195803,0,-8.1195803,-8.1195803,-.35378623,0,-.35378623,-.35378623
-9,27,8.649868,0,8.649868,8.649868,1.0408554,0,1.0408554,1.0408554,13.195037,0,13.195037,13.195037,.13358571,0,.13358571,.13358571,-8.0970879,0,-8.0970879,-8.0970879,-.35280621,0,-.35280621,-.35280621
-8.9,27,8.6258411,0,8.6258411,8.6258411,1.0379641,0,1.0379641,1.0379641,13.158384,0,13.158384,13.158384,.13321464,0,.13321464,.13321464,-8.0745964,0,-8.0745964,-8.0745964,-.35182619,0,-.35182619,-.35182619
-8.800000000000001,27,8.6018133,0,8.6018133,8.6018133,1.0350728,0,1.0350728,1.0350728,13.121732,0,13.121732,13.121732,.13284357,0,.13284357,.13284357,-8.052104,0,-8.052104,-8.052104,-.35084617,0,-.35084617,-.35084617
-8.699999999999999,27,8.5777855,0,8.5777855,8.5777855,1.0321816,0,1.0321816,1.0321816,13.085078,0,13.085078,13.085078,.1324725,0,.1324725,.1324725,-8.0296125,0,-8.0296125,-8.0296125,-.34986615,0,-.34986615,-.34986615
-8.6,27,8.5537586,0,8.5537586,8.5537586,1.0292903,0,1.0292903,1.0292903,13.048426,0,13.048426,13.048426,.13210143,0,.13210143,.13210143,-8.0071201,0,-8.0071201,-8.0071201,-.34888613,0,-.34888613,-.34888613
-8.5,27,8.5297308,0,8.5297308,8.5297308,1.026399,0,1.026399,1.026399,13.011772,0,13.011772,13.011772,.13173035,0,.13173035,.13173035,-7.9846287,0,-7.9846287,-7.9846287,-.34790611,0,-.34790611,-.34790611
-8.4,27,8.5057039,0,8.5057039,8.5057039,1.0235077,0,1.0235077,1.0235077,12.97512,0,12.97512,12.97512,.13135928,0,.13135928,.13135928,-7.9621363,0,-7.9621363,-7.9621363,-.34692609,0,-.34692609,-.34692609
-8.300000000000001,27,8.4816761,0,8.4816761,8.4816761,1.0206165,0,1.0206165,1.0206165,12.938467,0,12.938467,12.938467,.13098821,0,.13098821,.13098821,-7.9396448,0,-7.9396448,-7.9396448,-.3459461,0,-.3459461,-.3459461
-8.199999999999999,27,8.4576492,0,8.4576492,8.4576492,1.0177252,0,1.0177252,1.0177252,12.901814,0,12.901814,12.901814,.13061714,0,.13061714,.13061714,-7.9171529,0,-7.9171529,-7.9171529,-.34496608,0,-.34496608,-.34496608
-8.1,27,8.4336214,0,8.4336214,8.4336214,1.014834,0,1.014834,1.014834,12.865161,0,12.865161,12.865161,.13024607,0,.13024607,.13024607,-7.8946609,0,-7.8946609,-7.8946609,-.34398606,0,-.34398606,-.34398606
-8,27,8.4095945,0,8.4095945,8.4095945,1.0119427,0,1.0119427,1.0119427,12.828508,0,12.828508,12.828508,.129875,0,.129875,.129875,-7.872169,0,-7.872169,-7.872169,-.34300604,0,-.34300604,-.34300604
-7.9,27,8.3855667,0,8.3855667,8.3855667,1.0090514,0,1.0090514,1.0090514,12.791856,0,12.791856,12.791856,.12950392,0,.12950392,.12950392,-7.8496771,0,-7.8496771,-7.8496771,-.34202603,0,-.34202603,-.34202603
-7.8,27,8.3615389,0,8.3615389,8.3615389,1.0061601,0,1.0061601,1.0061601,12.755202,0,12.755202,12.755202,.12913285,0,.12913285,.12913285,-7.8271852,0,-7.8271852,-7.8271852,-.34104601,0,-.34104601,-.34104601
-7.7,27,8.337512,0,8.337512,8.337512,1.003269,0,1.003269,1.003269,12.71855,0,12.71855,12.71855,.12876178,0,.12876178,.12876178,-7.8046932,0,-7.8046932,-7.8046932,-.34006599,0,-.34006599,-.34006599
-7.6,27,8.3134842,0,8.3134842,8.3134842,1.0003777,0,1.0003777,1.0003777,12.681896,0,12.681896,12.681896,.12839071,0,.12839071,.12839071,-7.7822013,0,-7.7822013,-7.7822013,-.33908597,0,-.33908597,-.33908597
-7.5,27,8.2894573,0,8.2894573,8.2894573,.99748641,0,.99748641,.99748641,12.645244,0,12.645244,12.645244,.12801965,0,.12801965,.12801965,-7.7597094,0,-7.7597094,-7.7597094,-.33810595,0,-.33810595,-.33810595
-7.4,27,8.2654295,0,8.2654295,8.2654295,.99459511,0,.99459511,.99459511,12.608591,0,12.608591,12.608591,.12764856,0,.12764856,.12764856,-7.7372174,0,-7.7372174,-7.7372174,-.33712593,0,-.33712593,-.33712593
-7.3,27,8.2414026,0,8.2414026,8.2414026,.99170387,0,.99170387,.99170387,12.571939,0,12.571939,12.571939,.12727749,0,.12727749,.12727749,-7.7147255,0,-7.7147255,-7.7147255,-.33614591,0,-.33614591,-.33614591
-7.2,27,8.2173748,0,8.2173748,8.2173748,.98881257,0,.98881257,.98881257,12.535285,0,12.535285,12.535285,.12690642,0,.12690642,.12690642,-7.6922336,0,-7.6922336,-7.6922336,-.33516589,0,-.33516589,-.33516589
-7.1,27,8.193347,0,8.193347,8.193347,.98592132,0,.98592132,.98592132,12.498632,0,12.498632,12.498632,.12653536,0,.12653536,.12653536,-7.6697416,0,-7.6697416,-7.6697416,-.33418587,0,-.33418587,-.33418587
-7,27,8.1693201,0,8.1693201,8.1693201,.98303008,0,.98303008,.98303008,12.46198,0,12.46198,12.46198,.12616429,0,.12616429,.12616429,-7.6472497,0,-7.6472497,-7.6472497,-.33320588,0,-.33320588,-.33320588
-6.9,27,8.1452923,0,8.1452923,8.1452923,.98013878,0,.98013878,.98013878,12.425326,0,12.425326,12.425326,.12579322,0,.12579322,.12579322,-7.6247578,0,-7.6247578,-7.6247578,-.33222586,0,-.33222586,-.33222586
-6.8,27,8.1212654,0,8.1212654,8.1212654,.97724754,0,.97724754,.97724754,12.388674,0,12.388674,12.388674,.12542213,0,.12542213,.12542213,-7.6022658,0,-7.6022658,-7.6022658,-.33124584,0,-.33124584,-.33124584
-6.7,27,8.0972376,0,8.0972376,8.0972376,.97435629,0,.97435629,.97435629,12.35202,0,12.35202,12.35202,.12505107,0,.12505107,.12505107,-7.5797739,0,-7.5797739,-7.5797739,-.33026582,0,-.33026582,-.33026582
-6.6,27,8.0732107,0,8.0732107,8.0732107,.97146499,0,.97146499,.97146499,12.315368,0,12.315368,12.315368,.12468,0,.12468,.12468,-7.557282,0,-7.557282,-7.557282,-.3292858,0,-.3292858,-.3292858
-6.5,27,8.0491829,0,8.0491829,8.0491829,.96857375,0,.96857375,.96857375,12.278715,0,12.278715,12.278715,.12430893,0,.12430893,.12430893,-7.53479,0,-7.53479,-7.53479,-.32830578,0,-.32830578,-.32830578
-6.4,27,8.0251551,0,8.0251551,8.0251551,.96568251,0,.96568251,.96568251,12.242063,0,12.242063,12.242063,.12393785,0,.12393785,.12393785,-7.5122986,0,-7.5122986,-7.5122986,-.32732576,0,-.32732576,-.32732576
-6.3,27,8.0011282,0,8.0011282,8.0011282,.9627912,0,.9627912,.9627912,12.205409,0,12.205409,12.205409,.12356678,0,.12356678,.12356678,-7.4898067,0,-7.4898067,-7.4898067,-.32634574,0,-.32634574,-.32634574
-6.2,27,7.9771008,0,7.9771008,7.9771008,.95989996,0,.95989996,.95989996,12.168756,0,12.168756,12.168756,.12319571,0,.12319571,.12319571,-7.4673142,0,-7.4673142,-7.4673142,-.32536572,0,-.32536572,-.32536572
-6.1,27,7.953073,0,7.953073,7.953073,.95700866,0,.95700866,.95700866,12.132104,0,12.132104,12.132104,.12282464,0,.12282464,.12282464,-7.4448228,0,-7.4448228,-7.4448228,-.3243857,0,-.3243857,-.3243857
-6,27,7.9290457,0,7.9290457,7.9290457,.95411742,0,.95411742,.95411742,12.09545,0,12.09545,12.09545,.12245357,0,.12245357,.12245357,-7.4223309,0,-7.4223309,-7.4223309,-.32340568,0,-.32340568,-.32340568
-5.9,27,7.9050183,0,7.9050183,7.9050183,.95122617,0,.95122617,.95122617,12.058798,0,12.058798,12.058798,.12208249,0,.12208249,.12208249,-7.3998389,0,-7.3998389,-7.3998389,-.32242566,0,-.32242566,-.32242566
-5.8,27,7.880991,0,7.880991,7.880991,.94833487,0,.94833487,.94833487,12.022145,0,12.022145,12.022145,.12171143,0,.12171143,.12171143,-7.377347,0,-7.377347,-7.377347,-.32144567,0,-.32144567,-.32144567
-5.7,27,7.8569636,0,7.8569636,7.8569636,.94544363,0,.94544363,.94544363,11.985492,0,11.985492,11.985492,.12134036,0,.12134036,.12134036,-7.3548551,0,-7.3548551,-7.3548551,-.32046562,0,-.32046562,-.32046562
-5.6,27,7.8329363,0,7.8329363,7.8329363,.94255239,0,.94255239,.94255239,11.948839,0,11.948839,11.948839,.12096928,0,.12096928,.12096928,-7.3323631,0,-7.3323631,-7.3323631,-.31948563,0,-.31948563,-.31948563
-5.5,27,7.8089089,0,7.8089089,7.8089089,.93966109,0,.93966109,.93966109,11.912187,0,11.912187,11.912187,.12059821,0,.12059821,.12059821,-7.3098712,0,-7.3098712,-7.3098712,-.31850561,0,-.31850561,-.31850561
-5.4,27,7.7848816,0,7.7848816,7.7848816,.93676984,0,.93676984,.93676984,11.875533,0,11.875533,11.875533,.12022714,0,.12022714,.12022714,-7.2873793,0,-7.2873793,-7.2873793,-.3175256,0,-.3175256,-.3175256
-5.3,27,7.7608538,0,7.7608538,7.7608538,.9338786,0,.9338786,.9338786,11.838881,0,11.838881,11.838881,.11985607,0,.11985607,.11985607,-7.2648873,0,-7.2648873,-7.2648873,-.31654558,0,-.31654558,-.31654558
-5.2,27,7.7368264,0,7.7368264,7.7368264,.9309873,0,.9309873,.9309873,11.802227,0,11.802227,11.802227,.119485,0,.119485,.119485,-7.2423954,0,-7.2423954,-7.2423954,-.31556556,0,-.31556556,-.31556556
-5.1,27,7.7127991,0,7.7127991,7.7127991,.92809606,0,.92809606,.92809606,11.765574,0,11.765574,11.765574,.11911392,0,.11911392,.11911392,-7.2199035,0,-7.2199035,-7.2199035,-.31458554,0,-.31458554,-.31458554
-5,27,7.6887717,0,7.6887717,7.6887717,.92520475,0,.92520475,.92520475,11.728922,0,11.728922,11.728922,.11874285,0,.11874285,.11874285,-7.1974115,0,-7.1974115,-7.1974115,-.31360552,0,-.31360552,-.31360552
-4.9,27,7.6647444,0,7.6647444,7.6647444,.92231351,0,.92231351,.92231351,11.692269,0,11.692269,11.692269,.11837178,0,.11837178,.11837178,-7.1749196,0,-7.1749196,-7.1749196,-.3126255,0,-.3126255,-.3126255
-4.8,27,7.640717,0,7.640717,7.640717,.91942227,0,.91942227,.91942227,11.655616,0,11.655616,11.655616,.11800072,0,.11800072,.11800072,-7.1524277,0,-7.1524277,-7.1524277,-.31164548,0,-.31164548,-.31164548
-4.7,27,7.6166892,0,7.6166892,7.6166892,.91653097,0,.91653097,.91653097,11.618963,0,11.618963,11.618963,.11762964,0,.11762964,.11762964,-7.1299357,0,-7.1299357,-7.1299357,-.31066546,0,-.31066546,-.31066546
-4.6,27,7.5926619,0,7.5926619,7.5926619,.91363972,0,.91363972,.91363972,11.582311,0,11.582311,11.582311,.11725857,0,.11725857,.11725857,-7.1074438,0,-7.1074438,-7.1074438,-.30968544,0,-.30968544,-.30968544
-4.5,27,7.5686345,0,7.5686345,7.5686345,.91074842,0,.91074842,.91074842,11.545657,0,11.545657,11.545657,.11688749,0,.11688749,.11688749,-7.0849519,0,-7.0849519,-7.0849519,-.30870542,0,-.30870542,-.30870542
-4.4,27,7.5446072,0,7.5446072,7.5446072,.90785718,0,.90785718,.90785718,11.509005,0,11.509005,11.509005,.11651643,0,.11651643,.11651643,-7.0624599,0,-7.0624599,-7.0624599,-.30772543,0,-.30772543,-.30772543
-4.3,27,7.5205798,0,7.5205798,7.5205798,.90496594,0,.90496594,.90496594,11.472352,0,11.472352,11.472352,.11614536,0,.11614536,.11614536,-7.039968,0,-7.039968,-7.039968,-.30674541,0,-.30674541,-.30674541
-4.2,27,7.4965525,0,7.4965525,7.4965525,.90207464,0,.90207464,.90207464,11.435699,0,11.435699,11.435699,.11577428,0,.11577428,.11577428,-7.0174761,0,-7.0174761,-7.0174761,-.30576539,0,-.30576539,-.30576539
-4.1,27,7.4725251,0,7.4725251,7.4725251,.89918339,0,.89918339,.89918339,11.399046,0,11.399046,11.399046,.11540321,0,.11540321,.11540321,-6.9949841,0,-6.9949841,-6.9949841,-.30478537,0,-.30478537,-.30478537
-4,27,7.4484978,0,7.4484978,7.4484978,.89629215,0,.89629215,.89629215,11.362393,0,11.362393,11.362393,.11503214,0,.11503214,.11503214,-6.9724927,0,-6.9724927,-6.9724927,-.30380535,0,-.30380535,-.30380535
-3.9,27,7.4244704,0,7.4244704,7.4244704,.89340085,0,.89340085,.89340085,11.32574,0,11.32574,11.32574,.11466107,0,.11466107,.11466107,-6.9500008,0,-6.9500008,-6.9500008,-.30282533,0,-.30282533,-.30282533
-3.8,27,7.4004426,0,7.4004426,7.4004426,.89050961,0,.89050961,.89050961,11.289087,0,11.289087,11.289087,.11429,0,.11429,.11429,-6.9275088,0,-6.9275088,-6.9275088,-.30184531,0,-.30184531,-.30184531
-3.7,27,7.3764153,0,7.3764153,7.3764153,.8876183,0,.8876183,.8876183,11.252435,0,11.252435,11.252435,.11391892,0,.11391892,.11391892,-6.9050169,0,-6.9050169,-6.9050169,-.30086529,0,-.30086529,-.30086529
-3.6,27,7.3523879,0,7.3523879,7.3523879,.88472706,0,.88472706,.88472706,11.215781,0,11.215781,11.215781,.11354785,0,.11354785,.11354785,-6.882525,0,-6.882525,-6.882525,-.29988527,0,-.29988527,-.29988527
-3.5,27,7.3283606,0,7.3283606,7.3283606,.88183582,0,.88183582,.88183582,11.179129,0,11.179129,11.179129,.11317679,0,.11317679,.11317679,-6.860033,0,-6.860033,-6.860033,-.29890525,0,-.29890525,-.29890525
-3.4,27,7.3043332,0,7.3043332,7.3043332,.87894452,0,.87894452,.87894452,11.142476,0,11.142476,11.142476,.11280571,0,.11280571,.11280571,-6.8375411,0,-6.8375411,-6.8375411,-.29792523,0,-.29792523,-.29792523
-3.3,27,7.2803059,0,7.2803059,7.2803059,.87605327,0,.87605327,.87605327,11.105823,0,11.105823,11.105823,.11243464,0,.11243464,.11243464,-6.8150492,0,-6.8150492,-6.8150492,-.29694521,0,-.29694521,-.29694521
-3.2,27,7.2562785,0,7.2562785,7.2562785,.87316203,0,.87316203,.87316203,11.06917,0,11.06917,11.06917,.11206357,0,.11206357,.11206357,-6.7925572,0,-6.7925572,-6.7925572,-.29596519,0,-.29596519,-.29596519
-3.1,27,7.2322507,0,7.2322507,7.2322507,.87027073,0,.87027073,.87027073,11.032517,0,11.032517,11.032517,.1116925,0,.1116925,.1116925,-6.7700653,0,-6.7700653,-6.7700653,-.2949852,0,-.2949852,-.2949852
-3,27,7.2082233,0,7.2082233,7.2082233,.86737949,0,.86737949,.86737949,10.995864,0,10.995864,10.995864,.11132143,0,.11132143,.11132143,-6.7475734,0,-6.7475734,-6.7475734,-.29400519,0,-.29400519,-.29400519
-2.9,27,7.184196,0,7.184196,7.184196,.86448818,0,.86448818,.86448818,10.959211,0,10.959211,10.959211,.11095036,0,.11095036,.11095036,-6.7250814,0,-6.7250814,-6.7250814,-.29302517,0,-.29302517,-.29302517
-2.8,27,7.1601686,0,7.1601686,7.1601686,.86159694,0,.86159694,.86159694,10.922559,0,10.922559,10.922559,.11057928,0,.11057928,.11057928,-6.7025895,0,-6.7025895,-6.7025895,-.29204515,0,-.29204515,-.29204515
-2.7,27,7.1361413,0,7.1361413,7.1361413,.8587057,0,.8587057,.8587057,10.885905,0,10.885905,10.885905,.11020821,0,.11020821,.11020821,-6.6800976,0,-6.6800976,-6.6800976,-.29106513,0,-.29106513,-.29106513
-2.6,27,7.112114,0,7.112114,7.112114,.8558144,0,.8558144,.8558144,10.849253,0,10.849253,10.849253,.10983714,0,.10983714,.10983714,-6.6576056,0,-6.6576056,-6.6576056,-.29008511,0,-.29008511,-.29008511
-2.5,27,7.0880866,0,7.0880866,7.0880866,.85292315,0,.85292315,.85292315,10.8126,0,10.8126,10.8126,.10946607,0,.10946607,.10946607,-6.6351137,0,-6.6351137,-6.6351137,-.28910509,0,-.28910509,-.28910509
-2.4,27,7.0640593,0,7.0640593,7.0640593,.85003191,0,.85003191,.85003191,10.775947,0,10.775947,10.775947,.109095,0,.109095,.109095,-6.6126218,0,-6.6126218,-6.6126218,-.28812507,0,-.28812507,-.28812507
-2.3,27,7.0400314,0,7.0400314,7.0400314,.84714061,0,.84714061,.84714061,10.739294,0,10.739294,10.739294,.10872392,0,.10872392,.10872392,-6.5901299,0,-6.5901299,-6.5901299,-.28714505,0,-.28714505,-.28714505
-2.2,27,7.0160041,0,7.0160041,7.0160041,.84424937,0,.84424937,.84424937,10.702641,0,10.702641,10.702641,.10835285,0,.10835285,.10835285,-6.5676379,0,-6.5676379,-6.5676379,-.28616503,0,-.28616503,-.28616503
-2.1,27,6.9919767,0,6.9919767,6.9919767,.84135807,0,.84135807,.84135807,10.665988,0,10.665988,10.665988,.10798179,0,.10798179,.10798179,-6.545146,0,-6.545146,-6.545146,-.28518501,0,-.28518501,-.28518501
-2,27,6.9679494,0,6.9679494,6.9679494,.83846682,0,.83846682,.83846682,10.629335,0,10.629335,10.629335,.10761071,0,.10761071,.10761071,-6.5226541,0,-6.5226541,-6.5226541,-.28420499,0,-.28420499,-.28420499
-1.9,27,6.943922,0,6.943922,6.943922,.83557558,0,.83557558,.83557558,10.592683,0,10.592683,10.592683,.10723964,0,.10723964,.10723964,-6.5001621,0,-6.5001621,-6.5001621,-.28322497,0,-.28322497,-.28322497
-1.8,27,6.9198947,0,6.9198947,6.9198947,.83268428,0,.83268428,.83268428,10.556029,0,10.556029,10.556029,.10686857,0,.10686857,.10686857,-6.4776702,0,-6.4776702,-6.4776702,-.28224498,0,-.28224498,-.28224498
-1.7,27,6.8958673,0,6.8958673,6.8958673,.82979304,0,.82979304,.82979304,10.519377,0,10.519377,10.519377,.1064975,0,.1064975,.1064975,-6.4551787,0,-6.4551787,-6.4551787,-.28126496,0,-.28126496,-.28126496
-1.6,27,6.8718395,0,6.8718395,6.8718395,.82690179,0,.82690179,.82690179,10.482724,0,10.482724,10.482724,.10612643,0,.10612643,.10612643,-6.4326868,0,-6.4326868,-6.4326868,-.28028494,0,-.28028494,-.28028494
-1.5,27,6.8478122,0,6.8478122,6.8478122,.82401049,0,.82401049,.82401049,10.446071,0,10.446071,10.446071,.10575535,0,.10575535,.10575535,-6.4101949,0,-6.4101949,-6.4101949,-.27930492,0,-.27930492,-.27930492
-1.4,27,6.8237848,0,6.8237848,6.8237848,.82111925,0,.82111925,.82111925,10.409418,0,10.409418,10.409418,.10538428,0,.10538428,.10538428,-6.3877029,0,-6.3877029,-6.3877029,-.2783249,0,-.2783249,-.2783249
-1.3,27,6.7997575,0,6.7997575,6.7997575,.81822795,0,.81822795,.81822795,10.372766,0,10.372766,10.372766,.10501321,0,.10501321,.10501321,-6.365211,0,-6.365211,-6.365211,-.27734488,0,-.27734488,-.27734488
-1.2,27,6.7757301,0,6.7757301,6.7757301,.8153367,0,.8153367,.8153367,10.336112,0,10.336112,10.336112,.10464214,0,.10464214,.10464214,-6.3427191,0,-6.3427191,-6.3427191,-.27636486,0,-.27636486,-.27636486
-1.1,27,6.7517028,0,6.7517028,6.7517028,.81244546,0,.81244546,.81244546,10.299459,0,10.299459,10.299459,.10427107,0,.10427107,.10427107,-6.3202271,0,-6.3202271,-6.3202271,-.27538484,0,-.27538484,-.27538484
-1,27,6.7276754,0,6.7276754,6.7276754,.80955416,0,.80955416,.80955416,10.262807,0,10.262807,10.262807,.1039,0,.1039,.1039,-6.2977352,0,-6.2977352,-6.2977352,-.27440482,0,-.27440482,-.27440482
-.9,27,6.7036476,0,6.7036476,6.7036476,.80666292,0,.80666292,.80666292,10.226153,0,10.226153,10.226153,.10352892,0,.10352892,.10352892,-6.2752433,0,-6.2752433,-6.2752433,-.2734248,0,-.2734248,-.2734248
-.8,27,6.6796203,0,6.6796203,6.6796203,.80377167,0,.80377167,.80377167,10.189501,0,10.189501,10.189501,.10315786,0,.10315786,.10315786,-6.2527514,0,-6.2527514,-6.2527514,-.27244478,0,-.27244478,-.27244478
-.7,27,6.6555929,0,6.6555929,6.6555929,.80088037,0,.80088037,.80088037,10.152848,0,10.152848,10.152848,.10278679,0,.10278679,.10278679,-6.2302594,0,-6.2302594,-6.2302594,-.27146477,0,-.27146477,-.27146477
-.6,27,6.6315656,0,6.6315656,6.6315656,.79798913,0,.79798913,.79798913,10.116195,0,10.116195,10.116195,.10241571,0,.10241571,.10241571,-6.2077675,0,-6.2077675,-6.2077675,-.27048478,0,-.27048478,-.27048478
-.5,27,6.6075382,0,6.6075382,6.6075382,.79509783,0,.79509783,.79509783,10.079542,0,10.079542,10.079542,.10204464,0,.10204464,.10204464,-6.1852756,0,-6.1852756,-6.1852756,-.26950476,0,-.26950476,-.26950476
-.4,27,6.5835109,0,6.5835109,6.5835109,.79220659,0,.79220659,.79220659,10.04289,0,10.04289,10.04289,.10167357,0,.10167357,.10167357,-6.1627836,0,-6.1627836,-6.1627836,-.26852474,0,-.26852474,-.26852474
-.3,27,6.5594835,0,6.5594835,6.5594835,.78931534,0,.78931534,.78931534,10.006236,0,10.006236,10.006236,.1013025,0,.1013025,.1013025,-6.1402917,0,-6.1402917,-6.1402917,-.26754472,0,-.26754472,-.26754472
-.2,27,6.5354562,0,6.5354562,6.5354562,.78642404,0,.78642404,.78642404,9.9695835,0,9.9695835,9.9695835,.10093143,0,.10093143,.10093143,-6.1177998,0,-6.1177998,-6.1177998,-.2665647,0,-.2665647,-.2665647
-.1,27,6.5114284,0,6.5114284,6.5114284,.7835328,0,.7835328,.7835328,9.9329309,0,9.9329309,9.9329309,.10056035,0,.10056035,.10056035,-6.0953078,0,-6.0953078,-6.0953078,-.26558468,0,-.26558468,-.26558468
0,27,6.487401,0,6.487401,6.487401,.78064156,0,.78064156,.78064156,9.8962774,0,9.8962774,9.8962774,.10018928,0,.10018928,.10018928,-6.0728159,0,-6.0728159,-6.0728159,-.26460466,0,-.26460466,-.26460466
.1,27,6.4633737,0,6.4633737,6.4633737,.77775025,0,.77775025,.77775025,9.8596249,0,9.8596249,9.8596249,.099818215,0,.099818215,.099818215,-6.050324,0,-6.050324,-6.050324,-.26362464,0,-.26362464,-.26362464
.2,27,6.4393463,0,6.4393463,6.4393463,.77485901,0,.77485901,.77485901,9.8229723,0,9.8229723,9.8229723,.099447139,0,.099447139,.099447139,-6.027832,0,-6.027832,-6.027832,-.26264462,0,-.26264462,-.26264462
.3,27,6.415319,0,6.415319,6.415319,.77196771,0,.77196771,.77196771,9.7863188,0,9.7863188,9.7863188,.09907607,0,.09907607,.09907607,-6.0053401,0,-6.0053401,-6.0053401,-.2616646,0,-.2616646,-.2616646
.4,27,6.3912916,0,6.3912916,6.3912916,.76907647,0,.76907647,.76907647,9.7496662,0,9.7496662,9.7496662,.098705001,0,.098705001,.098705001,-5.9828482,0,-5.9828482,-5.9828482,-.26068458,0,-.26068458,-.26068458
.5,27,6.3672643,0,6.3672643,6.3672643,.76618522,0,.76618522,.76618522,9.7130136,0,9.7130136,9.7130136,.098333925,0,.098333925,.098333925,-5.9603562,0,-5.9603562,-5.9603562,-.25970456,0,-.25970456,-.25970456
.6,27,6.3432364,0,6.3432364,6.3432364,.76329392,0,.76329392,.76329392,9.6763601,0,9.6763601,9.6763601,.097962856,0,.097962856,.097962856,-5.9378643,0,-5.9378643,-5.9378643,-.25872454,0,-.25872454,-.25872454
.7,27,6.3192091,0,6.3192091,6.3192091,.76040268,0,.76040268,.76040268,9.6397076,0,9.6397076,9.6397076,.09759178,0,.09759178,.09759178,-5.9153728,0,-5.9153728,-5.9153728,-.25774455,0,-.25774455,-.25774455
.8,27,6.2951818,0,6.2951818,6.2951818,.75751138,0,.75751138,.75751138,9.603055,0,9.603055,9.603055,.097220711,0,.097220711,.097220711,-5.8928809,0,-5.8928809,-5.8928809,-.25676453,0,-.25676453,-.25676453
.9,27,6.2711544,0,6.2711544,6.2711544,.75462013,0,.75462013,.75462013,9.5664015,0,9.5664015,9.5664015,.096849643,0,.096849643,.096849643,-5.870389,0,-5.870389,-5.870389,-.25578451,0,-.25578451,-.25578451
1,27,6.2471271,0,6.2471271,6.2471271,.75172889,0,.75172889,.75172889,9.5297489,0,9.5297489,9.5297489,.096478567,0,.096478567,.096478567,-5.8478971,0,-5.8478971,-5.8478971,-.25480449,0,-.25480449,-.25480449
1.1,27,6.2230997,0,6.2230997,6.2230997,.74883759,0,.74883759,.74883759,9.4930964,0,9.4930964,9.4930964,.096107498,0,.096107498,.096107498,-5.8254051,0,-5.8254051,-5.8254051,-.25382447,0,-.25382447,-.25382447
1.2,27,6.1990724,0,6.1990724,6.1990724,.74594635,0,.74594635,.74594635,9.4564428,0,9.4564428,9.4564428,.095736429,0,.095736429,.095736429,-5.8029132,0,-5.8029132,-5.8029132,-.25284445,0,-.25284445,-.25284445
1.3,27,6.175045,0,6.175045,6.175045,.74305511,0,.74305511,.74305511,9.4197903,0,9.4197903,9.4197903,.095365353,0,.095365353,.095365353,-5.7804213,0,-5.7804213,-5.7804213,-.25186443,0,-.25186443,-.25186443
1.4,27,6.1510172,0,6.1510172,6.1510172,.7401638,0,.7401638,.7401638,9.3831377,0,9.3831377,9.3831377,.094994284,0,.094994284,.094994284,-5.7579293,0,-5.7579293,-5.7579293,-.25088441,0,-.25088441,-.25088441
1.5,27,6.1269898,0,6.1269898,6.1269898,.73727256,0,.73727256,.73727256,9.3464842,0,9.3464842,9.3464842,.094623215,0,.094623215,.094623215,-5.7354374,0,-5.7354374,-5.7354374,-.24990439,0,-.24990439,-.24990439
1.6,27,6.1029625,0,6.1029625,6.1029625,.73438126,0,.73438126,.73438126,9.3098316,0,9.3098316,9.3098316,.094252139,0,.094252139,.094252139,-5.7129455,0,-5.7129455,-5.7129455,-.24892437,0,-.24892437,-.24892437
1.7,27,6.0789351,0,6.0789351,6.0789351,.73149002,0,.73149002,.73149002,9.2731791,0,9.2731791,9.2731791,.093881071,0,.093881071,.093881071,-5.6904535,0,-5.6904535,-5.6904535,-.24794437,0,-.24794437,-.24794437
1.8,27,6.0549078,0,6.0549078,6.0549078,.72859877,0,.72859877,.72859877,9.2365255,0,9.2365255,9.2365255,.093509994,0,.093509994,.093509994,-5.6679616,0,-5.6679616,-5.6679616,-.24696435,0,-.24696435,-.24696435
1.9,27,6.0308805,0,6.0308805,6.0308805,.72570747,0,.72570747,.72570747,9.199873,0,9.199873,9.199873,.093138926,0,.093138926,.093138926,-5.6454697,0,-5.6454697,-5.6454697,-.24598433,0,-.24598433,-.24598433
2,27,6.0068531,0,6.0068531,6.0068531,.72281623,0,.72281623,.72281623,9.1632204,0,9.1632204,9.1632204,.092767857,0,.092767857,.092767857,-5.6229777,0,-5.6229777,-5.6229777,-.24500431,0,-.24500431,-.24500431
2.1,27,5.9828253,0,5.9828253,5.9828253,.71992499,0,.71992499,.71992499,9.1265669,0,9.1265669,9.1265669,.092396781,0,.092396781,.092396781,-5.6004858,0,-5.6004858,-5.6004858,-.24402429,0,-.24402429,-.24402429
2.2,27,5.9587979,0,5.9587979,5.9587979,.71703368,0,.71703368,.71703368,9.0899143,0,9.0899143,9.0899143,.092025712,0,.092025712,.092025712,-5.5779939,0,-5.5779939,-5.5779939,-.24304427,0,-.24304427,-.24304427
2.3,27,5.9347706,0,5.9347706,5.9347706,.71414244,0,.71414244,.71414244,9.0532618,0,9.0532618,9.0532618,.091654643,0,.091654643,.091654643,-5.5555019,0,-5.5555019,-5.5555019,-.24206427,0,-.24206427,-.24206427
2.4,27,5.9107432,0,5.9107432,5.9107432,.71125114,0,.71125114,.71125114,9.0166082,0,9.0166082,9.0166082,.091283567,0,.091283567,.091283567,-5.53301,0,-5.53301,-5.53301,-.24108425,0,-.24108425,-.24108425
2.5,27,5.8867159,0,5.8867159,5.8867159,.7083599,0,.7083599,.7083599,8.9799557,0,8.9799557,8.9799557,.090912499,0,.090912499,.090912499,-5.5105181,0,-5.5105181,-5.5105181,-.24010423,0,-.24010423,-.24010423
2.6,27,5.8626885,0,5.8626885,5.8626885,.70546865,0,.70546865,.70546865,8.9433031,0,8.9433031,8.9433031,.09054143,0,.09054143,.09054143,-5.4880261,0,-5.4880261,-5.4880261,-.23912421,0,-.23912421,-.23912421
2.7,27,5.8386612,0,5.8386612,5.8386612,.70257735,0,.70257735,.70257735,8.9066496,0,8.9066496,8.9066496,.090170354,0,.090170354,.090170354,-5.4655342,0,-5.4655342,-5.4655342,-.23814419,0,-.23814419,-.23814419
2.8,27,5.8146338,0,5.8146338,5.8146338,.69968611,0,.69968611,.69968611,8.869997,0,8.869997,8.869997,.089799285,0,.089799285,.089799285,-5.4430423,0,-5.4430423,-5.4430423,-.23716417,0,-.23716417,-.23716417
2.9,27,5.790606,0,5.790606,5.790606,.69679487,0,.69679487,.69679487,8.8333445,0,8.8333445,8.8333445,.089428209,0,.089428209,.089428209,-5.4205503,0,-5.4205503,-5.4205503,-.23618415,0,-.23618415,-.23618415
3,27,5.7665787,0,5.7665787,5.7665787,.69390357,0,.69390357,.69390357,8.7966909,0,8.7966909,8.7966909,.08905714,0,.08905714,.08905714,-5.3980589,0,-5.3980589,-5.3980589,-.23520415,0,-.23520415,-.23520415
3.1,27,5.7425513,0,5.7425513,5.7425513,.69101232,0,.69101232,.69101232,8.7600384,0,8.7600384,8.7600384,.088686071,0,.088686071,.088686071,-5.375567,0,-5.375567,-5.375567,-.23422413,0,-.23422413,-.23422413
3.2,27,5.718524,0,5.718524,5.718524,.68812102,0,.68812102,.68812102,8.7233858,0,8.7233858,8.7233858,.088314995,0,.088314995,.088314995,-5.353075,0,-5.353075,-5.353075,-.23324411,0,-.23324411,-.23324411
3.3,27,5.6944966,0,5.6944966,5.6944966,.68522978,0,.68522978,.68522978,8.6867323,0,8.6867323,8.6867323,.087943926,0,.087943926,.087943926,-5.3305831,0,-5.3305831,-5.3305831,-.23226409,0,-.23226409,-.23226409
3.4,27,5.6704693,0,5.6704693,5.6704693,.68233854,0,.68233854,.68233854,8.6500797,0,8.6500797,8.6500797,.087572858,0,.087572858,.087572858,-5.3080912,0,-5.3080912,-5.3080912,-.23128407,0,-.23128407,-.23128407
3.5,27,5.6464419,0,5.6464419,5.6464419,.67944723,0,.67944723,.67944723,8.6134272,0,8.6134272,8.6134272,.087201782,0,.087201782,.087201782,-5.2855992,0,-5.2855992,-5.2855992,-.23030405,0,-.23030405,-.23030405
3.6,27,5.6224141,0,5.6224141,5.6224141,.67655599,0,.67655599,.67655599,8.5767736,0,8.5767736,8.5767736,.086830713,0,.086830713,.086830713,-5.2631073,0,-5.2631073,-5.2631073,-.22932404,0,-.22932404,-.22932404
3.7,27,5.5983868,0,5.5983868,5.5983868,.67366475,0,.67366475,.67366475,8.5401211,0,8.5401211,8.5401211,.086459644,0,.086459644,.086459644,-5.2406154,0,-5.2406154,-5.2406154,-.22834402,0,-.22834402,-.22834402
3.8,27,5.5743594,0,5.5743594,5.5743594,.67077345,0,.67077345,.67077345,8.5034685,0,8.5034685,8.5034685,.086088568,0,.086088568,.086088568,-5.2181234,0,-5.2181234,-5.2181234,-.227364,0,-.227364,-.227364
3.9,27,5.5503321,0,5.5503321,5.5503321,.6678822,0,.6678822,.6678822,8.466815,0,8.466815,8.466815,.085717499,0,.085717499,.085717499,-5.1956315,0,-5.1956315,-5.1956315,-.22638398,0,-.22638398,-.22638398
4,27,5.5263047,0,5.5263047,5.5263047,.6649909,0,.6649909,.6649909,8.4301624,0,8.4301624,8.4301624,.085346423,0,.085346423,.085346423,-5.1731396,0,-5.1731396,-5.1731396,-.22540396,0,-.22540396,-.22540396
4.1,27,5.5022774,0,5.5022774,5.5022774,.66209966,0,.66209966,.66209966,8.3935099,0,8.3935099,8.3935099,.084975354,0,.084975354,.084975354,-5.1506476,0,-5.1506476,-5.1506476,-.22442394,0,-.22442394,-.22442394
4.2,27,5.47825,0,5.47825,5.47825,.65920842,0,.65920842,.65920842,8.3568573,0,8.3568573,8.3568573,.084604286,0,.084604286,.084604286,-5.1281557,0,-5.1281557,-5.1281557,-.22344394,0,-.22344394,-.22344394
4.3,27,5.4542222,0,5.4542222,5.4542222,.65631711,0,.65631711,.65631711,8.3202038,0,8.3202038,8.3202038,.084233209,0,.084233209,.084233209,-5.1056638,0,-5.1056638,-5.1056638,-.22246392,0,-.22246392,-.22246392
4.4,27,5.4301949,0,5.4301949,5.4301949,.65342587,0,.65342587,.65342587,8.2835512,0,8.2835512,8.2835512,.083862141,0,.083862141,.083862141,-5.0831718,0,-5.0831718,-5.0831718,-.2214839,0,-.2214839,-.2214839
4.5,27,5.4061675,0,5.4061675,5.4061675,.65053463,0,.65053463,.65053463,8.2468977,0,8.2468977,8.2468977,.083491072,0,.083491072,.083491072,-5.0606799,0,-5.0606799,-5.0606799,-.22050388,0,-.22050388,-.22050388
4.6,27,5.3821402,0,5.3821402,5.3821402,.64764333,0,.64764333,.64764333,8.2102451,0,8.2102451,8.2102451,.083119996,0,.083119996,.083119996,-5.038188,0,-5.038188,-5.038188,-.21952386,0,-.21952386,-.21952386
4.7,27,5.3581128,0,5.3581128,5.3581128,.64475209,0,.64475209,.64475209,8.1735926,0,8.1735926,8.1735926,.082748927,0,.082748927,.082748927,-5.015696,0,-5.015696,-5.015696,-.21854384,0,-.21854384,-.21854384
4.8,27,5.3340855,0,5.3340855,5.3340855,.64186078,0,.64186078,.64186078,8.136939,0,8.136939,8.136939,.082377851,0,.082377851,.082377851,-4.9932041,0,-4.9932041,-4.9932041,-.21756382,0,-.21756382,-.21756382
4.9,27,5.3100581,0,5.3100581,5.3100581,.63896954,0,.63896954,.63896954,8.1002865,0,8.1002865,8.1002865,.082006782,0,.082006782,.082006782,-4.9707122,0,-4.9707122,-4.9707122,-.21658382,0,-.21658382,-.21658382
5,27,5.2860308,0,5.2860308,5.2860308,.6360783,0,.6360783,.6360783,8.0636339,0,8.0636339,8.0636339,.081635714,0,.081635714,.081635714,-4.9482203,0,-4.9482203,-4.9482203,-.2156038,0,-.2156038,-.2156038
5.1,27,5.2620029,0,5.2620029,5.2620029,.633187,0,.633187,.633187,8.0269814,0,8.0269814,8.0269814,.081264645,0,.081264645,.081264645,-4.9257288,0,-4.9257288,-4.9257288,-.21462378,0,-.21462378,-.21462378
5.2,27,5.2379756,0,5.2379756,5.2379756,.63029575,0,.63029575,.63029575,7.9903278,0,7.9903278,7.9903278,.080893569,0,.080893569,.080893569,-4.9032369,0,-4.9032369,-4.9032369,-.21364376,0,-.21364376,-.21364376
5.3,27,5.2139482,0,5.2139482,5.2139482,.62740445,0,.62740445,.62740445,7.9536748,0,7.9536748,7.9536748,.0805225,0,.0805225,.0805225,-4.8807445,0,-4.8807445,-4.8807445,-.21266374,0,-.21266374,-.21266374
5.4,27,5.1899209,0,5.1899209,5.1899209,.62451321,0,.62451321,.62451321,7.9170222,0,7.9170222,7.9170222,.080151424,0,.080151424,.080151424,-4.858253,0,-4.858253,-4.858253,-.21168372,0,-.21168372,-.21168372
5.5,27,5.1658936,0,5.1658936,5.1658936,.62162197,0,.62162197,.62162197,7.8803692,0,7.8803692,7.8803692,.079780355,0,.079780355,.079780355,-4.8357611,0,-4.8357611,-4.8357611,-.21070372,0,-.21070372,-.21070372
5.6,27,5.1418662,0,5.1418662,5.1418662,.61873072,0,.61873072,.61873072,7.8437166,0,7.8437166,7.8437166,.079409286,0,.079409286,.079409286,-4.8132691,0,-4.8132691,-4.8132691,-.2097237,0,-.2097237,-.2097237
5.7,27,5.1178389,0,5.1178389,5.1178389,.61583942,0,.61583942,.61583942,7.8070636,0,7.8070636,7.8070636,.07903821,0,.07903821,.07903821,-4.7907772,0,-4.7907772,-4.7907772,-.20874368,0,-.20874368,-.20874368
5.8,27,5.093811,0,5.093811,5.093811,.61294818,0,.61294818,.61294818,7.7704105,0,7.7704105,7.7704105,.078667141,0,.078667141,.078667141,-4.7682853,0,-4.7682853,-4.7682853,-.20776366,0,-.20776366,-.20776366
5.9,27,5.0697837,0,5.0697837,5.0697837,.61005688,0,.61005688,.61005688,7.733758,0,7.733758,7.733758,.078296073,0,.078296073,.078296073,-4.7457933,0,-4.7457933,-4.7457933,-.20678364,0,-.20678364,-.20678364
6,27,5.0457563,0,5.0457563,5.0457563,.60716563,0,.60716563,.60716563,7.6971049,0,7.6971049,7.6971049,.077924997,0,.077924997,.077924997,-4.7233014,0,-4.7233014,-4.7233014,-.20580362,0,-.20580362,-.20580362
6.1,27,5.021729,0,5.021729,5.021729,.60427439,0,.60427439,.60427439,7.6604519,0,7.6604519,7.6604519,.077553928,0,.077553928,.077553928,-4.7008095,0,-4.7008095,-4.7008095,-.20482361,0,-.20482361,-.20482361
6.2,27,4.9977016,0,4.9977016,4.9977016,.60138309,0,.60138309,.60138309,7.6237993,0,7.6237993,7.6237993,.077182859,0,.077182859,.077182859,-4.6783175,0,-4.6783175,-4.6783175,-.20384359,0,-.20384359,-.20384359
6.3,27,4.9736743,0,4.9736743,4.9736743,.59849185,0,.59849185,.59849185,7.5871463,0,7.5871463,7.5871463,.076811783,0,.076811783,.076811783,-4.6558256,0,-4.6558256,-4.6558256,-.20286357,0,-.20286357,-.20286357
6.4,27,4.9496469,0,4.9496469,4.9496469,.59560055,0,.59560055,.59560055,7.5504932,0,7.5504932,7.5504932,.076440714,0,.076440714,.076440714,-4.6333337,0,-4.6333337,-4.6333337,-.20188355,0,-.20188355,-.20188355
6.5,27,4.9256196,0,4.9256196,4.9256196,.5927093,0,.5927093,.5927093,7.5138407,0,7.5138407,7.5138407,.076069638,0,.076069638,.076069638,-4.6108418,0,-4.6108418,-4.6108418,-.20090353,0,-.20090353,-.20090353
6.6,27,4.9015918,0,4.9015918,4.9015918,.58981806,0,.58981806,.58981806,7.4771876,0,7.4771876,7.4771876,.075698569,0,.075698569,.075698569,-4.5883498,0,-4.5883498,-4.5883498,-.19992352,0,-.19992352,-.19992352
6.7,27,4.8775644,0,4.8775644,4.8775644,.58692676,0,.58692676,.58692676,7.4405351,0,7.4405351,7.4405351,.075327501,0,.075327501,.075327501,-4.5658579,0,-4.5658579,-4.5658579,-.19894351,0,-.19894351,-.19894351
6.8,27,4.8535371,0,4.8535371,4.8535371,.58403552,0,.58403552,.58403552,7.403882,0,7.403882,7.403882,.074956425,0,.074956425,.074956425,-4.543366,0,-4.543366,-4.543366,-.19796348,0,-.19796348,-.19796348
6.9,27,4.8295097,0,4.8295097,4.8295097,.58114427,0,.58114427,.58114427,7.367229,0,7.367229,7.367229,.074585356,0,.074585356,.074585356,-4.520874,0,-4.520874,-4.520874,-.19698347,0,-.19698347,-.19698347
7,27,4.8054824,0,4.8054824,4.8054824,.57825297,0,.57825297,.57825297,7.3305759,0,7.3305759,7.3305759,.074214287,0,.074214287,.074214287,-4.4983821,0,-4.4983821,-4.4983821,-.19600345,0,-.19600345,-.19600345
7.1,27,4.781455,0,4.781455,4.781455,.57536173,0,.57536173,.57536173,7.2939234,0,7.2939234,7.2939234,.073843211,0,.073843211,.073843211,-4.4758902,0,-4.4758902,-4.4758902,-.19502343,0,-.19502343,-.19502343
7.2,27,4.7574277,0,4.7574277,4.7574277,.57247049,0,.57247049,.57247049,7.2572703,0,7.2572703,7.2572703,.073472142,0,.073472142,.073472142,-4.4533982,0,-4.4533982,-4.4533982,-.19404341,0,-.19404341,-.19404341
7.3,27,4.7333999,0,4.7333999,4.7333999,.56957918,0,.56957918,.56957918,7.2206173,0,7.2206173,7.2206173,.073101066,0,.073101066,.073101066,-4.4309063,0,-4.4309063,-4.4309063,-.19306339,0,-.19306339,-.19306339
7.4,27,4.7093725,0,4.7093725,4.7093725,.56668794,0,.56668794,.56668794,7.1839647,0,7.1839647,7.1839647,.072729997,0,.072729997,.072729997,-4.4084144,0,-4.4084144,-4.4084144,-.19208337,0,-.19208337,-.19208337
7.5,27,4.6853452,0,4.6853452,4.6853452,.56379664,0,.56379664,.56379664,7.1473117,0,7.1473117,7.1473117,.072358929,0,.072358929,.072358929,-4.3859229,0,-4.3859229,-4.3859229,-.19110337,0,-.19110337,-.19110337
7.6,27,4.6613178,0,4.6613178,4.6613178,.5609054,0,.5609054,.5609054,7.1106586,0,7.1106586,7.1106586,.071987852,0,.071987852,.071987852,-4.363431,0,-4.363431,-4.363431,-.19012335,0,-.19012335,-.19012335
7.7,27,4.6372905,0,4.6372905,4.6372905,.55801415,0,.55801415,.55801415,7.0740061,0,7.0740061,7.0740061,.071616784,0,.071616784,.071616784,-4.340939,0,-4.340939,-4.340939,-.18914333,0,-.18914333,-.18914333
7.8,27,4.6132631,0,4.6132631,4.6132631,.55512285,0,.55512285,.55512285,7.037353,0,7.037353,7.037353,.071245715,0,.071245715,.071245715,-4.3184471,0,-4.3184471,-4.3184471,-.18816331,0,-.18816331,-.18816331
7.9,27,4.5892358,0,4.5892358,4.5892358,.55223161,0,.55223161,.55223161,7.0007,0,7.0007,7.0007,.070874639,0,.070874639,.070874639,-4.2959552,0,-4.2959552,-4.2959552,-.18718329,0,-.18718329,-.18718329
8,27,4.5652084,0,4.5652084,4.5652084,.54934031,0,.54934031,.54934031,6.9640474,0,6.9640474,6.9640474,.07050357,0,.07050357,.07050357,-4.2734632,0,-4.2734632,-4.2734632,-.18620327,0,-.18620327,-.18620327
8.1,27,4.5411806,0,4.5411806,4.5411806,.54644907,0,.54644907,.54644907,6.9273944,0,6.9273944,6.9273944,.070132494,0,.070132494,.070132494,-4.2509713,0,-4.2509713,-4.2509713,-.18522325,0,-.18522325,-.18522325
8.199999999999999,27,4.5171533,0,4.5171533,4.5171533,.54355782,0,.54355782,.54355782,6.8907418,0,6.8907418,6.8907418,.069761425,0,.069761425,.069761425,-4.2284794,0,-4.2284794,-4.2284794,-.18424325,0,-.18424325,-.18424325
8.300000000000001,27,4.4931259,0,4.4931259,4.4931259,.54066652,0,.54066652,.54066652,6.8540888,0,6.8540888,6.8540888,.069390357,0,.069390357,.069390357,-4.2059875,0,-4.2059875,-4.2059875,-.18326323,0,-.18326323,-.18326323
8.4,27,4.4690986,0,4.4690986,4.4690986,.53777528,0,.53777528,.53777528,6.8174357,0,6.8174357,6.8174357,.069019288,0,.069019288,.069019288,-4.1834955,0,-4.1834955,-4.1834955,-.18228321,0,-.18228321,-.18228321
8.5,27,4.4450712,0,4.4450712,4.4450712,.53488404,0,.53488404,.53488404,6.7807827,0,6.7807827,6.7807827,.068648212,0,.068648212,.068648212,-4.1610036,0,-4.1610036,-4.1610036,-.18130319,0,-.18130319,-.18130319
8.6,27,4.4210439,0,4.4210439,4.4210439,.53199273,0,.53199273,.53199273,6.7441297,0,6.7441297,6.7441297,.068277143,0,.068277143,.068277143,-4.1385117,0,-4.1385117,-4.1385117,-.18032317,0,-.18032317,-.18032317
8.699999999999999,27,4.3970165,0,4.3970165,4.3970165,.52910149,0,.52910149,.52910149,6.7074771,0,6.7074771,6.7074771,.067906074,0,.067906074,.067906074,-4.1160197,0,-4.1160197,-4.1160197,-.17934316,0,-.17934316,-.17934316
8.800000000000001,27,4.3729887,0,4.3729887,4.3729887,.52621019,0,.52621019,.52621019,6.6708241,0,6.6708241,6.6708241,.067534998,0,.067534998,.067534998,-4.0935278,0,-4.0935278,-4.0935278,-.17836314,0,-.17836314,-.17836314
8.9,27,4.3489618,0,4.3489618,4.3489618,.52331895,0,.52331895,.52331895,6.6341715,0,6.6341715,6.6341715,.067163929,0,.067163929,.067163929,-4.0710359,0,-4.0710359,-4.0710359,-.17738312,0,-.17738312,-.17738312
9,27,4.324934,0,4.324934,4.324934,.5204277,0,.5204277,.5204277,6.5975184,0,6.5975184,6.5975184,.066792853,0,.066792853,.066792853,-4.0485439,0,-4.0485439,-4.0485439,-.17640311,0,-.17640311,-.17640311
9.1,27,4.3009067,0,4.3009067,4.3009067,.5175364,0,.5175364,.5175364,6.5608654,0,6.5608654,6.5608654,.066421784,0,.066421784,.066421784,-4.026052,0,-4.026052,-4.026052,-.17542309,0,-.17542309,-.17542309
9.199999999999999,27,4.2768793,0,4.2768793,4.2768793,.51464516,0,.51464516,.51464516,6.5242128,0,6.5242128,6.5242128,.066050716,0,.066050716,.066050716,-4.0035601,0,-4.0035601,-4.0035601,-.17444307,0,-.17444307,-.17444307
9.300000000000001,27,4.252852,0,4.252852,4.252852,.51175386,0,.51175386,.51175386,6.4875598,0,6.4875598,6.4875598,.06567964,0,.06567964,.06567964,-3.9810681,0,-3.9810681,-3.9810681,-.17346305,0,-.17346305,-.17346305
9.4,27,4.2288246,0,4.2288246,4.2288246,.50886261,0,.50886261,.50886261,6.4509072,0,6.4509072,6.4509072,.065308571,0,.065308571,.065308571,-3.9585764,0,-3.9585764,-3.9585764,-.17248304,0,-.17248304,-.17248304
9.5,27,4.2047973,0,4.2047973,4.2047973,.50597137,0,.50597137,.50597137,6.4142542,0,6.4142542,6.4142542,.064937502,0,.064937502,.064937502,-3.9360845,0,-3.9360845,-3.9360845,-.17150302,0,-.17150302,-.17150302
9.6,27,4.1807694,0,4.1807694,4.1807694,.50308007,0,.50308007,.50308007,6.3776011,0,6.3776011,6.3776011,.064566426,0,.064566426,.064566426,-3.9135923,0,-3.9135923,-3.9135923,-.170523,0,-.170523,-.170523
9.699999999999999,27,4.1567421,0,4.1567421,4.1567421,.50018883,0,.50018883,.50018883,6.3409486,0,6.3409486,6.3409486,.064195357,0,.064195357,.064195357,-3.8911006,0,-3.8911006,-3.8911006,-.16954298,0,-.16954298,-.16954298
9.800000000000001,27,4.1327147,0,4.1327147,4.1327147,.49729756,0,.49729756,.49729756,6.3042955,0,6.3042955,6.3042955,.063824281,0,.063824281,.063824281,-3.8686087,0,-3.8686087,-3.8686087,-.16856296,0,-.16856296,-.16856296
9.9,27,4.1086874,0,4.1086874,4.1086874,.49440631,0,.49440631,.49440631,6.2676425,0,6.2676425,6.2676425,.063453212,0,.063453212,.063453212,-3.8461168,0,-3.8461168,-3.8461168,-.16758296,0,-.16758296,-.16758296
10,27,4.0846601,0,4.0846601,4.0846601,.49151504,0,.49151504,.49151504,6.2309899,0,6.2309899,6.2309899,.063082144,0,.063082144,.063082144,-3.8236248,0,-3.8236248,-3.8236248,-.16660294,0,-.16660294,-.16660294
10.1,27,4.0606327,0,4.0606327,4.0606327,.48862377,0,.48862377,.48862377,6.1943369,0,6.1943369,6.1943369,.062711067,0,.062711067,.062711067,-3.8011329,0,-3.8011329,-3.8011329,-.1656229,0,-.1656229,-.1656229
10.2,27,4.0366054,0,4.0366054,4.0366054,.48573253,0,.48573253,.48573253,6.1576838,0,6.1576838,6.1576838,.062339999,0,.062339999,.062339999,-3.7786412,0,-3.7786412,-3.7786412,-.1646429,0,-.1646429,-.1646429
10.3,27,4.0125775,0,4.0125775,4.0125775,.48284122,0,.48284122,.48284122,6.1210308,0,6.1210308,6.1210308,.061968926,0,.061968926,.061968926,-3.7561491,0,-3.7561491,-3.7561491,-.16366288,0,-.16366288,-.16366288
10.4,27,3.9885504,0,3.9885504,3.9885504,.47994998,0,.47994998,.47994998,6.0843782,0,6.0843782,6.0843782,.061597858,0,.061597858,.061597858,-3.7336574,0,-3.7336574,-3.7336574,-.16268286,0,-.16268286,-.16268286
10.5,27,3.9645228,0,3.9645228,3.9645228,.47705871,0,.47705871,.47705871,6.0477252,0,6.0477252,6.0477252,.061226785,0,.061226785,.061226785,-3.7111654,0,-3.7111654,-3.7111654,-.16170284,0,-.16170284,-.16170284
10.6,27,3.9404955,0,3.9404955,3.9404955,.47416744,0,.47416744,.47416744,6.0110722,0,6.0110722,6.0110722,.060855713,0,.060855713,.060855713,-3.6886733,0,-3.6886733,-3.6886733,-.16072282,0,-.16072282,-.16072282
10.7,27,3.9164681,0,3.9164681,3.9164681,.47127619,0,.47127619,.47127619,5.9744196,0,5.9744196,5.9744196,.060484644,0,.060484644,.060484644,-3.6661816,0,-3.6661816,-3.6661816,-.15974282,0,-.15974282,-.15974282
10.8,27,3.8924406,0,3.8924406,3.8924406,.46838492,0,.46838492,.46838492,5.9377666,0,5.9377666,5.9377666,.060113568,0,.060113568,.060113568,-3.6436896,0,-3.6436896,-3.6436896,-.1587628,0,-.1587628,-.1587628
10.9,27,3.8684134,0,3.8684134,3.8684134,.46549365,0,.46549365,.46549365,5.901114,0,5.901114,5.901114,.059742499,0,.059742499,.059742499,-3.6211977,0,-3.6211977,-3.6211977,-.15778278,0,-.15778278,-.15778278
11,27,3.8443859,0,3.8443859,3.8443859,.46260238,0,.46260238,.46260238,5.8644609,0,5.8644609,5.8644609,.059371427,0,.059371427,.059371427,-3.5987058,0,-3.5987058,-3.5987058,-.15680276,0,-.15680276,-.15680276
11.1,27,3.8203583,0,3.8203583,3.8203583,.4597111,0,.4597111,.4597111,5.8278079,0,5.8278079,5.8278079,.059000354,0,.059000354,.059000354,-3.5762138,0,-3.5762138,-3.5762138,-.15582274,0,-.15582274,-.15582274
11.2,27,3.7963312,0,3.7963312,3.7963312,.45681986,0,.45681986,.45681986,5.7911553,0,5.7911553,5.7911553,.058629286,0,.058629286,.058629286,-3.5537219,0,-3.5537219,-3.5537219,-.15484273,0,-.15484273,-.15484273
11.3,27,3.7723036,0,3.7723036,3.7723036,.45392859,0,.45392859,.45392859,5.7545023,0,5.7545023,5.7545023,.058258213,0,.058258213,.058258213,-3.53123,0,-3.53123,-3.53123,-.1538627,0,-.1538627,-.1538627
11.4,27,3.7482762,0,3.7482762,3.7482762,.45103735,0,.45103735,.45103735,5.7178497,0,5.7178497,5.7178497,.057887144,0,.057887144,.057887144,-3.5087383,0,-3.5087383,-3.5087383,-.1528827,0,-.1528827,-.1528827
11.5,27,3.7242489,0,3.7242489,3.7242489,.44814608,0,.44814608,.44814608,5.6811967,0,5.6811967,5.6811967,.057516072,0,.057516072,.057516072,-3.4862463,0,-3.4862463,-3.4862463,-.15190268,0,-.15190268,-.15190268
11.6,27,3.7002213,0,3.7002213,3.7002213,.44525477,0,.44525477,.44525477,5.6445436,0,5.6445436,5.6445436,.057144996,0,.057144996,.057144996,-3.4637542,0,-3.4637542,-3.4637542,-.15092266,0,-.15092266,-.15092266
11.7,27,3.676194,0,3.676194,3.676194,.44236353,0,.44236353,.44236353,5.6078906,0,5.6078906,5.6078906,.056773927,0,.056773927,.056773927,-3.4412625,0,-3.4412625,-3.4412625,-.14994264,0,-.14994264,-.14994264
11.8,27,3.6521666,0,3.6521666,3.6521666,.43947226,0,.43947226,.43947226,5.5712376,0,5.5712376,5.5712376,.056402855,0,.056402855,.056402855,-3.4187706,0,-3.4187706,-3.4187706,-.14896262,0,-.14896262,-.14896262
11.9,27,3.6281393,0,3.6281393,3.6281393,.43658102,0,.43658102,.43658102,5.534585,0,5.534585,5.534585,.056031786,0,.056031786,.056031786,-3.3962786,0,-3.3962786,-3.3962786,-.14798261,0,-.14798261,-.14798261
12,27,3.6041117,0,3.6041117,3.6041117,.43368974,0,.43368974,.43368974,5.497932,0,5.497932,5.497932,.055660713,0,.055660713,.055660713,-3.3737867,0,-3.3737867,-3.3737867,-.14700259,0,-.14700259,-.14700259
12.1,27,3.5800843,0,3.5800843,3.5800843,.43079847,0,.43079847,.43079847,5.4612789,0,5.4612789,5.4612789,.055289641,0,.055289641,.055289641,-3.3512948,0,-3.3512948,-3.3512948,-.14602257,0,-.14602257,-.14602257
12.2,27,3.556057,0,3.556057,3.556057,.4279072,0,.4279072,.4279072,5.4246264,0,5.4246264,5.4246264,.054918572,0,.054918572,.054918572,-3.3288028,0,-3.3288028,-3.3288028,-.14504255,0,-.14504255,-.14504255
12.3,27,3.5320294,0,3.5320294,3.5320294,.42501593,0,.42501593,.42501593,5.3879733,0,5.3879733,5.3879733,.0545475,0,.0545475,.0545475,-3.3063109,0,-3.3063109,-3.3063109,-.14406253,0,-.14406253,-.14406253
12.4,27,3.5080023,0,3.5080023,3.5080023,.42212468,0,.42212468,.42212468,5.3513207,0,5.3513207,5.3513207,.054176427,0,.054176427,.054176427,-3.2838192,0,-3.2838192,-3.2838192,-.14308253,0,-.14308253,-.14308253
12.5,27,3.4839747,0,3.4839747,3.4839747,.41923341,0,.41923341,.41923341,5.3146677,0,5.3146677,5.3146677,.053805355,0,.053805355,.053805355,-3.261327,0,-3.261327,-3.261327,-.14210249,0,-.14210249,-.14210249
12.6,27,3.4599471,0,3.4599471,3.4599471,.41634214,0,.41634214,.41634214,5.2780147,0,5.2780147,5.2780147,.053434283,0,.053434283,.053434283,-3.2388351,0,-3.2388351,-3.2388351,-.14112248,0,-.14112248,-.14112248
12.7,27,3.43592,0,3.43592,3.43592,.4134509,0,.4134509,.4134509,5.2413621,0,5.2413621,5.2413621,.053063214,0,.053063214,.053063214,-3.2163434,0,-3.2163434,-3.2163434,-.14014247,0,-.14014247,-.14014247
12.8,27,3.4118924,0,3.4118924,3.4118924,.41055962,0,.41055962,.41055962,5.2047091,0,5.2047091,5.2047091,.052692141,0,.052692141,.052692141,-3.1938512,0,-3.1938512,-3.1938512,-.13916245,0,-.13916245,-.13916245
12.9,27,3.3878651,0,3.3878651,3.3878651,.40766835,0,.40766835,.40766835,5.1680565,0,5.1680565,5.1680565,.052321073,0,.052321073,.052321073,-3.1713595,0,-3.1713595,-3.1713595,-.13818243,0,-.13818243,-.13818243
13,27,3.3638377,0,3.3638377,3.3638377,.40477708,0,.40477708,.40477708,5.1314034,0,5.1314034,5.1314034,.05195,0,.05195,.05195,-3.1488676,0,-3.1488676,-3.1488676,-.13720241,0,-.13720241,-.13720241
13.1,27,3.3398101,0,3.3398101,3.3398101,.40188581,0,.40188581,.40188581,5.0947504,0,5.0947504,5.0947504,.051578928,0,.051578928,.051578928,-3.1263757,0,-3.1263757,-3.1263757,-.13622239,0,-.13622239,-.13622239
13.2,27,3.3157828,0,3.3157828,3.3157828,.39899457,0,.39899457,.39899457,5.0580974,0,5.0580974,5.0580974,.051207855,0,.051207855,.051207855,-3.1038837,0,-3.1038837,-3.1038837,-.13524239,0,-.13524239,-.13524239
13.3,27,3.2917554,0,3.2917554,3.2917554,.39610329,0,.39610329,.39610329,5.0214448,0,5.0214448,5.0214448,.050836783,0,.050836783,.050836783,-3.0813918,0,-3.0813918,-3.0813918,-.13426237,0,-.13426237,-.13426237
13.4,27,3.2677281,0,3.2677281,3.2677281,.39321205,0,.39321205,.39321205,4.9847918,0,4.9847918,4.9847918,.050465714,0,.050465714,.050465714,-3.0589001,0,-3.0589001,-3.0589001,-.13328235,0,-.13328235,-.13328235
13.5,27,3.2437005,0,3.2437005,3.2437005,.39032078,0,.39032078,.39032078,4.9481387,0,4.9481387,4.9481387,.050094642,0,.050094642,.050094642,-3.0364079,0,-3.0364079,-3.0364079,-.13230233,0,-.13230233,-.13230233
13.6,27,3.2196732,0,3.2196732,3.2196732,.38742948,0,.38742948,.38742948,4.9114857,0,4.9114857,4.9114857,.049723569,0,.049723569,.049723569,-3.013916,0,-3.013916,-3.013916,-.13132231,0,-.13132231,-.13132231
13.7,27,3.1956458,0,3.1956458,3.1956458,.38453823,0,.38453823,.38453823,4.8748331,0,4.8748331,4.8748331,.049352501,0,.049352501,.049352501,-2.9914243,0,-2.9914243,-2.9914243,-.13034229,0,-.13034229,-.13034229
13.8,27,3.1716182,0,3.1716182,3.1716182,.38164696,0,.38164696,.38164696,4.8381801,0,4.8381801,4.8381801,.048981428,0,.048981428,.048981428,-2.9689322,0,-2.9689322,-2.9689322,-.12936227,0,-.12936227,-.12936227
13.9,27,3.1475911,0,3.1475911,3.1475911,.37875572,0,.37875572,.37875572,4.8015275,0,4.8015275,4.8015275,.048610356,0,.048610356,.048610356,-2.9464405,0,-2.9464405,-2.9464405,-.12838227,0,-.12838227,-.12838227
14,27,3.1235635,0,3.1235635,3.1235635,.37586445,0,.37586445,.37586445,4.7648745,0,4.7648745,4.7648745,.048239283,0,.048239283,.048239283,-2.9239485,0,-2.9239485,-2.9239485,-.12740225,0,-.12740225,-.12740225
14.1,27,3.0995359,0,3.0995359,3.0995359,.37297317,0,.37297317,.37297317,4.7282214,0,4.7282214,4.7282214,.047868211,0,.047868211,.047868211,-2.9014564,0,-2.9014564,-2.9014564,-.12642223,0,-.12642223,-.12642223
14.2,27,3.0755088,0,3.0755088,3.0755088,.3700819,0,.3700819,.3700819,4.6915689,0,4.6915689,4.6915689,.047497142,0,.047497142,.047497142,-2.8789647,0,-2.8789647,-2.8789647,-.12544221,0,-.12544221,-.12544221
14.3,27,3.0514812,0,3.0514812,3.0514812,.36719063,0,.36719063,.36719063,4.6549158,0,4.6549158,4.6549158,.04712607,0,.04712607,.04712607,-2.8564727,0,-2.8564727,-2.8564727,-.12446219,0,-.12446219,-.12446219
14.4,27,3.0274539,0,3.0274539,3.0274539,.36429939,0,.36429939,.36429939,4.6182632,0,4.6182632,4.6182632,.046755001,0,.046755001,.046755001,-2.8339808,0,-2.8339808,-2.8339808,-.12348218,0,-.12348218,-.12348218
14.5,27,3.0034266,0,3.0034266,3.0034266,.36140811,0,.36140811,.36140811,4.5816102,0,4.5816102,4.5816102,.046383929,0,.046383929,.046383929,-2.8114889,0,-2.8114889,-2.8114889,-.12250216,0,-.12250216,-.12250216
14.6,27,2.979399,0,2.979399,2.979399,.35851684,0,.35851684,.35851684,4.5449572,0,4.5449572,4.5449572,.046012856,0,.046012856,.046012856,-2.7889969,0,-2.7889969,-2.7889969,-.12152214,0,-.12152214,-.12152214
14.7,27,2.9553716,0,2.9553716,2.9553716,.3556256,0,.3556256,.3556256,4.5083046,0,4.5083046,4.5083046,.045641784,0,.045641784,.045641784,-2.766505,0,-2.766505,-2.766505,-.12054212,0,-.12054212,-.12054212
14.8,27,2.9313443,0,2.9313443,2.9313443,.35273433,0,.35273433,.35273433,4.4716516,0,4.4716516,4.4716516,.045270711,0,.045270711,.045270711,-2.7440131,0,-2.7440131,-2.7440131,-.1195621,0,-.1195621,-.1195621
14.9,27,2.9073169,0,2.9073169,2.9073169,.34984306,0,.34984306,.34984306,4.4349985,0,4.4349985,4.4349985,.044899642,0,.044899642,.044899642,-2.7215214,0,-2.7215214,-2.7215214,-.11858209,0,-.11858209,-.11858209
15,27,2.8832893,0,2.8832893,2.8832893,.34695178,0,.34695178,.34695178,4.3983455,0,4.3983455,4.3983455,.04452857,0,.04452857,.04452857,-2.6990294,0,-2.6990294,-2.6990294,-.11760207,0,-.11760207,-.11760207
15.1,27,2.859262,0,2.859262,2.859262,.34406051,0,.34406051,.34406051,4.3616924,0,4.3616924,4.3616924,.044157498,0,.044157498,.044157498,-2.6765373,0,-2.6765373,-2.6765373,-.11662205,0,-.11662205,-.11662205
15.2,27,2.8352346,0,2.8352346,2.8352346,.34116927,0,.34116927,.34116927,4.3250399,0,4.3250399,4.3250399,.043786429,0,.043786429,.043786429,-2.6540456,0,-2.6540456,-2.6540456,-.11564203,0,-.11564203,-.11564203
15.3,27,2.8112071,0,2.8112071,2.8112071,.338278,0,.338278,.338278,4.2883868,0,4.2883868,4.2883868,.043415356,0,.043415356,.043415356,-2.6315536,0,-2.6315536,-2.6315536,-.11466201,0,-.11466201,-.11466201
15.4,27,2.7871799,0,2.7871799,2.7871799,.33538675,0,.33538675,.33538675,4.2517343,0,4.2517343,4.2517343,.043044288,0,.043044288,.043044288,-2.6090617,0,-2.6090617,-2.6090617,-.113682,0,-.113682,-.113682
15.5,27,2.7631524,0,2.7631524,2.7631524,.33249545,0,.33249545,.33249545,4.2150812,0,4.2150812,4.2150812,.042673212,0,.042673212,.042673212,-2.5865698,0,-2.5865698,-2.5865698,-.11270198,0,-.11270198,-.11270198
15.6,27,2.7391248,0,2.7391248,2.7391248,.32960418,0,.32960418,.32960418,4.1784282,0,4.1784282,4.1784282,.042302139,0,.042302139,.042302139,-2.5640779,0,-2.5640779,-2.5640779,-.11172196,0,-.11172196,-.11172196
15.7,27,2.7150977,0,2.7150977,2.7150977,.32671294,0,.32671294,.32671294,4.1417756,0,4.1417756,4.1417756,.04193107,0,.04193107,.04193107,-2.5415859,0,-2.5415859,-2.5415859,-.11074195,0,-.11074195,-.11074195
15.8,27,2.6910701,0,2.6910701,2.6910701,.32382166,0,.32382166,.32382166,4.1051226,0,4.1051226,4.1051226,.041559998,0,.041559998,.041559998,-2.519094,0,-2.519094,-2.519094,-.10976193,0,-.10976193,-.10976193
15.9,27,2.6670427,0,2.6670427,2.6670427,.32093042,0,.32093042,.32093042,4.06847,0,4.06847,4.06847,.041188929,0,.041188929,.041188929,-2.4966023,0,-2.4966023,-2.4966023,-.10878192,0,-.10878192,-.10878192
16,27,2.6430154,0,2.6430154,2.6430154,.31803915,0,.31803915,.31803915,4.031817,0,4.031817,4.031817,.040817857,0,.040817857,.040817857,-2.4741101,0,-2.4741101,-2.4741101,-.1078019,0,-.1078019,-.1078019
16.1,27,2.6189878,0,2.6189878,2.6189878,.31514788,0,.31514788,.31514788,3.9951639,0,3.9951639,3.9951639,.040446784,0,.040446784,.040446784,-2.4516182,0,-2.4516182,-2.4516182,-.10682188,0,-.10682188,-.10682188
16.2,27,2.5949602,0,2.5949602,2.5949602,.31225657,0,.31225657,.31225657,3.9585109,0,3.9585109,3.9585109,.040075712,0,.040075712,.040075712,-2.4291263,0,-2.4291263,-2.4291263,-.10584185,0,-.10584185,-.10584185
16.3,27,2.5709333,0,2.5709333,2.5709333,.30936536,0,.30936536,.30936536,3.9218585,0,3.9218585,3.9218585,.039704643,0,.039704643,.039704643,-2.4066346,0,-2.4066346,-2.4066346,-.10486186,0,-.10486186,-.10486186
16.4,27,2.5469058,0,2.5469058,2.5469058,.30647409,0,.30647409,.30647409,3.8852055,0,3.8852055,3.8852055,.039333571,0,.039333571,.039333571,-2.3841426,0,-2.3841426,-2.3841426,-.10388183,0,-.10388183,-.10388183
16.5,27,2.5228782,0,2.5228782,2.5228782,.30358282,0,.30358282,.30358282,3.8485525,0,3.8485525,3.8485525,.038962498,0,.038962498,.038962498,-2.3616507,0,-2.3616507,-2.3616507,-.10290181,0,-.10290181,-.10290181
16.6,27,2.4988508,0,2.4988508,2.4988508,.30069155,0,.30069155,.30069155,3.8118994,0,3.8118994,3.8118994,.038591426,0,.038591426,.038591426,-2.3391588,0,-2.3391588,-2.3391588,-.10192179,0,-.10192179,-.10192179
16.7,27,2.4748232,0,2.4748232,2.4748232,.29780027,0,.29780027,.29780027,3.7752464,0,3.7752464,3.7752464,.038220353,0,.038220353,.038220353,-2.3166666,0,-2.3166666,-2.3166666,-.10094177,0,-.10094177,-.10094177
16.8,27,2.4507961,0,2.4507961,2.4507961,.29490903,0,.29490903,.29490903,3.7385941,0,3.7385941,3.7385941,.037849288,0,.037849288,.037849288,-2.2941751,0,-2.2941751,-2.2941751,-.099961765,0,-.099961765,-.099961765
16.9,27,2.4267688,0,2.4267688,2.4267688,.29201776,0,.29201776,.29201776,3.701941,0,3.701941,3.701941,.037478216,0,.037478216,.037478216,-2.2716832,0,-2.2716832,-2.2716832,-.098981746,0,-.098981746,-.098981746
17,27,2.4027412,0,2.4027412,2.4027412,.28912649,0,.28912649,.28912649,3.665288,0,3.665288,3.665288,.037107144,0,.037107144,.037107144,-2.249191,0,-2.249191,-2.249191,-.098001726,0,-.098001726,-.098001726
17.1,27,2.3787136,0,2.3787136,2.3787136,.28623521,0,.28623521,.28623521,3.6286349,0,3.6286349,3.6286349,.036736067,0,.036736067,.036736067,-2.2266991,0,-2.2266991,-2.2266991,-.097021706,0,-.097021706,-.097021706
17.2,27,2.3546863,0,2.3546863,2.3546863,.28334394,0,.28334394,.28334394,3.5919821,0,3.5919821,3.5919821,.036364995,0,.036364995,.036364995,-2.2042072,0,-2.2042072,-2.2042072,-.096041679,0,-.096041679,-.096041679
17.3,27,2.3306592,0,2.3306592,2.3306592,.28045273,0,.28045273,.28045273,3.5553298,0,3.5553298,3.5553298,.03599393,0,.03599393,.03599393,-2.1817155,0,-2.1817155,-2.1817155,-.095061682,0,-.095061682,-.095061682
17.4,27,2.3066316,0,2.3066316,2.3066316,.27756146,0,.27756146,.27756146,3.5186768,0,3.5186768,3.5186768,.035622858,0,.035622858,.035622858,-2.1592236,0,-2.1592236,-2.1592236,-.094081663,0,-.094081663,-.094081663
17.5,27,2.2826042,0,2.2826042,2.2826042,.27467015,0,.27467015,.27467015,3.4820237,0,3.4820237,3.4820237,.035251785,0,.035251785,.035251785,-2.1367316,0,-2.1367316,-2.1367316,-.093101636,0,-.093101636,-.093101636
17.6,27,2.2585766,0,2.2585766,2.2585766,.27177888,0,.27177888,.27177888,3.4453707,0,3.4453707,3.4453707,.034880713,0,.034880713,.034880713,-2.1142395,0,-2.1142395,-2.1142395,-.092121616,0,-.092121616,-.092121616
17.7,27,2.234549,0,2.234549,2.234549,.26888761,0,.26888761,.26888761,3.4087176,0,3.4087176,3.4087176,.03450964,0,.03450964,.03450964,-2.0917475,0,-2.0917475,-2.0917475,-.091141596,0,-.091141596,-.091141596
17.8,27,2.2105219,0,2.2105219,2.2105219,.2659964,0,.2659964,.2659964,3.3720653,0,3.3720653,3.3720653,.034138575,0,.034138575,.034138575,-2.0692561,0,-2.0692561,-2.0692561,-.090161592,0,-.090161592,-.090161592
17.9,27,2.1864946,0,2.1864946,2.1864946,.26310512,0,.26310512,.26310512,3.3354123,0,3.3354123,3.3354123,.033767499,0,.033767499,.033767499,-2.0467639,0,-2.0467639,-2.0467639,-.089181572,0,-.089181572,-.089181572
18,27,2.162467,0,2.162467,2.162467,.26021385,0,.26021385,.26021385,3.2987592,0,3.2987592,3.2987592,.033396427,0,.033396427,.033396427,-2.024272,0,-2.024272,-2.024272,-.088201553,0,-.088201553,-.088201553
18.1,27,2.1384397,0,2.1384397,2.1384397,.25732258,0,.25732258,.25732258,3.2621062,0,3.2621062,3.2621062,.033025354,0,.033025354,.033025354,-2.00178,0,-2.00178,-2.00178,-.087221533,0,-.087221533,-.087221533
18.2,27,2.1144121,0,2.1144121,2.1144121,.25443128,0,.25443128,.25443128,3.2254531,0,3.2254531,3.2254531,.032654282,0,.032654282,.032654282,-1.979288,0,-1.979288,-1.979288,-.086241513,0,-.086241513,-.086241513
18.3,27,2.090385,0,2.090385,2.090385,.25154006,0,.25154006,.25154006,3.1888008,0,3.1888008,3.1888008,.032283217,0,.032283217,.032283217,-1.9567964,0,-1.9567964,-1.9567964,-.085261509,0,-.085261509,-.085261509
18.4,27,2.0663574,0,2.0663574,2.0663574,.24864879,0,.24864879,.24864879,3.1521478,0,3.1521478,3.1521478,.031912144,0,.031912144,.031912144,-1.9343045,0,-1.9343045,-1.9343045,-.084281489,0,-.084281489,-.084281489
18.5,27,2.04233,0,2.04233,2.04233,.24575752,0,.24575752,.24575752,3.115495,0,3.115495,3.115495,.031541072,0,.031541072,.031541072,-1.9118124,0,-1.9118124,-1.9118124,-.08330147,0,-.08330147,-.08330147
18.6,27,2.0183024,0,2.0183024,2.0183024,.24286625,0,.24286625,.24286625,3.0788419,0,3.0788419,3.0788419,.031169998,0,.031169998,.031169998,-1.8893205,0,-1.8893205,-1.8893205,-.082321443,0,-.082321443,-.082321443
18.7,27,1.994275,0,1.994275,1.994275,.23997496,0,.23997496,.23997496,3.0421889,0,3.0421889,3.0421889,.030798925,0,.030798925,.030798925,-1.8668284,0,-1.8668284,-1.8668284,-.081341423,0,-.081341423,-.081341423
18.8,27,1.970248,0,1.970248,1.970248,.23708375,0,.23708375,.23708375,3.0055366,0,3.0055366,3.0055366,.03042786,0,.03042786,.03042786,-1.8443369,0,-1.8443369,-1.8443369,-.080361418,0,-.080361418,-.080361418
18.9,27,1.9462204,0,1.9462204,1.9462204,.23419248,0,.23419248,.23419248,2.9688835,0,2.9688835,2.9688835,.030056786,0,.030056786,.030056786,-1.8218449,0,-1.8218449,-1.8218449,-.079381399,0,-.079381399,-.079381399
19,27,1.9221929,0,1.9221929,1.9221929,.23130119,0,.23130119,.23130119,2.9322305,0,2.9322305,2.9322305,.029685713,0,.029685713,.029685713,-1.7993529,0,-1.7993529,-1.7993529,-.078401379,0,-.078401379,-.078401379
19.1,27,1.8981655,0,1.8981655,1.8981655,.22840992,0,.22840992,.22840992,2.8955774,0,2.8955774,2.8955774,.029314641,0,.029314641,.029314641,-1.776861,0,-1.776861,-1.776861,-.07742136,0,-.07742136,-.07742136
19.2,27,1.8741379,0,1.8741379,1.8741379,.22551864,0,.22551864,.22551864,2.8589244,0,2.8589244,2.8589244,.028943568,0,.028943568,.028943568,-1.7543689,0,-1.7543689,-1.7543689,-.07644134,0,-.07644134,-.07644134
19.3,27,1.8501109,0,1.8501109,1.8501109,.22262742,0,.22262742,.22262742,2.8222721,0,2.8222721,2.8222721,.028572502,0,.028572502,.028572502,-1.7318773,0,-1.7318773,-1.7318773,-.075461335,0,-.075461335,-.075461335
19.4,27,1.8260834,0,1.8260834,1.8260834,.21973614,0,.21973614,.21973614,2.785619,0,2.785619,2.785619,.028201429,0,.028201429,.028201429,-1.7093853,0,-1.7093853,-1.7093853,-.074481316,0,-.074481316,-.074481316
19.5,27,1.8020558,0,1.8020558,1.8020558,.21684487,0,.21684487,.21684487,2.748966,0,2.748966,2.748966,.027830357,0,.027830357,.027830357,-1.6868933,0,-1.6868933,-1.6868933,-.073501296,0,-.073501296,-.073501296
19.6,27,1.7780284,0,1.7780284,1.7780284,.2139536,0,.2139536,.2139536,2.7123129,0,2.7123129,2.7123129,.027459284,0,.027459284,.027459284,-1.6644013,0,-1.6644013,-1.6644013,-.072521269,0,-.072521269,-.072521269
19.7,27,1.7540009,0,1.7540009,1.7540009,.21106231,0,.21106231,.21106231,2.6756599,0,2.6756599,2.6756599,.02708821,0,.02708821,.02708821,-1.6419094,0,-1.6419094,-1.6419094,-.07154125,0,-.07154125,-.07154125
19.8,27,1.7299738,0,1.7299738,1.7299738,.2081711,0,.2081711,.2081711,2.6390076,0,2.6390076,2.6390076,.026717145,0,.026717145,.026717145,-1.6194178,0,-1.6194178,-1.6194178,-.070561253,0,-.070561253,-.070561253
19.9,27,1.7059463,0,1.7059463,1.7059463,.20527983,0,.20527983,.20527983,2.6023548,0,2.6023548,2.6023548,.026346073,0,.026346073,.026346073,-1.5969257,0,-1.5969257,-1.5969257,-.069581226,0,-.069581226,-.069581226
20,27,1.6819189,0,1.6819189,1.6819189,.20238854,0,.20238854,.20238854,2.5657017,0,2.5657017,2.5657017,.025975,0,.025975,.025975,-1.5744338,0,-1.5744338,-1.5744338,-.068601206,0,-.068601206,-.068601206
20.1,27,1.6578913,0,1.6578913,1.6578913,.19949727,0,.19949727,.19949727,2.5290487,0,2.5290487,2.5290487,.025603926,0,.025603926,.025603926,-1.5519418,0,-1.5519418,-1.5519418,-.067621186,0,-.067621186,-.067621186
20.2,27,1.6338638,0,1.6338638,1.6338638,.196606,0,.196606,.196606,2.4923956,0,2.4923956,2.4923956,.025232853,0,.025232853,.025232853,-1.5294498,0,-1.5294498,-1.5294498,-.066641167,0,-.066641167,-.066641167
20.3,27,1.6098368,0,1.6098368,1.6098368,.19371477,0,.19371477,.19371477,2.4557433,0,2.4557433,2.4557433,.024861788,0,.024861788,.024861788,-1.5069582,0,-1.5069582,-1.5069582,-.065661162,0,-.065661162,-.065661162
20.4,27,1.5858092,0,1.5858092,1.5858092,.1908235,0,.1908235,.1908235,2.4190903,0,2.4190903,2.4190903,.024490716,0,.024490716,.024490716,-1.4844662,0,-1.4844662,-1.4844662,-.064681143,0,-.064681143,-.064681143
20.5,27,1.5617818,0,1.5617818,1.5617818,.18793222,0,.18793222,.18793222,2.3824372,0,2.3824372,2.3824372,.024119642,0,.024119642,.024119642,-1.4619743,0,-1.4619743,-1.4619743,-.063701123,0,-.063701123,-.063701123
20.6,27,1.5377543,0,1.5377543,1.5377543,.18504095,0,.18504095,.18504095,2.3457842,0,2.3457842,2.3457842,.023748569,0,.023748569,.023748569,-1.4394822,0,-1.4394822,-1.4394822,-.062721103,0,-.062721103,-.062721103
20.7,27,1.5137267,0,1.5137267,1.5137267,.18214966,0,.18214966,.18214966,2.3091311,0,2.3091311,2.3091311,.023377497,0,.023377497,.023377497,-1.4169903,0,-1.4169903,-1.4169903,-.06174108,0,-.06174108,-.06174108
20.8,27,1.4896997,0,1.4896997,1.4896997,.17925845,0,.17925845,.17925845,2.2724788,0,2.2724788,2.2724788,.023006432,0,.023006432,.023006432,-1.3944987,0,-1.3944987,-1.3944987,-.060761075,0,-.060761075,-.060761075
20.9,27,1.4656723,0,1.4656723,1.4656723,.17636716,0,.17636716,.17636716,2.2358258,0,2.2358258,2.2358258,.022635357,0,.022635357,.022635357,-1.3720067,0,-1.3720067,-1.3720067,-.059781056,0,-.059781056,-.059781056
21,27,1.4416447,0,1.4416447,1.4416447,.17347589,0,.17347589,.17347589,2.1991727,0,2.1991727,2.1991727,.022264285,0,.022264285,.022264285,-1.3495147,0,-1.3495147,-1.3495147,-.058801036,0,-.058801036,-.058801036
21.1,27,1.4176172,0,1.4176172,1.4176172,.17058462,0,.17058462,.17058462,2.1625199,0,2.1625199,2.1625199,.021893213,0,.021893213,.021893213,-1.3270227,0,-1.3270227,-1.3270227,-.057821013,0,-.057821013,-.057821013
21.2,27,1.3935897,0,1.3935897,1.3935897,.16769335,0,.16769335,.16769335,2.1258669,0,2.1258669,2.1258669,.02152214,0,.02152214,.02152214,-1.3045306,0,-1.3045306,-1.3045306,-.056840993,0,-.056840993,-.056840993
21.3,27,1.3695626,0,1.3695626,1.3695626,.16480212,0,.16480212,.16480212,2.0892146,0,2.0892146,2.0892146,.021151073,0,.021151073,.021151073,-1.2820392,0,-1.2820392,-1.2820392,-.055860989,0,-.055860989,-.055860989
21.4,27,1.3455352,0,1.3455352,1.3455352,.16191085,0,.16191085,.16191085,2.0525615,0,2.0525615,2.0525615,.020780001,0,.020780001,.020780001,-1.2595471,0,-1.2595471,-1.2595471,-.054880969,0,-.054880969,-.054880969
21.5,27,1.3215077,0,1.3215077,1.3215077,.15901957,0,.15901957,.15901957,2.0159085,0,2.0159085,2.0159085,.020408928,0,.020408928,.020408928,-1.2370551,0,-1.2370551,-1.2370551,-.05390095,0,-.05390095,-.05390095
21.6,27,1.2974801,0,1.2974801,1.2974801,.15612829,0,.15612829,.15612829,1.9792554,0,1.9792554,1.9792554,.020037856,0,.020037856,.020037856,-1.2145631,0,-1.2145631,-1.2145631,-.052920926,0,-.052920926,-.052920926
21.7,27,1.2734526,0,1.2734526,1.2734526,.15323702,0,.15323702,.15323702,1.9426024,0,1.9426024,1.9426024,.019666782,0,.019666782,.019666782,-1.1920711,0,-1.1920711,-1.1920711,-.051940907,0,-.051940907,-.051940907
21.8,27,1.2494255,0,1.2494255,1.2494255,.1503458,0,.1503458,.1503458,1.9059501,0,1.9059501,1.9059501,.019295717,0,.019295717,.019295717,-1.1695795,0,-1.1695795,-1.1695795,-.050960906,0,-.050960906,-.050960906
21.9,27,1.2253981,0,1.2253981,1.2253981,.14745452,0,.14745452,.14745452,1.869297,0,1.869297,1.869297,.018924644,0,.018924644,.018924644,-1.1470876,0,-1.1470876,-1.1470876,-.049980883,0,-.049980883,-.049980883
22,27,1.2013706,0,1.2013706,1.2013706,.14456324,0,.14456324,.14456324,1.832644,0,1.832644,1.832644,.018553572,0,.018553572,.018553572,-1.1245955,0,-1.1245955,-1.1245955,-.049000863,0,-.049000863,-.049000863
22.1,27,1.1773431,0,1.1773431,1.1773431,.14167197,0,.14167197,.14167197,1.7959911,0,1.7959911,1.7959911,.018182497,0,.018182497,.018182497,-1.1021036,0,-1.1021036,-1.1021036,-.04802084,0,-.04802084,-.04802084
22.2,27,1.1533155,0,1.1533155,1.1533155,.1387807,0,.1387807,.1387807,1.759338,0,1.759338,1.759338,.017811425,0,.017811425,.017811425,-1.0796115,0,-1.0796115,-1.0796115,-.04704082,0,-.04704082,-.04704082
22.3,27,1.1292886,0,1.1292886,1.1292886,.13588947,0,.13588947,.13588947,1.7226857,0,1.7226857,1.7226857,.01744036,0,.01744036,.01744036,-1.05712,0,-1.05712,-1.05712,-.046060819,0,-.046060819,-.046060819
22.4,27,1.105261,0,1.105261,1.105261,.1329982,0,.1329982,.1329982,1.6860327,0,1.6860327,1.6860327,.017069288,0,.017069288,.017069288,-1.034628,0,-1.034628,-1.034628,-.045080796,0,-.045080796,-.045080796
22.5,27,1.0812335,0,1.0812335,1.0812335,.13010693,0,.13010693,.13010693,1.6493796,0,1.6493796,1.6493796,.016698213,0,.016698213,.016698213,-1.012136,0,-1.012136,-1.012136,-.044100776,0,-.044100776,-.044100776
22.6,27,1.057206,0,1.057206,1.057206,.12721564,0,.12721564,.12721564,1.6127266,0,1.6127266,1.6127266,.016327141,0,.016327141,.016327141,-.98964399,0,-.98964399,-.98964399,-.043120757,0,-.043120757,-.043120757
22.7,27,1.0331786,0,1.0331786,1.0331786,.12432437,0,.12432437,.12432437,1.5760735,0,1.5760735,1.5760735,.015956068,0,.015956068,.015956068,-.967152,0,-.967152,-.967152,-.042140733,0,-.042140733,-.042140733
22.8,27,1.0091515,0,1.0091515,1.0091515,.12143315,0,.12143315,.12143315,1.5394213,0,1.5394213,1.5394213,.015585002,0,.015585002,.015585002,-.94466043,0,-.94466043,-.94466043,-.041160733,0,-.041160733,-.041160733
22.9,27,.98512399,0,.98512399,.98512399,.11854187,0,.11854187,.11854187,1.5027683,0,1.5027683,1.5027683,.01521393,0,.01521393,.01521393,-.92216843,0,-.92216843,-.92216843,-.040180709,0,-.040180709,-.040180709
23,27,.96109647,0,.96109647,.96109647,.11565059,0,.11565059,.11565059,1.4661152,0,1.4661152,1.4661152,.014842857,0,.014842857,.014842857,-.89967644,0,-.89967644,-.89967644,-.03920069,0,-.03920069,-.03920069
23.1,27,.93706894,0,.93706894,.93706894,.11275932,0,.11275932,.11275932,1.4294622,0,1.4294622,1.4294622,.014471784,0,.014471784,.014471784,-.87718445,0,-.87718445,-.87718445,-.03822067,0,-.03822067,-.03822067
23.2,27,.91304147,0,.91304147,.91304147,.10986804,0,.10986804,.10986804,1.3928092,0,1.3928092,1.3928092,.014100711,0,.014100711,.014100711,-.85469246,0,-.85469246,-.85469246,-.037240647,0,-.037240647,-.037240647
23.3,27,.88901442,0,.88901442,.88901442,.10697682,0,.10697682,.10697682,1.3561568,0,1.3561568,1.3561568,.013729645,0,.013729645,.013729645,-.83220088,0,-.83220088,-.83220088,-.036260646,0,-.036260646,-.036260646
23.4,27,.8649869,0,.8649869,.8649869,.10408555,0,.10408555,.10408555,1.3195038,0,1.3195038,1.3195038,.013358572,0,.013358572,.013358572,-.80970889,0,-.80970889,-.80970889,-.035280626,0,-.035280626,-.035280626
23.5,27,.84095943,0,.84095943,.84095943,.10119427,0,.10119427,.10119427,1.2828509,0,1.2828509,1.2828509,.0129875,0,.0129875,.0129875,-.7872169,0,-.7872169,-.7872169,-.034300603,0,-.034300603,-.034300603
23.6,27,.8169319,0,.8169319,.8169319,.098302998,0,.098302998,.098302998,1.2461978,0,1.2461978,1.2461978,.012616427,0,.012616427,.012616427,-.76472491,0,-.76472491,-.76472491,-.033320583,0,-.033320583,-.033320583
23.7,27,.79290438,0,.79290438,.79290438,.095411718,0,.095411718,.095411718,1.2095448,0,1.2095448,1.2095448,.012245354,0,.012245354,.012245354,-.74223292,0,-.74223292,-.74223292,-.03234056,0,-.03234056,-.03234056
23.8,27,.76887733,0,.76887733,.76887733,.092520498,0,.092520498,.092520498,1.1728925,0,1.1728925,1.1728925,.011874288,0,.011874288,.011874288,-.71974134,0,-.71974134,-.71974134,-.031360559,0,-.031360559,-.031360559
23.9,27,.74484986,0,.74484986,.74484986,.089629225,0,.089629225,.089629225,1.1362394,0,1.1362394,1.1362394,.011503216,0,.011503216,.011503216,-.69724935,0,-.69724935,-.69724935,-.030380538,0,-.030380538,-.030380538
24,27,.72082233,0,.72082233,.72082233,.086737946,0,.086737946,.086737946,1.0995864,0,1.0995864,1.0995864,.011132143,0,.011132143,.011132143,-.67475736,0,-.67475736,-.67475736,-.029400518,0,-.029400518,-.029400518
24.1,27,.69679487,0,.69679487,.69679487,.083846673,0,.083846673,.083846673,1.0629334,0,1.0629334,1.0629334,.01076107,0,.01076107,.01076107,-.65226531,0,-.65226531,-.65226531,-.028420497,0,-.028420497,-.028420497
24.2,27,.67276734,0,.67276734,.67276734,.080955394,0,.080955394,.080955394,1.0262804,0,1.0262804,1.0262804,.010389997,0,.010389997,.010389997,-.62977332,0,-.62977332,-.62977332,-.027440475,0,-.027440475,-.027440475
24.3,27,.64874029,0,.64874029,.64874029,.078064173,0,.078064173,.078064173,.98962808,0,.98962808,.98962808,.010018931,0,.010018931,.010018931,-.60728174,0,-.60728174,-.60728174,-.026460472,0,-.026460472,-.026460472
24.4,27,.62471277,0,.62471277,.62471277,.075172901,0,.075172901,.075172901,.95297503,0,.95297503,.95297503,.0096478583,0,.0096478583,.0096478583,-.58478975,0,-.58478975,-.58478975,-.025480453,0,-.025480453,-.025480453
24.5,27,.6006853,0,.6006853,.6006853,.072281621,0,.072281621,.072281621,.91632199,0,.91632199,.91632199,.0092767859,0,.0092767859,.0092767859,-.56229776,0,-.56229776,-.56229776,-.024500431,0,-.024500431,-.024500431
24.6,27,.57665777,0,.57665777,.57665777,.069390349,0,.069390349,.069390349,.87966901,0,.87966901,.87966901,.0089057125,0,.0089057125,.0089057125,-.53980577,0,-.53980577,-.53980577,-.02352041,0,-.02352041,-.02352041
24.7,27,.55263031,0,.55263031,.55263031,.066499069,0,.066499069,.066499069,.84301597,0,.84301597,.84301597,.0085346401,0,.0085346401,.0085346401,-.51731378,0,-.51731378,-.51731378,-.022540389,0,-.022540389,-.022540389
24.8,27,.52860326,0,.52860326,.52860326,.063607849,0,.063607849,.063607849,.80636364,0,.80636364,.80636364,.0081635742,0,.0081635742,.0081635742,-.4948222,0,-.4948222,-.4948222,-.021560388,0,-.021560388,-.021560388
24.9,27,.50457573,0,.50457573,.50457573,.060716573,0,.060716573,.060716573,.76971066,0,.76971066,.76971066,.0077925012,0,.0077925012,.0077925012,-.47233021,0,-.47233021,-.47233021,-.020580366,0,-.020580366,-.020580366
25,27,.48054823,0,.48054823,.48054823,.057825297,0,.057825297,.057825297,.73305762,0,.73305762,.73305762,.0074214283,0,.0074214283,.0074214283,-.44983822,0,-.44983822,-.44983822,-.019600345,0,-.019600345,-.019600345
25.1,27,.45652074,0,.45652074,.45652074,.054934021,0,.054934021,.054934021,.69640458,0,.69640458,.69640458,.0070503554,0,.0070503554,.0070503554,-.42734623,0,-.42734623,-.42734623,-.018620323,0,-.018620323,-.018620323
25.2,27,.43249324,0,.43249324,.43249324,.052042745,0,.052042745,.052042745,.65975159,0,.65975159,.65975159,.0066792825,0,.0066792825,.0066792825,-.40485424,0,-.40485424,-.40485424,-.017640304,0,-.017640304,-.017640304
25.3,27,.40846619,0,.40846619,.40846619,.049151525,0,.049151525,.049151525,.62309927,0,.62309927,.62309927,.0063082171,0,.0063082171,.0063082171,-.38236266,0,-.38236266,-.38236266,-.016660301,0,-.016660301,-.016660301
25.4,27,.38443866,0,.38443866,.38443866,.046260249,0,.046260249,.046260249,.58644623,0,.58644623,.58644623,.0059371442,0,.0059371442,.0059371442,-.35987067,0,-.35987067,-.35987067,-.01568028,0,-.01568028,-.01568028
25.5,27,.36041117,0,.36041117,.36041117,.043368973,0,.043368973,.043368973,.54979318,0,.54979318,.54979318,.0055660713,0,.0055660713,.0055660713,-.33737868,0,-.33737868,-.33737868,-.014700259,0,-.014700259,-.014700259
25.6,27,.33638367,0,.33638367,.33638367,.040477697,0,.040477697,.040477697,.5131402,0,.5131402,.5131402,.0051949983,0,.0051949983,.0051949983,-.31488666,0,-.31488666,-.31488666,-.013720238,0,-.013720238,-.013720238
25.7,27,.31235617,0,.31235617,.31235617,.037586421,0,.037586421,.037586421,.47648716,0,.47648716,.47648716,.0048239254,0,.0048239254,.0048239254,-.29239467,0,-.29239467,-.29239467,-.012740217,0,-.012740217,-.012740217
25.8,27,.28832912,0,.28832912,.28832912,.034695201,0,.034695201,.034695201,.43983483,0,.43983483,.43983483,.00445286,0,.00445286,.00445286,-.26990309,0,-.26990309,-.26990309,-.011760214,0,-.011760214,-.011760214
25.9,27,.26430163,0,.26430163,.26430163,.031803925,0,.031803925,.031803925,.40318182,0,.40318182,.40318182,.0040817871,0,.0040817871,.0040817871,-.2474111,0,-.2474111,-.2474111,-.010780194,0,-.010780194,-.010780194
26,27,.24027412,0,.24027412,.24027412,.028912649,0,.028912649,.028912649,.36652881,0,.36652881,.36652881,.0037107142,0,.0037107142,.0037107142,-.22491911,0,-.22491911,-.22491911,-.0098001724,0,-.0098001724,-.0098001724
26.1,27,.21624662,0,.21624662,.21624662,.026021373,0,.026021373,.026021373,.3298758,0,.3298758,.3298758,.0033396413,0,.0033396413,.0033396413,-.20242712,0,-.20242712,-.20242712,-.0088201519,0,-.0088201519,-.0088201519
26.2,27,.19221911,0,.19221911,.19221911,.023130096,0,.023130096,.023130096,.29322276,0,.29322276,.29322276,.0029685686,0,.0029685686,.0029685686,-.17993511,0,-.17993511,-.17993511,-.0078401305,0,-.0078401305,-.0078401305
26.3,27,.16819206,0,.16819206,.16819206,.020238876,0,.020238876,.020238876,.25657046,0,.25657046,.25657046,.0025975027,0,.0025975027,.0025975027,-.15744355,0,-.15744355,-.15744355,-.0068601281,0,-.0068601281,-.0068601281
26.4,27,.14416456,0,.14416456,.14416456,.0173476,0,.0173476,.0173476,.21991742,0,.21991742,.21991742,.00222643,0,.00222643,.00222643,-.13495155,0,-.13495155,-.13495155,-.0058801072,0,-.0058801072,-.0058801072
26.5,27,.12013706,0,.12013706,.12013706,.014456324,0,.014456324,.014456324,.1832644,0,.1832644,.1832644,.0018553571,0,.0018553571,.0018553571,-.11245956,0,-.11245956,-.11245956,-.0049000862,0,-.0049000862,-.0049000862
26.6,27,.096109554,0,.096109554,.096109554,.011565048,0,.011565048,.011565048,.14661138,0,.14661138,.14661138,.0014842843,0,.0014842843,.0014842843,-.089967556,0,-.089967556,-.089967556,-.0039200652,0,-.0039200652,-.0039200652
26.7,27,.07208205,0,.07208205,.07208205,.0086737731,0,.0086737731,.0086737731,.10995837,0,.10995837,.10995837,.0011132114,0,.0011132114,.0011132114,-.067475565,0,-.067475565,-.067475565,-.0029400443,0,-.0029400443,-.0029400443
26.8,27,.048055008,0,.048055008,.048055008,.0057825521,0,.0057825521,.0057825521,.073306039,0,.073306039,.073306039,.0007421457,0,.0007421457,.0007421457,-.044983994,0,-.044983994,-.044983994,-.0019600419,0,-.0019600419,-.0019600419
26.9,27,.024027504,0,.024027504,.024027504,.002891276,0,.002891276,.002891276,.036653019,0,.036653019,.036653019,.00037107285,0,.00037107285,.00037107285,-.022491997,0,-.022491997,-.022491997,-.00098002097,0,-.00098002097,-.00098002097
27,27,0,0,0,0,0,0,0,0,0,0,0,0,0,0,0,0,0,0,0,0,0,0,0,0
27.1,27,-.024026634,0,-.024026634,-.024026634,-.0028913789,0,-.0028913789,-.0028913789,-.036648173,0,-.036648173,-.036648173,-.00037088883,0,-.00037088883,-.00037088883,.022486862,0,.022486862,.022486862,.00098058756,0,.00098058756,.00098058756
27.2,27,-.048048053,0,-.048048053,-.048048053,-.0057833767,0,-.0057833767,-.0057833767,-.073267266,0,-.073267266,-.073267266,-.00074067368,0,-.00074067368,-.00074067368,.044942915,0,.044942915,.044942915,.0019645744,0,.0019645744,.0019645744
27.3,27,-.072058588,0,-.072058588,-.072058588,-.0086765569,0,-.0086765569,-.0086765569,-.10982749,0,-.10982749,-.10982749,-.0011082435,0,-.0011082435,-.0011082435,.067336917,0,.067336917,.067336917,.0029553415,0,.0029553415,.0029553415
27.4,27,-.096053936,0,-.096053936,-.096053936,-.011571648,0,-.011571648,-.011571648,-.14630117,0,-.14630117,-.14630117,-.0014725083,0,-.0014725083,-.0014725083,.089638926,0,.089638926,.089638926,.0039563254,0,.0039563254,.0039563254
27.5,27,-.12002842,0,-.12002842,-.12002842,-.014469214,0,-.014469214,-.014469214,-.18265851,0,-.18265851,-.18265851,-.0018323571,0,-.0018323571,-.0018323571,.1118177,0,.1118177,.1118177,.0049709072,0,.0049709072,.0049709072
27.6,27,-.14397684,0,-.14397684,-.14397684,-.017369872,0,-.017369872,-.017369872,-.21887043,0,-.21887043,-.21887043,-.002186686,0,-.002186686,-.002186686,.13384242,0,.13384242,.13384242,.0060024858,0,.0060024858,.0060024858
27.7,27,-.16789398,0,-.16789398,-.16789398,-.020274244,0,-.020274244,-.020274244,-.25490788,0,-.25490788,-.25490788,-.0025343911,0,-.0025343911,-.0025343911,.1556823,0,.1556823,.1556823,.0070544607,0,.0070544607,.0070544607
27.8,27,-.19177414,0,-.19177414,-.19177414,-.023182889,0,-.023182889,-.023182889,-.290741,0,-.290741,-.290741,-.0028743609,0,-.0028743609,-.0028743609,.17730607,0,.17730607,.17730607,.0081302132,0,.0081302132,.0081302132
27.9,27,-.21561305,0,-.21561305,-.21561305,-.026096541,0,-.026096541,-.026096541,-.3263422,0,-.3263422,-.3263422,-.0032055059,0,-.0032055059,-.0032055059,.1986838,0,.1986838,.1986838,.0092331786,0,.0092331786,.0092331786
28,27,-.23940504,0,-.23940504,-.23940504,-.029015759,0,-.029015759,-.029015759,-.36168164,0,-.36168164,-.36168164,-.0035267149,0,-.0035267149,-.0035267149,.21978424,0,.21978424,.21978424,.01036674,0,.01036674,.01036674
28.1,27,-.26314488,0,-.26314488,-.26314488,-.031941164,0,-.031941164,-.031941164,-.39673024,0,-.39673024,-.39673024,-.0038368839,0,-.0038368839,-.0038368839,.2405766,0,.2405766,.2405766,.011534294,0,.011534294,.011534294
28.2,27,-.28682736,0,-.28682736,-.28682736,-.034873378,0,-.034873378,-.034873378,-.43145892,0,-.43145892,-.43145892,-.0041349092,0,-.0041349092,-.0041349092,.26103005,0,.26103005,.26103005,.012739242,0,.012739242,.012739242
28.3,27,-.3104468,0,-.3104468,-.3104468,-.037812956,0,-.037812956,-.037812956,-.46583793,0,-.46583793,-.46583793,-.0044196793,0,-.0044196793,-.0044196793,.28111336,0,.28111336,.28111336,.013984964,0,.013984964,.013984964
28.4,27,-.33399892,0,-.33399892,-.33399892,-.040760633,0,-.040760633,-.040760633,-.49983954,0,-.49983954,-.49983954,-.0046901046,0,-.0046901046,-.0046901046,.3007966,0,.3007966,.3007966,.015274897,0,.015274897,.015274897
28.5,27,-.35747802,0,-.35747802,-.35747802,-.043716971,0,-.043716971,-.043716971,-.53343397,0,-.53343397,-.53343397,-.0049450737,0,-.0049450737,-.0049450737,.32004848,0,.32004848,.32004848,.016612422,0,.016612422,.016612422
28.6,27,-.38087893,0,-.38087893,-.38087893,-.046682589,0,-.046682589,-.046682589,-.56659222,0,-.56659222,-.56659222,-.005183483,0,-.005183483,-.005183483,.33883825,0,.33883825,.33883825,.018000938,0,.018000938,.018000938
28.7,27,-.40419641,0,-.40419641,-.40419641,-.049658109,0,-.049658109,-.049658109,-.59928507,0,-.59928507,-.59928507,-.0054042283,0,-.0054042283,-.0054042283,.35713506,0,.35713506,.35713506,.019443845,0,.019443845,.019443845
28.8,27,-.42742476,0,-.42742476,-.42742476,-.052644085,0,-.052644085,-.052644085,-.63148284,0,-.63148284,-.63148284,-.0056061991,0,-.0056061991,-.0056061991,.37490767,0,.37490767,.37490767,.020944521,0,.020944521,.020944521
28.9,27,-.45055971,0,-.45055971,-.45055971,-.055641256,0,-.055641256,-.055641256,-.66315782,0,-.66315782,-.66315782,-.0057883048,0,-.0057883048,-.0057883048,.39212617,0,.39212617,.39212617,.022506407,0,.022506407,.022506407
29,27,-.47359562,0,-.47359562,-.47359562,-.058650181,0,-.058650181,-.058650181,-.69428021,0,-.69428021,-.69428021,-.0059494344,0,-.0059494344,-.0059494344,.40875927,0,.40875927,.40875927,.024132881,0,.024132881,.024132881
29.1,27,-.49652719,0,-.49652719,-.49652719,-.061671481,0,-.061671481,-.061671481,-.72482091,0,-.72482091,-.72482091,-.0060884845,0,-.0060884845,-.0060884845,.4247762,0,.4247762,.4247762,.025827343,0,.025827343,.025827343
29.2,27,-.51934928,0,-.51934928,-.51934928,-.064705767,0,-.064705767,-.064705767,-.75475091,0,-.75475091,-.75475091,-.0062043499,0,-.0062043499,-.0062043499,.44014612,0,.44014612,.44014612,.027593194,0,.027593194,.027593194
29.3,27,-.5420562,0,-.5420562,-.5420562,-.067753613,0,-.067753613,-.067753613,-.78404039,0,-.78404039,-.78404039,-.0062959213,0,-.0062959213,-.0062959213,.45483783,0,.45483783,.45483783,.029433809,0,.029433809,.029433809
29.4,27,-.56464362,0,-.56464362,-.56464362,-.070815742,0,-.070815742,-.070815742,-.81266159,0,-.81266159,-.81266159,-.0063621067,0,-.0063621067,-.0063621067,.46882135,0,.46882135,.46882135,.031352635,0,.031352635,.031352635
29.5,27,-.58710593,0,-.58710593,-.58710593,-.07389272,0,-.07389272,-.07389272,-.84058487,0,-.84058487,-.84058487,-.0064017973,0,-.0064017973,-.0064017973,.48206544,0,.48206544,.48206544,.033353042,0,.033353042,.033353042
29.6,27,-.60943788,0,-.60943788,-.60943788,-.076985165,0,-.076985165,-.076985165,-.86778104,0,-.86778104,-.86778104,-.0064138877,0,-.0064138877,-.0064138877,.49453932,0,.49453932,.49453932,.035438433,0,.035438433,.035438433
29.7,27,-.63163424,0,-.63163424,-.63163424,-.080093697,0,-.080093697,-.080093697,-.89422107,0,-.89422107,-.89422107,-.0063972739,0,-.0063972739,-.0063972739,.50621212,0,.50621212,.50621212,.037612211,0,.037612211,.037612211
29.8,27,-.65368932,0,-.65368932,-.65368932,-.083218873,0,-.083218873,-.083218873,-.91987514,0,-.91987514,-.91987514,-.0063508456,0,-.0063508456,-.0063508456,.51705271,0,.51705271,.51705271,.039877754,0,.039877754,.039877754
29.9,27,-.67559886,0,-.67559886,-.67559886,-.086361431,0,-.086361431,-.086361431,-.94471562,0,-.94471562,-.94471562,-.0062735118,0,-.0062735118,-.0062735118,.527031,0,.527031,.527031,.0422385,0,.0422385,.0422385
30,27,-.69735724,0,-.69735724,-.69735724,-.08952193,0,-.08952193,-.08952193,-.96871263,0,-.96871263,-.96871263,-.0061641629,0,-.0061641629,-.0061641629,.53611588,0,.53611588,.53611588,.044697829,0,.044697829,.044697829
30.1,27,-.71895915,0,-.71895915,-.71895915,-.092700988,0,-.092700988,-.092700988,-.9918372,0,-.9918372,-.9918372,-.0060216947,0,-.0060216947,-.0060216947,.54427648,0,.54427648,.54427648,.047259137,0,.047259137,.047259137
30.2,27,-.74039936,0,-.74039936,-.74039936,-.095899224,0,-.095899224,-.095899224,-1.0140601,0,-1.0140601,-1.0140601,-.0058450005,0,-.0058450005,-.0058450005,.5514819,0,.5514819,.5514819,.04992583,0,.04992583,.04992583
30.3,27,-.76167232,0,-.76167232,-.76167232,-.099117197,0,-.099117197,-.099117197,-1.0353518,0,-1.0353518,-1.0353518,-.0056329737,0,-.0056329737,-.0056329737,.55770111,0,.55770111,.55770111,.05270128,0,.05270128,.05270128
30.4,27,-.78277361,0,-.78277361,-.78277361,-.10235565,0,-.10235565,-.10235565,-1.0556843,0,-1.0556843,-1.0556843,-.0053845197,0,-.0053845197,-.0053845197,.562904,0,.562904,.562904,.055588935,0,.055588935,.055588935
30.5,27,-.80369765,0,-.80369765,-.80369765,-.10561513,0,-.10561513,-.10561513,-1.0750281,0,-1.0750281,-1.0750281,-.005098532,0,-.005098532,-.005098532,.5670594,0,.5670594,.5670594,.058592167,0,.058592167,.058592167
30.6,27,-.82443917,0,-.82443917,-.82443917,-.10889627,0,-.10889627,-.10889627,-1.093354,0,-1.093354,-1.093354,-.0047739046,0,-.0047739046,-.0047739046,.57013649,0,.57013649,.57013649,.061714374,0,.061714374,.061714374
30.7,27,-.844993,0,-.844993,-.844993,-.11219968,0,-.11219968,-.11219968,-1.1106328,0,-1.1106328,-1.1106328,-.0044095311,0,-.0044095311,-.0044095311,.57210433,0,.57210433,.57210433,.064958967,0,.064958967,.064958967
30.8,27,-.86535341,0,-.86535341,-.86535341,-.11552592,0,-.11552592,-.11552592,-1.1268349,0,-1.1268349,-1.1268349,-.0040043048,0,-.0040043048,-.0040043048,.57293195,0,.57293195,.57293195,.068329312,0,.068329312,.068329312
30.9,27,-.88551611,0,-.88551611,-.88551611,-.11887573,0,-.11887573,-.11887573,-1.1419325,0,-1.1419325,-1.1419325,-.0035571321,0,-.0035571321,-.0035571321,.5725891,0,.5725891,.5725891,.071828865,0,.071828865,.071828865
31,27,-.90547544,0,-.90547544,-.90547544,-.12224966,0,-.12224966,-.12224966,-1.1558959,0,-1.1558959,-1.1558959,-.0030669051,0,-.0030669051,-.0030669051,.5710448,0,.5710448,.5710448,.075460978,0,.075460978,.075460978
31.1,27,-.92522621,0,-.92522621,-.92522621,-.12564835,0,-.12564835,-.12564835,-1.1686959,0,-1.1686959,-1.1686959,-.002532518,0,-.002532518,-.002532518,.56826812,0,.56826812,.56826812,.079229079,0,.079229079,.079229079
31.2,27,-.94476318,0,-.94476318,-.94476318,-.1290724,0,-.1290724,-.1290724,-1.1803037,0,-1.1803037,-1.1803037,-.0019528697,0,-.0019528697,-.0019528697,.56422836,0,.56422836,.56422836,.083136544,0,.083136544,.083136544
31.3,27,-.96408069,0,-.96408069,-.96408069,-.13252237,0,-.13252237,-.13252237,-1.1906891,0,-1.1906891,-1.1906891,-.0013268382,0,-.0013268382,-.0013268382,.55889392,0,.55889392,.55889392,.087186784,0,.087186784,.087186784
31.4,27,-.98317444,0,-.98317444,-.98317444,-.13599901,0,-.13599901,-.13599901,-1.1998247,0,-1.1998247,-1.1998247,-.00065334828,0,-.00065334828,-.00065334828,.55223531,0,.55223531,.55223531,.091383204,0,.091383204,.091383204
31.5,27,-1.0020387,0,-1.0020387,-1.0020387,-.13950285,0,-.13950285,-.13950285,-1.2076806,0,-1.2076806,-1.2076806,.000068717338,0,.000068717338,.000068717338,.54422104,0,.54422104,.54422104,.095729195,0,.095729195,.095729195
31.6,27,-1.0206684,0,-1.0206684,-1.0206684,-.14303455,0,-.14303455,-.14303455,-1.2142279,0,-1.2142279,-1.2142279,.00084046216,0,.00084046216,.00084046216,.53482044,0,.53482044,.53482044,.10022816,0,.10022816,.10022816
31.7,27,-1.0390582,0,-1.0390582,-1.0390582,-.1465947,0,-.1465947,-.1465947,-1.2194372,0,-1.2194372,-1.2194372,.0016629923,0,.0016629923,.0016629923,.52400249,0,.52400249,.52400249,.1048835,0,.1048835,.1048835
31.8,27,-1.0572025,0,-1.0572025,-1.0572025,-.15018389,0,-.15018389,-.15018389,-1.223279,0,-1.223279,-1.223279,.0025374212,0,.0025374212,.0025374212,.51173604,0,.51173604,.51173604,.10969861,0,.10969861,.10969861
31.9,27,-1.0750968,0,-1.0750968,-1.0750968,-.15380281,0,-.15380281,-.15380281,-1.2257254,0,-1.2257254,-1.2257254,.0034648308,0,.0034648308,.0034648308,.49799129,0,.49799129,.49799129,.11467689,0,.11467689,.11467689
32,27,-1.0927358,0,-1.0927358,-1.0927358,-.15745205,0,-.15745205,-.15745205,-1.2267469,0,-1.2267469,-1.2267469,.0044463347,0,.0044463347,.0044463347,.48273692,0,.48273692,.48273692,.11982174,0,.11982174,.11982174
32.1,27,-1.1101135,0,-1.1101135,-1.1101135,-.16113217,0,-.16113217,-.16113217,-1.2263135,0,-1.2263135,-1.2263135,.0054830471,0,.0054830471,.0054830471,.46594158,0,.46594158,.46594158,.12513655,0,.12513655,.12513655
32.2,27,-1.1272262,0,-1.1272262,-1.1272262,-.16484395,0,-.16484395,-.16484395,-1.2243983,0,-1.2243983,-1.2243983,.0065760468,0,.0065760468,.0065760468,.44757593,0,.44757593,.44757593,.13062476,0,.13062476,.13062476
32.3,27,-1.1440668,0,-1.1440668,-1.1440668,-.16858779,0,-.16858779,-.16858779,-1.2209692,0,-1.2209692,-1.2209692,.0077264761,0,.0077264761,.0077264761,.42760712,0,.42760712,.42760712,.13628972,0,.13628972,.13628972
32.4,27,-1.160632,0,-1.160632,-1.160632,-.17236453,0,-.17236453,-.17236453,-1.2160002,0,-1.2160002,-1.2160002,.0089353956,0,.0089353956,.0089353956,.40600649,0,.40600649,.40600649,.14213486,0,.14213486,.14213486
32.5,27,-1.1769147,0,-1.1769147,-1.1769147,-.17617457,0,-.17617457,-.17617457,-1.2094594,0,-1.2094594,-1.2094594,.010203946,0,.010203946,.010203946,.38274124,0,.38274124,.38274124,.14816354,0,.14816354,.14816354
32.6,27,-1.1929106,0,-1.1929106,-1.1929106,-.18001863,0,-.18001863,-.18001863,-1.201319,0,-1.201319,-1.201319,.011533218,0,.011533218,.011533218,.3577815,0,.3577815,.3577815,.15437919,0,.15437919,.15437919
32.7,27,-1.2086154,0,-1.2086154,-1.2086154,-.18389745,0,-.18389745,-.18389745,-1.1915513,0,-1.1915513,-1.1915513,.012924294,0,.012924294,.012924294,.33109739,0,.33109739,.33109739,.16078523,0,.16078523,.16078523
32.8,27,-1.224022,0,-1.224022,-1.224022,-.18781142,0,-.18781142,-.18781142,-1.1801244,0,-1.1801244,-1.1801244,.014378324,0,.014378324,.014378324,.30265599,0,.30265599,.30265599,.16738503,0,.16738503,.16738503
32.9,27,-1.2391272,0,-1.2391272,-1.2391272,-.19176139,0,-.19176139,-.19176139,-1.1670122,0,-1.1670122,-1.1670122,.015896361,0,.015896361,.015896361,.27242881,0,.27242881,.27242881,.174182,0,.174182,.174182
33,27,-1.2539238,0,-1.2539238,-1.2539238,-.19574775,0,-.19574775,-.19574775,-1.1521826,0,-1.1521826,-1.1521826,.017479552,0,.017479552,.017479552,.24038292,0,.24038292,.24038292,.18117951,0,.18117951,.18117951
33.1,27,-1.2684075,0,-1.2684075,-1.2684075,-.19977123,0,-.19977123,-.19977123,-1.1356082,0,-1.1356082,-1.1356082,.01912898,0,.01912898,.01912898,.20648855,0,.20648855,.20648855,.18838099,0,.18838099,.18838099
33.2,27,-1.2825739,0,-1.2825739,-1.2825739,-.20383254,0,-.20383254,-.20383254,-1.1172611,0,-1.1172611,-1.1172611,.020845735,0,.020845735,.020845735,.1707157,0,.1707157,.1707157,.19578984,0,.19578984,.19578984
33.3,27,-1.2964163,0,-1.2964163,-1.2964163,-.20793211,0,-.20793211,-.20793211,-1.0971091,0,-1.0971091,-1.0971091,.022630967,0,.022630967,.022630967,.13303146,0,.13303146,.13303146,.20340948,0,.20340948,.20340948
33.4,27,-1.309931,0,-1.309931,-1.309931,-.21207078,0,-.21207078,-.21207078,-1.0751265,0,-1.0751265,-1.0751265,.024485724,0,.024485724,.024485724,.093407445,0,.093407445,.093407445,.21124327,0,.21124327,.21124327
33.5,27,-1.3231111,0,-1.3231111,-1.3231111,-.21624891,0,-.21624891,-.21624891,-1.0512813,0,-1.0512813,-1.0512813,.02641115,0,.02641115,.02641115,.051810771,0,.051810771,.051810771,.21929459,0,.21929459,.21929459
33.6,27,-1.3359523,0,-1.3359523,-1.3359523,-.22046727,0,-.22046727,-.22046727,-1.0255457,0,-1.0255457,-1.0255457,.028408334,0,.028408334,.028408334,.0082115848,0,.0082115848,.0082115848,.22756687,0,.22756687,.22756687
33.7,27,-1.3484501,0,-1.3484501,-1.3484501,-.22472657,0,-.22472657,-.22472657,-.99789184,0,-.99789184,-.99789184,.030478377,0,.030478377,.030478377,-.037420448,0,-.037420448,-.037420448,.23606357,0,.23606357,.23606357
33.8,27,-1.3605977,0,-1.3605977,-1.3605977,-.22902721,0,-.22902721,-.22902721,-.96828789,0,-.96828789,-.96828789,.032622404,0,.032622404,.032622404,-.085117593,0,-.085117593,-.085117593,.24478799,0,.24478799,.24478799
33.9,27,-1.3723916,0,-1.3723916,-1.3723916,-.23337002,0,-.23337002,-.23337002,-.93670791,0,-.93670791,-.93670791,.034841482,0,.034841482,.034841482,-.13490871,0,-.13490871,-.13490871,.25374359,0,.25374359,.25374359
34,27,-1.3838249,0,-1.3838249,-1.3838249,-.23775542,0,-.23775542,-.23775542,-.90311998,0,-.90311998,-.90311998,.037136741,0,.037136741,.037136741,-.18682635,0,-.18682635,-.18682635,.2629337,0,.2629337,.2629337
34.1,27,-1.3948932,0,-1.3948932,-1.3948932,-.24218412,0,-.24218412,-.24218412,-.86749613,0,-.86749613,-.86749613,.039509285,0,.039509285,.039509285,-.24090071,0,-.24090071,-.24090071,.27236179,0,.27236179,.27236179
34.2,27,-1.4055921,0,-1.4055921,-1.4055921,-.24665685,0,-.24665685,-.24665685,-.82980883,0,-.82980883,-.82980883,.041960198,0,.041960198,.041960198,-.29716164,0,-.29716164,-.29716164,.28203124,0,.28203124,.28203124
34.3,27,-1.4159145,0,-1.4159145,-1.4159145,-.25117403,0,-.25117403,-.25117403,-.79002565,0,-.79002565,-.79002565,.044490628,0,.044490628,.044490628,-.3556422,0,-.3556422,-.3556422,.29194549,0,.29194549,.29194549
34.4,27,-1.4258573,0,-1.4258573,-1.4258573,-.25573647,0,-.25573647,-.25573647,-.7481212,0,-.7481212,-.7481212,.047101624,0,.047101624,.047101624,-.41637063,0,-.41637063,-.41637063,.30210787,0,.30210787,.30210787
34.5,27,-1.4354134,0,-1.4354134,-1.4354134,-.26034456,0,-.26034456,-.26034456,-.7040633,0,-.7040633,-.7040633,.049794324,0,.049794324,.049794324,-.47937959,0,-.47937959,-.47937959,.31252176,0,.31252176,.31252176
34.6,27,-1.4445783,0,-1.4445783,-1.4445783,-.26499909,0,-.26499909,-.26499909,-.65782416,0,-.65782416,-.65782416,.052569829,0,.052569829,.052569829,-.54469937,0,-.54469937,-.54469937,.32319063,0,.32319063,.32319063
34.7,27,-1.4533479,0,-1.4533479,-1.4533479,-.26970074,0,-.26970074,-.26970074,-.60937607,0,-.60937607,-.60937607,.055429216,0,.055429216,.055429216,-.6123597,0,-.6123597,-.6123597,.33411786,0,.33411786,.33411786
34.8,27,-1.461715,0,-1.461715,-1.461715,-.27444991,0,-.27444991,-.27444991,-.55868679,0,-.55868679,-.55868679,.058373649,0,.058373649,.058373649,-.68239373,0,-.68239373,-.68239373,.34530687,0,.34530687,.34530687
34.9,27,-1.4696763,0,-1.4696763,-1.4696763,-.27924743,0,-.27924743,-.27924743,-.50573087,0,-.50573087,-.50573087,.061404157,0,.061404157,.061404157,-.75482947,0,-.75482947,-.75482947,.35676104,0,.35676104,.35676104
35,27,-1.4772247,0,-1.4772247,-1.4772247,-.28409374,0,-.28409374,-.28409374,-.4504759,0,-.4504759,-.4504759,.064521901,0,.064521901,.064521901,-.82970011,0,-.82970011,-.82970011,.36848369,0,.36848369,.36848369
35.1,27,-1.484356,0,-1.484356,-1.484356,-.28898951,0,-.28898951,-.28898951,-.39289406,0,-.39289406,-.39289406,.067727968,0,.067727968,.067727968,-.90703577,0,-.90703577,-.90703577,.38047835,0,.38047835,.38047835
35.2,27,-1.4910659,0,-1.4910659,-1.4910659,-.29393554,0,-.29393554,-.29393554,-.33295837,0,-.33295837,-.33295837,.071023434,0,.071023434,.071023434,-.98686558,0,-.98686558,-.98686558,.39274836,0,.39274836,.39274836
35.3,27,-1.4973471,0,-1.4973471,-1.4973471,-.29893216,0,-.29893216,-.29893216,-.27063584,0,-.27063584,-.27063584,.074409463,0,.074409463,.074409463,-1.0692233,0,-1.0692233,-1.0692233,.40529713,0,.40529713,.40529713
35.4,27,-1.5031967,0,-1.5031967,-1.5031967,-.30398023,0,-.30398023,-.30398023,-.2059021,0,-.2059021,-.2059021,.077887058,0,.077887058,.077887058,-1.1541359,0,-1.1541359,-1.1541359,.41812792,0,.41812792,.41812792
35.5,27,-1.5086071,0,-1.5086071,-1.5086071,-.30908021,0,-.30908021,-.30908021,-.13872236,0,-.13872236,-.13872236,.081457466,0,.081457466,.081457466,-1.2416391,0,-1.2416391,-1.2416391,.43124446,0,.43124446,.43124446
35.6,27,-1.5135744,0,-1.5135744,-1.5135744,-.31423274,0,-.31423274,-.31423274,-.069070801,0,-.069070801,-.069070801,.085121706,0,.085121706,.085121706,-1.3317608,0,-1.3317608,-1.3317608,.44464988,0,.44464988,.44464988
35.7,27,-1.5180943,0,-1.5180943,-1.5180943,-.31943858,0,-.31943858,-.31943858,.0030792754,0,.0030792754,.0030792754,.08888083,0,.08888083,.08888083,-1.4245299,0,-1.4245299,-1.4245299,.45834756,0,.45834756,.45834756
35.8,27,-1.5221593,0,-1.5221593,-1.5221593,-.32469815,0,-.32469815,-.32469815,.077762321,0,.077762321,.077762321,.092736058,0,.092736058,.092736058,-1.5199819,0,-1.5199819,-1.5199819,.47234112,0,.47234112,.47234112
35.9,27,-1.5257666,0,-1.5257666,-1.5257666,-.33001226,0,-.33001226,-.33001226,.15500218,0,.15500218,.15500218,.09668839,0,.09668839,.09668839,-1.6181428,0,-1.6181428,-1.6181428,.48663372,0,.48663372,.48663372
36,27,-1.5289088,0,-1.5289088,-1.5289088,-.33538133,0,-.33538133,-.33538133,.23483267,0,.23483267,.23483267,.10073902,0,.10073902,.10073902,-1.7190477,0,-1.7190477,-1.7190477,.50122893,0,.50122893,.50122893
36.1,27,-1.5315816,0,-1.5315816,-1.5315816,-.3408061,0,-.3408061,-.3408061,.31728086,0,.31728086,.31728086,.10488902,0,.10488902,.10488902,-1.8227255,0,-1.8227255,-1.8227255,.51613009,0,.51613009,.51613009
36.2,27,-1.5337812,0,-1.5337812,-1.5337812,-.34628722,0,-.34628722,-.34628722,.40237281,0,.40237281,.40237281,.10913942,0,.10913942,.10913942,-1.9292047,0,-1.9292047,-1.9292047,.53134048,0,.53134048,.53134048
36.3,27,-1.5354997,0,-1.5354997,-1.5354997,-.35182521,0,-.35182521,-.35182521,.4901433,0,.4901433,.4901433,.11349145,0,.11349145,.11349145,-2.0385208,0,-2.0385208,-2.0385208,.54686379,0,.54686379,.54686379
36.4,27,-1.5367345,0,-1.5367345,-1.5367345,-.3574208,0,-.3574208,-.3574208,.58061582,0,.58061582,.58061582,.1179461,0,.1179461,.1179461,-2.1506999,0,-2.1506999,-2.1506999,.56270313,0,.56270313,.56270313
36.5,27,-1.537478,0,-1.537478,-1.537478,-.36307445,0,-.36307445,-.36307445,.67382461,0,.67382461,.67382461,.12250457,0,.12250457,.12250457,-2.2657769,0,-2.2657769,-2.2657769,.57886207,0,.57886207,.57886207
36.6,27,-1.537726,0,-1.537726,-1.537726,-.3687869,0,-.3687869,-.3687869,.76979631,0,.76979631,.76979631,.12716793,0,.12716793,.12716793,-2.383781,0,-2.383781,-2.383781,.59534395,0,.59534395,.59534395
36.7,27,-1.5374748,0,-1.5374748,-1.5374748,-.37455881,0,-.37455881,-.37455881,.86855733,0,.86855733,.86855733,.13193719,0,.13193719,.13193719,-2.5047405,0,-2.5047405,-2.5047405,.6121521,0,.6121521,.6121521
36.8,27,-1.5367163,0,-1.5367163,-1.5367163,-.38039064,0,-.38039064,-.38039064,.97014242,0,.97014242,.97014242,.13681364,0,.13681364,.13681364,-2.6286912,0,-2.6286912,-2.6286912,.6292901,0,.6292901,.6292901
36.9,27,-1.5354482,0,-1.5354482,-1.5354482,-.38628319,0,-.38628319,-.38628319,1.0745746,0,1.0745746,1.0745746,.14179818,0,.14179818,.14179818,-2.7556584,0,-2.7556584,-2.7556584,.64676112,0,.64676112,.64676112
37,27,-1.5336627,0,-1.5336627,-1.5336627,-.39223692,0,-.39223692,-.39223692,1.1818888,0,1.1818888,1.1818888,.1468921,0,.1468921,.1468921,-2.8856781,0,-2.8856781,-2.8856781,.66456878,0,.66456878,.66456878
37.1,27,-1.5313609,0,-1.5313609,-1.5313609,-.39825189,0,-.39825189,-.39825189,1.2920825,0,1.2920825,1.2920825,.15209533,0,.15209533,.15209533,-3.0187483,0,-3.0187483,-3.0187483,.68271303,0,.68271303,.68271303
37.2,27,-1.5285649,0,-1.5285649,-1.5285649,-.40432569,0,-.40432569,-.40432569,1.4050357,0,1.4050357,1.4050357,.15740333,0,.15740333,.15740333,-3.1547422,0,-3.1547422,-3.1547422,.70117998,0,.70117998,.70117998
37.3,27,-1.5252984,0,-1.5252984,-1.5252984,-.41045511,0,-.41045511,-.41045511,1.5206097,0,1.5206097,1.5206097,.16281079,0,.16281079,.16281079,-3.2935121,0,-3.2935121,-3.2935121,.71995312,0,.71995312,.71995312
37.4,27,-1.5215899,0,-1.5215899,-1.5215899,-.41663718,0,-.41663718,-.41663718,1.6386526,0,1.6386526,1.6386526,.16831201,0,.16831201,.16831201,-3.4348979,0,-3.4348979,-3.4348979,.73901504,0,.73901504,.73901504
37.5,27,-1.5174631,0,-1.5174631,-1.5174631,-.4228687,0,-.4228687,-.4228687,1.7590252,0,1.7590252,1.7590252,.17390163,0,.17390163,.17390163,-3.5787511,0,-3.5787511,-3.5787511,.75834906,0,.75834906,.75834906
37.6,27,-1.5129451,0,-1.5129451,-1.5129451,-.42914659,0,-.42914659,-.42914659,1.8815795,0,1.8815795,1.8815795,.17957406,0,.17957406,.17957406,-3.7249155,0,-3.7249155,-3.7249155,.77793807,0,.77793807,.77793807
37.7,27,-1.5080633,0,-1.5080633,-1.5080633,-.43546787,0,-.43546787,-.43546787,2.006166,0,2.006166,2.006166,.18532367,0,.18532367,.18532367,-3.8732333,0,-3.8732333,-3.8732333,.79776484,0,.79776484,.79776484
37.8,27,-1.5028414,0,-1.5028414,-1.5028414,-.44182929,0,-.44182929,-.44182929,2.1326461,0,2.1326461,2.1326461,.19114512,0,.19114512,.19114512,-4.0235567,0,-4.0235567,-4.0235567,.81781274,0,.81781274,.81781274
37.9,27,-1.4973078,0,-1.4973078,-1.4973078,-.44822788,0,-.44822788,-.44822788,2.2608681,0,2.2608681,2.2608681,.19703273,0,.19703273,.19703273,-4.1757255,0,-4.1757255,-4.1757255,.83806443,0,.83806443,.83806443
38,27,-1.4914863,0,-1.4914863,-1.4914863,-.45466045,0,-.45466045,-.45466045,2.3906925,0,2.3906925,2.3906925,.20298114,0,.20298114,.20298114,-4.3295913,0,-4.3295913,-4.3295913,.85850322,0,.85850322,.85850322
38.1,27,-1.485404,0,-1.485404,-1.485404,-.46112394,0,-.46112394,-.46112394,2.5219712,0,2.5219712,2.5219712,.20898476,0,.20898476,.20898476,-4.4849982,0,-4.4849982,-4.4849982,.87911201,0,.87911201,.87911201
38.2,27,-1.4790883,0,-1.4790883,-1.4790883,-.46761534,0,-.46761534,-.46761534,2.6545551,0,2.6545551,2.6545551,.21503796,0,.21503796,.21503796,-4.641788,0,-4.641788,-4.641788,.89987355,0,.89987355,.89987355
38.3,27,-1.4725628,0,-1.4725628,-1.4725628,-.47413144,0,-.47413144,-.47413144,2.788306,0,2.788306,2.788306,.22113541,0,.22113541,.22113541,-4.7998137,0,-4.7998137,-4.7998137,.9207713,0,.9207713,.9207713
38.4,27,-1.465856,0,-1.465856,-1.465856,-.48066923,0,-.48066923,-.48066923,2.9230721,0,2.9230721,2.9230721,.22727144,0,.22727144,.22727144,-4.9589152,0,-4.9589152,-4.9589152,.9417879,0,.9417879,.9417879
38.5,27,-1.4589914,0,-1.4589914,-1.4589914,-.48722553,0,-.48722553,-.48722553,3.0587134,0,3.0587134,3.0587134,.23344065,0,.23344065,.23344065,-5.1189432,0,-5.1189432,-5.1189432,.96290666,0,.96290666,.96290666
38.6,27,-1.4519966,0,-1.4519966,-1.4519966,-.4937973,0,-.4937973,-.4937973,3.1950822,0,3.1950822,3.1950822,.23963748,0,.23963748,.23963748,-5.2797418,0,-5.2797418,-5.2797418,.98411036,0,.98411036,.98411036
38.7,27,-1.4448987,0,-1.4448987,-1.4448987,-.50038153,0,-.50038153,-.50038153,3.3320286,0,3.3320286,3.3320286,.24585627,0,.24585627,.24585627,-5.441153,0,-5.441153,-5.441153,1.0053818,0,1.0053818,1.0053818
38.8,27,-1.4377213,0,-1.4377213,-1.4377213,-.50697494,0,-.50697494,-.50697494,3.4694154,0,3.4694154,3.4694154,.25209177,0,.25209177,.25209177,-5.6030307,0,-5.6030307,-5.6030307,1.0267045,0,1.0267045,1.0267045
38.9,27,-1.4304931,0,-1.4304931,-1.4304931,-.5135746,0,-.5135746,-.5135746,3.607089,0,3.607089,3.607089,.25833815,0,.25833815,.25833815,-5.7652121,0,-5.7652121,-5.7652121,1.048061,0,1.048061,1.048061
39,27,-1.4232376,0,-1.4232376,-1.4232376,-.5201773,0,-.5201773,-.5201773,3.7449114,0,3.7449114,3.7449114,.26459017,0,.26459017,.26459017,-5.9275508,0,-5.9275508,-5.9275508,1.0694346,0,1.0694346,1.0694346
39.1,27,-1.4159775,0,-1.4159775,-1.4159775,-.52678055,0,-.52678055,-.52678055,3.8827586,0,3.8827586,3.8827586,.27084312,0,.27084312,.27084312,-6.0899158,0,-6.0899158,-6.0899158,1.0908113,0,1.0908113,1.0908113
39.2,27,-1.4087189,0,-1.4087189,-1.4087189,-.53338379,0,-.53338379,-.53338379,4.0206017,0,4.0206017,4.0206017,.27709594,0,.27709594,.27709594,-6.2522769,0,-6.2522769,-6.2522769,1.1121875,0,1.1121875,1.1121875
39.3,27,-1.4014591,0,-1.4014591,-1.4014591,-.53998697,0,-.53998697,-.53998697,4.1584482,0,4.1584482,4.1584482,.28334886,0,.28334886,.28334886,-6.4146414,0,-6.4146414,-6.4146414,1.133564,0,1.133564,1.133564
39.4,27,-1.3942004,0,-1.3942004,-1.3942004,-.54659027,0,-.54659027,-.54659027,4.2962918,0,4.2962918,4.2962918,.28960171,0,.28960171,.28960171,-6.577003,0,-6.577003,-6.577003,1.1549402,0,1.1549402,1.1549402
39.5,27,-1.3869405,0,-1.3869405,-1.3869405,-.55319351,0,-.55319351,-.55319351,4.4341388,0,4.4341388,4.4341388,.29585466,0,.29585466,.29585466,-6.739368,0,-6.739368,-6.739368,1.1763169,0,1.1763169,1.1763169
39.6,27,-1.3796805,0,-1.3796805,-1.3796805,-.55979669,0,-.55979669,-.55979669,4.5719862,0,4.5719862,4.5719862,.30210763,0,.30210763,.30210763,-6.9017329,0,-6.9017329,-6.9017329,1.1976933,0,1.1976933,1.1976933
39.7,27,-1.3724219,0,-1.3724219,-1.3724219,-.56639999,0,-.56639999,-.56639999,4.7098289,0,4.7098289,4.7098289,.30836046,0,.30836046,.30836046,-7.0640936,0,-7.0640936,-7.0640936,1.2190696,0,1.2190696,1.2190696
39.8,27,-1.365162,0,-1.365162,-1.365162,-.57300317,0,-.57300317,-.57300317,4.8476758,0,4.8476758,4.8476758,.31461337,0,.31461337,.31461337,-7.2264581,0,-7.2264581,-7.2264581,1.2404461,0,1.2404461,1.2404461
39.9,27,-1.3579034,0,-1.3579034,-1.3579034,-.57960647,0,-.57960647,-.57960647,4.9855189,0,4.9855189,4.9855189,.32086623,0,.32086623,.32086623,-7.3888197,0,-7.3888197,-7.3888197,1.2618225,0,1.2618225,1.2618225
40,27,-1.3506434,0,-1.3506434,-1.3506434,-.58620971,0,-.58620971,-.58620971,5.1233664,0,5.1233664,5.1233664,.32711917,0,.32711917,.32711917,-7.5511847,0,-7.5511847,-7.5511847,1.283199,0,1.283199,1.283199
40.1,27,-1.3433834,0,-1.3433834,-1.3433834,-.5928129,0,-.5928129,-.5928129,5.2612138,0,5.2612138,5.2612138,.33337212,0,.33337212,.33337212,-7.7135496,0,-7.7135496,-7.7135496,1.3045756,0,1.3045756,1.3045756
40.2,27,-1.3361248,0,-1.3361248,-1.3361248,-.5994162,0,-.5994162,-.5994162,5.3990569,0,5.3990569,5.3990569,.33962497,0,.33962497,.33962497,-7.8759112,0,-7.8759112,-7.8759112,1.3259519,0,1.3259519,1.3259519
40.3,27,-1.3288649,0,-1.3288649,-1.3288649,-.60601938,0,-.60601938,-.60601938,5.5369029,0,5.5369029,5.5369029,.34587789,0,.34587789,.34587789,-8.0382748,0,-8.0382748,-8.0382748,1.3473283,0,1.3473283,1.3473283
40.4,27,-1.3216063,0,-1.3216063,-1.3216063,-.61262268,0,-.61262268,-.61262268,5.6747465,0,5.6747465,5.6747465,.35213074,0,.35213074,.35213074,-8.2006369,0,-8.2006369,-8.2006369,1.3687046,0,1.3687046,1.3687046
40.5,27,-1.3143463,0,-1.3143463,-1.3143463,-.61922592,0,-.61922592,-.61922592,5.8125939,0,5.8125939,5.8125939,.35838369,0,.35838369,.35838369,-8.3630018,0,-8.3630018,-8.3630018,1.3900812,0,1.3900812,1.3900812
40.6,27,-1.3070863,0,-1.3070863,-1.3070863,-.6258291,0,-.6258291,-.6258291,5.9504409,0,5.9504409,5.9504409,.36463663,0,.36463663,.36463663,-8.5253668,0,-8.5253668,-8.5253668,1.4114577,0,1.4114577,1.4114577
40.7,27,-1.2998277,0,-1.2998277,-1.2998277,-.6324324,0,-.6324324,-.6324324,6.0882845,0,6.0882845,6.0882845,.37088948,0,.37088948,.37088948,-8.6877279,0,-8.6877279,-8.6877279,1.432834,0,1.432834,1.432834
40.8,27,-1.2925677,0,-1.2925677,-1.2925677,-.63903564,0,-.63903564,-.63903564,6.2261319,0,6.2261319,6.2261319,.37714243,0,.37714243,.37714243,-8.8500929,0,-8.8500929,-8.8500929,1.4542106,0,1.4542106,1.4542106
40.9,27,-1.2853094,0,-1.2853094,-1.2853094,-.64563882,0,-.64563882,-.64563882,6.3639727,0,6.3639727,6.3639727,.3833952,0,.3833952,.3833952,-9.0124521,0,-9.0124521,-9.0124521,1.4755867,0,1.4755867,1.4755867
41,27,-1.2780492,0,-1.2780492,-1.2780492,-.65224212,0,-.65224212,-.65224212,6.501821,0,6.501821,6.501821,.3896482,0,.3896482,.3896482,-9.174818,0,-9.174818,-9.174818,1.4969633,0,1.4969633,1.4969633
41.1,27,-1.2707893,0,-1.2707893,-1.2707893,-.65884531,0,-.65884531,-.65884531,6.6396685,0,6.6396685,6.6396685,.39590114,0,.39590114,.39590114,-9.337184,0,-9.337184,-9.337184,1.5183399,0,1.5183399,1.5183399
41.2,27,-1.2635306,0,-1.2635306,-1.2635306,-.66544861,0,-.66544861,-.66544861,6.7775121,0,6.7775121,6.7775121,.402154,0,.402154,.402154,-9.4995451,0,-9.4995451,-9.4995451,1.5397161,0,1.5397161,1.5397161
41.3,27,-1.2562706,0,-1.2562706,-1.2562706,-.67205185,0,-.67205185,-.67205185,6.915359,0,6.915359,6.915359,.40840694,0,.40840694,.40840694,-9.6619101,0,-9.6619101,-9.6619101,1.5610927,0,1.5610927,1.5610927
41.4,27,-1.2490124,0,-1.2490124,-1.2490124,-.67865503,0,-.67865503,-.67865503,7.0532002,0,7.0532002,7.0532002,.41465971,0,.41465971,.41465971,-9.8242693,0,-9.8242693,-9.8242693,1.5824687,0,1.5824687,1.5824687
41.5,27,-1.2417521,0,-1.2417521,-1.2417521,-.68525833,0,-.68525833,-.68525833,7.1910486,0,7.1910486,7.1910486,.42091268,0,.42091268,.42091268,-9.9866352,0,-9.9866352,-9.9866352,1.6038455,0,1.6038455,1.6038455
41.6,27,-1.2344922,0,-1.2344922,-1.2344922,-.69186151,0,-.69186151,-.69186151,7.328896,0,7.328896,7.328896,.42716566,0,.42716566,.42716566,-10.149,0,-10.149,-10.149,1.625222,0,1.625222,1.625222
41.7,27,-1.2272335,0,-1.2272335,-1.2272335,-.69846481,0,-.69846481,-.69846481,7.4667392,0,7.4667392,7.4667392,.43341848,0,.43341848,.43341848,-10.311362,0,-10.311362,-10.311362,1.6465983,0,1.6465983,1.6465983
41.8,27,-1.2199738,0,-1.2199738,-1.2199738,-.70506799,0,-.70506799,-.70506799,7.6045852,0,7.6045852,7.6045852,.4396714,0,.4396714,.4396714,-10.473725,0,-10.473725,-10.473725,1.6679747,0,1.6679747,1.6679747
41.9,27,-1.2127153,0,-1.2127153,-1.2127153,-.71167123,0,-.71167123,-.71167123,7.7424278,0,7.7424278,7.7424278,.44592419,0,.44592419,.44592419,-10.636086,0,-10.636086,-10.636086,1.689351,0,1.689351,1.689351
42,27,-1.2054551,0,-1.2054551,-1.2054551,-.71827447,0,-.71827447,-.71827447,7.8802762,0,7.8802762,7.8802762,.4521772,0,.4521772,.4521772,-10.798452,0,-10.798452,-10.798452,1.7107276,0,1.7107276,1.7107276
42.1,27,-1.1981951,0,-1.1981951,-1.1981951,-.72487772,0,-.72487772,-.72487772,8.0181236,0,8.0181236,8.0181236,.45843017,0,.45843017,.45843017,-10.960817,0,-10.960817,-10.960817,1.7321042,0,1.7321042,1.7321042
42.2,27,-1.1909364,0,-1.1909364,-1.1909364,-.73148102,0,-.73148102,-.73148102,8.1559668,0,8.1559668,8.1559668,.464683,0,.464683,.464683,-11.123178,0,-11.123178,-11.123178,1.7534804,0,1.7534804,1.7534804
42.3,27,-1.1836767,0,-1.1836767,-1.1836767,-.7380842,0,-.7380842,-.7380842,8.2938128,0,8.2938128,8.2938128,.47093591,0,.47093591,.47093591,-11.285542,0,-11.285542,-11.285542,1.7748569,0,1.7748569,1.7748569
42.4,27,-1.1764182,0,-1.1764182,-1.1764182,-.74468744,0,-.74468744,-.74468744,8.4316549,0,8.4316549,8.4316549,.47718871,0,.47718871,.47718871,-11.447903,0,-11.447903,-11.447903,1.7962331,0,1.7962331,1.7962331
42.5,27,-1.169158,0,-1.169158,-1.169158,-.75129068,0,-.75129068,-.75129068,8.5695038,0,8.5695038,8.5695038,.48344171,0,.48344171,.48344171,-11.61027,0,-11.61027,-11.61027,1.8176098,0,1.8176098,1.8176098
42.6,27,-1.161898,0,-1.161898,-1.161898,-.75789392,0,-.75789392,-.75789392,8.7073507,0,8.7073507,8.7073507,.48969465,0,.48969465,.48969465,-11.772635,0,-11.772635,-11.772635,1.8389863,0,1.8389863,1.8389863
42.7,27,-1.1546394,0,-1.1546394,-1.1546394,-.76449722,0,-.76449722,-.76449722,8.8451939,0,8.8451939,8.8451939,.49594751,0,.49594751,.49594751,-11.934996,0,-11.934996,-11.934996,1.8603626,0,1.8603626,1.8603626
42.8,27,-1.1473796,0,-1.1473796,-1.1473796,-.7711004,0,-.7711004,-.7711004,8.9830399,0,8.9830399,8.9830399,.50220042,0,.50220042,.50220042,-12.09736,0,-12.09736,-12.09736,1.881739,0,1.881739,1.881739
42.9,27,-1.1401212,0,-1.1401212,-1.1401212,-.77770364,0,-.77770364,-.77770364,9.120883,0,9.120883,9.120883,.50845325,0,.50845325,.50845325,-12.25972,0,-12.25972,-12.25972,1.9031153,0,1.9031153,1.9031153
43,27,-1.132861,0,-1.132861,-1.132861,-.78430688,0,-.78430688,-.78430688,9.2587309,0,9.2587309,9.2587309,.51470619,0,.51470619,.51470619,-12.422086,0,-12.422086,-12.422086,1.9244919,0,1.9244919,1.9244919
43.1,27,-1.1256008,0,-1.1256008,-1.1256008,-.79091012,0,-.79091012,-.79091012,9.3965797,0,9.3965797,9.3965797,.5209592,0,.5209592,.5209592,-12.584453,0,-12.584453,-12.584453,1.9458686,0,1.9458686,1.9458686
43.2,27,-1.1183417,0,-1.1183417,-1.1183417,-.79751348,0,-.79751348,-.79751348,9.5344248,0,9.5344248,9.5344248,.52721214,0,.52721214,.52721214,-12.746817,0,-12.746817,-12.746817,1.9672452,0,1.9672452,1.9672452
43.3,27,-1.1110831,0,-1.1110831,-1.1110831,-.80411655,0,-.80411655,-.80411655,9.6722641,0,9.6722641,9.6722641,.53346479,0,.53346479,.53346479,-12.909173,0,-12.909173,-12.909173,1.9886208,0,1.9886208,1.9886208
43.4,27,-1.1038241,0,-1.1038241,-1.1038241,-.81071985,0,-.81071985,-.81071985,9.8101101,0,9.8101101,9.8101101,.53971773,0,.53971773,.53971773,-13.071537,0,-13.071537,-13.071537,2.0099974,0,2.0099974,2.0099974
43.5,27,-1.0965639,0,-1.0965639,-1.0965639,-.81732309,0,-.81732309,-.81732309,9.947958,0,9.947958,9.947958,.54597074,0,.54597074,.54597074,-13.233903,0,-13.233903,-13.233903,2.031374,0,2.031374,2.031374
43.6,27,-1.0893037,0,-1.0893037,-1.0893037,-.82392633,0,-.82392633,-.82392633,10.085807,0,10.085807,10.085807,.55222374,0,.55222374,.55222374,-13.396269,0,-13.396269,-13.396269,2.0527508,0,2.0527508,2.0527508
43.7,27,-1.0820446,0,-1.0820446,-1.0820446,-.83052969,0,-.83052969,-.83052969,10.223653,0,10.223653,10.223653,.55847669,0,.55847669,.55847669,-13.558634,0,-13.558634,-13.558634,2.0741274,0,2.0741274,2.0741274
43.8,27,-1.0747861,0,-1.0747861,-1.0747861,-.83713275,0,-.83713275,-.83713275,10.361491,0,10.361491,10.361491,.56472927,0,.56472927,.56472927,-13.720989,0,-13.720989,-13.720989,2.0955029,0,2.0955029,2.0955029
43.9,27,-1.0675271,0,-1.0675271,-1.0675271,-.84373605,0,-.84373605,-.84373605,10.499337,0,10.499337,10.499337,.57098222,0,.57098222,.57098222,-13.883353,0,-13.883353,-13.883353,2.1168795,0,2.1168795,2.1168795
44,27,-1.0602669,0,-1.0602669,-1.0602669,-.85033929,0,-.85033929,-.85033929,10.637186,0,10.637186,10.637186,.57723522,0,.57723522,.57723522,-14.04572,0,-14.04572,-14.04572,2.1382563,0,2.1382563,2.1382563
44.1,27,-1.0530066,0,-1.0530066,-1.0530066,-.85694253,0,-.85694253,-.85694253,10.775034,0,10.775034,10.775034,.58348823,0,.58348823,.58348823,-14.208086,0,-14.208086,-14.208086,2.1596329,0,2.1596329,2.1596329
44.2,27,-1.0457475,0,-1.0457475,-1.0457475,-.86354589,0,-.86354589,-.86354589,10.91288,0,10.91288,10.91288,.58974117,0,.58974117,.58974117,-14.37045,0,-14.37045,-14.37045,2.1810095,0,2.1810095,2.1810095
44.3,27,-1.0384892,0,-1.0384892,-1.0384892,-.8701489,0,-.8701489,-.8701489,11.050717,0,11.050717,11.050717,.59599376,0,.59599376,.59599376,-14.532805,0,-14.532805,-14.532805,2.2023849,0,2.2023849,2.2023849
44.4,27,-1.03123,0,-1.03123,-1.03123,-.87675226,0,-.87675226,-.87675226,11.188565,0,11.188565,11.188565,.60224676,0,.60224676,.60224676,-14.69517,0,-14.69517,-14.69517,2.2237618,0,2.2237618,2.2237618
44.5,27,-1.0239698,0,-1.0239698,-1.0239698,-.8833555,0,-.8833555,-.8833555,11.326413,0,11.326413,11.326413,.60849977,0,.60849977,.60849977,-14.857537,0,-14.857537,-14.857537,2.2451384,0,2.2451384,2.2451384
44.6,27,-1.0167096,0,-1.0167096,-1.0167096,-.88995874,0,-.88995874,-.88995874,11.464262,0,11.464262,11.464262,.61475271,0,.61475271,.61475271,-15.019903,0,-15.019903,-15.019903,2.266515,0,2.266515,2.266515
44.7,27,-1.0094504,0,-1.0094504,-1.0094504,-.8965621,0,-.8965621,-.8965621,11.602107,0,11.602107,11.602107,.62100565,0,.62100565,.62100565,-15.182267,0,-15.182267,-15.182267,2.2878916,0,2.2878916,2.2878916
44.8,27,-1.0021921,0,-1.0021921,-1.0021921,-.9031651,0,-.9031651,-.9031651,11.739945,0,11.739945,11.739945,.62725824,0,.62725824,.62725824,-15.344622,0,-15.344622,-15.344622,2.309267,0,2.309267,2.309267
44.9,27,-.99493289,0,-.99493289,-.99493289,-.90976846,0,-.90976846,-.90976846,11.877792,0,11.877792,11.877792,.63351125,0,.63351125,.63351125,-15.506988,0,-15.506988,-15.506988,2.3306439,0,2.3306439,2.3306439
45,27,-.98767269,0,-.98767269,-.98767269,-.9163717,0,-.9163717,-.9163717,12.01564,0,12.01564,12.01564,.63976425,0,.63976425,.63976425,-15.669353,0,-15.669353,-15.669353,2.3520205,0,2.3520205,2.3520205
45.1,27,-.9804129,0,-.9804129,-.9804129,-.92297488,0,-.92297488,-.92297488,12.153486,0,12.153486,12.153486,.64601713,0,.64601713,.64601713,-15.831717,0,-15.831717,-15.831717,2.3733969,0,2.3733969,2.3733969
45.2,27,-.97315317,0,-.97315317,-.97315317,-.9295783,0,-.9295783,-.9295783,12.291336,0,12.291336,12.291336,.6522702,0,.6522702,.6522702,-15.994085,0,-15.994085,-15.994085,2.394774,0,2.394774,2.394774
45.3,27,-.96589512,0,-.96589512,-.96589512,-.93618131,0,-.93618131,-.93618131,12.429173,0,12.429173,12.429173,.65852278,0,.65852278,.65852278,-16.156439,0,-16.156439,-16.156439,2.4161494,0,2.4161494,2.4161494
45.4,27,-.95863521,0,-.95863521,-.95863521,-.94278473,0,-.94278473,-.94278473,12.567023,0,12.567023,12.567023,.66477591,0,.66477591,.66477591,-16.318808,0,-16.318808,-16.318808,2.4375265,0,2.4375265,2.4375265
45.5,27,-.9513756,0,-.9513756,-.9513756,-.94938791,0,-.94938791,-.94938791,12.704868,0,12.704868,12.704868,.67102873,0,.67102873,.67102873,-16.481171,0,-16.481171,-16.481171,2.4589026,0,2.4589026,2.4589026
45.6,27,-.94411582,0,-.94411582,-.94411582,-.95599109,0,-.95599109,-.95599109,12.842714,0,12.842714,12.842714,.67728168,0,.67728168,.67728168,-16.643534,0,-16.643534,-16.643534,2.4802792,0,2.4802792,2.4802792
45.7,27,-.93685609,0,-.93685609,-.93685609,-.96259451,0,-.96259451,-.96259451,12.980563,0,12.980563,12.980563,.68353474,0,.68353474,.68353474,-16.805902,0,-16.805902,-16.805902,2.5016561,0,2.5016561,2.5016561
45.8,27,-.92959803,0,-.92959803,-.92959803,-.96919751,0,-.96919751,-.96919751,13.118401,0,13.118401,13.118401,.68978727,0,.68978727,.68978727,-16.968256,0,-16.968256,-16.968256,2.5230315,0,2.5230315,2.5230315
45.9,27,-.92233831,0,-.92233831,-.92233831,-.97580093,0,-.97580093,-.97580093,13.256249,0,13.256249,13.256249,.69604033,0,.69604033,.69604033,-17.130623,0,-17.130623,-17.130623,2.5444083,0,2.5444083,2.5444083
46,27,-.91507852,0,-.91507852,-.91507852,-.98240411,0,-.98240411,-.98240411,13.394095,0,13.394095,13.394095,.70229328,0,.70229328,.70229328,-17.292988,0,-17.292988,-17.292988,2.5657849,0,2.5657849,2.5657849
46.1,27,-.90781873,0,-.90781873,-.90781873,-.98900729,0,-.98900729,-.98900729,13.531941,0,13.531941,13.531941,.70854616,0,.70854616,.70854616,-17.455351,0,-17.455351,-17.455351,2.5871613,0,2.5871613,2.5871613
46.2,27,-.90055907,0,-.90055907,-.90055907,-.99561071,0,-.99561071,-.99561071,13.669791,0,13.669791,13.669791,.71479923,0,.71479923,.71479923,-17.61772,0,-17.61772,-17.61772,2.6085384,0,2.6085384,2.6085384
46.3,27,-.89330095,0,-.89330095,-.89330095,-1.0022137,0,-1.0022137,-1.0022137,13.807628,0,13.807628,13.807628,.72105181,0,.72105181,.72105181,-17.780073,0,-17.780073,-17.780073,2.6299136,0,2.6299136,2.6299136
46.4,27,-.88604122,0,-.88604122,-.88604122,-1.0088171,0,-1.0088171,-1.0088171,13.945477,0,13.945477,13.945477,.72730488,0,.72730488,.72730488,-17.94244,0,-17.94244,-17.94244,2.6512907,0,2.6512907,2.6512907
46.5,27,-.8787815,0,-.8787815,-.8787815,-1.0154203,0,-1.0154203,-1.0154203,14.083323,0,14.083323,14.083323,.73355776,0,.73355776,.73355776,-18.104805,0,-18.104805,-18.104805,2.672667,0,2.672667,2.672667
46.6,27,-.87152213,0,-.87152213,-.87152213,-1.0220234,0,-1.0220234,-1.0220234,14.221167,0,14.221167,14.221167,.73981059,0,.73981059,.73981059,-18.267166,0,-18.267166,-18.267166,2.6940432,0,2.6940432,2.6940432
46.7,27,-.86426198,0,-.86426198,-.86426198,-1.0286269,0,-1.0286269,-1.0286269,14.359018,0,14.359018,14.359018,.74606377,0,.74606377,.74606377,-18.429537,0,-18.429537,-18.429537,2.7154205,0,2.7154205,2.7154205
46.8,27,-.85700387,0,-.85700387,-.85700387,-1.0352299,0,-1.0352299,-1.0352299,14.496855,0,14.496855,14.496855,.7523163,0,.7523163,.7523163,-18.59189,0,-18.59189,-18.59189,2.7367957,0,2.7367957,2.7367957
46.9,27,-.8497442,0,-.8497442,-.8497442,-1.0418333,0,-1.0418333,-1.0418333,14.634705,0,14.634705,14.634705,.75856936,0,.75856936,.75856936,-18.754257,0,-18.754257,-18.754257,2.7581728,0,2.7581728,2.7581728
47,27,-.84248441,0,-.84248441,-.84248441,-1.0484365,0,-1.0484365,-1.0484365,14.772551,0,14.772551,14.772551,.7648223,0,.7648223,.7648223,-18.916622,0,-18.916622,-18.916622,2.7795491,0,2.7795491,2.7795491
