temp,ref,yhat_low,se_low,lowerci_low,upperci_low,yhat_high,se_high,lowerci_high,upperci_high
40,27,-4.5344286,6.0852399,-16.461281,7.3924227,-24.913179,12.600533,-49.609772,-.21658728
35,27,-1.2596244,1.9553739,-5.0920868,2.5728381,-3.679569,4.970861,-13.422278,6.0631399
30,27,-.13258763,.75263834,-1.6077317,1.3425564,1.2063289,2.1550872,-3.0175645,5.4302225
10,27,.4362691,4.5096083,-8.402401,9.2749395,-9.2339458,12.83136,-34.38295,15.915057
5,27,.56458354,5.8359637,-10.873695,12.002863,-11.949813,16.605289,-44.495583,20.595957
0,27,.69289798,7.1623192,-13.34499,14.730785,-14.665679,20.379219,-54.608215,25.276855
