temp,ref,yhat_low,se_low,lowerci_low,upperci_low,yhat_high,se_high,lowerci_high,upperci_high
45,27,-9.3583822,11.815832,-32.516987,13.800223,-50.83733,23.579229,-97.051765,-4.6228905
40,27,-4.9420691,6.1866221,-17.067625,7.1834874,-25.160551,12.451978,-49.565979,-.75512445
35,27,-1.1996094,1.9725506,-5.0657377,2.6665189,-3.7697392,4.7790313,-13.136469,5.5969906
30,27,-.041081898,.75320059,-1.5173279,1.4351641,1.1862897,2.0513773,-2.8343358,5.2069154
10,27,-.14624535,4.5138779,-8.9932833,8.7007923,-9.1331635,12.22368,-33.091133,14.824807
5,27,-.18925869,5.8414888,-11.638367,11.25985,-11.819388,15.818879,-42.823822,19.185045
0,27,-.23227203,7.1690998,-14.28345,13.818906,-14.505612,19.414078,-52.556507,23.545282
