quantile, MSE (unint), MSE (int)
1,12082.52529111474, 11116.26785243229
2,99375.89054122152, 86506.65153070445
3,404868.256686594, 347605.353192089
4,2329320.544625732, 2224692.602591674
