temp,ref,yhat_low,se_low,lowerci_low,upperci_low,yhat_high,se_high,lowerci_high,upperci_high
45,27,-10.716053,16.946365,-43.930321,22.498213,-59.063316,31.551304,-120.90273,2.7761045
40,27,-3.4259052,9.5205612,-22.085863,15.234053,-21.487139,18.98485,-58.696758,15.722483
35,27,1.7387664,3.8718498,-5.8499198,9.3274527,5.6575928,9.3656139,-12.698673,24.013859
30,27,1.7851038,1.2267309,-.61924464,4.1894522,7.6824789,3.3804185,1.0569806,14.307978
10,27,-17.124971,8.7520037,-34.278584,.028640741,-77.934814,21.900272,-120.85855,-35.011066
5,27,-22.327206,11.399444,-44.669704,.015293573,-101.66895,28.443468,-157.41713,-45.920776
0,27,-27.52944,14.047379,-55.061794,.0029167838,-125.40309,34.987366,-193.97707,-56.829117
