quantile, MSE (unint), MSE (int)
1,12224.642442634, 11114.40276699898
2,102461.7299015498, 85085.31435519463
3,401539.8798891403, 343172.2260559414
4,2231968.149486073, 2191037.647611807
