temp,ref,yhat_comm,se_comm,lowerci_comm,upperci_comm,tmax_rcspl_3kn_t0,tmax_rcspl_3kn_t1,yhat_low,se_low,lowerci_low,upperci_low,yhat_high,se_high,lowerci_high,upperci_high,yhat_marg,se_marg,lowerci_marg,upperci_marg
-20,27,-24.930061,14.345035,-53.045811,3.1856883,-20,0,-2.4749506,13.459548,-28.855179,23.905277,-155.81921,78.004524,-308.70529,-2.9331579,-153.34427,79.283257,-308.7366,2.0480535
-19.9,27,-24.87702,14.314512,-52.932949,3.17891,-19.9,0,-2.4696846,13.43091,-28.793785,23.854416,-155.48769,77.838562,-308.04846,-2.9269171,-153.01801,79.114563,-308.07971,2.0436959
-19.8,27,-24.823977,14.283991,-52.820084,3.172132,-19.799999,0,-2.4644186,13.402272,-28.732391,23.803553,-155.15616,77.672592,-307.39163,-2.9206765,-152.69174,78.945877,-307.42282,2.0393384
-19.7,27,-24.770935,14.25347,-52.707222,3.165354,-19.700001,0,-2.4591529,13.373635,-28.670998,23.752691,-154.82463,77.50663,-306.73483,-2.9144356,-152.36548,78.777191,-306.76593,2.0349808
-19.6,27,-24.717892,14.222949,-52.59436,3.158576,-19.6,0,-2.453887,13.344998,-28.609604,23.70183,-154.4931,77.34066,-306.078,-2.908195,-152.03922,78.608505,-306.10904,2.0306232
-19.5,27,-24.664848,14.192428,-52.481495,3.1517978,-19.5,0,-2.4486213,13.31636,-28.548208,23.650967,-154.16158,77.17469,-305.42117,-2.9019542,-151.71295,78.439812,-305.45215,2.0262656
-19.4,27,-24.611805,14.161906,-52.368633,3.1450198,-19.4,0,-2.4433553,13.287724,-28.486814,23.600103,-153.83003,77.00872,-304.76437,-2.8957133,-151.38669,78.271126,-304.79526,2.021908
-19.3,27,-24.558764,14.131385,-52.255768,3.1382418,-19.299999,0,-2.4380894,13.259086,-28.425421,23.549242,-153.4985,76.842758,-304.10754,-2.8894725,-151.06041,78.10244,-304.1384,2.0175505
-19.2,27,-24.505722,14.100863,-52.142906,3.1314638,-19.200001,0,-2.4328237,13.230449,-28.364027,23.498381,-153.16698,76.676788,-303.45071,-2.8832319,-150.73416,77.933754,-303.48151,2.0131931
-19.1,27,-24.452679,14.070342,-52.030041,3.1246858,-19.1,0,-2.4275577,13.201812,-28.302633,23.447517,-152.83545,76.510826,-302.79391,-2.876991,-150.4079,77.765068,-302.82462,2.0088356
-19,27,-24.399635,14.039821,-51.917179,3.1179075,-19,0,-2.422292,13.173174,-28.24124,23.396654,-152.50392,76.344856,-302.13708,-2.8707504,-150.08162,77.596375,-302.16772,2.004478
-18.9,27,-24.346592,14.009299,-51.804314,3.1111295,-18.9,0,-2.417026,13.144537,-28.179844,23.345793,-152.17238,76.178886,-301.48026,-2.8645096,-149.75536,77.427689,-301.51083,2.0001204
-18.8,27,-24.29355,13.978778,-51.691452,3.1043513,-18.799999,0,-2.4117601,13.115899,-28.11845,23.29493,-151.84085,76.012917,-300.82343,-2.8582687,-149.42909,77.259003,-300.85394,1.9957627
-18.7,27,-24.240507,13.948256,-51.57859,3.0975735,-18.700001,0,-2.4064944,13.087262,-28.057058,23.244068,-151.50932,75.846954,-300.16663,-2.8520281,-149.10283,77.090317,-300.19708,1.9914052
-18.6,27,-24.187466,13.917735,-51.465725,3.0907953,-18.6,0,-2.4012287,13.058625,-27.995663,23.193207,-151.1778,75.680984,-299.5098,-2.8457873,-148.77657,76.921623,-299.54019,1.9870477
-18.5,27,-24.134422,13.887214,-51.352859,3.0840173,-18.5,0,-2.3959627,13.029987,-27.934269,23.142344,-150.84627,75.515022,-298.853,-2.8395464,-148.4503,76.752937,-298.8833,1.9826901
-18.4,27,-24.081379,13.856692,-51.239998,3.0772393,-18.4,0,-2.3906968,13.00135,-27.872875,23.09148,-150.51474,75.349052,-298.19617,-2.8333058,-148.12404,76.584251,-298.22641,1.9783325
-18.3,27,-24.028336,13.826171,-51.127132,3.070461,-18.299999,0,-2.3854311,12.972713,-27.81148,23.040619,-150.1832,75.183083,-297.53934,-2.827065,-147.79778,76.415558,-297.56952,1.9739749
-18.2,27,-23.975294,13.79565,-51.014271,3.063683,-18.200001,0,-2.3801651,12.944076,-27.750088,22.989758,-149.85168,75.01712,-296.88254,-2.8208244,-147.47151,76.246872,-296.91263,1.9696174
-18.1,27,-23.922251,13.765129,-50.901409,3.056905,-18.1,0,-2.3748994,12.915439,-27.688694,22.938894,-149.52014,74.851151,-296.22571,-2.8145835,-147.14525,76.078186,-296.25577,1.9652598
-18,27,-23.869209,13.734607,-50.788544,3.050127,-18,0,-2.3696334,12.886801,-27.627298,22.888033,-149.18861,74.685188,-295.56888,-2.8083427,-146.81898,75.9095,-295.59888,1.9609022
-17.9,27,-23.816166,13.704085,-50.675678,3.0433488,-17.9,0,-2.3643675,12.858164,-27.565905,22.83717,-148.85709,74.519218,-294.91208,-2.8021019,-146.49272,75.740807,-294.94199,1.9565446
-17.8,27,-23.763123,13.673564,-50.562817,3.0365708,-17.799999,0,-2.3591018,12.829526,-27.504511,22.786306,-148.52556,74.353249,-294.25525,-2.7958612,-146.16644,75.572121,-294.2851,1.9521871
-17.7,27,-23.710081,13.643044,-50.449955,3.0297928,-17.700001,0,-2.3538358,12.800889,-27.443117,22.735445,-148.19403,74.187286,-293.59842,-2.7896204,-145.84019,75.403435,-293.6282,1.9478296
-17.6,27,-23.657038,13.612522,-50.33709,3.0230148,-17.6,0,-2.3485701,12.772252,-27.381723,22.684584,-147.86249,74.021317,-292.94162,-2.7833798,-145.51393,75.234749,-292.97131,1.943472
-17.5,27,-23.603994,13.582001,-50.224228,3.0162368,-17.5,0,-2.3433042,12.743614,-27.32033,22.63372,-147.53096,73.855347,-292.28479,-2.7771389,-145.18765,75.066063,-292.31442,1.9391145
-17.4,27,-23.550953,13.551479,-50.111362,3.0094585,-17.4,0,-2.3380382,12.714976,-27.258934,22.582859,-147.19943,73.689384,-291.62796,-2.7708981,-144.86139,74.897369,-291.65753,1.9347569
-17.3,27,-23.49791,13.520958,-49.998501,3.0026805,-17.299999,0,-2.3327725,12.686339,-27.19754,22.531996,-146.8679,73.523415,-290.97113,-2.7646573,-144.53513,74.728683,-291.00064,1.9303993
-17.2,27,-23.444868,13.490437,-49.885639,2.9959025,-17.200001,0,-2.3275065,12.657702,-27.136147,22.481134,-146.53638,73.357452,-290.31433,-2.7584167,-144.20886,74.559998,-290.34378,1.9260418
-17.1,27,-23.391825,13.459915,-49.772774,2.9891245,-17.1,0,-2.3222408,12.629065,-27.074753,22.430271,-146.20485,73.191483,-289.6575,-2.7521758,-143.8826,74.391312,-289.68689,1.9216843
-17,27,-23.338781,13.429394,-49.659908,2.9823463,-17,0,-2.3169749,12.600428,-27.013359,22.37941,-145.87331,73.025513,-289.0007,-2.7459352,-143.55634,74.222618,-289.03,1.9173267
-16.9,27,-23.285738,13.398872,-49.547047,2.9755683,-16.9,0,-2.3117089,12.57179,-26.951965,22.328547,-145.54178,72.859543,-288.34387,-2.7396944,-143.23007,74.053932,-288.37311,1.9129691
-16.8,27,-23.232697,13.368351,-49.434181,2.9687903,-16.799999,0,-2.3064432,12.543153,-26.89057,22.277683,-145.21025,72.693581,-287.68704,-2.7334535,-142.90381,73.885246,-287.71622,1.9086115
-16.7,27,-23.179653,13.33783,-49.32132,2.9620123,-16.700001,0,-2.3011775,12.514516,-26.829178,22.226822,-144.87872,72.527611,-287.03024,-2.7272129,-142.57755,73.71656,-287.05936,1.904254
-16.6,27,-23.126612,13.307308,-49.208458,2.9552341,-16.6,0,-2.2959116,12.485878,-26.767784,22.175961,-144.5472,72.361649,-286.37341,-2.7209721,-142.25128,73.547867,-286.40247,1.8998964
-16.5,27,-23.073568,13.276787,-49.095592,2.948456,-16.5,0,-2.2906456,12.457241,-26.706388,22.125097,-144.21567,72.195679,-285.71658,-2.7147312,-141.92502,73.379181,-285.74557,1.8955388
-16.4,27,-23.020525,13.246265,-48.982727,2.941678,-16.4,0,-2.2853799,12.428603,-26.644995,22.074236,-143.88412,72.029709,-285.05975,-2.7084906,-141.59875,73.210495,-285.08868,1.8911812
-16.3,27,-22.967482,13.215744,-48.869865,2.9348998,-16.299999,0,-2.2801139,12.399966,-26.583601,22.023373,-143.5526,71.863747,-284.40295,-2.7022498,-141.27249,73.041801,-284.43179,1.8868237
-16.2,27,-22.91444,13.185224,-48.757004,2.928122,-16.200001,0,-2.2748482,12.371329,-26.522207,21.972511,-143.22107,71.697777,-283.74612,-2.6960092,-140.94623,72.873123,-283.7749,1.8824662
-16.1,27,-22.861397,13.154701,-48.644138,2.9213438,-16.1,0,-2.2695823,12.342691,-26.460814,21.921648,-142.88954,71.531807,-283.08932,-2.6897683,-140.61996,72.70443,-283.11801,1.8781086
-16,27,-22.808355,13.12418,-48.531277,2.9145658,-16,0,-2.2643163,12.314054,-26.39942,21.870787,-142.55801,71.365845,-282.4325,-2.6835275,-140.29369,72.535744,-282.46115,1.873751
-15.9,27,-22.755312,13.093658,-48.418411,2.9077878,-15.9,0,-2.2590506,12.285417,-26.338024,21.819923,-142.22647,71.199875,-281.77567,-2.6772866,-139.96742,72.367058,-281.80426,1.8693935
-15.8,27,-22.702269,13.063138,-48.30555,2.9010096,-15.8,0,-2.2537847,12.25678,-26.27663,21.769062,-141.89494,71.033913,-281.11887,-2.671046,-139.64116,72.198364,-281.14737,1.8650359
-15.7,27,-22.649227,13.032616,-48.192684,2.8942316,-15.7,0,-2.2485187,12.228142,-26.215237,21.718199,-141.56342,70.867943,-280.46204,-2.6648052,-139.3149,72.029678,-280.49048,1.8606783
-15.6,27,-22.596184,13.002095,-48.079823,2.8874536,-15.6,0,-2.243253,12.199505,-26.153843,21.667337,-141.23189,70.701973,-279.80521,-2.6585646,-138.98863,71.860992,-279.83359,1.8563209
-15.5,27,-22.54314,12.971574,-47.966957,2.8806756,-15.5,0,-2.237987,12.170868,-26.092449,21.616474,-140.90036,70.536011,-279.14841,-2.6523237,-138.66237,71.692307,-279.1767,1.8519633
-15.4,27,-22.490099,12.941052,-47.854095,2.8738973,-15.4,0,-2.2327213,12.14223,-26.031055,21.565613,-140.56883,70.370041,-278.49158,-2.6460829,-138.33611,71.523613,-278.51981,1.8476057
-15.3,27,-22.437056,12.910531,-47.74123,2.8671193,-15.3,0,-2.2274554,12.113593,-25.969662,21.51475,-140.2373,70.204071,-277.83475,-2.6398423,-138.00984,71.354927,-277.86295,1.8432481
-15.2,27,-22.384014,12.88001,-47.628368,2.8603413,-15.2,0,-2.2221897,12.084955,-25.908266,21.463888,-139.90576,70.038109,-277.17792,-2.6336014,-137.68358,71.186241,-277.20605,1.8388906
-15.1,27,-22.330971,12.849488,-47.515507,2.8535633,-15.1,0,-2.2169237,12.056318,-25.846872,21.413025,-139.57423,69.872139,-276.52112,-2.6273606,-137.35732,71.017555,-276.54916,1.834533
-15,27,-22.277927,12.818967,-47.402641,2.8467851,-15,0,-2.2116578,12.02768,-25.785479,21.362164,-139.24271,69.706169,-275.86429,-2.62112,-137.03105,70.848862,-275.89227,1.8301754
-14.9,27,-22.224886,12.788445,-47.289776,2.8400071,-14.9,0,-2.206392,11.999043,-25.724085,21.3113,-138.91118,69.540207,-275.20746,-2.6148791,-136.70479,70.680176,-275.23538,1.8258178
-14.8,27,-22.171843,12.757924,-47.176914,2.8332291,-14.8,0,-2.2011261,11.970407,-25.662691,21.260439,-138.57965,69.374237,-274.55066,-2.6086383,-136.37852,70.51149,-274.57849,1.8214604
-14.7,27,-22.118799,12.727403,-47.064049,2.8264511,-14.7,0,-2.1958604,11.941769,-25.601297,21.209576,-138.24812,69.208267,-273.89383,-2.6023977,-136.05226,70.342804,-273.9216,1.8171028
-14.6,27,-22.065758,12.696881,-46.951187,2.8196731,-14.6,0,-2.1905944,11.913132,-25.539904,21.158714,-137.91658,69.042305,-273.23703,-2.5961568,-135.726,70.174118,-273.26474,1.8127452
-14.5,27,-22.012714,12.66636,-46.838326,2.8128948,-14.5,0,-2.1853287,11.884494,-25.47851,21.107851,-137.58505,68.876335,-272.5802,-2.589916,-135.39973,70.005424,-272.60785,1.8083876
-14.4,27,-21.959671,12.635839,-46.72546,2.8061168,-14.4,0,-2.1800628,11.855857,-25.417114,21.05699,-137.25352,68.710373,-271.92337,-2.5836754,-135.07346,69.836739,-271.95096,1.8040301
-14.3,27,-21.90663,12.605317,-46.612598,2.7993388,-14.3,0,-2.1747968,11.82722,-25.355721,21.006126,-136.922,68.544403,-271.26657,-2.5774345,-134.74719,69.668053,-271.29407,1.7996725
-14.2,27,-21.853586,12.574796,-46.499733,2.7925606,-14.2,0,-2.1695311,11.798582,-25.294327,20.955265,-136.59047,68.378433,-270.60974,-2.5711937,-134.42093,69.499359,-270.63718,1.7953149
-14.1,27,-21.800545,12.544274,-46.386871,2.7857826,-14.1,0,-2.1642652,11.769945,-25.232933,20.904404,-136.25894,68.212471,-269.95291,-2.5649531,-134.09467,69.330673,-269.98029,1.7909575
-14,27,-21.747501,12.513753,-46.274006,2.7790046,-14,0,-2.1589994,11.741307,-25.171539,20.85354,-135.9274,68.046501,-269.29608,-2.5587122,-133.7684,69.161987,-269.32343,1.7865999
-13.9,27,-21.694458,12.483232,-46.161144,2.7722266,-13.9,0,-2.1537335,11.71267,-25.110146,20.802677,-135.59587,67.880531,-268.63928,-2.5524714,-133.44214,68.993301,-268.66653,1.7822423
-13.8,27,-21.641417,12.45271,-46.048279,2.7654486,-13.8,0,-2.1484675,11.684032,-25.048752,20.751816,-135.26434,67.714569,-267.98245,-2.5462308,-133.11588,68.824615,-268.00964,1.7778847
-13.7,27,-21.588373,12.422189,-45.935417,2.7586703,-13.7,0,-2.1432018,11.655396,-24.987356,20.700953,-134.93282,67.548599,-267.32562,-2.5399899,-132.78961,68.655922,-267.35275,1.7735271
-13.6,27,-21.53533,12.391668,-45.822552,2.7518923,-13.6,0,-2.1379359,11.626759,-24.925962,20.650091,-134.60129,67.382637,-266.66882,-2.5337493,-132.46335,68.487236,-266.69586,1.7691696
-13.5,27,-21.482288,12.361147,-45.70969,2.7451143,-13.5,0,-2.1326702,11.598121,-24.864569,20.59923,-134.26976,67.216667,-266.01199,-2.5275085,-132.13708,68.31855,-266.03897,1.764812
-13.4,27,-21.429245,12.330625,-45.596825,2.7383361,-13.4,0,-2.1274042,11.569484,-24.803175,20.548367,-133.93822,67.050697,-265.35516,-2.5212677,-131.81082,68.149864,-265.38208,1.7604544
-13.3,27,-21.376202,12.300104,-45.483963,2.7315581,-13.3,0,-2.1221385,11.540846,-24.741781,20.497505,-133.60669,66.884735,-264.69836,-2.515027,-131.48456,67.981171,-264.72522,1.756097
-13.2,27,-21.32316,12.269583,-45.371098,2.7247801,-13.2,0,-2.1168725,11.512209,-24.680387,20.446642,-133.27516,66.718765,-264.04153,-2.5087862,-131.15829,67.812485,-264.06833,1.7517394
-13.1,27,-21.270117,12.239061,-45.258236,2.7180021,-13.1,0,-2.1116066,11.483571,-24.618994,20.395781,-132.94363,66.552795,-263.38474,-2.5025454,-130.83203,67.643799,-263.41144,1.7473818
-13,27,-21.217073,12.20854,-45.145374,2.7112241,-13,0,-2.1063409,11.454934,-24.557598,20.344917,-132.61211,66.386833,-262.72791,-2.4963048,-130.50577,67.475113,-262.75455,1.7430242
-12.9,27,-21.164032,12.178019,-45.032509,2.7044458,-12.9,0,-2.1010749,11.426296,-24.496204,20.294054,-132.28056,66.220863,-262.07108,-2.4900639,-130.17949,67.306419,-262.09766,1.7386667
-12.8,27,-21.110989,12.147497,-44.919647,2.6976678,-12.8,0,-2.0958092,11.397659,-24.434811,20.243193,-131.94904,66.054893,-261.41428,-2.4838231,-129.85323,67.137733,-261.44077,1.7343091
-12.7,27,-21.057945,12.116976,-44.806782,2.6908898,-12.7,0,-2.0905433,11.369022,-24.373417,20.192331,-131.61751,65.888931,-260.75745,-2.4775825,-129.52696,66.969048,-260.78387,1.7299515
-12.6,27,-21.004904,12.086454,-44.69392,2.6841118,-12.6,0,-2.0852773,11.340384,-24.312023,20.141468,-131.28598,65.722961,-260.10062,-2.4713416,-129.2007,66.800362,-260.12701,1.725594
-12.5,27,-20.95186,12.055933,-44.581055,2.6773336,-12.5,0,-2.0800116,11.311748,-24.250629,20.090607,-130.95445,65.556992,-259.44379,-2.4651008,-128.87444,66.631668,-259.47012,1.7212365
-12.4,27,-20.898817,12.025412,-44.468193,2.6705556,-12.4,0,-2.0747457,11.28311,-24.189236,20.039743,-130.62292,65.391029,-258.78699,-2.4588602,-128.54817,66.462982,-258.81323,1.7168789
-12.3,27,-20.845776,11.99489,-44.355328,2.6637776,-12.3,0,-2.0694799,11.254473,-24.127842,19.988882,-130.2914,65.22506,-258.13016,-2.4526193,-128.22191,66.294296,-258.15634,1.7125213
-12.2,27,-20.792732,11.964369,-44.242466,2.6569996,-12.2,0,-2.064214,11.225836,-24.066446,19.938019,-129.95985,65.059097,-257.47333,-2.4463785,-127.89565,66.12561,-257.49945,1.7081637
-12.1,27,-20.739691,11.933847,-44.129601,2.6502213,-12.1,0,-2.0589483,11.197198,-24.005053,19.887157,-129.62833,64.893127,-256.81653,-2.4401379,-127.56938,65.956917,-256.84256,1.7038062
-12,27,-20.686647,11.903326,-44.016739,2.6434433,-12,0,-2.0536823,11.168561,-23.943659,19.836294,-129.2968,64.727158,-256.1597,-2.433897,-127.24312,65.788231,-256.18567,1.6994486
-11.9,27,-20.633604,11.872805,-43.903873,2.6366653,-11.9,0,-2.0484164,11.139923,-23.882265,19.785433,-128.96527,64.561195,-255.50288,-2.4276562,-126.91685,65.619545,-255.52879,1.695091
-11.8,27,-20.580563,11.842283,-43.791012,2.6298873,-11.8,0,-2.0431507,11.111286,-23.820871,19.73457,-128.63374,64.395226,-254.84607,-2.4214156,-126.59059,65.450859,-254.87192,1.6907336
-11.7,27,-20.527519,11.811762,-43.678146,2.6231091,-11.7,0,-2.0378847,11.082648,-23.759478,19.683708,-128.30222,64.229256,-254.18924,-2.4151747,-126.26432,65.282166,-254.21503,1.686376
-11.6,27,-20.474478,11.781241,-43.565285,2.6163311,-11.6,0,-2.032619,11.054011,-23.698084,19.632845,-127.97068,64.063293,-253.53242,-2.4089341,-125.93806,65.11348,-253.55814,1.6820184
-11.5,27,-20.421434,11.750719,-43.452419,2.6095531,-11.5,0,-2.027353,11.025374,-23.636688,19.581984,-127.63914,63.897324,-252.87561,-2.4026933,-125.61179,64.944794,-252.90125,1.6776608
-11.4,27,-20.368391,11.720198,-43.339558,2.6027751,-11.4,0,-2.0220871,10.996737,-23.575294,19.53112,-127.30762,63.731358,-252.21878,-2.3964524,-125.28553,64.776108,-252.24437,1.6733032
-11.3,27,-20.31535,11.689677,-43.226696,2.5959969,-11.3,0,-2.0168214,10.9681,-23.513901,19.480259,-126.97609,63.565392,-251.56197,-2.3902118,-124.95927,64.607422,-251.58748,1.6689457
-11.2,27,-20.262306,11.659156,-43.113831,2.5892189,-11.2,0,-2.0115554,10.939462,-23.452507,19.429396,-126.64455,63.399422,-250.90514,-2.383971,-124.633,64.438728,-250.93059,1.6645881
-11.1,27,-20.209263,11.628634,-43.000969,2.5824409,-11.1,0,-2.0062897,10.910825,-23.391113,19.378534,-126.31303,63.233456,-250.24832,-2.3777301,-124.30674,64.270042,-250.27371,1.6602306
-11,27,-20.156221,11.598113,-42.888103,2.5756629,-11,0,-2.0010238,10.882188,-23.32972,19.327671,-125.9815,63.06749,-249.59151,-2.3714895,-123.98048,64.101357,-249.61682,1.6558731
-10.9,27,-20.103178,11.567592,-42.775238,2.5688846,-10.9,0,-1.9957579,10.85355,-23.268326,19.27681,-125.64996,62.90152,-248.93468,-2.3652487,-123.65421,63.932667,-248.95993,1.6515155
-10.8,27,-20.050135,11.53707,-42.662376,2.5621066,-10.8,0,-1.9904921,10.824913,-23.206932,19.225946,-125.31844,62.735554,-248.27786,-2.3590078,-123.32794,63.763981,-248.30305,1.6471579
-10.7,27,-19.997093,11.506549,-42.549515,2.5553286,-10.7,0,-1.9852263,10.796275,-23.145536,19.175085,-124.98691,62.569588,-247.62105,-2.3527672,-123.00168,63.595291,-247.64616,1.6428003
-10.6,27,-19.94405,11.476027,-42.436649,2.5485506,-10.6,0,-1.9799604,10.767638,-23.084143,19.124222,-124.65538,62.403622,-246.96423,-2.3465264,-122.67542,63.426605,-246.98927,1.6384428
-10.5,27,-19.891006,11.445506,-42.323788,2.5417724,-10.5,0,-1.9746945,10.739,-23.022749,19.07336,-124.32384,62.237656,-246.3074,-2.3402855,-122.34915,63.257915,-246.33238,1.6340852
-10.4,27,-19.837965,11.414985,-42.210922,2.5349944,-10.4,0,-1.9694287,10.710363,-22.961355,19.022497,-123.99232,62.071686,-245.65059,-2.3340449,-122.02289,63.089226,-245.67549,1.6297276
-10.3,27,-19.784922,11.384463,-42.098061,2.5282164,-10.3,0,-1.9641628,10.681726,-22.899961,18.971636,-123.66078,61.90572,-244.99377,-2.3278041,-121.69662,62.92054,-245.01862,1.6253701
-10.2,27,-19.731878,11.353942,-41.985195,2.5214384,-10.2,0,-1.958897,10.653089,-22.838568,18.920773,-123.32925,61.739754,-244.33694,-2.3215632,-121.37035,62.75185,-244.36172,1.6210126
-10.1,27,-19.678837,11.323421,-41.872334,2.5146604,-10.1,0,-1.9536312,10.624452,-22.777174,18.869911,-122.99773,61.573788,-243.68013,-2.3153226,-121.0441,62.583164,-243.70485,1.616655
-10,27,-19.625793,11.292899,-41.759468,2.5078821,-10,0,-1.9483652,10.595814,-22.715778,18.819048,-122.66619,61.407818,-243.0233,-2.3090818,-120.71783,62.414478,-243.04796,1.6122974
-9.9,27,-19.57275,11.262378,-41.646606,2.5011041,-9.8999996,0,-1.9430994,10.567177,-22.654385,18.768187,-122.33466,61.241852,-242.36649,-2.3028409,-120.39156,62.245789,-242.39107,1.6079398
-9.800000000000001,27,-19.519709,11.231856,-41.533741,2.4943261,-9.8000002,0,-1.9378335,10.538539,-22.592991,18.717323,-122.00314,61.075886,-241.70967,-2.2966003,-120.0653,62.077103,-241.73418,1.6035823
-9.699999999999999,27,-19.466665,11.201335,-41.420879,2.4875479,-9.6999998,0,-1.9325677,10.509902,-22.531597,18.666462,-121.6716,60.909916,-241.05284,-2.2903595,-119.73904,61.908413,-241.0773,1.5992247
-9.6,27,-19.413624,11.170814,-41.308018,2.4807699,-9.6000004,0,-1.9273019,10.481265,-22.470203,18.615599,-121.34007,60.74395,-240.39603,-2.2841189,-119.41277,61.739727,-240.42041,1.5948672
-9.5,27,-19.36058,11.140292,-41.195152,2.4739919,-9.5,0,-1.9220361,10.452627,-22.40881,18.564737,-121.00854,60.577984,-239.73921,-2.277878,-119.08651,61.571037,-239.76352,1.5905097
-9.4,27,-19.307537,11.109771,-41.082287,2.4672139,-9.3999996,0,-1.9167701,10.42399,-22.347414,18.513874,-120.67701,60.412014,-239.08238,-2.2716372,-118.76024,61.402348,-239.10663,1.5861521
-9.300000000000001,27,-19.254496,11.07925,-40.969425,2.4604359,-9.3000002,0,-1.9115043,10.395352,-22.286022,18.463013,-120.34548,60.246048,-238.42557,-2.2653966,-118.43398,61.233662,-238.44975,1.5817945
-9.199999999999999,27,-19.201452,11.048728,-40.856564,2.4536576,-9.1999998,0,-1.9062384,10.366715,-22.224627,18.412149,-120.01395,60.080082,-237.76875,-2.2591558,-118.10771,61.064976,-237.79286,1.5774369
-9.1,27,-19.148409,11.018208,-40.743698,2.4468796,-9.1000004,0,-1.9009726,10.338078,-22.163233,18.361288,-119.68243,59.914116,-237.11194,-2.2529149,-117.78145,60.896286,-237.13599,1.5730793
-9,27,-19.095367,10.987686,-40.630836,2.4401016,-9,0,-1.8957068,10.309441,-22.101839,18.310425,-119.35089,59.748146,-236.45511,-2.2466741,-117.45518,60.7276,-236.4791,1.5687218
-8.9,27,-19.042324,10.957165,-40.517971,2.4333234,-8.8999996,0,-1.8904408,10.280804,-22.040445,18.259563,-119.01936,59.58218,-235.79829,-2.2404335,-117.12892,60.55891,-235.8222,1.5643642
-8.800000000000001,27,-18.989281,10.926643,-40.405109,2.4265454,-8.8000002,0,-1.885175,10.252166,-21.979052,18.208702,-118.68783,59.416214,-235.14146,-2.2341926,-116.80266,60.390224,-235.16531,1.5600067
-8.699999999999999,27,-18.936239,10.896122,-40.292244,2.4197674,-8.6999998,0,-1.8799092,10.223529,-21.917658,18.157839,-118.3563,59.250248,-234.48465,-2.2279518,-116.47639,60.221535,-234.50844,1.5556492
-8.6,27,-18.883196,10.865601,-40.179382,2.4129894,-8.6000004,0,-1.8746433,10.194891,-21.856264,18.106977,-118.02477,59.084278,-233.82784,-2.2217112,-116.15013,60.052849,-233.85155,1.5512916
-8.5,27,-18.830153,10.835079,-40.066517,2.4062114,-8.5,0,-1.8693775,10.166254,-21.794868,18.056114,-117.69324,58.918312,-233.17101,-2.2154703,-115.82386,59.884159,-233.19466,1.546934
-8.4,27,-18.777111,10.804558,-39.953655,2.3994331,-8.3999996,0,-1.8641117,10.137616,-21.733475,18.005251,-117.36171,58.752346,-232.51419,-2.2092295,-115.4976,59.715473,-232.53777,1.5425764
-8.300000000000001,27,-18.724068,10.774036,-39.84079,2.3926551,-8.3000002,0,-1.8588458,10.108979,-21.672081,17.95439,-117.03018,58.58638,-231.85738,-2.2029889,-115.17133,59.546783,-231.88089,1.5382189
-8.199999999999999,27,-18.671024,10.743515,-39.727928,2.3858771,-8.1999998,0,-1.8535799,10.080342,-21.610687,17.903526,-116.69865,58.42041,-231.20055,-2.196748,-114.84507,59.378098,-231.224,1.5338613
-8.1,27,-18.617983,10.712994,-39.615067,2.3790991,-8.1000004,0,-1.848314,10.051704,-21.549294,17.852665,-116.36712,58.254444,-230.54373,-2.1905074,-114.51881,59.209408,-230.56712,1.5295038
-8,27,-18.564939,10.682472,-39.502201,2.3723209,-8,0,-1.8430482,10.023067,-21.4879,17.801804,-116.03559,58.088478,-229.88692,-2.1842666,-114.19254,59.040722,-229.91023,1.5251462
-7.9,27,-18.511898,10.651951,-39.389336,2.3655429,-7.9000001,0,-1.8377824,9.9944296,-21.426506,17.75094,-115.70406,57.922508,-229.23009,-2.1780257,-113.86628,58.872032,-229.25334,1.5207887
-7.8,27,-18.458855,10.621429,-39.276474,2.3587649,-7.8000002,0,-1.8325166,9.9657927,-21.36511,17.700079,-115.37253,57.756542,-228.57327,-2.1717851,-113.54002,58.703346,-228.59645,1.5164311
-7.7,27,-18.405811,10.590908,-39.163609,2.3519869,-7.6999998,0,-1.8272506,9.9371557,-21.303717,17.649216,-115.041,57.590576,-227.91646,-2.1655443,-113.21375,58.534657,-227.93958,1.5120735
-7.6,27,-18.35277,10.560387,-39.050747,2.3452086,-7.5999999,0,-1.8219848,9.9085178,-21.242323,17.598354,-114.70947,57.42461,-227.25963,-2.1593034,-112.88748,58.365971,-227.28268,1.5077159
-7.5,27,-18.299726,10.529865,-38.937885,2.3384306,-7.5,0,-1.8167189,9.8798809,-21.180929,17.547491,-114.37794,57.25864,-226.60281,-2.1530628,-112.56122,58.197281,-226.62579,1.5033584
-7.4,27,-18.246683,10.499344,-38.82502,2.3316526,-7.4000001,0,-1.8114531,9.851243,-21.119535,17.49663,-114.04641,57.092674,-225.946,-2.146822,-112.23495,58.028595,-225.96892,1.4990008
-7.3,27,-18.193642,10.468822,-38.712158,2.3248746,-7.3000002,0,-1.8061873,9.8226061,-21.058142,17.445766,-113.71487,56.926708,-225.28917,-2.1405811,-111.90869,57.859905,-225.31203,1.4946433
-7.2,27,-18.140598,10.438301,-38.599293,2.3180964,-7.1999998,0,-1.8009214,9.7939682,-20.996748,17.394905,-113.38335,56.760738,-224.63235,-2.1343405,-111.58243,57.691219,-224.65514,1.4902858
-7.1,27,-18.087555,10.40778,-38.486431,2.3113184,-7.0999999,0,-1.7956556,9.7653313,-20.935352,17.344042,-113.05182,56.594772,-223.97554,-2.1280997,-111.25616,57.52253,-223.99825,1.4859282
-7,27,-18.034513,10.377258,-38.373566,2.3045404,-7,0,-1.7903897,9.7366943,-20.873959,17.29318,-112.72028,56.428806,-223.31871,-2.1218588,-110.92989,57.353844,-223.34137,1.4815706
-6.9,27,-17.98147,10.346738,-38.260704,2.2977624,-6.9000001,0,-1.7851238,9.7080564,-20.812565,17.242317,-112.38876,56.26284,-222.6619,-2.1156182,-110.60363,57.185154,-222.68448,1.477213
-6.8,27,-17.928429,10.316216,-38.147839,2.2909842,-6.8000002,0,-1.779858,9.6794195,-20.751171,17.191456,-112.05723,56.09687,-222.00508,-2.1093774,-110.27737,57.016468,-222.02759,1.4728554
-6.7,27,-17.875385,10.285695,-38.034977,2.2842062,-6.6999998,0,-1.7745922,9.6507816,-20.689777,17.140593,-111.72569,55.930904,-221.34825,-2.1031365,-109.9511,56.847778,-221.3707,1.4684979
-6.6,27,-17.822342,10.255174,-37.922112,2.2774282,-6.5999999,0,-1.7693263,9.6221447,-20.628384,17.089731,-111.39417,55.764938,-220.69144,-2.0968959,-109.62484,56.679092,-220.71382,1.4641403
-6.5,27,-17.7693,10.224652,-37.80925,2.2706501,-6.5,0,-1.7640605,9.5935078,-20.56699,17.038868,-111.06264,55.598972,-220.03462,-2.0906551,-109.29858,56.510403,-220.05693,1.4597828
-6.4,27,-17.716257,10.194131,-37.696384,2.2638719,-6.4000001,0,-1.7587945,9.5648699,-20.505596,16.988007,-110.7311,55.433002,-219.37779,-2.0844145,-108.97231,56.341717,-219.40004,1.4554253
-6.3,27,-17.663214,10.16361,-37.583523,2.2570939,-6.3000002,0,-1.7535287,9.5362329,-20.444201,16.937143,-110.39957,55.267036,-218.72098,-2.0781736,-108.64605,56.173031,-218.74316,1.4510677
-6.2,27,-17.610172,10.133088,-37.470657,2.2503159,-6.1999998,0,-1.7482629,9.5075951,-20.382807,16.886282,-110.06805,55.10107,-218.06415,-2.0719328,-108.31978,56.004341,-218.08627,1.4467101
-6.1,27,-17.557129,10.102567,-37.357796,2.2435379,-6.0999999,0,-1.7429971,9.4789581,-20.321413,16.835419,-109.73651,54.935101,-217.40733,-2.0656922,-107.99352,55.835651,-217.42938,1.4423525
-6,27,-17.504086,10.072045,-37.244934,2.2367597,-6,0,-1.7377312,9.4503202,-20.260019,16.784557,-109.40498,54.769135,-216.75052,-2.0594513,-107.66725,55.666965,-216.77251,1.437995
-5.9,27,-17.451044,10.041524,-37.132069,2.2299817,-5.9000001,0,-1.7324654,9.4216833,-20.198626,16.733694,-109.07346,54.603168,-216.0937,-2.0532105,-107.34099,55.49828,-216.11562,1.4336374
-5.8,27,-17.398001,10.011003,-37.019207,2.2232037,-5.8000002,0,-1.7271994,9.3930464,-20.137232,16.682833,-108.74192,54.437202,-215.43687,-2.0469699,-107.01472,55.32959,-215.45872,1.4292799
-5.7,27,-17.344957,9.9804811,-36.906342,2.2164257,-5.6999998,0,-1.7219336,9.3644085,-20.075836,16.631969,-108.41039,54.271233,-214.78006,-2.040729,-106.68846,55.160904,-214.80183,1.4249223
-5.6,27,-17.291916,9.9499598,-36.79348,2.2096474,-5.5999999,0,-1.7166678,9.3357716,-20.014442,16.581108,-108.07887,54.105267,-214.12323,-2.0344882,-106.3622,54.992214,-214.14496,1.4205648
-5.5,27,-17.238873,9.9194384,-36.680614,2.2028694,-5.5,0,-1.7114019,9.3071337,-19.953049,16.530245,-107.74733,53.939301,-213.46642,-2.0282476,-106.03593,54.823528,-213.48807,1.4162072
-5.4,27,-17.185831,9.888917,-36.567753,2.1960914,-5.4000001,0,-1.7061361,9.2784967,-19.891655,16.479383,-107.4158,53.773335,-212.8096,-2.0220068,-105.70966,54.654839,-212.83118,1.4118496
-5.3,27,-17.132788,9.8583956,-36.454887,2.1893134,-5.3000002,0,-1.7008703,9.2498589,-19.830261,16.42852,-107.08427,53.607365,-212.15279,-2.0157659,-105.3834,54.486153,-212.1743,1.407492
-5.2,27,-17.079744,9.8278742,-36.342026,2.1825352,-5.1999998,0,-1.6956043,9.2212219,-19.768867,16.377659,-106.75274,53.441399,-211.49596,-2.0095253,-105.05714,54.317463,-211.51741,1.4031345
-5.1,27,-17.026703,9.7973528,-36.22916,2.1757572,-5.0999999,0,-1.6903385,9.192585,-19.707474,16.326796,-106.42121,53.275433,-210.83914,-2.0032845,-104.73087,54.148777,-210.86052,1.3987769
-5,27,-16.97366,9.7668314,-36.116299,2.1689792,-5,0,-1.6850727,9.1639471,-19.64608,16.275934,-106.08968,53.109463,-210.18231,-1.9970437,-104.40461,53.980087,-210.20364,1.3944194
-4.9,27,-16.920616,9.73631,-36.003433,2.1622012,-4.9000001,0,-1.6798068,9.1353102,-19.584684,16.225071,-105.75815,52.943497,-209.5255,-1.990803,-104.07835,53.811401,-209.54675,1.3900619
-4.8,27,-16.867575,9.7057896,-35.890572,2.1554232,-4.8000002,0,-1.674541,9.1066723,-19.523291,16.17421,-105.42662,52.777531,-208.86868,-1.9845622,-103.75208,53.642712,-208.88986,1.3857043
-4.7,27,-16.814531,9.6752672,-35.777706,2.1486449,-4.6999998,0,-1.669275,9.0780354,-19.461897,16.123346,-105.09509,52.611565,-208.21185,-1.9783214,-103.42581,53.474026,-208.23297,1.3813467
-4.6,27,-16.761488,9.6447468,-35.664845,2.1418669,-4.5999999,0,-1.6640092,9.0493975,-19.400503,16.072485,-104.76356,52.445595,-207.55504,-1.9720807,-103.09955,53.305336,-207.5761,1.3769891
-4.5,27,-16.708447,9.6142254,-35.551979,2.1350889,-4.5,0,-1.6587434,9.0207605,-19.339109,16.021622,-104.43203,52.279629,-206.89822,-1.9658399,-102.77328,53.13665,-206.9192,1.3726315
-4.4,27,-16.655403,9.583704,-35.439117,2.1283109,-4.4000001,0,-1.6534775,8.9921236,-19.277716,15.97076,-104.1005,52.113663,-206.24139,-1.9595991,-102.44702,52.96796,-206.26231,1.368274
-4.3,27,-16.60236,9.5531826,-35.326256,2.1215327,-4.3000002,0,-1.6482117,8.9634857,-19.216322,15.919898,-103.76897,51.947697,-205.58458,-1.9533584,-102.12076,52.799274,-205.60544,1.3639165
-4.2,27,-16.549318,9.5226612,-35.21339,2.1147547,-4.1999998,0,-1.6429459,8.9348488,-19.154926,15.869036,-103.43744,51.781727,-204.92776,-1.9471176,-101.79449,52.630585,-204.94855,1.3595589
-4.1,27,-16.496275,9.4921398,-35.100529,2.1079767,-4.0999999,0,-1.6376799,8.9062109,-19.093533,15.818173,-103.10591,51.615761,-204.27094,-1.9408768,-101.46823,52.461899,-204.29166,1.3552014
-4,27,-16.443232,9.4616184,-34.987663,2.1011987,-4,0,-1.6324141,8.877574,-19.032139,15.767311,-102.77438,51.449795,-203.61412,-1.9346361,-101.14197,52.293209,-203.63478,1.3508438
-3.9,27,-16.39019,9.431097,-34.874802,2.0944204,-3.9000001,0,-1.6271483,8.848937,-18.970745,15.716449,-102.44285,51.283829,-202.95731,-1.9283954,-100.8157,52.124523,-202.97789,1.3464862
-3.8,27,-16.337147,9.4005756,-34.761936,2.0876424,-3.8,0,-1.6218824,8.8202991,-18.909351,15.665586,-102.11132,51.117859,-202.30048,-1.9221545,-100.48943,51.955833,-202.321,1.3421286
-3.7,27,-16.284105,9.3700542,-34.649075,2.0808644,-3.7,0,-1.6166166,8.7916622,-18.847958,15.614724,-101.77979,50.951893,-201.64366,-1.9159138,-100.16317,51.787148,-201.66411,1.3377711
-3.6,27,-16.231062,9.3395329,-34.536209,2.0740864,-3.5999999,0,-1.6113508,8.7630243,-18.786564,15.563862,-101.44826,50.785927,-200.98685,-1.9096731,-99.836906,51.618458,-201.00723,1.3334135
-3.5,27,-16.178019,9.3090115,-34.423347,2.0673082,-3.5,0,-1.6060848,8.7343874,-18.72517,15.513,-101.11673,50.619957,-200.33002,-1.9034323,-99.510643,51.449772,-200.35034,1.329056
-3.4,27,-16.124977,9.2784901,-34.310482,2.0605302,-3.4000001,0,-1.600819,8.7057495,-18.663774,15.462137,-100.78519,50.453991,-199.6732,-1.8971915,-99.18438,51.281082,-199.69345,1.3246984
-3.3,27,-16.071934,9.2479687,-34.19762,2.0537522,-3.3,0,-1.5955532,8.6771126,-18.602381,15.411275,-100.45367,50.288025,-199.01639,-1.8909508,-98.858116,51.112396,-199.03658,1.3203409
-3.2,27,-16.01889,9.2174473,-34.084755,2.0469742,-3.2,0,-1.5902873,8.6484756,-18.540987,15.360413,-100.12214,50.122059,-198.35956,-1.88471,-98.531853,50.943707,-198.37968,1.3159833
-3.1,27,-15.965848,9.1869259,-33.971893,2.0401959,-3.0999999,0,-1.5850215,8.6198378,-18.479593,15.30955,-99.790604,49.956089,-197.70274,-1.8784692,-98.205582,50.775021,-197.72279,1.3116257
-3,27,-15.912806,9.1564045,-33.859028,2.0334179,-3,0,-1.5797557,8.5912008,-18.4182,15.258688,-99.459076,49.790123,-197.04593,-1.8722285,-97.879318,50.606331,-197.0659,1.3072681
-2.9,27,-15.859763,9.1258831,-33.746166,2.0266399,-2.9000001,0,-1.5744898,8.5625629,-18.356806,15.207826,-99.127548,49.624157,-196.3891,-1.8659878,-97.553055,50.437645,-196.40903,1.3029106
-2.8,27,-15.806721,9.0953617,-33.633301,2.0198619,-2.8,0,-1.5692239,8.533926,-18.295412,15.156963,-98.796013,49.458187,-195.73228,-1.8597469,-97.226791,50.268955,-195.75214,1.2985531
-2.7,27,-15.753677,9.0648403,-33.520439,2.0130837,-2.7,0,-1.563958,8.5052881,-18.234016,15.106101,-98.464485,49.292221,-195.07547,-1.8535062,-96.900528,50.100269,-195.09525,1.2941955
-2.6,27,-15.700635,9.0343189,-33.407574,2.0063057,-2.5999999,0,-1.5586922,8.4766512,-18.172623,15.055239,-98.132957,49.126255,-194.41864,-1.8472655,-96.574265,49.93158,-194.43837,1.289838
-2.5,27,-15.647593,9.0037985,-33.294712,1.9995277,-2.5,0,-1.5534264,8.4480143,-18.111229,15.004376,-97.801422,48.960289,-193.76183,-1.8410246,-96.248001,49.762894,-193.78148,1.2854804
-2.4,27,-15.594549,8.9732771,-33.18185,1.9927496,-2.4000001,0,-1.5481606,8.4193764,-18.049835,14.953514,-97.469894,48.794319,-193.10501,-1.8347839,-95.921738,49.594208,-193.12459,1.2811228
-2.3,27,-15.541507,8.9427557,-33.068985,1.9859716,-2.3,0,-1.5428946,8.3907394,-17.988441,14.902652,-97.138367,48.628353,-192.44818,-1.8285432,-95.595467,49.425518,-192.46771,1.2767652
-2.2,27,-15.488464,8.9122343,-32.956123,1.9791934,-2.2,0,-1.5376288,8.3621016,-17.927048,14.851789,-96.806831,48.462387,-191.79137,-1.8223023,-95.269203,49.256832,-191.81082,1.2724077
-2.1,27,-15.435421,8.8817129,-32.843258,1.9724154,-2.0999999,0,-1.5323629,8.3334646,-17.865654,14.800927,-96.475304,48.296421,-191.13455,-1.8160616,-94.94294,49.088142,-191.15393,1.2680501
-2,27,-15.382379,8.8511915,-32.730396,1.9656373,-2,0,-1.5270971,8.3048267,-17.80426,14.750065,-96.143776,48.130451,-190.47772,-1.8098209,-94.616676,48.919456,-190.49704,1.2636926
-1.9,27,-15.329336,8.8206701,-32.617531,1.9588593,-1.9,0,-1.5218313,8.2761898,-17.742865,14.699203,-95.812241,47.964485,-189.82091,-1.80358,-94.290413,48.750767,-189.84016,1.259335
-1.8,27,-15.276294,8.7901487,-32.504669,1.9520812,-1.8,0,-1.5165654,8.2475529,-17.681471,14.64834,-95.480713,47.798519,-189.16409,-1.7973393,-93.964149,48.582081,-189.18327,1.2549775
-1.7,27,-15.22325,8.7596273,-32.391804,1.9453032,-1.7,0,-1.5112995,8.218915,-17.620077,14.597478,-95.149185,47.632549,-188.50726,-1.7910986,-93.637886,48.413391,-188.52638,1.2506199
-1.6,27,-15.170208,8.7291059,-32.278942,1.9385251,-1.6,0,-1.5060337,8.1902781,-17.558683,14.546616,-94.81765,47.466583,-187.85045,-1.7848579,-93.311623,48.244705,-187.86951,1.2462623
-1.5,27,-15.117166,8.6985846,-32.166077,1.9317471,-1.5,0,-1.5007678,8.1616402,-17.49729,14.495753,-94.486122,47.300617,-187.19363,-1.778617,-92.985352,48.076015,-187.21262,1.2419047
-1.4,27,-15.064123,8.6680632,-32.053215,1.924969,-1.4,0,-1.495502,8.1330032,-17.435896,14.444891,-94.154594,47.134651,-186.5368,-1.7723763,-92.659088,47.90733,-186.55573,1.2375472
-1.3,27,-15.01108,8.6375418,-31.940351,1.918191,-1.3,0,-1.4902362,8.1043663,-17.374502,14.394029,-93.823059,46.968681,-185.87999,-1.7661356,-92.332825,47.73864,-185.89883,1.2331897
-1.2,27,-14.958037,8.6070204,-31.827488,1.911413,-1.2,0,-1.4849703,8.0757284,-17.313107,14.343166,-93.491531,46.802715,-185.22318,-1.7598947,-92.006561,47.569954,-185.24196,1.2288321
-1.1,27,-14.904995,8.576499,-31.714624,1.9046348,-1.1,0,-1.4797044,8.0470915,-17.251713,14.292304,-93.160004,46.636749,-184.56635,-1.753654,-91.680298,47.401264,-184.58507,1.2244745
-1,27,-14.851952,8.5459776,-31.601761,1.8978568,-1,0,-1.4744385,8.0184536,-17.190319,14.241442,-92.828468,46.470783,-183.90953,-1.7474133,-91.354034,47.232578,-183.92818,1.220117
-.9,27,-14.798909,8.5154562,-31.488897,1.8910787,-.89999998,0,-1.4691727,7.9898167,-17.128925,14.190579,-92.496941,46.304813,-183.25272,-1.7411724,-91.027771,47.063889,-183.2713,1.2157594
-.8,27,-14.745867,8.4849348,-31.376034,1.8843007,-.80000001,0,-1.4639069,7.9611793,-17.067532,14.139718,-92.165413,46.138847,-182.59589,-1.7349317,-90.701508,46.895203,-182.61441,1.2114018
-.7,27,-14.692824,8.4544134,-31.26317,1.8775226,-.69999999,0,-1.4586411,7.9325418,-17.006138,14.088856,-91.833878,45.972881,-181.93907,-1.728691,-90.375237,46.726513,-181.95752,1.2070442
-.6,27,-14.639781,8.423892,-31.150307,1.8707446,-.60000002,0,-1.4533752,7.9039044,-16.944744,14.037993,-91.50235,45.806911,-181.28226,-1.7224503,-90.048973,46.557827,-181.30064,1.2026867
-.5,27,-14.586739,8.3933706,-31.037443,1.8639665,-.5,0,-1.4481093,7.875267,-16.883348,13.987131,-91.170822,45.640945,-180.62543,-1.7162094,-89.72271,46.389137,-180.64375,1.1983292
-.4,27,-14.533696,8.3628502,-30.92458,1.8571885,-.40000001,0,-1.4428434,7.8466296,-16.821955,13.936269,-90.839287,45.474979,-179.96861,-1.7099687,-89.396446,46.220451,-179.98686,1.1939716
-.3,27,-14.480653,8.3323288,-30.811716,1.8504103,-.30000001,0,-1.4375776,7.8179927,-16.760561,13.885406,-90.507759,45.309013,-179.3118,-1.703728,-89.070183,46.051762,-179.32997,1.1896141
-.2,27,-14.42761,8.3018074,-30.698853,1.8436323,-.2,0,-1.4323118,7.7893553,-16.699167,13.834544,-90.176231,45.143044,-178.65497,-1.6974871,-88.743919,45.883076,-178.6731,1.1852565
-.1,27,-14.374568,8.271286,-30.585989,1.8368542,-.1,0,-1.4270459,7.7607179,-16.637774,13.783682,-89.844696,44.977077,-177.99815,-1.6912464,-88.417656,45.714386,-178.0162,1.1808989
0,27,-14.321525,8.2407646,-30.473125,1.8300762,0,0,-1.4217801,7.7320805,-16.57638,13.73282,-89.513168,44.811111,-177.34134,-1.6850057,-88.091393,45.5457,-177.35931,1.1765413
.1,27,-14.268482,8.2102432,-30.360264,1.8232981,.1,0,-1.4165142,7.7034431,-16.514986,13.681957,-89.181641,44.645145,-176.68451,-1.6787648,-87.765121,45.37701,-176.70244,1.1721838
.2,27,-14.21544,8.1797218,-30.2474,1.8165201,.2,0,-1.4112483,7.6748056,-16.453592,13.631095,-88.850105,44.479176,-176.02769,-1.6725241,-87.438858,45.208324,-176.04555,1.1678263
.3,27,-14.162397,8.1492004,-30.134537,1.809742,.30000001,0,-1.4059825,7.6461687,-16.392197,13.580233,-88.518578,44.31321,-175.37088,-1.6662834,-87.112595,45.039635,-175.38866,1.1634687
.4,27,-14.109354,8.118679,-30.021673,1.802964,.40000001,0,-1.4007167,7.6175313,-16.330803,13.52937,-88.18705,44.147243,-174.71405,-1.6600426,-86.786331,44.870949,-174.73177,1.1591111
.5,27,-14.056312,8.0881577,-29.90881,1.7961859,.5,0,-1.3954508,7.5888939,-16.269409,13.478508,-87.855515,43.981274,-174.05724,-1.6538018,-86.460068,44.702259,-174.07489,1.1547536
.6,27,-14.003269,8.0576363,-29.795946,1.7894078,.60000002,0,-1.390185,7.5602565,-16.208015,13.427646,-87.523987,43.815308,-173.40041,-1.6475611,-86.133804,44.533573,-173.418,1.150396
.7,27,-13.950226,8.0271149,-29.683083,1.7826297,.69999999,0,-1.384919,7.5316191,-16.146622,13.376783,-87.192459,43.649342,-172.74359,-1.6413203,-85.807541,44.364883,-172.76111,1.1460384
.8,27,-13.897183,7.9965935,-29.570219,1.7758517,.80000001,0,-1.3796532,7.5029817,-16.085228,13.325921,-86.860924,43.483376,-172.08678,-1.6350795,-85.48127,44.196198,-172.10423,1.1416808
.9,27,-13.844141,7.9660721,-29.457355,1.7690736,.89999998,0,-1.3743874,7.4743447,-16.023834,13.275059,-86.529396,43.317406,-171.42995,-1.6288388,-85.155006,44.027508,-171.44734,1.1373233
1,27,-13.791099,7.9355507,-29.344492,1.7622956,1,0,-1.3691216,7.4457073,-15.96244,13.224196,-86.197868,43.15144,-170.77313,-1.6225981,-84.828743,43.858822,-170.79045,1.1329658
1.1,27,-13.738055,7.9050293,-29.231628,1.7555175,1.1,0,-1.3638557,7.4170699,-15.901046,13.173334,-85.866333,42.985474,-170.11632,-1.6163572,-84.50248,43.690132,-170.13358,1.1286082
1.2,27,-13.685013,7.8745079,-29.118765,1.7487395,1.2,0,-1.3585899,7.3884325,-15.839651,13.122472,-85.534805,42.819508,-169.45949,-1.6101165,-84.176216,43.521446,-169.47668,1.1242507
1.3,27,-13.63197,7.843987,-29.005901,1.7419614,1.3,0,-1.3533239,7.3597951,-15.778257,13.071609,-85.203278,42.653538,-168.80267,-1.6038758,-83.849953,43.352757,-168.81979,1.1198931
1.4,27,-13.578927,7.8134656,-28.893038,1.7351834,1.4,0,-1.3480581,7.3311577,-15.716864,13.020747,-84.871742,42.487572,-168.14586,-1.597635,-83.523689,43.184071,-168.1629,1.1155355
1.5,27,-13.525885,7.7829442,-28.780174,1.7284052,1.5,0,-1.3427923,7.3025203,-15.655469,12.969885,-84.540215,42.321606,-167.48903,-1.5913942,-83.197426,43.015381,-167.50603,1.1111779
1.6,27,-13.472842,7.7524228,-28.667311,1.7216272,1.6,0,-1.3375264,7.2738833,-15.594075,12.919023,-84.208687,42.155636,-166.83221,-1.5851535,-82.871155,42.846695,-166.84914,1.1068203
1.7,27,-13.4198,7.7219014,-28.554447,1.7148491,1.7,0,-1.3322606,7.2452459,-15.532681,12.86816,-83.877151,41.98967,-166.1754,-1.5789127,-82.544891,42.678005,-166.19225,1.1024628
1.8,27,-13.366756,7.69138,-28.441586,1.7080711,1.8,0,-1.3269948,7.2166085,-15.471288,12.817298,-83.545624,41.823704,-165.51857,-1.5726719,-82.218628,42.509319,-165.53537,1.0981053
1.9,27,-13.313714,7.6608586,-28.328722,1.701293,1.9,0,-1.3217288,7.1879711,-15.409893,12.766436,-83.214096,41.657738,-164.86176,-1.5664312,-81.892365,42.340633,-164.87848,1.0937477
2,27,-13.260672,7.6303372,-28.215858,1.694515,2,0,-1.316463,7.1593337,-15.348499,12.715573,-82.882561,41.491768,-164.20494,-1.5601904,-81.566101,42.171944,-164.22159,1.0893902
2.1,27,-13.207629,7.5998158,-28.102995,1.6877369,2.0999999,0,-1.3111972,7.1306963,-15.287106,12.664711,-82.551033,41.325802,-163.54811,-1.5539496,-81.239838,42.003258,-163.56471,1.0850326
2.2,27,-13.154586,7.5692945,-27.990131,1.6809589,2.2,0,-1.3059313,7.1020589,-15.225712,12.613849,-82.219505,41.159836,-162.8913,-1.5477089,-80.913574,41.834568,-162.90782,1.080675
2.3,27,-13.101543,7.5387735,-27.877268,1.6741807,2.3,0,-1.3006655,7.073422,-15.164317,12.562986,-81.88797,40.99387,-162.23448,-1.5414681,-80.587311,41.665882,-162.25093,1.0763174
2.4,27,-13.048501,7.5082521,-27.764404,1.6674027,2.4000001,0,-1.2953995,7.0447845,-15.102923,12.512124,-81.556442,40.8279,-161.57765,-1.5352273,-80.26104,41.497192,-161.59404,1.0719599
2.5,27,-12.995458,7.4777308,-27.651541,1.6606246,2.5,0,-1.2901337,7.0161471,-15.04153,12.461262,-81.224915,40.661934,-160.92084,-1.5289866,-79.934776,41.328506,-160.93716,1.0676024
2.6,27,-12.942415,7.4472094,-27.538677,1.6538466,2.5999999,0,-1.2848679,6.9875097,-14.980136,12.410399,-80.893379,40.495968,-160.26402,-1.5227458,-79.608513,41.159817,-160.28027,1.0632448
2.7,27,-12.889373,7.416688,-27.425814,1.6470685,2.7,0,-1.2796021,6.9588723,-14.918741,12.359537,-80.561852,40.329998,-159.60719,-1.5165051,-79.282249,40.991131,-159.62338,1.0588872
2.8,27,-12.836329,7.3861666,-27.31295,1.6402905,2.8,0,-1.2743362,6.9302349,-14.857347,12.308675,-80.230324,40.164032,-158.95038,-1.5102643,-78.955986,40.822441,-158.96651,1.0545297
2.9,27,-12.783287,7.3556452,-27.200087,1.6335124,2.9000001,0,-1.2690704,6.901598,-14.795954,12.257813,-79.898788,39.998066,-158.29356,-1.5040236,-78.629723,40.653755,-158.30962,1.0501721
3,27,-12.730245,7.3251238,-27.087223,1.6267344,3,0,-1.2638046,6.8729606,-14.734559,12.20695,-79.567261,39.8321,-157.63673,-1.4977828,-78.303459,40.485065,-157.65273,1.0458145
3.1,27,-12.677202,7.2946024,-26.97436,1.6199564,3.0999999,0,-1.2585386,6.8443232,-14.673165,12.156088,-79.235733,39.66613,-156.97992,-1.491542,-77.977196,40.31638,-156.99585,1.0414569
3.2,27,-12.624159,7.264081,-26.861496,1.6131783,3.2,0,-1.2532728,6.8156857,-14.611772,12.105226,-78.904198,39.500164,-156.3231,-1.4853013,-77.650925,40.14769,-156.33896,1.0370994
3.3,27,-12.571116,7.2335596,-26.748632,1.6064003,3.3,0,-1.2480069,6.7870483,-14.550378,12.054363,-78.57267,39.334198,-155.66628,-1.4790605,-77.324661,39.979004,-155.68207,1.0327419
3.4,27,-12.518074,7.2030382,-26.635769,1.5996221,3.4000001,0,-1.2427411,6.7584109,-14.488983,12.003501,-78.241142,39.168228,-155.00946,-1.4728197,-76.998398,39.810314,-155.02518,1.0283843
3.5,27,-12.465031,7.1725173,-26.522905,1.5928441,3.5,0,-1.2374753,6.729774,-14.427589,11.952639,-77.909607,39.002262,-154.35265,-1.466579,-76.672134,39.641628,-154.3683,1.0240268
3.6,27,-12.411988,7.1419959,-26.410044,1.586066,3.5999999,0,-1.2322094,6.7011366,-14.366196,11.901776,-77.578079,38.836296,-153.69582,-1.4603382,-76.345871,39.472939,-153.71141,1.0196692
3.7,27,-12.358946,7.1114745,-26.29718,1.579288,3.7,0,-1.2269435,6.6724992,-14.304801,11.850914,-77.246552,38.67033,-153.039,-1.4540975,-76.019608,39.304253,-153.05452,1.0153116
3.8,27,-12.305903,7.0809531,-26.184317,1.5725099,3.8,0,-1.2216777,6.6438618,-14.243407,11.800052,-76.915016,38.50436,-152.38219,-1.4478567,-75.693344,39.135563,-152.39764,1.010954
3.9,27,-12.25286,7.0504317,-26.071453,1.5657319,3.9000001,0,-1.2164118,6.6152244,-14.182014,11.749189,-76.583488,38.338394,-151.72536,-1.4416159,-75.367073,38.966877,-151.74075,1.0065964
4,27,-12.199818,7.0199103,-25.95859,1.5589538,4,0,-1.211146,6.586587,-14.12062,11.698327,-76.251961,38.172428,-151.06854,-1.4353752,-75.04081,38.798187,-151.08386,1.002239
4.1,27,-12.146775,6.9893889,-25.845726,1.5521758,4.0999999,0,-1.2058802,6.55795,-14.059225,11.647466,-75.920425,38.006462,-150.41173,-1.4291344,-74.714546,38.629501,-150.42697,.99788135
4.2,27,-12.093733,6.9588675,-25.732862,1.5453976,4.1999998,0,-1.2006143,6.5293126,-13.997831,11.596603,-75.588898,37.840492,-149.7549,-1.4228936,-74.388283,38.460812,-149.7701,.99352384
4.3,27,-12.040689,6.9283462,-25.619999,1.5386196,4.3000002,0,-1.1953484,6.5006752,-13.936438,11.54574,-75.25737,37.674526,-149.09808,-1.4166529,-74.062019,38.292126,-149.1132,.98916626
4.4,27,-11.987647,6.8978248,-25.507135,1.5318415,4.4000001,0,-1.1900826,6.4720378,-13.875044,11.494878,-74.925835,37.50856,-148.44127,-1.4104121,-73.735756,38.123436,-148.45631,.98480868
4.5,27,-11.934605,6.8673034,-25.394272,1.5250635,4.5,0,-1.1848167,6.4434004,-13.813649,11.444016,-74.594307,37.342594,-147.78444,-1.4041713,-73.409492,37.95475,-147.79944,.98045111
4.6,27,-11.881561,6.8367825,-25.281408,1.5182854,4.5999999,0,-1.1795509,6.414763,-13.752255,11.393154,-74.262779,37.176624,-147.12762,-1.3979306,-73.083229,37.78606,-147.14255,.97609359
4.7,27,-11.828519,6.8062611,-25.168545,1.5115074,4.6999998,0,-1.1742851,6.386126,-13.690862,11.342292,-73.931244,37.010658,-146.47081,-1.3916899,-72.756966,37.617374,-146.48566,.97173601
4.8,27,-11.775476,6.7757397,-25.055681,1.5047293,4.8000002,0,-1.1690191,6.3574882,-13.629467,11.29143,-73.599716,36.844692,-145.81398,-1.3854491,-72.430695,37.448685,-145.82877,.96737844
4.9,27,-11.722433,6.7452183,-24.942818,1.4979513,4.9000001,0,-1.1637533,6.3288512,-13.568073,11.240567,-73.268188,36.678722,-145.15717,-1.3792083,-72.104431,37.279999,-145.17189,.96302086
5,27,-11.669391,6.7146969,-24.829954,1.4911731,5,0,-1.1584874,6.3002138,-13.50668,11.189705,-72.936653,36.512756,-144.50035,-1.3729676,-71.778168,37.111309,-144.515,.95866334
5.1,27,-11.616348,6.6841755,-24.717091,1.4843951,5.0999999,0,-1.1532216,6.2715764,-13.445286,11.138843,-72.605125,36.34679,-143.84352,-1.3667268,-71.451904,36.942623,-143.85811,.95430577
5.2,27,-11.563306,6.6536541,-24.604229,1.477617,5.1999998,0,-1.1479558,6.242939,-13.383892,11.08798,-72.273598,36.180824,-143.18671,-1.360486,-71.125641,36.773933,-143.20123,.94994819
5.3,27,-11.510262,6.6231327,-24.491364,1.470839,5.3000002,0,-1.1426899,6.2143016,-13.322497,11.037118,-71.942062,36.014854,-142.52988,-1.3542453,-70.799377,36.605247,-142.54434,.94559062
5.4,27,-11.45722,6.5926113,-24.378502,1.4640609,5.4000001,0,-1.137424,6.1856642,-13.261104,10.986256,-71.610535,35.848888,-141.87306,-1.3480045,-70.473114,36.436558,-141.88745,.9412331
5.5,27,-11.404178,6.5620899,-24.265638,1.4572829,5.5,0,-1.1321582,6.1570272,-13.19971,10.935393,-71.279007,35.682922,-141.21625,-1.3417637,-70.146843,36.267872,-141.23058,.93687552
5.6,27,-11.351134,6.531569,-24.152775,1.4505048,5.5999999,0,-1.1268923,6.1283898,-13.138315,10.884531,-70.947472,35.516956,-140.55943,-1.335523,-69.82058,36.099182,-140.57368,.93251795
5.7,27,-11.298092,6.5010476,-24.039911,1.4437268,5.6999998,0,-1.1216265,6.0997524,-13.076921,10.833669,-70.615944,35.350986,-139.9026,-1.3292823,-69.494316,35.930496,-139.91679,.92816043
5.8,27,-11.245049,6.4705262,-23.927048,1.4369487,5.8000002,0,-1.1163607,6.071115,-13.015528,10.782806,-70.284416,35.18502,-139.24579,-1.3230414,-69.168053,35.761806,-139.2599,.92380285
5.9,27,-11.192007,6.4400048,-23.814184,1.4301707,5.9000001,0,-1.1110948,6.0424776,-12.954133,10.731944,-69.952881,35.019054,-138.58896,-1.3168007,-68.841789,35.593121,-138.60303,.91944528
6,27,-11.138964,6.4094834,-23.701321,1.4233925,6,0,-1.1058289,6.0138402,-12.892739,10.681082,-69.621353,34.853085,-137.93214,-1.31056,-68.515526,35.424431,-137.94614,.9150877
6.1,27,-11.085921,6.378962,-23.588457,1.4166145,6.0999999,0,-1.100563,5.9852033,-12.831346,10.630219,-69.289825,34.687119,-137.27533,-1.3043191,-68.189262,35.255745,-137.28925,.91073018
6.2,27,-11.032879,6.3484406,-23.475594,1.4098365,6.1999998,0,-1.0952972,5.9565659,-12.769952,10.579357,-68.95829,34.521152,-136.61852,-1.2980784,-67.862999,35.087059,-136.63237,.90637261
6.3,27,-10.979836,6.3179193,-23.36273,1.4030584,6.3000002,0,-1.0900314,5.9279284,-12.708557,10.528495,-68.626762,34.355186,-135.96169,-1.2918377,-67.536728,34.918369,-135.97548,.90201503
6.4,27,-10.926793,6.2873979,-23.249866,1.3962803,6.4000001,0,-1.0847656,5.899291,-12.647163,10.477633,-68.295235,34.189217,-135.30487,-1.2855968,-67.210464,34.74968,-135.31859,.89765745
6.5,27,-10.873751,6.2568765,-23.137003,1.3895023,6.5,0,-1.0794997,5.8706536,-12.58577,10.42677,-67.963699,34.023251,-134.64804,-1.2793561,-66.884201,34.580994,-134.66171,.89329994
6.6,27,-10.820708,6.2263551,-23.024139,1.3827243,6.5999999,0,-1.0742338,5.8420162,-12.524376,10.375908,-67.632172,33.857285,-133.99123,-1.2731154,-66.557938,34.412308,-134.00482,.88894236
6.7,27,-10.767665,6.1958342,-22.911276,1.3759462,6.6999998,0,-1.0689679,5.8133793,-12.462981,10.325046,-67.300644,33.691319,-133.33441,-1.2668747,-66.231674,34.243618,-133.34793,.88458478
6.8,27,-10.714622,6.1653123,-22.798412,1.369168,6.8000002,0,-1.0637021,5.7847419,-12.401587,10.274183,-66.969109,33.525349,-132.67758,-1.2606338,-65.905411,34.074932,-132.69104,.88022721
6.9,27,-10.66158,6.1347914,-22.685549,1.36239,6.9000001,0,-1.0584363,5.7561045,-12.340194,10.223321,-66.637581,33.359383,-132.02077,-1.2543931,-65.579147,33.906242,-132.03416,.87586969
7,27,-10.608537,6.10427,-22.572687,1.355612,7,0,-1.0531704,5.7274671,-12.278799,10.172459,-66.306053,33.193417,-131.36395,-1.2481524,-65.252884,33.737556,-131.37727,.87151212
7.1,27,-10.555494,6.0737486,-22.459824,1.3488339,7.0999999,0,-1.0479046,5.6988297,-12.217405,10.121596,-65.974518,33.027447,-130.70714,-1.2419115,-64.926613,33.568867,-130.72038,.86715454
7.2,27,-10.502452,6.0432272,-22.34696,1.3420559,7.1999998,0,-1.0426387,5.6701922,-12.156012,10.070734,-65.64299,32.861481,-130.05031,-1.2356708,-64.600349,33.400181,-130.06351,.86279702
7.3,27,-10.449409,6.0127058,-22.234097,1.3352778,7.3000002,0,-1.0373728,5.6415548,-12.094618,10.019872,-65.311462,32.695515,-129.39349,-1.2294301,-64.274086,33.231491,-129.40662,.85843945
7.4,27,-10.396366,5.9821844,-22.121233,1.3284998,7.4000001,0,-1.032107,5.6129179,-12.033223,9.9690094,-64.979927,32.529549,-128.73666,-1.2231892,-63.947823,33.062805,-128.74973,.85408187
7.5,27,-10.343324,5.951663,-22.008369,1.3217217,7.5,0,-1.0268412,5.5842805,-11.971829,9.9181471,-64.648399,32.363579,-128.07985,-1.2169485,-63.621559,32.894115,-128.09283,.84972429
7.6,27,-10.290281,5.9211416,-21.895506,1.3149437,7.5999999,0,-1.0215753,5.5556431,-11.910436,9.8672848,-64.316872,32.197613,-127.42303,-1.2107078,-63.295296,32.72543,-127.43596,.84536678
7.7,27,-10.237239,5.8906207,-21.782642,1.3081656,7.6999998,0,-1.0163095,5.5270057,-11.849042,9.8164225,-63.98534,32.031647,-126.76621,-1.2044671,-62.969028,32.55674,-126.77907,.8410092
7.8,27,-10.184196,5.8600988,-21.669779,1.3013875,7.8000002,0,-1.0110435,5.4983683,-11.787647,9.7655602,-63.653809,31.865679,-126.10939,-1.1982262,-62.642765,32.388054,-126.12218,.83665162
7.9,27,-10.131153,5.8295779,-21.556915,1.2946094,7.9000001,0,-1.0057777,5.4697309,-11.726254,9.7146978,-63.322277,31.699711,-125.45257,-1.1919855,-62.316502,32.219364,-125.46529,.83229405
8,27,-10.078111,5.7990565,-21.444052,1.2878314,8,0,-1.0005119,5.4410939,-11.66486,9.6638355,-62.990749,31.533745,-124.79575,-1.1857448,-61.990238,32.050678,-124.80841,.82793653
8.1,27,-10.025067,5.7685351,-21.331188,1.2810533,8.1000004,0,-.99524599,5.412456,-11.603465,9.6129732,-62.659218,31.367777,-124.13893,-1.1795039,-61.663971,31.881989,-124.15152,.82357895
8.199999999999999,27,-9.9720249,5.7380137,-21.218325,1.2742753,8.1999998,0,-.98998022,5.3838191,-11.542071,9.5621109,-62.32769,31.201811,-123.48212,-1.1732632,-61.337708,31.713303,-123.49464,.81922138
8.300000000000001,27,-9.9189825,5.7074924,-21.105461,1.2674972,8.3000002,0,-.98471433,5.3551817,-11.480678,9.5112486,-61.996159,31.035843,-122.82529,-1.1670225,-61.011444,31.544613,-122.83775,.8148638
8.4,27,-9.8659401,5.676971,-20.992599,1.2607192,8.3999996,0,-.9794485,5.3265443,-11.419284,9.4603872,-61.664627,30.869877,-122.16847,-1.1607817,-60.685181,31.375927,-122.18087,.81050628
8.5,27,-9.8128967,5.6464496,-20.879734,1.2539411,8.5,0,-.97418261,5.2979069,-11.357889,9.409524,-61.333096,30.703909,-121.51165,-1.1545409,-60.358913,31.207239,-121.52398,.80614871
8.6,27,-9.7598543,5.6159282,-20.76687,1.2471631,8.6000004,0,-.96891677,5.2692695,-11.296495,9.3586617,-61.001564,30.537941,-120.85483,-1.1483002,-60.03265,31.038549,-120.86709,.80179113
8.699999999999999,27,-9.7068119,5.5854068,-20.654009,1.2403849,8.6999998,0,-.96365094,5.2406325,-11.235102,9.3077993,-60.670036,30.371975,-120.19801,-1.1420594,-59.706387,30.869864,-120.21021,.79743361
8.800000000000001,27,-9.6537685,5.5548854,-20.541143,1.2336069,8.8000002,0,-.95838505,5.2119951,-11.173707,9.256937,-60.338505,30.206007,-119.54119,-1.1358186,-59.380119,30.701174,-119.55331,.79307604
8.9,27,-9.6007261,5.5243645,-20.428282,1.2268288,8.8999996,0,-.95311922,5.1833577,-11.112314,9.2060757,-60.006977,30.040041,-118.88438,-1.1295779,-59.05386,30.532488,-118.89643,.78871846
9,27,-9.5476837,5.4938431,-20.315418,1.2200508,9,0,-.94785339,5.1547203,-11.05092,9.1552124,-59.675446,29.874073,-118.22755,-1.123337,-58.727592,30.3638,-118.23955,.78436089
9.1,27,-9.4946404,5.4633212,-20.202553,1.2132727,9.1000004,0,-.94258749,5.1260829,-10.989526,9.1043501,-59.343914,29.708107,-117.57073,-1.1170963,-58.401325,30.19511,-117.58266,.78000331
9.199999999999999,27,-9.4415979,5.4328003,-20.089691,1.2064947,9.1999998,0,-.93732166,5.0974455,-10.928132,9.0534887,-59.012386,29.542139,-116.91392,-1.1108556,-58.075066,30.026424,-116.92577,.77564579
9.300000000000001,27,-9.3885555,5.4022789,-19.976828,1.1997166,9.3000002,0,-.93205583,5.0688081,-10.866737,9.0026255,-58.680855,29.376173,-116.2571,-1.1046147,-57.748798,29.857737,-116.26888,.77128822
9.4,27,-9.3355131,5.3717575,-19.863964,1.1929386,9.3999996,0,-.92679,5.0401711,-10.805344,8.9517641,-58.349327,29.210207,-115.60028,-1.098374,-57.422535,29.689049,-115.612,.7669307
9.5,27,-9.2824697,5.3412361,-19.751101,1.1861604,9.5,0,-.92152411,5.0115337,-10.74395,8.9009018,-58.017796,29.044239,-114.94346,-1.0921333,-57.096272,29.520361,-114.95512,.76257312
9.6,27,-9.2294273,5.3107147,-19.638237,1.1793824,9.6000004,0,-.91625822,4.9828963,-10.682555,8.8500385,-57.686264,28.878271,-114.28664,-1.0858924,-56.770004,29.351673,-114.29823,.75821555
9.699999999999999,27,-9.1763849,5.2801933,-19.525373,1.1726043,9.6999998,0,-.91099244,4.9542589,-10.621161,8.7991772,-57.354736,28.712305,-113.62981,-1.0796517,-56.443741,29.182985,-113.64134,.75385797
9.800000000000001,27,-9.1233416,5.2496719,-19.41251,1.1658263,9.8000002,0,-.90572655,4.9256215,-10.559768,8.7483149,-57.023205,28.546337,-112.97299,-1.073411,-56.117477,29.014297,-112.98445,.74950039
9.9,27,-9.0702991,5.219151,-19.299646,1.1590483,9.8999996,0,-.90046072,4.8969846,-10.498374,8.6974525,-56.691673,28.380371,-112.31618,-1.0671703,-55.791214,28.84561,-112.32757,.74514288
10,27,-9.0172567,5.1886292,-19.186783,1.1522702,10,0,-.89519483,4.8683472,-10.436979,8.6465902,-56.360142,28.214403,-111.65936,-1.0609294,-55.464947,28.676922,-111.67068,.7407853
10.1,27,-8.9642134,5.1581078,-19.073919,1.1454921,10.1,0,-.889929,4.8397098,-10.375586,8.595727,-56.02861,28.048435,-111.00253,-1.0546887,-55.138683,28.508234,-111.01379,.73642772
10.2,27,-8.911171,5.1275868,-18.961056,1.1387141,10.2,0,-.88466316,4.8110723,-10.314192,8.5448656,-55.697083,27.882469,-110.34572,-1.048448,-54.81242,28.339546,-110.35691,.73207021
10.3,27,-8.8581285,5.0970654,-18.848192,1.131936,10.3,0,-.87939727,4.7824349,-10.252797,8.4940033,-55.365551,27.716501,-109.6889,-1.0422071,-54.486156,28.170858,-109.70002,.72771263
10.4,27,-8.8050861,5.0665441,-18.735331,1.125158,10.4,0,-.87413144,4.7537975,-10.191403,8.443141,-55.034023,27.550535,-109.03208,-1.0359664,-54.159893,28.002171,-109.04314,.72335505
10.5,27,-8.7520428,5.0360227,-18.622467,1.1183798,10.5,0,-.86886561,4.7251601,-10.13001,8.3922787,-54.702492,27.384567,-108.37526,-1.0297257,-53.833626,27.833483,-108.38625,.71899748
10.6,27,-8.6990004,5.0055013,-18.509602,1.1116018,10.6,0,-.86359972,4.6965227,-10.068615,8.3414164,-54.37096,27.218599,-107.71844,-1.0234848,-53.507362,27.664795,-107.72936,.7146399
10.7,27,-8.6459579,4.9749799,-18.39674,1.1048238,10.7,0,-.85833389,4.6678858,-10.007222,8.290554,-54.039433,27.052633,-107.06162,-1.0172441,-53.181099,27.496107,-107.07248,.71028239
10.8,27,-8.5929146,4.9444585,-18.283876,1.0980457,10.8,0,-.85306805,4.6392484,-9.9458275,8.2396917,-53.707901,26.886665,-106.4048,-1.0110034,-52.854832,27.327419,-106.41559,.70592481
10.9,27,-8.5398722,4.9139376,-18.171013,1.0912677,10.9,0,-.84780222,4.610611,-9.8844337,8.1888294,-53.376373,26.720699,-105.74798,-1.0047626,-52.528568,27.158731,-105.75871,.70156729
11,27,-8.4868298,4.8834157,-18.058149,1.0844896,11,0,-.84253633,4.5819736,-9.82304,8.1379671,-53.044842,26.554731,-105.09116,-.99852186,-52.202305,26.990044,-105.10182,.69720972
11.1,27,-8.4337864,4.8528943,-17.945286,1.0777115,11.1,0,-.83727044,4.5533361,-9.7616453,8.0871048,-52.71331,26.388765,-104.43433,-.99228108,-51.876038,26.821356,-104.44493,.69285214
11.2,27,-8.380744,4.8223734,-17.832422,1.0709335,11.2,0,-.83200461,4.5246992,-9.7002516,8.0362425,-52.381783,26.222799,-103.77752,-.98604035,-51.549778,26.652668,-103.78805,.68849456
11.3,27,-8.3277016,4.791852,-17.719559,1.0641553,11.3,0,-.82673877,4.4960618,-9.6388578,7.9853802,-52.050251,26.056831,-103.1207,-.97979957,-51.223511,26.48398,-103.13116,.68413699
11.4,27,-8.2746592,4.7613306,-17.606695,1.0573773,11.4,0,-.82147294,4.4674244,-9.5774641,7.9345179,-51.718719,25.890865,-102.46388,-.97355884,-50.897247,26.315294,-102.47427,.67977947
11.5,27,-8.2216158,4.7308092,-17.493832,1.0505993,11.5,0,-.81620705,4.438787,-9.5160694,7.8836555,-51.387188,25.724897,-101.80706,-.96731806,-50.570984,26.146605,-101.81739,.67542189
11.6,27,-8.1685734,4.7002878,-17.380968,1.0438212,11.6,0,-.81094122,4.4101496,-9.4546757,7.8327932,-51.055656,25.558929,-101.15024,-.96107727,-50.244717,25.977917,-101.1605,.67106432
11.7,27,-8.115531,4.6697664,-17.268105,1.0370432,11.7,0,-.80567539,4.3815122,-9.3932819,7.7819309,-50.724129,25.392963,-100.49342,-.95483655,-49.918453,25.809231,-100.50362,.6667068
11.8,27,-8.0624886,4.639245,-17.155241,1.0302651,11.8,0,-.8004095,4.3528748,-9.3318872,7.7310686,-50.392597,25.226995,-99.836601,-.94859576,-49.59219,25.640541,-99.846725,.66234922
11.9,27,-8.0094461,4.6087236,-17.042379,1.0234871,11.9,0,-.79514366,4.3242378,-9.2704935,7.6802063,-50.061069,25.061029,-99.179787,-.94235504,-49.265926,25.471855,-99.189842,.65799165
12,27,-7.9564028,4.5782022,-16.929514,1.016709,12,0,-.78987783,4.2956004,-9.2090998,7.629344,-49.729538,24.895061,-98.522964,-.93611425,-48.939659,25.303165,-98.532951,.65363407
12.1,27,-7.9033599,4.5476809,-16.81665,1.0099308,12.1,0,-.78461194,4.266963,-9.1477051,7.5784817,-49.398006,24.729094,-97.866142,-.92987347,-48.613396,25.134478,-97.876068,.64927649
12.2,27,-7.8503175,4.5171599,-16.703789,1.0031528,12.2,0,-.77934611,4.2383256,-9.0863113,7.5276194,-49.066479,24.563128,-97.209328,-.92363274,-48.287132,24.965792,-97.219185,.64491898
12.3,27,-7.7972746,4.4866381,-16.590923,.99637479,12.3,0,-.77408022,4.2096882,-9.0249176,7.476757,-48.734947,24.39716,-96.552505,-.91739196,-47.960865,24.797102,-96.562294,.6405614
12.4,27,-7.7442322,4.4561172,-16.478062,.98959678,12.4,0,-.76881444,4.1810513,-8.9635239,7.4258952,-48.403419,24.231194,-95.895683,-.91115123,-47.634605,24.628416,-95.905411,.63620389
12.5,27,-7.6911893,4.4255958,-16.365198,.98281866,12.5,0,-.76354855,4.1524134,-8.9021301,7.3750324,-48.071888,24.065226,-95.238861,-.90491045,-47.308338,24.459728,-95.24852,.63184631
12.6,27,-7.6381464,4.3950744,-16.252333,.9760406,12.6,0,-.75828266,4.123776,-8.8407354,7.3241701,-47.740356,23.899258,-94.582039,-.89866966,-46.982071,24.291039,-94.591637,.62748873
12.7,27,-7.585104,4.364553,-16.139471,.9692626,12.7,0,-.75301683,4.095139,-8.7793417,7.2733083,-47.408829,23.733292,-93.925224,-.89242893,-46.655811,24.122353,-93.934753,.62313116
12.8,27,-7.5320611,4.3340316,-16.026608,.96248448,12.8,0,-.747751,4.0665016,-8.717948,7.2224455,-47.077297,23.567324,-93.268402,-.88618815,-46.329544,23.953663,-93.277863,.61877358
12.9,27,-7.4790187,4.3035102,-15.913744,.95570648,12.9,0,-.74248517,4.0378642,-8.6565542,7.1715837,-46.745766,23.401358,-92.611588,-.87994742,-46.003281,23.784977,-92.620979,.61441606
13,27,-7.4259758,4.2729888,-15.80088,.94892842,13,0,-.73721927,4.0092268,-8.5951595,7.1207209,-46.414234,23.235392,-91.954765,-.87370664,-45.677017,23.616289,-91.964088,.61005849
13.1,27,-7.3729329,4.2424674,-15.688017,.94215029,13.1,0,-.73195344,3.9805894,-8.5337658,7.0698586,-46.082703,23.069424,-91.297943,-.86746585,-45.35075,23.447599,-91.307205,.60570091
13.2,27,-7.3198905,4.2119465,-15.575153,.93537229,13.2,0,-.72668761,3.9519522,-8.4723721,7.0189967,-45.751175,22.903458,-90.641129,-.86122513,-45.024487,23.278913,-90.650322,.60134339
13.3,27,-7.2668476,4.1814246,-15.46229,.92859417,13.3,0,-.72142172,3.9233148,-8.4109774,6.9681339,-45.419643,22.73749,-89.984306,-.85498434,-44.698223,23.110226,-89.993431,.59698582
13.4,27,-7.2138052,4.1509037,-15.349427,.92181617,13.4,0,-.71615589,3.8946776,-8.3495836,6.9172721,-45.088116,22.571524,-89.327492,-.84874362,-44.37196,22.941538,-89.336548,.59262824
13.5,27,-7.1607623,4.1203823,-15.236563,.91503811,13.5,0,-.71089005,3.8660402,-8.2881899,6.8664098,-44.756584,22.405556,-88.67067,-.84250283,-44.045696,22.77285,-88.679657,.58827066
13.6,27,-7.1077194,4.0898609,-15.123699,.90825999,13.6,0,-.70562416,3.8374028,-8.2267952,6.815547,-44.425053,22.239588,-88.013847,-.83626205,-43.719429,22.60416,-88.022774,.58391309
13.7,27,-7.0546775,4.0593395,-15.010837,.90148199,13.7,0,-.70035833,3.8087656,-8.1654015,6.7646852,-44.093525,22.073622,-87.357025,-.83002132,-43.393166,22.435474,-87.365891,.57955557
13.8,27,-7.0016346,4.0288181,-14.897973,.89470392,13.8,0,-.69509244,3.7801282,-8.1040077,6.7138228,-43.761993,21.907654,-86.700203,-.82378054,-43.066902,22.266787,-86.709,.57519799
13.9,27,-6.9485922,3.998297,-14.78511,.88792586,13.9,0,-.68982667,3.7514911,-8.042614,6.6629605,-43.430466,21.741688,-86.043388,-.81753981,-42.740639,22.098099,-86.052116,.57084048
14,27,-6.8955493,3.9677753,-14.672246,.8811478,14,0,-.68456078,3.7228537,-7.9812198,6.6120982,-43.098934,21.57572,-85.386566,-.81129903,-42.414371,21.929411,-85.395226,.5664829
14.1,27,-6.8425064,3.937254,-14.559382,.87436968,14.1,0,-.67929488,3.694216,-7.9198256,6.5612359,-42.767403,21.409752,-84.729744,-.80505824,-42.088108,21.760723,-84.738342,.56212533
14.2,27,-6.789464,3.9067328,-14.44652,.86759168,14.2,0,-.67402905,3.6655788,-7.8584318,6.5103736,-42.435875,21.243786,-84.072929,-.79881752,-41.761845,21.592035,-84.081459,.55776775
14.3,27,-6.7364211,3.8762114,-14.333655,.86081362,14.3,0,-.66876322,3.6369414,-7.7970376,6.4595113,-42.104343,21.077818,-83.416107,-.79257673,-41.435577,21.423347,-83.424568,.55341017
14.4,27,-6.6833787,3.8456903,-14.220793,.85403556,14.4,0,-.66349739,3.6083043,-7.7356439,6.408649,-41.772812,20.911852,-82.759293,-.786336,-41.109318,21.25466,-82.767685,.54905266
14.5,27,-6.6303358,3.8151686,-14.107929,.84725749,14.5,0,-.6582315,3.5796669,-7.6742496,6.3577867,-41.44128,20.745884,-82.10247,-.78009522,-40.783051,21.085972,-82.110794,.54469508
14.6,27,-6.5772929,3.7846472,-13.995065,.84047943,14.6,0,-.65296566,3.5510294,-7.6128554,6.3069243,-41.109749,20.579916,-81.445648,-.77385443,-40.456783,20.917284,-81.453903,.5403375
14.7,27,-6.5242505,3.7541261,-13.882202,.83370137,14.7,0,-.64769983,3.5223923,-7.5514617,6.256062,-40.778221,20.41395,-80.788834,-.76761371,-40.130524,20.748596,-80.797028,.53597999
14.8,27,-6.4712076,3.7236047,-13.769339,.82692331,14.8,0,-.64243394,3.4937549,-7.4900675,6.2051997,-40.44669,20.247984,-80.132011,-.76137292,-39.804256,20.579908,-80.140137,.53162241
14.9,27,-6.4181652,3.6930833,-13.656476,.82014525,14.9,0,-.63716811,3.4651177,-7.4286737,6.1543379,-40.115162,20.082016,-79.475189,-.7551322,-39.477993,20.411221,-79.483253,.52726483
15,27,-6.3651223,3.6625619,-13.543612,.81336719,15,0,-.63190228,3.4364803,-7.3672795,6.1034751,-39.78363,19.91605,-78.818367,-.74889141,-39.15173,20.242533,-78.826363,.52290726
15.1,27,-6.3120794,3.6320405,-13.430748,.80658913,15.1,0,-.62663639,3.4078429,-7.3058853,6.0526128,-39.452099,19.750082,-78.161545,-.74265063,-38.825462,20.073845,-78.169472,.51854968
15.2,27,-6.259037,3.6015193,-13.317885,.79981107,15.2,0,-.62137055,3.3792057,-7.2444921,6.0017509,-39.120571,19.584116,-77.50473,-.7364099,-38.499199,19.905157,-77.512596,.51419216
15.3,27,-6.2059941,3.5709977,-13.205021,.793033,15.3,0,-.61610466,3.3505681,-7.1830978,5.9508882,-38.78904,19.418148,-76.847908,-.73016912,-38.172935,19.736469,-76.855705,.50983459
15.4,27,-6.1529517,3.5404766,-13.092158,.786255,15.4,0,-.61083883,3.3219309,-7.1217041,5.9000263,-38.457512,19.252182,-76.191093,-.72392839,-37.846672,19.567783,-76.198822,.50547707
15.5,27,-6.0999088,3.5099552,-12.979295,.77947688,15.5,0,-.605573,3.2932935,-7.0603099,5.8491635,-38.12598,19.086214,-75.534271,-.71768761,-37.520405,19.399094,-75.541931,.50111949
15.6,27,-6.0468659,3.4794338,-12.86643,.77269882,15.6,0,-.60030711,3.2646561,-6.9989157,5.7983012,-37.794449,18.920246,-74.877449,-.71144682,-37.194141,19.230406,-74.88504,.49676189
15.7,27,-5.9938235,3.4489126,-12.753568,.76592076,15.7,0,-.59504128,3.2360189,-6.9375219,5.7474394,-37.462921,18.75428,-74.220634,-.7052061,-36.867878,19.061718,-74.228157,.49240434
15.8,27,-5.9407806,3.418391,-12.640704,.7591427,15.8,0,-.58977544,3.2073815,-6.8761277,5.6965766,-37.13139,18.588312,-73.563812,-.69896531,-36.541611,18.89303,-73.571274,.48804677
15.9,27,-5.8877382,3.3878698,-12.527842,.7523647,15.9,0,-.58450961,3.1787443,-6.814734,5.6457148,-36.799858,18.422346,-72.906998,-.69272459,-36.215351,18.724344,-72.914391,.48368925
16,27,-5.8346953,3.3573484,-12.414977,.74558657,16,0,-.57924372,3.1501069,-6.7533398,5.5948524,-36.468327,18.256378,-72.250175,-.6864838,-35.889084,18.555655,-72.2575,.47933167
16.1,27,-5.7816525,3.326827,-12.302114,.73880851,16.1,0,-.57397783,3.1214695,-6.6919456,5.5439897,-36.136795,18.09041,-71.593353,-.68024302,-35.56282,18.386967,-71.600609,.4749741
16.2,27,-5.7286096,3.2963054,-12.18925,.73203039,16.200001,0,-.568712,3.0928321,-6.6305513,5.4931273,-35.805264,17.924442,-70.936531,-.67400223,-35.236553,18.218279,-70.943726,.47061652
16.3,27,-5.6755676,3.2657845,-12.076388,.72525245,16.299999,0,-.56344622,3.0641952,-6.5691581,5.442266,-35.47374,17.758478,-70.279716,-.66776156,-34.910294,18.049593,-70.28685,.466259
16.4,27,-5.6225247,3.2352631,-11.963524,.71847439,16.4,0,-.55818033,3.0355577,-6.5077639,5.3914032,-35.142208,17.59251,-69.622894,-.66152078,-34.584026,17.880905,-69.629959,.46190143
16.5,27,-5.5694818,3.2047417,-11.85066,.71169627,16.5,0,-.55291444,3.0069201,-6.4463696,5.3405409,-34.810677,17.426542,-68.966072,-.65527999,-34.257763,17.712215,-68.973068,.45754385
16.6,27,-5.516439,3.1742203,-11.737797,.70491821,16.6,0,-.54764861,2.9782827,-6.3849754,5.2896781,-34.479145,17.260576,-68.30925,-.64903921,-33.931496,17.543528,-68.316177,.45318627
16.7,27,-5.4633961,3.1436987,-11.624932,.69814014,16.700001,0,-.54238272,2.9496453,-6.3235812,5.2388158,-34.147614,17.094608,-67.652428,-.64279842,-33.605232,17.37484,-67.659294,.4488287
16.8,27,-5.4103541,3.1131778,-11.512071,.69136214,16.799999,0,-.53711694,2.9210083,-6.2621884,5.1879544,-33.81609,16.928642,-66.995621,-.63655776,-33.278973,17.206154,-67.002411,.44447121
16.9,27,-5.3573112,3.0826564,-11.399207,.68458408,16.9,0,-.53185105,2.8923709,-6.2007942,5.1370916,-33.484558,16.762676,-66.338799,-.63031697,-32.952705,17.037466,-66.345528,.44011363
17,27,-5.3042684,3.052135,-11.286344,.67780602,17,0,-.52658522,2.8637335,-6.1393995,5.0862293,-33.153027,16.596708,-65.681976,-.62407619,-32.626442,16.868778,-65.688637,.43575606
17.1,27,-5.2512255,3.0216134,-11.173479,.6710279,17.1,0,-.52131933,2.8350961,-6.0780053,5.035367,-32.821495,16.43074,-65.025154,-.6178354,-32.300175,16.700089,-65.031746,.43139848
17.2,27,-5.1981826,2.991092,-11.060616,.66424984,17.200001,0,-.51605344,2.8064587,-6.0166111,4.9845042,-32.489964,16.264772,-64.368332,-.61159462,-31.973909,16.531401,-64.374855,.4270409
17.3,27,-5.1451411,2.9605711,-10.947754,.65747184,17.299999,0,-.51078767,2.7778218,-5.9552183,4.9336429,-32.158436,16.098808,-63.711521,-.60535395,-31.64765,16.362715,-63.717983,.42268342
17.4,27,-5.0920982,2.9300497,-10.834889,.65069377,17.4,0,-.50552183,2.7491844,-5.8938241,4.8827806,-31.826906,15.93284,-63.054699,-.59911317,-31.321384,16.194027,-63.061092,.41832584
17.5,27,-5.0390553,2.8995283,-10.722026,.64391571,17.5,0,-.50025594,2.720547,-5.8324299,4.8319178,-31.495375,15.766872,-62.397877,-.59287238,-30.995119,16.025339,-62.404205,.41396827
17.6,27,-4.9860125,2.8690066,-10.609162,.63713759,17.6,0,-.49499008,2.6919093,-5.7710357,4.7810555,-31.163843,15.600904,-61.741055,-.5866316,-30.668852,15.85665,-61.747314,.40961069
17.7,27,-4.9329696,2.8384852,-10.496298,.63035953,17.700001,0,-.48972419,2.6632719,-5.7096415,4.7301931,-30.832312,15.434937,-61.084232,-.58039081,-30.342587,15.687962,-61.090427,.40525311
17.8,27,-4.8799276,2.8079643,-10.383436,.62358159,17.799999,0,-.48445842,2.634635,-5.6482482,4.6793313,-30.500786,15.268972,-60.427422,-.57415015,-30.016327,15.519277,-60.433552,.4008956
17.9,27,-4.8268847,2.7774429,-10.270573,.61680347,17.9,0,-.47919255,2.6059976,-5.586854,4.628469,-30.169254,15.103004,-59.770599,-.56790936,-29.690062,15.350588,-59.776661,.39653802
18,27,-4.7738419,2.7469215,-10.157709,.61002541,18,0,-.47392669,2.5773602,-5.5254598,4.5776062,-29.837723,14.937037,-59.113777,-.56166852,-29.363796,15.1819,-59.119774,.39218044
18.1,27,-4.720799,2.7163999,-10.044845,.60324728,18.1,0,-.4686608,2.5487227,-5.4640656,4.5267439,-29.506191,14.77107,-58.456955,-.55542773,-29.037531,15.013211,-58.462883,.38782287
18.2,27,-4.6677561,2.6858785,-9.9319811,.59646922,18.200001,0,-.46339494,2.5200853,-5.4026713,4.4758816,-29.17466,14.605102,-57.800133,-.54918694,-28.711266,14.844522,-57.805996,.38346529
18.3,27,-4.6147141,2.6553576,-9.8191195,.58969128,18.299999,0,-.45812917,2.4914484,-5.3412781,4.4250197,-28.843134,14.439137,-57.143322,-.54294628,-28.385006,14.675838,-57.14912,.3791078
18.4,27,-4.5616713,2.6248362,-9.7062559,.58291316,18.4,0,-.45286331,2.462811,-5.2798839,4.3741574,-28.511602,14.27317,-56.4865,-.53670549,-28.058741,14.50715,-56.492229,.37475023
18.5,27,-4.5086284,2.5943146,-9.5933914,.5761351,18.5,0,-.44759741,2.4341736,-5.2184896,4.3232951,-28.180071,14.107202,-55.829678,-.53046471,-27.732473,14.338461,-55.835342,.37039265
18.6,27,-4.4555855,2.5637932,-9.4805279,.56935704,18.6,0,-.44233155,2.4055359,-5.1570954,4.2724323,-27.848539,13.941234,-55.172855,-.52422392,-27.406208,14.169772,-55.178452,.36603507
18.7,27,-4.4025426,2.5332718,-9.3676643,.56257892,18.700001,0,-.43706569,2.3768985,-5.0957012,4.22157,-27.517008,13.775266,-54.516033,-.51798314,-27.079943,14.001084,-54.521564,.3616775
18.8,27,-4.3495007,2.5027509,-9.2548018,.55580097,18.799999,0,-.43179992,2.3482616,-5.0343084,4.1707087,-27.185484,13.609302,-53.859226,-.51174247,-26.753683,13.832398,-53.864689,.35732001
18.9,27,-4.2964578,2.4722295,-9.1419382,.54902285,18.9,0,-.42653403,2.3196242,-4.9729142,4.1198459,-26.853952,13.443334,-53.2024,-.50550169,-26.427418,13.663711,-53.207798,.35296243
19,27,-4.2434149,2.4417078,-9.0290747,.54224479,19,0,-.42126817,2.2909868,-4.91152,4.0689836,-26.522421,13.277366,-52.545578,-.49926093,-26.101152,13.495022,-52.550911,.34860486
19.1,27,-4.190372,2.4111865,-8.9162102,.53546673,19.1,0,-.4160023,2.2623494,-4.8501258,4.0181208,-26.190889,13.111399,-51.888756,-.49302015,-25.774887,13.326334,-51.89402,.34424728
19.2,27,-4.1373291,2.3806651,-8.8033466,.52868861,19.200001,0,-.41073641,2.233712,-4.7887316,3.9672585,-25.859358,12.945431,-51.231934,-.48677936,-25.448622,13.157645,-51.237133,.33988971
19.3,27,-4.0842872,2.3501441,-8.690485,.52191067,19.299999,0,-.40547064,2.205075,-4.7273383,3.9163971,-25.527832,12.779467,-50.575127,-.4805387,-25.122362,12.98896,-50.580254,.33553219
19.4,27,-4.0312443,2.3196228,-8.5776215,.51513261,19.4,0,-.40020478,2.1764376,-4.6659441,3.8655345,-25.196301,12.613499,-49.918304,-.47429791,-24.796097,12.820271,-49.923367,.33117461
19.5,27,-3.9782014,2.2891011,-8.464757,.50835449,19.5,0,-.39493892,2.1478002,-4.6045499,3.814672,-24.864769,12.447531,-49.261482,-.46805713,-24.46983,12.651583,-49.266476,.32681704
19.6,27,-3.9251585,2.2585797,-8.3518934,.50157642,19.6,0,-.38967302,2.1191628,-4.5431557,3.7638094,-24.533237,12.281563,-48.60466,-.46181634,-24.143564,12.482895,-48.609589,.32245946
19.7,27,-3.8721156,2.2280583,-8.2390299,.49479833,19.700001,0,-.38440716,2.0905252,-4.4817615,3.7129471,-24.201706,12.115595,-47.947838,-.45557556,-23.817299,12.314206,-47.952702,.31810188
19.8,27,-3.8190737,2.1975374,-8.1261683,.48802036,19.799999,0,-.37914139,2.0618885,-4.4203682,3.6620855,-23.87018,11.949631,-47.291027,-.44933489,-23.491039,12.145521,-47.295822,.3137444
19.9,27,-3.7660308,2.167016,-8.0133038,.48124227,19.9,0,-.37387553,2.0332508,-4.358974,3.611223,-23.538649,11.783663,-46.634205,-.4430941,-23.164774,11.976832,-46.638935,.30938682
20,27,-3.7129879,2.1364944,-7.9004402,.47446421,20,0,-.36860964,2.0046134,-4.2975798,3.5603604,-23.207117,11.617696,-45.977383,-.43685332,-22.838509,11.808145,-45.982044,.30502924
20.1,27,-3.659945,2.105973,-7.7875762,.46768612,20.1,0,-.36334378,1.975976,-4.2361856,3.5094981,-22.875586,11.451728,-45.32056,-.43061253,-22.512243,11.639456,-45.325157,.30067167
20.2,27,-3.6069021,2.0754516,-7.6747127,.46090803,20.200001,0,-.35807791,1.9473386,-4.1747913,3.4586356,-22.544054,11.28576,-44.663738,-.42437175,-22.185976,11.470767,-44.668266,.29631409
20.3,27,-3.5538604,2.0449307,-7.5618505,.45413005,20.299999,0,-.35281214,1.9187016,-4.1133981,3.407774,-22.21253,11.119796,-44.006927,-.41813108,-21.859718,11.302082,-44.011391,.2919566
20.4,27,-3.5008175,2.0144091,-7.448987,.44735199,20.4,0,-.34754625,1.8900642,-4.0520039,3.3569117,-21.880999,10.953828,-43.350105,-.4118903,-21.533451,11.133394,-43.354504,.28759903
20.5,27,-3.4477746,1.9838877,-7.336123,.4405739,20.5,0,-.34228039,1.8614268,-3.9906099,3.3060491,-21.549467,10.78786,-42.693283,-.40564951,-21.207186,10.964705,-42.697613,.28324145
20.6,27,-3.3947318,1.9533663,-7.223259,.43379581,20.6,0,-.33701453,1.8327893,-3.9292157,3.2551866,-21.217936,10.621892,-42.036461,-.39940873,-20.88092,10.796017,-42.040726,.27888387
20.7,27,-3.3416889,1.9228448,-7.1103954,.42701772,20.700001,0,-.33174863,1.8041519,-3.8678215,3.204324,-20.886404,10.455925,-41.379639,-.39316794,-20.554655,10.627329,-41.383835,.2745263
20.8,27,-3.2886469,1.8923239,-6.9975338,.42023978,20.799999,0,-.32648286,1.775515,-3.8064284,3.1534626,-20.554878,10.28996,-40.722828,-.38692728,-20.228395,10.458643,-40.726959,.27016878
20.9,27,-3.235604,1.8618025,-6.8846698,.41346169,20.9,0,-.321217,1.7468776,-3.745034,3.1026001,-20.223347,10.123992,-40.066006,-.38068649,-19.90213,10.289955,-40.070072,.2658112
21,27,-3.1825612,1.8312809,-6.7718058,.40668359,21,0,-.31595114,1.7182401,-3.6836398,3.0517375,-19.891815,9.958025,-39.409184,-.37444571,-19.575865,10.121266,-39.413181,.26145363
21.1,27,-3.1295183,1.8007596,-6.6589422,.3999055,21.1,0,-.31068525,1.6896026,-3.6222456,3.0008752,-19.560284,9.792057,-38.752361,-.36820492,-19.249599,9.9525785,-38.756294,.25709605
21.2,27,-3.0764754,1.770238,-6.5460782,.39312741,21.200001,0,-.30541939,1.6609652,-3.5608513,2.9500127,-19.228752,9.6260891,-38.095539,-.36196414,-18.923332,9.7838898,-38.099403,.25273848
21.3,27,-3.0234334,1.7397171,-6.4332166,.38634947,21.299999,0,-.30015361,1.6323283,-3.4994583,2.8991511,-18.897226,9.460125,-37.438732,-.35572347,-18.597073,9.6152048,-37.442528,.24838099
21.4,27,-2.9703906,1.7091957,-6.3203526,.37957138,21.4,0,-.29488772,1.6036909,-3.4380641,2.8482885,-18.565695,9.294157,-36.78191,-.34948269,-18.270807,9.446516,-36.785641,.24402341
21.5,27,-2.9173477,1.6786742,-6.2074885,.37279329,21.5,0,-.28962186,1.5750535,-3.3766699,2.7974262,-18.234163,9.1281891,-36.125088,-.3432419,-17.944542,9.2778273,-36.12875,.23966584
21.6,27,-2.8643048,1.6481527,-6.094625,.3660152,21.6,0,-.284356,1.546416,-3.3152757,2.7465637,-17.902632,8.9622211,-35.468266,-.33700112,-17.618277,9.1091394,-35.471863,.23530826
21.7,27,-2.8112619,1.6176313,-5.981761,.35923713,21.700001,0,-.27909011,1.5177785,-3.2538815,2.6957011,-17.5711,8.7962542,-34.811443,-.33076033,-17.292011,8.9404507,-34.814972,.23095068
21.8,27,-2.75822,1.5871104,-5.8688993,.35245916,21.799999,0,-.27382433,1.4891417,-3.1924884,2.6448398,-17.239576,8.6302891,-34.154633,-.32451966,-16.965752,8.7717657,-34.158096,.22659318
21.9,27,-2.7051771,1.5565889,-5.7560353,.34568107,21.9,0,-.26855847,1.4605042,-3.1310942,2.5939772,-16.908045,8.4643211,-33.49781,-.31827888,-16.639486,8.6030769,-33.501205,.22223561
22,27,-2.6521342,1.5260675,-5.6431718,.33890301,22,0,-.26329261,1.4318668,-3.0696998,2.5431147,-16.576513,8.2983541,-32.840988,-.31203809,-16.313221,8.4343891,-32.844318,.21787803
22.1,27,-2.5990913,1.495546,-5.5303078,.33212492,22.1,0,-.25802672,1.4032294,-3.0083055,2.4922521,-16.244982,8.1323862,-32.184166,-.30579731,-15.986955,8.2657003,-32.187428,.21352045
22.2,27,-2.5460484,1.4650246,-5.4174438,.32534683,22.200001,0,-.25276086,1.3745918,-2.9469113,2.4413898,-15.913449,7.9664183,-31.527344,-.29955652,-15.660688,8.0970116,-31.53054,.20916288
22.3,27,-2.4930067,1.4345037,-5.3045821,.31856886,22.299999,0,-.24749509,1.345955,-2.8855183,2.3905282,-15.581924,7.8004537,-30.870533,-.29331586,-15.33443,7.9283266,-30.873665,.20480537
22.4,27,-2.4399638,1.4039822,-5.1917181,.31179079,22.4,0,-.24222921,1.3173175,-2.8241241,2.3396657,-15.250393,7.6344862,-30.213711,-.28707507,-15.008163,7.7596383,-30.216776,.2004478
22.5,27,-2.3869209,1.3734608,-5.0788546,.3050127,22.5,0,-.23696335,1.2886801,-2.7627299,2.2888031,-14.918861,7.4685183,-29.556889,-.28083426,-14.681898,7.59095,-29.559887,.19609022
22.6,27,-2.333878,1.3429393,-4.9659905,.29823461,22.6,0,-.23169747,1.2600427,-2.7013357,2.2379408,-14.58733,7.3025508,-28.900066,-.27459347,-14.355633,7.4222612,-28.902998,.19173265
22.7,27,-2.2808352,1.3124177,-4.8531265,.29145652,22.700001,0,-.22643159,1.2314051,-2.6399415,2.1870782,-14.255798,7.1365829,-28.243244,-.26835269,-14.029366,7.2535729,-28.246109,.18737507
22.8,27,-2.2277932,1.2818969,-4.7402649,.28467858,22.799999,0,-.22116582,1.2027683,-2.5785484,2.1362166,-13.924273,6.9706187,-27.586435,-.26211202,-13.703108,7.084888,-27.589231,.18301758
22.9,27,-2.1747503,1.2513754,-4.6274009,.27790049,22.9,0,-.21589996,1.1741308,-2.5171542,2.0853543,-13.592742,6.8046508,-26.929613,-.25587124,-13.376842,6.9161992,-26.932344,.17866001
23,27,-2.1217074,1.2208539,-4.5145373,.2711224,23,0,-.21063408,1.1454934,-2.45576,2.0344918,-13.26121,6.6386828,-26.272789,-.24963047,-13.050576,6.7475109,-26.275455,.17430243
23.1,27,-2.0686646,1.1903325,-4.4016733,.2643443,23.1,0,-.20536821,1.116856,-2.3943658,1.9836292,-12.929679,6.4727154,-25.615967,-.24338968,-12.724311,6.5788226,-25.618567,.16994485
23.2,27,-2.0156217,1.159811,-4.2888093,.25756621,23.200001,0,-.20010234,1.0882186,-2.3329713,1.9327668,-12.598147,6.3067474,-24.959145,-.2371489,-12.398045,6.4101343,-24.961678,.16558728
23.3,27,-1.9625797,1.1292901,-4.1759477,.25078827,23.299999,0,-.19483657,1.0595816,-2.2715783,1.8819052,-12.266622,6.1407833,-24.302336,-.23090823,-12.071785,6.2414489,-24.3048,.16122977
23.4,27,-1.9095368,1.0987687,-4.0630841,.24401018,23.4,0,-.1895707,1.0309442,-2.2101841,1.8310428,-11.93509,5.9748154,-23.645514,-.22466744,-11.74552,6.0727606,-23.647911,.1568722
23.5,27,-1.8564939,1.0682472,-3.9502201,.2372321,23.5,0,-.18430482,1.0023067,-2.1487899,1.7801802,-11.603559,5.8088479,-22.988691,-.21842666,-11.419254,5.9040723,-22.991022,.15251462
23.6,27,-1.8034511,1.0377258,-3.8373563,.23045401,23.6,0,-.17903896,.97366929,-2.0873957,1.7293178,-11.272027,5.64288,-22.331869,-.21218587,-11.092988,5.7353835,-22.334133,.14815705
23.7,27,-1.7504082,1.0072043,-3.7244923,.22367592,23.700001,0,-.17377308,.94503182,-2.0260015,1.6784554,-10.940495,5.4769125,-21.675047,-.20594509,-10.766723,5.5666952,-21.677244,.14379947
23.8,27,-1.6973664,.97668344,-3.6116307,.21689796,23.799999,0,-.16850731,.91639495,-1.9646084,1.6275938,-10.608971,5.3109479,-21.018236,-.19970442,-10.440463,5.3980103,-21.020369,.13944197
23.9,27,-1.6443235,.94616193,-3.4987669,.21011989,23.9,0,-.16324143,.88775748,-1.9032142,1.5767313,-10.277439,5.14498,-20.361414,-.19346364,-10.114198,5.2293215,-20.36348,.13508439
24,27,-1.5912806,.91564047,-3.3859029,.2033418,24,0,-.15797557,.85912007,-1.8418199,1.5258688,-9.9459076,4.9790125,-19.704592,-.18722285,-9.7879324,5.0606332,-19.706591,.13072681
24.1,27,-1.5382377,.88511902,-3.2730391,.19656371,24.1,0,-.15270969,.8304826,-1.7804257,1.4750063,-9.6143761,4.8130445,-19.04777,-.18098207,-9.4616661,4.8919449,-19.049702,.12636924
24.2,27,-1.4851948,.85459757,-3.1601753,.18978563,24.200001,0,-.14744382,.80184519,-1.7190315,1.4241438,-9.2828445,4.6470771,-18.390947,-.17474128,-9.1354008,4.7232566,-18.392813,.12201166
24.3,27,-1.4321529,.82407665,-3.0473135,.18300767,24.299999,0,-.14217804,.77320826,-1.6576384,1.3732823,-8.9513197,4.4811125,-17.734138,-.16850062,-8.8091412,4.5545712,-17.735937,.11765417
24.4,27,-1.37911,.7935552,-2.9344497,.17622958,24.4,0,-.13691217,.74457085,-1.5962442,1.3224199,-8.6197882,4.3151445,-17.077316,-.16225983,-8.4828758,4.3858829,-17.079048,.11329659
24.5,27,-1.3260671,.76303375,-2.8215859,.1694515,24.5,0,-.13164631,.71593338,-1.5348499,1.2715573,-8.2882566,4.1491771,-16.420494,-.15601905,-8.1566105,4.2171946,-16.422159,.10893901
24.6,27,-1.2730242,.7325123,-2.7087219,.16267341,24.6,0,-.12638043,.68729591,-1.4734557,1.2206949,-7.9567246,3.9832091,-15.763672,-.14977826,-7.8303442,4.0485058,-15.76527,.10458144
24.7,27,-1.2199813,.70199078,-2.5958581,.15589532,24.700001,0,-.12111456,.6586585,-1.4120615,1.1698323,-7.6251931,3.8172414,-15.106849,-.14353748,-7.5040789,3.8798175,-15.108381,.10022386
24.8,27,-1.1669395,.67146993,-2.4829962,.14911737,24.799999,0,-.11584879,.63002157,-1.3506684,1.1189709,-7.2936683,3.6512771,-14.45004,-.1372968,-7.1778193,3.7111323,-14.451505,.095866367
24.9,27,-1.1138966,.64094847,-2.3701324,.14233929,24.9,0,-.11058291,.60138416,-1.2892742,1.0681083,-6.9621367,3.4853094,-13.793218,-.13105601,-6.8515539,3.542444,-13.794616,.091508791
25,27,-1.0608537,.61042696,-2.2572687,.1355612,25,0,-.10531704,.57274669,-1.22788,1.0172459,-6.6306052,3.3193414,-13.136395,-.12481523,-6.5252881,3.3737555,-13.137728,.087151214
25.1,27,-1.0078108,.57990551,-2.1444046,.12878311,25.1,0,-.10005117,.54410928,-1.1664857,.9663834,-6.2990737,3.1533737,-12.479572,-.11857445,-6.1990223,3.2050672,-12.480839,.082793638
25.2,27,-.95476794,.54938406,-2.0315409,.12200503,25.200001,0,-.094785295,.51547182,-1.1050915,.91552091,-5.9675422,2.987406,-11.82275,-.11233366,-5.872757,3.0363786,-11.82395,.078436054
25.3,27,-.90172607,.5188632,-1.9186792,.11522707,25.299999,0,-.089519523,.48683491,-1.0436984,.86465937,-5.6360168,2.8214417,-11.16594,-.106093,-5.5464973,2.8676934,-11.167073,.07407856
25.4,27,-.84868318,.48834172,-1.8058153,.10844898,25.4,0,-.084253654,.45819747,-.98230422,.81379688,-5.3044853,2.6554739,-10.509118,-.099852212,-5.2202315,2.6990051,-10.510184,.069720984
25.5,27,-.79564029,.45782024,-1.6929514,.1016709,25.5,0,-.078987785,.42956004,-.92090994,.76293439,-4.9729538,2.4895062,-9.8522959,-.093611427,-4.8939662,2.5303166,-9.8532953,.065363407
25.6,27,-.7425974,.42729878,-1.5800877,.094892815,25.6,0,-.073721908,.4009226,-.85951573,.7120719,-4.6414223,2.3235385,-9.1954737,-.087370642,-4.5677004,2.3616283,-9.1964064,.061005831
25.7,27,-.68955451,.3967773,-1.4672238,.088114731,25.700001,0,-.068456039,.37228513,-.79812151,.6612094,-4.3098907,2.1575708,-8.5386515,-.081129856,-4.2414346,2.1929398,-8.5395174,.056648254
25.8,27,-.63651264,.36625642,-1.354362,.081336774,25.799999,0,-.063190266,.34364825,-.73672843,.61034793,-3.9783657,1.9916062,-7.8818421,-.07488919,-3.9151754,2.0242546,-7.8826413,.05229076
25.9,27,-.58346975,.33573496,-1.2414981,.074558683,25.9,0,-.057924394,.31501079,-.67533422,.55948544,-3.6468341,1.8256385,-7.2250199,-.068648398,-3.5889096,1.8555661,-7.2257524,.047933184
26,27,-.53042686,.30521348,-1.1286343,.067780599,26,0,-.052658521,.28637335,-.61394,.50862294,-3.3153026,1.6596707,-6.5681973,-.062407617,-3.2626441,1.6868777,-6.5688639,.043575607
26.1,27,-.47738397,.27469203,-1.0157704,.061002515,26.1,0,-.047392648,.25773591,-.55254573,.45776045,-2.9837711,1.493703,-5.911375,-.056166831,-2.9363785,1.5181893,-5.9119749,.039218027
26.2,27,-.42434108,.24417056,-.9029066,.054224428,26.200001,0,-.042126775,.22909847,-.49115151,.40689796,-2.6522396,1.3277353,-5.2545528,-.049926046,-2.6101127,1.3495009,-5.2550859,.034860451
26.3,27,-.37129921,.21364968,-.7900449,.047446471,26.299999,0,-.036861006,.20046157,-.42975846,.35603645,-2.3207142,1.1617708,-4.597743,-.04368538,-2.2838533,1.1808157,-4.5982094,.030502958
26.4,27,-.31825632,.18312821,-.67718101,.040668387,26.4,0,-.031595133,.17182413,-.36836421,.30517396,-1.9891828,.99580312,-3.9409211,-.037444595,-1.9575877,1.0121273,-3.9413207,.02614538
26.5,27,-.26521343,.15260674,-.56431717,.033890299,26.5,0,-.02632926,.14318667,-.30697,.25431147,-1.6576513,.82983536,-3.2840986,-.031203808,-1.631322,.84343886,-3.2844319,.021787804
26.6,27,-.21217054,.12208528,-.4514533,.027112214,26.6,0,-.021063387,.11454923,-.24557576,.20344898,-1.3261198,.66386765,-2.6272764,-.024963023,-1.3050563,.67475045,-2.627543,.017430225
26.7,27,-.15912765,.091563813,-.33858943,.020334128,26.700001,0,-.015797516,.085911788,-.18418153,.15258649,-.99458826,.49789995,-1.9704542,-.018722238,-.9787907,.50606203,-1.9706541,.013072648
26.8,27,-.10608578,.061042931,-.22572772,.013556171,26.799999,0,-.010531744,.057274889,-.12278847,.10172497,-.66306305,.33193541,-1.3136445,-.012481571,-.65253127,.33737683,-1.3137777,.0087151546
26.9,27,-.053042889,.030521465,-.11286386,.0067780856,26.9,0,-.005265872,.028637445,-.061394233,.050862487,-.33153152,.1659677,-.65682226,-.0062407856,-.32626563,.16868842,-.65688884,.0043575773
27,27,0,0,0,0,27,0,0,0,0,0,0,0,0,0,0,0,0,0
27.1,27,.053026855,.030519709,-.006790678,.11284439,27.1,.001,.0052628019,.028635591,-.050861925,.061387531,.33149737,.16596034,.0062210681,.65677363,.32623455,.16868074,-.0043736342,.65684277
27.2,27,.10595751,.06102889,-.013656923,.22557195,27.200001,.0080000004,.010507183,.05726007,-.10172049,.12273485,.66278976,.33187649,.012323824,1.3132557,.6522826,.33731547,-.0088436194,1.3134087
27.3,27,.15869474,.091516472,-.020674247,.33806375,27.299999,.027000003,.015714621,.085861795,-.1525714,.18400064,.99366593,.49770105,.018189797,1.9691421,.97795129,.50585502,-.013506274,1.9694089
27.4,27,.2111444,.12197321,-.027918704,.4502075,27.4,.064000003,.020866897,.11443079,-.20341334,.24514714,1.3239335,.66339624,.023700796,2.6241663,1.3030666,.67425978,-.01845826,2.6245916
27.5,27,.26320925,.15238822,-.035466183,.56188464,27.5,.125,.025945488,.14295554,-.25424221,.30613318,1.6533813,.82891482,.02873815,3.2780244,1.6274358,.84248078,-.023796139,3.2786677
27.6,27,.31479308,.18275136,-.043393008,.67297918,27.6,.21600002,.030931974,.1714251,-.30505505,.36691898,1.9818043,.99421275,.033183154,3.9304254,1.9508723,1.0104722,-.029616755,3.9313614
27.7,27,.36579973,.21305269,-.05177588,.78337532,27.700001,.34299999,.035807934,.19982865,-.35584903,.4274649,2.3089976,1.1592461,.036916897,4.5810781,2.2731895,1.1781883,-.036017191,4.5823965
27.8,27,.41613194,.2432819,-.060691837,.89295572,27.799999,.51200002,.040554848,.22815496,-.40662065,.48773032,2.6347497,1.3239681,.03982012,5.2296791,2.5941949,1.3455807,-.04309475,5.2314844
27.9,27,.46569556,.27343073,-.070218824,1.0016099,27.9,.72899991,.04515449,.25639451,-.45736954,.54767853,2.9588685,1.4883411,.041773632,5.8759637,2.9137142,1.5126102,-.050947323,5.8783755
28,27,.51439339,.30348948,-.080435038,1.1092218,28,1,.049588345,.28453639,-.50809276,.60726947,3.2811427,1.6523187,.042657562,6.519628,3.2315545,1.6792285,-.059672967,6.5227818
28.1,27,.5621292,.33344933,-.091419496,1.2156779,28.1,1.3310001,.053837989,.31257039,-.55878872,.66646469,3.6013675,1.8158576,.042351801,7.1603832,3.5475295,1.8453909,-.069370247,7.1644292
28.2,27,.60880679,.36330196,-.10325199,1.3208655,28.200001,1.7280002,.057884999,.34048641,-.60945612,.7252261,3.9193375,1.9789147,.040735833,7.7979393,3.8614526,2.0110526,-.080138251,7.8030434
28.3,27,.65432894,.39303887,-.11601305,1.4246709,28.299999,2.1969998,.061710861,.36827418,-.66009325,.78351498,4.2348418,2.141444,.037688572,8.4319954,4.173131,2.1761663,-.092076533,8.4383383
28.4,27,.69860154,.42265373,-.12978457,1.5269877,28.4,2.744,.065297343,.39592519,-.71070176,.84129643,4.547688,2.3034093,.033088773,9.0622873,4.4823904,2.3406942,-.10528553,9.0700665
28.5,27,.74152726,.45213911,-.14464907,1.6277037,28.5,3.375,.068625934,.42342961,-.76128083,.89853275,4.8576646,2.4647648,.026814329,9.6885147,4.7890387,2.5045893,-.11986605,9.6979437
28.6,27,.78301001,.48148865,-.16069038,1.7267104,28.6,4.0960002,.071678206,.45077848,-.81183136,.9551878,5.164567,2.6254687,.018742638,10.310391,5.0928888,2.6678085,-.13591976,10.321697
28.7,27,.82295358,.51069665,-.17799349,1.8239006,28.700001,4.9130006,.074435748,.47796312,-.86235476,1.0112262,5.4681902,2.7854795,.008750475,10.927629,5.3937545,2.8303089,-.15354912,10.941057
28.8,27,.86126071,.53975755,-.19664462,1.919166,28.799999,5.8319993,.07688003,.50497466,-.91285205,1.0666121,5.7683225,2.9447525,-.0032861507,11.539931,5.6914425,2.9920447,-.17285725,11.555742
28.9,27,.89783716,.56866813,-.21673183,2.0124061,28.9,6.8589997,.078992829,.53180617,-.96332818,1.1213138,6.0647717,3.1032526,-.017491711,12.147036,5.9857793,3.1529803,-.19394861,12.165506
29,27,.9325859,.59742433,-.23834427,2.1035161,29,8,.080755629,.55844969,-1.0137856,1.1752969,6.357327,3.260937,-.033991713,12.748646,6.2765713,3.313071,-.21692821,12.770071
29.1,27,.96541059,.62602341,-.26157281,2.192394,29.1,9.2609978,.082150012,.58489799,-1.064229,1.228529,6.6457834,3.4177647,-.052912373,13.344479,6.5636334,3.4722757,-.24190223,13.369168
29.2,27,.99621499,.65446365,-.28651026,2.2789402,29.200001,10.648001,.083157539,.61114442,-1.1146636,1.2809787,6.929935,3.5736964,-.074381009,13.934251,6.8467774,3.6305542,-.26897809,13.962533
29.3,27,1.024902,.68274355,-.31325078,2.3630548,29.299999,12.166999,.083759718,.6371823,-1.1650946,1.3326141,7.2095718,3.7286897,-.098525628,14.517669,7.1258121,3.7878635,-.29826403,14.549888
29.4,27,1.0513774,.71086442,-.34189123,2.4446461,29.4,13.824001,.083938301,.66300702,-1.2155316,1.3834082,7.4845004,3.8827121,-.1254753,15.094477,7.4005623,3.9441705,-.3298701,15.130995
29.5,27,1.075544,.73882675,-.37252986,2.523618,29.5,15.625,.083674788,.68861294,-1.2659818,1.4333314,7.7545104,4.0357223,-.15536015,15.664381,7.6708355,4.0994339,-.36390716,15.705578
29.6,27,1.0973057,.76663297,-.40526742,2.5998785,29.6,17.575998,.082950749,.71399558,-1.3164548,1.4823563,8.0193958,4.1876831,-.18831155,16.227104,7.9364457,4.2536154,-.40048766,16.273378
29.7,27,1.1165659,.79428649,-.44020694,2.6733389,29.700001,19.683001,.081747755,.73915094,-1.3669615,1.530457,8.2789536,4.3385568,-.22446208,16.782368,8.1972055,4.4066782,-.43972567,16.834137
29.8,27,1.1332278,.82179135,-.47745362,2.7439094,29.799999,21.952,.080047294,.76407534,-1.4175129,1.5776075,8.5329695,4.4883046,-.26394549,17.329885,8.4529228,4.5585833,-.48173645,17.387581
29.9,27,1.1471971,.84915477,-.51711565,2.8115098,29.9,24.389002,.077831142,.78876734,-1.4681244,1.6237867,8.7812538,4.6368966,-.30689672,17.869404,8.7034225,4.709301,-.52663743,17.933483
30,27,1.1583766,.87638348,-.55930346,2.8760567,30,27,.07508079,.81322455,-1.51881,1.6689715,9.0235949,4.7842956,-.35345227,18.40064,8.948514,4.8587937,-.57454723,18.471575
30.1,27,1.1666701,.90348631,-.60413051,2.9374707,30.1,29.790997,.071777806,.83744591,-1.569586,1.7131417,9.2597866,4.9304662,-.40375009,18.923323,9.1880083,5.0070281,-.62558669,19.001604
30.2,27,1.1719812,.93047339,-.65171307,2.9956756,30.200001,32.768002,.06790375,.86143136,-1.6204706,1.7562782,9.489624,5.075376,-.45792994,19.437178,9.4217205,5.1539717,-.67987859,19.523319
30.3,27,1.1742131,.95735604,-.70217019,3.0505965,30.299999,35.936996,.063440144,.88518089,-1.6714826,1.7983629,9.7128973,5.2189889,-.51613271,19.941927,9.649457,5.2995892,-.73754722,20.036461
30.4,27,1.1732712,.98414868,-.75562489,3.1021671,30.4,39.304005,.058368709,.90869725,-1.7226452,1.8393826,9.9294128,5.361279,-.5785014,20.437326,9.8710442,5.4438572,-.79871988,20.540808
30.5,27,1.1690586,1.0108659,-.81220227,3.1503193,30.5,42.875,.052670993,.9319824,-1.773981,1.879323,10.13896,5.5022135,-.64518034,20.9231,10.086288,5.5867424,-.86352521,21.036102
30.6,27,1.1614789,1.0375245,-.87203175,3.1949897,30.6,46.655994,.046328545,.95503992,-1.8255154,1.9181724,10.341333,5.6417618,-.71631634,21.398983,10.295005,5.7282171,-.93209463,21.522104
30.7,27,1.1504358,1.0641429,-.93524611,3.2361178,30.700001,50.653004,.03932289,.97787434,-1.8772757,1.9559214,10.536328,5.7798953,-.79205817,21.864714,10.497005,5.8682547,-1.0045624,21.998573
30.8,27,1.1358325,1.0907413,-1.0019809,3.2736461,30.799999,54.871998,.031635605,1.0004909,-1.9292905,1.9925618,10.723734,5.9165831,-.87255603,22.320023,10.692098,6.0068259,-1.0810643,22.46526
30.9,27,1.1175745,1.1173426,-1.0723768,3.3075259,30.9,59.319004,.023248382,1.0228975,-1.981594,2.0280907,10.903357,6.051805,-.95796293,22.764675,10.880108,6.1439133,-1.1617402,22.921957
31,27,1.0955647,1.143971,-1.1465771,3.3377066,31,64,.014142768,1.0451016,-2.034219,2.0625045,11.074986,6.1855321,-1.0484338,23.198406,11.060843,6.2794905,-1.2467315,23.36842
31.1,27,1.0697069,1.1706523,-1.2247294,3.3641431,31.1,68.920998,.0043003079,1.0671128,-2.0872023,2.095803,11.238418,6.3177404,-1.1441262,23.620962,11.234118,6.413537,-1.3361835,23.804419
31.2,27,1.039905,1.197415,-1.3069853,3.3867953,31.200001,74.087982,-.006297376,1.0889415,-2.1405833,2.1279886,11.393447,6.4484076,-1.2451998,24.032093,11.399744,6.5460324,-1.4302442,24.229733
31.3,27,1.006061,1.2242888,-1.3935009,3.405623,31.299999,79.507011,-.017668981,1.110599,-2.1944032,2.1590652,11.539859,6.5775075,-1.3518188,24.431538,11.557528,6.6769562,-1.5290657,24.644121
31.4,27,.96808189,1.2513071,-1.4844351,3.4205987,31.4,85.184006,-.029832486,1.1321002,-2.2487082,2.1890433,11.677465,6.7050276,-1.4641466,24.819078,11.707298,6.8062987,-1.6328018,25.047398
31.5,27,.92586994,1.278504,-1.5799519,3.4316919,31.5,91.125,-.042806517,1.1534594,-2.3035455,2.2179325,11.806054,6.8309455,-1.5823524,25.194462,11.848861,6.934042,-1.7416111,25.439333
31.6,27,.87932909,1.3059161,-1.6802194,3.4388776,31.6,97.335991,-.056609485,1.1746929,-2.3589652,2.2457461,11.92542,6.9552441,-1.7066072,25.557447,11.98203,7.0601735,-1.8556563,25.819715
31.7,27,.82836276,1.3335819,-1.7854098,3.4421353,31.700001,103.82299,-.071259849,1.1958187,-2.4150214,2.2725017,12.035357,7.0779076,-1.8370862,25.907801,12.106617,7.1846833,-1.9751031,26.188337
31.8,27,.7728737,1.3615419,-1.8956994,3.4414468,31.799999,110.59201,-.086776167,1.216856,-2.47177,2.2982178,12.135654,7.1989188,-1.9739673,26.245277,12.222431,7.3075595,-2.1001225,26.544985
31.9,27,.71276832,1.38984,-2.0112679,3.4368045,31.9,117.64901,-.10317653,1.2378272,-2.5292733,2.3229203,12.226121,7.3182731,-2.1174307,26.569672,12.329297,7.4288025,-2.2308879,26.889482
32,27,.64794928,1.4185206,-2.1323001,3.4281986,32,125,-.12047949,1.2587548,-2.5875936,2.3466346,12.306544,7.435956,-2.2676618,26.880751,12.427024,7.5484052,-2.3675787,27.221626
32.1,27,.57831895,1.4476303,-2.2589841,3.4156222,32.099998,132.651,-.13870364,1.2796631,-2.6467972,2.3693898,12.376714,7.5519567,-2.42485,27.178276,12.515417,7.6663632,-2.5103793,27.541214
32.2,27,.50378472,1.4772195,-2.3915122,3.3990817,32.200001,140.60799,-.15786703,1.3005801,-2.7069573,2.3912232,12.436442,7.6662784,-2.5891867,27.462072,12.59431,7.7826872,-2.6594772,27.848097
32.3,27,.42424527,1.507337,-2.5300808,3.3785713,32.299999,148.87701,-.17798863,1.3215324,-2.7681446,2.4121673,12.4855,7.7789035,-2.7608707,27.731871,12.663488,7.897368,-2.815068,28.142044
32.4,27,.33960983,1.5380375,-2.6748881,3.3541079,32.400002,157.464,-.19908623,1.3425523,-2.8304403,2.4322679,12.523708,7.8898435,-2.9401009,27.987518,12.722795,8.0104246,-2.9773488,28.422937
32.5,27,.24977744,1.5693735,-2.826138,3.3256929,32.5,166.375,-.2211788,1.3636698,-2.8939223,2.4515648,12.550837,7.9990864,-3.1270847,28.228758,12.772015,8.1218538,-3.1465254,28.690556
32.6,27,.15465397,1.6014019,-2.9840362,3.293344,32.599998,175.616,-.24428453,1.3849201,-2.958678,2.470109,12.566691,8.1066408,-3.3220325,28.455416,12.810976,8.2316732,-3.3228083,28.944759
32.7,27,.054145545,1.6341814,-3.1487913,3.2570822,32.700001,185.19298,-.26842156,1.4063401,-3.0247977,2.4879544,12.571082,8.2125187,-3.5251582,28.667322,12.839503,8.3399067,-3.5064137,29.185421
32.8,27,-.051849261,1.6677691,-3.3206165,3.216918,32.799999,195.11201,-.29360899,1.4279658,-3.0923705,2.5051525,12.563775,8.3167143,-3.7366853,28.864235,12.857385,8.446558,-3.697566,29.412334
32.9,27,-.16342083,1.7022268,-3.4997241,3.1728823,32.900002,205.379,-.31986448,1.4498388,-3.1614964,2.5217674,12.544596,8.4192524,-3.9568365,29.046028,12.86446,8.5516634,-3.8964927,29.625412
33,27,-.28067058,1.7376143,-3.686332,3.1249907,33,216,-.34720707,1.4719988,-3.2322717,2.5378575,12.51331,8.520134,-4.1858459,29.212465,12.860518,8.6552353,-4.1034322,29.824467
33.1,27,-.40369216,1.7739946,-3.8806574,3.0732732,33.099998,226.98099,-.37565488,1.4944903,-3.3048019,2.5534921,12.469728,8.619381,-4.4239497,29.363405,12.845383,8.757308,-4.3186269,30.009392
33.2,27,-.5325799,1.8114318,-4.082921,3.0177612,33.200001,238.32797,-.40522614,1.5173593,-3.3791957,2.5687435,12.413655,8.717021,-4.671391,29.498701,12.818881,8.8579226,-4.5423279,30.18009
33.3,27,-.66743529,1.849988,-4.293345,2.9584746,33.299999,250.04703,-.43593994,1.540651,-3.4555604,2.5836804,12.34486,8.8130617,-4.9284234,29.618145,12.7808,8.9571018,-4.7747965,30.336397
33.4,27,-.80834812,1.889729,-4.5121489,2.8954527,33.400002,262.14401,-.46781385,1.5644158,-3.5340126,2.5983849,12.263168,8.9075451,-5.1952991,29.721636,12.730982,9.0549002,-5.0162959,30.47826
33.5,27,-.95541996,1.9307177,-4.7395573,2.8287172,33.5,274.625,-.50086689,1.5887022,-3.614666,2.6129322,12.168346,9.0004864,-5.4722838,29.808975,12.669213,9.15135,-5.2671037,30.60553
33.6,27,-1.1087445,1.9730197,-4.9757919,2.7583029,33.599998,287.49597,-.53511733,1.6135627,-3.6976421,2.6274076,12.060203,9.0919275,-5.7596478,29.880053,12.59532,9.2465076,-5.527503,30.718142
33.7,27,-1.2684172,2.0167005,-5.2210779,2.6842432,33.700001,300.763,-.57058346,1.6390513,-3.7830651,2.6418982,11.938541,9.1819096,-6.0576706,29.934753,12.509125,9.3404331,-5.7977877,30.816038
33.8,27,-1.4345376,2.0618229,-5.4756365,2.6065612,33.799999,314.43204,-.60728407,1.6652206,-3.8710566,2.6564884,11.803136,9.270463,-6.3666382,29.97291,12.41042,9.4331732,-6.0782604,30.899101
33.9,27,-1.6071969,2.1084528,-5.7396884,2.5252945,33.900002,328.50903,-.64523691,1.6921279,-3.9617467,2.6712728,11.653808,9.357646,-6.6868424,29.994457,12.299045,9.5248051,-6.3692307,30.967319
34,27,-1.7864957,2.156652,-6.0134559,2.4404645,34,343,-.684461,1.7198278,-4.0552616,2.6863396,11.490325,9.4434958,-7.0185871,29.999237,12.174786,9.6153841,-6.6710215,31.020594
34.1,27,-1.9725287,2.2064846,-6.2971587,2.3521013,34.099998,357.91098,-.72497457,1.7483786,-4.1517339,2.7017846,11.312494,9.5280724,-7.3621845,29.987173,12.037469,9.7049923,-6.9839659,31.058905
34.2,27,-2.16539,2.2580132,-6.5910149,2.2602348,34.200001,373.24796,-.76679581,1.7778392,-4.2512965,2.717705,11.120125,9.6114416,-7.7179537,29.958204,11.886921,9.7937136,-7.3084049,31.082247
34.3,27,-2.3651812,2.3112986,-6.8952432,2.1648808,34.299999,389.01703,-.80994391,1.8082666,-4.3540812,2.7341936,10.912983,9.6936531,-8.0862284,29.912195,11.722927,9.8816223,-7.6446962,31.090549
34.4,27,-2.5719919,2.3664019,-7.2100544,2.0660706,34.400002,405.22403,-.85443628,1.8397213,-4.4602242,2.7513514,10.690894,9.7747898,-8.4673424,29.849129,11.54533,9.9688206,-7.9931998,31.08386
34.5,27,-2.785923,2.4233811,-7.5356627,1.9638168,34.5,421.875,-.90029192,1.872261,-4.5698562,2.7692723,10.453626,9.8549118,-8.8616467,29.768898,11.353918,10.055395,-8.3542938,31.06213
34.6,27,-3.0070693,2.4822955,-7.8722792,1.8581402,34.599998,438.97598,-.9475292,1.9059457,-4.6831141,2.7880557,10.200986,9.9341049,-9.2695017,29.671474,11.148515,10.141453,-8.7283669,31.025396
34.7,27,-3.2355249,2.5432024,-8.2201099,1.7490602,34.700001,456.53296,-.99616623,1.9408351,-4.8001332,2.8078008,9.9327822,10.012459,-9.6912775,29.556841,10.928948,10.22711,-9.115818,30.973715
34.8,27,-3.4713914,2.6061563,-8.5793648,1.6365813,34.799999,474.55203,-1.0462222,1.9769869,-4.9210453,2.8286009,9.6487799,10.090052,-10.127358,29.424919,10.695003,10.312469,-9.5170641,30.907068
34.9,27,-3.7147582,2.6712129,-8.9502392,1.5207232,34.900002,493.039,-1.0977145,2.0144603,-5.0459843,2.8505554,9.3488073,10.166991,-10.57813,29.275745,10.446523,10.397663,-9.9325237,30.825569
35,27,-3.9657271,2.7384241,-9.3329391,1.4014853,35,512,-1.1506623,2.0533123,-5.1750803,2.8737557,9.03263,10.243367,-11.044002,29.109261,10.183292,10.482811,-10.362639,30.729225
35.1,27,-4.2243924,2.8078418,-9.7276611,1.2788761,35.099998,531.44104,-1.205084,2.0936,-5.3084645,2.8982966,8.7000542,10.319293,-11.525389,28.925497,9.905138,10.568051,-10.807862,30.618139
35.2,27,-4.4908471,2.8795168,-10.134597,1.1529025,35.200001,551.36798,-1.2609973,2.1353805,-5.4462662,2.9242716,8.350893,10.394888,-12.022714,28.724499,9.6118898,10.653534,-11.268652,30.492432
35.3,27,-4.7651939,2.9534976,-10.553943,1.0235552,35.299999,571.78705,-1.3184216,2.1787074,-5.5886097,2.9517665,7.9849076,10.470261,-12.536426,28.506241,9.3033295,10.739392,-11.745492,30.352152
35.4,27,-5.0475192,3.0298316,-10.98588,.89084172,35.400002,592.70386,-1.3773739,2.2236357,-5.73562,2.9808719,7.601933,10.545549,-13.066963,28.270828,8.9793072,10.825796,-12.238863,30.197477
35.5,27,-5.3379326,3.1085656,-11.43061,.75474399,35.5,614.125,-1.4378749,2.2702177,-5.8874197,3.0116696,7.2017174,10.620873,-13.614812,28.018246,8.6395922,10.912893,-12.749285,30.028469
35.6,27,-5.6365228,3.189744,-11.888306,.61526096,35.599998,636.05609,-1.4999415,2.3185043,-6.0441265,3.0442436,6.7840819,10.69638,-14.180438,27.748602,8.2840233,11.000859,-13.277265,29.845312
35.7,27,-5.9433794,3.2734106,-12.359146,.47238705,35.700001,658.50293,-1.5635912,2.3685465,-6.2058568,3.0786746,6.3488412,10.772222,-14.764324,27.462008,7.9124327,11.089876,-13.823326,29.648191
35.8,27,-6.2586126,3.3596077,-12.843323,.32609761,35.799999,681.47205,-1.6288447,2.420392,-6.372726,3.1150362,5.8957472,10.848536,-15.366994,27.158489,7.5245919,11.180115,-14.388029,29.437214
35.9,27,-6.5823054,3.4483767,-13.341,.17638838,35.900002,704.96893,-1.6957183,2.4740882,-6.5448422,3.1534054,5.4246373,10.925499,-15.988947,26.838223,7.1203561,11.271773,-14.971915,29.212627
36,27,-6.9145656,3.5397575,-13.852363,.023231672,36,729,-1.7642322,2.5296805,-6.7223148,3.1938503,4.9352674,11.003261,-16.630728,26.501263,6.6994996,11.365039,-15.575566,28.974566
36.1,27,-7.2554836,3.6337891,-14.37758,-.13338789,36.099998,753.57111,-1.8344041,2.5872128,-6.9052477,3.2364397,4.4274502,11.082003,-17.292875,26.147776,6.2618542,11.460115,-16.19956,28.723269
36.2,27,-7.6051497,3.7305093,-14.916814,-.29348618,36.200001,778.68793,-1.9062512,2.6467276,-7.0937419,3.2812395,3.9010036,11.161909,-17.975935,25.777943,5.8072548,11.55722,-16.844479,28.458988
36.3,27,-7.9636736,3.8299556,-15.470249,-.45709834,36.299999,804.35706,-1.9797941,2.7082658,-7.2878976,3.3283095,3.3556778,11.243154,-18.680498,25.391855,5.3354721,11.656551,-17.510948,28.181892
36.4,27,-8.3311377,3.9321635,-16.038036,-.62423879,36.400002,830.58392,-2.0550494,2.771867,-7.4878087,3.3777101,2.7913125,11.325942,-19.407125,24.98975,4.8463616,11.758343,-18.199566,27.89229
36.5,27,-8.7076502,4.0371685,-16.620356,-.79494488,36.5,857.375,-2.1320369,2.8375688,-7.6935692,3.4294956,2.2076614,11.41046,-20.156429,24.571751,4.3396983,11.862806,-18.910975,27.590372
36.6,27,-9.0933018,4.1450052,-17.217361,-.96924067,36.599998,884.73608,-2.2107744,2.9054077,-7.9052691,3.4837201,1.6045388,11.496918,-20.929007,24.138084,3.8153133,11.970179,-19.645805,27.276432
36.7,27,-9.4881821,4.2557063,-17.829212,-1.1471514,36.700001,912.67291,-2.2912796,2.9754188,-8.1229935,3.5404341,.98176169,11.585533,-21.725466,23.68899,3.2730412,12.080697,-20.40469,26.950773
36.8,27,-9.8924017,4.3693061,-18.456083,-1.3287195,36.799999,941.19208,-2.3735726,3.047636,-8.3468294,3.5996842,.33907944,11.676511,-22.546461,23.224621,2.712652,12.194592,-21.188309,26.613613
36.9,27,-10.306042,4.4858346,-19.098116,-1.5139666,36.900002,970.29889,-2.4576697,3.1220913,-8.5768557,3.6615167,-.32366404,11.770082,-23.392601,22.745274,2.1340055,12.312114,-21.997293,26.265305
37,27,-10.729212,4.6053262,-19.755486,-1.7029378,37,1000,-2.5435915,3.1988163,-8.8131561,3.7259731,-1.0067213,11.866465,-24.264565,22.251122,1.5368704,12.433498,-22.83234,25.90608
37.1,27,-11.161906,4.7277884,-20.428202,-1.895612,37.099998,1030.2952,-2.6313374,3.2778268,-9.0557604,3.7930853,-1.7100712,11.965898,-25.1628,21.742659,.92126608,12.558999,-23.69392,25.536451
37.2,27,-11.603732,4.8531346,-21.115702,-2.0917633,37.200001,1061.1599,-2.7208316,3.3590789,-9.3045053,3.8628421,-2.4328654,12.068641,-26.086966,21.221235,.28796625,12.688854,-24.58173,25.157663
37.3,27,-12.054224,4.9812551,-21.817305,-2.2911432,37.299999,1092.5651,-2.8119853,3.4425097,-9.5591803,3.9352098,-3.1741321,12.174917,-27.036531,20.688267,-.36214697,12.823262,-25.495279,24.770987
37.4,27,-12.512885,5.1120315,-22.532284,-2.4934878,37.400002,1124.4799,-2.9047031,3.5280473,-9.8195486,4.0101423,-3.9327955,12.284948,-28.010853,20.145262,-1.0280924,12.962412,-26.433952,24.377769
37.5,27,-12.97925,5.2453437,-23.259935,-2.6985652,37.5,1156.875,-2.9988964,3.6156168,-10.085375,4.0875821,-4.70788,12.398911,-29.009298,19.593538,-1.7089839,13.106442,-27.397139,23.97917
37.6,27,-13.452831,5.3810668,-23.999529,-2.9061346,37.599998,1189.7202,-3.0944712,3.7051358,-10.356404,4.1674614,-5.4983392,12.516968,-30.031145,19.034466,-2.4038682,13.255473,-28.384119,23.576382
37.7,27,-13.933138,5.5190697,-24.750317,-3.1159596,37.700001,1222.985,-3.191334,3.7965169,-10.63237,4.2497025,-6.3031178,12.639255,-31.075602,18.469366,-3.1117837,13.409596,-29.39411,23.170542
37.8,27,-14.419705,5.6592245,-25.511581,-3.3278286,37.799999,1256.6401,-3.2893953,3.8896713,-10.913012,4.3342204,-7.121244,12.765867,-32.141884,17.899397,-3.8318484,13.568859,-30.426323,22.762627
37.9,27,-14.912036,5.8013945,-26.28256,-3.541512,37.900002,1290.6549,-3.3885608,3.984503,-11.198043,4.4209218,-7.951642,12.896893,-33.229088,17.325802,-4.5630813,13.733293,-31.479841,22.353678
38,27,-15.409666,5.945446,-27.062527,-3.7568057,38,1325,-3.4887404,4.0809164,-11.487189,4.5097084,-8.7933369,13.032371,-34.336315,16.749641,-5.3045959,13.902887,-32.553753,21.944563
38.1,27,-15.912107,6.0912399,-27.850718,-3.9734948,38.099998,1359.6451,-3.5898414,4.1788101,-11.780158,4.6004753,-9.6452808,13.17233,-35.462574,16.172012,-6.055439,14.077611,-33.647049,21.536173
38.2,27,-16.418865,6.2386351,-28.646366,-4.1913657,38.200001,1394.5598,-3.6917696,4.2780805,-12.076653,4.6931138,-10.506419,13.316771,-36.606808,15.593971,-6.8146491,14.257406,-34.758652,21.129354
38.3,27,-16.929483,6.3874941,-29.448742,-4.4102254,38.299999,1429.715,-3.7944365,4.3786254,-12.376384,4.7875113,-11.375785,13.465655,-37.767982,15.016415,-7.5813484,14.442179,-35.887497,20.724802
38.4,27,-17.443462,6.5376711,-30.257061,-4.6298618,38.400002,1465.0798,-3.8977468,4.4803362,-12.679045,4.8835506,-12.252302,13.618937,-38.944931,14.440326,-8.3545551,14.63182,-37.032394,20.323284
38.5,27,-17.960333,6.6890254,-31.070581,-4.8500829,38.5,1500.625,-4.0016112,4.583107,-12.984336,4.9811139,-13.134991,13.776534,-40.136501,13.86652,-9.1333799,14.826185,-38.192169,19.925409
38.6,27,-18.479609,6.8414125,-31.888531,-5.0706859,38.599998,1536.3202,-4.1059361,4.6868281,-13.29195,5.0800786,-14.022804,13.938346,-41.341461,13.295852,-9.9168682,15.025118,-39.365559,19.531822
38.7,27,-19.000799,6.9946856,-32.710133,-5.2914667,38.700001,1572.1349,-4.2106271,4.7913885,-13.601576,5.1803212,-14.914687,14.104254,-42.558517,12.729143,-10.70406,15.228437,-40.55125,19.143129
38.8,27,-19.523443,7.1487041,-33.534645,-5.5122414,38.799999,1608.0402,-4.3155971,4.8966794,-13.912912,5.2817187,-15.809677,14.274111,-43.786419,12.167067,-11.49408,15.435938,-41.747963,18.759802
38.9,27,-20.047039,7.3033171,-34.361279,-5.7328005,38.900002,1644.0049,-4.4207492,5.0025878,-14.225641,5.3841424,-16.706684,14.44776,-45.023773,11.610404,-12.285936,15.647404,-42.954285,18.382412
39,27,-20.571125,7.4583836,-35.189289,-5.952961,39,1680,-4.5259948,5.1090035,-14.539458,5.4874682,-17.604744,14.625016,-46.269249,11.059761,-13.07875,15.862594,-44.168861,18.011364
39.1,27,-21.095291,7.6137772,-36.018021,-6.1725626,39.099998,1716.0002,-4.6312561,5.2158294,-14.854094,5.5915818,-18.502977,14.805701,-47.521618,10.515663,-13.871722,16.081282,-45.390453,17.647011
39.2,27,-21.619448,7.7694559,-36.847301,-6.3915935,39.200001,1751.9999,-4.7365155,5.3230247,-15.169452,5.6964211,-19.401178,14.98968,-48.780411,9.978055,-14.664663,16.303307,-46.618557,17.28923
39.3,27,-22.143612,7.9254069,-37.677124,-6.6101003,39.299999,1788,-4.8417764,5.4305701,-15.485498,5.8019462,-20.299408,15.176831,-50.045452,9.4466343,-15.457632,16.528534,-47.852962,16.937698
39.4,27,-22.66777,8.0816116,-38.507439,-6.8281026,39.400002,1823.9998,-4.9470358,5.538444,-15.802187,5.9081144,-21.197613,15.367041,-51.31646,8.9212332,-16.250578,16.756836,-49.093372,16.592216
39.5,27,-23.191936,8.2380581,-39.338234,-7.04564,39.5,1860,-5.0522971,5.6466289,-16.119486,6.0148921,-22.095846,15.560193,-52.593266,8.4015713,-17.04355,16.988087,-50.339588,16.252489
39.6,27,-23.716105,8.3947315,-40.169476,-7.262733,39.599998,1896.0002,-5.1575584,5.7551064,-16.437361,6.1222429,-22.994081,15.756183,-53.875633,7.8874698,-17.836523,17.22217,-51.591354,15.918309
39.7,27,-24.240261,8.5516176,-41.001122,-7.4793987,39.700001,1931.9999,-5.2628179,5.8638587,-16.75577,6.2301335,-23.892282,15.954906,-55.163322,7.378758,-18.629463,17.458969,-52.848415,15.589487
39.8,27,-24.764425,8.7087078,-41.833179,-7.6956725,39.799999,1968,-5.3680787,5.9728732,-17.074696,6.3385377,-24.790512,16.156258,-56.456196,6.8751717,-19.422432,17.698376,-54.110615,15.265748
39.9,27,-25.288584,8.8659887,-42.6656,-7.9115653,39.900002,2003.9998,-5.4733386,6.0821342,-17.394102,6.4474249,-25.688717,16.360146,-57.754013,6.3765802,-20.215378,17.940289,-55.377697,14.946941
40,27,-25.81275,9.0234528,-43.498394,-8.1271067,40,2040,-5.5785999,6.1916304,-17.713972,6.5567727,-26.58695,16.566473,-59.056641,5.882741,-21.00835,18.184605,-56.649521,14.632818
40.1,27,-26.336918,9.1810904,-44.331524,-8.3423109,40.099998,2076.0002,-5.6838613,6.3013487,-18.034277,6.6665549,-27.485184,16.775152,-60.363876,5.3935089,-21.801323,18.431229,-57.925865,14.32322
40.2,27,-26.861074,9.3388901,-45.164963,-8.5571871,40.200001,2112,-5.7891207,6.4112759,-18.35499,6.7767487,-28.383389,16.986094,-61.675522,4.9087443,-22.594269,18.680069,-59.206528,14.017993
40.3,27,-27.385239,9.4968462,-45.998714,-8.7717619,40.299999,2148,-5.8943815,6.5214033,-18.676098,6.8873343,-29.281614,17.199217,-62.991459,4.4282293,-23.387234,18.931038,-60.491386,13.716918
40.4,27,-27.909395,9.6549492,-46.832748,-8.986043,40.400002,2183.9998,-5.9996409,6.6317205,-18.997574,6.998292,-30.179819,17.41444,-64.311493,3.9518549,-24.180178,19.184053,-61.780231,13.419874
40.5,27,-28.433563,9.8131952,-47.667072,-9.2000542,40.5,2220,-6.1049023,6.7422194,-19.31941,7.1096048,-31.078053,17.631687,-65.635521,3.4794171,-24.97315,19.439035,-63.07296,13.126657
40.6,27,-28.957731,9.9715757,-48.501659,-9.4138012,40.599998,2256.0002,-6.2101636,6.85289,-19.641582,7.2212539,-31.976288,17.850883,-66.963379,3.0108008,-25.766123,19.695906,-64.369392,12.837144
40.7,27,-29.481888,10.130082,-49.336483,-9.6272926,40.700001,2292,-6.3154235,6.9637232,-19.964069,7.3332229,-32.874493,18.071959,-68.294884,2.5458958,-26.559069,19.954594,-65.669357,12.551217
40.8,27,-30.006056,10.288713,-50.171562,-9.8405504,40.799999,2328.0002,-6.4206848,7.0747132,-20.286869,7.4454989,-33.772728,18.294846,-69.629967,2.0845108,-27.352041,20.215029,-66.972771,12.268688
40.9,27,-30.530205,10.447454,-51.00684,-10.053571,40.900002,2363.9995,-6.5259428,7.1858492,-20.609949,7.558063,-34.670914,18.519474,-70.968414,1.626587,-28.144972,20.47714,-68.279427,11.989487
41,27,-31.054377,10.606314,-51.842369,-10.266383,41,2400,-6.6312051,7.2971311,-20.933319,7.6709094,-35.569157,18.745789,-72.310226,1.1719145,-28.937952,20.740873,-69.589317,11.713414
41.1,27,-31.578545,10.765278,-52.678101,-10.478987,41.099998,2436.0002,-6.7364664,7.4085479,-21.256952,7.7840204,-36.467392,18.973724,-73.655212,.72042769,-29.730925,21.006163,-70.902245,11.440396
41.2,27,-32.102703,10.924341,-53.514019,-10.691385,41.200001,2472,-6.8417258,7.5200925,-21.580835,7.8973842,-37.365597,19.203226,-75.003227,.27203548,-30.523869,21.272945,-72.218079,11.170338
41.3,27,-32.626869,11.083505,-54.35014,-10.903598,41.299999,2508.0002,-6.9469872,7.631762,-21.904966,8.0109921,-38.263828,19.434237,-76.354233,-.17342684,-31.316841,21.541172,-73.536766,10.90308
41.4,27,-33.15102,11.242757,-55.186417,-11.11562,41.400002,2543.9995,-7.0522456,7.7435474,-22.229319,8.1248283,-39.162018,19.666698,-77.708038,-.61599618,-32.109772,21.810783,-74.858124,10.638577
41.5,27,-33.67519,11.402103,-56.022903,-11.327477,41.5,2580,-7.1575074,7.8554502,-22.553907,8.2388916,-40.060261,19.900572,-79.064659,-1.0558571,-32.902752,22.081738,-76.182167,10.376659
41.6,27,-34.199356,11.561535,-56.859547,-11.539165,41.599998,2616.0002,-7.2627687,7.9674606,-22.878704,8.3531666,-40.958492,20.135798,-80.423935,-1.4930543,-33.695724,22.353981,-77.50872,10.117272
41.7,27,-34.723515,11.721045,-57.696342,-11.750687,41.700001,2652,-7.3680286,8.0795736,-23.203701,8.4676437,-41.856697,20.372334,-81.785736,-1.9276587,-34.48867,22.627464,-78.837685,9.8603439
41.8,27,-35.247677,11.880636,-58.533298,-11.962058,41.799999,2688,-7.473289,8.1917868,-23.528896,8.5823183,-42.754925,20.610132,-83.15004,-2.3598073,-35.281635,22.902145,-80.169014,9.6057453
41.9,27,-35.771832,12.040301,-59.370388,-12.173275,41.900002,2723.9995,-7.578548,8.3040943,-23.854275,8.6971788,-43.653122,20.84915,-84.516701,-2.7895365,-36.074574,23.17798,-81.502579,9.3534336
42,27,-36.296001,12.200042,-60.207645,-12.384359,42,2760,-7.6838102,8.4164972,-24.179842,8.8122225,-44.551361,21.089352,-85.885735,-3.2169926,-36.867554,23.454935,-82.838379,9.1032753
42.1,27,-36.820171,12.359852,-61.045036,-12.595304,42.099998,2796.0002,-7.7890716,8.5289879,-24.505581,8.9274378,-45.449596,21.330692,-87.256981,-3.6422098,-37.660526,23.732964,-84.176277,8.8552294
42.2,27,-37.344326,12.519728,-61.882542,-12.806112,42.200001,2832,-7.894331,8.6415615,-24.83148,9.042819,-46.347801,21.57313,-88.630363,-4.0652428,-38.453472,24.01203,-85.516182,8.6092424
42.3,27,-37.868492,12.679668,-62.720184,-13.016798,42.299999,2868,-7.9995918,8.7542181,-25.157543,9.1583605,-47.246029,21.816633,-90.005844,-4.4862099,-39.246437,24.292097,-86.85807,8.365201
42.4,27,-38.392643,12.839669,-63.557934,-13.227356,42.400002,2903.9995,-8.1048508,8.866951,-25.483755,9.2740536,-48.144222,22.061165,-91.383316,-4.9051342,-40.039371,24.573132,-88.201828,8.1230793
42.5,27,-38.916817,12.999734,-64.395828,-13.437805,42.5,2940,-8.2101126,8.979763,-25.810123,9.3898983,-49.042465,22.306696,-92.762787,-5.3221445,-40.832352,24.855106,-89.54747,7.882761
42.6,27,-39.440983,13.159856,-65.233826,-13.648139,42.599998,2976.0002,-8.3153744,9.0926466,-26.136633,9.5058851,-49.940701,22.553188,-94.144135,-5.7372622,-41.625324,25.137985,-90.894867,7.644218
42.7,27,-39.965141,13.320031,-66.071922,-13.858359,42.700001,3012,-8.4206333,9.2055988,-26.463274,9.6220074,-50.838905,22.800611,-95.527283,-6.1505284,-42.41827,25.421734,-92.24395,7.4074101
42.8,27,-40.489304,13.480261,-66.910126,-14.068478,42.799999,3048,-8.5258942,9.3186188,-26.790052,9.7382631,-51.737129,23.048935,-96.912216,-6.562048,-43.211235,25.706327,-93.594711,7.1722398
42.9,27,-41.013458,13.64054,-67.748428,-14.278489,42.900002,3083.9995,-8.6311531,9.4317026,-27.116951,9.8546448,-52.635326,23.29813,-98.29882,-6.9718313,-44.004173,25.991735,-94.947037,6.938693
43,27,-41.537628,13.800874,-68.586845,-14.488412,43,3120,-8.7364149,9.5448523,-27.443983,9.9711523,-53.533569,23.548174,-99.687141,-7.3799944,-44.797153,26.277941,-96.300972,6.706665
43.1,27,-42.061798,13.961256,-69.425362,-14.69824,43.099998,3156.0005,-8.8416777,9.6580629,-27.771133,10.087778,-54.431812,23.799038,-101.07707,-7.7865534,-45.590134,26.564913,-97.656403,6.4761367
43.2,27,-42.585964,14.121684,-70.263954,-14.907973,43.200001,3192.0007,-8.9469385,9.7713308,-28.098394,10.204518,-55.330032,24.050694,-102.46853,-8.1915388,-46.383095,26.852621,-99.013268,6.247077
43.3,27,-43.110104,14.282149,-71.1026,-15.117607,43.299999,3227.9993,-9.0521946,9.8846502,-28.425753,10.321363,-56.228207,24.303106,-103.86142,-8.5949965,-47.176014,27.141035,-100.37147,6.0194364
43.4,27,-43.63427,14.442665,-71.941376,-15.327167,43.400002,3263.9995,-9.1574554,9.9980288,-28.753231,10.43832,-57.126431,24.556274,-105.25584,-8.9970169,-47.968975,27.430155,-101.73109,5.7931423
43.5,27,-44.15844,14.603225,-72.780235,-15.536648,43.5,3300,-9.2627182,10.111462,-29.080818,10.555382,-58.024673,24.810165,-106.6517,-9.3976431,-48.761955,27.71995,-103.09206,5.5681486
43.6,27,-44.682613,14.763824,-73.619179,-15.746048,43.599998,3336.0005,-9.36798,10.224945,-29.408503,10.672544,-58.922916,25.064754,-108.04893,-9.7968969,-49.554935,28.010395,-104.4543,5.3444324
43.7,27,-45.206779,14.924463,-74.458191,-15.955368,43.700001,3372.0007,-9.4732409,10.338476,-29.736282,10.789801,-59.821136,25.320024,-109.44747,-10.194801,-50.347897,28.301472,-105.81776,5.1219711
43.8,27,-45.730919,15.085132,-75.297234,-16.164602,43.799999,3407.9993,-9.5784969,10.45205,-30.06414,10.907146,-60.719311,25.575939,-110.84723,-10.591393,-51.140816,28.593147,-107.18235,4.9007235
43.9,27,-46.255085,15.245845,-76.136391,-16.373775,43.900002,3443.9995,-9.6837587,10.565676,-30.392103,11.024587,-61.617535,25.832504,-112.24831,-10.986756,-51.933773,28.885429,-108.54817,4.6806259
44,27,-46.779255,15.406595,-76.975624,-16.582882,44,3480,-9.7890205,10.679347,-30.720156,11.142116,-62.515774,26.089689,-113.65063,-11.380922,-52.726753,29.178289,-109.91515,4.4616399
44.1,27,-47.303425,15.567381,-77.814934,-16.79192,44.099998,3516.0005,-9.8942823,10.793061,-31.048294,11.259729,-63.414017,26.347479,-115.05412,-11.77391,-53.519733,29.471706,-111.28322,4.2437491
44.2,27,-47.827591,15.728198,-78.654289,-17.000889,44.200001,3552.0007,-9.9995432,10.906816,-31.376513,11.377424,-64.312241,26.60585,-116.45875,-12.165732,-54.312695,29.765667,-112.65233,4.026938
44.3,27,-48.351727,15.88904,-79.493675,-17.209782,44.299999,3587.999,-10.104799,11.020606,-31.70479,11.495193,-65.210403,26.864775,-117.8644,-12.556417,-55.105606,30.060135,-114.02239,3.8111756
44.4,27,-48.875896,16.049923,-80.333168,-17.418627,44.400002,3623.9995,-10.210061,11.134442,-32.033169,11.613046,-66.108635,27.124266,-119.27122,-12.946053,-55.898575,30.355133,-115.39355,3.5963936
44.5,27,-49.400066,16.210836,-81.172722,-17.627413,44.5,3660,-10.315323,11.248317,-32.361618,11.730973,-67.006882,27.384293,-120.67911,-13.334652,-56.691555,30.650627,-116.76568,3.382571
44.6,27,-49.92424,16.371778,-82.012337,-17.836142,44.599998,3696.0005,-10.420585,11.362228,-32.690144,11.848973,-67.905121,27.644838,-122.08801,-13.722232,-57.484535,30.946604,-118.13876,3.1696932
44.7,27,-50.448402,16.532751,-82.851997,-18.044809,44.700001,3732.0007,-10.525846,11.476174,-33.018734,11.967042,-68.803345,27.905891,-123.49789,-14.108801,-58.277496,31.243046,-119.51274,2.9577501
44.8,27,-50.972542,16.693741,-83.691673,-18.25341,44.799999,3767.999,-10.631102,11.590149,-33.347378,12.085174,-69.701508,28.167419,-124.90864,-14.494381,-59.070408,31.539928,-120.88754,2.7467155
44.9,27,-51.496708,16.854769,-84.531448,-18.461971,44.900002,3803.9995,-10.736363,11.704165,-33.676105,12.203379,-70.599739,28.429443,-126.32043,-14.879054,-59.863377,31.837271,-122.26328,2.5365276
45,27,-52.020882,17.015821,-85.371277,-18.670483,45,3840,-10.841625,11.818213,-34.004898,12.321648,-71.497978,28.691931,-127.73313,-15.26283,-60.656357,32.135044,-123.63988,2.3271697
45.1,27,-52.545044,17.176899,-86.211151,-18.878939,45.099998,3876,-10.946886,11.932293,-34.333752,12.439978,-72.39621,28.954868,-129.14671,-15.645709,-61.449322,32.433228,-125.01728,2.118639
45.2,27,-53.069221,17.338007,-87.051086,-19.087353,45.200001,3912.001,-11.05215,12.046406,-34.66267,12.558372,-73.294456,29.218252,-130.56117,-16.027731,-62.242306,32.731831,-126.39552,1.9109038
45.3,27,-53.593353,17.499125,-87.891006,-19.295698,45.299999,3947.999,-11.157404,12.16054,-34.991623,12.676815,-74.192612,29.482044,-131.97636,-16.408869,-63.03521,33.030804,-127.77439,1.7039754
45.4,27,-54.117535,17.66028,-88.731049,-19.504019,45.400002,3984.0002,-11.262669,12.274713,-35.320663,12.795326,-75.090866,29.746275,-133.3925,-16.789238,-63.828197,33.330189,-129.15416,1.497767
45.5,27,-54.641693,17.821453,-89.571098,-19.712286,45.5,4020,-11.367929,12.388909,-35.649746,12.913889,-75.989082,30.010902,-134.80937,-17.168797,-64.621155,33.629932,-130.53462,1.2923025
45.6,27,-55.165855,17.982649,-90.411201,-19.920511,45.599998,4056,-11.473188,12.503136,-35.978882,13.032506,-76.887314,30.275927,-136.22704,-17.547585,-65.414124,33.930046,-131.91579,1.0875496
45.7,27,-55.690033,18.143871,-91.251366,-20.128698,45.700001,4092.001,-11.578452,12.617391,-36.308083,13.151179,-77.785561,30.541342,-137.64549,-17.925625,-66.207108,34.230526,-133.2977,.88349116
45.8,27,-56.214165,18.305101,-92.091507,-20.336826,45.799999,4127.999,-11.683706,12.731663,-36.637306,13.269895,-78.683716,30.807112,-139.06454,-18.302885,-67.000008,34.531322,-134.68016,.68014169
45.9,27,-56.738342,18.466366,-92.931755,-20.544931,45.900002,4164,-11.78897,12.84597,-36.96661,13.388669,-79.581963,31.073269,-140.48445,-18.679474,-67.792992,34.832485,-136.0634,.47742209
46,27,-57.262505,18.627645,-93.772018,-20.752993,46,4200,-11.894231,12.960299,-37.295952,13.507489,-80.480186,31.339775,-141.90501,-19.055357,-68.58596,35.133965,-137.44727,.27534813
46.1,27,-57.786671,18.788944,-94.612328,-20.961014,46.099998,4236,-11.999491,13.074653,-37.62534,13.626357,-81.37841,31.606628,-143.32626,-19.430561,-69.378922,35.435764,-138.83174,.073901378
46.2,27,-58.310848,18.950268,-95.45269,-21.169004,46.200001,4272.001,-12.104754,13.189033,-37.954784,13.745275,-82.276657,31.873827,-144.74821,-19.805107,-70.171906,35.737885,-140.21687,-.12693588
46.3,27,-58.83498,19.111597,-96.293022,-21.376938,46.299999,4307.999,-12.21001,13.303426,-38.284245,13.864226,-83.17482,32.141335,-146.17067,-20.178963,-70.964813,36.040287,-141.60248,-.32714698
46.4,27,-59.359158,19.272957,-97.133453,-21.584856,46.400002,4344,-12.315272,13.41785,-38.613777,13.983232,-84.073067,32.409184,-147.5939,-20.552231,-71.75779,36.343006,-142.98878,-.52680719
46.5,27,-59.88332,19.43433,-97.973907,-21.792734,46.5,4380,-12.420533,13.532295,-38.943344,14.102278,-84.971291,32.677341,-149.0177,-20.924877,-72.550758,36.646011,-144.37561,-.72589886
46.6,27,-60.407475,19.595718,-98.814377,-22.000574,46.599998,4415.9995,-12.525792,13.646758,-39.272945,14.221363,-85.869499,32.945801,-150.44208,-21.296915,-73.343704,36.949291,-145.76299,-.92443073
46.7,27,-60.93166,19.757132,-99.654922,-22.208395,46.700001,4452.001,-12.631057,13.761249,-39.602608,14.340495,-86.767761,33.214577,-151.86713,-21.668392,-74.136703,37.252861,-147.15097,-1.1224393
46.8,27,-61.455791,19.918547,-100.49542,-22.416159,46.799999,4487.999,-12.736312,13.875749,-39.932278,14.459656,-87.665924,33.483616,-153.2926,-22.039244,-74.929611,37.556671,-148.53934,-1.3198848
46.9,27,-61.979969,20.07999,-101.33603,-22.623911,46.900002,4524,-12.841575,13.990277,-40.262016,14.578865,-88.564171,33.75296,-154.71875,-22.409582,-75.722595,37.860771,-149.92834,-1.5168465
47,27,-62.504131,20.241446,-102.17664,-22.831629,47,4560,-12.946836,14.104822,-40.591778,14.698109,-89.462395,34.022575,-156.14542,-22.779369,-76.515556,38.165115,-151.31781,-1.7133054
