temp,ref,yhat_comm,se_comm,lowerci_comm,upperci_comm,yhat_low,se_low,lowerci_low,upperci_low,yhat_high,se_high,lowerci_high,upperci_high,yhat_marg,se_marg,lowerci_marg,upperci_marg
-20,27,-10.686877,11.002141,-32.250679,10.876924,-2.5172169,13.458082,-28.894573,23.86014,-34.227909,33.303707,-99.501976,31.04616,-31.710691,35.954494,-102.18021,38.758823
-19.9,27,-10.664139,10.978732,-32.18206,10.853782,-2.5118611,13.429448,-28.833096,23.809374,-34.155083,33.232849,-99.290268,30.980104,-31.643223,35.877998,-101.96281,38.676357
-19.799999,27,-10.6414,10.955323,-32.113441,10.830639,-2.5065053,13.400814,-28.771618,23.758608,-34.082256,33.161991,-99.078568,30.914049,-31.575752,35.801498,-101.7454,38.593895
-19.700001,27,-10.618663,10.931915,-32.044823,10.807497,-2.5011497,13.37218,-28.71014,23.707842,-34.009434,33.091133,-98.866859,30.847994,-31.508284,35.724998,-101.528,38.511429
-19.6,27,-10.595924,10.908506,-31.976204,10.784354,-2.4957938,13.343546,-28.648663,23.657076,-33.936607,33.020271,-98.655151,30.781939,-31.440813,35.648499,-101.31059,38.428963
-19.5,27,-10.573187,10.885098,-31.907585,10.761211,-2.490438,13.314912,-28.587185,23.606308,-33.863781,32.949413,-98.443443,30.715881,-31.373344,35.572002,-101.09319,38.346497
-19.4,27,-10.550448,10.861689,-31.838966,10.73807,-2.4850821,13.286277,-28.525707,23.555542,-33.790955,32.878555,-98.231743,30.649826,-31.305874,35.495502,-100.87578,38.26403
-19.299999,27,-10.52771,10.83828,-31.770348,10.714927,-2.4797263,13.257643,-28.46423,23.504776,-33.718132,32.807693,-98.020035,30.583771,-31.238405,35.419003,-100.65837,38.181564
-19.200001,27,-10.504972,10.814871,-31.701731,10.691785,-2.4743707,13.229009,-28.402752,23.45401,-33.645306,32.736839,-97.808327,30.517715,-31.170937,35.342506,-100.44097,38.099102
-19.1,27,-10.482235,10.791462,-31.633112,10.668642,-2.4690149,13.200375,-28.341274,23.403244,-33.572479,32.665977,-97.596619,30.45166,-31.103466,35.266006,-100.22356,38.016636
-19,27,-10.459496,10.768053,-31.564493,10.6455,-2.463659,13.171741,-28.279797,23.352478,-33.499657,32.595119,-97.384918,30.385603,-31.035995,35.189507,-100.00616,37.93417
-18.9,27,-10.436758,10.744644,-31.495874,10.622357,-2.4583032,13.143106,-28.218317,23.301712,-33.42683,32.524261,-97.17321,30.319548,-30.968527,35.113007,-99.788757,37.851704
-18.799999,27,-10.414021,10.721235,-31.427256,10.599215,-2.4529474,13.114471,-28.156839,23.250944,-33.354004,32.4534,-96.961502,30.253492,-30.901056,35.036507,-99.57135,37.769238
-18.700001,27,-10.391282,10.697826,-31.358639,10.576073,-2.4475918,13.085838,-28.095364,23.20018,-33.281181,32.382542,-96.749794,30.187437,-30.833588,34.960011,-99.353951,37.686771
-18.6,27,-10.368545,10.674417,-31.29002,10.552931,-2.4422359,13.057203,-28.033884,23.149412,-33.208355,32.311684,-96.538094,30.121382,-30.766119,34.883511,-99.136543,37.604305
-18.5,27,-10.345806,10.651009,-31.221401,10.529788,-2.4368801,13.028569,-27.972406,23.098646,-33.135529,32.240826,-96.326385,30.055326,-30.698648,34.807011,-98.919136,37.521843
-18.4,27,-10.323068,10.6276,-31.152782,10.506645,-2.4315243,12.999935,-27.910929,23.04788,-33.062702,32.169964,-96.114677,29.989269,-30.631178,34.730515,-98.701736,37.439377
-18.299999,27,-10.30033,10.604191,-31.084164,10.483503,-2.4261687,12.9713,-27.849451,22.997114,-32.989876,32.099106,-95.902969,29.923214,-30.563709,34.654015,-98.484329,37.356911
-18.200001,27,-10.277593,10.580783,-31.015545,10.460361,-2.4208128,12.942667,-27.787973,22.946348,-32.917053,32.028248,-95.691269,29.857159,-30.496241,34.577515,-98.26693,37.274445
-18.1,27,-10.254854,10.557374,-30.946926,10.437219,-2.415457,12.914033,-27.726496,22.895582,-32.844227,31.957388,-95.479561,29.791103,-30.42877,34.501015,-98.049522,37.191978
-18,27,-10.232116,10.533965,-30.878307,10.414076,-2.4101012,12.885398,-27.665018,22.844814,-32.7714,31.88653,-95.267853,29.725048,-30.361301,34.424519,-97.832115,37.109512
-17.9,27,-10.209378,10.510556,-30.809689,10.390933,-2.4047456,12.856764,-27.60354,22.794048,-32.698578,31.81567,-95.056145,29.658991,-30.293831,34.348019,-97.614708,37.027046
-17.799999,27,-10.18664,10.487147,-30.74107,10.367791,-2.3993897,12.82813,-27.542061,22.743282,-32.625751,31.74481,-94.844437,29.592936,-30.22636,34.271519,-97.397301,36.94458
-17.700001,27,-10.163902,10.463738,-30.672453,10.344649,-2.3940339,12.799496,-27.480585,22.692516,-32.552925,31.673954,-94.632736,29.52688,-30.158892,34.195023,-97.179901,36.862118
-17.6,27,-10.141164,10.44033,-30.603834,10.321507,-2.3886781,12.770862,-27.419107,22.64175,-32.480103,31.603094,-94.421028,29.460825,-30.091423,34.118523,-96.962494,36.779652
-17.5,27,-10.118426,10.416921,-30.535215,10.298364,-2.3833225,12.742227,-27.357628,22.590984,-32.407276,31.532234,-94.20932,29.39477,-30.023952,34.042023,-96.745094,36.697186
-17.4,27,-10.095688,10.393512,-30.466597,10.275222,-2.3779666,12.713593,-27.29615,22.540216,-32.33445,31.461376,-93.997612,29.328712,-29.956484,33.965523,-96.527687,36.614719
-17.299999,27,-10.072949,10.370103,-30.397978,10.252079,-2.3726108,12.684958,-27.234673,22.48945,-32.261623,31.390516,-93.785904,29.262657,-29.889013,33.889023,-96.31028,36.532253
-17.200001,27,-10.050212,10.346695,-30.329361,10.228937,-2.367255,12.656324,-27.173195,22.438684,-32.188801,31.319658,-93.574203,29.196602,-29.821545,33.812527,-96.09288,36.449791
-17.1,27,-10.027473,10.323286,-30.260742,10.205794,-2.3618994,12.62769,-27.111717,22.387918,-32.115974,31.248798,-93.362495,29.130547,-29.754074,33.736027,-95.875473,36.367325
-17,27,-10.004736,10.299877,-30.192123,10.182652,-2.3565435,12.599056,-27.05024,22.337152,-32.043148,31.17794,-93.150787,29.064491,-29.686605,33.659527,-95.658066,36.284859
-16.9,27,-9.9819975,10.276468,-30.123505,10.15951,-2.3511877,12.570421,-26.988762,22.286386,-31.970324,31.10708,-92.939079,28.998434,-29.619135,33.583031,-95.440659,36.202393
-16.799999,27,-9.959259,10.253059,-30.054886,10.136367,-2.3458319,12.541787,-26.927284,22.235619,-31.897497,31.036221,-92.727371,28.932379,-29.551666,33.506531,-95.223259,36.119926
-16.700001,27,-9.9365215,10.22965,-29.986269,10.113225,-2.3404763,12.513153,-26.865807,22.184855,-31.824673,30.965364,-92.515671,28.866323,-29.484198,33.430031,-95.005852,36.03746
-16.6,27,-9.913784,10.206242,-29.91765,10.090082,-2.3351204,12.484519,-26.804329,22.134089,-31.751848,30.894505,-92.303963,28.800268,-29.416727,33.353531,-94.788452,35.954994
-16.5,27,-9.8910456,10.182833,-29.849031,10.06694,-2.3297646,12.455885,-26.742851,22.083321,-31.679022,30.823645,-92.092255,28.734213,-29.349257,33.277035,-94.571045,35.872528
-16.4,27,-9.8683071,10.159424,-29.780413,10.043797,-2.3244088,12.427251,-26.681372,22.032555,-31.606195,30.752787,-91.880547,28.668156,-29.281788,33.200535,-94.353638,35.790062
-16.299999,27,-9.8455696,10.136015,-29.711794,10.020655,-2.3190529,12.398616,-26.619894,21.981789,-31.533371,30.681927,-91.668839,28.6021,-29.214317,33.124035,-94.13623,35.7076
-16.200001,27,-9.8228312,10.112607,-29.643177,9.9975128,-2.3136973,12.369983,-26.558418,21.931023,-31.460546,30.611069,-91.457138,28.536045,-29.146849,33.047539,-93.918831,35.625134
-16.1,27,-9.8000937,10.089198,-29.574558,9.974371,-2.3083415,12.341348,-26.496939,21.880257,-31.38772,30.540209,-91.24543,28.46999,-29.07938,32.971039,-93.701424,35.542667
-16,27,-9.7773552,10.065789,-29.505939,9.9512281,-2.3029857,12.312714,-26.435461,21.829491,-31.314896,30.469351,-91.033722,28.403934,-29.011909,32.894539,-93.484024,35.460201
-15.9,27,-9.7546177,10.04238,-29.437321,9.9280853,-2.2976298,12.28408,-26.373983,21.778723,-31.242069,30.398491,-90.822014,28.337877,-28.944439,32.818039,-93.266617,35.377735
-15.8,27,-9.7318792,10.018971,-29.368702,9.9049435,-2.2922742,12.255445,-26.312506,21.727957,-31.169245,30.327633,-90.610313,28.271822,-28.87697,32.741543,-93.04921,35.295269
-15.7,27,-9.7091408,9.9955626,-29.300083,9.8818007,-2.2869184,12.226811,-26.251028,21.677191,-31.096418,30.256773,-90.398605,28.205767,-28.809502,32.665043,-92.83181,35.212803
-15.6,27,-9.6864033,9.9721537,-29.231464,9.8586588,-2.2815626,12.198177,-26.18955,21.626425,-31.023594,30.185915,-90.186897,28.139711,-28.742031,32.588543,-92.614403,35.130341
-15.5,27,-9.6636648,9.9487448,-29.162846,9.835516,-2.2762067,12.169542,-26.128073,21.575659,-30.950769,30.115055,-89.975189,28.073656,-28.674562,32.512043,-92.396996,35.047874
-15.4,27,-9.6409273,9.9253359,-29.094229,9.8123741,-2.2708509,12.140908,-26.066593,21.524893,-30.877943,30.044197,-89.763489,28.007599,-28.607092,32.435543,-92.179588,34.965408
-15.3,27,-9.6181889,9.901927,-29.02561,9.7892313,-2.2654953,12.112274,-26.005117,21.474127,-30.805119,29.973337,-89.551781,27.941545,-28.539623,32.359047,-91.962189,34.882942
-15.2,27,-9.5954514,9.8785181,-28.956991,9.7660885,-2.2601395,12.08364,-25.943638,21.423359,-30.732292,29.902479,-89.340073,27.875488,-28.472153,32.282547,-91.744781,34.800476
-15.1,27,-9.5727129,9.8551092,-28.888372,9.7429466,-2.2547836,12.055006,-25.88216,21.372593,-30.659468,29.831619,-89.128372,27.809433,-28.404684,32.206047,-91.527382,34.71801
-15,27,-9.5499754,9.8317003,-28.819754,9.7198038,-2.2494278,12.026372,-25.820683,21.321827,-30.586641,29.760761,-88.916664,27.743378,-28.337214,32.129551,-91.309975,34.635548
-14.9,27,-9.5272369,9.8082914,-28.751135,9.6966619,-2.244072,11.997737,-25.759205,21.271061,-30.513817,29.689901,-88.704956,27.677322,-28.269745,32.053051,-91.092567,34.553082
-14.8,27,-9.5044994,9.7848835,-28.682518,9.6735191,-2.2387164,11.969103,-25.697727,21.220295,-30.44099,29.619043,-88.493248,27.611267,-28.202274,31.976551,-90.875168,34.470615
-14.7,27,-9.481761,9.7614746,-28.613899,9.6503773,-2.2333605,11.940469,-25.63625,21.169529,-30.368166,29.548183,-88.28154,27.54521,-28.134806,31.900053,-90.657761,34.388149
-14.6,27,-9.4590225,9.7380657,-28.54528,9.6272345,-2.2280047,11.911835,-25.574772,21.118763,-30.295341,29.477325,-88.069839,27.479155,-28.067335,31.823555,-90.440353,34.305683
-14.5,27,-9.436285,9.7146568,-28.476662,9.6040926,-2.2226489,11.883201,-25.513294,21.067997,-30.222515,29.406466,-87.858131,27.413099,-27.999866,31.747055,-90.222954,34.223217
-14.4,27,-9.4135466,9.6912479,-28.408043,9.5809498,-2.2172933,11.854567,-25.451817,21.017229,-30.149689,29.335608,-87.646423,27.347044,-27.932396,31.670555,-90.005547,34.140751
-14.3,27,-9.3908091,9.6678391,-28.339426,9.5578079,-2.2119374,11.825933,-25.390339,20.966463,-30.076864,29.264748,-87.434715,27.280989,-27.864927,31.594057,-89.788139,34.058289
-14.2,27,-9.3680706,9.6444302,-28.270807,9.5346651,-2.2065816,11.797297,-25.328861,20.915697,-30.00404,29.19389,-87.223007,27.214931,-27.797457,31.517557,-89.570732,33.975822
-14.1,27,-9.3453331,9.6210213,-28.202188,9.5115232,-2.2012258,11.768663,-25.267384,20.864931,-29.931213,29.12303,-87.011307,27.148876,-27.729988,31.441059,-89.353333,33.893356
-14,27,-9.3225946,9.5976124,-28.13357,9.4883804,-2.1958702,11.740029,-25.205904,20.814165,-29.858389,29.052172,-86.799599,27.082821,-27.662518,31.364561,-89.135925,33.81089
-13.9,27,-9.2998562,9.5742035,-28.064951,9.4652376,-2.1905143,11.711395,-25.144426,20.763399,-29.785563,28.981312,-86.587891,27.016766,-27.595049,31.288061,-88.918518,33.728424
-13.8,27,-9.2771187,9.5507946,-27.996332,9.4420958,-2.1851585,11.682761,-25.082949,20.712633,-29.712738,28.910454,-86.376183,26.95071,-27.52758,31.211563,-88.701118,33.645958
-13.7,27,-9.2543802,9.5273857,-27.927713,9.4189529,-2.1798027,11.654127,-25.021471,20.661865,-29.639912,28.839594,-86.164482,26.884653,-27.46011,31.135063,-88.483711,33.563492
-13.6,27,-9.2316427,9.5039778,-27.859097,9.3958111,-2.1744471,11.625493,-24.959993,20.611099,-29.567087,28.768736,-85.952774,26.818598,-27.392641,31.058565,-88.266312,33.48103
-13.5,27,-9.2089043,9.4805689,-27.790478,9.3726683,-2.1690912,11.596858,-24.898516,20.560333,-29.494263,28.697876,-85.741066,26.752542,-27.325171,30.982065,-88.048904,33.398563
-13.4,27,-9.1861668,9.45716,-27.721859,9.3495255,-2.1637354,11.568224,-24.837038,20.509567,-29.421436,28.627018,-85.529358,26.686487,-27.2577,30.905567,-87.831497,33.316097
-13.3,27,-9.1634283,9.4337511,-27.65324,9.3263836,-2.1583796,11.53959,-24.77556,20.458801,-29.348612,28.556158,-85.317657,26.620432,-27.190231,30.829067,-87.614098,33.233631
-13.2,27,-9.1406898,9.4103422,-27.584621,9.3032408,-2.1530237,11.510956,-24.714083,20.408035,-29.275785,28.4853,-85.105949,26.554375,-27.122763,30.752569,-87.39669,33.151165
-13.1,27,-9.1179523,9.3869333,-27.516005,9.2800989,-2.1476681,11.482322,-24.652605,20.357269,-29.202961,28.41444,-84.894241,26.488319,-27.055292,30.676069,-87.179283,33.068699
-13,27,-9.0952139,9.3635244,-27.447386,9.2569561,-2.1423123,11.453688,-24.591127,20.306501,-29.130135,28.343582,-84.682533,26.422264,-26.987823,30.599571,-86.961884,32.986233
-12.9,27,-9.0724764,9.3401155,-27.378767,9.2338142,-2.1369565,11.425053,-24.529648,20.255735,-29.05731,28.272722,-84.470825,26.356209,-26.920353,30.523071,-86.744476,32.903767
-12.8,27,-9.0497379,9.3167067,-27.310148,9.2106714,-2.1316006,11.396419,-24.468172,20.204969,-28.984484,28.201864,-84.259125,26.290154,-26.852884,30.446573,-86.527069,32.821304
-12.7,27,-9.0270004,9.2932978,-27.241529,9.1875296,-2.126245,11.367785,-24.406693,20.154203,-28.911659,28.131004,-84.047417,26.224096,-26.785414,30.370073,-86.309662,32.738838
-12.6,27,-9.004262,9.2698889,-27.172911,9.1643867,-2.1208892,11.33915,-24.345215,20.103437,-28.838835,28.060146,-83.835709,26.158041,-26.717945,30.293575,-86.092262,32.656372
-12.5,27,-8.9815245,9.24648,-27.104292,9.1412449,-2.1155334,11.310516,-24.283737,20.052671,-28.766008,27.989286,-83.624001,26.091986,-26.650475,30.217075,-85.874855,32.573906
-12.4,27,-8.958786,9.2230711,-27.035673,9.1181021,-2.1101775,11.281882,-24.22226,20.001905,-28.693182,27.918428,-83.412292,26.02593,-26.583006,30.140577,-85.657448,32.49144
-12.3,27,-8.9360485,9.1996632,-26.967056,9.0949593,-2.1048219,11.253248,-24.160782,19.951139,-28.620358,27.847569,-83.200592,25.959875,-26.515535,30.064079,-85.440048,32.408974
-12.2,27,-8.9133101,9.1762543,-26.898438,9.0718174,-2.0994661,11.224613,-24.099304,19.900372,-28.547533,27.776711,-82.988884,25.893818,-26.448067,29.987579,-85.222641,32.326508
-12.1,27,-8.8905716,9.1528454,-26.829819,9.0486746,-2.0941103,11.195979,-24.037827,19.849606,-28.474707,27.705851,-82.777176,25.827763,-26.380598,29.911081,-85.005241,32.244045
-12,27,-8.8678341,9.1294365,-26.7612,9.0255327,-2.0887544,11.167345,-23.976349,19.79884,-28.401882,27.634993,-82.565468,25.761707,-26.313128,29.834581,-84.787834,32.161579
-11.9,27,-8.8450956,9.1060276,-26.692581,9.0023899,-2.0833986,11.138711,-23.914871,19.748074,-28.329056,27.564133,-82.353767,25.695652,-26.245657,29.758083,-84.570427,32.079113
-11.8,27,-8.8223581,9.0826187,-26.623964,8.979248,-2.078043,11.110077,-23.853394,19.697308,-28.256231,27.493275,-82.142059,25.629597,-26.178188,29.681583,-84.353027,31.996647
-11.7,27,-8.7996197,9.0592098,-26.555346,8.9561052,-2.0726871,11.081442,-23.791916,19.646542,-28.183405,27.422415,-81.930351,25.563541,-26.110718,29.605085,-84.13562,31.914181
-11.6,27,-8.7768822,9.0358009,-26.486727,8.9329634,-2.0673313,11.052809,-23.730438,19.595776,-28.11058,27.351557,-81.718643,25.497486,-26.043249,29.528585,-83.918213,31.831717
-11.5,27,-8.7541437,9.012392,-26.418108,8.9098206,-2.0619755,11.024174,-23.668959,19.545008,-28.037756,27.280697,-81.506943,25.431429,-25.975779,29.452087,-83.700806,31.74925
-11.4,27,-8.7314053,8.9889832,-26.349489,8.8866777,-2.0566196,10.99554,-23.607481,19.494242,-27.96493,27.209839,-81.295235,25.365374,-25.90831,29.375587,-83.483406,31.666784
-11.3,27,-8.7086678,8.9655743,-26.28087,8.8635359,-2.051264,10.966906,-23.546003,19.443476,-27.892105,27.138979,-81.083527,25.299318,-25.840841,29.299089,-83.265999,31.58432
-11.2,27,-8.6859293,8.9421654,-26.212252,8.8403931,-2.0459082,10.938272,-23.484526,19.39271,-27.819279,27.068121,-80.871819,25.233263,-25.773371,29.222589,-83.048592,31.501854
-11.1,27,-8.6631918,8.9187574,-26.143635,8.8172512,-2.0405524,10.909637,-23.423048,19.341944,-27.746454,26.997261,-80.660118,25.167208,-25.705902,29.146091,-82.831192,31.419388
-11,27,-8.6404533,8.8953485,-26.075016,8.7941084,-2.0351965,10.881002,-23.36157,19.291178,-27.673628,26.926403,-80.44841,25.101151,-25.638432,29.069592,-82.613785,31.336922
-10.9,27,-8.6177158,8.8719397,-26.006397,8.7709665,-2.0298409,10.852368,-23.300093,19.24041,-27.600803,26.855543,-80.236702,25.035095,-25.570961,28.993093,-82.396378,31.254456
-10.8,27,-8.5949774,8.8485308,-25.937778,8.7478237,-2.0244851,10.823734,-23.238615,19.189644,-27.527977,26.784685,-80.024994,24.96904,-25.503492,28.916595,-82.178978,31.171991
-10.7,27,-8.5722399,8.8251219,-25.86916,8.7246809,-2.0191293,10.7951,-23.177137,19.138878,-27.455153,26.713825,-79.813286,24.902985,-25.436024,28.840096,-81.961571,31.089525
-10.6,27,-8.5495014,8.801713,-25.800543,8.701539,-2.0137734,10.766466,-23.11566,19.088112,-27.382328,26.642967,-79.601585,24.836929,-25.368553,28.763597,-81.744171,31.007061
-10.5,27,-8.526763,8.7783041,-25.731924,8.6783962,-2.0084178,10.737832,-23.054182,19.037346,-27.309502,26.572107,-79.389877,24.770872,-25.301085,28.687098,-81.526764,30.924595
-10.4,27,-8.5040255,8.7548952,-25.663305,8.6552544,-2.003062,10.709197,-22.992702,18.98658,-27.236675,26.501249,-79.178169,24.704817,-25.233614,28.610598,-81.309357,30.842129
-10.3,27,-8.481287,8.7314863,-25.594687,8.6321115,-1.9977062,10.680563,-22.931227,18.935814,-27.163851,26.430389,-78.966461,24.638762,-25.166145,28.5341,-81.091957,30.759663
-10.2,27,-8.4585495,8.7080774,-25.526068,8.6089697,-1.9923503,10.651929,-22.869747,18.885048,-27.091026,26.359531,-78.754753,24.572706,-25.098675,28.457602,-80.87455,30.677198
-10.1,27,-8.435811,8.6846685,-25.457449,8.5858269,-1.9869946,10.623295,-22.80827,18.834282,-27.0182,26.288671,-78.543053,24.506651,-25.031206,28.381102,-80.657143,30.594732
-10,27,-8.4130735,8.6612597,-25.38883,8.562685,-1.9816388,10.594661,-22.746792,18.783514,-26.945375,26.217813,-78.331345,24.440594,-24.963736,28.304604,-80.439735,30.512266
-9.8999996,27,-8.3903351,8.6378508,-25.320213,8.5395422,-1.9762831,10.566027,-22.685314,18.732748,-26.872549,26.146954,-78.119637,24.374538,-24.896267,28.228104,-80.222336,30.4298
-9.8000002,27,-8.3675976,8.6144428,-25.251595,8.5164003,-1.9709272,10.537393,-22.623837,18.681982,-26.799725,26.076096,-77.907928,24.308483,-24.828796,28.151606,-80.004929,30.347336
-9.6999998,27,-8.3448591,8.5910339,-25.182976,8.4932575,-1.9655715,10.508758,-22.562359,18.631216,-26.726898,26.005236,-77.696228,24.242428,-24.761328,28.075106,-79.787521,30.26487
-9.6000004,27,-8.3221216,8.567625,-25.114357,8.4701157,-1.9602157,10.480124,-22.500881,18.58045,-26.654074,25.934378,-77.48452,24.176373,-24.693859,27.998608,-79.570122,30.182404
-9.5,27,-8.2993832,8.5442162,-25.045738,8.4469728,-1.95486,10.451489,-22.439404,18.529684,-26.581249,25.863518,-77.272812,24.110315,-24.626389,27.922108,-79.352715,30.099939
-9.3999996,27,-8.2766447,8.5208073,-24.977119,8.42383,-1.9495041,10.422855,-22.377926,18.478916,-26.508423,25.79266,-77.061104,24.04426,-24.558918,27.84561,-79.135307,30.017473
-9.3000002,27,-8.2539072,8.4973984,-24.908503,8.4006882,-1.9441484,10.394221,-22.316448,18.42815,-26.435598,25.7218,-76.849403,23.978205,-24.491449,27.769112,-78.917908,29.935007
-9.1999998,27,-8.2311687,8.4739895,-24.839884,8.3775454,-1.9387926,10.365587,-22.254969,18.377384,-26.362772,25.650942,-76.637695,23.912149,-24.423979,27.692612,-78.7005,29.852541
-9.1000004,27,-8.2084312,8.4505806,-24.771265,8.3544035,-1.9334369,10.336953,-22.193493,18.326618,-26.289948,25.580082,-76.425987,23.846094,-24.35651,27.616114,-78.483101,29.770077
-9,27,-8.1856928,8.4271717,-24.702646,8.3312607,-1.928081,10.308318,-22.132013,18.275852,-26.217121,25.509224,-76.214279,23.780037,-24.289042,27.539614,-78.265694,29.687611
-8.8999996,27,-8.1629543,8.4037628,-24.634027,8.3081179,-1.9227252,10.279684,-22.070536,18.225086,-26.144297,25.438364,-76.002571,23.713982,-24.221571,27.463114,-78.048286,29.605145
-8.8000002,27,-8.1402168,8.3803549,-24.565411,8.284976,-1.9173695,10.25105,-22.009058,18.17432,-26.07147,25.367506,-75.790871,23.647926,-24.154102,27.386616,-77.830879,29.52268
-8.6999998,27,-8.1174784,8.356946,-24.496792,8.2618332,-1.9120136,10.222416,-21.94758,18.123552,-25.998646,25.296646,-75.579163,23.581871,-24.086632,27.310118,-77.61348,29.440214
-8.6000004,27,-8.0947409,8.3335371,-24.428173,8.2386913,-1.9066579,10.193782,-21.886103,18.072786,-25.925821,25.225788,-75.367455,23.515816,-24.019163,27.233618,-77.396072,29.357748
-8.5,27,-8.0720024,8.3101282,-24.359554,8.2155485,-1.9013021,10.165148,-21.824625,18.02202,-25.852995,25.154928,-75.155746,23.44976,-23.951693,27.15712,-77.178665,29.275282
-8.3999996,27,-8.0492649,8.2867193,-24.290936,8.1924067,-1.8959464,10.136513,-21.763147,17.971254,-25.780169,25.08407,-74.944046,23.383703,-23.884224,27.08062,-76.961266,29.192818
-8.3000002,27,-8.0265265,8.2633104,-24.222317,8.1692638,-1.8905905,10.107879,-21.70167,17.920488,-25.707344,25.01321,-74.732338,23.317648,-23.816753,27.004122,-76.743858,29.110352
-8.1999998,27,-8.0037889,8.2399015,-24.153698,8.146122,-1.8852348,10.079245,-21.640192,17.869722,-25.63452,24.942352,-74.52063,23.251593,-23.749285,26.927622,-76.526451,29.027885
-8.1000004,27,-7.9810505,8.2164927,-24.085081,8.1229792,-1.879879,10.050611,-21.578714,17.818956,-25.561693,24.871492,-74.308922,23.185537,-23.681814,26.851124,-76.309052,28.945421
-8,27,-7.9583125,8.1930838,-24.016462,8.0998373,-1.8745233,10.021976,-21.517237,17.76819,-25.488869,24.800634,-74.097221,23.119482,-23.614346,26.774624,-76.091644,28.862955
-7.9000001,27,-7.9355745,8.1696749,-23.947844,8.0766945,-1.8691674,9.9933424,-21.455759,17.717422,-25.416042,24.729774,-73.885513,23.053425,-23.546875,26.698126,-75.874237,28.780489
-7.8000002,27,-7.9128366,8.146266,-23.879225,8.0535517,-1.8638117,9.9647083,-21.394279,17.666656,-25.343218,24.658916,-73.673805,22.98737,-23.479406,26.621626,-75.656837,28.698025
-7.6999998,27,-7.8900986,8.1228571,-23.810606,8.0304098,-1.8584559,9.9360733,-21.332802,17.615891,-25.270391,24.588057,-73.462097,22.921314,-23.411936,26.545128,-75.43943,28.615559
-7.5999999,27,-7.8673601,8.0994482,-23.741987,8.007267,-1.8531001,9.9074392,-21.271324,17.565125,-25.197567,24.517199,-73.250389,22.855259,-23.344467,26.468628,-75.222023,28.533092
-7.5,27,-7.8446221,8.0760403,-23.67337,7.9841247,-1.8477443,9.8788052,-21.209846,17.514359,-25.124743,24.446339,-73.038689,22.789204,-23.276997,26.39213,-75.004623,28.450626
-7.4000001,27,-7.8218842,8.0526314,-23.604752,7.9609823,-1.8423885,9.8501711,-21.148369,17.463593,-25.051916,24.375481,-72.826981,22.723146,-23.209528,26.315632,-74.787216,28.368162
-7.3000002,27,-7.7991462,8.0292225,-23.536133,7.93784,-1.8370328,9.821537,-21.086891,17.412827,-24.979092,24.304621,-72.615273,22.657091,-23.142057,26.239132,-74.569809,28.285696
-7.1999998,27,-7.7764082,8.0058136,-23.467514,7.9146976,-1.831677,9.7929029,-21.025414,17.362059,-24.906265,24.233763,-72.403564,22.591036,-23.074589,26.162634,-74.352409,28.20323
-7.0999999,27,-7.7536702,7.9824047,-23.398895,7.8915553,-1.8263212,9.7642679,-20.963936,17.311293,-24.833441,24.162903,-72.191864,22.524981,-23.007118,26.086134,-74.135002,28.120764
-7,27,-7.7309322,7.9589958,-23.330276,7.868413,-1.8209654,9.7356339,-20.902458,17.260527,-24.760614,24.092045,-71.980156,22.458925,-22.93965,26.009636,-73.917595,28.0383
-6.9000001,27,-7.7081943,7.9355869,-23.26166,7.8452706,-1.8156097,9.7069998,-20.840981,17.209761,-24.68779,24.021185,-71.768448,22.392868,-22.872179,25.933136,-73.700195,27.955833
-6.8000002,27,-7.6854563,7.912178,-23.193041,7.8221283,-1.8102539,9.6783657,-20.779503,17.158995,-24.614964,23.950327,-71.55674,22.326813,-22.80471,25.856638,-73.482788,27.873367
-6.6999998,27,-7.6627178,7.8887691,-23.124422,7.798986,-1.804898,9.6497316,-20.718023,17.108229,-24.542139,23.879467,-71.345032,22.260757,-22.73724,25.780138,-73.265381,27.790901
-6.5999999,27,-7.6399798,7.8653607,-23.055803,7.7758431,-1.7995423,9.6210976,-20.656546,17.057463,-24.469313,23.808609,-71.133331,22.194702,-22.669771,25.70364,-73.047981,27.708437
-6.5,27,-7.6172419,7.8419518,-22.987185,7.7527008,-1.7941865,9.5924635,-20.595068,17.006695,-24.396488,23.737749,-70.921623,22.128647,-22.602303,25.62714,-72.830574,27.625971
-6.4000001,27,-7.5945039,7.818543,-22.918566,7.7295585,-1.7888308,9.5638285,-20.53359,16.955929,-24.323664,23.666891,-70.709915,22.062592,-22.534832,25.550642,-72.613167,27.543505
-6.3000002,27,-7.5717659,7.7951341,-22.849949,7.7064161,-1.7834749,9.5351944,-20.472113,16.905163,-24.250837,23.596031,-70.498207,21.996534,-22.467363,25.474142,-72.395767,27.46104
-6.1999998,27,-7.5490279,7.7717252,-22.78133,7.6832738,-1.7781192,9.5065603,-20.410635,16.854397,-24.178013,23.525173,-70.286507,21.930479,-22.399893,25.397644,-72.17836,27.378574
-6.0999999,27,-7.5262899,7.7483163,-22.712711,7.6601315,-1.7727634,9.4779263,-20.349157,16.803631,-24.105186,23.454313,-70.074799,21.864424,-22.332424,25.321144,-71.960953,27.296108
-6,27,-7.503552,7.7249079,-22.644093,7.6369891,-1.7674077,9.4492922,-20.28768,16.752865,-24.032362,23.383455,-69.863091,21.798368,-22.264954,25.244646,-71.743553,27.213644
-5.9000001,27,-7.480814,7.701499,-22.575474,7.6138468,-1.7620518,9.4206581,-20.226202,16.702099,-23.959536,23.312595,-69.651382,21.732313,-22.197485,25.168148,-71.526146,27.131178
-5.8000002,27,-7.4580755,7.6780901,-22.506855,7.5907044,-1.7566961,9.392024,-20.164724,16.651333,-23.886711,23.241737,-69.439682,21.666256,-22.130014,25.091648,-71.308739,27.048712
-5.6999998,27,-7.4353375,7.6546812,-22.438236,7.5675616,-1.7513403,9.363389,-20.103247,16.600565,-23.813885,23.170877,-69.227974,21.600201,-22.062546,25.015148,-71.091339,26.966246
-5.5999999,27,-7.4125996,7.6312723,-22.369619,7.5444193,-1.7459844,9.3347549,-20.041769,16.549799,-23.74106,23.100019,-69.016266,21.534145,-21.995075,24.93865,-70.873932,26.883781
-5.5,27,-7.3898616,7.6078634,-22.301001,7.521277,-1.7406287,9.3061209,-19.980291,16.499033,-23.668234,23.02916,-68.804558,21.46809,-21.927607,24.862152,-70.656525,26.801315
-5.4000001,27,-7.3671236,7.584455,-22.232382,7.4981346,-1.7352729,9.2774868,-19.918812,16.448267,-23.595409,22.958302,-68.59285,21.402035,-21.860136,24.785652,-70.439125,26.718849
-5.3000002,27,-7.3443856,7.5610461,-22.163763,7.4749923,-1.7299172,9.2488527,-19.857334,16.397501,-23.522585,22.887442,-68.381149,21.335978,-21.792667,24.709154,-70.221718,26.636385
-5.1999998,27,-7.3216476,7.5376372,-22.095144,7.4518499,-1.7245613,9.2202177,-19.795856,16.346735,-23.449759,22.816584,-68.169441,21.269922,-21.725197,24.632654,-70.004311,26.553919
-5.0999999,27,-7.2989097,7.5142283,-22.026525,7.4287076,-1.7192056,9.1915836,-19.734379,16.295967,-23.376934,22.745724,-67.957733,21.203867,-21.657728,24.556156,-69.786911,26.471453
-5,27,-7.2761712,7.4908195,-21.957909,7.4055653,-1.7138498,9.1629496,-19.672901,16.245201,-23.304108,22.674866,-67.746025,21.137812,-21.590258,24.479656,-69.569504,26.388987
-4.9000001,27,-7.2534332,7.4674106,-21.88929,7.3824229,-1.7084941,9.1343155,-19.611423,16.194435,-23.231283,22.604006,-67.534325,21.071756,-21.522789,24.403158,-69.352097,26.306522
-4.8000002,27,-7.2306952,7.4440022,-21.820671,7.3592806,-1.7031382,9.1056814,-19.549946,16.143669,-23.158457,22.533148,-67.322617,21.005701,-21.455318,24.326658,-69.134697,26.224056
-4.6999998,27,-7.2079573,7.4205933,-21.752052,7.3361378,-1.6977824,9.0770473,-19.488468,16.092903,-23.085632,22.462288,-67.110909,20.939644,-21.38785,24.25016,-68.91729,26.14159
-4.5999999,27,-7.1852193,7.3971844,-21.683434,7.3129954,-1.6924267,9.0484133,-19.426991,16.042137,-23.012806,22.39143,-66.8992,20.873589,-21.320379,24.17366,-68.699883,26.059124
-4.5,27,-7.1624813,7.3737755,-21.614815,7.2898531,-1.6870708,9.0197783,-19.365513,15.99137,-22.939981,22.32057,-66.687492,20.807533,-21.252911,24.097162,-68.482483,25.97666
-4.4000001,27,-7.1397433,7.3503666,-21.546198,7.2667108,-1.6817151,8.9911442,-19.304035,15.940604,-22.867157,22.249712,-66.475792,20.741478,-21.185442,24.020662,-68.265076,25.894194
-4.3000002,27,-7.1170053,7.3269577,-21.477579,7.2435684,-1.6763593,8.9625101,-19.242558,15.889838,-22.794331,22.178852,-66.264084,20.675423,-21.117971,23.944164,-68.047668,25.811728
-4.1999998,27,-7.0942669,7.3035488,-21.40896,7.2204261,-1.6710036,8.933876,-19.181078,15.839071,-22.721506,22.107994,-66.052376,20.609365,-21.050501,23.867664,-67.830269,25.729263
-4.0999999,27,-7.0715289,7.2801404,-21.340342,7.1972837,-1.6656477,8.905242,-19.1196,15.788305,-22.64868,22.037134,-65.840668,20.54331,-20.983032,23.791166,-67.612862,25.646797
-4,27,-7.0487909,7.2567315,-21.271723,7.1741414,-1.660292,8.8766079,-19.058123,15.737539,-22.575855,21.966276,-65.628967,20.477255,-20.915564,23.714668,-67.395454,25.564331
-3.9000001,27,-7.026053,7.2333226,-21.203104,7.1509991,-1.6549362,8.8479738,-18.996645,15.686773,-22.503029,21.895416,-65.417259,20.4112,-20.848093,23.638168,-67.178055,25.481867
-3.8,27,-7.003315,7.2099137,-21.134487,7.1278563,-1.6495805,8.8193388,-18.935167,15.636006,-22.430204,21.824558,-65.205551,20.345144,-20.780624,23.56167,-66.960648,25.399401
-3.7,27,-6.980577,7.1865048,-21.065868,7.1047139,-1.6442246,8.7907047,-18.87369,15.58524,-22.357378,21.753698,-64.993843,20.279087,-20.713154,23.48517,-66.74324,25.316935
-3.5999999,27,-6.957839,7.163096,-20.99725,7.0815716,-1.6388689,8.7620707,-18.812212,15.534474,-22.284554,21.68284,-64.782135,20.213032,-20.645685,23.408672,-66.525841,25.234468
-3.5,27,-6.935101,7.1396875,-20.928631,7.0584292,-1.6335131,8.7334366,-18.750734,15.483708,-22.211727,21.61198,-64.570435,20.146976,-20.578215,23.332172,-66.308434,25.152004
-3.4000001,27,-6.9123631,7.1162786,-20.860012,7.0352869,-1.6281574,8.7048025,-18.689257,15.432941,-22.138903,21.541122,-64.358727,20.080921,-20.510746,23.255674,-66.091026,25.069538
-3.3,27,-6.8896246,7.0928698,-20.791393,7.0121446,-1.6228015,8.6761684,-18.627779,15.382175,-22.066078,21.470263,-64.147018,20.014866,-20.443275,23.179174,-65.873627,24.987072
-3.2,27,-6.8668866,7.0694609,-20.722776,6.9890022,-1.6174457,8.6475334,-18.566301,15.331409,-21.993252,21.399405,-63.935314,19.948809,-20.375807,23.102676,-65.656219,24.904606
-3.0999999,27,-6.8441486,7.046052,-20.654158,6.9658599,-1.61209,8.6188993,-18.504824,15.280643,-21.920427,21.328545,-63.723606,19.882753,-20.308336,23.026176,-65.438812,24.822142
-3,27,-6.8214107,7.0226436,-20.585539,6.9427171,-1.6067342,8.5902653,-18.443344,15.229877,-21.847601,21.257687,-63.511902,19.816698,-20.240868,22.949678,-65.221413,24.739676
-2.9000001,27,-6.7986727,6.9992347,-20.51692,6.9195747,-1.6013784,8.5616312,-18.381866,15.179111,-21.774776,21.186827,-63.300194,19.750643,-20.173397,22.873178,-65.004005,24.657209
-2.8,27,-6.7759347,6.9758258,-20.448301,6.8964324,-1.5960226,8.5329971,-18.320389,15.128345,-21.70195,21.115969,-63.08849,19.684587,-20.105928,22.79668,-64.786598,24.574745
-2.7,27,-6.7531967,6.9524169,-20.379683,6.8732901,-1.5906669,8.5043631,-18.258911,15.077578,-21.629126,21.045109,-62.876781,19.61853,-20.038458,22.720181,-64.569199,24.492279
-2.5999999,27,-6.7304587,6.929008,-20.311066,6.8501477,-1.5853111,8.475729,-18.197433,15.026812,-21.556299,20.974251,-62.665077,19.552475,-19.970989,22.643682,-64.351791,24.409813
-2.5,27,-6.7077208,6.9055991,-20.242447,6.8270054,-1.5799553,8.447094,-18.135956,14.976046,-21.483475,20.903391,-62.453369,19.48642,-19.903519,22.567184,-64.134384,24.327347
-2.4000001,27,-6.6849823,6.8821907,-20.173828,6.803863,-1.5745995,8.4184599,-18.074478,14.92528,-21.41065,20.832533,-62.241665,19.420364,-19.83605,22.490685,-63.916981,24.244883
-2.3,27,-6.6622443,6.8587818,-20.105209,6.7807207,-1.5692437,8.3898258,-18.013,14.874513,-21.337824,20.761673,-62.029957,19.354309,-19.768579,22.414186,-63.699577,24.162416
-2.2,27,-6.6395063,6.8353729,-20.036591,6.7575784,-1.563888,8.3611917,-17.951523,14.823747,-21.264999,20.690815,-61.818249,19.288254,-19.701111,22.337687,-63.482174,24.07995
-2.0999999,27,-6.6167684,6.811964,-19.967972,6.7344356,-1.5585321,8.3325577,-17.890045,14.772981,-21.192173,20.619955,-61.606544,19.222197,-19.63364,22.261189,-63.264767,23.997486
-2,27,-6.5940304,6.7885551,-19.899355,6.7112932,-1.5531764,8.3039236,-17.828568,14.722214,-21.119349,20.549097,-61.394836,19.156141,-19.566172,22.184689,-63.047363,23.91502
-1.9,27,-6.5712924,6.7651463,-19.830736,6.6881509,-1.5478206,8.2752886,-17.76709,14.671448,-21.046522,20.478237,-61.183132,19.090086,-19.498701,22.108191,-62.82996,23.832554
-1.8,27,-6.5485544,6.7417374,-19.762117,6.6650085,-1.5424649,8.2466545,-17.70561,14.620682,-20.973698,20.407379,-60.971424,19.024031,-19.431232,22.031691,-62.612553,23.750088
-1.7,27,-6.5258164,6.718329,-19.693499,6.6418662,-1.537109,8.2180204,-17.644133,14.569916,-20.900871,20.336519,-60.75972,18.957975,-19.363764,21.955193,-62.395149,23.667624
-1.6,27,-6.503078,6.6949201,-19.62488,6.6187239,-1.5317533,8.1893864,-17.582655,14.519149,-20.828047,20.265661,-60.548012,18.891918,-19.296293,21.878693,-62.177746,23.585157
-1.5,27,-6.48034,6.6715112,-19.556261,6.5955815,-1.5263975,8.1607523,-17.521177,14.468383,-20.75522,20.194801,-60.336308,18.825863,-19.228825,21.802195,-61.960339,23.502691
-1.4,27,-6.457602,6.6481023,-19.487644,6.5724392,-1.5210418,8.1321182,-17.4597,14.417617,-20.682396,20.123943,-60.124599,18.759808,-19.161354,21.725695,-61.742935,23.420227
-1.3,27,-6.434864,6.6246934,-19.419025,6.5492969,-1.5156859,8.1034842,-17.398222,14.36685,-20.609571,20.053083,-59.912891,18.693752,-19.093885,21.649197,-61.525532,23.337761
-1.2,27,-6.4121261,6.601285,-19.350407,6.526154,-1.5103302,8.0748491,-17.336744,14.316084,-20.536745,19.982225,-59.701187,18.627697,-19.026415,21.572697,-61.308125,23.255295
-1.1,27,-6.3893881,6.5778761,-19.281788,6.5030117,-1.5049744,8.0462151,-17.275267,14.265318,-20.463921,19.911366,-59.489479,18.56164,-18.958946,21.496199,-61.090721,23.172829
-1,27,-6.3666501,6.5544672,-19.213169,6.4798694,-1.4996185,8.017581,-17.213789,14.214552,-20.391094,19.840508,-59.277775,18.495584,-18.891476,21.419699,-60.873318,23.090364
-.89999998,27,-6.3439121,6.5310583,-19.14455,6.456727,-1.4942628,7.9889469,-17.152311,14.163785,-20.31827,19.769648,-59.066067,18.429529,-18.824007,21.343201,-60.65591,23.007898
-.80000001,27,-6.3211741,6.5076494,-19.075933,6.4335847,-1.488907,7.9603128,-17.090834,14.113019,-20.245443,19.69879,-58.854362,18.363474,-18.756536,21.266703,-60.438507,22.925432
-.69999999,27,-6.2984357,6.4842405,-19.007315,6.4104424,-1.4835513,7.9316783,-17.029356,14.062253,-20.172619,19.62793,-58.642654,18.297419,-18.689068,21.190203,-60.221104,22.842968
-.60000002,27,-6.2756977,6.4608316,-18.938696,6.3873,-1.4781954,7.9030442,-16.967878,14.011487,-20.099792,19.557072,-58.43095,18.231361,-18.621597,21.113705,-60.003696,22.760502
-.5,27,-6.2529597,6.4374232,-18.870077,6.3641577,-1.4728397,7.8744102,-16.906399,13.96072,-20.026968,19.486212,-58.219242,18.165306,-18.554129,21.037205,-59.786293,22.678036
-.40000001,27,-6.2302217,6.4140143,-18.801458,6.3410153,-1.4674839,7.8457756,-16.844921,13.909954,-19.954144,19.415354,-58.007538,18.099251,-18.486658,20.960707,-59.568886,22.59557
-.30000001,27,-6.2074838,6.3906054,-18.73284,6.3178725,-1.4621282,7.8171415,-16.783443,13.859188,-19.881317,19.344494,-57.79583,18.033195,-18.419189,20.884207,-59.351482,22.513105
-.2,27,-6.1847458,6.3671966,-18.664223,6.2947302,-1.4567723,7.7885075,-16.721966,13.808421,-19.808493,19.273636,-57.584122,17.96714,-18.351719,20.807709,-59.134079,22.430639
-.1,27,-6.1620078,6.3437877,-18.595604,6.2715878,-1.4514166,7.7598729,-16.660488,13.757655,-19.735666,19.202776,-57.372417,17.901085,-18.28425,20.731209,-58.916672,22.348173
0,27,-6.1392698,6.3203788,-18.526985,6.2484455,-1.4460608,7.7312388,-16.59901,13.706889,-19.662842,19.131918,-57.160709,17.835028,-18.21678,20.654711,-58.699268,22.265709
.1,27,-6.1165314,6.2969704,-18.458366,6.2253032,-1.4407049,7.7026048,-16.537533,13.656123,-19.590015,19.061058,-56.949005,17.768972,-18.149311,20.578211,-58.481865,22.183243
.2,27,-6.0937934,6.2735615,-18.389748,6.2021608,-1.4353492,7.6739702,-16.476055,13.605356,-19.517191,18.9902,-56.737297,17.702917,-18.081841,20.501713,-58.264458,22.100777
.30000001,27,-6.0710554,6.2501526,-18.321129,6.1790185,-1.4299934,7.6453362,-16.414577,13.55459,-19.444365,18.91934,-56.525593,17.636862,-18.014372,20.425213,-58.047054,22.018311
.40000001,27,-6.0483174,6.2267437,-18.25251,6.1558762,-1.4246377,7.6167021,-16.3531,13.503824,-19.37154,18.848482,-56.313885,17.570807,-17.946901,20.348715,-57.829651,21.935846
.5,27,-6.0255795,6.2033348,-18.183893,6.1327338,-1.4192818,7.588068,-16.291622,13.453057,-19.298714,18.777622,-56.10218,17.504749,-17.879433,20.272215,-57.612244,21.85338
.60000002,27,-6.0028415,6.1799259,-18.115274,6.109591,-1.4139261,7.5594335,-16.230145,13.402291,-19.225889,18.706764,-55.890472,17.438694,-17.811964,20.195717,-57.39484,21.770914
.69999999,27,-5.9801035,6.1565175,-18.046656,6.0864487,-1.4085703,7.5307994,-16.168665,13.351525,-19.153065,18.635904,-55.678768,17.372639,-17.744493,20.119219,-57.177437,21.68845
.80000001,27,-5.9573655,6.1331086,-17.978037,6.0633063,-1.4032146,7.5021653,-16.107187,13.300759,-19.080238,18.565046,-55.46706,17.306583,-17.677025,20.042719,-56.96003,21.605984
.89999998,27,-5.9346275,6.1096997,-17.909418,6.040164,-1.3978587,7.4735308,-16.04571,13.249992,-19.007414,18.494186,-55.255352,17.240528,-17.609554,19.966221,-56.742626,21.523518
1,27,-5.9118891,6.0862908,-17.840799,6.0170217,-1.392503,7.4448967,-15.984232,13.199226,-18.934587,18.423328,-55.043648,17.174471,-17.542086,19.889721,-56.525223,21.441051
1.1,27,-5.8891511,6.0628819,-17.772182,5.9938793,-1.3871472,7.4162626,-15.922754,13.14846,-18.861763,18.352468,-54.83194,17.108416,-17.474615,19.813223,-56.307816,21.358587
1.2,27,-5.8664131,6.0394731,-17.703564,5.970737,-1.3817914,7.3876281,-15.861277,13.097693,-18.788937,18.28161,-54.620235,17.04236,-17.407146,19.736723,-56.090412,21.276121
1.3,27,-5.8436751,6.0160646,-17.634945,5.9475946,-1.3764356,7.358994,-15.799799,13.046927,-18.716112,18.210751,-54.408527,16.976305,-17.339676,19.660225,-55.873009,21.193655
1.4,27,-5.8209372,5.9926558,-17.566326,5.9244523,-1.3710798,7.3303599,-15.738321,12.996161,-18.643286,18.139893,-54.196823,16.91025,-17.272207,19.583725,-55.655602,21.111189
1.5,27,-5.7981992,5.9692469,-17.497707,5.9013095,-1.3657241,7.3017254,-15.676844,12.945395,-18.570461,18.069033,-53.985115,16.844193,-17.204737,19.507227,-55.438198,21.028725
1.6,27,-5.7754612,5.945838,-17.429089,5.8781672,-1.3603683,7.2730913,-15.615365,12.894629,-18.497635,17.998175,-53.773411,16.778137,-17.137268,19.430727,-55.220795,20.946259
1.7,27,-5.7527232,5.9224291,-17.360472,5.8550248,-1.3550125,7.2444572,-15.553887,12.843863,-18.42481,17.927315,-53.561703,16.712082,-17.069798,19.354229,-55.003387,20.863792
1.8,27,-5.7299852,5.8990202,-17.291853,5.8318825,-1.3496567,7.2158232,-15.49241,12.793097,-18.351986,17.856457,-53.349998,16.646027,-17.002329,19.277729,-54.785984,20.781328
1.9,27,-5.7072468,5.8756118,-17.223234,5.8087401,-1.344301,7.1871886,-15.430932,12.742331,-18.27916,17.785597,-53.13829,16.579971,-16.934858,19.201231,-54.568581,20.698862
2,27,-5.6845088,5.8522029,-17.154615,5.7855978,-1.3389452,7.1585546,-15.369454,12.691564,-18.206335,17.714739,-52.926582,16.513916,-16.86739,19.124731,-54.351173,20.616396
2.0999999,27,-5.6617708,5.828794,-17.085997,5.7624555,-1.3335894,7.1299205,-15.307977,12.640798,-18.133509,17.643879,-52.714878,16.447859,-16.799919,19.048233,-54.13377,20.533932
2.2,27,-5.6390328,5.8053851,-17.017378,5.7393131,-1.3282336,7.1012859,-15.246498,12.590032,-18.060684,17.573021,-52.50317,16.381804,-16.73245,18.971733,-53.916367,20.451466
2.3,27,-5.6162949,5.7819762,-16.948761,5.7161708,-1.3228778,7.0726519,-15.18502,12.539265,-17.987858,17.502161,-52.291466,16.315748,-16.66498,18.895235,-53.698959,20.368999
2.4000001,27,-5.5935569,5.7585673,-16.880142,5.693028,-1.317522,7.0440178,-15.123543,12.488499,-17.915033,17.431303,-52.079758,16.249693,-16.597511,18.818735,-53.481556,20.286533
2.5,27,-5.5708189,5.7351589,-16.811523,5.6698856,-1.3121662,7.0153832,-15.062065,12.437733,-17.842207,17.360443,-51.868053,16.183638,-16.530041,18.742237,-53.264153,20.204069
2.5999999,27,-5.5480809,5.71175,-16.742905,5.6467433,-1.3068105,6.9867492,-15.000587,12.386967,-17.769382,17.289585,-51.656345,16.11758,-16.462572,18.665739,-53.046745,20.121603
2.7,27,-5.5253425,5.6883411,-16.674286,5.623601,-1.3014547,6.9581151,-14.93911,12.3362,-17.696558,17.218725,-51.444641,16.051525,-16.395102,18.589239,-52.829342,20.039137
2.8,27,-5.5026045,5.6649323,-16.605667,5.6004586,-1.2960989,6.929481,-14.877632,12.285434,-17.623732,17.147867,-51.232933,15.98547,-16.327633,18.512741,-52.611938,19.956671
2.9000001,27,-5.4798665,5.6415234,-16.53705,5.5773163,-1.2907431,6.9008465,-14.816154,12.234668,-17.550907,17.077007,-51.021225,15.919415,-16.260162,18.436241,-52.394531,19.874207
3,27,-5.4571285,5.6181145,-16.468431,5.5541739,-1.2853874,6.8722124,-14.754676,12.183902,-17.478081,17.006149,-50.809521,15.853358,-16.192694,18.359743,-52.177128,19.79174
3.0999999,27,-5.4343905,5.5947061,-16.399813,5.5310316,-1.2800316,6.8435783,-14.693198,12.133135,-17.405256,16.935289,-50.597816,15.787303,-16.125225,18.283243,-51.959724,19.709274
3.2,27,-5.4116526,5.5712972,-16.331194,5.5078893,-1.2746758,6.8149438,-14.631721,12.082369,-17.33243,16.864431,-50.386108,15.721247,-16.057755,18.206745,-51.742317,19.62681
3.3,27,-5.3889146,5.5478883,-16.262575,5.4847465,-1.26932,6.7863097,-14.570243,12.031603,-17.259605,16.793571,-50.1744,15.655191,-15.990285,18.130245,-51.524914,19.544344
3.4000001,27,-5.3661766,5.5244794,-16.193956,5.4616041,-1.2639642,6.7576756,-14.508764,11.980836,-17.186779,16.722713,-49.962696,15.589136,-15.922815,18.053747,-51.30751,19.461878
3.5,27,-5.3434386,5.5010705,-16.12534,5.4384618,-1.2586085,6.7290411,-14.447287,11.93007,-17.113955,16.651854,-49.750988,15.52308,-15.855346,17.977247,-51.090103,19.379412
3.5999999,27,-5.3207002,5.4776616,-16.056721,5.4153194,-1.2532526,6.700407,-14.385809,11.879304,-17.04113,16.580996,-49.539284,15.457025,-15.787876,17.900749,-50.8727,19.296947
3.7,27,-5.2979622,5.4542532,-15.988102,5.3921771,-1.2478969,6.671773,-14.324331,11.828538,-16.968304,16.510136,-49.327576,15.390969,-15.720407,17.824249,-50.655296,19.214481
3.8,27,-5.2752242,5.4308443,-15.919483,5.3690348,-1.2425411,6.6431384,-14.262854,11.777771,-16.895479,16.439278,-49.115871,15.324913,-15.652937,17.747751,-50.437889,19.132015
3.9000001,27,-5.2524862,5.4074354,-15.850864,5.3458924,-1.2371854,6.6145043,-14.201376,11.727005,-16.822653,16.368418,-48.904163,15.258858,-15.585467,17.671251,-50.220486,19.049551
4,27,-5.2297482,5.3840265,-15.782247,5.3227501,-1.2318295,6.5858703,-14.139898,11.676239,-16.749828,16.29756,-48.692459,15.192801,-15.517998,17.594753,-50.003082,18.967085
4.0999999,27,-5.2070103,5.3606176,-15.713628,5.2996078,-1.2264738,6.5572362,-14.07842,11.625473,-16.677002,16.2267,-48.480751,15.126746,-15.450529,17.518255,-49.785675,18.884619
4.1999998,27,-5.1842723,5.3372087,-15.64501,5.2764654,-1.221118,6.5286016,-14.016942,11.574706,-16.604177,16.155842,-48.269047,15.060691,-15.38306,17.441755,-49.568272,18.802153
4.3000002,27,-5.1615338,5.3137999,-15.576391,5.2533226,-1.2157621,6.4999676,-13.955464,11.52394,-16.531351,16.084982,-48.057339,14.994635,-15.315589,17.365257,-49.350868,18.719688
4.4000001,27,-5.1387959,5.2903914,-15.507772,5.2301803,-1.2104064,6.471333,-13.893987,11.473174,-16.458527,16.014124,-47.845631,14.928579,-15.24812,17.288757,-49.133461,18.637222
4.5,27,-5.1160579,5.2669826,-15.439154,5.2070379,-1.2050506,6.442699,-13.832509,11.422407,-16.3857,15.943265,-47.633926,14.862524,-15.180651,17.212259,-48.916058,18.554756
4.5999999,27,-5.0933199,5.2435737,-15.370536,5.1838956,-1.1996949,6.4140649,-13.771031,11.371641,-16.312876,15.872406,-47.422218,14.796468,-15.113181,17.135759,-48.698654,18.472292
4.6999998,27,-5.0705819,5.2201648,-15.301917,5.1607533,-1.194339,6.3854308,-13.709554,11.320875,-16.240051,15.801547,-47.210514,14.730412,-15.045712,17.059261,-48.481247,18.389826
4.8000002,27,-5.0478439,5.1967559,-15.233298,5.1376109,-1.1889833,6.3567963,-13.648075,11.270108,-16.167225,15.730688,-46.998806,14.664356,-14.978242,16.982761,-48.263844,18.30736
4.9000001,27,-5.025106,5.173347,-15.16468,5.1144686,-1.1836275,6.3281622,-13.586597,11.219342,-16.0944,15.659829,-46.787102,14.598301,-14.910772,16.906263,-48.04644,18.224894
5,27,-5.002368,5.1499386,-15.096062,5.0913262,-1.1782718,6.2995281,-13.52512,11.168576,-16.021574,15.58897,-46.575394,14.532246,-14.843303,16.829763,-47.829033,18.142429
5.0999999,27,-4.97963,5.1265297,-15.027443,5.0681834,-1.1729159,6.2708936,-13.463642,11.11781,-15.948749,15.518111,-46.363689,14.466189,-14.775833,16.753265,-47.611629,18.059963
5.1999998,27,-4.956892,5.1031208,-14.958825,5.0450411,-1.1675602,6.2422595,-13.402164,11.067044,-15.875924,15.447252,-46.151981,14.400134,-14.708364,16.676765,-47.394226,17.977497
5.3000002,27,-4.9341536,5.0797119,-14.890206,5.0218987,-1.1622044,6.2136254,-13.340686,11.016277,-15.803098,15.376393,-45.940273,14.334078,-14.640894,16.600267,-47.176819,17.895031
5.4000001,27,-4.9114156,5.056303,-14.821588,4.9987564,-1.1568487,6.1849909,-13.279208,10.965511,-15.730273,15.305534,-45.728569,14.268023,-14.573424,16.523767,-46.959415,17.812567
5.5,27,-4.8886776,5.0328946,-14.75297,4.9756141,-1.1514928,6.1563568,-13.217731,10.914745,-15.657448,15.234675,-45.516861,14.201967,-14.505955,16.447269,-46.742012,17.730101
5.5999999,27,-4.8659396,5.0094857,-14.684351,4.9524717,-1.1461371,6.1277227,-13.156253,10.863978,-15.584622,15.163816,-45.305157,14.135911,-14.438485,16.370771,-46.524605,17.647635
5.6999998,27,-4.8432016,4.9860768,-14.615732,4.9293294,-1.1407813,6.0990887,-13.094775,10.813212,-15.511797,15.092957,-45.093449,14.069856,-14.371016,16.294271,-46.307201,17.56517
5.8000002,27,-4.8204637,4.9626679,-14.547114,4.9061871,-1.1354254,6.0704541,-13.033297,10.762446,-15.438972,15.022099,-44.881744,14.003799,-14.303546,16.217772,-46.089794,17.482704
5.9000001,27,-4.7977257,4.9392591,-14.478496,4.8830442,-1.1300697,6.04182,-12.971819,10.711679,-15.366146,14.95124,-44.670036,13.937744,-14.236076,16.141273,-45.872391,17.400238
6,27,-4.7749877,4.9158502,-14.409877,4.8599019,-1.1247139,6.013186,-12.910341,10.660913,-15.293321,14.880381,-44.458332,13.871689,-14.168607,16.064775,-45.654987,17.317774
6.0999999,27,-4.7522497,4.8924417,-14.341259,4.8367596,-1.1193582,5.9845514,-12.848864,10.610147,-15.220495,14.809522,-44.246624,13.805634,-14.101137,15.988276,-45.437584,17.235308
6.1999998,27,-4.7295113,4.8690329,-14.27264,4.8136172,-1.1140023,5.9559174,-12.787386,10.559381,-15.147671,14.738663,-44.03492,13.739577,-14.033668,15.911777,-45.220177,17.152842
6.3000002,27,-4.7067733,4.845624,-14.204021,4.7904749,-1.1086466,5.9272833,-12.725908,10.508615,-15.074844,14.667804,-43.823212,13.673522,-13.966198,15.835278,-45.002773,17.070375
6.4000001,27,-4.6840353,4.8222151,-14.135404,4.7673326,-1.1032908,5.8986487,-12.664431,10.457849,-15.00202,14.596945,-43.611504,13.607466,-13.898728,15.758779,-44.785366,16.987911
6.5,27,-4.6612973,4.7988062,-14.066785,4.7441902,-1.0979351,5.8700147,-12.602952,10.407083,-14.929194,14.526086,-43.399799,13.54141,-13.831259,15.682281,-44.567963,16.905445
6.5999999,27,-4.6385593,4.7753973,-13.998166,4.7210479,-1.0925792,5.8413806,-12.541474,10.356317,-14.856369,14.455227,-43.188091,13.475355,-13.76379,15.605782,-44.350559,16.822979
6.6999998,27,-4.6158214,4.7519889,-13.929548,4.6979055,-1.0872235,5.8127465,-12.479997,10.30555,-14.783544,14.384368,-42.976387,13.409299,-13.696321,15.529283,-44.133156,16.740515
6.8000002,27,-4.5930834,4.72858,-13.860929,4.6747627,-1.0818677,5.784112,-12.418519,10.254784,-14.710718,14.313509,-42.764679,13.343244,-13.62885,15.452784,-43.915749,16.658049
6.9000001,27,-4.5703449,4.7051711,-13.792311,4.6516204,-1.0765119,5.7554779,-12.357041,10.204018,-14.637893,14.24265,-42.552975,13.277187,-13.561381,15.376285,-43.698345,16.575583
7,27,-4.5476069,4.6817622,-13.723693,4.6284781,-1.0711561,5.7268438,-12.295564,10.153251,-14.565067,14.171791,-42.341267,13.211132,-13.493912,15.299786,-43.480942,16.493116
7.0999999,27,-4.524869,4.6583533,-13.655074,4.6053357,-1.0658003,5.6982093,-12.234086,10.102485,-14.492242,14.100932,-42.129562,13.145077,-13.426442,15.223287,-43.263535,16.410652
7.1999998,27,-4.502131,4.6349444,-13.586455,4.5821934,-1.0604446,5.6695752,-12.172607,10.051719,-14.419417,14.030073,-41.917854,13.079021,-13.358973,15.146788,-43.046131,16.328186
7.3000002,27,-4.479393,4.6115355,-13.517837,4.559051,-1.0550888,5.6409411,-12.11113,10.000953,-14.346591,13.959214,-41.706146,13.012965,-13.291503,15.070289,-42.828724,16.24572
7.4000001,27,-4.456655,4.5881271,-13.449219,4.5359087,-1.049733,5.6123066,-12.049652,9.9501858,-14.273767,13.888355,-41.494442,12.946909,-13.224033,14.99379,-42.61132,16.163254
7.5,27,-4.433917,4.5647182,-13.3806,4.5127664,-1.0443772,5.5836725,-11.988174,9.8994198,-14.200941,13.817496,-41.282734,12.880854,-13.156564,14.917291,-42.393917,16.08079
7.5999999,27,-4.4111791,4.5413094,-13.311982,4.489624,-1.0390215,5.5550385,-11.926697,9.8486538,-14.128116,13.746637,-41.07103,12.814798,-13.089094,14.840792,-42.176514,15.998323
7.6999998,27,-4.3884411,4.5179005,-13.243363,4.4664817,-1.0336657,5.5264044,-11.865219,9.7978878,-14.05529,13.675778,-40.859322,12.748743,-13.021625,14.764293,-41.959106,15.915858
7.8000002,27,-4.3657026,4.4944916,-13.174745,4.4433389,-1.0283098,5.4977698,-11.803741,9.7471209,-13.982465,13.604919,-40.647617,12.682687,-12.954155,14.687794,-41.741703,15.833392
7.9000001,27,-4.3429646,4.4710827,-13.106126,4.4201965,-1.0229541,5.4691358,-11.742263,9.6963549,-13.909639,13.53406,-40.435909,12.616632,-12.886685,14.611295,-41.524296,15.750927
8,27,-4.3202267,4.4476743,-13.037508,4.3970542,-1.0175983,5.4405012,-11.680785,9.6455889,-13.836814,13.463202,-40.224205,12.550575,-12.819216,14.534796,-41.306892,15.668461
8.1000004,27,-4.2974887,4.4242654,-12.968889,4.3739119,-1.0122426,5.4118671,-11.619308,9.5948219,-13.763988,13.392343,-40.012497,12.48452,-12.751746,14.458297,-41.089489,15.585996
8.1999998,27,-4.2747507,4.4008565,-12.900271,4.3507695,-1.0068867,5.3832331,-11.55783,9.5440559,-13.691164,13.321484,-39.800793,12.418465,-12.684277,14.381799,-40.872086,15.503531
8.3000002,27,-4.2520127,4.3774476,-12.831653,4.3276272,-1.001531,5.3545985,-11.496351,9.4932899,-13.618338,13.250625,-39.589085,12.352408,-12.616807,14.305299,-40.654678,15.421064
8.3999996,27,-4.2292747,4.3540392,-12.763034,4.3044848,-.99617523,5.3259645,-11.434875,9.442524,-13.545513,13.179766,-39.37738,12.286353,-12.549338,14.228801,-40.437275,15.338599
8.5,27,-4.2065368,4.3306298,-12.694415,4.2813425,-.99081939,5.2973304,-11.373396,9.391757,-13.472688,13.108907,-39.165672,12.220297,-12.481868,14.152302,-40.219868,15.256133
8.6000004,27,-4.1837983,4.3072209,-12.625797,4.2581997,-.98546362,5.2686958,-11.311918,9.340991,-13.399862,13.038048,-38.953964,12.154242,-12.414398,14.075803,-40.002464,15.173667
8.6999998,27,-4.1610608,4.2838125,-12.557178,4.2350578,-.98010784,5.2400618,-11.250441,9.290225,-13.327037,12.967189,-38.74226,12.088186,-12.34693,13.999304,-39.785061,15.091202
8.8000002,27,-4.1383224,4.2604036,-12.48856,4.211915,-.97475207,5.2114277,-11.188963,9.2394581,-13.254211,12.89633,-38.530552,12.02213,-12.279459,13.922805,-39.567654,15.008737
8.8999996,27,-4.1155844,4.2369947,-12.419942,4.1887727,-.96939629,5.1827936,-11.127485,9.1886921,-13.181386,12.825471,-38.318848,11.956075,-12.21199,13.846306,-39.35025,14.926271
9,27,-4.0928464,4.2135859,-12.351323,4.1656303,-.96404052,5.1541591,-11.066007,9.1379261,-13.108561,12.754612,-38.10714,11.890018,-12.144521,13.769807,-39.132847,14.843805
9.1000004,27,-4.0701084,4.190177,-12.282704,4.142488,-.95868474,5.125525,-11.004529,9.0871592,-13.035735,12.683753,-37.895432,11.823963,-12.07705,13.693308,-38.91544,14.761339
9.1999998,27,-4.0473704,4.1667686,-12.214087,4.1193457,-.95332897,5.0968909,-10.943051,9.0363932,-12.962911,12.612894,-37.683727,11.757908,-12.009582,13.616809,-38.698036,14.678874
9.3000002,27,-4.0246325,4.1433597,-12.145468,4.0962033,-.94797319,5.0682564,-10.881574,8.9856272,-12.890084,12.542035,-37.472023,11.691852,-11.942112,13.54031,-38.480633,14.596409
9.3999996,27,-4.0018945,4.1199508,-12.07685,4.073061,-.94261742,5.0396223,-10.820096,8.9348612,-12.81726,12.471176,-37.260315,11.625796,-11.874642,13.463812,-38.263229,14.513944
9.5,27,-3.9791563,4.0965419,-12.008231,4.0499187,-.93726164,5.0109882,-10.758618,8.8840952,-12.744434,12.400317,-37.048611,11.559741,-11.807173,13.387312,-38.045822,14.431478
9.6000004,27,-3.956418,4.073133,-11.939612,4.0267758,-.93190581,4.9823537,-10.69714,8.8333282,-12.671609,12.329458,-36.836903,11.493685,-11.739702,13.310813,-37.828419,14.349011
9.6999998,27,-3.9336803,4.0497246,-11.870995,4.0036335,-.92655009,4.9537196,-10.635662,8.7825623,-12.598783,12.258599,-36.625198,11.427629,-11.672234,13.234315,-37.611015,14.266546
9.8000002,27,-3.9109421,4.0263157,-11.802376,3.9804912,-.92119426,4.9250855,-10.574184,8.7317963,-12.525958,12.18774,-36.41349,11.361573,-11.604764,13.157815,-37.393608,14.18408
9.8999996,27,-3.8882041,4.0029068,-11.733757,3.9573491,-.91583854,4.8964515,-10.512707,8.6810303,-12.453133,12.116881,-36.201786,11.295518,-11.537294,13.081317,-37.176205,14.101615
10,27,-3.8654661,3.9794979,-11.665138,3.9342065,-.9104827,4.8678169,-10.451229,8.6302633,-12.380307,12.046022,-35.990078,11.229463,-11.469825,13.004818,-36.958797,14.01915
10.1,27,-3.8427279,3.956089,-11.596519,3.9110639,-.90512693,4.8391829,-10.38975,8.5794973,-12.307482,11.975163,-35.77837,11.163406,-11.402355,12.928318,-36.741394,13.936684
10.2,27,-3.8199902,3.9326804,-11.527902,3.8879218,-.89977115,4.8105488,-10.328274,8.5287313,-12.234657,11.904305,-35.566666,11.097351,-11.334886,12.85182,-36.523991,13.854218
10.3,27,-3.7972519,3.9092715,-11.459283,3.8647792,-.89441538,4.7819142,-10.266795,8.4779644,-12.161831,11.833446,-35.354958,11.031295,-11.267416,12.775321,-36.306583,13.771752
10.4,27,-3.774514,3.8858628,-11.390665,3.8416369,-.8890596,4.7532802,-10.205317,8.4271984,-12.089006,11.762587,-35.143253,10.96524,-11.199946,12.698822,-36.08918,13.689287
10.5,27,-3.751776,3.8624539,-11.322046,3.8184946,-.88370383,4.7246461,-10.14384,8.3764324,-12.016181,11.691728,-34.931545,10.899184,-11.132477,12.622323,-35.871777,13.606822
10.6,27,-3.7290378,3.839045,-11.253428,3.795352,-.87834799,4.6960115,-10.082362,8.3256655,-11.943356,11.620869,-34.719837,10.833128,-11.065007,12.545824,-35.654369,13.524356
10.7,27,-3.7062998,3.8156362,-11.18481,3.7722099,-.87299228,4.6673775,-10.020885,8.2748995,-11.87053,11.55001,-34.508133,10.767073,-10.997538,12.469325,-35.436966,13.441891
10.8,27,-3.6835618,3.7922273,-11.116191,3.7490673,-.86763644,4.6387434,-9.9594059,8.2241335,-11.797705,11.479151,-34.296425,10.701016,-10.930068,12.392826,-35.219563,13.359425
10.9,27,-3.6608238,3.7688186,-11.047573,3.725925,-.86228073,4.6101093,-9.8979292,8.1733675,-11.724879,11.408292,-34.084721,10.634961,-10.862599,12.316328,-35.002159,13.276959
11,27,-3.6380856,3.7454097,-10.978954,3.7027826,-.85692489,4.5814748,-9.8364506,8.1226006,-11.652054,11.337433,-33.873013,10.568906,-10.795129,12.239828,-34.784752,13.194493
11.1,27,-3.6153476,3.7220008,-10.910336,3.6796401,-.85156912,4.5528407,-9.7749729,8.0718346,-11.579228,11.266574,-33.661308,10.50285,-10.727659,12.163329,-34.567345,13.112028
11.2,27,-3.5926096,3.6985922,-10.841717,3.6564977,-.84621334,4.5242066,-9.7134953,8.0210686,-11.506404,11.195715,-33.4496,10.436794,-10.660191,12.086831,-34.349941,13.029563
11.3,27,-3.5698717,3.6751833,-10.773099,3.6333554,-.84085757,4.4955721,-9.6520176,7.9703021,-11.433578,11.124856,-33.237896,10.370739,-10.59272,12.010331,-34.132538,12.947097
11.4,27,-3.5471337,3.6517746,-10.70448,3.610213,-.83550179,4.466938,-9.5905399,7.9195361,-11.360753,11.053997,-33.026188,10.304684,-10.525251,11.933833,-33.915134,12.864632
11.5,27,-3.5243955,3.6283658,-10.635861,3.5870707,-.83014601,4.4383039,-9.5290613,7.8687696,-11.287928,10.983138,-32.814484,10.238627,-10.457782,11.857334,-33.697727,12.782166
11.6,27,-3.5016575,3.6049569,-10.567243,3.5639281,-.82479018,4.4096694,-9.4675837,7.8180032,-11.215102,10.912279,-32.602776,10.172571,-10.390311,11.780834,-33.480324,12.699699
11.7,27,-3.4789195,3.5815482,-10.498625,3.5407858,-.81943446,4.3810353,-9.406106,7.7672372,-11.142277,10.84142,-32.391071,10.106516,-10.322843,11.704336,-33.26292,12.617234
11.8,27,-3.4561813,3.5581393,-10.430006,3.5176435,-.81407863,4.3524013,-9.3446283,7.7164707,-11.069451,10.770561,-32.179363,10.040461,-10.255373,11.627837,-33.045513,12.534769
11.9,27,-3.4334435,3.5347307,-10.361388,3.4945011,-.80872291,4.3237672,-9.2831507,7.6657047,-10.996626,10.699702,-31.967657,9.9744053,-10.187903,11.551338,-32.82811,12.452304
12,27,-3.4107053,3.5113218,-10.292769,3.4713585,-.80336708,4.2951326,-9.2216721,7.6149383,-10.9238,10.628843,-31.755951,9.908349,-10.120434,11.474839,-32.610706,12.369838
12.1,27,-3.3879673,3.4879127,-10.224151,3.4482162,-.7980113,4.2664986,-9.1601944,7.5641718,-10.850975,10.557984,-31.544243,9.8422928,-10.052964,11.39834,-32.393299,12.287372
12.2,27,-3.3652294,3.464504,-10.155533,3.4250739,-.79265553,4.2378645,-9.0987167,7.5134058,-10.778151,10.487125,-31.332539,9.7762375,-9.9854946,11.321841,-32.175896,12.204906
12.3,27,-3.3424911,3.4410951,-10.086914,3.4019315,-.78729975,4.2092299,-9.0372391,7.4626393,-10.705324,10.416266,-31.120831,9.7101822,-9.918025,11.245342,-31.95849,12.122441
12.4,27,-3.3197534,3.4176865,-10.018296,3.3787892,-.78194398,4.1805959,-8.9757614,7.4118733,-10.6325,10.345407,-30.909126,9.6441269,-9.8505554,11.168843,-31.741087,12.039976
12.5,27,-3.2970152,3.3942776,-9.9496775,3.3556466,-.7765882,4.1519618,-8.9142838,7.3611069,-10.559674,10.274549,-30.697418,9.5780706,-9.7830858,11.092344,-31.523682,11.95751
12.6,27,-3.274277,3.3708687,-9.8810587,3.3325043,-.77123237,4.1233273,-8.8528051,7.3103404,-10.486849,10.20369,-30.485712,9.5120153,-9.7156162,11.015845,-31.306276,11.875044
12.7,27,-3.2515392,3.34746,-9.8124399,3.3093619,-.76587665,4.0946932,-8.7913275,7.2595744,-10.414023,10.132831,-30.274006,9.44596,-9.6481466,10.939346,-31.088873,11.792579
12.8,27,-3.228801,3.3240511,-9.7438211,3.2862194,-.76052082,4.0660591,-8.7298498,7.2088084,-10.341198,10.061972,-30.0623,9.3799038,-9.580677,10.862847,-30.871468,11.710113
12.9,27,-3.206063,3.3006425,-9.6752033,3.2630773,-.7551651,4.037425,-8.6683722,7.1580424,-10.268373,9.9911127,-29.850594,9.3138485,-9.5132074,10.786349,-30.654064,11.627647
13,27,-3.1833251,3.2772336,-9.6065845,3.2399347,-.74980927,4.0087905,-8.6068945,7.107276,-10.195547,9.9202538,-29.638887,9.2477922,-9.4457378,10.709849,-30.436659,11.545182
13.1,27,-3.1605868,3.2538247,-9.5379658,3.2167923,-.74445349,3.9801562,-8.5454159,7.0565095,-10.122722,9.8493948,-29.427179,9.1817369,-9.3782682,10.63335,-30.219252,11.462716
13.2,27,-3.1378489,3.2304161,-9.469348,3.19365,-.73909771,3.9515221,-8.4839392,7.0057435,-10.049897,9.7785358,-29.215475,9.1156816,-9.3107986,10.556852,-30.001848,11.380251
13.3,27,-3.1151109,3.2070072,-9.4007292,3.1705074,-.73374194,3.9228878,-8.4224606,6.954977,-9.9770708,9.7076769,-29.003767,9.0496254,-9.243329,10.480353,-29.784443,11.297785
13.4,27,-3.0923729,3.1835985,-9.3321114,3.1473653,-.72838616,3.8942537,-8.3609829,6.904211,-9.9042463,9.6368179,-28.792063,8.9835701,-9.1758604,10.403854,-29.567039,11.21532
13.5,27,-3.0696349,3.1601894,-9.2634926,3.1242228,-.72303039,3.8656194,-8.2995052,6.8534446,-9.8314209,9.565959,-28.580355,8.9175138,-9.1083899,10.327355,-29.349634,11.132854
13.6,27,-3.0468967,3.1367805,-9.1948738,3.1010804,-.71767461,3.8369851,-8.2380276,6.8026781,-9.7585955,9.4951,-28.368649,8.8514585,-9.0409203,10.250856,-29.132229,11.050388
13.7,27,-3.0241587,3.1133718,-9.126256,3.0779381,-.71231884,3.808351,-8.1765499,6.7519121,-9.68577,9.4242411,-28.156942,8.7854033,-8.9734516,10.174357,-28.914825,10.967923
13.8,27,-3.0014207,3.089963,-9.0576372,3.0547955,-.70696306,3.7797167,-8.1150713,6.7011456,-9.6129446,9.3533821,-27.945236,8.719347,-8.9059811,10.097858,-28.69742,10.885457
13.9,27,-2.9786828,3.0665543,-8.9890184,3.0316534,-.70160729,3.7510827,-8.0535946,6.6503797,-9.5401192,9.2825232,-27.73353,8.6532917,-8.8385124,10.021359,-28.480017,10.802992
14,27,-2.9559445,3.0431454,-8.9203997,3.0085108,-.69625151,3.7224483,-7.992116,6.5996132,-9.4672937,9.2116642,-27.521824,8.5872355,-8.7710428,9.9448605,-28.262611,10.720526
14.1,27,-2.9332066,3.0197365,-8.8517818,2.9853683,-.69089568,3.693814,-7.9306383,6.5488467,-9.3944683,9.1408052,-27.310116,8.5211802,-8.7035723,9.8683615,-28.045206,10.638061
14.2,27,-2.9104686,2.9963279,-8.7831631,2.9622262,-.68553996,3.66518,-7.8691607,6.4980807,-9.3216438,9.0699463,-27.098412,8.4551249,-8.6361036,9.7918625,-27.827803,10.555595
14.3,27,-2.8877306,2.972919,-8.7145443,2.9390836,-.68018413,3.6365457,-7.8076825,6.4473143,-9.2488174,8.9990873,-26.886703,8.3890686,-8.568634,9.7153635,-27.610397,10.473129
14.4,27,-2.8649926,2.9495103,-8.6459265,2.9159412,-.67482841,3.6079116,-7.7462053,6.3965483,-9.175993,8.9282284,-26.674999,8.3230133,-8.5011644,9.6388655,-27.392994,10.390664
14.5,27,-2.8422544,2.9261014,-8.5773077,2.8927989,-.66947258,3.5792773,-7.6847272,6.3457818,-9.1031675,8.8573694,-26.463291,8.256958,-8.4336948,9.5623655,-27.175587,10.308198
14.6,27,-2.8195164,2.9026926,-8.5086889,2.8696563,-.6641168,3.550643,-7.6232491,6.2950153,-9.0303411,8.7865105,-26.251585,8.1909018,-8.3662252,9.4858665,-26.958181,10.225732
14.7,27,-2.7967784,2.8792839,-8.4400711,2.8465142,-.65876102,3.5220089,-7.5617714,6.2442493,-8.9575167,8.7156515,-26.039879,8.1248465,-8.2987556,9.4093685,-26.740778,10.143267
14.8,27,-2.7740402,2.855875,-8.3714523,2.8233716,-.65340525,3.4933746,-7.5002937,6.1934829,-8.8846912,8.6447926,-25.828173,8.0587902,-8.231286,9.3328686,-26.523373,10.060802
14.9,27,-2.7513025,2.8324661,-8.3028345,2.8002293,-.64804947,3.4647405,-7.4388161,6.1427169,-8.8118658,8.5739336,-25.616468,7.9927354,-8.1638165,9.2563705,-26.305969,9.9783363
15,27,-2.7285643,2.8090572,-8.2342157,2.777087,-.6426937,3.4361062,-7.3773379,6.0919509,-8.7390404,8.5030746,-25.40476,7.9266791,-8.0963469,9.1798716,-26.088564,9.8958702
15.1,27,-2.705826,2.7856483,-8.165597,2.7539444,-.63733786,3.4074719,-7.3158598,6.0411844,-8.6662149,8.4322157,-25.193052,7.8606234,-8.0288773,9.1033716,-25.871159,9.8134041
15.2,27,-2.6830883,2.7622397,-8.0969791,2.7308023,-.63198215,3.3788378,-7.2543826,5.9904184,-8.5933905,8.3613567,-24.981348,7.7945681,-7.9614077,9.0268736,-25.653755,9.7309389
15.3,27,-2.6603501,2.7388308,-8.0283604,2.7076597,-.62662631,3.3502035,-7.1929045,5.939652,-8.5205641,8.2904978,-24.769642,7.7285123,-7.8939381,8.9503746,-25.43635,9.6484737
15.4,27,-2.6376123,2.7154222,-7.9597421,2.6845174,-.6212706,3.3215694,-7.1314268,5.888886,-8.4477396,8.2196388,-24.557936,7.662457,-7.8264689,8.8738756,-25.218946,9.5660086
15.5,27,-2.6148741,2.6920133,-7.8911233,2.661375,-.61591476,3.2929351,-7.0699492,5.8381195,-8.3749142,8.1487799,-24.34623,7.5964007,-7.7589989,8.7973766,-25.001541,9.4835424
15.6,27,-2.5921359,2.6686044,-7.8225045,2.6382325,-.61055899,3.2643008,-7.008471,5.787353,-8.3020878,8.0779209,-24.134521,7.530345,-7.6915293,8.7208776,-24.784136,9.4010763
15.7,27,-2.5693982,2.6451957,-7.7538862,2.6150901,-.60520321,3.2356668,-6.9469934,5.736587,-8.2292633,8.007062,-23.922817,7.4642897,-7.6240602,8.6443787,-24.566732,9.3186111
15.8,27,-2.5466599,2.6217868,-7.6852674,2.5919478,-.59984744,3.2070324,-6.8855152,5.6858206,-8.1564379,7.9362025,-23.711109,7.3982339,-7.5565901,8.5678797,-24.349325,9.236145
15.9,27,-2.523922,2.5983782,-7.6166496,2.5688055,-.59449166,3.1783984,-6.824038,5.6350546,-8.0836124,7.865344,-23.499405,7.3321786,-7.489121,8.4913816,-24.131922,9.1536798
16,27,-2.501184,2.5749693,-7.5480309,2.5456631,-.58913589,3.1497641,-6.7625599,5.5842881,-8.010787,7.7944851,-23.287697,7.2661228,-7.4216514,8.4148817,-23.914516,9.0712147
16.1,27,-2.4784458,2.5515604,-7.4794121,2.5225205,-.58378005,3.1211298,-6.7010818,5.5335217,-7.9379616,7.7236257,-23.075991,7.2000666,-7.3541813,8.3383827,-23.697111,8.9887486
16.200001,27,-2.4557078,2.5281515,-7.4107933,2.499378,-.57842427,3.0924954,-6.6396036,5.4827552,-7.8651361,7.6527667,-22.864283,7.1340108,-7.2867117,8.2618837,-23.479706,8.9062824
16.299999,27,-2.43297,2.5047429,-7.342176,2.4762361,-.57306856,3.0638616,-6.5781269,5.4319897,-7.7923117,7.5819087,-22.65258,7.067956,-7.219243,8.1853857,-23.262304,8.8238182
16.4,27,-2.4102318,2.481334,-7.2735572,2.4530935,-.56771278,3.0352273,-6.5166488,5.3812232,-7.7194862,7.5110493,-22.440872,7.0019002,-7.1517735,8.1088867,-23.044899,8.7413521
16.5,27,-2.3874938,2.4579251,-7.2049384,2.429951,-.56235695,3.006593,-6.4551706,5.3304567,-7.6466603,7.4401903,-22.229166,6.9358444,-7.0843034,8.0323877,-22.827494,8.6588869
16.6,27,-2.3647556,2.4345162,-7.1363196,2.4068086,-.55700117,2.9779587,-6.3936925,5.2796903,-7.5738349,7.3693309,-22.017458,6.8697886,-7.0168338,7.9558883,-22.610088,8.5764208
16.700001,27,-2.3420174,2.4111073,-7.0677013,2.383666,-.55164534,2.9493241,-6.3322148,5.2289238,-7.5010095,7.2984719,-21.805752,6.8037324,-6.9493637,7.8793888,-22.392683,8.4939547
16.799999,27,-2.3192799,2.3876989,-6.9990835,2.3605239,-.54628968,2.9206905,-6.2707376,5.1781583,-7.428185,7.2276139,-21.594048,6.7376781,-6.8818955,7.8028913,-22.175282,8.4114904
16.9,27,-2.2965417,2.36429,-6.9304647,2.3373816,-.54093385,2.8920562,-6.2092595,5.1273918,-7.3553596,7.1567545,-21.382341,6.6716218,-6.8144255,7.7263918,-21.957876,8.3290243
17,27,-2.2738035,2.3408811,-6.8618464,2.314239,-.53557807,2.8634219,-6.1477818,5.0766253,-7.2825336,7.0858955,-21.170633,6.605566,-6.7469559,7.6498928,-21.740471,8.2465582
17.1,27,-2.2510655,2.3174722,-6.7932277,2.2910967,-.53022224,2.8347874,-6.0863037,5.0258589,-7.2097082,7.0150361,-20.958927,6.5395103,-6.6794858,7.5733933,-21.523064,8.164093
17.200001,27,-2.2283273,2.2940633,-6.7246089,2.2679541,-.52486646,2.8061531,-6.0248256,4.9750929,-7.1368828,6.9441772,-20.747219,6.473454,-6.6120162,7.4968944,-21.305658,8.0816269
17.299999,27,-2.2055895,2.2706549,-6.6559916,2.244812,-.51951075,2.7775195,-5.9633489,4.9243274,-7.0640583,6.8733191,-20.535517,6.4073997,-6.5445476,7.4203963,-21.088257,7.9991622
17.4,27,-2.1828516,2.247246,-6.5873728,2.2216697,-.51415497,2.7488852,-5.9018707,4.8735609,-6.9912329,6.8024597,-20.323809,6.3413439,-6.477078,7.3438973,-20.870852,7.9166965
17.5,27,-2.1601133,2.2238371,-6.518754,2.1985271,-.50879914,2.7202506,-5.8403926,4.8227944,-6.918407,6.7316008,-20.112103,6.2752876,-6.4096079,7.2673979,-20.653446,7.8342304
17.6,27,-2.1373754,2.2004282,-6.4501352,2.1753848,-.50344336,2.6916163,-5.7789145,4.772028,-6.8455815,6.6607413,-19.900394,6.2092319,-6.3421383,7.1908989,-20.436041,7.7517648
17.700001,27,-2.1146371,2.1770194,-6.3815165,2.1522422,-.49808756,2.662982,-5.7174363,4.7212615,-6.7727561,6.5898824,-19.688688,6.1431761,-6.2746682,7.1143994,-20.218636,7.6692986
17.799999,27,-2.0918994,2.1536107,-6.3128991,2.1291001,-.49273187,2.6343484,-5.6559596,4.670496,-6.6999316,6.5190244,-19.476984,6.0771213,-6.2071996,7.0379019,-20.001234,7.5868344
17.9,27,-2.0691614,2.1302018,-6.2442803,2.1059577,-.48737606,2.6057138,-5.5944815,4.6197295,-6.6271062,6.4481649,-19.265278,6.0110655,-6.13973,6.9614029,-19.783829,7.5043688
18,27,-2.0464232,2.1067929,-6.1756616,2.0828152,-.48202026,2.5770795,-5.5330033,4.5689631,-6.5542803,6.377306,-19.05357,5.9450092,-6.0722604,6.8849034,-19.566423,7.4219027
18.1,27,-2.023685,2.083384,-6.1070428,2.0596726,-.47666445,2.5484452,-5.4715257,4.5181966,-6.4814548,6.3064466,-18.841864,5.8789535,-6.0047903,6.8084044,-19.349018,7.3394365
18.200001,27,-2.000947,2.0599751,-6.038424,2.0365303,-.47130865,2.5198109,-5.4100475,4.4674301,-6.4086289,6.2355876,-18.630156,5.8128977,-5.9373207,6.731905,-19.131613,7.2569709
18.299999,27,-1.9782093,2.0365667,-5.9698067,2.0133882,-.46595296,2.4911771,-5.3485703,4.4166646,-6.3358049,6.1647296,-18.418453,5.7468429,-5.8698521,6.6554074,-18.914211,7.1745067
18.4,27,-1.9554712,2.0131578,-5.9011879,1.9902457,-.46059716,2.4625428,-5.2870927,4.3658981,-6.2629795,6.0938702,-18.206745,5.6807871,-5.802382,6.578908,-18.696804,7.0920405
18.5,27,-1.9327331,1.989749,-5.8325691,1.9671032,-.45524135,2.4339085,-5.2256145,4.3151317,-6.1901536,6.0230112,-17.995039,5.6147313,-5.7349124,6.502409,-18.479399,7.0095749
18.6,27,-1.909995,1.9663401,-5.7639503,1.9439608,-.44988555,2.4052742,-5.1641364,4.2643652,-6.1173282,5.9521518,-17.783331,5.5486751,-5.6674423,6.4259095,-18.261993,6.9271088
18.700001,27,-1.8872567,1.9429312,-5.6953321,1.9208183,-.44452974,2.3766398,-5.1026583,4.2135987,-6.0445023,5.8812928,-17.571625,5.4826193,-5.5999727,6.3494105,-18.044588,6.8446431
18.799999,27,-1.8645191,1.9195226,-5.6267142,1.8976762,-.43917406,2.348006,-5.0411816,4.1628332,-5.9716783,5.8104348,-17.359921,5.4165645,-5.5325041,6.2729125,-17.827187,6.7621784
18.9,27,-1.841781,1.8961138,-5.5580959,1.8745338,-.43381825,2.3193717,-4.9797034,4.1120667,-5.8988528,5.7395754,-17.148214,5.3505087,-5.4650345,6.1964135,-17.609781,6.6797128
19,27,-1.8190428,1.8727049,-5.4894772,1.8513913,-.42846245,2.2907374,-4.9182253,4.0613003,-5.8260269,5.6687164,-16.936506,5.2844529,-5.3975644,6.1199141,-17.392376,6.5972466
19.1,27,-1.7963047,1.849296,-5.4208584,1.8282489,-.42310664,2.2621031,-4.8567472,4.0105338,-5.7532015,5.597857,-16.7248,5.2183971,-5.3300948,6.0434151,-17.174971,6.514781
19.200001,27,-1.7735666,1.8258871,-5.3522396,1.8051063,-.41775084,2.2334688,-4.795269,3.9597676,-5.6803756,5.526998,-16.513092,5.1523409,-5.2626247,5.9669156,-16.957565,6.4323149
19.299999,27,-1.750829,1.8024787,-5.2836223,1.7819643,-.41239515,2.2048349,-4.7337923,3.9090021,-5.6075516,5.45614,-16.30139,5.0862865,-5.1951566,5.8904181,-16.740164,6.3498507
19.4,27,-1.7280908,1.7790698,-5.2150035,1.7588218,-.40703934,2.1762006,-4.6723142,3.8582356,-5.5347261,5.3852806,-16.089682,5.0202303,-5.1276865,5.8139186,-16.522758,6.267385
19.5,27,-1.7053527,1.7556609,-5.1463847,1.7356793,-.40168354,2.1475663,-4.610836,3.8074691,-5.4619002,5.3144217,-15.877975,4.9541745,-5.0602169,5.7374196,-16.305353,6.1849189
19.6,27,-1.6826146,1.7322519,-5.0777659,1.7125368,-.39632773,2.118932,-4.5493584,3.7567027,-5.3890748,5.2435622,-15.666268,4.8881187,-4.9927468,5.6609201,-16.087948,6.1024528
19.700001,27,-1.6598765,1.708843,-5.0091472,1.6893944,-.39097196,2.0902977,-4.4878802,3.7059362,-5.3162489,5.1727033,-15.454561,4.8220625,-4.9252772,5.5844212,-15.870542,6.0199871
19.799999,27,-1.6371387,1.6854346,-4.9405298,1.6662524,-.38561624,2.0616639,-4.426403,3.6551707,-5.2434249,5.1018453,-15.242858,4.7560081,-4.8578086,5.5079231,-15.65314,5.9375229
19.9,27,-1.6144006,1.6620257,-4.871911,1.6431098,-.38026044,2.0330296,-4.3649254,3.6044044,-5.1705995,5.0309858,-15.031151,4.6899524,-4.790339,5.4314241,-15.435735,5.8550568
20,27,-1.5916625,1.6386168,-4.8032923,1.6199673,-.37490463,2.0043952,-4.3034472,3.553638,-5.0977736,4.9601269,-14.819444,4.6238961,-4.7228689,5.3549247,-15.218329,5.7725911
20.1,27,-1.5689244,1.6152079,-4.7346735,1.5968249,-.36954886,1.9757609,-4.2419691,3.5028715,-5.0249481,4.8892674,-14.607737,4.5578403,-4.6553993,5.2784257,-15.000923,5.690125
20.200001,27,-1.5461862,1.591799,-4.6660547,1.5736824,-.36419305,1.9471266,-4.180491,3.452105,-4.9521222,4.8184085,-14.396029,4.4917846,-4.5879292,5.2019267,-14.783518,5.6076593
20.299999,27,-1.5234486,1.5683905,-4.5974374,1.5505403,-.35883734,1.9184928,-4.1190143,3.4013395,-4.8792982,4.7475505,-14.184326,4.4257298,-4.5204611,5.1254287,-14.566116,5.5251946
20.4,27,-1.5007105,1.5449816,-4.5288186,1.5273979,-.35348153,1.8898585,-4.0575361,3.3505731,-4.8064728,4.6766911,-13.972619,4.359674,-4.452991,5.0489297,-14.348711,5.442729
20.5,27,-1.4779723,1.5215727,-4.4601998,1.5042554,-.34812576,1.8612242,-3.996058,3.2998066,-4.7336469,4.6058321,-13.760912,4.2936177,-4.3855214,4.9724302,-14.131306,5.3602629
20.6,27,-1.4552342,1.4981638,-4.3915815,1.481113,-.34276995,1.8325899,-3.9345801,3.2490401,-4.6608214,4.5349727,-13.549205,4.227562,-4.3180513,4.8959312,-13.9139,5.2777972
20.700001,27,-1.4324961,1.4747549,-4.3229628,1.4579705,-.33741415,1.8039556,-3.8731019,3.1982737,-4.5879955,4.4641137,-13.337498,4.1615062,-4.2505817,4.8194318,-13.696494,5.1953311
20.799999,27,-1.4097583,1.4513465,-4.2543454,1.4348284,-.33205843,1.7753217,-3.811625,3.1475081,-4.5151715,4.3932557,-13.125794,4.0954514,-4.1831131,4.7429342,-13.479093,5.1128669
20.9,27,-1.3870202,1.4279376,-4.1857266,1.4116859,-.32670265,1.7466874,-3.7501471,3.0967417,-4.4423461,4.3223963,-12.914087,4.0293956,-4.115643,4.6664348,-13.261687,5.0304012
21,27,-1.3642821,1.4045286,-4.1171079,1.3885435,-.32134685,1.7180531,-3.688669,3.0459754,-4.3695202,4.2515373,-12.70238,3.9633396,-4.0481734,4.5899358,-13.044282,4.9479351
21.1,27,-1.341544,1.3811197,-4.0484891,1.365401,-.31599104,1.6894188,-3.6271911,2.995209,-4.2966948,4.1806779,-12.490673,3.8972838,-3.9807036,4.5134363,-12.826877,4.865469
21.200001,27,-1.3188059,1.3577108,-3.9798703,1.3422585,-.31063524,1.6607845,-3.5657129,2.9444425,-4.2238688,4.1098189,-12.278966,3.8312278,-3.9132338,4.4369373,-12.609471,4.7830033
21.299999,27,-1.2960682,1.3343024,-3.911253,1.3191165,-.30527952,1.6321507,-3.504236,2.893677,-4.1510448,4.0389609,-12.067263,3.7651732,-3.8457654,4.3604393,-12.39207,4.7005391
21.4,27,-1.2733301,1.3108935,-3.8426342,1.295974,-.29992375,1.6035163,-3.4427581,2.8429105,-4.0782194,3.9681017,-11.855556,3.6991172,-3.7782955,4.2839403,-12.174664,4.618073
21.5,27,-1.250592,1.2874846,-3.7740154,1.2728316,-.29456794,1.574882,-3.3812799,2.7921441,-4.0053935,3.8972425,-11.643848,3.6330614,-3.7108257,4.2074409,-11.957258,4.5356073
21.6,27,-1.2278539,1.2640758,-3.7053967,1.249689,-.28921214,1.5462477,-3.3198018,2.7413776,-3.9325681,3.8263834,-11.432141,3.5670054,-3.6433558,4.1309419,-11.739853,4.4531412
21.700001,27,-1.2051157,1.2406669,-3.6367779,1.2265465,-.28385633,1.5176133,-3.2583239,2.6906111,-3.8597424,3.7555239,-11.220434,3.5009496,-3.575886,4.0544424,-11.522448,4.3706756
21.799999,27,-1.1823781,1.2172583,-3.5681605,1.2034045,-.27850065,1.4889796,-3.196847,2.6398456,-3.7869182,3.6846662,-11.008731,3.4348948,-3.5084176,3.9779449,-11.305046,4.2882109
21.9,27,-1.15964,1.1938494,-3.4995418,1.180262,-.27314484,1.4603453,-3.1353688,2.5890791,-3.7140925,3.613807,-10.797024,3.368839,-3.4409478,3.9014456,-11.087641,4.2057452
22,27,-1.1369017,1.1704406,-3.4309232,1.1571195,-.26778904,1.431711,-3.0738909,2.5383127,-3.6412668,3.5429478,-10.585317,3.302783,-3.3734779,3.8249464,-10.870235,4.1232791
22.1,27,-1.1141636,1.1470317,-3.3623044,1.1339771,-.26243323,1.4030765,-3.0124128,2.4875464,-3.5684414,3.4720886,-10.37361,3.236727,-3.3060081,3.7484472,-10.652829,4.0408134
22.200001,27,-1.0914255,1.1236228,-3.2936857,1.1108346,-.25707743,1.3744422,-2.9509346,2.43678,-3.4956157,3.4012294,-10.161902,3.1706712,-3.2385383,3.671948,-10.435424,3.9583476
22.299999,27,-1.0686878,1.1002142,-3.2250683,1.0876925,-.25172174,1.3458085,-2.8894579,2.3860145,-3.4227915,3.3303714,-9.9501991,3.1046166,-3.1710696,3.5954502,-10.218022,3.8758831
22.4,27,-1.0459497,1.0768054,-3.1564496,1.06455,-.24636593,1.3171742,-2.8279798,2.335248,-3.3499658,3.2595122,-9.738492,3.0385606,-3.1035998,3.5189509,-10.000617,3.7934172
22.5,27,-1.0232116,1.0533965,-3.0878308,1.0414076,-.24101013,1.2885398,-2.7665017,2.2844815,-3.2771401,3.188653,-9.5267849,2.9725046,-3.0361302,3.4424517,-9.7832117,3.7109513
22.6,27,-1.0004735,1.0299876,-3.019212,1.0182651,-.23565432,1.2599055,-2.7050238,2.2337151,-3.2043145,3.1177938,-9.3150778,2.9064488,-2.9686604,3.3659525,-9.5658064,3.6284854
22.700001,27,-.97773534,1.0065787,-2.9505935,.99512261,-.23029853,1.2312711,-2.6435456,2.1829486,-3.131489,3.0469346,-9.1033707,2.8403928,-2.9011905,3.2894533,-9.3484001,3.5460196
22.799999,27,-.95499766,.98317027,-2.8819759,.97198057,-.22494283,1.2026374,-2.5820687,2.1321831,-3.0586648,2.9760766,-8.8916674,2.7743382,-2.8337219,3.2129555,-9.1309986,3.4635551
22.9,27,-.93225956,.95976132,-2.8133571,.94883811,-.21958703,1.174003,-2.5205908,2.0814166,-2.9858391,2.9052174,-8.6799603,2.7082822,-2.766252,3.1364563,-8.9135933,3.3810892
23,27,-.9095214,.93635243,-2.7447386,.92569566,-.21423122,1.1453687,-2.4591126,2.0306501,-2.9130135,2.8343582,-8.4682531,2.6422265,-2.6987822,3.059957,-8.696188,3.2986233
23.1,27,-.8867833,.91294354,-2.6761198,.90255314,-.20887542,1.1167344,-2.3976345,1.9798838,-2.8401878,2.763499,-8.256546,2.5761704,-2.6313124,2.9834578,-8.4787827,3.2161574
23.200001,27,-.8640452,.88953465,-2.607501,.87941068,-.20351963,1.0881001,-2.3361566,1.9291173,-2.7673624,2.6926398,-8.0448389,2.5101147,-2.5638428,2.9069586,-8.2613773,3.1336915
23.299999,27,-.84130752,.86612618,-2.5388837,.85626864,-.19816393,1.0594662,-2.2746797,1.8783518,-2.6945381,2.6217818,-7.8331361,2.4440598,-2.4963741,2.8304608,-8.0439758,3.0512273
23.4,27,-.81856936,.84271729,-2.4702649,.83312619,-.19280812,1.0308319,-2.2132015,1.8275853,-2.6217124,2.5509226,-7.621429,2.3780041,-2.4289043,2.7539616,-7.82657,2.9687614
23.5,27,-.79583126,.8193084,-2.4016461,.80998367,-.18745232,1.0021976,-2.1517236,1.776819,-2.5488868,2.4800634,-7.4097219,2.3119481,-2.3614345,2.6774623,-7.6091647,2.8862956
23.6,27,-.7730931,.79589951,-2.3330274,.78684121,-.18209653,.97356331,-2.0902455,1.7260525,-2.4760611,2.4092042,-7.1980147,2.2458923,-2.2939646,2.6009634,-7.3917589,2.8038297
23.700001,27,-.75035501,.77249056,-2.2644088,.7636987,-.17674072,.944929,-2.0287676,1.6752861,-2.4032357,2.3383451,-6.9863076,2.1798363,-2.2264948,2.5244641,-7.1743536,2.7213638
23.799999,27,-.72761732,.74908215,-2.1957912,.74055672,-.17138502,.91629517,-1.9672906,1.6245205,-2.3304114,2.267487,-6.7746043,2.1137817,-2.1590264,2.4479663,-6.9569521,2.6388993
23.9,27,-.70487916,.72567326,-2.1271727,.7174142,-.16602921,.88766086,-1.9058125,1.5737541,-2.2575858,2.1966279,-6.5628972,2.0477257,-2.0915565,2.3714671,-6.7395463,2.5564334
24,27,-.68214107,.70226431,-2.0585539,.69427174,-.16067342,.85902655,-1.8443345,1.5229877,-2.1847601,2.1257687,-6.3511901,1.9816698,-2.0240867,2.2949679,-6.522141,2.4739676
24.1,27,-.65940297,.67885542,-1.9899352,.67112923,-.15531762,.83039224,-1.7828565,1.4722213,-2.1119344,2.0549095,-6.139483,1.9156139,-1.9566169,2.2184687,-6.3047357,2.3915017
24.200001,27,-.63666481,.65544653,-1.9213164,.64798677,-.14996181,.80175787,-1.7213784,1.4214548,-2.039109,1.9840502,-5.9277759,1.849558,-1.889147,2.1419694,-6.0873299,2.3090358
24.299999,27,-.61392713,.63203806,-1.852699,.62484473,-.14460611,.7731241,-1.6599015,1.3706893,-1.9662846,1.9131923,-5.7160726,1.7835033,-1.8216785,2.0654716,-5.8699284,2.2265713
24.4,27,-.59118903,.60862917,-1.7840803,.60170227,-.13925032,.74448979,-1.5984235,1.3199228,-1.8934591,1.8423331,-5.5043654,1.7174474,-1.7542088,1.9889724,-5.652523,2.1441054
24.5,27,-.56845087,.58522028,-1.7154616,.57855976,-.13389452,.71585548,-1.5369455,1.2691563,-1.8206334,1.7714739,-5.2926583,1.6513915,-1.686739,1.9124732,-5.4351177,2.0616395
24.6,27,-.54571277,.56181139,-1.6468428,.5554173,-.12853871,.68722111,-1.4754673,1.21839,-1.7478079,1.7006147,-5.0809512,1.5853356,-1.6192691,1.835974,-5.2177119,1.9791738
24.700001,27,-.52297467,.5384025,-1.5782241,.53227484,-.12318292,.6585868,-1.4139893,1.1676235,-1.6749822,1.6297554,-4.8692441,1.5192797,-1.5517993,1.7594748,-5.0003066,1.8967078
24.799999,27,-.50023699,.51499403,-1.5096067,.5091328,-.11782721,.62995303,-1.3525125,1.116858,-1.602158,1.5588975,-4.6575408,1.453225,-1.4843308,1.682977,-4.7829051,1.8142436
24.9,27,-.47749883,.49158514,-1.4409879,.48599029,-.11247142,.60131872,-1.2910343,1.0660915,-1.5293324,1.4880383,-4.4458337,1.3871691,-1.4168609,1.6064777,-4.5654993,1.7317775
25,27,-.4547607,.46817622,-1.3723693,.46284783,-.10711561,.57268435,-1.2295563,1.0153251,-1.4565067,1.4171791,-4.2341266,1.3211132,-1.3493911,1.5299785,-4.348094,1.6493117
25.1,27,-.4320226,.44476733,-1.3037505,.43970534,-.10175981,.54405004,-1.1680783,.96455866,-1.3836812,1.3463199,-4.0224195,1.2550573,-1.2819214,1.4534793,-4.1306887,1.5668458
25.200001,27,-.40928447,.42135844,-1.2351317,.41656286,-.096404009,.51541573,-1.1066003,.91379219,-1.3108555,1.2754606,-3.8107123,1.1890014,-1.2144516,1.3769801,-3.9132829,1.4843799
25.299999,27,-.38654679,.39794996,-1.1665144,.39342082,-.091048315,.48678192,-1.0451233,.86302674,-1.2380313,1.2046027,-3.5990093,1.1229467,-1.146983,1.3004824,-3.6958816,1.4019156
25.4,27,-.36380866,.37454107,-1.0978956,.37027836,-.08569251,.45814759,-.98364532,.81226027,-1.1652057,1.1337435,-3.3873022,1.0568908,-1.0795132,1.2239832,-3.478476,1.3194497
25.5,27,-.34107053,.35113215,-1.029277,.34713587,-.080336712,.42951328,-.92216724,.76149386,-1.09238,1.0628843,-3.175595,.99083489,-1.0120434,1.1474839,-3.2610705,1.2369838
25.6,27,-.3183324,.32772326,-.96065819,.32399338,-.074980907,.40087894,-.86068922,.71072739,-1.0195545,.99202508,-2.9638879,.924779,-.94457352,1.0709847,-3.0436649,1.1545179
25.700001,27,-.2955943,.30431437,-.89203948,.3008509,-.069625109,.37224463,-.79921114,.65996093,-.94672883,.92116588,-2.7521808,.8587231,-.87710375,.9944855,-2.8262594,1.072052
25.799999,27,-.27285659,.2809059,-.82342207,.27770886,-.064269409,.34361082,-.73773426,.60919547,-.87390459,.850308,-2.5404778,.7926684,-.80963522,.9179877,-2.6088581,.98958766
25.9,27,-.25011849,.25749701,-.75480336,.2545664,-.058913607,.31497651,-.67625624,.558429,-.80107898,.77944875,-2.3287704,.72661251,-.74216539,.84148848,-2.3914526,.90712178
26,27,-.22738035,.23408811,-.68618464,.23142391,-.053557806,.28634217,-.61477816,.50766253,-.72825336,.70858955,-2.1170633,.66055661,-.67469555,.76498926,-2.174047,.82465583
26.1,27,-.20464224,.21067922,-.61756587,.20828143,-.048202004,.25770786,-.55330014,.4568961,-.65542775,.6377303,-1.9053562,.59450072,-.60722578,.68849003,-1.9566414,.74218994
26.200001,27,-.18190411,.18727031,-.54894716,.18513896,-.042846203,.22907352,-.49182206,.40612966,-.58260214,.56687111,-1.6936491,.52844477,-.53975594,.61199081,-1.739236,.65972406
26.299999,27,-.15916643,.16386186,-.48032975,.16199692,-.037490506,.20043975,-.43034518,.35536417,-.5097779,.49601322,-1.481946,.46239012,-.47228742,.53549308,-1.5218346,.57725972
26.4,27,-.1364283,.14045295,-.41171104,.13885443,-.032134704,.17180541,-.36886713,.30459774,-.43695229,.425154,-1.2702389,.3963342,-.40481761,.45899385,-1.3044291,.49479383
26.5,27,-.11369018,.11704405,-.34309232,.11571196,-.026778903,.14317109,-.30738908,.25383127,-.36412668,.35429478,-1.0585316,.33027831,-.33734778,.38249463,-1.0870235,.41232792
26.6,27,-.090952054,.093635157,-.27447358,.092569478,-.021423101,.11453676,-.24591103,.20306483,-.29130107,.28343555,-.84682453,.26422238,-.26987797,.3059954,-.869618,.32986203
26.700001,27,-.068213932,.070226252,-.20585486,.069426998,-.016067302,.085902438,-.18443298,.15229838,-.21847546,.21257633,-.63511741,.19816647,-.20240815,.2294962,-.65221244,.24739613
26.799999,27,-.045476247,.046817802,-.13723744,.046284959,-.010711602,.057268653,-.1229561,.1015329,-.14565124,.14171845,-.42341429,.13211183,-.13493963,.15299843,-.43481106,.1649318
26.9,27,-.022738123,.023408901,-.068618722,.023142479,-.005355801,.028634327,-.061478052,.050766449,-.072825618,.070859224,-.21170714,.066055916,-.067469813,.076499216,-.21740553,.082465902
27,27,0,0,0,0,0,0,0,0,0,0,0,0,0,0,0,0
27.1,27,.02272575,.023407402,-.023151912,.068603411,.0053527169,.028632475,-.050765902,.061471336,.072806932,.070855819,-.066067919,.21168178,.067454219,.076495357,-.082473926,.21738236
27.200001,27,.045377269,.04680581,-.046360437,.13711497,.010686927,.057253834,-.10152853,.12290239,.14550176,.14169121,-.1322079,.42321143,.13481484,.15296753,-.164996,.43462569
27.299999,27,.067879893,.070185833,-.069681801,.20544159,.015984027,.085852444,-.15228367,.18425173,.21797101,.21248442,-.1984908,.63443285,.20198698,.2293919,-.24761288,.65158689
27.4,27,.090160258,.093539461,-.093173712,.27349424,.021225711,.11441834,-.20303011,.24548154,.29010534,.28321782,-.26499137,.84520209,.26887965,.30574834,-.33037609,.86813539
27.5,27,.1121437,.11685747,-.11689273,.34118012,.026393373,.14293997,-.25376382,.30655056,.36179128,.3538698,-.33178073,1.0553633,.33539793,.38201243,-.41333264,1.0841285
27.6,27,.13375598,.14013121,-.14089613,.40840808,.031468507,.17140642,-.30448192,.36741892,.43291673,.42442018,-.39893156,1.264765,.40144822,.45816129,-.49653143,1.2994279
27.700001,27,.15492286,.16335219,-.16524154,.47508726,.036432605,.19980687,-.35518166,.42804688,.50336957,.49484903,-.4665167,1.4732559,.46693698,.53417242,-.58002168,1.5138956
27.799999,27,.17556974,.18651171,-.1899865,.54112595,.041267075,.22813009,-.40585968,.48839381,.57303637,.56513518,-.53460819,1.680681,.53176934,.61002183,-.6638515,1.7273902
27.9,27,.19562317,.20960262,-.21519043,.60643679,.04595359,.25636655,-.45651564,.54842281,.64180773,.63526165,-.60328215,1.8868977,.59585416,.68569034,-.74807423,1.9397825
28,27,.21500851,.23261674,-.24091193,.67092896,.050473556,.28450537,-.50714672,.6080938,.70957017,.70520771,-.67261153,2.0917518,.65909666,.76115471,-.83273917,2.1509326
28.1,27,.23365153,.25554663,-.26721063,.7345137,.054808468,.31253627,-.55775136,.66736829,.77621168,.77495432,-.74267089,2.2950943,.72140318,.83639336,-.9178977,2.3607042
28.200001,27,.25147802,.27838519,-.29414693,.79710293,.058939818,.34044921,-.6083284,.72620803,.84162003,.8444826,-.81353545,2.4967754,.78268021,.91138524,-1.003602,2.5689623
28.299999,27,.26841339,.30112532,-.3217814,.85860819,.062849022,.36823392,-.65887624,.78457427,.90568197,.91377276,-.88527972,2.6966436,.84283292,.98610818,-1.0899036,2.7755694
28.4,27,.28438407,.32376161,-.35017705,.91894519,.066517733,.39588189,-.70939648,.84243196,.96828783,.98280931,-.95798302,2.8945587,.90177011,1.0605448,-1.1768596,2.9803998
28.5,27,.29931554,.34628791,-.37939626,.97802734,.069927372,.42338327,-.75988859,.89974332,1.0293243,1.0515732,-1.0317212,3.0903699,.95939696,1.1346742,-1.2645235,3.1833174
28.6,27,.31313354,.36869887,-.40950298,1.0357701,.073059417,.45072907,-.81035334,.95647222,1.0886793,1.1200471,-1.1065726,3.2839313,1.0156199,1.2084768,-1.3529512,3.384191
28.700001,27,.32576379,.39098981,-.44056216,1.0920898,.075895377,.47791067,-.86079234,1.0125831,1.1462407,1.1882142,-1.1826164,3.4750977,1.0703453,1.2819344,-1.4421998,3.5828905
28.799999,27,.33713192,.41315624,-.47263941,1.1469033,.078416698,.50491923,-.91120678,1.0680401,1.2018954,1.2560569,-1.2599308,3.6637216,1.1234787,1.3550274,-1.5323262,3.7792835
28.9,27,.34716412,.43519551,-.50580341,1.2001317,.080604963,.53174776,-.9616015,1.1228114,1.2555333,1.3235619,-1.3386003,3.8496668,1.1749283,1.4277415,-1.6233937,3.9732504
29,27,.35578591,.45710444,-.54012233,1.2516942,.082441621,.55838823,-1.0119792,1.1768625,1.3070413,1.3907127,-1.4187055,4.0327883,1.2245997,1.5000589,-1.7154617,4.1646609
29.1,27,.36292309,.47888103,-.57566649,1.3015126,.08390817,.5848335,-1.0623444,1.2301608,1.3563074,1.4574947,-1.5003297,4.2129445,1.2723992,1.5719638,-1.8085933,4.3533916
29.200001,27,.36850137,.50052404,-.6125077,1.3495104,.084986098,.61107695,-1.1127027,1.2826749,1.4032192,1.523894,-1.583558,4.3899965,1.3182331,1.6434414,-1.9028528,4.539319
29.299999,27,.37244651,.52203262,-.65071863,1.3956116,.085656896,.63711184,-1.1630594,1.3343732,1.4476641,1.5898958,-1.6684744,4.5638027,1.3620073,1.7144763,-1.9983046,4.7223191
29.4,27,.37468439,.54340816,-.6903761,1.4397448,.08590208,.66293359,-1.2134238,1.385228,1.4895316,1.6554905,-1.75517,4.7342334,1.4036295,1.7850584,-2.0950205,4.9022799
29.5,27,.37514073,.56465173,-.7315563,1.4818377,.085703127,.68853647,-1.2638036,1.4352099,1.5287088,1.7206647,-1.8437322,4.9011497,1.4430057,1.8551742,-2.1930687,5.0790801
29.6,27,.3737413,.58576572,-.77433842,1.521821,.085041538,.71391606,-1.3142083,1.4842913,1.5650834,1.7854078,-1.9342515,5.0644183,1.4800419,1.9248127,-2.2925217,5.2526054
29.700001,27,.37041178,.60675365,-.81880355,1.5596272,.083898798,.73906845,-1.3646488,1.5324464,1.5985433,1.8497095,-2.0268207,5.2239075,1.5146445,1.9939643,-2.3934536,5.4227428
29.799999,27,.36507818,.6276198,-.86503398,1.5951904,.082256444,.76398993,-1.4151363,1.5796492,1.6289761,1.9135596,-2.1215317,5.3794837,1.5467197,2.062619,-2.4959393,5.5893784
29.9,27,.35766602,.64837068,-.91311717,1.6284492,.080095902,.78867888,-1.4656863,1.6258781,1.6562706,1.9769522,-2.2184844,5.5310259,1.5761747,2.1307721,-2.6000619,5.7524114
30,27,.34810114,.66901296,-.96314019,1.6593424,.077398703,.81313306,-1.5163128,1.6711102,1.6803143,2.0398791,-2.317775,5.6784039,1.6029155,2.1984162,-2.7059009,5.9117322
30.1,27,.33630928,.68955493,-1.0151936,1.6878121,.07414633,.83735138,-1.5670322,1.7153249,1.700995,2.102334,-2.4195039,5.8214941,1.6268486,2.2655468,-2.8135414,6.0672388
30.200001,27,.32221624,.71000618,-1.0693703,1.7138028,.070320278,.86133373,-1.6178628,1.7585034,1.7182004,2.1643124,-2.5237737,5.9601746,1.6478802,2.3321605,-2.9230707,6.2188311
30.299999,27,.30574816,.73037744,-1.1257653,1.7372617,.065902151,.88508028,-1.6688234,1.8006277,1.7318187,2.2258089,-2.6306863,6.0943236,1.6659166,2.3982549,-3.0345764,6.3664093
30.4,27,.28683007,.75068188,-1.1844794,1.7581395,.06087324,.90859354,-1.7199373,1.8416839,1.7417377,2.2868233,-2.7403536,6.2238293,1.6808645,2.4638317,-3.1481571,6.5098858
30.5,27,.26538819,.77093315,-1.2456131,1.7763895,.055215154,.93187553,-1.7712274,1.8816577,1.7478455,2.3473537,-2.8528831,6.3485742,1.6926303,2.528892,-3.263907,6.6491675
30.6,27,.24134818,.79114681,-1.3092711,1.7919675,.04890937,.95492989,-1.8227189,1.9205376,1.7500298,2.4073997,-2.9683869,6.4684463,1.7011204,2.5934389,-3.3819265,6.7841673
30.700001,27,.2146358,.81134003,-1.3755615,1.8048331,.041937377,.97776109,-1.8744391,1.9583139,1.7481784,2.4669631,-3.0869806,6.5833373,1.706241,2.6574779,-3.5023198,6.9148016
30.799999,27,.18517745,.83153123,-1.4445938,1.8149487,.034280822,1.0003746,-1.9264171,1.9949788,1.7421795,2.526046,-3.2087796,6.6931386,1.7078986,2.7210145,-3.6251919,7.0409894
30.9,27,.15289773,.85174167,-1.5164852,1.8222808,.025920914,1.0227778,-1.9786867,2.0305285,1.7319206,2.5846548,-3.3339097,6.7977509,1.7059997,2.784061,-3.7506592,7.1626587
31,27,.11772304,.87199324,-1.5913523,1.8267984,.016839301,1.0449786,-2.031281,2.0649598,1.71729,2.6427951,-3.4624932,6.8970733,1.7004507,2.8466268,-3.8788352,7.2797365
31.1,27,.079579033,.89231008,-1.6693165,1.8284746,.0070174509,1.0669862,-2.0842371,2.0982721,1.6981753,2.7004743,-3.5946572,6.9910078,1.6911578,2.9087257,-4.00984,7.3921556
31.200001,27,.038391624,.91271794,-1.7505026,1.8272859,-.0035631082,1.0888114,-2.1375942,2.1304679,1.6744647,2.7577026,-3.7305329,7.0794625,1.6780277,2.9703736,-4.1437979,7.4998531
31.299999,27,-.0059127831,.93324411,-1.8350376,1.823212,-.014920714,1.1104655,-2.1913931,2.1615517,1.6460462,2.8144898,-3.8702526,7.1623449,1.6609669,3.0315874,-4.2808352,7.6027689
31.4,27,-.05340996,.95391893,-1.9230567,1.8162369,-.02707427,1.1319631,-2.245681,2.1915326,1.6128069,2.870852,-4.0139599,7.2395735,1.6398813,3.0923898,-4.4210916,7.7008538
31.5,27,-.10417321,.97477341,-2.014694,1.8063476,-.040042043,1.1533184,-2.3005047,2.2204206,1.5746355,2.9268034,-4.1617937,7.3110647,1.6146775,3.1528029,-4.5647025,7.7940574
31.6,27,-.158277,.99584079,-2.1100891,1.7935351,-.053842604,1.174548,-2.3559144,2.2482293,1.5314193,2.9823611,-4.3139009,7.3767395,1.5852619,3.2128522,-4.711813,7.8823366
31.700001,27,-.21579535,1.0171561,-2.2093847,1.777794,-.068494394,1.1956699,-2.4119644,2.2749755,1.4830467,3.037545,-4.4704318,7.4365253,1.5515411,3.2725666,-4.8625717,7.9656539
31.799999,27,-.27680144,1.0387559,-2.3127255,1.7591227,-.08401566,1.2167033,-2.4687102,2.300679,1.4294064,3.0923755,-4.6315379,7.4903507,1.513422,3.3319759,-5.0171304,8.0439749
31.9,27,-.34137174,1.0606797,-2.4202657,1.7375222,-.10042547,1.2376702,-2.5262146,2.3253636,1.3703843,3.146879,-4.7973847,7.5381536,1.4708098,3.3911166,-5.1756563,8.1172762
32,27,-.40957946,1.0829674,-2.5321565,1.7129977,-.11774207,1.2585934,-2.5845399,2.3490558,1.3058695,3.2010803,-4.968133,7.5798717,1.4236115,3.4500246,-5.3383126,8.1855354
32.099998,27,-.48149729,1.1056608,-2.6485527,1.6855581,-.13598359,1.2794973,-2.6437521,2.3717849,1.2357509,3.255008,-5.1439476,7.615449,1.3717345,3.5087392,-5.5052681,8.2487373
32.200001,27,-.55720383,1.128805,-2.7696209,1.6552134,-.15516962,1.3004096,-2.7039256,2.3935864,1.1599125,3.3086958,-5.3250117,7.6448369,1.3150821,3.5673072,-5.6767116,8.3068762
32.299999,27,-.63676739,1.1524434,-2.895515,1.6219802,-.17531718,1.3213571,-2.7651296,2.4144952,1.0782478,3.3621736,-5.5114913,7.6679869,1.253565,3.6257706,-5.8528152,8.3599443
32.400002,27,-.72026843,1.1766247,-3.0264106,1.5858736,-.19644636,1.3423718,-2.8274467,2.4345541,.99063849,3.4154818,-5.7035828,7.6848598,1.1870848,3.6841838,-6.0337825,8.4079523
32.5,27,-.80777454,1.201395,-3.1624656,1.5469165,-.21857396,1.3634843,-2.8909538,2.4538059,.89697957,3.4686558,-5.9014606,7.6954198,1.1155535,3.7425954,-6.2197986,8.4509058
32.599998,27,-.8993634,1.2268049,-3.3038566,1.5051298,-.24171938,1.3847291,-2.9557385,2.4722998,.79715514,3.5217392,-6.1053271,7.6996374,1.0388745,3.8010645,-6.4110751,8.4888239
32.700001,27,-.99511284,1.2529054,-3.4507623,1.4605366,-.26590201,1.4061434,-3.0218925,2.4900885,.6910491,3.5747793,-6.3153896,7.6974878,.95695114,3.8596537,-6.607831,8.5217333
32.799999,27,-1.0950896,1.2797463,-3.6033461,1.413167,-.29113847,1.4277633,-3.089503,2.5072262,.57855791,3.6278191,-6.531837,7.6889524,.86969638,3.9184217,-6.8102689,8.5496616
32.900002,27,-1.1993755,1.3073817,-3.7617967,1.3630456,-.31744927,1.4496301,-3.1586721,2.5237734,.45956045,3.6809134,-6.7548971,7.6740179,.77700973,3.9774406,-7.0186305,8.57265
33,27,-1.3080374,1.3358628,-3.9262803,1.3102055,-.3448509,1.4717838,-3.2294941,2.5397923,.33395344,3.7341115,-6.9847703,7.6526775,.67880434,4.0367765,-7.2331319,8.5907402
33.099998,27,-1.4211529,1.3652439,-4.096982,1.254676,-.37336284,1.4942685,-3.3020754,2.5553498,.20162076,3.787472,-7.2216878,7.6249294,.5749836,4.0965056,-7.45402,8.6039877
33.200001,27,-1.5388008,1.3955803,-4.2740879,1.1964864,-.40300465,1.5171306,-3.3765261,2.5705166,.06244516,3.8410563,-7.4658866,7.5907769,.46544981,4.1567092,-7.6815505,8.6124506
33.299999,27,-1.6610467,1.4269239,-4.4577661,1.1356726,-.43379274,1.540415,-3.4529507,2.5853653,-.083675556,3.8949227,-7.7175841,7.5502329,.35011718,4.2174635,-7.9159594,8.6161938
33.400002,27,-1.787974,1.4593312,-4.6482105,1.0722625,-.46574789,1.5641724,-3.5314693,2.5999737,-.23686439,3.9491413,-7.9770393,7.5033102,.22888349,4.2788582,-8.1575251,8.6152916
33.5,27,-1.919647,1.492854,-4.8455868,1.0062931,-.49888608,1.5884509,-3.6121926,2.6144204,-.39722127,4.0037761,-8.2444782,7.450036,.10166481,4.3409777,-8.4064951,8.6098242
33.599998,27,-2.0561447,1.5275475,-5.0500827,.93779331,-.53322709,1.6133032,-3.6952431,2.6287889,-.56486434,4.0589013,-8.5201645,7.3904357,-.031637203,4.4039159,-8.6631536,8.5998793
33.700001,27,-2.1975472,1.5634668,-5.2618856,.86679131,-.56879085,1.6387832,-3.7807469,2.6431653,-.73991275,4.114593,-8.8043671,7.3245416,-.17112185,4.4677706,-8.9277906,8.5855474
33.799999,27,-2.3439181,1.6006622,-5.4811587,.79332221,-.6055932,1.6649436,-3.8688228,2.6576364,-.92246556,4.1709251,-9.0973282,7.2523975,-.31687236,4.5326357,-9.200675,8.5669298
33.900002,27,-2.4953418,1.6391892,-5.7080936,.71740997,-.64365524,1.6918416,-3.959604,2.6722934,-1.1126473,4.227982,-9.3993397,7.1740456,-.46899208,4.5986176,-9.4821167,8.5441332
34,27,-2.6518819,1.6790966,-5.9428511,.6390869,-.6829927,1.7195318,-4.0532131,2.6872277,-1.310557,4.2858434,-9.7106552,7.0895414,-.62756431,4.6658168,-9.772397,8.5172691
34.099998,27,-2.8136182,1.7204368,-6.1856122,.55837601,-.72362554,1.7480725,-4.1497846,2.7025337,-1.5163133,4.3445969,-10.031567,6.99894,-.79268777,4.7343431,-10.07183,8.486454
34.200001,27,-2.9806309,1.7632614,-6.4365597,.47529805,-.7655738,1.7775228,-4.2494545,2.718307,-1.7300366,4.4043341,-10.362372,6.9022989,-.96446282,4.8043098,-10.380737,8.4518118
34.299999,27,-3.152982,1.8076164,-6.6958447,.38988093,-.80885291,1.8079393,-4.3523488,2.734643,-1.9518231,4.4651413,-10.70334,6.7996931,-1.1429702,4.8758245,-10.69941,8.4134703
34.400002,27,-3.3307586,1.8535527,-6.963655,.30213815,-.85348457,1.839383,-4.4586091,2.7516398,-2.1818013,4.5271177,-11.05479,6.6911869,-1.3283167,4.9490075,-11.028193,8.3715601
34.5,27,-3.5140214,1.9011141,-7.2401366,.2120937,-.89948392,1.8719108,-4.5683618,2.7693939,-2.4200661,4.5903549,-11.416996,6.5768642,-1.5205822,5.0239711,-11.367385,8.3262205
34.599998,27,-3.7028515,1.9503477,-7.5254626,.11975965,-.94687116,1.9055831,-4.6817455,2.7880032,-2.666738,4.654953,-11.790278,6.4568024,-1.7198669,5.1008372,-11.717324,8.2775908
34.700001,27,-3.8973303,2.0012999,-7.8198056,.025145445,-.99566656,1.9404604,-4.7988992,2.8075662,-2.9219387,4.7210159,-12.174959,6.3310823,-1.926272,5.1797304,-12.078357,8.2258129
34.799999,27,-4.097518,2.0540102,-8.1233044,-.071732037,-1.0458852,1.976599,-4.9199481,2.8281775,-3.1857622,4.78864,-12.571324,6.1997995,-2.1398771,5.260766,-12.450789,8.1710348
34.900002,27,-4.3035026,2.1085243,-8.4361343,-.17087096,-1.0975491,2.0140595,-5.0450335,2.8499351,-3.4583385,4.857935,-12.979716,6.0630388,-2.3607895,5.3440747,-12.834984,8.1134043
35,27,-4.5153441,2.1648793,-8.7584295,-.27225897,-1.1506729,2.0528972,-5.1742778,2.8729317,-3.7397611,4.9290009,-13.400425,5.9209027,-2.589088,5.4297738,-13.23125,8.0530729
35.099998,27,-4.7331238,2.2231162,-9.0903511,-.37589589,-1.2052771,2.0931704,-5.307816,2.8972616,-4.0301504,5.0019464,-13.833785,5.7734847,-2.8248732,5.517992,-13.639939,7.9901924
35.200001,27,-4.9569249,2.2832763,-9.4320641,-.4817856,-1.2613826,2.1349368,-5.4457817,2.9230168,-4.3296323,5.0768833,-14.280141,5.6208758,-3.0682497,5.6088581,-14.061409,7.9249101
35.299999,27,-5.1868043,2.345392,-9.7836885,-.58992064,-1.3190032,2.1782482,-5.5882912,2.9502847,-4.6382942,5.1539135,-14.739779,5.4631906,-3.3192911,5.7024899,-14.495966,7.8573837
35.400002,27,-5.422853,2.4095037,-10.145393,-.70031244,-1.3781618,2.2231617,-5.7354789,2.9791551,-4.9562712,5.2331524,-15.213061,5.3005195,-3.5781093,5.7990203,-14.94398,7.7877612
35.5,27,-5.6651292,2.4756422,-10.517299,-.81295943,-1.4388729,2.269727,-5.8874559,3.0097101,-5.2836542,5.3147035,-15.700282,5.1329737,-3.8447812,5.8985662,-15.405759,7.7161961
35.599998,27,-5.9137144,2.5438435,-10.899556,-.9278726,-1.5011569,2.3179967,-6.0443468,3.0420332,-5.6205645,5.3986797,-16.201782,4.9606533,-4.1194077,6.0012555,-15.881652,7.642837
35.700001,27,-6.1686931,2.6141434,-11.29232,-1.0450662,-1.5650346,2.3680229,-6.206274,3.0762048,-5.9671283,5.4851933,-16.717909,4.7836528,-4.4020934,6.1072145,-16.372015,7.5678272
35.799999,27,-6.4301205,2.6865685,-11.695698,-1.1645432,-1.6305201,2.4198503,-6.3733397,3.1122994,-6.323432,5.574347,-17.248951,4.602087,-4.6929121,6.2165575,-16.87714,7.4913168
35.900002,27,-6.6980896,2.7611551,-12.109854,-1.2863251,-1.6976364,2.4735298,-6.5456657,3.150393,-6.6896129,5.6662564,-17.795271,4.4160452,-4.9919767,6.3294125,-17.397396,7.4134436
36,27,-6.9726553,2.8379281,-12.534892,-1.4104184,-1.7663971,2.529103,-6.7233481,3.1905539,-7.0657578,5.7610226,-18.357155,4.2256393,-5.2993603,6.445889,-17.933071,7.3343496
36.099998,27,-7.2539024,2.9169199,-12.970961,-1.5368444,-1.8368235,2.586616,-6.9064975,3.2328506,-7.451992,5.8587556,-18.934942,4.0309587,-5.6151681,6.5661082,-18.484505,7.2541676
36.200001,27,-7.5419145,2.998162,-13.418204,-1.6656249,-1.9089364,2.6461132,-7.0952225,3.2773499,-7.8484406,5.9595656,-19.528975,3.8320932,-5.9395041,6.6901894,-19.052034,7.1730261
36.299999,27,-7.8367443,3.0816762,-13.876719,-1.79677,-1.982749,2.7076309,-7.289608,3.3241098,-8.255187,6.0635486,-20.139524,3.6291497,-6.272438,6.8182349,-19.635933,7.0910568
36.400002,27,-8.1384897,3.1674967,-14.346669,-1.9303104,-2.0582855,2.7712133,-7.4897637,3.3731928,-8.6723747,6.1708155,-20.766951,3.4222014,-6.6140895,6.9503646,-20.236553,7.0083747
36.5,27,-8.4472017,3.2556434,-14.828145,-2.0662575,-2.1355586,2.8368938,-7.6957684,3.4246509,-9.1000843,6.2814598,-21.411518,3.2113507,-6.9645257,7.0866756,-20.854155,6.9251037
36.599998,27,-8.7629652,3.3461459,-15.32129,-2.2046392,-2.2145898,2.9047108,-7.9077187,3.4785388,-9.5384426,6.3955841,-22.073557,2.9966719,-7.323853,7.2272778,-21.489058,6.841351
36.700001,27,-9.085866,3.4390335,-15.826248,-2.3454847,-2.2954006,2.9747024,-8.1257095,3.5349088,-9.9875793,6.5132909,-22.753395,2.7782362,-7.6921787,7.3722787,-22.141579,6.7572212
36.799999,27,-9.4159555,3.5343242,-16.343103,-2.4888079,-2.3780031,3.0468965,-8.3498106,3.5938041,-10.447573,6.634666,-23.451279,2.556134,-8.0695696,7.5217662,-22.81196,6.672822
36.900002,27,-9.7533331,3.6320503,-16.872021,-2.6346455,-2.4624226,3.1213315,-8.5801201,3.6552746,-10.91857,6.7598119,-24.167557,2.3304188,-8.4561472,7.6758494,-23.500534,6.5882416
37,27,-10.098046,3.7322288,-17.41308,-2.7830124,-2.5486708,3.1980326,-8.816699,3.719358,-11.400646,6.8888102,-24.902466,2.1011736,-8.8519754,7.8346095,-24.207527,6.5035768
37.099998,27,-10.450109,3.8348682,-17.966312,-2.9339049,-2.6367509,3.2770188,-9.0595894,3.7860878,-11.893821,7.0217342,-25.656166,1.8685257,-9.2570696,7.9981179,-24.933092,6.4189539
37.200001,27,-10.809236,3.9398978,-18.531294,-3.087178,-2.7265928,3.3582497,-9.3086414,3.8554556,-12.397663,7.1585746,-26.428211,1.6328852,-9.6710701,8.166337,-25.676796,6.3346558
37.299999,27,-11.175031,4.0472126,-19.107422,-3.2426393,-2.8180964,3.4416552,-9.5636168,3.9274237,-12.911575,7.2992716,-27.217884,1.3947333,-10.093479,8.3391666,-26.437944,6.2509866
37.400002,27,-11.547148,4.1567197,-19.694168,-3.4001267,-2.9111762,3.5271707,-9.8243036,4.0019512,-13.435035,7.4437695,-28.024553,1.1544852,-10.523858,8.5165148,-27.215919,6.1682038
37.5,27,-11.92519,4.2683072,-20.290918,-3.5594621,-3.0057335,3.6147141,-10.090443,4.0789762,-13.967443,7.5919776,-28.847445,.91255915,-10.96171,8.6982489,-28.009966,6.0865455
37.599998,27,-12.3088,4.3818722,-20.89711,-3.7204881,-3.1016781,3.7042065,-10.36179,4.158433,-14.508258,7.7438059,-29.685839,.66932261,-11.40658,8.8842411,-28.819372,6.0062122
37.700001,27,-12.697619,4.4973102,-21.512186,-3.8830538,-3.1989222,3.7955649,-10.638093,4.2402482,-15.056941,7.8991532,-30.538998,.42511496,-11.858019,9.0743484,-29.643414,5.9273763
37.799999,27,-13.091249,4.6145015,-22.135506,-4.0469928,-3.2973652,3.8886919,-10.919062,4.3243313,-15.612888,8.0578871,-31.406057,.18028054,-12.315523,9.2683945,-30.481243,5.8501964
37.900002,27,-13.48935,4.7333426,-22.766531,-4.2121692,-3.3969226,3.983501,-11.204441,4.4105959,-16.175587,8.2198896,-32.286274,-.064898446,-12.778664,9.4662237,-31.332121,5.7747936
38,27,-13.891517,4.8537092,-23.404613,-4.3784213,-3.4974937,4.0798864,-11.493924,4.4989371,-16.744427,8.385005,-33.178734,-.31011742,-13.246932,9.6676359,-32.195148,5.7012854
38.099998,27,-14.297397,4.9754915,-24.049181,-4.5456128,-3.5989904,4.1777525,-11.787235,4.5892539,-17.318872,8.5530901,-34.082623,-.55512238,-13.719881,9.8724461,-33.069519,5.6297584
38.200001,27,-14.706631,5.0985756,-24.699656,-4.7136059,-3.7013235,4.277,-12.084089,4.6814418,-17.898382,8.7239914,-34.997093,-.79967254,-14.197059,10.080462,-33.954403,5.5602851
38.299999,27,-15.118818,5.2228355,-25.355387,-4.8822489,-3.8043928,4.3775163,-12.384167,4.7753811,-18.482355,8.8975296,-35.921192,-1.0435163,-14.677961,10.291462,-34.848854,5.4929323
38.400002,27,-15.53362,5.3481622,-26.015825,-5.051415,-3.908114,4.4792032,-12.687191,4.8709636,-19.070274,9.0735455,-36.854095,-1.2864523,-15.16216,10.505245,-35.752064,5.427742
38.5,27,-15.950633,5.4744267,-26.680313,-5.2209539,-4.0123863,4.5819454,-12.992834,4.9680624,-19.661533,9.2518444,-37.794815,-1.5282518,-15.649147,10.721577,-36.663052,5.3647566
38.599998,27,-16.369501,5.6015143,-27.348269,-5.3907351,-4.1171212,4.685638,-13.300802,5.0665607,-20.255594,9.4322491,-38.742462,-1.7687258,-16.138474,10.940239,-37.580948,5.3040018
38.700001,27,-16.789871,5.72931,-28.019112,-5.5606294,-4.22223,4.7901745,-13.610799,5.1663389,-20.851921,9.6145782,-39.696148,-2.0076926,-16.62969,11.161014,-38.504875,5.2454944
38.799999,27,-17.211338,5.8576841,-28.692188,-5.7304888,-4.3276129,4.8954368,-13.922492,5.2672668,-21.449907,9.7986259,-40.654861,-2.2449534,-17.122295,11.383651,-39.433842,5.1892514
38.900002,27,-17.633562,5.9865246,-29.366936,-5.9001899,-4.4331841,5.0013208,-14.235592,5.3692241,-22.049034,9.9842072,-41.617722,-2.4803467,-17.61585,11.607931,-40.366978,5.1352768
39,27,-18.056143,6.1157026,-30.0427,-6.0695872,-4.5388441,5.107708,-14.549767,5.4720793,-22.648701,10.171112,-42.583714,-2.7136884,-18.109858,11.833601,-41.303291,5.0835752
39.099998,27,-18.478786,6.2451186,-30.718994,-6.2385783,-4.6445203,5.2145047,-14.864761,5.5757213,-23.248463,10.359168,-43.552059,-2.9448669,-18.603943,12.060459,-42.242008,5.0341229
39.200001,27,-18.901445,6.3747473,-31.39572,-6.4071698,-4.7501998,5.3216767,-15.180494,5.6800947,-23.848246,10.548299,-44.52253,-3.1739609,-19.098045,12.28842,-43.182907,4.986814
39.299999,27,-19.324087,6.5045657,-32.0728,-6.5753717,-4.855875,5.429193,-15.496899,5.7851481,-24.448006,10.738433,-45.494946,-3.401063,-19.592129,12.517406,-44.125793,4.9415355
39.400002,27,-19.746744,6.634573,-32.750267,-6.7432208,-4.961555,5.5370431,-15.81396,5.8908505,-25.047789,10.929534,-46.46928,-3.6262956,-20.086233,12.74738,-45.070641,4.8981733
39.5,27,-20.169386,6.7647476,-33.428047,-6.9107242,-5.0672302,5.6451988,-16.131617,5.9971561,-25.647547,11.121536,-47.445358,-3.8497367,-20.580317,12.978272,-46.017265,4.8566303
39.599998,27,-20.59203,6.8950863,-34.106152,-7.0779085,-5.1729059,5.7536473,-16.449848,6.1040359,-26.247309,11.314403,-48.42313,-4.0714874,-21.074402,13.210044,-46.965611,4.8168077
39.700001,27,-21.014688,7.0255837,-34.78458,-7.2447968,-5.2785854,5.8623762,-16.768633,6.2114611,-26.847092,11.508095,-49.402542,-4.2916403,-21.568506,13.442657,-47.915627,4.7786164
39.799999,27,-21.437328,7.1562214,-35.463264,-7.4113927,-5.3842611,5.9713621,-17.087915,6.3193936,-27.44685,11.702559,-50.383446,-4.5102568,-22.06259,13.67605,-48.867153,4.7419758
39.900002,27,-21.859987,7.2870026,-36.14225,-7.5777254,-5.4899406,6.0805993,-17.407696,6.427815,-28.046635,11.897771,-51.365837,-4.7274313,-22.556694,13.910204,-49.82019,4.7068048
40,27,-22.282629,7.4179087,-36.821465,-7.7437954,-5.5956163,6.1900663,-17.727922,6.5366907,-28.646393,12.09368,-52.349571,-4.9432149,-23.050777,14.145061,-50.774586,4.6730332
40.099998,27,-22.705273,7.5489392,-37.500919,-7.9096231,-5.701292,6.2997556,-18.048586,6.6460018,-29.246155,12.290261,-53.334621,-5.1576843,-23.544863,14.380597,-51.730316,4.6405911
40.200001,27,-23.12793,7.6800914,-38.18063,-8.0752268,-5.8069711,6.4096589,-18.369671,6.7557292,-29.845936,12.487489,-54.320961,-5.3709078,-24.038963,14.616788,-52.68734,4.6094136
40.299999,27,-23.550571,7.8113508,-38.860538,-8.2406063,-5.9126468,6.5197582,-18.691139,6.8658447,-30.445696,12.685318,-55.308464,-5.5829291,-24.533049,14.853584,-53.645538,4.5794415
40.400002,27,-23.973228,7.9427204,-39.540676,-8.4057827,-6.0183263,6.6300516,-19.012989,6.976336,-31.045477,12.883737,-56.297138,-5.7938175,-25.027151,15.090976,-54.604919,4.5506172
40.5,27,-24.395872,8.0741863,-40.220985,-8.5707569,-6.124002,6.7405214,-19.335182,7.0871773,-31.645239,13.082704,-57.286865,-6.0036116,-25.521236,15.328917,-55.565361,4.5228882
40.599998,27,-24.818514,8.2057486,-40.901485,-8.7355433,-6.2296777,6.8511634,-19.657711,7.1983557,-32.244999,13.2822,-58.277634,-6.2123666,-26.015322,15.567391,-56.526848,4.4962039
40.700001,27,-25.241171,8.3374062,-41.582188,-8.900156,-6.3353572,6.9619722,-19.980572,7.3098583,-32.84478,13.48221,-59.269428,-6.420135,-26.509424,15.806382,-57.489365,4.4705167
40.799999,27,-25.663811,8.4691458,-42.263031,-9.0645905,-6.4410319,7.0729332,-20.303726,7.4216619,-33.444538,13.682696,-60.262127,-6.6269455,-27.003506,16.045851,-58.452793,4.4457831
40.900002,27,-26.086472,8.600975,-42.944073,-9.2288704,-6.5467119,7.1840477,-20.627188,7.5337625,-34.044323,13.883656,-61.255787,-6.832859,-27.49761,16.285793,-59.417179,4.4219584
41,27,-26.509115,8.7328787,-43.62524,-9.3929873,-6.6523881,7.2952995,-20.950912,7.6461368,-34.644085,14.08505,-62.250275,-7.0378938,-27.991695,16.526173,-60.382401,4.3990064
41.099998,27,-26.931755,8.8648567,-44.306553,-9.5569553,-6.7580628,7.4066863,-21.274902,7.7587757,-35.243839,14.286868,-63.245586,-7.2420945,-28.485777,16.766975,-61.348446,4.3768888
41.200001,27,-27.354414,8.996913,-44.988041,-9.720789,-6.8637428,7.518208,-21.599159,7.8716741,-35.843628,14.489102,-64.241745,-7.445508,-28.979883,17.008196,-62.315334,4.355567
41.299999,27,-27.777054,9.1290331,-45.669632,-9.8844786,-6.969418,7.629848,-21.923645,7.9848099,-36.443382,14.691717,-65.238617,-7.6481462,-29.473965,17.249796,-63.282944,4.335012
41.400002,27,-28.199715,9.2612257,-46.351383,-10.048045,-7.075098,7.741612,-22.248379,8.0981827,-37.043167,14.894716,-66.236275,-7.8500609,-29.968071,17.491779,-64.251328,4.3151884
41.5,27,-28.622358,9.3934765,-47.033234,-10.211482,-7.1807737,7.8534846,-22.57332,8.2117739,-37.642929,15.098066,-67.234596,-8.0512629,-30.462156,17.734114,-65.220383,4.2960691
41.599998,27,-29.044998,9.5257874,-47.715199,-10.374797,-7.286449,7.9654655,-22.898474,8.3255768,-38.242687,15.30176,-68.233582,-8.2517872,-30.956238,17.976791,-66.190102,4.2776251
41.700001,27,-29.467657,9.6581631,-48.397308,-10.538006,-7.3921289,8.0775557,-23.223846,8.4395895,-38.842472,15.505795,-69.233269,-8.4516726,-31.450344,18.219809,-67.160515,4.2598267
41.799999,27,-29.890297,9.7905884,-49.079498,-10.701097,-7.4978037,8.1897402,-23.5494,8.553792,-39.44223,15.710138,-70.233536,-8.6509237,-31.944426,18.463133,-68.1315,4.2426524
41.900002,27,-30.312958,9.9230738,-49.761826,-10.86409,-7.6034837,8.3020258,-23.875156,8.6681881,-40.042015,15.914797,-71.234444,-8.8495855,-32.43853,18.706774,-69.103134,4.2260742
42,27,-30.7356,10.055606,-50.444225,-11.026976,-7.7091599,8.4143991,-24.201078,8.7827597,-40.641777,16.119741,-72.235893,-9.0476618,-32.932617,18.950699,-70.075302,4.2100716
42.099998,27,-31.158239,10.188186,-51.126717,-11.189762,-7.8148346,8.5268593,-24.527172,8.8975029,-41.241531,16.32497,-73.237885,-9.2451801,-33.426697,19.194904,-71.048019,4.1946225
42.200001,27,-31.5809,10.320821,-51.809338,-11.352464,-7.9205146,8.639411,-24.853449,9.0124187,-41.841316,16.530479,-74.240463,-9.442174,-33.920803,19.439392,-72.021309,4.1797042
42.299999,27,-32.00354,10.453495,-52.492012,-11.515067,-8.0261898,8.752038,-25.179869,9.1274891,-42.441074,16.736242,-75.243507,-9.6386433,-34.414883,19.68413,-72.995071,4.1652989
42.400002,27,-32.426201,10.58622,-53.174809,-11.677591,-8.1318693,8.864749,-25.506458,9.2427187,-43.040859,16.942268,-76.247093,-9.8346262,-34.908989,19.929131,-73.969368,4.1513863
42.5,27,-32.848843,10.718982,-53.857658,-11.840026,-8.237546,8.9775305,-25.833181,9.3580914,-43.640621,17.148529,-77.251122,-10.030122,-35.403076,20.174362,-74.944099,4.1379495
42.599998,27,-33.271484,10.851783,-54.540588,-12.002378,-8.3432207,9.0903845,-26.160048,9.4736052,-44.240379,17.355024,-78.2556,-10.225155,-35.897156,20.419828,-75.919289,4.1249714
42.700001,27,-33.694141,10.984632,-55.223625,-12.164661,-8.4489002,9.2033138,-26.487064,9.589263,-44.840164,17.561756,-79.260574,-10.419753,-36.391262,20.665531,-76.894958,4.1124339
42.799999,27,-34.116783,11.117511,-55.906704,-12.326862,-8.5545759,9.3163052,-26.814198,9.7050467,-45.439919,17.768698,-80.26593,-10.613912,-36.885345,20.91144,-77.87101,4.1003237
42.900002,27,-34.539444,11.250433,-56.589886,-12.488998,-8.6602554,9.4293671,-27.141476,9.8209639,-46.039707,17.975861,-81.271744,-10.807665,-37.379452,21.15757,-78.847527,4.088624
43,27,-34.962086,11.383386,-57.273113,-12.651059,-8.7659311,9.5424871,-27.468863,9.9369993,-46.639465,18.18322,-82.277924,-11.001011,-37.873535,21.403893,-79.824394,4.0773225
43.099998,27,-35.384727,11.516372,-57.956402,-12.813051,-8.8716068,9.6556664,-27.796366,10.053153,-47.239223,18.390776,-83.284477,-11.193967,-38.367619,21.65041,-80.801636,4.0664048
43.200001,27,-35.807384,11.649398,-58.639786,-12.974986,-8.9772863,9.7689104,-28.123999,10.169426,-47.839008,18.59853,-84.291458,-11.386559,-38.861721,21.897127,-81.779305,4.0558572
43.299999,27,-36.230026,11.782449,-59.3232,-13.13685,-9.0829611,9.882205,-28.451727,10.285805,-48.438766,18.806461,-85.298752,-11.57878,-39.355804,22.144016,-82.757278,4.0456686
43.400002,27,-36.652687,11.915537,-60.00671,-13.298662,-9.1886415,9.9955597,-28.779579,10.402295,-49.038551,19.01458,-86.306442,-11.770661,-39.849911,22.391092,-83.735641,4.0358257
43.5,27,-37.075329,12.04865,-60.690247,-13.460409,-9.2943172,10.108962,-29.107519,10.518885,-49.638313,19.222862,-87.31443,-11.962195,-40.343994,22.63833,-84.71431,4.0263181
43.599998,27,-37.497967,12.18179,-61.37384,-13.622098,-9.399992,10.222415,-29.435558,10.635573,-50.238068,19.431311,-88.322739,-12.1534,-40.838078,22.885733,-85.693291,4.0171356
43.700001,27,-37.920628,12.314965,-62.057518,-13.78374,-9.5056725,10.335922,-29.763708,10.752364,-50.837856,19.639931,-89.331413,-12.344298,-41.332184,23.133307,-86.67263,4.008266
43.799999,27,-38.343269,12.448161,-62.741215,-13.945321,-9.6113472,10.449472,-30.091936,10.869243,-51.437611,19.848698,-90.34034,-12.53488,-41.826263,23.381023,-87.652229,3.9997013
43.900002,27,-38.76593,12.581389,-63.424999,-14.106859,-9.7170277,10.563074,-30.420271,10.986217,-52.037395,20.057625,-91.349617,-12.725173,-42.32037,23.628902,-88.632172,3.9914298
44,27,-39.188572,12.714637,-64.108803,-14.26834,-9.8227034,10.676715,-30.74868,11.103273,-52.637157,20.266693,-92.359146,-12.915171,-42.814453,23.876919,-89.61235,3.9834442
44.099998,27,-39.61121,12.847909,-64.792648,-14.429772,-9.9283781,10.790399,-31.077171,11.220414,-53.236916,20.475901,-93.368942,-13.104886,-43.308537,24.125072,-90.592812,3.9757352
44.200001,27,-40.033871,12.981211,-65.476578,-14.591166,-10.034059,10.90413,-31.40576,11.337644,-53.8367,20.685257,-94.379059,-13.294341,-43.802643,24.373375,-91.573578,3.9682934
44.299999,27,-40.456512,13.11453,-66.160515,-14.752505,-10.139733,11.017896,-31.734413,11.454946,-54.436459,20.894737,-95.389389,-13.483523,-44.296722,24.621798,-92.554558,3.9611123
44.400002,27,-40.879169,13.247877,-66.844536,-14.91381,-10.245414,11.131707,-32.063156,11.572331,-55.036243,21.104359,-96.400024,-13.67246,-44.790829,24.870361,-93.535843,3.9541824
44.5,27,-41.301815,13.381241,-67.528564,-15.075065,-10.351089,11.245551,-32.391964,11.689786,-55.636005,21.314096,-97.410866,-13.861141,-45.284916,25.11904,-94.517326,3.9474976
44.599998,27,-41.724453,13.514625,-68.212631,-15.236277,-10.456764,11.359432,-32.72084,11.807313,-56.23576,21.523956,-98.421936,-14.049581,-45.778996,25.367836,-95.499046,3.9410505
44.700001,27,-42.147114,13.648035,-68.896774,-15.397457,-10.562444,11.473354,-33.049805,11.924916,-56.835545,21.733946,-99.433296,-14.237797,-46.273102,25.616764,-96.481033,3.9348328
44.799999,27,-42.569756,13.781459,-69.580917,-15.55859,-10.668119,11.587305,-33.378819,12.042582,-57.435303,21.944038,-100.44483,-14.425776,-46.767185,25.865793,-97.463203,3.9288402
44.900002,27,-42.992413,13.914909,-70.265137,-15.719693,-10.773799,11.701296,-33.707916,12.160319,-58.035088,22.154255,-101.45663,-14.613545,-47.261288,26.114946,-98.445641,3.9230638
45,27,-43.415058,14.048372,-70.949364,-15.880754,-10.879475,11.815314,-34.037067,12.278116,-58.63485,22.364573,-102.46861,-14.801092,-47.755375,26.364195,-99.428246,3.9174993
45.099998,27,-43.837696,14.181852,-71.633614,-16.041777,-10.98515,11.929364,-34.366276,12.395975,-59.234608,22.574995,-103.48078,-14.98843,-48.249454,26.613548,-100.41105,3.9121404
45.200001,27,-44.260357,14.315357,-72.31794,-16.202772,-11.09083,12.043451,-34.69556,12.513901,-59.834393,22.78553,-104.49321,-15.175575,-48.743561,26.863014,-101.3941,3.9069803
45.299999,27,-44.682995,14.448873,-73.002266,-16.363728,-11.196505,12.157562,-35.024887,12.631879,-60.434147,22.996155,-105.50578,-15.362514,-49.237644,27.112568,-102.3773,3.902015
45.400002,27,-45.105656,14.582411,-73.686653,-16.524656,-11.302185,12.271708,-35.35429,12.749921,-61.033936,23.206888,-106.5186,-15.549271,-49.73175,27.36223,-103.36073,3.8972378
45.5,27,-45.528301,14.715961,-74.371048,-16.685549,-11.407861,12.385878,-35.683735,12.868013,-61.633694,23.417707,-107.53156,-15.735834,-50.225834,27.611977,-104.34431,3.8926446
45.599998,27,-45.950939,14.849524,-75.055473,-16.846407,-11.513535,12.500074,-36.013229,12.986159,-62.233452,23.628616,-108.54469,-15.922214,-50.719917,27.861811,-105.32806,3.8882306
45.700001,27,-46.3736,14.98311,-75.73996,-17.007242,-11.619216,12.614303,-36.342796,13.104363,-62.833237,23.839626,-109.55804,-16.108427,-51.21402,28.111746,-106.31203,3.8839896
45.799999,27,-46.796238,15.116705,-76.424438,-17.168043,-11.724891,12.728553,-36.672394,13.222613,-63.432995,24.050714,-110.57153,-16.29446,-51.708103,28.361757,-107.29613,3.8799188
45.900002,27,-47.218899,15.25032,-77.108978,-17.328821,-11.830571,12.842834,-37.00206,13.340919,-64.032776,24.261898,-111.58523,-16.480333,-52.202209,28.611862,-108.28043,3.8760121
46,27,-47.641544,15.383945,-77.793518,-17.489565,-11.936247,12.957134,-37.331764,13.459269,-64.632538,24.473156,-112.59904,-16.666039,-52.696293,28.862041,-109.26485,3.8722663
46.099998,27,-48.064186,15.517583,-78.478088,-17.650282,-12.041923,13.071459,-37.66151,13.577666,-65.2323,24.684494,-113.61302,-16.851583,-53.19038,29.112299,-110.24944,3.8686771
46.200001,27,-48.486839,15.651238,-79.162704,-17.810976,-12.147601,13.18581,-37.991314,13.696113,-65.832077,24.895918,-114.62718,-17.036978,-53.684479,29.36264,-111.2342,3.8652411
46.299999,27,-48.909481,15.784904,-79.847328,-17.97164,-12.253277,13.300182,-38.321156,13.814601,-66.431839,25.107412,-115.64146,-17.222218,-54.178562,29.613052,-112.21908,3.8619528
46.400002,27,-49.332142,15.918587,-80.531998,-18.132286,-12.358957,13.41458,-38.651051,13.933138,-67.031624,25.318989,-116.65593,-17.407318,-54.672668,29.863548,-113.20415,3.8588092
46.5,27,-49.754784,16.052277,-81.216667,-18.2929,-12.464633,13.528996,-38.980976,14.051712,-67.631386,25.530632,-117.67051,-17.592268,-55.166756,30.114105,-114.18932,3.8558073
46.599998,27,-50.177429,16.18598,-81.901367,-18.453491,-12.570309,13.643433,-39.310947,14.170329,-68.231148,25.742346,-118.68522,-17.777077,-55.660839,30.364733,-115.17462,3.8529432
46.700001,27,-50.600082,16.319698,-82.586105,-18.614061,-12.675987,13.757894,-39.640965,14.288989,-68.830925,25.954134,-119.7001,-17.961754,-56.154938,30.615435,-116.16009,3.8502138
46.799999,27,-51.022724,16.453424,-83.270844,-18.774607,-12.781663,13.872372,-39.971012,14.407685,-69.430687,26.165987,-120.71507,-18.146296,-56.649021,30.866199,-117.14566,3.847615
46.900002,27,-51.445385,16.587168,-83.955635,-18.935135,-12.887342,13.986874,-40.301113,14.526425,-70.030472,26.377913,-121.73023,-18.330713,-57.143127,31.117037,-118.1314,3.845144
47,27,-51.868027,16.720915,-84.640419,-19.095636,-12.993018,14.10139,-40.631237,14.645199,-70.630234,26.589895,-122.74547,-18.514996,-57.637215,31.367929,-119.11723,3.842798
