temp,ref,yhat_comm,se_comm,lowerci_comm,upperci_comm,tmax_rcspl_3kn_t0,tmax_rcspl_3kn_t1,yhat_low,se_low,lowerci_low,upperci_low,yhat_high,se_high,lowerci_high,upperci_high,yhat_marg,se_marg,lowerci_marg,upperci_marg
-20,27,-.082690611,9.6463985,-18.989285,18.823904,-20,0,-2.4749506,13.458329,-28.852793,23.902891,1.7709134,9.9359016,-17.703096,21.244925,4.2458639,16.588713,-28.267414,36.759144
-19.9,27,-.082514673,9.6258745,-18.948881,18.783852,-19.9,0,-2.4696846,13.429695,-28.791403,23.852034,1.7671455,9.9147615,-17.66543,21.199722,4.2368302,16.553417,-28.207272,36.680931
-19.8,27,-.082338735,9.6053495,-18.908478,18.743801,-19.799999,0,-2.4644186,13.40106,-28.730013,23.801176,1.7633775,9.8936214,-17.627764,21.15452,4.2277961,16.518122,-28.147127,36.602718
-19.7,27,-.082162797,9.5848255,-18.868076,18.703751,-19.700001,0,-2.4591529,13.372426,-28.668625,23.75032,1.7596097,9.8724813,-17.590099,21.109318,4.2187629,16.482826,-28.086985,36.524509
-19.6,27,-.081986859,9.5643015,-18.827673,18.6637,-19.6,0,-2.453887,13.343791,-28.607237,23.699463,1.7558419,9.8513412,-17.552433,21.064116,4.2097287,16.447533,-28.026842,36.446301
-19.5,27,-.081810921,9.5437775,-18.787271,18.62365,-19.5,0,-2.4486213,13.315156,-28.545847,23.648605,1.7520739,9.8302011,-17.514767,21.018913,4.200695,16.412237,-27.966698,36.368088
-19.4,27,-.081634983,9.5232525,-18.746868,18.583597,-19.4,0,-2.4433553,13.286521,-28.484459,23.597748,1.748306,9.8090611,-17.4771,20.973711,4.1916614,16.376942,-27.906553,36.289875
-19.3,27,-.081459045,9.5027285,-18.706465,18.543547,-19.299999,0,-2.4380894,13.257886,-28.423069,23.54689,1.7445381,9.78792,-17.439434,20.928509,4.1826277,16.341646,-27.846411,36.211666
-19.2,27,-.081283115,9.4822044,-18.666063,18.503496,-19.200001,0,-2.4328237,13.229252,-28.361681,23.496033,1.7407702,9.7667809,-17.401768,20.883308,4.173594,16.306351,-27.786268,36.133457
-19.1,27,-.081107177,9.4616804,-18.62566,18.463446,-19.1,0,-2.4275577,13.200617,-28.300291,23.445177,1.7370023,9.7456398,-17.364101,20.838106,4.1645603,16.271057,-27.726124,36.055244
-19,27,-.080931239,9.4411564,-18.585257,18.423395,-19,0,-2.422292,13.171982,-28.238903,23.39432,1.7332344,9.7244997,-17.326435,20.792904,4.1555262,16.235762,-27.665979,35.977032
-18.9,27,-.080755301,9.4206314,-18.544853,18.383343,-18.9,0,-2.417026,13.143348,-28.177513,23.343462,1.7294664,9.7033596,-17.288769,20.747702,4.1464925,16.200466,-27.605837,35.898823
-18.8,27,-.080579363,9.4001074,-18.504452,18.343292,-18.799999,0,-2.4117601,13.114713,-28.116125,23.292604,1.7256986,9.6822195,-17.251102,20.702499,4.1374588,16.165171,-27.545692,35.82061
-18.7,27,-.080403425,9.3795834,-18.464048,18.303242,-18.700001,0,-2.4064944,13.086079,-28.054737,23.241747,1.7219307,9.6610794,-17.213436,20.657299,4.1284251,16.129875,-27.48555,35.742401
-18.6,27,-.080227487,9.3590593,-18.423647,18.263191,-18.6,0,-2.4012287,13.057444,-27.993347,23.190889,1.7181628,9.6399393,-17.17577,20.612097,4.1193914,16.09458,-27.425407,35.664188
-18.5,27,-.080051549,9.3385344,-18.383244,18.223141,-18.5,0,-2.3959627,13.028809,-27.931957,23.140032,1.7143949,9.6187992,-17.138103,20.566895,4.1103578,16.059286,-27.365263,35.585979
-18.4,27,-.079875611,9.3180103,-18.34284,18.183088,-18.4,0,-2.3906968,13.000174,-27.870569,23.089176,1.710627,9.5976582,-17.100437,20.521692,4.1013236,16.023991,-27.305119,35.507767
-18.3,27,-.079699673,9.2974863,-18.302437,18.143038,-18.299999,0,-2.3854311,12.971539,-27.809179,23.038319,1.7068591,9.5765181,-17.062771,20.47649,4.0922899,15.988695,-27.244976,35.429554
-18.2,27,-.079523735,9.2769623,-18.262035,18.102987,-18.200001,0,-2.3801651,12.942904,-27.747791,22.987461,1.7030913,9.555378,-17.025106,20.431288,4.0832562,15.953401,-27.184834,35.351345
-18.1,27,-.079347797,9.2564383,-18.221632,18.062937,-18.1,0,-2.3748994,12.914269,-27.686403,22.936604,1.6993233,9.5342379,-16.98744,20.386087,4.0742226,15.918105,-27.124689,35.273136
-18,27,-.079171859,9.2359133,-18.181231,18.022886,-18,0,-2.3696334,12.885634,-27.625013,22.885746,1.6955553,9.5130978,-16.949774,20.340885,4.0651889,15.88281,-27.064547,35.194923
-17.9,27,-.078995921,9.2153893,-18.140827,17.982836,-17.9,0,-2.3643675,12.857,-27.563623,22.834888,1.6917875,9.4919577,-16.912107,20.295683,4.0561552,15.847514,-27.004402,35.116711
-17.8,27,-.078819983,9.1948652,-18.100424,17.942783,-17.799999,0,-2.3591018,12.828365,-27.502235,22.784031,1.6880195,9.4708176,-16.874441,20.250481,4.047121,15.812219,-26.944258,35.038502
-17.7,27,-.078644052,9.1743412,-18.060022,17.902733,-17.700001,0,-2.3538358,12.79973,-27.440847,22.733175,1.6842517,9.4496775,-16.836775,20.205278,4.0380878,15.776924,-26.884115,34.960293
-17.6,27,-.078468114,9.1538162,-18.019619,17.862682,-17.6,0,-2.3485701,12.771096,-27.379457,22.682318,1.6804838,9.4285374,-16.799109,20.160076,4.0290537,15.74163,-26.823973,34.88208
-17.5,27,-.078292176,9.1332922,-17.979216,17.822632,-17.5,0,-2.3433042,12.742461,-27.318069,22.63146,1.6767159,9.4073963,-16.761442,20.114874,4.02002,15.706334,-26.763828,34.803867
-17.4,27,-.078116238,9.1127682,-17.938812,17.782581,-17.4,0,-2.3380382,12.713826,-27.25668,22.580603,1.672948,9.3862562,-16.723776,20.069672,4.0109863,15.671039,-26.703686,34.725658
-17.3,27,-.0779403,9.0922432,-17.898411,17.742529,-17.299999,0,-2.3327725,12.685191,-27.195292,22.529745,1.66918,9.3651161,-16.68611,20.024469,4.0019526,15.635743,-26.643541,34.647446
-17.2,27,-.077764362,9.0717192,-17.858007,17.70248,-17.200001,0,-2.3275065,12.656557,-27.133904,22.478889,1.6654122,9.343976,-16.648445,19.979269,3.992919,15.600449,-26.583399,34.569237
-17.1,27,-.077588424,9.0511951,-17.817606,17.662428,-17.1,0,-2.3222408,12.627922,-27.072514,22.428032,1.6616443,9.3228359,-16.610779,19.934067,3.983885,15.565153,-26.523254,34.491024
-17,27,-.077412486,9.0306711,-17.777203,17.622377,-17,0,-2.3169749,12.599287,-27.011124,22.377174,1.6578764,9.3016958,-16.573112,19.888865,3.9748514,15.529859,-26.463112,34.412815
-16.9,27,-.077236548,9.0101471,-17.736799,17.582327,-16.9,0,-2.3117089,12.570653,-26.949736,22.326317,1.6541084,9.2805557,-16.535446,19.843662,3.9658175,15.494563,-26.402967,34.334602
-16.8,27,-.07706061,8.9896221,-17.696396,17.542274,-16.799999,0,-2.3064432,12.542018,-26.888346,22.275459,1.6503406,9.2594147,-16.49778,19.79846,3.9567838,15.459268,-26.342825,34.256393
-16.7,27,-.076884679,8.9690981,-17.655994,17.502226,-16.700001,0,-2.3011775,12.513383,-26.826958,22.224604,1.6465727,9.2382755,-16.460114,19.75326,3.9477501,15.423973,-26.282682,34.178181
-16.6,27,-.076708741,8.9485741,-17.615591,17.462173,-16.6,0,-2.2959116,12.484749,-26.76557,22.173746,1.6428047,9.2171345,-16.422447,19.708057,3.9387164,15.388678,-26.222538,34.099972
-16.5,27,-.076532803,8.92805,-17.57519,17.422123,-16.5,0,-2.2906456,12.456114,-26.70418,22.122889,1.6390369,9.1959944,-16.384781,19.662855,3.9296825,15.353383,-26.162394,34.021759
-16.4,27,-.076356865,8.9075251,-17.534786,17.382072,-16.4,0,-2.2853799,12.427479,-26.64279,22.072031,1.6352689,9.1748543,-16.347115,19.617653,3.9206488,15.318088,-26.102251,33.94355
-16.3,27,-.076180927,8.887001,-17.494383,17.342022,-16.299999,0,-2.2801139,12.398844,-26.581402,22.021173,1.6315011,9.1537142,-16.309448,19.572451,3.9116149,15.282792,-26.042107,33.865337
-16.2,27,-.076004989,8.866477,-17.453981,17.301971,-16.200001,0,-2.2748482,12.37021,-26.520014,21.970318,1.6277332,9.1325741,-16.271784,19.527248,3.9025812,15.247498,-25.981964,33.787128
-16.1,27,-.075829051,8.845953,-17.413578,17.261919,-16.1,0,-2.2695823,12.341575,-26.458624,21.91946,1.6239653,9.111434,-16.234118,19.482048,3.8935475,15.212202,-25.921822,33.708916
-16,27,-.075653113,8.825428,-17.373175,17.221869,-16,0,-2.2643163,12.31294,-26.397236,21.868603,1.6201974,9.0902929,-16.196451,19.436846,3.8845139,15.176907,-25.861677,33.630703
-15.9,27,-.075477175,8.804904,-17.332771,17.181818,-15.9,0,-2.2590506,12.284305,-26.335846,21.817745,1.6164294,9.0691528,-16.158785,19.391644,3.8754799,15.141612,-25.801533,33.552494
-15.8,27,-.075301237,8.78438,-17.29237,17.141768,-15.8,0,-2.2537847,12.255671,-26.274458,21.766888,1.6126616,9.0480127,-16.121119,19.346441,3.8664463,15.106317,-25.74139,33.474281
-15.7,27,-.075125299,8.7638559,-17.251966,17.101717,-15.7,0,-2.2485187,12.227036,-26.213068,21.71603,1.6088936,9.0268726,-16.083452,19.301239,3.8574126,15.071021,-25.681248,33.396072
-15.6,27,-.074949361,8.7433319,-17.211565,17.061666,-15.6,0,-2.243253,12.198401,-26.15168,21.665174,1.6051258,9.0057325,-16.045786,19.256037,3.8483787,15.035727,-25.621103,33.31786
-15.5,27,-.074773423,8.7228069,-17.171162,17.021614,-15.5,0,-2.237987,12.169766,-26.09029,21.614317,1.6013578,8.9845924,-16.00812,19.210835,3.839345,15.000431,-25.560961,33.239651
-15.4,27,-.074597485,8.7022829,-17.130758,16.981564,-15.4,0,-2.2327213,12.141131,-26.028902,21.563459,1.59759,8.9634523,-15.970453,19.165632,3.8303113,14.965136,-25.500816,33.161438
-15.3,27,-.074421547,8.6817589,-17.090357,16.941513,-15.3,0,-2.2274554,12.112496,-25.967512,21.512602,1.5938221,8.9423122,-15.932787,19.120432,3.8212776,14.929841,-25.440674,33.083229
-15.2,27,-.074245609,8.6612349,-17.049953,16.901463,-15.2,0,-2.2221897,12.083862,-25.906124,21.461744,1.5900542,8.9211712,-15.895121,19.07523,3.8122437,14.894546,-25.380529,33.005016
-15.1,27,-.074069679,8.6407099,-17.00955,16.861412,-15.1,0,-2.2169237,12.055227,-25.844734,21.410887,1.5862863,8.9000311,-15.857455,19.030027,3.80321,14.859251,-25.320387,32.926807
-15,27,-.073893741,8.6201859,-16.969149,16.82136,-15,0,-2.2116578,12.026592,-25.783346,21.360031,1.5825183,8.878891,-15.819789,18.984825,3.7941763,14.823956,-25.260242,32.848595
-14.9,27,-.073717803,8.5996618,-16.928745,16.781309,-14.9,0,-2.206392,11.997957,-25.721956,21.309174,1.5787505,8.8577509,-15.782123,18.939623,3.7851424,14.78866,-25.2001,32.770386
-14.8,27,-.073541865,8.5791378,-16.888342,16.741259,-14.8,0,-2.2011261,11.969323,-25.660568,21.258316,1.5749825,8.8366108,-15.744456,18.894421,3.7761087,14.753366,-25.139956,32.692173
-14.7,27,-.073365927,8.5586128,-16.847939,16.701208,-14.7,0,-2.1958604,11.940688,-25.599178,21.207458,1.5712147,8.8154707,-15.70679,18.84922,3.7670751,14.71807,-25.079813,32.613964
-14.6,27,-.073189989,8.5380888,-16.807537,16.661158,-14.6,0,-2.1905944,11.912054,-25.53779,21.156601,1.5674468,8.7943306,-15.669125,18.804018,3.7580411,14.682775,-25.019669,32.535751
-14.5,27,-.073014051,8.5175648,-16.767134,16.621105,-14.5,0,-2.1853287,11.883419,-25.476402,21.105743,1.5636789,8.7731905,-15.631458,18.758816,3.7490075,14.64748,-24.959526,32.457542
-14.4,27,-.072838113,8.4970407,-16.72673,16.581055,-14.4,0,-2.1800628,11.854784,-25.415012,21.054886,1.5599109,8.7520494,-15.593792,18.713614,3.7399738,14.612185,-24.899382,32.37933
-14.3,27,-.072662175,8.4765158,-16.686329,16.541004,-14.3,0,-2.1747968,11.826149,-25.353624,21.00403,1.556143,8.7309093,-15.556126,18.668411,3.7309399,14.57689,-24.839239,32.301121
-14.2,27,-.072486237,8.4559917,-16.645926,16.500954,-14.2,0,-2.1695311,11.797515,-25.292234,20.953173,1.5523752,8.7097692,-15.518459,18.623209,3.7219062,14.541595,-24.779095,32.222908
-14.1,27,-.072310299,8.4354677,-16.605524,16.460903,-14.1,0,-2.1642652,11.76888,-25.230846,20.902315,1.5486072,8.6886292,-15.480793,18.578009,3.7128725,14.5063,-24.718952,32.144699
-14,27,-.072134361,8.4149437,-16.565121,16.420851,-14,0,-2.1589994,11.740245,-25.169456,20.851458,1.5448394,8.6674891,-15.443127,18.532806,3.7038386,14.471004,-24.658808,32.066486
-13.9,27,-.071958423,8.3944187,-16.524717,16.3808,-13.9,0,-2.1537335,11.71161,-25.108068,20.8006,1.5410714,8.646349,-15.40546,18.487604,3.6948049,14.435709,-24.598665,31.988276
-13.8,27,-.071782492,8.3738947,-16.484316,16.34075,-13.8,0,-2.1484675,11.682976,-25.046679,20.749744,1.5373036,8.6252089,-15.367795,18.442402,3.6857712,14.400414,-24.538523,31.910065
-13.7,27,-.071606554,8.3533707,-16.443913,16.300699,-13.7,0,-2.1432018,11.654341,-24.985291,20.698887,1.5335356,8.6040688,-15.330129,18.3972,3.6767373,14.365119,-24.478378,31.831854
-13.6,27,-.071430616,8.3328466,-16.403509,16.260649,-13.6,0,-2.1379359,11.625706,-24.923901,20.648029,1.5297678,8.5829287,-15.292462,18.351997,3.6677036,14.329823,-24.418236,31.753643
-13.5,27,-.071254678,8.3123226,-16.363106,16.220598,-13.5,0,-2.1326702,11.597072,-24.862513,20.597172,1.5259999,8.5617876,-15.254796,18.306795,3.6586699,14.294529,-24.358091,31.67543
-13.4,27,-.07107874,8.2917976,-16.322704,16.180546,-13.4,0,-2.1274042,11.568437,-24.801123,20.546314,1.5222319,8.5406475,-15.21713,18.261593,3.649636,14.259233,-24.297947,31.597219
-13.3,27,-.070902802,8.2712736,-16.282301,16.140495,-13.3,0,-2.1221385,11.539802,-24.739735,20.495459,1.5184641,8.5195074,-15.179464,18.216393,3.6406024,14.223938,-24.237804,31.519009
-13.2,27,-.070726864,8.2507496,-16.241898,16.100445,-13.2,0,-2.1168725,11.511167,-24.678345,20.444601,1.5146961,8.4983673,-15.141798,18.17119,3.6315687,14.188643,-24.177662,31.440798
-13.1,27,-.070550926,8.2302256,-16.201496,16.060394,-13.1,0,-2.1116066,11.482533,-24.616957,20.393744,1.5109283,8.4772272,-15.104132,18.125988,3.622535,14.153348,-24.117517,31.362587
-13,27,-.070374988,8.2097006,-16.161093,16.020344,-13,0,-2.1063409,11.453897,-24.555567,20.342886,1.5071603,8.4560871,-15.066465,18.080786,3.6135011,14.118053,-24.057375,31.284376
-12.9,27,-.07019905,8.1891766,-16.120689,15.980292,-12.9,0,-2.1010749,11.425262,-24.494179,20.292028,1.5033925,8.434947,-15.028799,18.035583,3.6044674,14.082758,-23.997231,31.206165
-12.8,27,-.070023112,8.1686525,-16.080288,15.940242,-12.8,0,-2.0958092,11.396628,-24.432791,20.241171,1.4996245,8.4138069,-14.991133,17.990383,3.5954337,14.047462,-23.937088,31.127954
-12.7,27,-.069847174,8.1481285,-16.039885,15.90019,-12.7,0,-2.0905433,11.367993,-24.371401,20.190313,1.4958566,8.3926659,-14.953466,17.945181,3.5863998,14.012168,-23.876944,31.049744
-12.6,27,-.069671236,8.1276035,-15.999482,15.86014,-12.6,0,-2.0852773,11.339358,-24.310013,20.139458,1.4920888,8.3715258,-14.915801,17.899979,3.5773661,13.976872,-23.816801,30.971533
-12.5,27,-.069495298,8.1070795,-15.95908,15.820088,-12.5,0,-2.0800116,11.310724,-24.248623,20.0886,1.4883208,8.3503857,-14.878135,17.854776,3.5683324,13.941577,-23.756657,30.893322
-12.4,27,-.06931936,8.0865555,-15.918676,15.780038,-12.4,0,-2.0747457,11.282089,-24.187233,20.037743,1.484553,8.3292456,-14.840468,17.809574,3.5592985,13.906282,-23.696514,30.815111
-12.3,27,-.069143429,8.0660315,-15.878274,15.739987,-12.3,0,-2.0694799,11.253454,-24.125845,19.986885,1.480785,8.3081055,-14.802802,17.764372,3.5502648,13.870987,-23.63637,30.7369
-12.2,27,-.068967491,8.0455065,-15.837872,15.699936,-12.2,0,-2.064214,11.224819,-24.064457,19.936028,1.4770172,8.2869654,-14.765136,17.71917,3.5412312,13.835691,-23.576227,30.658689
-12.1,27,-.068791553,8.0249825,-15.797468,15.659885,-12.1,0,-2.0589483,11.196185,-24.003067,19.885172,1.4732492,8.2658253,-14.72747,17.673969,3.5321975,13.800397,-23.516083,30.580479
-12,27,-.068615615,8.0044584,-15.757066,15.619835,-12,0,-2.0536823,11.16755,-23.941679,19.834314,1.4694813,8.2446852,-14.689804,17.628767,3.5231636,13.765101,-23.45594,30.502268
-11.9,27,-.068439677,7.9839339,-15.716662,15.579783,-11.9,0,-2.0484164,11.138915,-23.880289,19.783457,1.4657134,8.2235441,-14.652138,17.583565,3.5141299,13.729806,-23.395796,30.424055
-11.8,27,-.068263739,7.9634099,-15.67626,15.539733,-11.8,0,-2.0431507,11.110281,-23.818901,19.732599,1.4619455,8.202404,-14.614471,17.538363,3.5050962,13.694511,-23.335653,30.345846
-11.7,27,-.068087801,7.9428854,-15.635858,15.499681,-11.7,0,-2.0378847,11.081646,-23.757511,19.681742,1.4581776,8.1812639,-14.576805,17.49316,3.4960623,13.659216,-23.275509,30.267633
-11.6,27,-.067911863,7.9223614,-15.595455,15.459631,-11.6,0,-2.032619,11.053011,-23.696123,19.630884,1.4544097,8.1601238,-14.539139,17.447958,3.4870286,13.623921,-23.215366,30.189425
-11.5,27,-.067735925,7.9018369,-15.555052,15.41958,-11.5,0,-2.027353,11.024377,-23.634733,19.580029,1.4506419,8.1389837,-14.501472,17.402756,3.4779949,13.588626,-23.155222,30.111212
-11.4,27,-.067559987,7.8813128,-15.514649,15.379529,-11.4,0,-2.0220871,10.995742,-23.573345,19.529171,1.4468739,8.1178436,-14.463807,17.357555,3.468961,13.55333,-23.095079,30.033001
-11.3,27,-.067384049,7.8607888,-15.474247,15.339478,-11.3,0,-2.0168214,10.967107,-23.511955,19.478313,1.4431061,8.0967035,-14.426141,17.312353,3.4599273,13.518036,-23.034935,29.95479
-11.2,27,-.067208111,7.8402643,-15.433844,15.299428,-11.2,0,-2.0115554,10.938472,-23.450567,19.427456,1.4393381,8.0755625,-14.388474,17.267151,3.4508936,13.48274,-22.974792,29.876579
-11.1,27,-.067032181,7.8197403,-15.393441,15.259377,-11.1,0,-2.0062897,10.909838,-23.389179,19.376598,1.4355702,8.0544224,-14.350808,17.221949,3.44186,13.447446,-22.91465,29.798368
-11,27,-.066856243,7.7992158,-15.353039,15.219326,-11,0,-2.0010238,10.881203,-23.327789,19.325741,1.4318023,8.0332823,-14.313142,17.176746,3.432826,13.41215,-22.854506,29.720158
-10.9,27,-.066680305,7.7786913,-15.312635,15.179275,-10.9,0,-1.9957579,10.852568,-23.266399,19.274885,1.4280344,8.0121422,-14.275476,17.131544,3.4237924,13.376855,-22.794361,29.641947
-10.8,27,-.066504367,7.7581673,-15.272233,15.139224,-10.8,0,-1.9904921,10.823934,-23.205011,19.224028,1.4242666,7.9910021,-14.23781,17.086344,3.4147587,13.34156,-22.734219,29.563736
-10.7,27,-.066328429,7.7376432,-15.231831,15.099174,-10.7,0,-1.9852263,10.795299,-23.143621,19.17317,1.4204986,7.969862,-14.200144,17.041142,3.4057248,13.306265,-22.674074,29.485525
-10.6,27,-.066152491,7.7171187,-15.191427,15.059123,-10.6,0,-1.9799604,10.766664,-23.082233,19.122313,1.4167308,7.9487219,-14.162477,16.995939,3.3966911,13.27097,-22.613932,29.407314
-10.5,27,-.065976553,7.6965947,-15.151025,15.019072,-10.5,0,-1.9746945,10.738029,-23.020845,19.071455,1.4129628,7.9275813,-14.124811,16.950737,3.3876574,13.235675,-22.553789,29.329103
-10.4,27,-.065800615,7.6760702,-15.110621,14.979021,-10.4,0,-1.9694287,10.709394,-22.959455,19.020597,1.4091949,7.9064412,-14.087145,16.905535,3.3786235,13.200379,-22.493645,29.250893
-10.3,27,-.065624677,7.6555462,-15.070219,14.93897,-10.3,0,-1.9641628,10.680759,-22.898067,18.969742,1.405427,7.8853011,-14.049479,16.860332,3.3695898,13.165085,-22.433502,29.172682
-10.2,27,-.065448739,7.6350217,-15.029817,14.898919,-10.2,0,-1.958897,10.652124,-22.836678,18.918884,1.4016591,7.8641605,-14.011813,16.81513,3.3605561,13.129789,-22.373358,29.094471
-10.1,27,-.065272801,7.6144977,-14.989414,14.858869,-10.1,0,-1.9536312,10.62349,-22.77529,18.868027,1.3978913,7.8430204,-13.974147,16.76993,3.3515224,13.094494,-22.313215,29.01626
-10,27,-.065096863,7.5939732,-14.949011,14.818817,-10,0,-1.9483652,10.594855,-22.7139,18.817169,1.3941233,7.8218803,-13.936481,16.724728,3.3424885,13.059199,-22.253071,28.938047
-9.9,27,-.064920925,7.5734491,-14.908608,14.778767,-9.8999996,0,-1.9430994,10.56622,-22.652512,18.766312,1.3903553,7.8007402,-13.898814,16.679525,3.3334548,13.023904,-22.192928,28.859837
-9.800000000000001,27,-.064744987,7.5529246,-14.868206,14.738716,-9.8000002,0,-1.9378335,10.537586,-22.591122,18.715456,1.3865875,7.7796001,-13.861148,16.634323,3.3244212,12.988608,-22.132784,28.781626
-9.699999999999999,27,-.064569049,7.5324006,-14.827803,14.698665,-9.6999998,0,-1.9325677,10.508951,-22.529734,18.664598,1.3828197,7.7584596,-13.823482,16.589121,3.3153872,12.953314,-22.072641,28.703415
-9.6,27,-.064393118,7.5118766,-14.7874,14.658614,-9.6000004,0,-1.9273019,10.480316,-22.468344,18.613741,1.3790517,7.7373195,-13.785816,16.543919,3.3063536,12.918018,-22.012497,28.625204
-9.5,27,-.06421718,7.4913521,-14.746998,14.618563,-9.5,0,-1.9220361,10.451681,-22.406956,18.562883,1.3752838,7.7161794,-13.74815,16.498716,3.2973199,12.882724,-21.952354,28.546993
-9.4,27,-.064041242,7.4708276,-14.706594,14.578512,-9.3999996,0,-1.9167701,10.423047,-22.345566,18.512026,1.3715159,7.6950388,-13.710484,16.453516,3.288286,12.847428,-21.89221,28.468782
-9.300000000000001,27,-.063865304,7.4503036,-14.666192,14.538462,-9.3000002,0,-1.9115043,10.394412,-22.284178,18.461168,1.367748,7.6738987,-13.672817,16.408314,3.2792523,12.812133,-21.832067,28.390572
-9.199999999999999,27,-.063689366,7.4297791,-14.625789,14.49841,-9.1999998,0,-1.9062384,10.365777,-22.222788,18.410311,1.3639801,7.6527586,-13.635151,16.363111,3.2702186,12.776838,-21.771923,28.312361
-9.1,27,-.063513428,7.409255,-14.585386,14.45836,-9.1000004,0,-1.9009726,10.337143,-22.1614,18.359455,1.3602122,7.6316185,-13.597486,16.317909,3.2611849,12.741543,-21.711781,28.23415
-9,27,-.06333749,7.388731,-14.544984,14.418309,-9,0,-1.8957068,10.308508,-22.10001,18.308598,1.3564444,7.6104784,-13.559819,16.272707,3.252151,12.706247,-21.651636,28.155939
-8.9,27,-.063161552,7.3682065,-14.50458,14.378258,-8.8999996,0,-1.8904408,10.279873,-22.038622,18.25774,1.3526764,7.5893378,-13.522153,16.227505,3.2431173,12.670953,-21.591494,28.077728
-8.800000000000001,27,-.062985614,7.3476825,-14.464178,14.338207,-8.8000002,0,-1.885175,10.251239,-21.977234,18.206882,1.3489085,7.5681977,-13.484487,16.182304,3.2340837,12.635657,-21.531349,27.999517
-8.699999999999999,27,-.062809676,7.327158,-14.423776,14.298156,-8.6999998,0,-1.8799092,10.222604,-21.915844,18.156025,1.3451406,7.5470576,-13.44682,16.137102,3.2250497,12.600362,-21.471207,27.921307
-8.6,27,-.062633738,7.3066339,-14.383373,14.258105,-8.6000004,0,-1.8746433,10.193969,-21.854456,18.105169,1.3413727,7.5259175,-13.409154,16.0919,3.2160161,12.565067,-21.411064,27.843096
-8.5,27,-.062457804,7.2861094,-14.34297,14.218055,-8.5,0,-1.8693775,10.165334,-21.793066,18.054312,1.3376048,7.504777,-13.371488,16.046698,3.2069824,12.529772,-21.35092,27.764885
-8.4,27,-.062281866,7.2655854,-14.302567,14.178003,-8.3999996,0,-1.8641117,10.1367,-21.731678,18.003454,1.3338369,7.4836369,-13.333821,16.001495,3.1979485,12.494476,-21.290775,27.686672
-8.300000000000001,27,-.062105928,7.2450609,-14.262165,14.137953,-8.3000002,0,-1.8588458,10.108065,-21.670288,17.952597,1.3300691,7.4624968,-13.296156,15.956294,3.1889148,12.459182,-21.230633,27.608463
-8.199999999999999,27,-.06192999,7.2245369,-14.221762,14.097902,-8.1999998,0,-1.8535799,10.07943,-21.6089,17.901739,1.3263011,7.4413562,-13.25849,15.911092,3.1798811,12.423886,-21.170488,27.530251
-8.1,27,-.061754052,7.2040124,-14.181359,14.057851,-8.1000004,0,-1.848314,10.050796,-21.54751,17.850883,1.3225332,7.4202161,-13.220823,15.86589,3.1708474,12.388592,-21.110346,27.452042
-8,27,-.061578114,7.1834884,-14.140957,14.0178,-8,0,-1.8430482,10.022161,-21.486122,17.800026,1.3187653,7.399076,-13.183157,15.820688,3.1618135,12.353296,-21.050203,27.373829
-7.9,27,-.061402179,7.1629639,-14.100554,13.97775,-7.9000001,0,-1.8377824,9.9935255,-21.424732,17.749168,1.3149974,7.3779359,-13.145491,15.775486,3.1527798,12.318001,-20.990059,27.295618
-7.8,27,-.061226241,7.1424398,-14.060151,13.937698,-7.8000002,0,-1.8325166,9.9648914,-21.363344,17.698311,1.3112295,7.3567958,-13.107825,15.730284,3.1437461,12.282706,-20.929916,27.217407
-7.7,27,-.061050303,7.1219153,-14.019748,13.897648,-7.6999998,0,-1.8272506,9.9362564,-21.301954,17.647453,1.3074616,7.3356552,-13.070159,15.685081,3.1347122,12.247411,-20.869772,27.139196
-7.6,27,-.060874365,7.1013913,-13.979345,13.857596,-7.5999999,0,-1.8219848,9.9076214,-21.240566,17.596596,1.3036937,7.3145151,-13.032493,15.63988,3.1256785,12.212116,-20.809629,27.060986
-7.5,27,-.060698427,7.0808668,-13.938943,13.817546,-7.5,0,-1.8167189,9.8789864,-21.179176,17.545738,1.2999258,7.293375,-12.994826,15.594678,3.1166449,12.176821,-20.749485,26.982775
-7.4,27,-.060522489,7.0603428,-13.89854,13.777495,-7.4000001,0,-1.8114531,9.8503523,-21.117788,17.494883,1.296158,7.2722349,-12.95716,15.549476,3.1076109,12.141525,-20.689342,26.904564
-7.3,27,-.060346551,7.0398188,-13.858137,13.737444,-7.3000002,0,-1.8061873,9.8217173,-21.056398,17.444025,1.29239,7.2510943,-12.919494,15.504274,3.0985773,12.106231,-20.629198,26.826353
-7.2,27,-.060170613,7.0192943,-13.817735,13.697393,-7.1999998,0,-1.8009214,9.7930822,-20.99501,17.393167,1.2886221,7.2299542,-12.881828,15.459072,3.0895436,12.070935,-20.569056,26.748142
-7.1,27,-.059994679,6.9987698,-13.777331,13.657343,-7.0999999,0,-1.7956556,9.7644472,-20.93362,17.34231,1.2848542,7.2088141,-12.844162,15.41387,3.0805097,12.03564,-20.508911,26.669931
-7,27,-.059818741,6.9782457,-13.736929,13.617291,-7,0,-1.7903897,9.7358131,-20.872232,17.291452,1.2810863,7.187674,-12.806496,15.368669,3.071476,12.000345,-20.448769,26.591721
-6.9,27,-.059642803,6.9577217,-13.696527,13.577241,-6.9000001,0,-1.7851238,9.7071781,-20.810844,17.240597,1.2773184,7.1665335,-12.768829,15.323466,3.0624423,11.96505,-20.388624,26.51351
-6.8,27,-.059466865,6.9371972,-13.656124,13.53719,-6.8000002,0,-1.779858,9.6785431,-20.749454,17.189739,1.2735505,7.1453934,-12.731163,15.278264,3.0534084,11.929755,-20.328482,26.435299
-6.7,27,-.059290927,6.9166732,-13.615721,13.497139,-6.6999998,0,-1.7745922,9.649909,-20.688066,17.138882,1.2697825,7.1242533,-12.693497,15.233062,3.0443747,11.89446,-20.268337,26.357086
-6.6,27,-.059114989,6.8961487,-13.575318,13.457088,-6.5999999,0,-1.7693263,9.621274,-20.626677,17.088024,1.2660147,7.1031132,-12.655831,15.18786,3.035341,11.859164,-20.208195,26.278875
-6.5,27,-.058939055,6.8756247,-13.534915,13.417037,-6.5,0,-1.7640605,9.592639,-20.565289,17.037167,1.2622467,7.0819726,-12.618165,15.142658,3.0263073,11.82387,-20.14805,26.200665
-6.4,27,-.058763117,6.8551002,-13.494513,13.376987,-6.4000001,0,-1.7587945,9.5640049,-20.503899,16.986309,1.2584789,7.0608325,-12.580499,15.097456,3.0172734,11.788574,-20.087908,26.122454
-6.3,27,-.058587179,6.8345761,-13.45411,13.336936,-6.3000002,0,-1.7535287,9.5353699,-20.442511,16.935453,1.254711,7.0396924,-12.542832,15.052255,3.0082397,11.753279,-20.027763,26.044243
-6.2,27,-.058411241,6.8140516,-13.413707,13.296885,-6.1999998,0,-1.7482629,9.5067348,-20.381121,16.884596,1.2509431,7.0185523,-12.505166,15.007052,2.9992061,11.717984,-19.967621,25.966032
-6.1,27,-.058235303,6.7935276,-13.373304,13.256834,-6.0999999,0,-1.7429971,9.4780998,-20.319733,16.833738,1.2471752,6.9974117,-12.4675,14.96185,2.9901721,11.682689,-19.907476,25.887821
-6,27,-.058059365,6.7730031,-13.332902,13.216783,-6,0,-1.7377312,9.4494658,-20.258343,16.782881,1.2434072,6.9762716,-12.429834,14.916649,2.9811385,11.647394,-19.847334,25.80961
-5.9,27,-.057883427,6.7524791,-13.2925,13.176732,-5.9000001,0,-1.7324654,9.4208307,-20.196955,16.732023,1.2396394,6.9551315,-12.392168,14.871447,2.9721048,11.612099,-19.787189,25.7314
-5.8,27,-.057707492,6.7319546,-13.252096,13.136682,-5.8000002,0,-1.7271994,9.3921957,-20.135565,16.681166,1.2358714,6.9339914,-12.354502,14.826244,2.9630709,11.576803,-19.727047,25.653189
-5.7,27,-.057531554,6.7114305,-13.211694,13.09663,-5.6999998,0,-1.7219336,9.3635616,-20.074177,16.63031,1.2321036,6.9128509,-12.316835,14.781042,2.9540372,11.541509,-19.666903,25.574978
-5.6,27,-.057355616,6.690906,-13.17129,13.05658,-5.5999999,0,-1.7166678,9.3349266,-20.012787,16.579453,1.2283356,6.8917108,-12.279169,14.735841,2.9450035,11.506213,-19.60676,25.496767
-5.5,27,-.057179678,6.670382,-13.130888,13.016529,-5.5,0,-1.7114019,9.3062916,-19.951399,16.528595,1.2245678,6.8705707,-12.241503,14.690639,2.9359696,11.470918,-19.546616,25.418556
-5.4,27,-.05700374,6.6498575,-13.090486,12.976478,-5.4000001,0,-1.7061361,9.2776575,-19.890009,16.477737,1.2207999,6.8494306,-12.203837,14.645436,2.9269359,11.435623,-19.486473,25.340345
-5.3,27,-.056827802,6.6293335,-13.050083,12.936427,-5.3000002,0,-1.7008703,9.2490225,-19.828621,16.42688,1.217032,6.82829,-12.166171,14.600235,2.9179022,11.400328,-19.426331,25.262135
-5.2,27,-.056651864,6.608809,-13.00968,12.896376,-5.1999998,0,-1.6956043,9.2203875,-19.767231,16.376022,1.2132641,6.8071499,-12.128505,14.555033,2.9088683,11.365032,-19.366186,25.183924
-5.1,27,-.05647593,6.588285,-12.969277,12.856325,-5.0999999,0,-1.6903385,9.1917524,-19.705843,16.325167,1.2094961,6.7860098,-12.090838,14.50983,2.8998346,11.329738,-19.306044,25.105713
-5,27,-.056299992,6.5677609,-12.928874,12.816275,-5,0,-1.6850727,9.1631184,-19.644455,16.274309,1.2057283,6.7648697,-12.053172,14.464629,2.890801,11.294442,-19.245899,25.027502
-4.9,27,-.056124054,6.5472364,-12.888472,12.776223,-4.9000001,0,-1.6798068,9.1344833,-19.583065,16.223452,1.2019603,6.7437291,-12.015506,14.419427,2.8817673,11.259148,-19.185757,24.949291
-4.8,27,-.055948116,6.5267124,-12.848069,12.736173,-4.8000002,0,-1.674541,9.1058483,-19.521677,16.172594,1.1981925,6.722589,-11.97784,14.374225,2.8727334,11.223852,-19.125612,24.87108
-4.7,27,-.055772178,6.5061879,-12.807666,12.696122,-4.6999998,0,-1.669275,9.0772142,-19.460287,16.121737,1.1944245,6.7014489,-11.940174,14.329022,2.8636997,11.188557,-19.06547,24.792868
-4.6,27,-.05559624,6.4856639,-12.767263,12.656071,-4.5999999,0,-1.6640092,9.0485792,-19.398899,16.070879,1.1906567,6.6803088,-11.902508,14.283821,2.854666,11.153262,-19.005325,24.714657
-4.5,27,-.055420302,6.4651394,-12.726861,12.61602,-4.5,0,-1.6587434,9.0199442,-19.337509,16.020023,1.1868888,6.6591682,-11.864841,14.238619,2.8456321,11.117967,-18.945183,24.636446
-4.4,27,-.055244368,6.4446154,-12.686458,12.57597,-4.4000001,0,-1.6534775,8.9913092,-19.276121,15.969166,1.1831208,6.6380281,-11.827175,14.193418,2.8365984,11.082671,-18.885038,24.558235
-4.3,27,-.05506843,6.4240909,-12.646055,12.535918,-4.3000002,0,-1.6482117,8.9626751,-19.214731,15.918308,1.179353,6.616888,-11.789509,14.148215,2.8275647,11.047377,-18.824896,24.480024
-4.2,27,-.054892492,6.4035668,-12.605653,12.495868,-4.1999998,0,-1.6429459,8.9340401,-19.153343,15.867451,1.175585,6.5957479,-11.751842,14.103013,2.8185308,11.012081,-18.764751,24.401814
-4.1,27,-.054716554,6.3830423,-12.565249,12.455816,-4.0999999,0,-1.6376799,8.905405,-19.091953,15.816594,1.1718172,6.5746074,-11.714177,14.057811,2.8094971,10.976787,-18.704609,24.323603
-4,27,-.054540616,6.3625183,-12.524847,12.415766,-4,0,-1.6324141,8.876771,-19.030565,15.765737,1.1680492,6.5534673,-11.676511,14.012609,2.8004634,10.941491,-18.644464,24.245392
-3.9,27,-.054364678,6.3419938,-12.484445,12.375715,-3.9000001,0,-1.6271483,8.8481359,-18.969175,15.714879,1.1642814,6.5323272,-11.638844,13.967407,2.7914298,10.906196,-18.584322,24.167181
-3.8,27,-.05418874,6.3214698,-12.444041,12.335664,-3.8,0,-1.6218824,8.8195009,-18.907787,15.664022,1.1605135,6.5111871,-11.601178,13.922205,2.7823958,10.870901,-18.524178,24.08897
-3.7,27,-.054012805,6.3009453,-12.403639,12.295613,-3.7,0,-1.6166166,8.7908669,-18.846397,15.613165,1.1567456,6.4900465,-11.563512,13.877004,2.7733622,10.835606,-18.464035,24.010759
-3.6,27,-.053836867,6.2804213,-12.363236,12.255563,-3.5999999,0,-1.6113508,8.7622318,-18.785009,15.562307,1.1529777,6.4689064,-11.525846,13.831801,2.7643285,10.80031,-18.403891,23.932549
-3.5,27,-.053660929,6.2598968,-12.322833,12.215511,-3.5,0,-1.6060848,8.7335968,-18.723619,15.511451,1.1492097,6.4477663,-11.48818,13.786599,2.7552946,10.765016,-18.343748,23.854338
-3.4,27,-.053484991,6.2393727,-12.282431,12.175461,-3.4000001,0,-1.600819,8.7049618,-18.662231,15.460593,1.1454419,6.4266262,-11.450514,13.741398,2.7462609,10.72972,-18.283604,23.776127
-3.3,27,-.053309053,6.2188482,-12.242028,12.13541,-3.3,0,-1.5955532,8.6763277,-18.600842,15.409736,1.1416739,6.4054856,-11.412848,13.696196,2.7372272,10.694426,-18.223461,23.697916
-3.2,27,-.053133115,6.1983242,-12.201625,12.095359,-3.2,0,-1.5902873,8.6476927,-18.539454,15.358879,1.1379061,6.3843455,-11.375181,13.650993,2.7281933,10.65913,-18.163317,23.619705
-3.1,27,-.052957177,6.1777997,-12.161222,12.055308,-3.0999999,0,-1.5850215,8.6190577,-18.478065,15.308022,1.1341381,6.3632054,-11.337515,13.605791,2.7191596,10.623835,-18.103174,23.541492
-3,27,-.052781243,6.1572757,-12.12082,12.015257,-3,0,-1.5797557,8.5904236,-18.416676,15.257164,1.1303703,6.3420653,-11.29985,13.56059,2.7101259,10.58854,-18.04303,23.463282
-2.9,27,-.052605305,6.1367517,-12.080417,11.975206,-2.9000001,0,-1.5744898,8.5617886,-18.355288,15.206307,1.1266024,6.3209248,-11.262183,13.515388,2.7010922,10.553245,-17.982887,23.385071
-2.8,27,-.052429367,6.1162271,-12.040014,11.935156,-2.8,0,-1.5692239,8.5331535,-18.293898,15.15545,1.1228344,6.2997847,-11.224517,13.470185,2.6920583,10.517949,-17.922743,23.30686
-2.7,27,-.052253429,6.0957031,-11.999612,11.895104,-2.7,0,-1.563958,8.5045185,-18.23251,15.104593,1.1190666,6.2786446,-11.186851,13.424984,2.6830246,10.482655,-17.8626,23.228649
-2.6,27,-.052077491,6.0751786,-11.959208,11.855054,-2.5999999,0,-1.5586922,8.4758844,-18.17112,15.053736,1.1152986,6.2575045,-11.149184,13.379782,2.673991,10.447359,-17.802456,23.150438
-2.5,27,-.051901553,6.0546546,-11.918806,11.815003,-2.5,0,-1.5534264,8.4472494,-18.109732,15.002878,1.1115308,6.2363639,-11.111518,13.334579,2.664957,10.412064,-17.742313,23.072227
-2.4,27,-.051725619,6.0341301,-11.878404,11.774952,-2.4000001,0,-1.5481606,8.4186144,-18.048342,14.952022,1.1077628,6.2152238,-11.073853,13.289378,2.6559234,10.376769,-17.682171,22.994017
-2.3,27,-.051549681,6.0136061,-11.838,11.734901,-2.3,0,-1.5428946,8.3899803,-17.986954,14.901164,1.103995,6.1940837,-11.036186,13.244176,2.6468897,10.341474,-17.622026,22.915806
-2.2,27,-.051373743,5.9930816,-11.797598,11.694851,-2.2,0,-1.5376288,8.3613453,-17.925564,14.850307,1.100227,6.1729436,-10.99852,13.198974,2.6378558,10.306179,-17.561884,22.837595
-2.1,27,-.051197805,5.9725575,-11.757195,11.654799,-2.0999999,0,-1.5323629,8.3327103,-17.864176,14.79945,1.0964592,6.151803,-10.960854,13.153771,2.6288221,10.270884,-17.50174,22.759384
-2,27,-.051021867,5.952033,-11.716792,11.614749,-2,0,-1.5270971,8.3040762,-17.802786,14.748592,1.0926913,6.1306629,-10.923187,13.10857,2.6197884,10.235588,-17.441597,22.681173
-1.9,27,-.050845928,5.931509,-11.67639,11.574697,-1.9,0,-1.5218313,8.2754412,-17.741398,14.697735,1.0889233,6.1095228,-10.885521,13.063368,2.6107545,10.200294,-17.381453,22.602962
-1.8,27,-.05066999,5.9109845,-11.635987,11.534647,-1.8,0,-1.5165654,8.2468061,-17.680008,14.646878,1.0851555,6.0883827,-10.847855,13.018166,2.6017208,10.164998,-17.32131,22.524752
-1.7,27,-.050494056,5.8904605,-11.595584,11.494596,-1.7,0,-1.5112995,8.2181711,-17.61862,14.596021,1.0813875,6.0672421,-10.810189,12.972964,2.5926871,10.129703,-17.261166,22.446541
-1.6,27,-.050318118,5.869936,-11.555182,11.454545,-1.6,0,-1.5060337,8.189537,-17.55723,14.545163,1.0776197,6.046102,-10.772523,12.927762,2.5836535,10.094408,-17.201023,22.36833
-1.5,27,-.05014218,5.849412,-11.514779,11.414495,-1.5,0,-1.5007678,8.160902,-17.495842,14.494307,1.0738517,6.0249619,-10.734857,12.88256,2.5746195,10.059113,-17.140879,22.290119
-1.4,27,-.049966242,5.8288875,-11.474376,11.374444,-1.4,0,-1.495502,8.132267,-17.434452,14.443449,1.0700839,6.0038218,-10.69719,12.837358,2.5655859,10.023818,-17.080736,22.211906
-1.3,27,-.049790304,5.8083634,-11.433973,11.334393,-1.3,0,-1.4902362,8.1036329,-17.373064,14.392591,1.0663159,5.9826813,-10.659524,12.792156,2.5565522,9.9885225,-17.020592,22.133696
-1.2,27,-.049614366,5.7878389,-11.393571,11.294342,-1.2,0,-1.4849703,8.0749979,-17.311676,14.341735,1.062548,5.9615412,-10.621858,12.746954,2.5475183,9.953227,-16.960449,22.055485
-1.1,27,-.049438428,5.7673149,-11.353168,11.254291,-1.1,0,-1.4797044,8.0463629,-17.250286,14.290877,1.0587802,5.9404011,-10.584192,12.701753,2.5384846,9.9179325,-16.900305,21.977274
-1,27,-.049262494,5.7467904,-11.312765,11.21424,-1,0,-1.4744385,8.0177279,-17.188898,14.24002,1.0550122,5.919261,-10.546526,12.65655,2.5294509,9.882637,-16.840162,21.899063
-.9,27,-.049086556,5.7262664,-11.272363,11.17419,-.89999998,0,-1.4691727,7.9890938,-17.127508,14.189163,1.0512444,5.8981204,-10.50886,12.611348,2.520417,9.8473415,-16.780018,21.820852
-.8,27,-.048910618,5.7057424,-11.231959,11.134138,-.80000001,0,-1.4639069,7.9604588,-17.06612,14.138306,1.0474764,5.8769803,-10.471193,12.566146,2.5113833,9.812047,-16.719875,21.742641
-.7,27,-.04873468,5.6852179,-11.191557,11.094088,-.69999999,0,-1.4586411,7.9318242,-17.00473,14.087448,1.0437086,5.8558402,-10.433527,12.520945,2.5023496,9.7767515,-16.659731,21.664431
-.6,27,-.048558742,5.6646938,-11.151155,11.054037,-.60000002,0,-1.4533752,7.9031892,-16.943342,14.036592,1.0399406,5.8347001,-10.395861,12.475742,2.4933157,9.741457,-16.599588,21.58622
-.5,27,-.048382804,5.6441693,-11.110751,11.013986,-.5,0,-1.4481093,7.8745546,-16.881952,13.985734,1.0361727,5.8135595,-10.358195,12.43054,2.484282,9.7061615,-16.539444,21.508009
-.4,27,-.048206866,5.6236453,-11.070349,10.973935,-.40000001,0,-1.4428434,7.8459201,-16.820564,13.934876,1.0324048,5.7924194,-10.320529,12.385339,2.4752483,9.670866,-16.479301,21.429798
-.3,27,-.048030932,5.6031208,-11.029946,10.933885,-.30000001,0,-1.4375776,7.8172851,-16.759174,13.88402,1.0286369,5.7712793,-10.282863,12.340137,2.4662147,9.6355715,-16.419157,21.351587
-.2,27,-.047854993,5.5825968,-10.989543,10.893833,-.2,0,-1.4323118,7.7886505,-16.697786,13.833162,1.0248691,5.7501392,-10.245196,12.294934,2.4571807,9.600276,-16.359015,21.273376
-.1,27,-.047679055,5.5620723,-10.949141,10.853783,-.1,0,-1.4270459,7.7600155,-16.636396,13.782305,1.0211011,5.7289987,-10.20753,12.249733,2.4481471,9.5649805,-16.29887,21.195166
0,27,-.047503117,5.5415483,-10.908738,10.813731,0,0,-1.4217801,7.7313809,-16.575008,13.731448,1.0173333,5.7078586,-10.169864,12.204531,2.4391134,9.529686,-16.238728,21.116955
.1,27,-.047327179,5.5210238,-10.868335,10.773681,.1,0,-1.4165142,7.7027459,-16.513618,13.680591,1.0135653,5.6867185,-10.132198,12.159328,2.4300795,9.4943905,-16.178585,21.038744
.2,27,-.047151241,5.5004997,-10.827932,10.73363,.2,0,-1.4112483,7.6741114,-16.45223,13.629734,1.0097975,5.6655784,-10.094532,12.114126,2.4210458,9.459096,-16.118441,20.960533
.3,27,-.046975303,5.4799752,-10.78753,10.693579,.30000001,0,-1.4059825,7.6454768,-16.390841,13.578876,1.0060295,5.6444378,-10.056866,12.068925,2.4120121,9.4238005,-16.058298,20.88232
.4,27,-.046799369,5.4594512,-10.747127,10.653528,.40000001,0,-1.4007167,7.6168418,-16.329453,13.528019,1.0022616,5.6232977,-10.019199,12.023723,2.4029782,9.388505,-15.998154,20.80411
.5,27,-.046623431,5.4389267,-10.706724,10.613478,.5,0,-1.3954508,7.5882072,-16.268063,13.477162,.99849373,5.6021576,-9.9815331,11.97852,2.3939445,9.3532104,-15.93801,20.725899
.6,27,-.046447493,5.4184027,-10.666322,10.573426,.60000002,0,-1.390185,7.5595722,-16.206675,13.426305,.99472582,5.5810175,-9.9438667,11.933319,2.3849108,9.317915,-15.877867,20.647688
.7,27,-.046271555,5.3978782,-10.625918,10.533376,.69999999,0,-1.384919,7.5309377,-16.145287,13.375447,.99095792,5.5598769,-9.9062014,11.888117,2.3758769,9.2826195,-15.817723,20.569477
.8,27,-.046095617,5.3773541,-10.585516,10.493324,.80000001,0,-1.3796532,7.5023031,-16.083897,13.324591,.98719001,5.5387368,-9.868535,11.842915,2.3668432,9.2473249,-15.75758,20.491266
.9,27,-.045919679,5.3568296,-10.545114,10.453274,.89999998,0,-1.3743874,7.4736681,-16.022509,13.273733,.9834221,5.5175967,-9.8308687,11.797713,2.3578095,9.2120295,-15.697436,20.413055
1,27,-.045743741,5.3363056,-10.50471,10.413223,1,0,-1.3691216,7.4450336,-15.961119,13.222876,.97965419,5.4964566,-9.7932024,11.752511,2.3487759,9.176734,-15.637293,20.334845
1.1,27,-.045567807,5.3157811,-10.464308,10.373172,1.1,0,-1.3638557,7.4163985,-15.89973,13.172019,.97588634,5.475316,-9.7555361,11.707309,2.3397419,9.1414394,-15.577149,20.256634
1.2,27,-.045391869,5.2952571,-10.423905,10.333121,1.2,0,-1.3585899,7.387764,-15.838341,13.121161,.97211844,5.4541759,-9.7178698,11.662107,2.3307083,9.106144,-15.517006,20.178423
1.3,27,-.045215931,5.2747331,-10.383502,10.293071,1.3,0,-1.3533239,7.3591294,-15.776952,13.070304,.96835053,5.4330359,-9.6802044,11.616905,2.3216746,9.0708494,-15.456863,20.100212
1.4,27,-.045039993,5.2542086,-10.3431,10.253019,1.4,0,-1.3480581,7.3304944,-15.715563,13.019447,.96458262,5.4118958,-9.6425381,11.571703,2.3126407,9.0355539,-15.39672,20.022001
1.5,27,-.044864055,5.2336845,-10.302697,10.212969,1.5,0,-1.3427923,7.3018599,-15.654175,12.96859,.96081471,5.3907552,-9.6048717,11.526501,2.303607,9.0002584,-15.336576,19.94379
1.6,27,-.044688117,5.21316,-10.262294,10.172918,1.6,0,-1.3375264,7.2732248,-15.592786,12.917732,.95704681,5.3696151,-9.5672054,11.481299,2.2945733,8.9649639,-15.276433,19.86558
1.7,27,-.044512179,5.192636,-10.221891,10.132867,1.7,0,-1.3322606,7.2445903,-15.531397,12.866876,.9532789,5.348475,-9.5295391,11.436097,2.2855394,8.9296684,-15.21629,19.787369
1.8,27,-.044336244,5.1721115,-10.181489,10.092816,1.8,0,-1.3269948,7.2159553,-15.470008,12.816018,.94951099,5.3273349,-9.4918728,11.390895,2.2765057,8.8943729,-15.156146,19.709158
1.9,27,-.044160306,5.1515875,-10.141086,10.052765,1.9,0,-1.3217288,7.1873207,-15.408619,12.765161,.94574314,5.3061943,-9.4542074,11.345694,2.267472,8.8590784,-15.096003,19.630947
2,27,-.043984368,5.131063,-10.100683,10.012714,2,0,-1.316463,7.1586862,-15.34723,12.714304,.94197524,5.2850542,-9.4165411,11.300491,2.2584381,8.8237829,-15.035859,19.552736
2.1,27,-.04380843,5.110539,-10.060281,9.9726639,2.0999999,0,-1.3111972,7.1300511,-15.285841,12.663446,.93820733,5.2639141,-9.3788748,11.255289,2.2494044,8.7884884,-14.975716,19.474524
2.2,27,-.043632492,5.0900145,-10.019877,9.9326124,2.2,0,-1.3059313,7.1014166,-15.224452,12.612589,.93443942,5.242774,-9.3412085,11.210088,2.2403708,8.7531929,-14.915572,19.396313
2.3,27,-.043456554,5.0694904,-9.979475,9.8925619,2.3,0,-1.3006655,7.0727816,-15.163063,12.561732,.93067151,5.2216334,-9.3035421,11.164886,2.2313371,8.7178974,-14.855429,19.318102
2.4,27,-.043280616,5.0489659,-9.9390726,9.8525114,2.4000001,0,-1.2953995,7.044147,-15.101674,12.510875,.92690361,5.2004933,-9.2658758,11.119683,2.2223032,8.6826029,-14.795285,19.239891
2.5,27,-.043104682,5.0284419,-9.8986692,9.8124599,2.5,0,-1.2901337,7.0155125,-15.040285,12.460017,.9231357,5.1793532,-9.2282104,11.074481,2.2132695,8.6473074,-14.735142,19.16168
2.6,27,-.042928744,5.0079174,-9.8582668,9.7724094,2.5999999,0,-1.2848679,6.9868774,-14.978896,12.409161,.91936779,5.1582131,-9.1905441,11.02928,2.2042358,8.6120119,-14.674998,19.083469
2.7,27,-.042752806,4.9873934,-9.8178644,9.732358,2.7,0,-1.2796021,6.9582429,-14.917507,12.358303,.91559988,5.1370726,-9.1528778,10.984077,2.1952019,8.5767174,-14.614855,19.005259
2.8,27,-.042576868,4.9668689,-9.7774611,9.6923075,2.8,0,-1.2743362,6.9296079,-14.856118,12.307446,.91183203,5.1159325,-9.1152115,10.938875,2.1861682,8.5414219,-14.554711,18.927048
2.9,27,-.04240093,4.9463449,-9.7370586,9.652257,2.9000001,0,-1.2690704,6.9009733,-14.794729,12.256589,.90806413,5.0947924,-9.0775452,10.893674,2.1771345,8.5061274,-14.494568,18.848837
3,27,-.042224992,4.9258204,-9.6966562,9.6122055,3,0,-1.2638046,6.8723388,-14.73334,12.205731,.90429622,5.0736523,-9.0398788,10.848472,2.1681006,8.4708319,-14.434424,18.770626
3.1,27,-.042049054,4.9052963,-9.6562529,9.572155,3.0999999,0,-1.2585386,6.8437037,-14.671951,12.154875,.90052831,5.0525117,-9.0022135,10.803269,2.1590669,8.4355364,-14.374281,18.692415
3.2,27,-.04187312,4.8847718,-9.6158504,9.5321045,3.2,0,-1.2532728,6.8150692,-14.610562,12.104017,.8967604,5.0313716,-8.9645472,10.758068,2.1500332,8.4002419,-14.314137,18.614204
3.3,27,-.041697182,4.8642478,-9.575448,9.492053,3.3,0,-1.2480069,6.7864342,-14.549173,12.05316,.8929925,5.0102315,-8.9268808,10.712866,2.1409996,8.3649464,-14.253994,18.535994
3.4,27,-.041521244,4.8437233,-9.5350447,9.4520025,3.4000001,0,-1.2427411,6.7577996,-14.487784,12.002303,.88922459,4.9890914,-8.8892145,10.667664,2.1319656,8.3296509,-14.193851,18.457783
3.5,27,-.041345306,4.8231993,-9.4946423,9.411952,3.5,0,-1.2374753,6.7291646,-14.426396,11.951446,.88545668,4.9679508,-8.8515482,10.622462,2.122932,8.2943563,-14.133707,18.379572
3.6,27,-.041169368,4.8026752,-9.4542398,9.3719006,3.5999999,0,-1.2322094,6.7005301,-14.365007,11.900588,.88168877,4.9468107,-8.8138819,10.57726,2.1138983,8.2590609,-14.073564,18.301361
3.7,27,-.04099343,4.7821507,-9.4138365,9.3318501,3.7,0,-1.2269435,6.6718955,-14.303618,11.849731,.87792093,4.9256706,-8.7762165,10.532058,2.1048644,8.2237654,-14.01342,18.223148
3.8,27,-.040817492,4.7616267,-9.3734341,9.2917986,3.8,0,-1.2216777,6.6432605,-14.242229,11.798874,.87415302,4.9045305,-8.7385502,10.486856,2.0958307,8.1884708,-13.953277,18.144938
3.9,27,-.040641557,4.7411022,-9.3330317,9.2517481,3.9000001,0,-1.2164118,6.6146259,-14.18084,11.748016,.87038511,4.8833899,-8.7008839,10.441654,2.086797,8.1531754,-13.893133,18.066727
4,27,-.040465619,4.7205782,-9.2926283,9.2116976,4,0,-1.211146,6.5859909,-14.119452,11.69716,.8666172,4.8622499,-8.6632175,10.396452,2.0777631,8.1178808,-13.83299,17.988516
4.1,27,-.040289681,4.7000537,-9.2522259,9.1716461,4.0999999,0,-1.2058802,6.5573564,-14.058063,11.646302,.8628493,4.8411098,-8.6255512,10.35125,2.0687294,8.0825853,-13.772847,17.910305
4.2,27,-.040113743,4.6795297,-9.2118235,9.1315956,4.1999998,0,-1.2006143,6.5287218,-13.996674,11.595445,.85908139,4.8199697,-8.5878849,10.306048,2.0596957,8.0472898,-13.712704,17.832094
4.3,27,-.039937805,4.6590052,-9.1714201,9.0915442,4.3000002,0,-1.1953484,6.5000868,-13.935285,11.544588,.85531348,4.7988291,-8.5502186,10.260846,2.0506618,8.0119953,-13.652559,17.753883
4.4,27,-.039761867,4.6384811,-9.1310177,9.0514936,4.4000001,0,-1.1900826,6.4714522,-13.873896,11.493731,.85154557,4.777689,-8.5125532,10.215644,2.0416281,7.9766998,-13.592417,17.675673
4.5,27,-.039585929,4.6179566,-9.0906153,9.0114431,4.5,0,-1.1848167,6.4428172,-13.812507,11.442873,.84777766,4.7565489,-8.4748869,10.170443,2.0325944,7.9414048,-13.532273,17.597462
4.6,27,-.039409995,4.5974326,-9.0502119,8.9713926,4.5999999,0,-1.1795509,6.4141827,-13.751118,11.392016,.84400982,4.7354088,-8.4372206,10.12524,2.0235608,7.9061098,-13.47213,17.519251
4.7,27,-.039234057,4.5769081,-9.0098095,8.9313412,4.6999998,0,-1.1742851,6.3855481,-13.689729,11.341159,.84024191,4.7142687,-8.3995543,10.080038,2.0145268,7.8708148,-13.411986,17.44104
4.8,27,-.039058119,4.5563841,-8.9694061,8.8912907,4.8000002,0,-1.1690191,6.3569131,-13.62834,11.290301,.836474,4.6931281,-8.3618879,10.034836,2.0054932,7.8355193,-13.351843,17.362829
4.9,27,-.038882181,4.5358596,-8.9290037,8.8512392,4.9000001,0,-1.1637533,6.3282785,-13.566951,11.239445,.83270609,4.671988,-8.3242226,9.9896345,1.9964594,7.8002243,-13.291699,17.284618
5,27,-.038706243,4.5153356,-8.8886013,8.8111887,5,0,-1.1584874,6.2996435,-13.505562,11.188587,.82893819,4.6508479,-8.2865562,9.9444323,1.9874257,7.7649293,-13.231556,17.206408
5.1,27,-.038530305,4.4948111,-8.8481989,8.7711382,5.0999999,0,-1.1532216,6.271009,-13.444173,11.13773,.82517028,4.6297078,-8.2488899,9.89923,1.9783919,7.7296338,-13.171412,17.128197
5.2,27,-.038354371,4.474287,-8.8077955,8.7310867,5.1999998,0,-1.1479558,6.2423744,-13.382785,11.086873,.82140237,4.6085672,-8.2112236,9.8540287,1.9693582,7.6943388,-13.111269,17.049986
5.3,27,-.038178433,4.4537625,-8.7673931,8.6910362,5.3000002,0,-1.1426899,6.2137394,-13.321395,11.036016,.81763446,4.5874271,-8.1735573,9.8088264,1.9603244,7.6590438,-13.051126,16.971775
5.4,27,-.038002495,4.4332385,-8.7269897,8.6509848,5.4000001,0,-1.137424,6.1851048,-13.260007,10.985158,.81386656,4.566287,-8.135891,9.7636242,1.9512906,7.6237488,-12.990982,16.893562
5.5,27,-.037826557,4.412714,-8.6865873,8.6109343,5.5,0,-1.1321582,6.1564698,-13.198618,10.934301,.81009871,4.5451465,-8.0982256,9.7184229,1.9422569,7.5884533,-12.930839,16.815351
5.6,27,-.037650619,4.39219,-8.6461849,8.5708838,5.5999999,0,-1.1268923,6.1278353,-13.137229,10.883444,.8063308,4.5240064,-8.0605593,9.6732206,1.9332231,7.5531583,-12.870695,16.737141
5.7,27,-.037474681,4.371666,-8.6057825,8.5308332,5.6999998,0,-1.1216265,6.0992007,-13.07584,10.832587,.80256289,4.5028663,-8.022893,9.6280184,1.9241893,7.5178633,-12.810552,16.65893
5.8,27,-.037298743,4.3511415,-8.5653791,8.4907818,5.8000002,0,-1.1163607,6.0705657,-13.014451,10.78173,.79879498,4.4817262,-7.9852266,9.5828161,1.9151556,7.4825678,-12.750408,16.580719
5.9,27,-.037122805,4.3306174,-8.5249767,8.4507313,5.9000001,0,-1.1110948,6.0419312,-12.953062,10.730872,.79502708,4.4605856,-7.9475603,9.5376148,1.9061219,7.4472728,-12.690265,16.502508
6,27,-.03694687,4.3100929,-8.4845743,8.4106798,6,0,-1.1058289,6.0132961,-12.891673,10.680016,.79125917,4.4394455,-7.9098945,9.4924126,1.8970882,7.4119778,-12.630121,16.424297
6.1,27,-.036770932,4.2895689,-8.444171,8.3706293,6.0999999,0,-1.100563,5.9846616,-12.830284,10.629158,.78749126,4.4183054,-7.8722281,9.4472103,1.8880544,7.3766828,-12.569978,16.346087
6.2,27,-.036594994,4.2690444,-8.4037685,8.3305788,6.1999998,0,-1.0952972,5.956027,-12.768895,10.5783,.78372341,4.3971653,-7.8345623,9.402009,1.8790206,7.3413877,-12.509834,16.267876
6.3,27,-.036419056,4.2485204,-8.3633652,8.2905273,6.3000002,0,-1.0900314,5.927392,-12.707506,10.527443,.77995545,4.3760247,-7.796896,9.3568068,1.8699869,7.3060923,-12.449691,16.189665
6.4,27,-.036243118,4.2279959,-8.3229628,8.2504768,6.4000001,0,-1.0847656,5.8987575,-12.646117,10.476586,.7761876,4.3548846,-7.7592297,9.3116045,1.8609531,7.2707973,-12.389547,16.111454
6.5,27,-.03606718,4.2074718,-8.2825603,8.2104254,6.5,0,-1.0794997,5.8701224,-12.584728,10.425729,.77241969,4.3337445,-7.7215633,9.2664032,1.8519193,7.2355022,-12.329404,16.033243
6.6,27,-.035891246,4.1869473,-8.2421579,8.1703749,6.5999999,0,-1.0742338,5.8414879,-12.523339,10.374872,.76865178,4.3126044,-7.6838975,9.2212009,1.8428856,7.2002072,-12.269261,15.955032
6.7,27,-.035715308,4.1664233,-8.2017546,8.1303244,6.6999998,0,-1.0689679,5.8128529,-12.46195,10.324015,.76488388,4.2914643,-7.6462312,9.1759987,1.8338518,7.1649117,-12.209118,15.876822
6.8,27,-.03553937,4.1458988,-8.1613522,8.0902729,6.8000002,0,-1.0637021,5.7842183,-12.400561,10.273157,.76111597,4.2703238,-7.6085649,9.1307964,1.824818,7.1296167,-12.148973,15.79861
6.9,27,-.035363432,4.1253748,-8.1209488,8.0502224,6.9000001,0,-1.0584363,5.7555833,-12.339172,10.222301,.75734806,4.2491837,-7.570899,9.0855951,1.8157843,7.0943217,-12.088831,15.720399
7,27,-.035187494,4.1048503,-8.0805464,8.0101719,7,0,-1.0531704,5.7269487,-12.277783,10.171443,.75358015,4.2280436,-7.5332327,9.0403929,1.8067505,7.0590267,-12.028687,15.642188
7.1,27,-.035011556,4.0843263,-8.040144,7.9701209,7.0999999,0,-1.0479046,5.6983142,-12.216395,10.120585,.74981225,4.2069035,-7.4955664,8.9951916,1.7977169,7.0237312,-11.968544,15.563977
7.2,27,-.034835618,4.0638018,-7.9997411,7.9300699,7.1999998,0,-1.0426387,5.6696792,-12.155006,10.069729,.7460444,4.1857629,-7.4579005,8.9499893,1.7886831,6.9884362,-11.908401,15.485766
7.3,27,-.03465968,4.0432777,-7.9593382,7.8900189,7.3000002,0,-1.0373728,5.6410446,-12.093616,10.018871,.74227649,4.1646228,-7.4202342,8.9047871,1.7796493,6.9531412,-11.848257,15.407556
7.4,27,-.034483746,4.0227532,-7.9189358,7.849968,7.4000001,0,-1.032107,5.6124096,-12.032228,9.9680138,.73850858,4.1434827,-7.3825679,8.8595848,1.7706156,6.9178457,-11.788114,15.329345
7.5,27,-.034307808,4.0022292,-7.8785329,7.8099174,7.5,0,-1.0268412,5.583775,-11.97084,9.9171572,.73474067,4.1223426,-7.344902,8.8143835,1.7615818,6.8825507,-11.72797,15.251134
7.6,27,-.03413187,3.981705,-7.83813,7.7698665,7.5999999,0,-1.0215753,5.5551405,-11.909451,9.8662996,.73097277,4.101202,-7.3072357,8.7691813,1.7525481,6.8472557,-11.667827,15.172923
7.7,27,-.033955932,3.9611807,-7.7977276,7.7298155,7.6999998,0,-1.0163095,5.5265055,-11.848062,9.8154421,.72720486,4.0800619,-7.2695694,8.723979,1.7435143,6.8119607,-11.607683,15.094712
7.8,27,-.033779994,3.9406564,-7.7573247,7.6897645,7.8000002,0,-1.0110435,5.4978709,-11.786673,9.7645855,.72343695,4.0589218,-7.2319036,8.6787777,1.7344805,6.7766652,-11.54754,15.0165
7.9,27,-.033604056,3.9201322,-7.7169218,7.649714,7.9000001,0,-1.0057777,5.4692359,-11.725284,9.713728,.71966904,4.0377812,-7.1942372,8.6335754,1.7254468,6.7413702,-11.487396,14.93829
8,27,-.033428121,3.8996079,-7.6765194,7.609663,8,0,-1.0005119,5.4406013,-11.663895,9.6628704,.71590114,4.0166411,-7.1565709,8.5883732,1.716413,6.7060752,-11.427253,14.860079
8.1,27,-.03325218,3.8790836,-7.6361165,7.569612,8.1000004,0,-.99524599,5.4119663,-11.602506,9.6120138,.71213323,3.995501,-7.1189046,8.5431709,1.7073792,6.6707797,-11.367109,14.781868
8.199999999999999,27,-.033076245,3.8585594,-7.5957136,7.5295615,8.1999998,0,-.98998022,5.3833318,-11.541117,9.5611563,.70836538,3.9743609,-7.0812387,8.4979696,1.6983455,6.6354852,-11.306966,14.703657
8.300000000000001,27,-.032900307,3.8380351,-7.5553107,7.4895105,8.3000002,0,-.98471433,5.3546972,-11.479728,9.5102987,.70459747,3.9532206,-7.0435724,8.4527674,1.6893117,6.6001897,-11.246822,14.625446
8.4,27,-.032724369,3.8175111,-7.5149083,7.4494596,8.3999996,0,-.9794485,5.3260627,-11.418339,9.4594421,.70082957,3.9320805,-7.0059066,8.4075661,1.6802781,6.5648947,-11.186679,14.547235
8.5,27,-.032548431,3.7969866,-7.4745054,7.4094086,8.5,0,-.97418261,5.2974277,-11.35695,9.4085846,.69706166,3.9109402,-6.9682403,8.3623638,1.6712443,6.5295997,-11.126535,14.469024
8.6,27,-.032372493,3.7764623,-7.4341025,7.3693576,8.6000004,0,-.96891677,5.2687926,-11.295561,9.3577271,.69329375,3.8897998,-6.9305739,8.3171616,1.6622105,6.4943042,-11.066392,14.390813
8.699999999999999,27,-.032196559,3.7559383,-7.3937001,7.3293071,8.6999998,0,-.96365094,5.2401581,-11.234172,9.3068705,.68952584,3.8686597,-6.8929081,8.2719593,1.6531768,6.4590092,-11.006248,14.312602
8.800000000000001,27,-.032020621,3.7354138,-7.3532972,7.2892561,8.8000002,0,-.95838505,5.2115235,-11.172783,9.2560129,.68575794,3.8475194,-6.8552418,8.226758,1.644143,6.4237142,-10.946105,14.234391
8.9,27,-.031844683,3.7148898,-7.3128948,7.2492056,8.8999996,0,-.95311922,5.182889,-11.111395,9.2051563,.68199009,3.8263793,-6.8175759,8.1815557,1.6351093,6.3884192,-10.885962,14.15618
9,27,-.031668745,3.6943655,-7.2724919,7.2091546,9,0,-.94785339,5.154254,-11.050005,9.1542988,.67822218,3.8052392,-6.7799096,8.1363535,1.6260755,6.3531237,-10.825818,14.07797
9.1,27,-.031492807,3.673841,-7.232089,7.1691031,9.1000004,0,-.94258749,5.1256189,-10.988616,9.1034412,.67445421,3.7840989,-6.7422433,8.0911512,1.6170417,6.3178287,-10.765675,13.999758
9.199999999999999,27,-.031316869,3.653317,-7.1916866,7.1290526,9.1999998,0,-.93732166,5.0969844,-10.927228,9.0525846,.67068636,3.7629588,-6.704577,8.0459499,1.608008,6.2825336,-10.705532,13.921548
9.300000000000001,27,-.031140933,3.6327927,-7.1512837,7.0890017,9.3000002,0,-.93205583,5.0683498,-10.865839,9.0017271,.66691846,3.7418184,-6.6669106,8.0007477,1.5989742,6.2472382,-10.645388,13.843336
9.4,27,-.030964995,3.6122684,-7.1108813,7.0489511,9.3999996,0,-.92679,5.0397148,-10.80445,8.9508696,.66315055,3.7206783,-6.6292448,7.9555459,1.5899405,6.2119436,-10.585245,13.765126
9.5,27,-.030789057,3.5917442,-7.0704784,7.0089002,9.5,0,-.92152411,5.0110803,-10.743061,8.900013,.65938264,3.699538,-6.5915785,7.9103441,1.5809067,6.1766481,-10.525102,13.686914
9.6,27,-.030613119,3.5712199,-7.0300756,6.9688492,9.6000004,0,-.91625822,4.9824452,-10.681672,8.8491554,.65561473,3.6783977,-6.5539122,7.8651419,1.5718729,6.1413531,-10.464957,13.608704
9.699999999999999,27,-.030437183,3.5506957,-6.9896727,6.9287987,9.6999998,0,-.91099244,4.9538107,-10.620283,8.7982979,.65184683,3.6572576,-6.5162463,7.8199401,1.5628393,6.1060581,-10.404815,13.530493
9.800000000000001,27,-.030261245,3.5301714,-6.9492698,6.8887472,9.8000002,0,-.90572655,4.9251761,-10.558894,8.7474413,.64807892,3.6361172,-6.47858,7.7747378,1.5538055,6.0707626,-10.344671,13.452282
9.9,27,-.030085308,3.5096471,-6.9088674,6.8486967,9.8999996,0,-.90046072,4.8965411,-10.497505,8.6965837,.64431107,3.6149771,-6.4409142,7.7295361,1.5447718,6.0354676,-10.284528,13.374071
10,27,-.02990937,3.4891229,-6.8684645,6.8086457,10,0,-.89519483,4.8679066,-10.436116,8.6457262,.64054316,3.593837,-6.4032478,7.6843343,1.535738,6.0001726,-10.224384,13.29586
10.1,27,-.029733432,3.4685986,-6.8280616,6.7685947,10.1,0,-.889929,4.8392715,-10.374727,8.5948687,.63677526,3.5726967,-6.3655815,7.639132,1.5267042,5.9648771,-10.164241,13.217649
10.2,27,-.029557496,3.4480743,-6.7876592,6.7285442,10.2,0,-.88466316,4.810637,-10.313338,8.5440121,.63300735,3.5515566,-6.3279157,7.5939302,1.5176705,5.9295821,-10.104097,13.139439
10.3,27,-.029381558,3.4275501,-6.7472563,6.6884933,10.3,0,-.87939727,4.782002,-10.251949,8.4931545,.62923944,3.5304163,-6.2902493,7.548728,1.5086367,5.8942871,-10.043954,13.061227
10.4,27,-.02920562,3.4070261,-6.7068539,6.6484427,10.4,0,-.87413144,4.7533674,-10.19056,8.4422979,.62547153,3.5092762,-6.2525835,7.5035262,1.499603,5.8589921,-9.9838104,12.983017
10.5,27,-.029029682,3.3865016,-6.666451,6.6083913,10.5,0,-.86886561,4.7247329,-10.129171,8.3914404,.62170362,3.4881358,-6.2149172,7.4583244,1.4905692,5.8236971,-9.923667,12.904805
10.6,27,-.028853744,3.3659773,-6.6260481,6.5683403,10.6,0,-.86359972,4.6960979,-10.067782,8.3405828,.61793572,3.4669955,-6.1772509,7.4131222,1.4815354,5.7884016,-9.8635235,12.826594
10.7,27,-.028677808,3.3454533,-6.5856457,6.5282898,10.7,0,-.85833389,4.6674633,-10.006393,8.2897263,.61416787,3.4458554,-6.1395845,7.3679204,1.4725018,5.7531066,-9.80338,12.748384
10.8,27,-.02850187,3.3249288,-6.5452428,6.4882388,10.8,0,-.85306805,4.6388283,-9.9450045,8.2388687,.6103999,3.424715,-6.1019182,7.3227181,1.463468,5.7178116,-9.7432365,12.670173
10.9,27,-.028325934,3.3044047,-6.5048399,6.4481883,10.9,0,-.84780222,4.6101937,-9.8836164,8.1880121,.60663205,3.4035749,-6.0642524,7.2775164,1.4544343,5.6825166,-9.6830931,12.591962
11,27,-.028149996,3.2838805,-6.464437,6.4081373,11,0,-.84253633,4.5815592,-9.8222275,8.1371546,.60286415,3.3824348,-6.0265861,7.2323146,1.4454005,5.6472211,-9.6229496,12.513751
11.1,27,-.027974058,3.263356,-6.4240341,6.3680863,11.1,0,-.83727044,4.5529242,-9.7608376,8.086297,.59909624,3.3612945,-5.9889197,7.1871123,1.4363667,5.6119261,-9.5628061,12.435539
11.2,27,-.02779812,3.2428319,-6.3836317,6.3280358,11.2,0,-.83200461,4.5242896,-9.6994495,8.0354404,.59532833,3.3401544,-5.9512539,7.1419106,1.427333,5.5766311,-9.5026627,12.357328
11.3,27,-.027622182,3.2223074,-6.3432288,6.2879844,11.3,0,-.82673877,4.4956546,-9.6380606,7.9845824,.59156042,3.3190141,-5.9135876,7.0967083,1.4182992,5.5413356,-9.4425192,12.279118
11.4,27,-.027446246,3.2017834,-6.3028264,6.2479339,11.4,0,-.82147294,4.46702,-9.5766716,7.9337258,.58779258,3.297874,-5.8759217,7.0515065,1.4092655,5.5060406,-9.3823757,12.200907
11.5,27,-.027270308,3.1812592,-6.2624235,6.2078829,11.5,0,-.81620705,4.4383855,-9.5152826,7.8828683,.58402461,3.2767336,-5.8382554,7.0063047,1.4002317,5.4707456,-9.3222322,12.122696
11.6,27,-.02709437,3.1607347,-6.2220206,6.1678319,11.6,0,-.81094122,4.4097505,-9.4538937,7.8320107,.5802567,3.2555933,-5.8005891,6.9611025,1.3911979,5.4354501,-9.2620888,12.044485
11.7,27,-.026918434,3.1402106,-6.1816182,6.1277814,11.7,0,-.80567539,4.3811159,-9.3925047,7.7811542,.57648885,3.2344532,-5.7629232,6.9159007,1.3821642,5.4001555,-9.2019453,11.966274
11.8,27,-.026742496,3.1196864,-6.1412153,6.0877304,11.8,0,-.8004095,4.3524809,-9.3311157,7.7302966,.57272094,3.2133129,-5.7252569,6.8706985,1.3731304,5.3648601,-9.1418018,11.888062
11.9,27,-.026566559,3.0991621,-6.1008129,6.0476799,11.9,0,-.79514366,4.3238463,-9.2697268,7.6794395,.56895304,3.1921728,-5.6875906,6.8254972,1.3640968,5.329565,-9.0816593,11.809853
12,27,-.026390621,3.0786378,-6.06041,6.0076284,12,0,-.78987783,4.2952118,-9.2083378,7.628582,.56518513,3.1710327,-5.6499248,6.7802949,1.355063,5.29427,-9.0215149,11.731641
12.1,27,-.026214683,3.0581136,-6.0200071,5.9675775,12.1,0,-.78461194,4.2665768,-9.1469488,7.5777249,.56141722,3.1498923,-5.6122584,6.7350926,1.3460292,5.2589746,-8.9613714,11.65343
12.2,27,-.026038745,3.0375893,-5.9796047,5.927527,12.2,0,-.77934611,4.2379422,-9.0855598,7.5268679,.55764931,3.1287522,-5.5745921,6.6898909,1.3369955,5.2236795,-8.9012289,11.575219
12.3,27,-.025862807,3.017065,-5.9392018,5.887476,12.3,0,-.77408022,4.2093072,-9.0241709,7.4760103,.55388141,3.1076119,-5.5369258,6.6446886,1.3279617,5.1883845,-8.8410845,11.497008
12.4,27,-.025686871,2.996541,-5.8987989,5.8474255,12.4,0,-.76881444,4.1806726,-8.9627829,7.4251537,.55011356,3.0864718,-5.4992599,6.5994873,1.318928,5.1530895,-8.780942,11.418797
12.5,27,-.025510933,2.9760165,-5.8583961,5.8073745,12.5,0,-.76354855,4.1520381,-8.9013929,7.3742962,.54634565,3.0653315,-5.4615936,6.554285,1.3098942,5.117794,-8.7207985,11.340587
12.6,27,-.025334995,2.9554923,-5.8179932,5.7673235,12.6,0,-.75828266,4.1234031,-8.840004,7.3234386,.54257768,3.0441911,-5.4239273,6.5090828,1.3008604,5.082499,-8.6606541,11.262375
12.7,27,-.025159059,2.934968,-5.7775908,5.7272725,12.7,0,-.75301683,4.0947685,-8.778616,7.2725821,.53880984,3.023051,-5.3862615,6.463881,1.2918267,5.047204,-8.6005116,11.184165
12.8,27,-.024983121,2.9144437,-5.7371879,5.6872215,12.8,0,-.747751,4.0661335,-8.717226,7.2217245,.53504193,3.0019107,-5.3485951,6.4186788,1.2827929,5.0119085,-8.5403681,11.105953
12.9,27,-.024807185,2.8939197,-5.6967854,5.647171,12.9,0,-.74248517,4.037499,-8.655838,7.1708674,.53127402,2.9807706,-5.3109293,6.3734775,1.2737592,4.976614,-8.4802246,11.027743
13,27,-.024631247,2.8733952,-5.6563826,5.60712,13,0,-.73721927,4.0088639,-8.594449,7.1200099,.52750611,2.9596305,-5.273263,6.3282752,1.2647254,4.9413185,-8.4200811,10.949532
13.1,27,-.024455307,2.8528709,-5.6159797,5.5670691,13.1,0,-.73195344,3.9802294,-8.5330591,7.0691528,.52373821,2.9384902,-5.2355967,6.2830729,1.2556916,4.9060235,-8.3599377,10.871321
13.2,27,-.024279371,2.8323469,-5.5755773,5.5270185,13.2,0,-.72668761,3.9515948,-8.4716711,7.0182958,.5199703,2.9173501,-5.1979308,6.2378712,1.246658,4.8707285,-8.2997942,10.79311
13.3,27,-.024103433,2.8118224,-5.5351744,5.4869676,13.3,0,-.72142172,3.9229598,-8.4102821,6.9674382,.51620239,2.8962097,-5.1602645,6.1926689,1.2376242,4.835433,-8.2396507,10.714899
13.4,27,-.023927497,2.7912984,-5.494772,5.4469166,13.4,0,-.71615589,3.8943253,-8.3488932,6.9165816,.51243454,2.8750696,-5.1225982,6.1474676,1.2285905,4.800138,-8.1795073,10.636688
13.5,27,-.023751559,2.7707741,-5.4543691,5.4068656,13.5,0,-.71089005,3.8656905,-8.2875042,6.8657241,.50866663,2.8539293,-5.0849319,6.1022654,1.2195567,4.764843,-8.1193638,10.558477
13.6,27,-.023575621,2.7502496,-5.4139662,5.3668146,13.6,0,-.70562416,3.8370557,-8.2261152,6.8148665,.50489873,2.8327889,-5.0472655,6.0570631,1.2105229,4.7295475,-8.0592203,10.480266
13.7,27,-.023399685,2.7297256,-5.3735633,5.3267641,13.7,0,-.70035833,3.8084209,-8.1647263,6.7640095,.50113082,2.8116488,-5.0095997,6.0118613,1.2014892,4.6942525,-7.9990768,10.402056
13.8,27,-.023223747,2.7092013,-5.3331604,5.2867131,13.8,0,-.69509244,3.7797861,-8.1033373,6.7131524,.49736291,2.7905087,-4.9719334,5.9666595,1.1924554,4.6589575,-7.9389334,10.323844
13.9,27,-.023047809,2.6886771,-5.292758,5.2466626,13.9,0,-.68982667,3.7511516,-8.0419483,6.6622953,.49359503,2.7693686,-4.9342675,5.9214578,1.1834216,4.6236625,-7.8787904,10.245634
14,27,-.022871871,2.6681528,-5.2523551,5.2066116,14,0,-.68456078,3.7225168,-7.9805593,6.6114378,.4898271,2.7482283,-4.8966012,5.8762555,1.1743879,4.588367,-7.8186464,10.167422
14.1,27,-.022695933,2.6476285,-5.2119522,5.1665606,14.1,0,-.67929488,3.6938818,-7.9191704,6.5605807,.48605919,2.727088,-4.8589349,5.8310533,1.1653541,4.553072,-7.758503,10.089211
14.2,27,-.022519996,2.6271043,-5.1715498,5.1265097,14.2,0,-.67402905,3.6652472,-7.8577819,6.5097237,.48229131,2.7059479,-4.821269,5.7858515,1.1563203,4.517777,-7.69836,10.011001
14.3,27,-.022344058,2.60658,-5.1311469,5.0864587,14.3,0,-.66876322,3.6366124,-7.7963924,6.4588661,.4785234,2.6848075,-4.7836027,5.7406497,1.1472867,4.482482,-7.638216,9.9327898
14.4,27,-.022168122,2.5860558,-5.0907445,5.0464082,14.4,0,-.66349739,3.6079779,-7.7350039,6.4080091,.47475553,2.6636674,-4.7459369,5.6954479,1.1382529,4.4471869,-7.578073,9.854579
14.5,27,-.021992184,2.5655315,-5.0503416,5.0063572,14.5,0,-.6582315,3.5793431,-7.673615,6.357152,.47098762,2.6425271,-4.7082705,5.6502457,1.1292191,4.4118915,-7.5179296,9.7763681
14.6,27,-.021816246,2.5450072,-5.0099387,4.9663062,14.6,0,-.65296566,3.5507081,-7.6122255,6.3062944,.46721968,2.6213868,-4.6706042,5.6050434,1.1201854,4.3765965,-7.4577856,9.6981564
14.7,27,-.02164031,2.524483,-4.9695363,4.9262557,14.7,0,-.64769983,3.5220735,-7.550837,6.2554374,.4634518,2.6002467,-4.6329384,5.5598416,1.1111516,4.3413014,-7.3976426,9.6199455
14.8,27,-.021464372,2.5039587,-4.9291334,4.8862047,14.8,0,-.64243394,3.4934387,-7.4894481,6.2045803,.4596839,2.5791066,-4.5952721,5.5146399,1.1021179,4.306006,-7.3374991,9.5417347
14.9,27,-.021288434,2.4834347,-4.888731,4.8461537,14.9,0,-.63716811,3.4648042,-7.4280596,6.1537232,.45591602,2.5579665,-4.5576057,5.4694381,1.0930841,4.2707109,-7.2773561,9.4635239
15,27,-.021112496,2.4629102,-4.8483281,4.8061028,15,0,-.63190228,3.4361694,-7.3666701,6.1028657,.45214811,2.5368261,-4.5199394,5.4242358,1.0840503,4.2354159,-7.2172122,9.385313
15.1,27,-.020936558,2.4423859,-4.8079252,4.7660518,15.1,0,-.62663639,3.4075344,-7.3052812,6.0520082,.44838017,2.5156858,-4.4822731,5.3790336,1.0750166,4.2001204,-7.1570687,9.3071012
15.2,27,-.020760622,2.4218619,-4.7675223,4.7260013,15.2,0,-.62137055,3.3788998,-7.2438927,6.0011516,.44461229,2.4945457,-4.4446073,5.3338318,1.0659828,4.1648259,-7.0969257,9.2288914
15.3,27,-.020584684,2.4013374,-4.7271194,4.6859503,15.3,0,-.61610466,3.350265,-7.1825032,5.950294,.44084439,2.4734054,-4.4069409,5.28863,1.056949,4.1295304,-7.0367818,9.1506796
15.4,27,-.020408748,2.3808134,-4.686717,4.6458998,15.4,0,-.61083883,3.3216305,-7.1211147,5.899437,.43707651,2.4522653,-4.3692751,5.2434282,1.0479153,4.0942354,-6.9766388,9.0724697
15.5,27,-.02023281,2.3602891,-4.6463141,4.6058488,15.5,0,-.605573,3.2929955,-7.0597258,5.8485799,.4333086,2.4311249,-4.3316088,5.198226,1.0388815,4.0589404,-6.9164948,8.9942579
15.6,27,-.020056872,2.3397646,-4.6059113,4.5657978,15.6,0,-.60030711,3.2643607,-6.9983363,5.7977223,.42954069,2.4099846,-4.2939425,5.1530237,1.0298477,4.0236449,-6.8563514,8.9160471
15.7,27,-.019880934,2.3192406,-4.5655088,4.5257468,15.7,0,-.59504128,3.2357261,-6.9369478,5.7468653,.42577282,2.3888445,-4.2562766,5.1078219,1.0208141,3.9883502,-6.7962084,8.8378363
15.8,27,-.019704996,2.2987163,-4.525106,4.4856958,15.8,0,-.58977544,3.2070913,-6.8755589,5.6960077,.42200488,2.3677044,-4.2186103,5.0626202,1.0117803,3.9530547,-6.7360644,8.7596254
15.9,27,-.01952906,2.278192,-4.4847035,4.4456453,15.9,0,-.58450961,3.1784568,-6.8141704,5.6451511,.418237,2.3465643,-4.1809444,5.0174184,1.0027466,3.9177599,-6.6759214,8.6814146
16,27,-.019353122,2.2576678,-4.4443007,4.4055943,16,0,-.57924372,3.1498218,-6.7527809,5.5942936,.41446909,2.325424,-4.1432781,4.9722161,.99371284,3.8824646,-6.615778,8.6032038
16.1,27,-.019177184,2.2371435,-4.4038978,4.3655434,16.1,0,-.57397783,3.121187,-6.6913919,5.5434361,.41070119,2.3042836,-4.1056118,4.9270139,.98467904,3.8471694,-6.555634,8.524992
16.2,27,-.019001245,2.216619,-4.3634949,4.3254924,16.200001,0,-.568712,3.0925522,-6.630003,5.492579,.40693328,2.2831433,-4.0679455,4.8818121,.97564524,3.8118742,-6.4954906,8.4467812
16.3,27,-.018825311,2.1960952,-4.3230929,4.2854419,16.299999,0,-.56344622,3.0639179,-6.568615,5.4417224,.40316543,2.2620034,-4.0302796,4.8366108,.96661162,3.7765794,-6.435348,8.3685713
16.4,27,-.018649373,2.1755707,-4.28269,4.2453909,16.4,0,-.55818033,3.0352831,-6.5072255,5.3908648,.39939749,2.2408631,-3.9926136,4.7914085,.95757782,3.7412841,-6.3752046,8.2903605
16.5,27,-.018473435,2.1550465,-4.2422872,4.2053399,16.5,0,-.55291444,3.0066481,-6.4458365,5.3400078,.39562958,2.2197227,-3.9549472,4.7462063,.94854409,3.7059889,-6.3150606,8.2121487
16.6,27,-.018297497,2.1345222,-4.2018843,4.1652889,16.6,0,-.54764861,2.9780133,-6.3844476,5.2891502,.39186168,2.1985824,-3.9172809,4.701004,.93951029,3.6706936,-6.2549171,8.1339378
16.7,27,-.018121557,2.1139979,-4.1614814,4.1252379,16.700001,0,-.54238272,2.9493785,-6.3230581,5.2382927,.38809377,2.1774423,-3.8796146,4.6558022,.93047649,3.6353984,-6.1947732,8.0557261
16.8,27,-.017945623,2.0934739,-4.121079,4.0851879,16.799999,0,-.53711694,2.9207442,-6.2616701,5.1874361,.38432592,2.1563022,-3.841949,4.6106009,.92144287,3.6001039,-6.1346307,7.9775167
16.9,27,-.017769685,2.0729496,-4.0806761,4.0451369,16.9,0,-.53185105,2.8921092,-6.2002811,5.136579,.38055801,2.1351621,-3.8042827,4.5653987,.91240907,3.5648086,-6.0744872,7.8993053
17,27,-.017593747,2.0524251,-4.0402732,4.0050859,17,0,-.52658522,2.8634744,-6.1388917,5.0857215,.37679008,2.1140218,-3.7666163,4.5201964,.90337527,3.5295134,-6.0143437,7.821094
17.1,27,-.017417809,2.0319009,-3.9998703,3.9650347,17.1,0,-.52131933,2.8348396,-6.0775027,5.0348639,.37302217,2.0928814,-3.72895,4.4749942,.89434153,3.4942179,-5.9541998,7.7428827
17.2,27,-.017241871,2.0113766,-3.9594674,3.9249837,17.200001,0,-.51605344,2.8062048,-6.0161138,4.9840069,.36925426,2.0717411,-3.6912837,4.4297924,.88530773,3.4589226,-5.8940563,7.6646714
17.3,27,-.017065937,1.9908526,-3.9190655,3.8849335,17.299999,0,-.51078767,2.7775705,-5.9547257,4.9331503,.36548641,2.0506012,-3.6536181,4.3845911,.87627411,3.4236281,-5.8339138,7.586462
17.4,27,-.016889999,1.9703283,-3.8786626,3.8448825,17.4,0,-.50552183,2.7489355,-5.8933363,4.8822927,.36171851,2.0294609,-3.6159518,4.3393888,.86724031,3.3883328,-5.7737699,7.5082507
17.5,27,-.016714061,1.9498039,-3.8382597,3.8048315,17.5,0,-.50025594,2.7203007,-5.8319473,4.8314352,.35795057,2.0083206,-3.5782855,4.2941866,.85820651,3.3530376,-5.7136264,7.4300394
17.6,27,-.016538121,1.9292797,-3.7978568,3.7647805,17.6,0,-.49499008,2.6916659,-5.7705584,4.7805781,.35418266,1.9871804,-3.5406191,4.2489843,.84917271,3.3177423,-5.6534829,7.3518281
17.7,27,-.016362183,1.9087553,-3.7574539,3.7247295,17.700001,0,-.48972419,2.6630309,-5.7091689,4.7297206,.35041475,1.96604,-3.5029528,4.2037826,.84013897,3.2824471,-5.593339,7.2736168
17.8,27,-.016186249,1.8882314,-3.7170517,3.6846793,17.799999,0,-.48445842,2.6343966,-5.6477809,4.678864,.3466469,1.9449002,-3.4652872,4.1585813,.83110535,3.2471526,-5.5331964,7.1954074
17.9,27,-.016010311,1.867707,-3.6766489,3.6446283,17.9,0,-.47919255,2.6057618,-5.5863919,4.6280069,.342879,1.9237598,-3.4276211,4.113379,.82207155,3.2118571,-5.473053,7.1171961
18,27,-.015834372,1.8471828,-3.636246,3.6045773,18,0,-.47392669,2.577127,-5.5250025,4.5771494,.33911109,1.9026196,-3.3899548,4.0681767,.81303775,3.1765618,-5.412909,7.0389848
18.1,27,-.015658434,1.8266584,-3.5958431,3.5645261,18.1,0,-.4686608,2.5484922,-5.4636135,4.5262918,.33534315,1.8814793,-3.3522885,4.0229745,.80400395,3.1412666,-5.3527656,6.9607735
18.2,27,-.015482496,1.806134,-3.5554402,3.5244751,18.200001,0,-.46339494,2.5198572,-5.4022245,4.4754343,.33157524,1.8603389,-3.3146222,3.9777725,.79497021,3.1059713,-5.2926221,6.8825622
18.3,27,-.015306561,1.7856101,-3.515038,3.4844248,18.299999,0,-.45812917,2.4912229,-5.3408365,4.4245782,.3278074,1.8391991,-3.2769566,3.9325714,.78593659,3.0706768,-5.2324796,6.8043523
18.4,27,-.015130623,1.7650858,-3.4746351,3.4443738,18.4,0,-.45286331,2.4625881,-5.2794471,4.3737206,.32403949,1.8180587,-3.2392902,3.8873692,.77690279,3.0353816,-5.1723356,6.7261415
18.5,27,-.014954685,1.7445614,-3.4342322,3.4043229,18.5,0,-.44759741,2.4339533,-5.2180581,4.3228631,.32027158,1.7969185,-3.2016239,3.8421671,.767869,3.0000863,-5.1121922,6.6479301
18.6,27,-.014778747,1.7240371,-3.3938293,3.3642719,18.6,0,-.44233155,2.4053185,-5.1566691,4.272006,.31650364,1.7757782,-3.1639576,3.7969649,.7588352,2.9647911,-5.0520482,6.5697188
18.7,27,-.014602809,1.7035128,-3.3534265,3.3242209,18.700001,0,-.43706569,2.3766835,-5.0952797,4.2211485,.31273574,1.7546378,-3.1262913,3.7517629,.7498014,2.9294958,-4.9919047,6.4915075
18.8,27,-.014426874,1.6829889,-3.3130243,3.2841706,18.799999,0,-.43179992,2.3480492,-5.0338917,4.1702919,.30896789,1.733498,-3.0886257,3.7065616,.74076784,2.894201,-4.9317622,6.4132977
18.9,27,-.014250936,1.6624645,-3.2726214,3.2441196,18.9,0,-.42653403,2.3194144,-4.9725027,4.1194348,.30519998,1.7123576,-3.0509593,3.6613593,.73173404,2.8589058,-4.8716183,6.3350863
19,27,-.014074998,1.6419402,-3.2322185,3.2040687,19,0,-.42126817,2.2907796,-4.9111137,4.0685773,.30143207,1.6912174,-3.013293,3.6161573,.72270024,2.8236105,-4.8114748,6.2568755
19.1,27,-.01389906,1.6214159,-3.1918156,3.1640177,19.1,0,-.4160023,2.2621446,-4.8497243,4.0177197,.29766417,1.6700771,-2.9756267,3.570955,.71366644,2.7883153,-4.7513313,6.1786642
19.2,27,-.013723121,1.6008915,-3.1514127,3.1239667,19.200001,0,-.41073641,2.2335098,-4.7883353,3.9668624,.29389623,1.6489367,-2.9379604,3.525753,.70463264,2.75302,-4.6911874,6.1004529
19.3,27,-.013547187,1.5803676,-3.1110108,3.0839164,19.299999,0,-.40547064,2.2048755,-4.7269473,3.9160058,.29012838,1.6277969,-2.9002948,3.4805517,.69559902,2.7177255,-4.6310449,6.022243
19.4,27,-.013371249,1.5598433,-3.0706079,3.0438654,19.4,0,-.40020478,2.1762407,-4.6655579,3.8651485,.28636047,1.6066566,-2.8626285,3.4353495,.68656528,2.6824303,-4.5709014,5.9440317
19.5,27,-.013195311,1.5393189,-3.030205,3.0038142,19.5,0,-.39493892,2.1476059,-4.6041689,3.814291,.28259256,1.5855163,-2.8249624,3.3901474,.67753148,2.647135,-4.5107574,5.8658204
19.6,27,-.013019372,1.5187945,-2.9898021,2.9637632,19.6,0,-.38967302,2.1189709,-4.5427799,3.7634337,.27882466,1.564376,-2.7872961,3.3449452,.66849768,2.6118398,-4.450614,5.7876096
19.7,27,-.012843434,1.4982703,-2.9493992,2.9237123,19.700001,0,-.38440716,2.0903361,-4.4813905,3.7125764,.27505672,1.5432357,-2.7496297,3.2997432,.65946388,2.5765443,-4.3904705,5.7093983
19.8,27,-.012667499,1.4777464,-2.9089971,2.883662,19.799999,0,-.37914139,2.0617018,-4.4200025,3.6617198,.2712889,1.5220958,-2.7119641,3.2545419,.65043026,2.5412498,-4.330328,5.6311884
19.9,27,-.012491561,1.457222,-2.8685942,2.843611,19.9,0,-.37387553,2.033067,-4.3586135,3.6108625,.26752096,1.5009555,-2.6742978,3.2093396,.64139646,2.5059545,-4.270184,5.5529771
20,27,-.012315623,1.4366976,-2.8281913,2.80356,20,0,-.36860964,2.004432,-4.2972245,3.5600049,.26375306,1.4798152,-2.6366315,3.1641376,.63236272,2.4706593,-4.2100406,5.4747658
20.1,27,-.012139685,1.4161733,-2.7877884,2.763509,20.1,0,-.36334378,1.9757972,-4.2358351,3.5091476,.25998515,1.4586749,-2.5989652,3.1189353,.62332892,2.435364,-4.1498966,5.3965545
20.2,27,-.011963747,1.395649,-2.7473855,2.7234581,20.200001,0,-.35807791,1.9471624,-4.1744461,3.4582903,.25621724,1.4375346,-2.5612988,3.0737333,.61429513,2.4000688,-4.0897532,5.3183436
20.3,27,-.011787812,1.3751251,-2.7069833,2.6834078,20.299999,0,-.35281214,1.9185281,-4.1130581,3.4074337,.25244939,1.4163947,-2.5236332,3.028532,.6052615,2.3647742,-4.0296106,5.2401338
20.4,27,-.011611874,1.3546007,-2.6665804,2.6433568,20.4,0,-.34754625,1.8898932,-4.0516691,3.3565764,.24868147,1.3952544,-2.4859669,2.9833298,.59622771,2.329479,-3.9694669,5.1619225
20.5,27,-.011435935,1.3340764,-2.6261775,2.6033058,20.5,0,-.34228039,1.8612584,-3.9902797,3.3057189,.24491355,1.3741142,-2.4483006,2.9381278,.58719397,2.2941835,-3.9093232,5.0837111
20.6,27,-.011259997,1.313552,-2.5857747,2.5632548,20.6,0,-.33701453,1.8326235,-3.9288905,3.2548616,.24114564,1.3529738,-2.4106343,2.8929255,.57816017,2.2588882,-3.8491797,5.0054998
20.7,27,-.011084059,1.2930278,-2.5453718,2.5232036,20.700001,0,-.33174863,1.8039887,-3.8675015,3.204004,.23737772,1.3318335,-2.372968,2.8477235,.56912637,2.223593,-3.789036,4.9272885
20.8,27,-.010908125,1.2725039,-2.5049698,2.4831536,20.799999,0,-.32648286,1.7753544,-3.8061135,3.1531477,.23360988,1.3106936,-2.3353024,2.8025222,.56009275,2.1882985,-3.7288935,4.8490791
20.9,27,-.010732186,1.2519795,-2.4645669,2.4431024,20.9,0,-.321217,1.7467195,-3.7447243,3.1022904,.22984196,1.2895533,-2.297636,2.7573202,.55105895,2.1530032,-3.6687498,4.7708678
21,27,-.010556248,1.2314551,-2.4241641,2.4030514,21,0,-.31595114,1.7180847,-3.6833351,3.0514328,.22607405,1.2684131,-2.2599697,2.7121179,.54202515,2.117708,-3.6086061,4.6926565
21.1,27,-.01038031,1.2109308,-2.3837612,2.3630004,21.1,0,-.31068525,1.6894498,-3.6219461,3.0005755,.22230613,1.2472727,-2.2223034,2.6669157,.53299141,2.0824127,-3.5484624,4.6144452
21.2,27,-.010204372,1.1904064,-2.3433583,2.3229494,21.200001,0,-.30541939,1.6608149,-3.5605569,2.949718,.21853822,1.2261324,-2.1846373,2.6217136,.52395761,2.0471175,-3.4883187,4.5362339
21.3,27,-.010028437,1.1698825,-2.3029561,2.2828991,21.299999,0,-.30015361,1.6321806,-3.4991689,2.8988616,.21477038,1.2049925,-2.1469717,2.5765123,.51492399,2.0118227,-3.4281762,4.458024
21.4,27,-.0098524988,1.1493582,-2.2625532,2.2428482,21.4,0,-.29488772,1.6035458,-3.4377797,2.8480043,.21100247,1.1838522,-2.1093054,2.5313103,.50589019,1.9765276,-3.3680327,4.3798132
21.5,27,-.0096765608,1.1288339,-2.2221503,2.2027972,21.5,0,-.28962186,1.5749109,-3.3763905,2.7971468,.20723455,1.162712,-2.0716391,2.4861081,.49685642,1.9412323,-3.307889,4.3016019
21.6,27,-.0095006227,1.1083095,-2.1817474,2.1627462,21.6,0,-.284356,1.5462761,-3.3150015,2.7462895,.20346664,1.1415716,-2.0339727,2.440906,.48782262,1.9059371,-3.2477453,4.2233906
21.7,27,-.0093246847,1.0877852,-2.1413445,2.1226952,21.700001,0,-.27909011,1.5176412,-3.2536123,2.6954319,.19969872,1.1204313,-1.9963064,2.3957038,.47878882,1.8706417,-3.1876016,4.1451793
21.8,27,-.0091487495,1.0672612,-2.1009424,2.0826449,21.799999,0,-.27382433,1.4890069,-3.1922243,2.6445756,.19593087,1.0992914,-1.9586408,2.3505025,.46975523,1.8353472,-3.127459,4.0669694
21.9,27,-.0089728115,1.046737,-2.0605395,2.042594,21.9,0,-.26855847,1.4603721,-3.1308351,2.5937181,.19216296,1.0781511,-1.9209745,2.3053005,.46072143,1.8000519,-3.0673153,3.9887583
22,27,-.0087968735,1.0262126,-2.0201366,2.002543,22,0,-.26329261,1.4317372,-3.0694458,2.5428607,.18839504,1.0570109,-1.8833082,2.2600982,.45168763,1.7647567,-3.0071719,3.910547
22.1,27,-.0086209355,1.0056883,-1.9797337,1.9624919,22.1,0,-.25802672,1.4031024,-3.0080569,2.4920034,.18462713,1.0358706,-1.8456419,2.2148962,.44265386,1.7294613,-2.9470282,3.8323357
22.2,27,-.0084449975,.98516393,-1.9393308,1.9224409,22.200001,0,-.25276086,1.3744675,-2.9466677,2.4411459,.18085921,1.0147302,-1.8079755,2.1696939,.43362007,1.6941661,-2.8868845,3.7541246
22.3,27,-.0082690623,.96464002,-1.8989288,1.8823906,22.299999,0,-.24749509,1.3458332,-2.8852797,2.3902895,.17709137,.99359035,-1.7703099,2.1244926,.42458645,1.6588715,-2.8267419,3.6759148
22.4,27,-.0080931243,.9441157,-1.8585259,1.8423396,22.4,0,-.24222921,1.3171983,-2.8238904,2.339432,.17332345,.97245008,-1.7326436,2.0792906,.41555268,1.6235763,-2.7665982,3.5977037
22.5,27,-.0079171862,.92359138,-1.818123,1.8022887,22.5,0,-.23696335,1.2885635,-2.7625012,2.2885747,.16955554,.9513098,-1.6949774,2.0340884,.40651888,1.5882809,-2.7064545,3.5194924
22.6,27,-.0077412482,.90306699,-1.7777201,1.7622375,22.6,0,-.23169747,1.2599286,-2.7011123,2.2377172,.16578762,.93016946,-1.6573111,1.9888862,.39748511,1.5529857,-2.646311,3.4412811
22.7,27,-.0075653098,.88254267,-1.7373172,1.7221866,22.700001,0,-.22643159,1.2312938,-2.6397231,2.1868598,.16201971,.90902919,-1.6196448,1.9436841,.38845131,1.5176904,-2.5861673,3.3630698
22.8,27,-.007389375,.86201876,-1.696915,1.6821363,22.799999,0,-.22116582,1.2026595,-2.578335,2.1360035,.15825187,.88788927,-1.5819792,1.8984829,.37941769,1.4823959,-2.5260248,3.2848601
22.9,27,-.007213437,.84149444,-1.6565121,1.6420853,22.9,0,-.21589996,1.1740246,-2.5169458,2.085146,.15448394,.86674899,-1.5443128,1.8532808,.37038392,1.4471005,-2.4658811,3.2066488
23,27,-.007037499,.82097012,-1.6161093,1.6020343,23,0,-.21063408,1.1453898,-2.4555569,2.0342886,.15071604,.84560871,-1.5066465,1.8080786,.36135012,1.4118053,-2.4057374,3.1284378
23.1,27,-.0068615605,.80044574,-1.5757064,1.5619833,23.1,0,-.20536821,1.1167549,-2.3941677,1.9834312,.14694811,.82446837,-1.4689802,1.7628765,.35231632,1.37651,-2.3455937,3.0502264
23.2,27,-.0066856225,.77992141,-1.5353035,1.5219322,23.200001,0,-.20010234,1.0881201,-2.3327785,1.9325738,.14318021,.8033281,-1.4313139,1.7176744,.34328255,1.3412148,-2.28545,2.9720151
23.3,27,-.0065096878,.75939751,-1.4949014,1.4818821,23.299999,0,-.19483657,1.0594858,-2.2713904,1.8817173,.13941236,.78218818,-1.3936484,1.6724731,.33424893,1.3059201,-2.2253075,2.8938055
23.4,27,-.0063337497,.73887318,-1.4544985,1.441831,23.4,0,-.1895707,1.0308509,-2.2100012,1.8308599,.13564445,.7610479,-1.3559821,1.6272709,.32521513,1.2706249,-2.165164,2.8155942
23.5,27,-.0061578117,.7183488,-1.4140956,1.40178,23.5,0,-.18430482,1.002216,-2.1486123,1.7800025,.13187653,.73990762,-1.3183157,1.5820688,.31618136,1.2353296,-2.1050203,2.7373829
23.6,27,-.0059818733,.69782448,-1.3736928,1.361729,23.6,0,-.17903896,.97358119,-2.0872231,1.7291452,.12810862,.71876729,-1.2806494,1.5368667,.30714756,1.2000344,-2.0448766,2.6591718
23.7,27,-.0058059352,.67730016,-1.3332899,1.321678,23.700001,0,-.17377308,.94494635,-2.0258338,1.6782877,.1243407,.69762701,-1.2429831,1.4916645,.29811376,1.1647391,-1.9847329,2.5809605
23.8,27,-.0056300005,.65677625,-1.2928878,1.2816278,23.799999,0,-.16850731,.91631204,-1.9644458,1.6274313,.12057286,.67648709,-1.2053175,1.4464632,.28908017,1.1294445,-1.9245903,2.5027506
23.9,27,-.0054540625,.63625193,-1.2524849,1.2415768,23.9,0,-.16324143,.88767719,-1.9030567,1.5765738,.11680494,.65534681,-1.1676512,1.4012611,.28004637,1.0941492,-1.8644468,2.4245396
24,27,-.005278124,.61572754,-1.212082,1.2015257,24,0,-.15797557,.85904235,-1.8416675,1.5257164,.11303703,.63420653,-1.1299849,1.356059,.27101257,1.058854,-1.8043031,2.3463283
24.1,27,-.005102186,.59520322,-1.1716791,1.1614747,24.1,0,-.15270969,.83040744,-1.7802784,1.474859,.10926911,.6130662,-1.0923187,1.3108568,.26197881,1.0235587,-1.7441593,2.268117
24.2,27,-.004926248,.5746789,-1.1312762,1.1214237,24.200001,0,-.14744382,.80177259,-1.7188892,1.4240016,.1055012,.59192592,-1.0546523,1.2656547,.25294501,.98826343,-1.6840158,2.1899056
24.3,27,-.0047503132,.55415499,-1.0908741,1.0813735,24.299999,0,-.14217804,.77313828,-1.6575013,1.3731452,.10173335,.570786,-1.0169867,1.2204534,.2439114,.95296884,-1.6238732,2.111696
24.4,27,-.0045743748,.53363061,-1.0504712,1.0413225,24.4,0,-.13691217,.74450344,-1.5961121,1.3222878,.097965434,.54964572,-.97932041,1.1752512,.23487762,.91767359,-1.5637295,2.0334847
24.5,27,-.0043984368,.51310629,-1.0100683,1.0012715,24.5,0,-.13164631,.71586859,-1.5347229,1.2714304,.094197519,.52850544,-.94165409,1.1300491,.22584382,.88237834,-1.5035859,1.9552735
24.6,27,-.0042224987,.49258196,-.96966541,.96122044,24.6,0,-.12638043,.68723375,-1.4733338,1.2205729,.090429604,.50736511,-.90398777,1.084847,.21681003,.84708303,-1.4434422,1.8770623
24.7,27,-.0040465607,.47205764,-.92926252,.9211694,24.700001,0,-.12111456,.6585989,-1.4119446,1.1697155,.086661689,.48622483,-.86632144,1.0396448,.20777625,.81178778,-1.3832985,1.798851
24.8,27,-.0038706257,.4515337,-.8888604,.88111919,24.799999,0,-.11584879,.62996459,-1.3505567,1.1188592,.082893848,.46508494,-.8286559,.9944436,.19874263,.77649319,-1.323156,1.7206413
24.9,27,-.0036946875,.43100938,-.84845752,.84106815,24.9,0,-.11058291,.60132974,-1.2891675,1.0680017,.079125933,.44394463,-.79098958,.94924146,.18970884,.74119794,-1.2630124,1.6424301
25,27,-.0035187495,.41048506,-.80805463,.80101717,25,0,-.10531704,.5726949,-1.2277784,1.0171443,.075358018,.42280436,-.75332326,.90403932,.18067506,.70590264,-1.2028687,1.5642189
25.1,27,-.0033428113,.38996071,-.76765174,.76096612,25.1,0,-.10005117,.54406005,-1.1663892,.9662869,.071590103,.40166405,-.71565694,.85883719,.17164128,.67060739,-1.142725,1.4860076
25.2,27,-.0031668732,.36943638,-.72724891,.72091514,25.200001,0,-.094785295,.51542515,-1.105,.91542947,.067822188,.38052374,-.67799067,.81363505,.16260749,.63531214,-1.0825814,1.4077964
25.3,27,-.0029909383,.34891245,-.68684679,.68086487,25.299999,0,-.089519523,.48679087,-1.0436121,.86457306,.06405434,.35938385,-.64032507,.76843375,.15357387,.60001755,-1.0224389,1.3295866
25.4,27,-.0028150002,.32838812,-.6464439,.64081389,25.4,0,-.084253654,.45815602,-.98222291,.81371564,.060286429,.33824354,-.60265875,.72323161,.14454009,.56472224,-.96229517,1.2513753
25.5,27,-.002639062,.30786377,-.60604101,.60076284,25.5,0,-.078987785,.42952117,-.92083377,.76285821,.056518514,.31710327,-.56499243,.67802948,.13550629,.52942699,-.90215153,1.1731641
25.6,27,-.002463124,.28733945,-.56563812,.56071186,25.6,0,-.073721908,.4008863,-.85944462,.71200079,.052750599,.29596296,-.52732617,.63282734,.1264725,.49413171,-.84200788,1.0949528
25.7,27,-.0022871858,.26681513,-.52523524,.52066082,25.700001,0,-.068456039,.37225145,-.79805547,.66114342,.048982684,.27482265,-.48965985,.58762521,.11743872,.45883647,-.78186423,1.0167416
25.8,27,-.002111251,.24629119,-.48483309,.48061061,25.799999,0,-.063190266,.34361714,-.73666751,.61028695,.045214839,.25368276,-.45199424,.5424239,.10840511,.42354184,-.72172171,.93853188
25.9,27,-.0019353129,.22576685,-.4444302,.4405596,25.9,0,-.057924394,.3149823,-.67527837,.55942959,.041446924,.23254247,-.41432795,.4972218,.099371314,.3882466,-.661578,.86032063
26,27,-.0017593747,.20524253,-.40402731,.40050858,26,0,-.052658521,.28634745,-.61388922,.50857216,.037679009,.21140218,-.37666163,.45201966,.09033753,.35295132,-.60143435,.78210944
26.1,27,-.0015834366,.18471819,-.36362445,.36045757,26.1,0,-.047392648,.25771257,-.55250001,.45771474,.033911094,.19026187,-.33899534,.40681753,.081303746,.31765607,-.5412907,.70389819
26.2,27,-.0014074984,.16419387,-.32322156,.32040656,26.200001,0,-.042126775,.22907773,-.49111089,.40685734,.030143179,.16912158,-.30132902,.36161539,.072269954,.28236079,-.48114702,.62568694
26.3,27,-.0012315636,.14366992,-.28281945,.28035632,26.299999,0,-.036861006,.20044343,-.42972291,.3560009,.026375335,.14798169,-.26366344,.31641409,.063236341,.2470662,-.4210045,.54747719
26.4,27,-.0010556255,.1231456,-.24241655,.2403053,26.4,0,-.031595133,.17180857,-.36833376,.30514348,.02260742,.12684138,-.22599712,.27121195,.054202553,.21177092,-.36086085,.46926594
26.5,27,-.00087968737,.10262126,-.20201366,.20025429,26.5,0,-.02632926,.14317372,-.30694461,.25428608,.018839505,.10570109,-.18833081,.22600983,.045168765,.17647566,-.30071718,.39105472
26.6,27,-.00070374919,.082096934,-.16161078,.16020328,26.6,0,-.021063387,.11453886,-.24555545,.20342867,.015071589,.084560789,-.15066451,.18080769,.036134977,.1411804,-.24057351,.31284347
26.7,27,-.00052781106,.0615726,-.12120789,.12015226,26.700001,0,-.015797516,.085904017,-.18416628,.15257126,.011303673,.063420489,-.1129982,.13560554,.027101191,.10588513,-.18042985,.23463222
26.8,27,-.00035187628,.041048661,-.080805771,.080102019,26.799999,0,-.010531744,.057269707,-.1227783,.10171482,.0075358306,.042280596,-.075332612,.090404272,.018067574,.070590533,-.12028733,.15642248
26.9,27,-.00017593814,.02052433,-.040402886,.04005101,26.9,0,-.005265872,.028634854,-.061389152,.05085741,.0037679153,.021140298,-.037666306,.045202136,.0090337871,.035295267,-.060143664,.07821124
27,27,0,0,0,0,27,0,0,0,0,0,0,0,0,0,0,0,0,0
27.1,27,.00017271233,.020522846,-.040051326,.04039675,27.1,.001,.0052628019,.028633,-.050856847,.06138245,-.0037688804,.021138594,-.045199759,.037661999,-.0090316823,.035292774,-.078204252,.060140889
27.2,27,.0003260698,.041036785,-.080104552,.080756687,27.200001,.0080000004,.010507183,.057254888,-.10171033,.1227247,-.0075435513,.042266957,-.090385266,.07529816,-.018050734,.07057061,-.15636659,.12026512
27.3,27,.00044071421,.061532531,-.12016083,.12104226,27.299999,.027000003,.015714621,.085854024,-.15255617,.18398541,-.011329732,.063374482,-.13554142,.11288197,-.027044352,.10581791,-.23444365,.18035495
27.4,27,.00049729744,.082001999,-.16022368,.16121827,27.4,.064000003,.020866897,.11442044,-.20339304,.24512684,-.015133356,.08445178,-.18065581,.15038909,-.036000252,.14102118,-.31239668,.24039617
27.5,27,.00047646125,.10243597,-.20029436,.20124727,27.5,.125,.025945488,.14294261,-.25421685,.30610785,-.018960143,.10548832,-.22571345,.18779317,-.044905629,.17616493,-.39018255,.30037129
27.6,27,.00035885072,.12282566,-.24037503,.24109273,27.6,.21600002,.030931974,.17140959,-.30502465,.36688858,-.022815881,.12647402,-.2707004,.22506864,-.053747855,.21123451,-.46775988,.36026418
27.7,27,.00012511124,.14316235,-.28046796,.28071818,27.700001,.34299999,.035807934,.19981056,-.35581359,.42742947,-.026706364,.14739887,-.31560287,.26219013,-.062514298,.24621536,-.54508752,.42005894
27.8,27,-.00024411576,.16343701,-.32057479,.32008654,27.799999,.51200002,.040554848,.2281343,-.40658018,.48768988,-.030637311,.16825259,-.36040631,.29913169,-.071192153,.28109244,-.62212324,.47973889
27.9,27,-.00076817779,.18364188,-.36069965,.35916328,27.9,.72899991,.04515449,.25637132,-.45732406,.54763305,-.034614652,.18902613,-.40509906,.33586976,-.079769142,.31585288,-.69882941,.53929114
28,27,-.0014664341,.2037681,-.40084457,.39791173,28,1,.049588345,.28451067,-.50804228,.60721898,-.038644109,.20970947,-.4496671,.37237889,-.088232458,.35048208,-.77516466,.59869981
28.1,27,-.0023582389,.22380738,-.44101262,.43629616,28.1,1.3310001,.053837989,.31254211,-.55873328,.66640925,-.042731475,.23029301,-.49409747,.40863451,-.096569464,.38496625,-.85108942,.65795052
28.2,27,-.0034629472,.24375148,-.48120707,.47428116,28.200001,1.7280002,.057884999,.34045562,-.60939574,.72516572,-.046882536,.25076741,-.53837758,.44461253,-.10476753,.41929197,-.92656469,.71702963
28.3,27,-.0047999155,.26359197,-.52143067,.51183087,28.299999,2.1969998,.061710861,.36824086,-.66002792,.78344965,-.051103011,.27112302,-.58249438,.48028836,-.11281387,.4534454,-1.0015506,.77592283
28.4,27,-.0063884952,.28332177,-.56168896,.54891193,28.4,2.744,.065297343,.39588934,-.71063155,.84122622,-.055398837,.29135171,-.62643766,.51564002,-.12069618,.48741513,-1.0760123,.83461994
28.5,27,-.0082480423,.30293274,-.60198528,.58548921,28.5,3.375,.068625934,.42339131,-.76120573,.89845765,-.059775729,.31144419,-.6701951,.55064368,-.12840167,.52118802,-1.1499114,.89310807
28.6,27,-.010397913,.32241738,-.64232433,.62152851,28.6,4.0960002,.071678206,.45073768,-.81175143,.95510787,-.064239487,.33139196,-.71375579,.58527678,-.13591769,.55475199,-1.2232116,.95137626
28.7,27,-.012857462,.34176838,-.68271118,.65699625,28.700001,4.9130006,.074435748,.47791985,-.86227,1.0111414,-.06879589,.35118666,-.75710911,.61951733,-.14323163,.58809555,-1.2958777,1.0094144
28.8,27,-.015646042,.36097825,-.72315043,.69185835,28.799999,5.8319993,.07688003,.50492895,-.91276252,1.0665226,-.073450655,.3708199,-.80024427,.65334296,-.15033069,.62120688,-1.3678738,1.0672123
28.9,27,-.018783011,.38004097,-.76364964,.72608358,28.9,6.8589997,.078992829,.53175807,-.96323383,1.1212195,-.078209735,.39028469,-.84315372,.6867342,-.15720256,.6540767,-1.4391693,1.1247642
29,27,-.022287721,.39894956,-.80421448,.75963902,29,8,.080755629,.55839914,-1.0136867,1.1751978,-.083078831,.40957326,-.88582766,.71967,-.16383445,.68669426,-1.5097305,1.1820616
29.1,27,-.02617952,.41769773,-.84485203,.79249299,29.1,9.2609978,.082150012,.58484507,-1.0641253,1.2284253,-.088063732,.42867851,-.92825818,.75213069,-.17021374,.71905017,-1.5795262,1.2390987
29.2,27,-.030477788,.43627948,-.88556987,.82461429,29.200001,10.648001,.083157539,.61108917,-1.1145551,1.2808702,-.093170248,.44759372,-.97043782,.78409731,-.17632779,.75113559,-1.6485265,1.2958709
29.3,27,-.035201851,.45468879,-.92637551,.85597181,29.299999,12.166999,.083759718,.63712466,-1.1649816,1.3325011,-.09840408,.4663122,-1.0123591,.81555104,-.1821638,.7829417,-1.7167014,1.3523737
29.4,27,-.040371086,.4729211,-.96727943,.88653725,29.4,13.824001,.083938301,.66294706,-1.215414,1.3832906,-.10377117,.48482886,-1.0540183,.8464759,-.18770947,.81446242,-1.7840265,1.4086076
29.5,27,-.046004824,.49097112,-1.0082905,.91628093,29.5,15.625,.083674788,.68855065,-1.2658597,1.4332093,-.10927723,.50313789,-1.0954093,.87685484,-.19295202,.84569049,-1.850475,1.4645709
29.6,27,-.052122436,.5088343,-1.0494193,.94517446,29.6,17.575998,.082950749,.71393096,-1.3163282,1.4822297,-.11492806,.52123427,-1.1365285,.90667236,-.19787881,.87661999,-1.9160224,1.5202649
29.7,27,-.058743283,.52650642,-1.0906769,.97319037,29.700001,19.683001,.081747755,.73908406,-1.3668303,1.5303259,-.12072945,.53911364,-1.1773728,.93591392,-.2024772,.90724599,-1.9806467,1.5756923
29.8,27,-.065886706,.54398358,-1.1320748,1.0003015,29.799999,21.952,.080047294,.7640062,-1.4173774,1.577472,-.12668711,.5567717,-1.2179396,.9645654,-.2067344,.93756384,-2.0443258,1.630857
29.9,27,-.073572069,.5612632,-1.1736277,1.0264835,29.9,24.389002,.077831142,.78869593,-1.4679846,1.6236469,-.13280697,.57420599,-1.25823,.99261606,-.21063812,.96757179,-2.107044,1.6857677
30,27,-.081818715,.5783422,-1.2153486,1.0517112,30,27,.07508079,.81315094,-1.5186658,1.6688273,-.13909477,.59141338,-1.2982436,1.0200541,-.21417555,.99726707,-2.1687832,1.740432
30.1,27,-.090645999,.59521854,-1.2572528,1.0759609,30.1,29.790997,.071777806,.83737016,-1.5694375,1.7129931,-.14555627,.60839188,-1.3379824,1.0468699,-.21733409,1.0266489,-2.2295289,1.7948607
30.2,27,-.10007331,.61189044,-1.2993566,1.0992099,30.200001,32.768002,.06790375,.8613534,-1.6203179,1.7561255,-.1521973,.62514013,-1.3774495,1.0730549,-.22010106,1.0557173,-2.2892692,1.849067
30.3,27,-.11011995,.62835664,-1.3416762,1.1214364,30.299999,35.936996,.063440144,.88510084,-1.6713256,1.7982059,-.15902355,.64165729,-1.4166487,1.0986016,-.2224637,1.0844734,-2.3479924,1.9030651
30.4,27,-.12080533,.64461744,-1.3842323,1.1426215,30.4,39.304005,.058368709,.90861505,-1.722484,1.8392215,-.16604097,.65794426,-1.455588,1.1235061,-.22440968,1.1129209,-2.4056945,1.9568752
30.5,27,-.13214874,.66067272,-1.4270436,1.1627461,30.5,42.875,.052670993,.93189812,-1.7738158,1.8791577,-.17325526,.67400169,-1.4942744,1.1477638,-.22592625,1.1410635,-2.4623694,2.0105171
30.6,27,-.14416957,.67652357,-1.4701314,1.1817923,30.6,46.655994,.046328545,.95495349,-1.825346,1.9180031,-.18067221,.68983161,-1.5327173,1.1713729,-.22700076,1.1689066,-2.5180154,2.064014
30.7,27,-.15688722,.69217163,-1.5135187,1.1997442,30.700001,50.653004,.03932289,.97778589,-1.8771023,1.955748,-.18829764,.70543683,-1.5709285,1.1943331,-.22762054,1.196457,-2.5726333,2.1173923
30.8,27,-.17032096,.70761907,-1.5572288,1.2165869,30.799999,54.871998,.031635605,1.0004004,-1.9291131,1.9923843,-.19613725,.72082078,-1.6089201,1.2166456,-.22777286,1.2237231,-2.6262259,2.1706803
30.9,27,-.1844902,.72286987,-1.6012892,1.2323087,30.9,59.319004,.023248382,1.022805,-1.9814125,2.0279093,-.20419697,.73598915,-1.6467093,1.2383153,-.22744536,1.250716,-2.6788037,2.223913
31,27,-.19941427,.73792797,-1.6457266,1.2468981,31,64,.014142768,1.0450071,-2.0340335,2.062319,-.21248253,.75094759,-1.6843127,1.2593477,-.22662529,1.2774472,-2.730376,2.2771254
31.1,27,-.21511252,.75279844,-1.6905704,1.2603452,31.1,68.920998,.0043003079,1.0670162,-2.087013,2.0956137,-.2209997,.76570308,-1.7217503,1.2797508,-.22530001,1.3039305,-2.7809567,2.3303568
31.2,27,-.23160429,.76748723,-1.7358516,1.272643,31.200001,74.087982,-.006297376,1.0888429,-2.1403902,2.1277955,-.22975428,.78026408,-1.7590438,1.2995353,-.22345692,1.3301814,-2.8305645,2.3836508
31.3,27,-.2489091,.78200096,-1.7816029,1.2837846,31.299999,79.507011,-.017668981,1.1104985,-2.1942062,2.1588683,-.23875205,.79463971,-1.7962172,1.3187132,-.22108306,1.3562168,-2.8792191,2.437053
31.4,27,-.26704606,.79634863,-1.8278607,1.2937686,31.4,85.184006,-.029832486,1.1319978,-2.2485075,2.1888425,-.24799883,.80884171,-1.8332994,1.3373017,-.21816635,1.3820577,-2.9269495,2.4906168
31.5,27,-.28603464,.81053895,-1.8746617,1.3025925,31.5,91.125,-.042806517,1.153355,-2.3033409,2.2177279,-.25750041,.82288188,-1.8703194,1.3553184,-.2146939,1.407725,-2.9737842,2.5443964
31.6,27,-.30589417,.8245821,-1.9220455,1.3102571,31.6,97.335991,-.056609485,1.1745865,-2.3587568,2.245538,-.26726258,.83677411,-1.9073098,1.3727846,-.21065308,1.4332428,-3.0197573,2.5984511
31.7,27,-.32664406,.83848971,-1.9700537,1.3167655,31.700001,103.82299,-.071259849,1.1957105,-2.4148095,2.2722898,-.27729109,.85053355,-1.9443063,1.389724,-.20603125,1.4586371,-3.0649073,2.6528449
31.8,27,-.34830368,.85227394,-2.0187299,1.3221226,31.799999,110.59201,-.086776167,1.2167459,-2.4715543,2.298002,-.28759173,.86417663,-1.9813467,1.4061633,-.20081557,1.4839357,-3.1092761,2.7076449
31.9,27,-.37089229,.86594963,-2.0681224,1.3263378,31.9,117.64901,-.10317653,1.2377152,-2.5290537,2.3227007,-.29817036,.8777225,-2.0184748,1.4221342,-.19499384,1.5091708,-3.1529143,2.7629266
32,27,-.39442924,.87953168,-2.1182797,1.3294212,32,125,-.12047949,1.2586409,-2.5873704,2.3464112,-.30903274,.89119095,-2.0557349,1.4376695,-.18855324,1.5343752,-3.1958733,2.8187668
32.1,27,-.41893396,.89303631,-2.1692529,1.331385,32.099998,132.651,-.13870364,1.2795472,-2.6465702,2.3691628,-.32018456,.90460336,-2.0931747,1.4528055,-.18148091,1.5595838,-3.238209,2.8752472
32.2,27,-.44442573,.9064827,-2.2210991,1.3322477,32.200001,140.60799,-.15786703,1.3004625,-2.7067266,2.3909926,-.33163187,.91798449,-2.1308484,1.4675847,-.17376482,1.5848371,-3.2799883,2.9324586
32.3,27,-.47092411,.91988885,-2.2738731,1.3320249,32.299999,148.87701,-.17798863,1.3214128,-2.7679102,2.4119329,-.34338015,.93135816,-2.1688087,1.4820484,-.16539152,1.6101733,-3.3212733,2.9904902
32.4,27,-.49844813,.93327725,-2.3276379,1.3307416,32.400002,157.464,-.19908623,1.3424307,-2.8302021,2.4320297,-.35543546,.94475323,-2.2071178,1.4962468,-.15634921,1.6356387,-3.3621423,3.0494437
32.5,27,-.52701735,.9466688,-2.3824542,1.3284193,32.5,166.375,-.2211788,1.3635464,-2.8936806,2.451323,-.36780331,.95819724,-2.2458355,1.5102288,-.14662452,1.6612769,-3.4026675,3.1094186
32.6,27,-.55665112,.96008825,-2.4383895,1.3250873,32.599998,175.616,-.24428453,1.3847947,-2.9584324,2.4698634,-.38048965,.97172207,-2.2850299,1.5240506,-.13620514,1.6871382,-3.4429352,3.1705248
32.7,27,-.58736873,.973562,-2.4955151,1.3207778,32.700001,185.19298,-.26842156,1.4062129,-3.0245483,2.487705,-.39350042,.98536128,-2.3247731,1.5377723,-.12507883,1.7132751,-3.4830363,3.2328787
32.8,27,-.61918968,.98711556,-2.5539007,1.3155212,32.799999,195.11201,-.29360899,1.4278365,-3.0921173,2.5048993,-.40684113,.99914837,-2.3651359,1.5514537,-.11323213,1.7397393,-3.5230584,3.2965941
32.9,27,-.65213305,1.0007792,-2.6136243,1.3093581,32.900002,205.379,-.31986448,1.4497076,-3.1612391,2.5215101,-.4205178,1.0131216,-2.4061995,1.565164,-.10065331,1.76659,-3.5631061,3.3617995
33,27,-.68621844,1.0145817,-2.674762,1.3023251,33,216,-.34720707,1.4718657,-3.2320106,2.5375965,-.43453598,1.027318,-2.4480424,1.5789703,-.087328918,1.793884,-3.603277,3.4286191
33.1,27,-.72146511,1.0285556,-2.7373972,1.294467,33.099998,226.98099,-.37565488,1.494355,-3.3045368,2.5532272,-.44890159,1.0417789,-2.4907508,1.5929477,-.073246732,1.8216844,-3.6436822,3.4971888
33.2,27,-.75789237,1.0427352,-2.8016157,1.2858311,33.200001,238.32797,-.40522614,1.5172219,-3.3789265,2.5684743,-.46362057,1.0565474,-2.5344155,1.6071744,-.058394432,1.8500561,-3.6844375,3.5676486
33.3,27,-.79551983,1.0571537,-2.8675032,1.2764634,33.299999,250.04703,-.43593994,1.5405116,-3.4552872,2.5834072,-.47869849,1.071666,-2.5791252,1.6217282,-.042758554,1.8790631,-3.7256546,3.6401374
33.4,27,-.83436644,1.0718492,-2.9351523,1.2664193,33.400002,262.14401,-.46781385,1.5642743,-3.533735,2.5981073,-.49414131,1.0871817,-2.6249783,1.6366956,-.026327452,1.9087764,-3.7674606,3.7148056
33.5,27,-.87445182,1.0868579,-3.0046542,1.2557507,33.5,274.625,-.50086689,1.5885584,-3.6143842,2.6126504,-.50995457,1.1031404,-2.6720698,1.6521608,-.0090876482,1.9392642,-3.8099754,3.7918003
33.6,27,-.91579515,1.1022199,-3.0761065,1.2445163,33.599998,287.49597,-.53511733,1.6134167,-3.697356,2.6271214,-.52614421,1.1195912,-2.7205029,1.6682143,.0089731002,1.9705997,-3.8533311,3.8712773
33.7,27,-.9584161,1.1179763,-3.1496093,1.2327771,33.700001,300.763,-.57058346,1.638903,-3.7827744,2.6416075,-.54271621,1.136585,-2.7703819,1.6849494,.027867235,2.0028579,-3.8976622,3.9533966
33.8,27,-1.0023339,1.1341674,-3.2252612,1.2205935,33.799999,314.43204,-.60728407,1.6650699,-3.8707612,2.6561933,-.55967605,1.1541712,-2.8218102,1.702458,.047607969,2.0361121,-3.9430985,4.0383143
33.9,27,-1.0475676,1.1508374,-3.3031676,1.2080323,33.900002,328.50903,-.64523691,1.6919748,-3.9614465,2.6709728,-.57702976,1.1724033,-2.8748982,1.7208387,.068207145,2.0704412,-3.989783,4.1261973
34,27,-1.0941368,1.168029,-3.3834314,1.1951578,34,343,-.684461,1.7196722,-4.0549564,2.6860344,-.59478289,1.1913329,-2.9297523,1.7401867,.089678109,2.1059206,-4.0378499,4.2172065
34.1,27,-1.1420609,1.1857872,-3.466161,1.1820393,34.099998,357.91098,-.72497457,1.7482204,-4.1514235,2.7014744,-.61294132,1.2110138,-2.9864848,1.7606021,.11203323,2.1426294,-4.0874434,4.3115096
34.2,27,-1.191359,1.2041582,-3.5514657,1.1687477,34.200001,373.24796,-.76679581,1.7776784,-4.2509813,2.7173898,-.63151109,1.2315006,-3.045208,1.7821859,.13528475,2.1806481,-4.1387072,4.4092765
34.3,27,-1.2420511,1.223187,-3.6394536,1.1553514,34.299999,389.01703,-.80994391,1.808103,-4.3537607,2.7338729,-.65049767,1.2528464,-3.1060314,1.8050359,.15944622,2.2200537,-4.1917791,4.5106716
34.4,27,-1.2941558,1.2429212,-3.7302368,1.141925,34.400002,405.22403,-.85443628,1.8395549,-4.4598975,2.7510252,-.66990703,1.275106,-3.1690688,1.8292546,.18452923,2.2609274,-4.2468071,4.6158657
34.5,27,-1.3476927,1.2634065,-3.8239241,1.1285384,34.5,421.875,-.90029192,1.8720917,-4.5695243,2.7689402,-.68974477,1.2983322,-3.2344291,1.8549397,.21054715,2.3033464,-4.3039289,4.7250228
34.6,27,-1.4026814,1.2846905,-3.9206283,1.1152656,34.599998,438.97598,-.9475292,1.9057732,-4.682776,2.7877176,-.71001679,1.3225794,-3.3022246,1.8821911,.23751239,2.3473899,-4.3632874,4.8383121
34.7,27,-1.4591409,1.3068206,-4.020462,1.1021805,34.700001,456.53296,-.99616623,1.9406595,-4.799789,2.8074565,-.73072904,1.3479006,-3.3725657,1.9111075,.26543719,2.3931375,-4.4250259,4.9559002
34.8,27,-1.517091,1.3298428,-4.1235352,1.0893531,34.799999,474.55203,-1.0462222,1.976808,-4.9206948,2.8282502,-.75188714,1.3743471,-3.4455581,1.9417838,.29433507,2.4406638,-4.4892778,5.0779481
34.9,27,-1.5765505,1.3538046,-4.2299585,1.0768577,34.900002,493.039,-1.0977145,2.0142782,-5.0456271,2.850198,-.77349693,1.401971,-3.5213094,1.9743156,.32421759,2.4900463,-4.5561833,5.2046189
35,27,-1.6375391,1.3787509,-4.3398414,1.0647629,35,512,-1.1506623,2.0531263,-5.174716,2.8733914,-.79556406,1.4308212,-3.5999219,2.0087938,.35509831,2.5413582,-4.6258726,5.3360691
35.1,27,-1.7000762,1.4047278,-4.4532924,1.0531397,35.099998,531.44104,-1.205084,2.0934105,-5.3080935,2.8979254,-.81809449,1.460947,-3.6814981,2.0453091,.38698953,2.5946734,-4.6984768,5.472456
35.2,27,-1.7641808,1.4317805,-4.5704188,1.0420573,35.200001,551.36798,-1.2609973,2.1351871,-5.4458876,2.9238927,-.84109396,1.4923961,-3.7661366,2.0839486,.41990328,2.6500638,-4.7741261,5.6139326
35.3,27,-1.8298728,1.4599518,-4.6913257,1.03158,35.299999,571.78705,-1.3184216,2.1785102,-5.5882235,2.95138,-.86456829,1.5252137,-3.8539321,2.1247957,.45385334,2.7075975,-4.8529401,5.7606468
35.4,27,-1.8971705,1.4892852,-4.8161159,1.0217749,35.400002,592.70386,-1.3773739,2.2234344,-5.7352257,2.9804776,-.8885231,1.5594443,-3.9449778,2.1679316,.48885083,2.767343,-4.9350419,5.9127436
35.5,27,-1.9660952,1.5198224,-4.9448919,1.0127019,35.5,614.125,-1.4378749,2.2700121,-5.8870168,3.0112672,-.91296452,1.5951304,-4.0393629,2.2134337,.52491033,2.829366,-5.020545,6.0703654
35.6,27,-2.0366647,1.5516036,-5.0777516,1.0044224,35.599998,636.05609,-1.4999415,2.3182945,-6.0437155,3.0438325,-.9378981,1.6323129,-4.1371727,2.2613764,.56204331,2.8937292,-5.1095619,6.2336483
35.7,27,-2.1088979,1.5846685,-5.2147913,.99699527,35.700001,658.50293,-1.5635912,2.3683321,-6.2054367,3.0782545,-.96332961,1.6710308,-4.2384896,2.3118305,.60026163,2.9604948,-5.2022014,6.4027247
35.8,27,-2.182816,1.6190549,-5.3561053,.99047333,35.799999,681.47205,-1.6288447,2.4201729,-6.3722963,3.1146071,-.98926497,1.7113215,-4.3433933,2.3648634,.63957977,3.0297215,-5.2985654,6.5777249
35.9,27,-2.2584364,1.6547996,-5.5017843,.98491114,35.900002,704.96893,-1.6957183,2.4738643,-6.5444036,3.1529667,-1.0157099,1.7532204,-4.4519587,2.4205391,.68000853,3.1014664,-5.3987536,6.7587709
36,27,-2.3357801,1.6919376,-5.651917,.98035651,36,729,-1.7642322,2.5294516,-6.7218661,3.1934016,-1.0426701,1.7967616,-4.5642581,2.4789181,.72156209,3.1757839,-5.5028601,6.9459844
36.1,27,-2.414866,1.7305028,-5.8065891,.97685724,36.099998,753.57111,-1.8344041,2.5869787,-6.904789,3.2359807,-1.0701516,1.8419772,-4.6803608,2.5400574,.76425248,3.252727,-5.6109757,7.1394806
36.2,27,-2.495712,1.7705277,-5.9658828,.97445858,36.200001,778.68793,-1.9062512,2.646488,-7.0932727,3.2807701,-1.0981598,1.8888977,-4.8003311,2.6040115,.80809134,3.3323462,-5.723187,7.3393698
36.3,27,-2.5783398,1.8120434,-6.12988,.97319996,36.299999,804.35706,-1.9797941,2.7080209,-7.2874174,3.3278291,-1.126701,1.9375521,-4.9242334,2.6708314,.85309321,3.4146898,-5.8395758,7.5457621
36.4,27,-2.6627669,1.8550794,-6.2986555,.97312194,36.400002,830.58392,-2.0550494,2.7716162,-7.4873171,3.3772185,-1.1557806,1.9879678,-5.0521259,2.7405648,.89926875,3.499804,-5.9602213,7.7587585
36.5,27,-2.7490137,1.8996638,-6.4722867,.97425896,36.5,857.375,-2.1320369,2.837312,-7.6930661,3.4289925,-1.1854045,2.0401711,-5.1840663,2.8132575,.94663239,3.5877337,-6.0851965,7.9784613
36.6,27,-2.8370996,1.9458239,-6.6508441,.97664535,36.599998,884.73608,-2.2107744,2.9051447,-7.9047537,3.4832048,-1.2155786,2.0941865,-5.3201084,2.8889515,.99519587,3.6785214,-6.2145734,8.2049656
36.7,27,-2.9270425,1.9935851,-6.8343973,.98031265,36.700001,912.67291,-2.2912796,2.9751496,-8.1224651,3.5399065,-1.2463084,2.1500373,-5.4603038,2.9676869,1.0449711,3.7722077,-6.3484201,8.4383621
36.8,27,-3.0188639,2.0429723,-7.023016,.98528826,36.799999,941.19208,-2.3735726,3.0473602,-8.3462887,3.5991437,-1.2776002,2.2077463,-5.6047029,3.0495028,1.0959724,3.8688326,-6.4868002,8.6787453
36.9,27,-3.1125808,2.0940082,-7.2167616,.99159974,36.900002,970.29889,-2.4576697,3.1218088,-8.5763025,3.6609631,-1.3094592,2.2673337,-5.7533517,3.1344333,1.1482105,3.9684327,-6.6297746,8.9261951
37,27,-3.208215,2.1467156,-7.4157004,.9992702,37,1000,-2.5435915,3.1985269,-8.8125887,3.7254057,-1.3418916,2.3288209,-5.9062967,3.2225134,1.2017,4.0710454,-6.7774019,9.1808023
37.1,27,-3.3057656,2.2011058,-7.6198535,1.0083225,37.099998,1030.2952,-2.6313374,3.2775302,-9.0551786,3.7925041,-1.3748974,2.3922148,-6.0635524,3.3137574,1.2564399,4.1766858,-6.9297132,9.4425936
37.2,27,-3.4051533,2.2571473,-7.8290811,1.0187743,37.200001,1061.1599,-2.7208316,3.3587749,-9.3039093,3.8622465,-1.408453,2.4574716,-6.2250085,3.4081028,1.3123786,4.2852869,-7.0866289,9.7113867
37.3,27,-3.5062845,2.3147957,-8.0432005,1.0306319,37.299999,1092.5651,-2.8119853,3.4421983,-9.5585699,3.9345992,-1.4425299,2.5245323,-6.3905225,3.5054626,1.3694552,4.3967576,-7.2480311,9.9869413
37.4,27,-3.6090596,2.3739991,-8.2620125,1.0438933,37.400002,1124.4799,-2.9047031,3.5277281,-9.818923,4.0095167,-1.4770989,2.5933309,-6.5599341,3.6057363,1.4276043,4.5109949,-7.4137831,10.268991
37.5,27,-3.7133842,2.4347029,-8.4853144,1.0585456,37.5,1156.875,-2.9988964,3.6152897,-10.084734,4.0869412,-1.5121315,2.663799,-6.7330813,3.7088187,1.4867649,4.627893,-7.5837383,10.557268
37.6,27,-3.8191607,2.4968467,-8.7128906,1.0745691,37.599998,1189.7202,-3.0944712,3.7048006,-10.355747,4.1668043,-1.5475982,2.7358627,-6.9097905,3.814594,1.5468729,4.7473364,-7.7577357,10.851481
37.7,27,-3.9262905,2.5603669,-8.9445171,1.0919365,37.700001,1222.985,-3.191334,3.7961736,-10.631697,4.2490292,-1.5834701,2.8094444,-7.08988,3.9229398,1.6078638,4.869205,-7.9356027,11.15133
37.8,27,-4.0346794,2.6251979,-9.1799726,1.1106139,37.799999,1256.6401,-3.2893953,3.8893194,-10.912321,4.3335304,-1.6197186,2.8844662,-7.2731681,4.033731,1.6696768,4.9933758,-8.1171598,11.456513
37.9,27,-4.1442289,2.6912694,-9.4190197,1.1305623,37.900002,1290.6549,-3.3885608,3.9841425,-11.197337,4.4202151,-1.6563143,2.9608443,-7.4594626,4.1468339,1.7322465,5.1197186,-8.3022175,11.76671
38,27,-4.2548437,2.7585106,-9.6614246,1.1517379,38,1325,-3.4887404,4.0805469,-11.486465,4.5089846,-1.6932286,3.0384963,-7.648572,4.2621145,1.7955118,5.2481031,-8.4905806,12.081605
38.1,27,-4.366426,2.8268473,-9.9069452,1.1740928,38.099998,1359.6451,-3.5898414,4.178432,-11.779417,4.5997343,-1.7304325,3.1173358,-7.8402982,4.3794332,1.8594089,5.3783927,-8.6820478,12.400866
38.2,27,-4.4788785,2.8962033,-10.155333,1.1975756,38.200001,1394.5598,-3.6917696,4.2776933,-12.075894,4.6923552,-1.7678968,3.1972742,-8.0344391,4.4986453,1.9238729,5.5104489,-8.8764086,12.724154
38.3,27,-4.5921063,2.9665029,-10.406344,1.2221324,38.299999,1429.715,-3.7944365,4.3782291,-12.375607,4.7867346,-1.8055929,3.2782249,-8.2307959,4.6196103,1.9888436,5.6441336,-9.0734549,13.051143
38.4,27,-4.7060103,3.0376666,-10.659728,1.2477067,38.400002,1465.0798,-3.8977468,4.4799309,-12.67825,4.8827562,-1.8434916,3.3600974,-8.4291611,4.7421784,2.0542552,5.7793036,-9.2729712,13.381482
38.5,27,-4.8204966,3.1096165,-10.915233,1.2742398,38.5,1500.625,-4.0016112,4.5826926,-12.983523,4.9803009,-1.8815641,3.4428024,-8.6293325,4.8662047,2.1200469,5.9158163,-9.47474,13.714834
38.6,27,-4.9354663,3.182272,-11.172605,1.301672,38.599998,1536.3202,-4.1059361,4.6864042,-13.29112,5.0792475,-1.9197814,3.5262485,-8.8311014,4.9915385,2.1861544,6.0535274,-9.6785412,14.05085
38.7,27,-5.0508218,3.2555513,-11.431585,1.3299415,38.700001,1572.1349,-4.2106271,4.7909546,-13.600726,5.1794715,-1.9581143,3.6103435,-9.0342569,5.1180291,2.2525132,6.1922884,-9.8841496,14.389175
38.8,27,-5.1664696,3.3293757,-11.691926,1.3589871,38.799999,1608.0402,-4.3155971,4.8962364,-13.912045,5.2808499,-1.9965343,3.6949983,-9.2385979,5.2455292,2.3190627,6.3319583,-10.091348,14.729473
38.9,27,-5.2823091,3.4036615,-11.953362,1.3887451,38.900002,1644.0049,-4.4207492,5.0021353,-14.224753,5.3832555,-2.0350118,3.7801187,-9.4439087,5.3738847,2.3857372,6.4723854,-10.299905,15.071379
39,27,-5.3982463,3.4783289,-12.215646,1.419153,39,1680,-4.5259948,5.1085415,-14.538551,5.4865623,-2.0735188,3.8656154,-9.6499853,5.5029483,2.452476,6.6134262,-10.509601,15.414553
39.1,27,-5.5142002,3.5533059,-12.478552,1.4501514,39.099998,1716.0002,-4.6312561,5.2153573,-14.853168,5.5906568,-2.1120305,3.9514079,-9.8566475,5.6325865,2.5192256,6.754952,-10.720238,15.758689
39.2,27,-5.6301522,3.6285625,-12.742004,1.4816993,39.200001,1751.9999,-4.7365155,5.3225427,-15.168508,5.695477,-2.1505418,4.0374641,-10.063827,5.762743,2.5859737,6.8969126,-10.931726,16.103674
39.3,27,-5.7461057,3.7040834,-13.005976,1.5137643,39.299999,1788,-4.8417764,5.430079,-15.484535,5.800983,-2.1890533,4.1237707,-10.271496,5.8933892,2.6527231,7.0392852,-11.144023,16.449469
39.4,27,-5.8620582,3.7798514,-13.270431,1.5463142,39.400002,1823.9998,-4.9470358,5.5379429,-15.801205,5.9071326,-2.2275648,4.21031,-10.479621,6.0244913,2.7194712,7.1820421,-11.357073,16.796015
39.5,27,-5.9780121,3.8558536,-13.535346,1.5793217,39.5,1860,-5.0522971,5.6461182,-16.118484,6.0138907,-2.2660766,4.29707,-10.688179,6.1560259,2.7862208,7.3251648,-11.570838,17.14328
39.6,27,-6.093966,3.9320753,-13.800692,1.6127596,39.599998,1896.0002,-5.1575584,5.7545857,-16.43634,6.121222,-2.3045881,4.3840365,-10.897141,6.2879653,2.8529704,7.4686294,-11.785274,17.491215
39.7,27,-6.209918,4.0085025,-14.066439,1.6466026,39.700001,1931.9999,-5.2628179,5.863328,-16.75473,6.2290936,-2.3430996,4.4711957,-11.106482,6.4202828,2.9197185,7.6124148,-12.00034,17.839777
39.8,27,-6.3258719,4.0851264,-14.332573,1.6808293,39.799999,1968,-5.3680787,5.972333,-17.073637,6.3374782,-2.3816111,4.5585394,-11.316184,6.5529613,2.9864678,7.7565069,-12.216006,18.188942
39.9,27,-6.441824,4.1619344,-14.599066,1.7154174,39.900002,2003.9998,-5.4733386,6.0815835,-17.393024,6.4463463,-2.4201224,4.6460547,-11.526222,6.6859775,3.053216,7.9008861,-12.432237,18.538668
40,27,-6.5577779,4.2389178,-14.865905,1.7503483,40,2040,-5.5785999,6.1910701,-17.712873,6.5556746,-2.4586341,4.7337351,-11.736584,6.8193154,3.1199656,8.0455408,-12.649004,18.888935
40.1,27,-6.6737323,4.3160667,-15.133067,1.7856033,40.099998,2076.0002,-5.6838613,6.3007784,-18.033159,6.6654372,-2.4971459,4.8215694,-11.947248,6.9529567,3.1867154,8.1904526,-12.866278,19.239708
40.2,27,-6.7896843,4.3933711,-15.400534,1.8211644,40.200001,2112,-5.7891207,6.4106956,-18.353853,6.7756114,-2.5356574,4.9095488,-12.158196,7.0868816,3.2534635,8.3356085,-13.084029,19.590956
40.3,27,-6.9056377,4.4708242,-15.668292,1.8570168,40.299999,2148,-5.8943815,6.5208135,-18.67494,6.886178,-2.5741689,4.9976673,-12.369417,7.2210789,3.3202126,8.4809971,-13.302237,19.942661
40.4,27,-7.0215902,4.5484176,-15.936325,1.893145,40.400002,2183.9998,-5.9996409,6.6311202,-18.996399,6.9971156,-2.6126802,5.085916,-12.580893,7.3555322,3.3869607,8.626606,-13.520876,20.294798
40.5,27,-7.1375442,4.6261463,-16.204624,1.929536,40.5,2220,-6.1049023,6.7416091,-19.318214,7.1084089,-2.6511919,5.1742911,-12.792616,7.490232,3.4537103,8.7724257,-13.739928,20.64735
40.6,27,-7.2534981,4.7040019,-16.473171,1.9661763,40.599998,2256.0002,-6.2101636,6.8522701,-19.640366,7.2200389,-2.6897037,5.262784,-13.004571,7.6251636,3.5204601,8.9184456,-13.959372,21.000292
40.7,27,-7.3694506,4.7819772,-16.741953,2.0030527,40.700001,2292,-6.3154235,6.9630928,-19.962835,7.3319879,-2.7282152,5.351388,-13.216743,7.7603126,3.5872083,9.0646524,-14.179184,21.353601
40.8,27,-7.4854045,4.8600688,-17.010963,2.0401556,40.799999,2328.0002,-6.4206848,7.0740733,-20.285614,7.4442439,-2.766727,5.4401002,-13.429128,7.8956738,3.6539578,9.2110424,-14.399354,21.70727
40.9,27,-7.6013551,4.9382677,-17.280182,2.077472,40.900002,2363.9995,-6.5259428,7.1851993,-20.608675,7.5567889,-2.8052378,5.5289116,-13.641706,8.03123,3.720705,9.3576002,-14.619855,22.061264
41,27,-7.71731,5.0165744,-17.549614,2.114995,41,2400,-6.6312051,7.2964711,-20.932026,7.6696153,-2.8437498,5.6178231,-13.854481,8.1669807,3.7874551,9.5043278,-14.840685,22.415596
41.1,27,-7.8332639,5.0949798,-17.819241,2.1527131,41.099998,2436.0002,-6.7364664,7.4078774,-21.25564,7.7827067,-2.8822615,5.7068262,-14.067435,8.3029127,3.8542049,9.6512108,-15.061821,22.770231
41.2,27,-7.9492164,5.1734796,-18.08905,2.1906168,41.200001,2472,-6.8417258,7.519412,-21.579502,7.8960505,-2.920773,5.7959161,-14.28056,8.4390144,3.920953,9.7982416,-15.283247,23.125153
41.3,27,-8.0651703,5.2520709,-18.359039,2.2286997,41.299999,2508.0002,-6.9469872,7.6310716,-21.903612,8.0096378,-2.9592848,5.8850918,-14.493853,8.5752831,3.9877026,9.9454174,-15.504957,23.480362
41.4,27,-8.1811209,5.3307471,-18.629194,2.2669513,41.400002,2543.9995,-7.0522456,7.742847,-22.227945,8.123455,-2.9977956,5.9743447,-14.707296,8.7117052,4.05445,10.092726,-15.726929,23.835829
41.5,27,-8.2970762,5.4095092,-18.899519,2.3053677,41.5,2580,-7.1575074,7.8547392,-22.552513,8.2374983,-3.0363076,6.0636778,-14.920898,8.8482828,4.1212001,10.24017,-15.949165,24.191565
41.6,27,-8.4130297,5.4883504,-19.169998,2.3439395,41.599998,2616.0002,-7.2627687,7.9667397,-22.877291,8.3517532,-3.0748193,6.1530838,-15.134643,8.9850035,4.1879497,10.387739,-16.171644,24.547544
41.7,27,-8.5289822,5.5672665,-19.440624,2.3826597,41.700001,2652,-7.3680286,8.0788422,-23.202269,8.4662113,-3.1133306,6.242559,-15.348521,9.1218596,4.2546978,10.535426,-16.394358,24.903753
41.8,27,-8.6449356,5.646256,-19.711393,2.4215233,41.799999,2688,-7.473289,8.1910458,-23.527443,8.5808659,-3.1518421,6.3321018,-15.562534,9.2588491,4.3214469,10.683228,-16.617296,25.260191
41.9,27,-8.7608871,5.7253146,-19.982298,2.4605231,41.900002,2723.9995,-7.578548,8.3033428,-23.852802,8.6957054,-3.1903534,6.4217081,-15.77667,9.3959627,4.3881946,10.83114,-16.84045,25.616838
42,27,-8.8768415,5.8044424,-20.25334,2.499656,42,2760,-7.6838102,8.4157362,-24.17835,8.810729,-3.2288654,6.5113788,-15.990933,9.5332022,4.4549446,10.979161,-17.063816,25.973705
42.1,27,-8.9927959,5.8836336,-20.524506,2.5389147,42.099998,2796.0002,-7.7890716,8.5282164,-24.504068,8.9259253,-3.2673771,6.6011081,-16.205311,9.670557,4.5216942,11.127283,-17.28738,26.330769
42.2,27,-9.1087484,5.9628859,-20.79579,2.5782936,42.200001,2832,-7.894331,8.6407795,-24.829948,9.0412865,-3.3058884,6.6908927,-16.419798,9.8080206,4.5884428,11.2755,-17.511133,26.688017
42.3,27,-9.2247009,6.0421982,-21.067192,2.6177893,42.299999,2868,-7.9995918,8.7534256,-25.155991,9.1568079,-3.3443999,6.7807331,-16.634392,9.9455929,4.6551919,11.423813,-17.735071,27.045454
42.4,27,-9.3406525,6.1215658,-21.338701,2.6573961,42.400002,2903.9995,-8.1048508,8.8661489,-25.482182,9.272481,-3.3829112,6.8706241,-16.849087,10.083265,4.7219396,11.572213,-17.959183,27.403061
42.5,27,-9.4566078,6.2009912,-21.610327,2.6971118,42.5,2940,-8.2101126,8.9789505,-25.808531,9.3883057,-3.4214232,6.9605689,-17.063887,10.221041,4.7886896,11.720705,-18.18347,27.760849
42.6,27,-9.5725613,6.2804685,-21.882053,2.7369308,42.599998,2976.0002,-8.3153744,9.0918236,-26.135021,9.5042725,-3.4599349,7.0505614,-17.278782,10.358912,4.8554392,11.869279,-18.407921,28.118799
42.7,27,-9.6885138,6.3599958,-22.153877,2.7768486,42.700001,3012,-8.4206333,9.2047653,-26.461643,9.6203747,-3.4984462,7.1405993,-17.493763,10.496871,4.9221873,12.017932,-18.632526,28.4769
42.8,27,-9.8044672,6.4395723,-22.425797,2.8168626,42.799999,3048,-8.5258942,9.3177757,-26.788399,9.7366104,-3.5369577,7.2306828,-17.708836,10.63492,4.9889364,12.166662,-18.857285,28.835157
42.9,27,-9.9204187,6.5191946,-22.697805,2.8569682,42.900002,3083.9995,-8.6311531,9.4308491,-27.115278,9.852972,-3.575469,7.3208079,-17.923988,10.773051,5.0556841,12.315466,-19.082186,29.193554
43,27,-10.036373,6.598865,-22.969912,2.8971643,43,3120,-8.7364149,9.5439892,-27.442289,9.9694595,-3.613981,7.4109778,-18.139231,10.911269,5.1224341,12.464346,-19.307236,29.552103
43.1,27,-10.152328,6.6785793,-23.242104,2.9374464,43.099998,3156.0005,-8.8416777,9.6571894,-27.769421,10.086065,-3.6524928,7.5011878,-18.354551,11.049565,5.1891847,12.613296,-19.532421,29.910789
43.2,27,-10.268282,6.7583346,-23.514376,2.9778106,43.200001,3192.0007,-8.9469385,9.7704468,-28.096663,10.202785,-3.6910048,7.5914359,-18.569946,11.187937,5.2559338,12.762311,-19.757736,30.269604
43.3,27,-10.384231,6.8381276,-23.786715,3.0182528,43.299999,3227.9993,-9.0521946,9.8837557,-28.424,10.31961,-3.7295148,7.6817174,-18.785404,11.326374,5.3226795,12.911384,-19.983168,30.628527
43.4,27,-10.500185,6.917963,-24.059143,3.058774,43.400002,3263.9995,-9.1574554,9.9971237,-28.751459,10.436547,-3.7680268,7.7720389,-19.000942,11.46489,5.3894291,13.060526,-20.208733,30.987589
43.5,27,-10.616139,6.9978375,-24.33165,3.0993705,43.5,3300,-9.2627182,10.110546,-29.079025,10.553589,-3.8065386,7.8623962,-19.216553,11.603475,5.4561791,13.20973,-20.434416,31.346775
43.6,27,-10.732094,7.0777488,-24.604227,3.140039,43.599998,3336.0005,-9.36798,10.22402,-29.406691,10.670731,-3.8450506,7.9527874,-19.432228,11.742126,5.5229292,13.358993,-20.660215,31.706074
43.7,27,-10.848048,7.1576948,-24.876873,3.1807764,43.700001,3372.0007,-9.4732409,10.337541,-29.734449,10.787967,-3.8835626,8.04321,-19.647964,11.880839,5.5896783,13.50831,-20.886124,32.065479
43.8,27,-10.963997,7.2376714,-25.149572,3.2215788,43.799999,3407.9993,-9.5784969,10.451105,-30.062286,10.905292,-3.9220726,8.1336594,-19.863752,12.019608,5.6564245,13.657676,-21.112127,32.424976
43.9,27,-11.07995,7.3176851,-25.42235,3.2624485,43.900002,3443.9995,-9.6837587,10.56472,-30.390228,11.022713,-3.9605844,8.224144,-20.079611,12.158442,5.7231736,13.8071,-21.338245,32.784595
44,27,-11.195906,7.3977313,-25.695192,3.3033819,44,3480,-9.7890205,10.678381,-30.718262,11.140222,-3.9990964,8.3146591,-20.295528,12.297337,5.7899237,13.956578,-21.564466,33.144314
44.1,27,-11.31186,7.477809,-25.968096,3.3443761,44.099998,3516.0005,-9.8942823,10.792085,-31.046381,11.257815,-4.0376086,8.4052029,-20.511503,12.436286,5.8566742,14.106105,-21.790785,33.504131
44.2,27,-11.427814,7.5579157,-26.241056,3.3854287,44.200001,3552.0007,-9.9995432,10.90583,-31.374577,11.37549,-4.0761204,8.4957733,-20.72753,12.575289,5.9234233,14.255679,-22.017193,33.86404
44.3,27,-11.543761,7.6380472,-26.514059,3.4265358,44.299999,3587.999,-10.104799,11.019609,-31.702837,11.493238,-4.1146302,8.5863647,-20.943596,12.714335,5.9901686,14.405291,-22.243683,34.224018
44.4,27,-11.659717,7.7182121,-26.787134,3.4677012,44.400002,3623.9995,-10.210061,11.133435,-32.031193,11.611071,-4.1531425,8.6769876,-21.159727,12.853442,6.0569186,14.554956,-22.470272,34.58411
44.5,27,-11.775671,7.7984042,-27.060263,3.5089207,44.5,3660,-10.315323,11.247299,-32.359623,11.728978,-4.1916542,8.7676363,-21.375906,12.992598,6.1236687,14.704667,-22.696949,34.944286
44.6,27,-11.891626,7.8786235,-27.333445,3.5501921,44.599998,3696.0005,-10.420585,11.3612,-32.688129,11.846958,-4.2301664,8.8583097,-21.592134,13.131802,6.1904187,14.85442,-22.923708,35.304546
44.7,27,-12.00758,7.9588671,-27.606672,3.5915132,44.700001,3732.0007,-10.525846,11.475136,-33.016701,11.965007,-4.2686782,8.9490051,-21.808407,13.271049,6.2571678,15.004211,-23.150545,35.664883
44.8,27,-12.123528,8.0391312,-27.879936,3.6328809,44.799999,3767.999,-10.631102,11.589101,-33.345322,12.083118,-4.307188,9.0397186,-22.024712,13.410335,6.3239136,15.154035,-23.377449,36.025276
44.9,27,-12.239482,8.1194248,-28.153263,3.6742988,44.900002,3803.9995,-10.736363,11.703106,-33.67403,12.201303,-4.3457003,9.1304598,-22.241074,13.549672,6.3906631,15.303906,-23.604443,36.385769
45,27,-12.355437,8.1997423,-28.426638,3.7157631,45,3840,-10.841625,11.817144,-34.002804,12.319551,-4.384212,9.2212229,-22.457478,13.689053,6.4574137,15.453816,-23.831511,36.746338
45.1,27,-12.471391,8.2800817,-28.700052,3.7572715,45.099998,3876,-10.946886,11.931213,-34.331635,12.437861,-4.4227233,9.312006,-22.67392,13.828472,6.5241628,15.60376,-24.058645,37.106972
45.2,27,-12.587347,8.360445,-28.973518,3.7988243,45.200001,3912.001,-11.05215,12.045316,-34.660534,12.556235,-4.461236,9.4028111,-22.890408,13.967935,6.5909133,15.753743,-24.285856,37.467682
45.3,27,-12.703294,8.4408226,-29.247002,3.8404157,45.299999,3947.999,-11.157404,12.159439,-34.989468,12.674659,-4.4997458,9.4936285,-23.106915,14.107424,6.6576581,15.903749,-24.513115,37.82843
45.4,27,-12.819251,8.5212297,-29.520554,3.8820519,45.400002,3984.0002,-11.262669,12.273602,-35.318485,12.79315,-4.5382586,9.5844727,-23.323481,14.246964,6.7244096,16.053801,-24.740461,38.189281
45.5,27,-12.935203,8.6016531,-29.794132,3.9237266,45.5,4020,-11.367929,12.387789,-35.647549,12.911692,-4.5767698,9.6753321,-23.540073,14.386534,6.7911582,16.203878,-24.967861,38.550179
45.6,27,-13.051156,8.6820965,-30.067753,3.9654403,45.599998,4056,-11.473188,12.502004,-35.976665,13.030289,-4.6152811,9.7662106,-23.756702,14.52614,6.8579073,16.353991,-25.195324,38.91114
45.7,27,-13.167112,8.7625618,-30.341417,4.0071926,45.700001,4092.001,-11.578452,12.616249,-36.305847,13.148942,-4.6537938,9.8571091,-23.973373,14.665785,6.9246583,16.504137,-25.422853,39.272171
45.8,27,-13.283059,8.8430386,-30.615097,4.0489779,45.799999,4127.999,-11.683706,12.730511,-36.635048,13.267636,-4.6923037,9.9480171,-24.190058,14.805451,6.9914031,16.654299,-25.650423,39.633228
45.9,27,-13.399015,8.9235411,-30.888834,4.0908027,45.900002,4164,-11.78897,12.844808,-36.964333,13.386391,-4.7308159,10.038949,-24.406796,14.945163,7.0581541,16.804504,-25.878069,39.994377
46,27,-13.514969,9.0040579,-31.1626,4.1326613,46,4200,-11.894231,12.959126,-37.293652,13.505191,-4.7693276,10.129895,-24.623556,15.084902,7.1249032,16.954735,-26.105764,40.355572
46.1,27,-13.630922,9.0845928,-31.436398,4.1745534,46.099998,4236,-11.999491,13.073469,-37.62302,13.624039,-4.8078389,10.220857,-24.840349,15.224671,7.1916523,17.10499,-26.333513,40.71682
46.2,27,-13.746879,9.1651468,-31.710236,4.2164798,46.200001,4272.001,-12.104754,13.18784,-37.952446,13.742935,-4.8463516,10.311836,-25.057178,15.364475,7.2584028,17.25528,-26.561321,41.078129
46.3,27,-13.862825,9.2457104,-31.984085,4.2584338,46.299999,4307.999,-12.21001,13.302222,-38.281887,13.861867,-4.8848615,10.402822,-25.274019,15.504296,7.3251481,17.405581,-26.789162,41.439457
46.4,27,-13.978782,9.3262968,-32.257988,4.3004231,46.400002,4344,-12.315272,13.416636,-38.611397,13.980852,-4.9233737,10.493832,-25.490906,15.644157,7.3918986,17.55592,-27.017073,41.800869
46.5,27,-14.094735,9.4068956,-32.53191,4.342442,46.5,4380,-12.420533,13.531071,-38.940945,14.099877,-4.9618855,10.584852,-25.707813,15.784043,7.4586477,17.70628,-27.245024,42.162319
46.6,27,-14.210687,9.4875088,-32.805862,4.38449,46.599998,4415.9995,-12.525792,13.645524,-39.270527,14.218943,-5.0003963,10.675885,-25.924746,15.923954,7.5253959,17.856663,-27.473021,42.523811
46.7,27,-14.326644,9.5681419,-33.079857,4.426569,46.700001,4452.001,-12.631057,13.760004,-39.60017,14.338055,-5.0389094,10.766936,-26.141718,16.063898,7.5921478,18.007078,-27.701075,42.885372
46.8,27,-14.442591,9.6487808,-33.353855,4.4686713,46.799999,4487.999,-12.736312,13.874493,-39.929817,14.457195,-5.0774193,10.857992,-26.358692,16.203856,7.6588926,18.157499,-27.929153,43.246941
46.9,27,-14.558548,9.7294407,-33.627899,4.5108056,46.900002,4524,-12.841575,13.989012,-40.259533,14.576384,-5.1159315,10.949068,-26.575712,16.343847,7.7256436,18.307959,-28.157295,43.608582
47,27,-14.6745,9.810112,-33.901966,4.5529652,47,4560,-12.946836,14.103546,-40.589279,14.695607,-5.1544433,11.040154,-26.792749,16.483862,7.7923927,18.458433,-28.385473,43.970257
