temp,ref,yhat_comm,se_comm,lowerci_comm,upperci_comm,tmax_rcspl_3kn_t0,tmax_rcspl_3kn_t1,yhat_low,se_low,lowerci_low,upperci_low,yhat_high,se_high,lowerci_high,upperci_high,yhat_marg,se_marg,lowerci_marg,upperci_marg
-20,27,-18.822247,11.509455,-41.380363,3.7358692,-20,0,-3.0946465,10.846859,-24.354099,18.164806,-151.63179,75.111443,-298.8475,-4.4160619,-148.53714,75.883186,-297.26544,.19117087
-19.9,27,-18.7822,11.484966,-41.29232,3.7279205,-19.9,0,-3.088062,10.82378,-24.30228,18.126158,-151.30917,74.95163,-298.21167,-4.4066663,-148.2211,75.721733,-296.63297,.19076413
-19.8,27,-18.742153,11.460478,-41.204277,3.7199719,-19.799999,0,-3.0814776,10.800702,-24.250463,18.087509,-150.98654,74.791817,-297.57581,-4.3972702,-147.90506,75.56028,-296.00049,.19035737
-19.7,27,-18.702106,11.43599,-41.116234,3.7120233,-19.700001,0,-3.0748935,10.777623,-24.198647,18.048861,-150.66393,74.632011,-296.93997,-4.3878746,-147.58904,75.398827,-295.36801,.18995063
-19.6,27,-18.662058,11.411502,-41.028191,3.7040746,-19.6,0,-3.0683091,10.754545,-24.14683,18.010212,-150.34131,74.472198,-296.30414,-4.3784785,-147.27299,75.237373,-294.73553,.18954389
-19.5,27,-18.622011,11.387013,-40.940147,3.696126,-19.5,0,-3.0617247,10.731466,-24.095013,17.971563,-150.01869,74.312386,-295.66827,-4.3690829,-146.95695,75.07592,-294.10306,.18913713
-19.4,27,-18.581963,11.362525,-40.852104,3.6881771,-19.4,0,-3.0551403,10.708388,-24.043196,17.932915,-149.69606,74.152573,-295.03244,-4.3596869,-146.64091,74.914467,-293.47058,.18873039
-19.3,27,-18.541916,11.338037,-40.764061,3.6802285,-19.299999,0,-3.0485559,10.685309,-23.991377,17.894266,-149.37344,73.99276,-294.39658,-4.3502908,-146.32489,74.753014,-292.8381,.18832365
-19.2,27,-18.501869,11.313549,-40.676018,3.6722801,-19.200001,0,-3.0419717,10.662231,-23.939562,17.855618,-149.05083,73.832954,-293.76074,-4.3408952,-146.00885,74.59156,-292.20563,.1879169
-19.1,27,-18.461823,11.289061,-40.587975,3.6643312,-19.1,0,-3.0353873,10.639153,-23.887743,17.816969,-148.7282,73.673141,-293.12491,-4.3314991,-145.69281,74.430107,-291.57315,.18751015
-19,27,-18.421774,11.264573,-40.499931,3.6563826,-19,0,-3.0288029,10.616075,-23.835926,17.77832,-148.40558,73.513329,-292.48904,-4.3221035,-145.37679,74.268654,-290.94067,.18710341
-18.9,27,-18.381727,11.240085,-40.411888,3.6484339,-18.9,0,-3.0222185,10.592996,-23.784109,17.739672,-148.08296,73.353516,-291.85321,-4.3127074,-145.06075,74.107193,-290.30817,.18669666
-18.8,27,-18.341679,11.215596,-40.323845,3.6404853,-18.799999,0,-3.0156341,10.569918,-23.732292,17.701023,-147.76033,73.193703,-291.21738,-4.3033113,-144.74471,73.94574,-289.67569,.18628991
-18.7,27,-18.301632,11.191108,-40.235802,3.6325366,-18.700001,0,-3.0090499,10.54684,-23.680475,17.662374,-147.43771,73.033897,-290.58151,-4.2939157,-144.42867,73.784294,-289.04321,.18588316
-18.6,27,-18.261585,11.16662,-40.147758,3.624588,-18.6,0,-3.0024655,10.523761,-23.628658,17.623726,-147.1151,72.874084,-289.94568,-4.2845197,-144.11264,73.622841,-288.41074,.18547642
-18.5,27,-18.221537,11.142132,-40.059715,3.6166394,-18.5,0,-2.9958811,10.500682,-23.576839,17.585077,-146.79248,72.714272,-289.30981,-4.2751241,-143.7966,73.46138,-287.77826,.18506968
-18.4,27,-18.18149,11.117643,-39.971672,3.6086907,-18.4,0,-2.9892967,10.477604,-23.525023,17.546429,-146.46985,72.554459,-288.67398,-4.265728,-143.48056,73.299927,-287.14578,.18466292
-18.3,27,-18.141443,11.093155,-39.883625,3.6007419,-18.299999,0,-2.9827125,10.454525,-23.473206,17.50778,-146.14723,72.394646,-288.03815,-4.2563319,-143.16452,73.138474,-286.51331,.18425618
-18.2,27,-18.101397,11.068667,-39.795586,3.5927935,-18.200001,0,-2.9761281,10.431447,-23.421389,17.469133,-145.82462,72.23484,-287.40228,-4.2469363,-142.8485,72.97702,-285.88083,.18384944
-18.1,27,-18.061348,11.044179,-39.707542,3.5848448,-18.1,0,-2.9695437,10.408369,-23.369572,17.430485,-145.502,72.075027,-286.76645,-4.2375402,-142.53246,72.815567,-285.24835,.18344268
-18,27,-18.021301,11.019691,-39.619499,3.576896,-18,0,-2.9629593,10.38529,-23.317755,17.391836,-145.17937,71.915215,-286.13062,-4.2281446,-142.21642,72.654114,-284.61588,.18303594
-17.9,27,-17.981253,10.995202,-39.531452,3.5689473,-17.9,0,-2.9563751,10.362211,-23.265936,17.353188,-144.85675,71.755402,-285.49475,-4.2187486,-141.90038,72.492661,-283.98337,.1826292
-17.8,27,-17.941206,10.970714,-39.443409,3.5609987,-17.799999,0,-2.9497907,10.339133,-23.214119,17.314539,-144.53413,71.595589,-284.85892,-4.209353,-141.58434,72.331207,-283.35089,.18222244
-17.7,27,-17.901159,10.946226,-39.35537,3.55305,-17.700001,0,-2.9432063,10.316055,-23.162302,17.27589,-144.21152,71.435783,-284.22305,-4.1999569,-141.26831,72.169754,-282.71841,.1818157
-17.6,27,-17.861111,10.921738,-39.267326,3.5451014,-17.6,0,-2.9366219,10.292976,-23.110485,17.237242,-143.88889,71.27597,-283.58722,-4.1905613,-140.95227,72.008301,-282.08594,.18140896
-17.5,27,-17.821064,10.897249,-39.179279,3.5371528,-17.5,0,-2.9300375,10.269898,-23.058668,17.198593,-143.56627,71.116158,-282.95139,-4.1811652,-140.63623,71.846848,-281.45346,.18100221
-17.4,27,-17.781017,10.872762,-39.091236,3.5292041,-17.4,0,-2.9234533,10.246819,-23.006851,17.159945,-143.24365,70.956345,-282.31552,-4.1717691,-140.32019,71.685394,-280.82098,.18059546
-17.3,27,-17.740969,10.848273,-39.003193,3.5212553,-17.299999,0,-2.9168689,10.223742,-22.955032,17.121296,-142.92102,70.796532,-281.67969,-4.1623735,-140.00415,71.523941,-280.18851,.18018872
-17.2,27,-17.700922,10.823785,-38.91515,3.5133069,-17.200001,0,-2.9102845,10.200663,-22.903217,17.082647,-142.5984,70.636719,-281.04385,-4.1529775,-139.68813,71.362488,-279.55603,.17978197
-17.1,27,-17.660875,10.799297,-38.827106,3.5053582,-17.1,0,-2.9037001,10.177585,-22.851398,17.043999,-142.27579,70.476906,-280.40799,-4.1435819,-139.37209,71.201035,-278.92355,.17937522
-17,27,-17.620827,10.774809,-38.739063,3.4974093,-17,0,-2.8971159,10.154506,-22.799582,17.00535,-141.95317,70.317101,-279.77216,-4.1341858,-139.05605,71.039581,-278.29108,.17896847
-16.9,27,-17.58078,10.75032,-38.65102,3.4894607,-16.9,0,-2.8905315,10.131428,-22.747765,16.966702,-141.63054,70.157288,-279.13629,-4.1247897,-138.74001,70.878128,-277.65857,.17856173
-16.8,27,-17.540733,10.725832,-38.562977,3.4815121,-16.799999,0,-2.8839471,10.108349,-22.695948,16.928053,-141.30792,69.997475,-278.50046,-4.1153941,-138.42397,70.716667,-277.02609,.17815498
-16.7,27,-17.500685,10.701344,-38.474934,3.4735634,-16.700001,0,-2.8773627,10.085271,-22.644131,16.889404,-140.98531,69.837662,-277.86462,-4.105998,-138.10794,70.555222,-276.39362,.17774823
-16.6,27,-17.460638,10.676856,-38.38689,3.4656148,-16.6,0,-2.8707786,10.062192,-22.592314,16.850756,-140.66269,69.677849,-277.22876,-4.0966024,-137.7919,70.393768,-275.76114,.17734149
-16.5,27,-17.420591,10.652368,-38.298847,3.4576662,-16.5,0,-2.8641942,10.039114,-22.540495,16.812107,-140.34006,69.518036,-276.59293,-4.0872064,-137.47586,70.232315,-275.12866,.17693475
-16.4,27,-17.380543,10.627879,-38.210804,3.4497175,-16.4,0,-2.8576097,10.016035,-22.488678,16.773458,-140.01744,69.358231,-275.95706,-4.0778103,-137.15984,70.070854,-274.49619,.17652799
-16.3,27,-17.340496,10.603391,-38.122761,3.4417689,-16.299999,0,-2.8510253,9.9929571,-22.436861,16.73481,-139.69481,69.198418,-275.32123,-4.0684147,-136.8438,69.909401,-273.86371,.17612125
-16.2,27,-17.300449,10.578903,-38.034718,3.4338202,-16.200001,0,-2.8444412,9.9698792,-22.385044,16.696163,-139.37219,69.038605,-274.68539,-4.0590191,-136.52776,69.747955,-273.23123,.17571451
-16.1,27,-17.260401,10.554415,-37.946674,3.4258716,-16.1,0,-2.8378568,9.9468002,-22.333227,16.657513,-139.04958,68.878792,-274.04953,-4.049623,-136.21172,69.586494,-272.59875,.17530777
-16,27,-17.220354,10.529926,-37.858631,3.417923,-16,0,-2.8312724,9.9237213,-22.28141,16.618864,-138.72696,68.718979,-273.4137,-4.0402269,-135.89569,69.425041,-271.96628,.17490101
-15.9,27,-17.180307,10.505438,-37.770588,3.4099741,-15.9,0,-2.824688,9.9006433,-22.229591,16.580215,-138.40433,68.559166,-272.77783,-4.0308313,-135.57965,69.263588,-271.33377,.17449427
-15.8,27,-17.140259,10.48095,-37.682545,3.4020255,-15.8,0,-2.8181036,9.8775654,-22.177774,16.541569,-138.08171,68.399361,-272.142,-4.0214353,-135.26361,69.102135,-270.70132,.17408752
-15.7,27,-17.100212,10.456462,-37.594501,3.3940768,-15.7,0,-2.8115191,9.8544865,-22.125957,16.50292,-137.75909,68.239548,-271.50613,-4.0120392,-134.94757,68.940681,-270.06882,.17368077
-15.6,27,-17.060165,10.431973,-37.506458,3.3861282,-15.6,0,-2.804935,9.8314085,-22.074141,16.464272,-137.43648,68.079735,-270.8703,-4.0026436,-134.63155,68.779228,-269.43634,.17327403
-15.5,27,-17.020117,10.407486,-37.418415,3.3781796,-15.5,0,-2.7983506,9.8083296,-22.022324,16.425623,-137.11385,67.919922,-270.23447,-3.9932477,-134.31551,68.617775,-268.80386,.17286728
-15.4,27,-16.98007,10.382998,-37.330372,3.3702309,-15.4,0,-2.7917662,9.7852507,-21.970507,16.386974,-136.79123,67.760109,-269.5986,-3.9838517,-133.99947,68.456322,-268.17139,.17246053
-15.3,27,-16.940023,10.358509,-37.242329,3.3622823,-15.3,0,-2.7851818,9.7621727,-21.91869,16.348326,-136.46861,67.600304,-268.96277,-3.9744558,-133.68343,68.294868,-267.53891,.17205378
-15.2,27,-16.899975,10.334021,-37.154285,3.3543336,-15.2,0,-2.7785974,9.7390947,-21.866871,16.309677,-136.146,67.440491,-268.3269,-3.96506,-133.36739,68.133415,-266.90643,.17164704
-15.1,27,-16.859928,10.309533,-37.066242,3.346385,-15.1,0,-2.7720132,9.7160158,-21.815054,16.271029,-135.82336,67.280678,-267.69107,-3.9556642,-133.05136,67.971962,-266.27396,.1712403
-15,27,-16.819881,10.285045,-36.978199,3.3384364,-15,0,-2.7654288,9.6929379,-21.763237,16.23238,-135.50075,67.120865,-267.05524,-3.9462683,-132.73532,67.810509,-265.64148,.17083354
-14.9,27,-16.779833,10.260556,-36.890156,3.3304875,-14.9,0,-2.7588444,9.6698589,-21.71142,16.193731,-135.17813,66.961052,-266.41937,-3.9368722,-132.41928,67.649055,-265.009,.1704268
-14.8,27,-16.739786,10.236068,-36.802113,3.3225391,-14.8,0,-2.75226,9.646781,-21.659603,16.155083,-134.8555,66.801239,-265.78354,-3.9274766,-132.10324,67.487602,-264.37653,.17002006
-14.7,27,-16.699739,10.21158,-36.714069,3.3145902,-14.7,0,-2.7456758,9.623702,-21.607786,16.116434,-134.53288,66.641434,-265.14767,-3.9180806,-131.78722,67.326149,-263.74402,.1696133
-14.6,27,-16.659691,10.187092,-36.626026,3.3066416,-14.6,0,-2.7390914,9.6006241,-21.555969,16.077785,-134.21027,66.481621,-264.51184,-3.9086847,-131.47118,67.164696,-263.11154,.16920656
-14.5,27,-16.619644,10.162603,-36.537979,3.2986929,-14.5,0,-2.732507,9.5775452,-21.50415,16.039137,-133.88765,66.321808,-263.87601,-3.8992889,-131.15514,67.003242,-262.47906,.16879982
-14.4,27,-16.579596,10.138115,-36.449936,3.2907443,-14.4,0,-2.7259226,9.5544672,-21.452333,16.000488,-133.56502,66.161995,-263.24014,-3.8898931,-130.8391,66.841782,-261.84659,.16839306
-14.3,27,-16.539549,10.113627,-36.361893,3.2827957,-14.3,0,-2.7193382,9.5313883,-21.400517,15.96184,-133.2424,66.002182,-262.60431,-3.8804972,-130.52307,66.680336,-261.21411,.16798632
-14.2,27,-16.499502,10.089139,-36.273849,3.274847,-14.2,0,-2.712754,9.5083103,-21.3487,15.923191,-132.91978,65.842369,-261.96844,-3.8711011,-130.20703,66.518875,-260.58163,.16757958
-14.1,27,-16.459455,10.064651,-36.185806,3.2668984,-14.1,0,-2.7061696,9.4852314,-21.296883,15.884543,-132.59717,65.682564,-261.33261,-3.8617053,-129.89099,66.35743,-259.94916,.16717283
-14,27,-16.419407,10.040163,-36.097763,3.2589498,-14,0,-2.6995852,9.4621534,-21.245066,15.845895,-132.27454,65.522751,-260.69678,-3.8523095,-129.57495,66.195969,-259.31668,.16676608
-13.9,27,-16.37936,10.015675,-36.00972,3.2510011,-13.9,0,-2.6930008,9.4390745,-21.193247,15.807246,-131.95192,65.362938,-260.06091,-3.8429136,-129.25891,66.034515,-258.6842,.16635934
-13.8,27,-16.339314,9.9911861,-35.921677,3.2430525,-13.8,0,-2.6864166,9.4159966,-21.14143,15.768598,-131.6293,65.203125,-259.42508,-3.8335178,-128.94289,65.873062,-258.05173,.16595259
-13.7,27,-16.299265,9.9666977,-35.833633,3.2351038,-13.7,0,-2.6798322,9.3929176,-21.089613,15.729949,-131.30667,65.043312,-258.78925,-3.824122,-128.62685,65.711609,-257.41922,.16554584
-13.6,27,-16.259218,9.9422102,-35.74559,3.2271552,-13.6,0,-2.6732478,9.3698397,-21.037796,15.6913,-130.98405,64.883507,-258.15338,-3.8147261,-128.31081,65.550156,-256.78674,.16513909
-13.5,27,-16.219172,9.9177217,-35.657547,3.2192063,-13.5,0,-2.6666634,9.3467607,-20.985979,15.652652,-130.66144,64.723694,-257.51755,-3.80533,-127.99477,65.388702,-256.15427,.16473235
-13.4,27,-16.179123,9.8932333,-35.569504,3.2112577,-13.4,0,-2.660079,9.3236828,-20.934162,15.614003,-130.33881,64.563881,-256.88168,-3.7959342,-127.67873,65.227249,-255.52179,.16432559
-13.3,27,-16.139076,9.8687449,-35.481461,3.2033091,-13.3,0,-2.6534948,9.3006048,-20.882345,15.575355,-130.01619,64.404068,-256.24585,-3.7865384,-127.3627,65.065796,-254.88931,.16391885
-13.2,27,-16.099028,9.8442574,-35.393417,3.1953604,-13.2,0,-2.6469104,9.2775259,-20.830526,15.536706,-129.69357,64.244255,-255.61,-3.7771425,-127.04666,64.904343,-254.25684,.16351211
-13.1,27,-16.058981,9.8197689,-35.305374,3.1874118,-13.1,0,-2.640326,9.2544479,-20.778709,15.498058,-129.37096,64.08445,-254.97417,-3.7677467,-126.73063,64.742889,-253.62436,.16310535
-13,27,-16.018934,9.7952805,-35.217331,3.1794631,-13,0,-2.6337416,9.231369,-20.726892,15.459409,-129.04832,63.924633,-254.33832,-3.7583506,-126.41459,64.581436,-252.99188,.16269861
-12.9,27,-15.978887,9.770792,-35.129288,3.1715145,-12.9,0,-2.6271572,9.2082901,-20.675076,15.42076,-128.72571,63.76482,-253.70247,-3.7489548,-126.09855,64.419983,-252.35939,.16229187
-12.8,27,-15.938839,9.7463045,-35.041245,3.1635659,-12.8,0,-2.620573,9.1852121,-20.623259,15.382113,-128.40309,63.605011,-253.06662,-3.7395589,-125.78252,64.25853,-251.72691,.16188513
-12.7,27,-15.898792,9.7218161,-34.953201,3.1556172,-12.7,0,-2.6139886,9.1621342,-20.571442,15.343464,-128.08047,63.445198,-252.43077,-3.7301631,-125.46648,64.097076,-251.09444,.16147837
-12.6,27,-15.858745,9.6973276,-34.865158,3.1476686,-12.6,0,-2.6074042,9.1390553,-20.519625,15.304815,-127.75785,63.285389,-251.79494,-3.7207673,-125.15044,63.935623,-250.46196,.16107163
-12.5,27,-15.818697,9.6728392,-34.777115,3.13972,-12.5,0,-2.6008198,9.1159773,-20.467806,15.266167,-127.43523,63.125576,-251.15909,-3.7113714,-124.8344,63.774166,-249.82948,.16066489
-12.4,27,-15.77865,9.6483517,-34.689072,3.1317711,-12.4,0,-2.5942354,9.0928984,-20.415989,15.227518,-127.1126,62.965763,-250.52324,-3.7019753,-124.51837,63.612713,-249.19699,.16025813
-12.3,27,-15.738603,9.6238632,-34.601028,3.1238225,-12.3,0,-2.5876513,9.0698204,-20.364172,15.188869,-126.78999,62.805954,-249.88739,-3.6925795,-124.20233,63.45126,-248.56451,.15985139
-12.2,27,-15.698555,9.5993748,-34.512985,3.1158738,-12.2,0,-2.5810668,9.0467415,-20.312355,15.150221,-126.46736,62.646141,-249.25154,-3.6831837,-123.8863,63.289806,-247.93204,.15944465
-12.1,27,-15.658508,9.5748873,-34.424942,3.1079252,-12.1,0,-2.5744824,9.0236635,-20.260538,15.111572,-126.14474,62.486332,-248.61571,-3.6737878,-123.57026,63.128353,-247.29956,.1590379
-12,27,-15.618461,9.5503988,-34.336899,3.0999765,-12,0,-2.567898,9.0005846,-20.208721,15.072924,-125.82212,62.326519,-247.97986,-3.664392,-123.25423,62.9669,-246.66708,.15863115
-11.9,27,-15.578413,9.5259104,-34.248856,3.0920279,-11.9,0,-2.5613139,8.9775066,-20.156902,15.034275,-125.4995,62.166706,-247.34401,-3.6549962,-122.93819,62.805447,-246.03459,.1582244
-11.8,27,-15.538366,9.5014219,-34.160812,3.0840793,-11.8,0,-2.5547295,8.9544277,-20.105085,14.995627,-125.17688,62.006897,-246.70816,-3.6456003,-122.62215,62.643993,-245.40211,.15781766
-11.7,27,-15.498319,9.4769335,-34.072769,3.0761306,-11.7,0,-2.5481451,8.9313498,-20.053268,14.956979,-124.85426,61.847084,-246.07231,-3.6362042,-122.30611,62.48254,-244.76964,.1574109
-11.6,27,-15.458271,9.452446,-33.984726,3.068182,-11.6,0,-2.5415606,8.9082708,-20.001451,14.91833,-124.53164,61.687271,-245.43648,-3.6268084,-121.99008,62.321087,-244.13716,.15700416
-11.5,27,-15.418224,9.4279575,-33.896683,3.0602334,-11.5,0,-2.5349765,8.8851929,-19.949635,14.879682,-124.20901,61.527462,-244.80063,-3.6174126,-121.67404,62.159634,-243.50468,.15659742
-11.4,27,-15.378177,9.4034691,-33.808636,3.0522845,-11.4,0,-2.5283921,8.862114,-19.897818,14.841033,-123.8864,61.367649,-244.16478,-3.6080167,-121.358,61.998177,-242.87219,.15619066
-11.3,27,-15.338129,9.3789816,-33.720596,3.0443361,-11.3,0,-2.5218077,8.839036,-19.846001,14.802384,-123.56377,61.207836,-243.52893,-3.5986209,-121.04197,61.836723,-242.23973,.15578392
-11.2,27,-15.298081,9.3544931,-33.632549,3.0363872,-11.2,0,-2.5152233,8.8159571,-19.794182,14.763736,-123.24116,61.048023,-242.89308,-3.5892248,-120.72593,61.67527,-241.60724,.15537718
-11.1,27,-15.258035,9.3300047,-33.54451,3.0284386,-11.1,0,-2.5086389,8.7928791,-19.742365,14.725087,-122.91853,60.888214,-242.25725,-3.5798292,-120.4099,61.513817,-240.97476,.15497044
-11,27,-15.217987,9.3055162,-33.456463,3.0204899,-11,0,-2.5020547,8.7698002,-19.690548,14.686439,-122.59592,60.728401,-241.6214,-3.5704331,-120.09386,61.352364,-240.34229,.15456368
-10.9,27,-15.177939,9.2810278,-33.36842,3.0125413,-10.9,0,-2.4954703,8.7467222,-19.638731,14.64779,-122.27329,60.568588,-240.98555,-3.5610373,-119.77782,61.19091,-239.70981,.15415694
-10.8,27,-15.137893,9.2565403,-33.280376,3.0045927,-10.8,0,-2.4888859,8.7236443,-19.586914,14.609141,-121.95068,60.408779,-240.3497,-3.5516415,-119.46178,61.029457,-239.07733,.1537502
-10.7,27,-15.097845,9.2320518,-33.192333,2.996644,-10.7,0,-2.4823015,8.7005653,-19.535095,14.570493,-121.62805,60.248966,-239.71385,-3.5422456,-119.14575,60.868004,-238.44484,.15334344
-10.6,27,-15.057798,9.2075634,-33.10429,2.9886954,-10.6,0,-2.4757173,8.6774874,-19.483278,14.531845,-121.30544,60.089157,-239.07802,-3.5328498,-118.82971,60.706551,-237.81236,.1529367
-10.5,27,-15.017751,9.1830759,-33.016247,2.9807467,-10.5,0,-2.4691329,8.6544085,-19.431461,14.493196,-120.98281,59.929344,-238.44217,-3.5234537,-118.51368,60.545097,-237.17989,.15252995
-10.4,27,-14.977703,9.1585875,-32.928204,2.9727981,-10.4,0,-2.4625485,8.6313295,-19.379644,14.454548,-120.66019,59.769531,-237.80632,-3.5140579,-118.19764,60.38364,-236.54741,.1521232
-10.3,27,-14.937656,9.134099,-32.84016,2.9648495,-10.3,0,-2.4559641,8.6082516,-19.327827,14.415899,-120.33757,59.609722,-237.17047,-3.504662,-117.88161,60.222191,-235.91493,.15171646
-10.2,27,-14.897609,9.1096106,-32.752117,2.9569006,-10.2,0,-2.4493797,8.5851736,-19.276011,14.377251,-120.01495,59.449909,-236.53462,-3.4952662,-117.56557,60.060734,-235.28244,.15130971
-10.1,27,-14.857561,9.0851231,-32.664074,2.9489522,-10.1,0,-2.4427955,8.5620947,-19.224194,14.338602,-119.69233,59.2901,-235.89879,-3.4858704,-117.24953,59.899281,-234.64996,.15090297
-10,27,-14.817513,9.0606346,-32.576031,2.9410033,-10,0,-2.4362111,8.5390167,-19.172375,14.299953,-119.36971,59.130287,-235.26294,-3.4764745,-116.93349,59.737827,-234.01749,.15049621
-9.9,27,-14.777467,9.0361462,-32.487988,2.9330547,-9.8999996,0,-2.4296267,8.5159378,-19.120558,14.261305,-119.04708,58.970474,-234.62709,-3.4670784,-116.61745,59.576374,-233.38501,.15008947
-9.800000000000001,27,-14.737419,9.0116577,-32.399944,2.925106,-9.8000002,0,-2.4230423,8.4928598,-19.068741,14.222656,-118.72446,58.810665,-233.99124,-3.4576826,-116.30142,59.414921,-232.75253,.14968273
-9.699999999999999,27,-14.697371,8.9871702,-32.311901,2.9171574,-9.6999998,0,-2.4164579,8.4697809,-19.016924,14.184008,-118.40184,58.650852,-233.35539,-3.4482868,-115.98538,59.253468,-232.12004,.14927597
-9.6,27,-14.657325,8.9626818,-32.223858,2.9092088,-9.6000004,0,-2.4098737,8.446703,-18.965107,14.14536,-118.07922,58.491039,-232.71956,-3.4388909,-115.66935,59.092014,-231.48756,.14886923
-9.5,27,-14.617277,8.9381933,-32.135815,2.9012601,-9.5,0,-2.4032893,8.423624,-18.91329,14.10671,-117.7566,58.33123,-232.08371,-3.4294951,-115.35331,58.930561,-230.85509,.14846249
-9.4,27,-14.577229,8.9137049,-32.047771,2.8933115,-9.3999996,0,-2.3967049,8.4005461,-18.861471,14.068062,-117.43398,58.171417,-231.44786,-3.420099,-115.03728,58.769104,-230.22261,.14805573
-9.300000000000001,27,-14.537183,8.8892174,-31.959728,2.8853629,-9.3000002,0,-2.3901205,8.3774672,-18.809654,14.029414,-117.11136,58.011604,-230.81201,-3.4107034,-114.72124,58.607655,-229.59013,.14764899
-9.199999999999999,27,-14.497135,8.8647289,-31.871685,2.8774142,-9.1999998,0,-2.3835361,8.3543892,-18.757837,13.990766,-116.78874,57.851795,-230.17618,-3.4013073,-114.4052,58.446198,-228.95764,.14724225
-9.1,27,-14.457088,8.8402405,-31.783642,2.8694656,-9.1000004,0,-2.3769519,8.3313103,-18.70602,13.952117,-116.46612,57.691982,-229.54033,-3.3919115,-114.08916,58.284748,-228.32516,.14683551
-9,27,-14.417041,8.815752,-31.695599,2.8615167,-9,0,-2.3703675,8.3082323,-18.654203,13.913468,-116.1435,57.532169,-228.90448,-3.3825157,-113.77313,58.123291,-227.69269,.14642875
-8.9,27,-14.376993,8.7912645,-31.607553,2.8535681,-8.8999996,0,-2.3637831,8.2851534,-18.602386,13.87482,-115.82088,57.37236,-228.26863,-3.3731198,-113.45709,57.961838,-227.06021,.14602201
-8.800000000000001,27,-14.336946,8.7667761,-31.519512,2.8456194,-8.8000002,0,-2.3571987,8.2620754,-18.55057,13.836171,-115.49826,57.212547,-227.6328,-3.363724,-113.14106,57.800385,-226.42773,.14561526
-8.699999999999999,27,-14.296899,8.7422876,-31.431467,2.8376708,-8.6999998,0,-2.3506145,8.2389965,-18.498751,13.797523,-115.17564,57.052734,-226.99695,-3.3543279,-112.82502,57.638931,-225.79524,.14520851
-8.6,27,-14.256851,8.7178001,-31.343426,2.8297222,-8.6000004,0,-2.3440301,8.2159185,-18.446934,13.758874,-114.85301,56.892925,-226.3611,-3.3449321,-112.50899,57.477478,-225.16278,.14480177
-8.5,27,-14.216804,8.6933117,-31.255381,2.8217735,-8.5,0,-2.3374457,8.1928396,-18.395117,13.720225,-114.5304,56.733112,-225.72525,-3.3355362,-112.19295,57.316025,-224.53029,.14439502
-8.4,27,-14.176757,8.6688232,-31.167337,2.8138249,-8.3999996,0,-2.3308613,8.1697617,-18.3433,13.681577,-114.20777,56.573299,-225.0894,-3.3261404,-111.87691,57.154572,-223.89781,.14398827
-8.300000000000001,27,-14.136709,8.6443348,-31.079294,2.8058763,-8.3000002,0,-2.3242772,8.1466837,-18.291483,13.642929,-113.88515,56.41349,-224.45357,-3.3167446,-111.56087,56.993118,-223.26534,.14358152
-8.199999999999999,27,-14.096662,8.6198473,-30.991251,2.7979276,-8.1999998,0,-2.3176928,8.1236048,-18.239666,13.60428,-113.56253,56.253677,-223.81772,-3.3073487,-111.24483,56.831661,-222.63286,.14317478
-8.1,27,-14.056615,8.5953588,-30.903208,2.789979,-8.1000004,0,-2.3111084,8.1005268,-18.187849,13.565632,-113.23991,56.093868,-223.18187,-3.2979529,-110.9288,56.670212,-222.00038,.14276804
-8,27,-14.016567,8.5708704,-30.815165,2.7820303,-8,0,-2.3045239,8.0774479,-18.13603,13.526983,-112.91729,55.934055,-222.54602,-3.2885568,-110.61276,56.508755,-221.36789,.14236128
-7.9,27,-13.97652,8.546382,-30.727121,2.7740817,-7.9000001,0,-2.2979395,8.0543699,-18.084213,13.488335,-112.59467,55.774242,-221.91017,-3.279161,-110.29673,56.347301,-220.73541,.14195454
-7.8,27,-13.936473,8.5218945,-30.639078,2.7661328,-7.8000002,0,-2.2913554,8.031291,-18.032396,13.449686,-112.27205,55.614433,-221.27434,-3.2697651,-109.98069,56.185848,-220.10294,.1415478
-7.7,27,-13.896425,8.497406,-30.551035,2.7581842,-7.6999998,0,-2.284771,8.008213,-17.980579,13.411037,-111.94942,55.45462,-220.63849,-3.2603693,-109.66466,56.024395,-219.47046,.14114104
-7.6,27,-13.856378,8.4729176,-30.462992,2.7502356,-7.5999999,0,-2.2781866,7.9851341,-17.928762,13.372389,-111.62681,55.294807,-220.00264,-3.2509735,-109.34862,55.862942,-218.83797,.1407343
-7.5,27,-13.816331,8.4484291,-30.374949,2.7422869,-7.5,0,-2.2716022,7.9620557,-17.876945,13.33374,-111.30418,55.134998,-219.36679,-3.2415774,-109.03259,55.701488,-218.20549,.14032756
-7.4,27,-13.776283,8.4239416,-30.286905,2.7343383,-7.4000001,0,-2.2650177,7.9389772,-17.825129,13.295092,-110.98157,54.975185,-218.73094,-3.2321815,-108.71655,55.540035,-217.57301,.1399208
-7.3,27,-13.736236,8.3994532,-30.198862,2.7263896,-7.3000002,0,-2.2584336,7.9158988,-17.77331,13.256443,-110.65894,54.815372,-218.09511,-3.2227857,-108.40051,55.378582,-216.94054,.13951406
-7.2,27,-13.696189,8.3749647,-30.110819,2.718441,-7.1999998,0,-2.2518492,7.8928204,-17.721493,13.217794,-110.33632,54.655563,-217.45926,-3.2133899,-108.08447,55.217129,-216.30806,.13910732
-7.1,27,-13.656141,8.3504763,-30.022774,2.7104924,-7.0999999,0,-2.2452648,7.8697419,-17.669676,13.179147,-110.0137,54.49575,-216.82341,-3.203994,-107.76844,55.055676,-215.67557,.13870057
-7,27,-13.616094,8.3259888,-29.934731,2.7025437,-7,0,-2.2386804,7.8466635,-17.617859,13.140498,-109.69108,54.335938,-216.18756,-3.1945982,-107.4524,54.894218,-215.04309,.13829382
-6.9,27,-13.576047,8.3015003,-29.846687,2.6945951,-6.9000001,0,-2.2320962,7.8235855,-17.566042,13.10185,-109.36846,54.176128,-215.55171,-3.1852024,-107.13637,54.732765,-214.41061,.13788708
-6.8,27,-13.535999,8.2770119,-29.758644,2.6866465,-6.8000002,0,-2.2255118,7.8005071,-17.514225,13.063201,-109.04584,54.016315,-214.91588,-3.1758063,-106.82033,54.571312,-213.77814,.13748033
-6.7,27,-13.495952,8.2525234,-29.670601,2.6786976,-6.6999998,0,-2.2189274,7.7774286,-17.462406,13.024552,-108.72322,53.856503,-214.28003,-3.1664104,-106.50429,54.409859,-213.14566,.13707358
-6.6,27,-13.455905,8.2280359,-29.582558,2.6707489,-6.5999999,0,-2.212343,7.7543502,-17.410589,12.985904,-108.4006,53.696693,-213.64418,-3.1570146,-106.18826,54.248405,-212.51318,.13666683
-6.5,27,-13.415857,8.2035475,-29.494514,2.6628003,-6.5,0,-2.2057586,7.7312717,-17.358772,12.947255,-108.07798,53.53688,-213.00833,-3.1476188,-105.87222,54.086952,-211.88069,.13626009
-6.4,27,-13.37581,8.179059,-29.406471,2.6548517,-6.4000001,0,-2.1991744,7.7081933,-17.306955,12.908607,-107.75536,53.377071,-212.3725,-3.1382229,-105.55618,53.925499,-211.24821,.13585334
-6.3,27,-13.335763,8.1545715,-29.318428,2.646903,-6.3000002,0,-2.19259,7.6851149,-17.255138,12.869958,-107.43274,53.217258,-211.73665,-3.1288271,-105.24014,53.764046,-210.61574,.13544659
-6.2,27,-13.295715,8.1300831,-29.230385,2.6389544,-6.1999998,0,-2.1860056,7.6620364,-17.203321,12.831309,-107.11012,53.057446,-211.1008,-3.119431,-104.92411,53.602592,-209.98326,.13503985
-6.1,27,-13.255668,8.1055946,-29.142342,2.6310058,-6.0999999,0,-2.1794212,7.638958,-17.151503,12.792661,-106.78749,52.897633,-210.46495,-3.1100352,-104.60807,53.441139,-209.35078,.13463311
-6,27,-13.215621,8.0811062,-29.054298,2.6230571,-6,0,-2.1728368,7.6158795,-17.099686,12.754013,-106.46487,52.737823,-209.8291,-3.1006393,-104.29204,53.279686,-208.71829,.13422635
-5.9,27,-13.175573,8.0566187,-28.966255,2.6151085,-5.9000001,0,-2.1662526,7.5928011,-17.047869,12.715364,-106.14225,52.578011,-209.19327,-3.0912435,-103.976,53.118233,-208.08582,.13381961
-5.8,27,-13.135526,8.0321302,-28.878212,2.6071599,-5.8000002,0,-2.1596682,7.5697227,-16.996052,12.676716,-105.81963,52.418201,-208.55742,-3.0818477,-103.65997,52.956776,-207.45334,.13341287
-5.7,27,-13.095478,8.0076418,-28.790169,2.5992112,-5.6999998,0,-2.1530838,7.5466442,-16.944235,12.638067,-105.49701,52.258389,-207.92157,-3.0724516,-103.34393,52.795322,-206.82086,.13300611
-5.6,27,-13.055431,7.9831538,-28.702126,2.5912623,-5.5999999,0,-2.1464994,7.5235658,-16.892418,12.599419,-105.17439,52.098576,-207.28572,-3.0630558,-103.02789,52.633869,-206.18839,.13259937
-5.5,27,-13.015384,7.9586654,-28.614082,2.5833137,-5.5,0,-2.1399152,7.5004873,-16.840601,12.56077,-104.85177,51.938766,-206.64987,-3.0536599,-102.71185,52.472416,-205.55589,.13219263
-5.4,27,-12.975337,7.9341774,-28.526039,2.5753651,-5.4000001,0,-2.1333308,7.4774089,-16.788782,12.522121,-104.52915,51.778954,-206.01404,-3.0442641,-102.39582,52.310963,-204.92342,.13178587
-5.3,27,-12.935289,7.9096889,-28.437996,2.5674164,-5.3000002,0,-2.1267464,7.4543304,-16.736965,12.483473,-104.20653,51.619141,-205.37819,-3.0348682,-102.07978,52.149509,-204.29094,.13137913
-5.2,27,-12.895242,7.885201,-28.349951,2.5594678,-5.1999998,0,-2.120162,7.431252,-16.685148,12.444824,-103.8839,51.459332,-204.74234,-3.0254724,-101.76374,51.988056,-203.65846,.13097239
-5.1,27,-12.855194,7.8607125,-28.261908,2.5515192,-5.0999999,0,-2.1135776,7.4081736,-16.633331,12.406176,-103.56129,51.299519,-204.10649,-3.0160766,-101.44771,51.826603,-203.02599,.13056564
-5,27,-12.815147,7.8362246,-28.173864,2.5435705,-5,0,-2.1069934,7.3850951,-16.581514,12.367527,-103.23866,51.139706,-203.47064,-3.0066805,-101.13167,51.66515,-202.39351,.13015889
-4.9,27,-12.7751,7.8117361,-28.085821,2.5356219,-4.9000001,0,-2.100409,7.3620167,-16.529697,12.328879,-102.91605,50.979897,-202.83481,-2.9972847,-100.81564,51.503696,-201.76102,.12975214
-4.8,27,-12.735053,7.7872481,-27.997778,2.5276732,-4.8000002,0,-2.0938246,7.3389382,-16.47788,12.290231,-102.59342,50.820084,-202.19896,-2.9878888,-100.4996,51.342243,-201.12854,.1293454
-4.7,27,-12.695005,7.7627597,-27.909735,2.5197246,-4.6999998,0,-2.0872402,7.3158598,-16.426062,12.251582,-102.27081,50.660271,-201.56311,-2.978493,-100.18356,51.180786,-200.49606,.12893865
-4.6,27,-12.654958,7.7382717,-27.821692,2.511776,-4.5999999,0,-2.0806558,7.2927814,-16.374245,12.212934,-101.94818,50.500462,-200.92726,-2.9690971,-99.867523,51.019333,-199.86359,.1285319
-4.5,27,-12.61491,7.7137833,-27.733648,2.5038273,-4.5,0,-2.0740716,7.2697029,-16.322428,12.174285,-101.62556,50.340649,-200.29143,-2.9597013,-99.551491,50.85788,-199.23111,.12812516
-4.4,27,-12.574863,7.6892953,-27.645605,2.4958785,-4.4000001,0,-2.0674872,7.2466249,-16.270611,12.135636,-101.30294,50.18084,-199.65558,-2.9503052,-99.235451,50.696426,-198.59862,.12771842
-4.3,27,-12.534816,7.6648073,-27.557562,2.4879298,-4.3000002,0,-2.0609028,7.2235465,-16.218794,12.096988,-100.98032,50.021027,-199.01973,-2.9409094,-98.919418,50.534973,-197.96614,.12731166
-4.2,27,-12.494768,7.6403189,-27.469519,2.4799812,-4.1999998,0,-2.0543184,7.2004676,-16.166977,12.058339,-100.6577,49.861214,-198.38388,-2.9315135,-98.603378,50.37352,-197.33366,.12690492
-4.1,27,-12.454721,7.6158304,-27.381475,2.4720325,-4.0999999,0,-2.0477343,7.1773896,-16.115158,12.019691,-100.33508,49.701405,-197.74803,-2.9221177,-98.287346,50.212067,-196.70119,.12649818
-4,27,-12.414674,7.5913424,-27.293432,2.4640839,-4,0,-2.0411499,7.1543112,-16.063341,11.981042,-100.01246,49.541592,-197.1122,-2.9127219,-97.971306,50.050613,-196.06871,.12609142
-3.9,27,-12.374626,7.5668545,-27.205389,2.4561353,-3.9000001,0,-2.0345654,7.1312327,-16.011524,11.942393,-99.689835,49.381779,-196.47635,-2.903326,-97.655273,49.88916,-195.43622,.12568468
-3.8,27,-12.334579,7.542366,-27.117346,2.4481866,-3.8,0,-2.027981,7.1081543,-15.959707,11.903745,-99.367218,49.22197,-195.8405,-2.89393,-97.339233,49.727707,-194.80374,.12527794
-3.7,27,-12.294532,7.5178781,-27.029303,2.440238,-3.7,0,-2.0213966,7.0850759,-15.90789,11.865097,-99.044594,49.062157,-195.20465,-2.8845341,-97.023201,49.566254,-194.17126,.12487119
-3.6,27,-12.254484,7.4933896,-26.941257,2.4322894,-3.5999999,0,-2.0148125,7.0619974,-15.856072,11.826448,-98.72197,48.902344,-194.5688,-2.8751383,-96.707161,49.404797,-193.53879,.12446444
-3.5,27,-12.214437,7.4689016,-26.853214,2.4243407,-3.5,0,-2.0082281,7.038919,-15.804255,11.7878,-98.399353,48.742535,-193.93297,-2.8657424,-96.391121,49.243343,-192.90631,.1240577
-3.4,27,-12.17439,7.4444132,-26.765171,2.4163921,-3.4000001,0,-2.0016437,7.0158405,-15.752439,11.749151,-98.076729,48.582722,-193.29712,-2.8563466,-96.075089,49.08189,-192.27383,.12365095
-3.3,27,-12.134342,7.4199252,-26.677128,2.4084432,-3.3,0,-1.9950594,6.9927621,-15.700621,11.710503,-97.754112,48.422909,-192.66127,-2.8469508,-95.759048,48.920437,-191.64134,.1232442
-3.2,27,-12.094296,7.3954368,-26.589085,2.4004946,-3.2,0,-1.988475,6.9696836,-15.648804,11.671854,-97.431488,48.2631,-192.02542,-2.8375547,-95.443016,48.758984,-191.00887,.12283745
-3.1,27,-12.054248,7.3709488,-26.501041,2.3925459,-3.0999999,0,-1.9818906,6.9466052,-15.596987,11.633205,-97.108871,48.103287,-191.38957,-2.8281589,-95.126976,48.59753,-190.37639,.1224307
-3,27,-12.0142,7.3464603,-26.412998,2.3845973,-3,0,-1.9753063,6.9235268,-15.54517,11.594557,-96.786247,47.943474,-190.75374,-2.818763,-94.810944,48.436077,-189.74391,.12202396
-2.9,27,-11.974154,7.3219724,-26.324955,2.3766487,-2.9000001,0,-1.9687219,6.9004483,-15.493352,11.555908,-96.463631,47.783665,-190.11789,-2.8093672,-94.494904,48.274624,-189.11143,.12161721
-2.8,27,-11.934106,7.2974839,-26.236912,2.3687,-2.8,0,-1.9621376,6.8773699,-15.441535,11.51726,-96.141006,47.623852,-189.48204,-2.7999713,-94.178871,48.113171,-188.47894,.12121046
-2.7,27,-11.894058,7.2729959,-26.148869,2.3607514,-2.7,0,-1.9555532,6.8542914,-15.389718,11.478611,-95.818382,47.464043,-188.84619,-2.7905755,-93.862831,47.951717,-187.84647,.12080372
-2.6,27,-11.854012,7.2485075,-26.060825,2.3528028,-2.5999999,0,-1.9489689,6.831213,-15.3379,11.439962,-95.495766,47.30423,-188.21034,-2.7811794,-93.546799,47.79026,-187.21399,.12039697
-2.5,27,-11.813964,7.2240195,-25.972782,2.3448541,-2.5,0,-1.9423845,6.8081346,-15.286083,11.401315,-95.173141,47.144417,-187.57451,-2.7717836,-93.230759,47.628807,-186.58151,.11999023
-2.4,27,-11.773916,7.1995311,-25.884739,2.3369055,-2.4000001,0,-1.9358002,6.7850561,-15.234266,11.362666,-94.850525,46.984608,-186.93866,-2.7623878,-92.914726,47.467354,-185.94904,.11958348
-2.3,27,-11.73387,7.1750431,-25.796696,2.3289568,-2.3,0,-1.9292158,6.7619777,-15.182448,11.324018,-94.527901,46.824795,-186.30281,-2.7529919,-92.598686,47.305901,-185.31654,.11917673
-2.2,27,-11.693822,7.1505547,-25.708652,2.3210082,-2.2,0,-1.9226314,6.7388992,-15.130631,11.285369,-94.205284,46.664982,-185.66696,-2.7435961,-92.282654,47.144447,-184.68407,.11876999
-2.1,27,-11.653774,7.1260667,-25.620607,2.3130593,-2.0999999,0,-1.9160471,6.7158208,-15.078815,11.24672,-93.88266,46.505173,-185.03113,-2.7342002,-91.966614,46.982994,-184.05159,.11836324
-2,27,-11.613728,7.1015782,-25.532564,2.3051107,-2,0,-1.9094627,6.6927423,-15.026998,11.208072,-93.560043,46.34536,-184.39528,-2.7248042,-91.650574,46.821541,-183.41911,.1179565
-1.9,27,-11.57368,7.0770903,-25.444521,2.2971621,-1.9,0,-1.9028784,6.6696639,-14.97518,11.169423,-93.237419,46.185547,-183.75943,-2.7154083,-91.334541,46.660088,-182.78664,.11754975
-1.8,27,-11.533632,7.0526018,-25.356478,2.2892134,-1.8,0,-1.896294,6.6465859,-14.923363,11.130774,-92.914795,46.025738,-183.12358,-2.7060125,-91.018501,46.498634,-182.15414,.117143
-1.7,27,-11.493586,7.0281138,-25.268435,2.2812648,-1.7,0,-1.8897097,6.6235075,-14.871546,11.092126,-92.592178,45.865925,-182.48773,-2.6966166,-90.702469,46.337181,-181.52167,.11673626
-1.6,27,-11.453538,7.0036254,-25.180391,2.2733161,-1.6,0,-1.8831253,6.6004291,-14.819728,11.053477,-92.269554,45.706112,-181.8519,-2.6872208,-90.386429,46.175728,-180.88919,.11632951
-1.5,27,-11.41349,6.9791374,-25.092348,2.2653675,-1.5,0,-1.8765409,6.5773506,-14.767911,11.014829,-91.946938,45.546303,-181.21605,-2.677825,-90.070396,46.014275,-180.25671,.11592276
-1.4,27,-11.373443,6.954649,-25.004305,2.2574189,-1.4,0,-1.8699566,6.5542722,-14.716094,10.97618,-91.624313,45.38649,-180.5802,-2.6684289,-89.754356,45.852818,-179.62424,.11551601
-1.3,27,-11.333396,6.930161,-24.916262,2.2494702,-1.3,0,-1.8633722,6.5311937,-14.664276,10.937532,-91.301697,45.226677,-179.94435,-2.6590331,-89.438324,45.691364,-178.99176,.11510926
-1.2,27,-11.293348,6.905673,-24.828218,2.2415216,-1.2,0,-1.8567879,6.5081153,-14.612459,10.898884,-90.979073,45.066868,-179.3085,-2.6496372,-89.122284,45.529911,-178.35927,.11470252
-1.1,27,-11.253301,6.8811846,-24.740175,2.233573,-1.1,0,-1.8502035,6.4850368,-14.560642,10.860235,-90.656456,44.907055,-178.67267,-2.6402414,-88.806252,45.368458,-177.72679,.11429577
-1,27,-11.213254,6.8566966,-24.652132,2.2256241,-1,0,-1.8436192,6.4619584,-14.508824,10.821587,-90.333832,44.747242,-178.03682,-2.6308455,-88.490211,45.207005,-177.09431,.11388903
-.9,27,-11.173206,6.8322082,-24.564089,2.2176754,-.89999998,0,-1.8370348,6.43888,-14.457007,10.782938,-90.011208,44.587433,-177.40097,-2.6214497,-88.174179,45.045551,-176.46184,.11348228
-.8,27,-11.133159,6.8077202,-24.476046,2.2097268,-.80000001,0,-1.8304504,6.4158015,-14.40519,10.744289,-89.688591,44.42762,-176.76512,-2.6120539,-87.858139,44.884098,-175.82936,.11307554
-.7,27,-11.093112,6.7832317,-24.388002,2.2017782,-.69999999,0,-1.8238661,6.3927231,-14.353374,10.705641,-89.365967,44.267811,-176.12929,-2.6026578,-87.542107,44.722645,-175.19687,.11266879
-.6,27,-11.053064,6.7587438,-24.299959,2.1938295,-.60000002,0,-1.8172817,6.3696446,-14.301556,10.666992,-89.04335,44.107998,-175.49344,-2.593262,-87.226067,44.561192,-174.56439,.11226204
-.5,27,-11.013017,6.7342553,-24.211916,2.1858809,-.5,0,-1.8106974,6.3465662,-14.249739,10.628344,-88.720726,43.948185,-174.85759,-2.5838661,-86.910027,44.399738,-173.93192,.1118553
-.4,27,-10.97297,6.7097673,-24.123871,2.1779323,-.40000001,0,-1.804113,6.3234878,-14.197922,10.589695,-88.398109,43.788376,-174.22174,-2.5744703,-86.593994,44.238285,-173.29944,.11144855
-.3,27,-10.932922,6.6852789,-24.035828,2.1699836,-.30000001,0,-1.7975287,6.3004093,-14.146104,10.551046,-88.075485,43.628563,-173.58589,-2.5650744,-86.277954,44.076828,-172.66696,.1110418
-.2,27,-10.892875,6.6607909,-23.947784,2.162035,-.2,0,-1.7909443,6.2773309,-14.094287,10.512399,-87.752869,43.46875,-172.95006,-2.5556786,-85.961922,43.915375,-172.03447,.11063506
-.1,27,-10.852828,6.6363025,-23.859741,2.1540864,-.1,0,-1.7843599,6.2542524,-14.04247,10.47375,-87.430244,43.308941,-172.31421,-2.5462825,-85.645882,43.753922,-171.40199,.11022831
0,27,-10.81278,6.6118145,-23.771698,2.1461377,0,0,-1.7777756,6.231174,-13.990652,10.435102,-87.10762,43.149128,-171.67836,-2.5368867,-85.329849,43.592468,-170.76952,.10982157
.1,27,-10.772733,6.587326,-23.683655,2.1381891,.1,0,-1.7711912,6.2080956,-13.938835,10.396453,-86.785004,42.989315,-171.04251,-2.5274909,-85.013809,43.431015,-170.13704,.10941482
.2,27,-10.732686,6.5628381,-23.595612,2.1302402,.2,0,-1.764607,6.1850171,-13.887018,10.357804,-86.462379,42.829506,-170.40666,-2.518095,-84.697777,43.269562,-169.50456,.10900807
.3,27,-10.692638,6.5383496,-23.507568,2.1222916,.30000001,0,-1.7580225,6.1619387,-13.8352,10.319156,-86.139763,42.669693,-169.77083,-2.5086992,-84.381737,43.108109,-168.87209,.10860132
.4,27,-10.652591,6.5138617,-23.419525,2.1143429,.40000001,0,-1.7514383,6.1388602,-13.783383,10.280507,-85.817139,42.50988,-169.13498,-2.4993033,-84.065704,42.946655,-168.23959,.10819457
.5,27,-10.612544,6.4893732,-23.331482,2.1063943,.5,0,-1.7448539,6.1157818,-13.731566,10.241858,-85.494522,42.350071,-168.49913,-2.4899073,-83.749664,42.785202,-167.60712,.10778783
.6,27,-10.572496,6.4648852,-23.243439,2.0984457,.60000002,0,-1.7382694,6.0927033,-13.679749,10.20321,-85.171898,42.190258,-167.86328,-2.4805114,-83.433632,42.623749,-166.97464,.10738108
.7,27,-10.532449,6.4403968,-23.155396,2.090497,.69999999,0,-1.7316852,6.0696254,-13.627932,10.164561,-84.849281,42.030445,-167.22743,-2.4711156,-83.117592,42.462296,-166.34216,.10697434
.8,27,-10.492402,6.4159088,-23.067352,2.0825484,.80000001,0,-1.7251008,6.0465469,-13.576115,10.125913,-84.526657,41.870636,-166.5916,-2.4617198,-82.801559,42.300838,-165.70969,.10656759
.9,27,-10.452354,6.3914204,-22.979309,2.0745997,.89999998,0,-1.7185165,6.0234685,-13.524298,10.087264,-84.204033,41.710823,-165.95575,-2.4523239,-82.485519,42.139385,-165.07719,.10616084
1,27,-10.412307,6.3669324,-22.891266,2.0666511,1,0,-1.7119321,6.0003901,-13.47248,10.048616,-83.881416,41.551014,-165.3199,-2.4429281,-82.169479,41.977932,-164.44472,.1057541
1.1,27,-10.37226,6.3424439,-22.803223,2.0587025,1.1,0,-1.7053478,5.9773116,-13.420663,10.009968,-83.558792,41.391201,-164.68405,-2.433532,-81.853447,41.816479,-163.81224,.10534735
1.2,27,-10.332212,6.317956,-22.715179,2.0507538,1.2,0,-1.6987634,5.9542332,-13.368846,9.9713192,-83.236176,41.231388,-164.04822,-2.4241362,-81.537407,41.655025,-163.17976,.10494061
1.3,27,-10.292165,6.293468,-22.627134,2.042805,1.3,0,-1.6921791,5.9311547,-13.317028,9.9326706,-82.913551,41.071579,-163.41237,-2.4147403,-81.221375,41.493572,-162.54729,.10453386
1.4,27,-10.252118,6.2689795,-22.539091,2.0348563,1.4,0,-1.6855947,5.9080763,-13.265211,9.894022,-82.590935,40.911766,-162.77652,-2.4053445,-80.905334,41.332119,-161.91479,.10412711
1.5,27,-10.21207,6.2444916,-22.451048,2.0269077,1.5,0,-1.6790103,5.8849978,-13.213394,9.8553734,-82.268311,40.751953,-162.14067,-2.3959486,-80.589302,41.170666,-161.28232,.10372037
1.6,27,-10.172023,6.2200031,-22.363005,2.018959,1.6,0,-1.672426,5.8619194,-13.161577,9.8167248,-81.945686,40.592144,-161.50482,-2.3865528,-80.273262,41.009212,-160.64984,.10331362
1.7,27,-10.131976,6.1955152,-22.274961,2.0110104,1.7,0,-1.6658416,5.838841,-13.109759,9.7780762,-81.62307,40.432331,-160.86899,-2.3771567,-79.95723,40.847759,-160.01736,.10290688
1.8,27,-10.091928,6.1710267,-22.186918,2.0030618,1.8,0,-1.6592573,5.8157625,-13.057942,9.7394276,-81.300446,40.272518,-160.23314,-2.3677609,-79.64119,40.686306,-159.38489,.10250013
1.9,27,-10.051881,6.1465387,-22.098875,1.9951131,1.9,0,-1.6526729,5.7926841,-13.006125,9.700779,-80.977829,40.112709,-159.59729,-2.3583651,-79.325157,40.524853,-158.7524,.10209338
2,27,-10.011834,6.1220503,-22.010832,1.9871645,2,0,-1.6460886,5.7696056,-12.954308,9.6621304,-80.655205,39.952896,-158.96144,-2.3489692,-79.009117,40.363396,-158.11992,.10168663
2.1,27,-9.9717865,6.0975623,-21.922789,1.9792159,2.0999999,0,-1.6395042,5.7465272,-12.902491,9.6234827,-80.332588,39.793083,-158.32559,-2.3395734,-78.693085,40.201942,-157.48744,.10127988
2.2,27,-9.9317389,6.0730739,-21.834745,1.9712671,2.2,0,-1.6329198,5.7234488,-12.850674,9.5848341,-80.009964,39.633274,-157.68976,-2.3301775,-78.377045,40.040489,-156.85497,.10087314
2.3,27,-9.8916922,6.0485859,-21.746702,1.9633185,2.3,0,-1.6263355,5.7003703,-12.798856,9.5461855,-79.687347,39.473461,-157.05391,-2.3207815,-78.061012,39.879036,-156.22249,.10046639
2.4,27,-9.8516445,6.0240974,-21.658659,1.9553698,2.4000001,0,-1.6197511,5.6772919,-12.747039,9.5075369,-79.364723,39.313648,-156.41806,-2.3113856,-77.744972,39.717583,-155.59,.10005965
2.5,27,-9.8115969,5.9996095,-21.570616,1.9474212,2.5,0,-1.6131668,5.6542134,-12.695222,9.4688883,-79.042099,39.153839,-155.78221,-2.3019898,-77.428932,39.556129,-154.95752,.099652901
2.6,27,-9.7715502,5.975121,-21.482573,1.9394726,2.5999999,0,-1.6065824,5.631135,-12.643405,9.4302397,-78.719482,38.994026,-155.14638,-2.292594,-77.1129,39.394676,-154.32504,.099246152
2.7,27,-9.7315025,5.950633,-21.394529,1.9315238,2.7,0,-1.5999981,5.6080565,-12.591587,9.3915911,-78.396858,38.834213,-154.51053,-2.2831981,-76.79686,39.233223,-153.69257,.09883941
2.8,27,-9.6914549,5.9261446,-21.306486,1.9235752,2.8,0,-1.5934137,5.5849781,-12.53977,9.3529425,-78.074242,38.674404,-153.87468,-2.2738023,-76.480827,39.07177,-153.06009,.09843266
2.9,27,-9.6514072,5.9016566,-21.218441,1.9156265,2.9000001,0,-1.5868293,5.5618997,-12.487953,9.3142939,-77.751617,38.514591,-153.23883,-2.2644062,-76.164787,38.910316,-152.42761,.098025918
3,27,-9.6113605,5.8771682,-21.130398,1.9076779,3,0,-1.580245,5.5388212,-12.436135,9.2756453,-77.429001,38.354782,-152.60298,-2.2550104,-75.848755,38.748863,-151.79512,.097619168
3.1,27,-9.5713129,5.8526802,-21.042355,1.8997293,3.0999999,0,-1.5736606,5.5157433,-12.384318,9.2369967,-77.106377,38.194969,-151.96715,-2.2456145,-75.532715,38.587406,-151.16264,.097212419
3.2,27,-9.5312653,5.8281918,-20.954311,1.8917806,3.2,0,-1.5670763,5.4926648,-12.332501,9.198348,-76.78376,38.035156,-151.3313,-2.2362187,-75.216682,38.425953,-150.53017,.096805677
3.3,27,-9.4912186,5.8037038,-20.866268,1.8838319,3.3,0,-1.5604919,5.4695864,-12.280684,9.1597004,-76.461136,37.875347,-150.69545,-2.2268229,-74.900642,38.2645,-149.89769,.096398927
3.4,27,-9.4511709,5.7792153,-20.778225,1.8758832,3.4000001,0,-1.5539076,5.4465079,-12.228867,9.1210518,-76.138512,37.715534,-150.0596,-2.217427,-74.58461,38.103046,-149.26521,.095992178
3.5,27,-9.4111233,5.7547274,-20.690182,1.8679346,3.5,0,-1.5473232,5.4234295,-12.17705,9.0824032,-75.815895,37.555721,-149.42375,-2.2080309,-74.26857,37.941593,-148.63272,.095585436
3.6,27,-9.3710766,5.7302389,-20.602139,1.8599859,3.5999999,0,-1.5407389,5.400351,-12.125232,9.0437546,-75.493271,37.395912,-148.78792,-2.1986351,-73.952538,37.78014,-148.00024,.095178686
3.7,27,-9.3310289,5.7057509,-20.514095,1.8520373,3.7,0,-1.5341545,5.3772726,-12.073415,9.005106,-75.170654,37.236099,-148.15207,-2.1892393,-73.636497,37.618687,-147.36777,.094771944
3.8,27,-9.2909813,5.681263,-20.426052,1.8440887,3.8,0,-1.5275701,5.3541942,-12.021598,8.9664574,-74.84803,37.076286,-147.51622,-2.1798434,-73.320465,37.457233,-146.73529,.094365194
3.9,27,-9.2509346,5.6567745,-20.338009,1.8361399,3.9000001,0,-1.5209858,5.3311157,-11.96978,8.9278088,-74.525414,36.916477,-146.88037,-2.1704476,-73.004425,37.29578,-146.10281,.093958452
4,27,-9.210887,5.6322865,-20.249966,1.8281913,4,0,-1.5144014,5.3080373,-11.917963,8.8891602,-74.202789,36.756664,-146.24452,-2.1610518,-72.688393,37.134327,-145.47034,.093551703
4.1,27,-9.1708393,5.6077981,-20.161922,1.8202426,4.0999999,0,-1.5078171,5.2849588,-11.866146,8.8505116,-73.880173,36.596851,-145.60869,-2.1516559,-72.372353,36.972874,-144.83784,.093144953
4.2,27,-9.1307926,5.5833101,-20.073879,1.812294,4.1999998,0,-1.5012327,5.2618804,-11.814329,8.8118629,-73.557549,36.437042,-144.97284,-2.1422598,-72.05632,36.81142,-144.20537,.092738211
4.3,27,-9.090745,5.5588217,-19.985836,1.8043454,4.3000002,0,-1.4946483,5.238802,-11.762511,8.7732143,-73.234924,36.277229,-144.33699,-2.132864,-71.74028,36.649963,-143.57289,.092331462
4.4,27,-9.0506973,5.5343337,-19.897793,1.7963966,4.4000001,0,-1.4880641,5.2157235,-11.710694,8.7345657,-72.912308,36.117416,-143.70114,-2.1234682,-71.42424,36.48851,-142.94041,.09192472
4.5,27,-9.0106506,5.5098453,-19.80975,1.788448,4.5,0,-1.4814796,5.1926451,-11.658877,8.6959181,-72.589684,35.957607,-143.06531,-2.1140723,-71.108208,36.327057,-142.30794,.09151797
4.6,27,-8.970603,5.4853573,-19.721706,1.7804993,4.5999999,0,-1.4748954,5.1695666,-11.607059,8.6572695,-72.267067,35.797794,-142.42946,-2.1046765,-70.792168,36.165604,-141.67545,.09111122
4.7,27,-8.9305553,5.4608688,-19.633663,1.7725507,4.6999998,0,-1.468311,5.1464882,-11.555243,8.6186209,-71.944443,35.637985,-141.79361,-2.0952806,-70.476135,36.00415,-141.04297,.090704478
4.8,27,-8.8905087,5.4363809,-19.545618,1.7646021,4.8000002,0,-1.4617267,5.1234097,-11.503426,8.5799723,-71.621826,35.478172,-141.15776,-2.0858846,-70.160095,35.842697,-140.41049,.090297729
4.9,27,-8.850461,5.4118924,-19.457575,1.7566534,4.9000001,0,-1.4551423,5.1003313,-11.451608,8.5413237,-71.299202,35.318359,-140.52191,-2.0764887,-69.844063,35.681244,-139.77802,.089890987
5,27,-8.8104134,5.3874044,-19.369532,1.7487047,5,0,-1.448558,5.0772529,-11.399791,8.5026751,-70.976585,35.15855,-139.88608,-2.0670929,-69.528023,35.519791,-139.14554,.089484237
5.1,27,-8.7703667,5.362916,-19.281488,1.740756,5.0999999,0,-1.4419736,5.0541744,-11.347974,8.4640265,-70.653961,34.998737,-139.25023,-2.0576971,-69.21199,35.358337,-138.51305,.089077495
5.2,27,-8.730319,5.338428,-19.193445,1.7328074,5.1999998,0,-1.4353893,5.031096,-11.296157,8.4253778,-70.331345,34.838924,-138.61438,-2.0483012,-68.89595,35.196884,-137.88057,.088670745
5.3,27,-8.6902714,5.3139396,-19.105402,1.7248588,5.3000002,0,-1.4288049,5.0080175,-11.244339,8.3867292,-70.00872,34.679115,-137.97853,-2.0389051,-68.579918,35.035427,-137.24809,.088263996
5.4,27,-8.6502247,5.2894516,-19.017359,1.7169101,5.4000001,0,-1.4222205,4.9849391,-11.192522,8.3480806,-69.686096,34.519302,-137.34268,-2.0295093,-68.263878,34.873974,-136.61562,.087857254
5.5,27,-8.610177,5.2649632,-18.929316,1.7089615,5.5,0,-1.4156362,4.9618607,-11.140705,8.309432,-69.36348,34.359489,-136.70685,-2.0201135,-67.947845,34.712521,-135.98314,.087450504
5.6,27,-8.5701294,5.2404752,-18.841272,1.7010127,5.5999999,0,-1.4090518,4.9387827,-11.088887,8.2707844,-69.040855,34.19968,-136.071,-2.0107176,-67.631805,34.551067,-135.35066,.087043762
5.7,27,-8.5300827,5.2159867,-18.753229,1.6930641,5.6999998,0,-1.4024675,4.9157043,-11.03707,8.2321358,-68.718239,34.039867,-135.43515,-2.0013218,-67.315773,34.389614,-134.71817,.086637013
5.8,27,-8.4900351,5.1914988,-18.665186,1.6851155,5.8000002,0,-1.3958831,4.8926253,-10.985253,8.1934872,-68.395615,33.880054,-134.7993,-1.9919258,-66.999733,34.228161,-134.08569,.086230263
5.9,27,-8.4499874,5.1670103,-18.577143,1.6771668,5.9000001,0,-1.3892987,4.8695474,-10.933435,8.1548386,-68.072998,33.720245,-134.16345,-1.98253,-66.683693,34.066708,-133.45322,.085823521
6,27,-8.4099407,5.1425223,-18.4891,1.6692182,6,0,-1.3827144,4.8464689,-10.881618,8.11619,-67.750374,33.560432,-133.52762,-1.9731342,-66.367661,33.905254,-132.82074,.085416771
6.1,27,-8.3698931,5.1180339,-18.401056,1.6612695,6.0999999,0,-1.37613,4.8233905,-10.829802,8.0775414,-67.42775,33.40062,-132.89177,-1.9637383,-66.05162,33.743801,-132.18826,.085010029
6.2,27,-8.3298454,5.0935459,-18.313013,1.6533208,6.1999998,0,-1.3695457,4.800312,-10.777985,8.0388927,-67.105133,33.24081,-132.25592,-1.9543424,-65.735588,33.582348,-131.55577,.08460328
6.3,27,-8.2897978,5.0690575,-18.224968,1.6453722,6.3000002,0,-1.3629613,4.7772336,-10.726167,8.0002441,-66.782509,33.080997,-131.62007,-1.9449465,-65.419548,33.420891,-130.92329,.08419653
6.4,27,-8.2497511,5.0445695,-18.136925,1.6374235,6.4000001,0,-1.356377,4.7541552,-10.67435,7.9615955,-66.459892,32.921185,-130.98422,-1.9355506,-65.103516,33.259438,-130.29082,.083789788
6.5,27,-8.2097034,5.0200815,-18.048882,1.6294749,6.5,0,-1.3497926,4.7310767,-10.622533,7.9229474,-66.137268,32.761375,-130.34839,-1.9261547,-64.787476,33.097984,-129.65834,.083383039
6.6,27,-8.1696568,4.9955931,-17.960838,1.6215262,6.5999999,0,-1.3432083,4.7079983,-10.570715,7.8842988,-65.814651,32.601563,-129.71254,-1.9167589,-64.471443,32.936531,-129.02586,.082976297
6.7,27,-8.1296091,4.9711051,-17.872795,1.6135776,6.6999998,0,-1.3366239,4.6849198,-10.518898,7.8456502,-65.492027,32.441753,-129.07669,-1.9073631,-64.155403,32.775078,-128.39337,.082569547
6.8,27,-8.0895615,4.9466166,-17.784752,1.6056288,6.8000002,0,-1.3300395,4.6618414,-10.467081,7.8070016,-65.169403,32.28194,-128.44084,-1.8979671,-63.839367,32.613625,-127.76089,.082162797
6.9,27,-8.0495138,4.9221287,-17.696709,1.5976802,6.9000001,0,-1.3234552,4.638763,-10.415263,7.768353,-64.846786,32.122128,-127.805,-1.8885713,-63.523331,32.452171,-127.12842,.081756055
7,27,-8.0094671,4.8976402,-17.608665,1.5897316,7,0,-1.3168708,4.6156845,-10.363446,7.7297044,-64.524162,31.962317,-127.16916,-1.8791753,-63.207294,32.290718,-126.49594,.081349306
7.1,27,-7.9694195,4.8731523,-17.520622,1.5817829,7.0999999,0,-1.3102865,4.5926061,-10.311629,7.6910563,-64.201546,31.802505,-126.53331,-1.8697795,-62.891258,32.129265,-125.86346,.080942564
7.2,27,-7.9293723,4.8486638,-17.432579,1.5738343,7.1999998,0,-1.3037021,4.5695276,-10.259812,7.6524076,-63.878925,31.642694,-125.89747,-1.8603836,-62.575222,31.967812,-125.23098,.080535814
7.3,27,-7.8893251,4.8241758,-17.344536,1.5658855,7.3000002,0,-1.2971177,4.5464492,-10.207994,7.613759,-63.556301,31.482882,-125.26162,-1.8509877,-62.259186,31.806356,-124.5985,.080129065
7.4,27,-7.8492775,4.7996874,-17.256493,1.5579369,7.4000001,0,-1.2905334,4.5233707,-10.156178,7.5751104,-63.233681,31.323071,-124.62577,-1.8415918,-61.94315,31.644903,-123.96602,.079722323
7.5,27,-7.8092303,4.7751994,-17.168449,1.5499883,7.5,0,-1.283949,4.5002923,-10.104361,7.5364618,-62.91106,31.16326,-123.98993,-1.832196,-61.627113,31.48345,-123.33354,.079315573
7.6,27,-7.7691832,4.750711,-17.080406,1.5420396,7.5999999,0,-1.2773647,4.4772139,-10.052543,7.4978137,-62.58844,31.003448,-123.35408,-1.8228002,-61.311077,31.321997,-122.70106,.078908831
7.7,27,-7.7291355,4.726223,-16.992363,1.534091,7.6999998,0,-1.2707803,4.4541354,-10.000726,7.4591651,-62.26582,30.843636,-122.71824,-1.8134042,-60.995041,31.160543,-122.06858,.078502081
7.8,27,-7.6890883,4.7017345,-16.904318,1.5261422,7.8000002,0,-1.264196,4.431057,-9.9489088,7.4205165,-61.943199,30.683825,-122.08239,-1.8040084,-60.679001,30.999088,-121.4361,.078095332
7.9,27,-7.6490407,4.6772466,-16.816275,1.5181936,7.9000001,0,-1.2576116,4.4079785,-9.8970909,7.3818679,-61.620579,30.524012,-121.44654,-1.7946124,-60.362965,30.837635,-120.80362,.07768859
8,27,-7.6089935,4.6527581,-16.728231,1.510245,8,0,-1.2510273,4.3849001,-9.845274,7.3432193,-61.297958,30.364201,-120.8107,-1.7852166,-60.046928,30.676182,-120.17114,.07728184
8.1,27,-7.5689464,4.6282701,-16.640188,1.5022963,8.1000004,0,-1.2444429,4.3618217,-9.7934561,7.3045707,-60.975334,30.20439,-120.17485,-1.7758207,-59.730892,30.514729,-119.53866,.076875091
8.199999999999999,27,-7.5288992,4.6037817,-16.552145,1.4943477,8.1999998,0,-1.2378587,4.3387437,-9.7416391,7.2659225,-60.652718,30.044579,-119.53901,-1.7664249,-59.414856,30.353275,-118.90618,.076468349
8.300000000000001,27,-7.4888515,4.5792937,-16.464102,1.4863991,8.3000002,0,-1.2312742,4.3156648,-9.6898222,7.2272739,-60.330093,29.884766,-118.90316,-1.7570289,-59.09882,30.19182,-118.2737,.076061599
8.4,27,-7.4488044,4.5548058,-16.376059,1.4784504,8.3999996,0,-1.22469,4.2925868,-9.6380053,7.1886253,-60.007477,29.724955,-118.26732,-1.7476331,-58.782784,30.030369,-117.64123,.075654857
8.5,27,-7.4087567,4.5303173,-16.288015,1.4705017,8.5,0,-1.2181056,4.2695084,-9.5861874,7.1499767,-59.684853,29.565144,-117.63147,-1.7382373,-58.466747,29.868914,-117.00874,.075248107
8.6,27,-7.3687096,4.5058289,-16.199972,1.462553,8.6000004,0,-1.2115211,4.2464294,-9.5343704,7.1113281,-59.362232,29.405331,-116.99562,-1.7288413,-58.150711,29.70746,-116.37626,.074841358
8.699999999999999,27,-7.3286624,4.4813409,-16.111929,1.4546044,8.6999998,0,-1.2049369,4.2233515,-9.4825535,7.07268,-59.039612,29.24552,-116.35978,-1.7194455,-57.834675,29.546007,-115.74378,.074434616
8.800000000000001,27,-7.2886147,4.4568524,-16.023886,1.4466558,8.8000002,0,-1.1983525,4.200273,-9.4307356,7.0340309,-58.716991,29.085709,-115.72393,-1.7100495,-57.518639,29.384552,-115.11131,.074027866
8.9,27,-7.2485676,4.4323645,-15.935843,1.4387071,8.8999996,0,-1.1917682,4.1771946,-9.3789186,6.9953828,-58.394371,28.925898,-115.08809,-1.7006538,-57.202602,29.223101,-114.47883,.073621124
9,27,-7.2085204,4.407876,-15.847799,1.4307584,9,0,-1.1851838,4.1541162,-9.3271017,6.9567342,-58.071751,28.766085,-114.45224,-1.6912578,-56.886566,29.061646,-113.84634,.073214374
9.1,27,-7.1684728,4.383388,-15.759755,1.4228097,9.1000004,0,-1.1785994,4.1310377,-9.2752838,6.9180856,-57.749126,28.606274,-113.81639,-1.6818619,-56.570526,28.900192,-113.21386,.072807625
9.199999999999999,27,-7.1284256,4.3589001,-15.671713,1.4148611,9.1999998,0,-1.1720151,4.1079593,-9.2234669,6.879437,-57.426506,28.446463,-113.18055,-1.672466,-56.254494,28.738739,-112.58139,.072400883
9.300000000000001,27,-7.0883784,4.3344116,-15.583669,1.4069124,9.3000002,0,-1.1654307,4.0848808,-9.1716499,6.8407884,-57.103886,28.28665,-112.5447,-1.6630702,-55.938454,28.577286,-111.94891,.071994133
9.4,27,-7.0483313,4.3099236,-15.495626,1.3989638,9.3999996,0,-1.1588464,4.0618024,-9.119833,6.8021402,-56.781265,28.126839,-111.90886,-1.6536744,-55.622421,28.415833,-111.31643,.071587391
9.5,27,-7.0082836,4.2854352,-15.407582,1.3910152,9.5,0,-1.152262,4.0387239,-9.0680151,6.7634916,-56.458645,27.967028,-111.27301,-1.6442784,-55.306381,28.254377,-110.68394,.071180642
9.6,27,-6.968236,4.2609468,-15.319539,1.3830664,9.6000004,0,-1.1456776,4.0156455,-9.0161982,6.724843,-56.136024,27.807215,-110.63716,-1.6348826,-54.990345,28.092924,-110.05147,.070773892
9.699999999999999,27,-6.9281888,4.2364588,-15.231496,1.3751178,9.6999998,0,-1.1390933,3.9925671,-8.9643812,6.6861944,-55.813404,27.647404,-110.00132,-1.6254867,-54.674309,27.931471,-109.41899,.07036715
9.800000000000001,27,-6.8881416,4.2119708,-15.143453,1.3671691,9.8000002,0,-1.1325089,3.9694886,-8.9125633,6.6475458,-55.49078,27.487593,-109.36547,-1.6160908,-54.358273,27.770018,-108.78651,.0699604
9.9,27,-6.8480945,4.1874824,-15.055409,1.3592205,9.8999996,0,-1.1259246,3.9464104,-8.8607464,6.6088977,-55.168163,27.327782,-108.72963,-1.6066949,-54.042236,27.608564,-108.15403,.069553658
10,27,-6.8080468,4.1629944,-14.967365,1.3512719,10,0,-1.1193402,3.9233317,-8.8089294,6.5702491,-54.845539,27.167969,-108.09378,-1.5972991,-53.7262,27.447109,-107.52155,.069146909
10.1,27,-6.7679996,4.1385059,-14.879322,1.3433231,10.1,0,-1.1127558,3.9002533,-8.7571115,6.5316005,-54.522919,27.008158,-107.45793,-1.5879031,-53.410164,27.285656,-106.88907,.068740159
10.2,27,-6.7279525,4.114018,-14.791279,1.3353745,10.2,0,-1.1061715,3.8771751,-8.7052946,6.4929519,-54.200298,26.848347,-106.82209,-1.5785073,-53.094128,27.124203,-106.25659,.068333417
10.3,27,-6.6879048,4.0895295,-14.703236,1.3274258,10.3,0,-1.0995871,3.8540967,-8.6534777,6.4543033,-53.877678,26.688534,-106.18624,-1.5691115,-52.778091,26.962749,-105.62411,.067926668
10.4,27,-6.6478577,4.0650415,-14.615192,1.3194772,10.4,0,-1.0930028,3.8310182,-8.6016607,6.4156551,-53.555058,26.528723,-105.5504,-1.5597156,-52.462055,26.801296,-104.99163,.067519926
10.5,27,-6.6078105,4.0405531,-14.527149,1.3115286,10.5,0,-1.0864184,3.8079398,-8.5498428,6.3770065,-53.232437,26.368912,-104.91455,-1.5503197,-52.146019,26.639843,-104.35915,.067113176
10.6,27,-6.5677629,4.0160651,-14.439105,1.3035798,10.6,0,-1.0798341,3.7848613,-8.4980259,6.3383574,-52.909813,26.209099,-104.2787,-1.5409237,-51.829979,26.478388,-103.72667,.066706426
10.7,27,-6.5277157,3.9915769,-14.351063,1.2956313,10.7,0,-1.0732497,3.7617829,-8.446209,6.2997093,-52.587196,26.049288,-103.64286,-1.531528,-51.513947,26.316935,-103.09419,.066299684
10.8,27,-6.487668,3.9670885,-14.263019,1.2876825,10.8,0,-1.0666654,3.7387044,-8.3943911,6.2610607,-52.264572,25.889477,-103.00701,-1.522132,-51.197906,26.155481,-102.46171,.065892935
10.9,27,-6.4476209,3.9426005,-14.174976,1.2797339,10.9,0,-1.060081,3.7156262,-8.3425741,6.2224126,-51.941956,25.729666,-102.37117,-1.5127362,-50.881874,25.994028,-101.82923,.065486193
11,27,-6.4075737,3.9181123,-14.086932,1.2717853,11,0,-1.0534967,3.6925476,-8.2907572,6.1837635,-51.619331,25.569853,-101.73532,-1.5033402,-50.565834,25.832575,-101.19675,.065079443
11.1,27,-6.3675261,3.8936238,-13.998889,1.2638366,11.1,0,-1.0469123,3.6694691,-8.2389393,6.1451149,-51.296711,25.410042,-101.09948,-1.4939444,-50.249798,25.67112,-100.56427,.064672694
11.2,27,-6.3274789,3.8691359,-13.910846,1.255888,11.2,0,-1.040328,3.6463909,-8.1871223,6.1064668,-50.974091,25.250231,-100.46363,-1.4845486,-49.933762,25.509666,-99.931793,.064265952
11.3,27,-6.2874317,3.8446476,-13.822803,1.2479392,11.3,0,-1.0337436,3.6233122,-8.1353054,6.0678182,-50.65147,25.090418,-99.827789,-1.4751526,-49.617725,25.348213,-99.299309,.063859202
11.4,27,-6.2473845,3.8201594,-13.734759,1.2399907,11.4,0,-1.0271593,3.600234,-8.0834885,6.0291696,-50.32885,24.930609,-99.19194,-1.4657568,-49.301689,25.18676,-98.666832,.06345246
11.5,27,-6.2073369,3.7956712,-13.646716,1.232042,11.5,0,-1.0205749,3.5771556,-8.0316706,5.990521,-50.006229,24.770796,-98.556099,-1.4563609,-48.985653,25.025307,-98.034355,.06304571
11.6,27,-6.1672893,3.771183,-13.558672,1.2240933,11.6,0,-1.0139905,3.5540769,-7.9798536,5.9518723,-49.683605,24.610983,-97.92025,-1.446965,-48.669617,24.863852,-97.401871,.062638961
11.7,27,-6.1272421,3.7466948,-13.47063,1.2161447,11.7,0,-1.0074062,3.5309987,-7.9280367,5.9132242,-49.360989,24.451172,-97.284409,-1.4375691,-48.35358,24.7024,-96.769394,.062232219
11.8,27,-6.0871949,3.7222066,-13.382586,1.2081959,11.8,0,-1.0008218,3.5079203,-7.8762193,5.8745756,-49.038364,24.291361,-96.64856,-1.4281733,-48.037544,24.540945,-96.136909,.061825473
11.9,27,-6.0471478,3.6977186,-13.294543,1.2002474,11.9,0,-.99423748,3.4848418,-7.8244023,5.835927,-48.715748,24.13155,-96.012718,-1.4187775,-47.721508,24.379492,-95.504433,.061418727
12,27,-6.0071001,3.6732302,-13.206499,1.1922987,12,0,-.98765314,3.4617634,-7.7725849,5.7972784,-48.393124,23.971737,-95.376869,-1.4093815,-47.405472,24.218039,-94.871956,.061011981
12.1,27,-5.9670529,3.648742,-13.118456,1.18435,12.1,0,-.98106873,3.4386849,-7.7207675,5.7586298,-48.070503,23.811926,-94.74102,-1.3999856,-47.089432,24.056583,-94.239471,.060605232
12.2,27,-5.9270058,3.6242537,-13.030413,1.1764014,12.2,0,-.97448444,3.4156065,-7.6689506,5.7199817,-47.747883,23.652115,-94.105179,-1.3905898,-46.773399,23.895132,-93.606995,.06019849
12.3,27,-5.8869581,3.5997655,-12.942369,1.1684527,12.3,0,-.96790004,3.3925281,-7.6171331,5.6813326,-47.425262,23.492302,-93.46933,-1.3811939,-46.457359,23.733677,-92.97451,.05979174
12.4,27,-5.846911,3.5752776,-12.854326,1.1605041,12.4,0,-.96131575,3.3694499,-7.5653162,5.6426845,-47.102642,23.332493,-92.833488,-1.371798,-46.141327,23.572226,-92.342041,.059384994
12.5,27,-5.8068638,3.5507891,-12.766282,1.1525553,12.5,0,-.95473135,3.3463712,-7.5134988,5.6040359,-46.780022,23.17268,-92.197639,-1.3624021,-45.825287,23.41077,-91.709557,.058978248
12.6,27,-5.7668161,3.5263009,-12.678239,1.1446067,12.6,0,-.948147,3.3232927,-7.4616809,5.5653872,-46.457397,23.012867,-91.56179,-1.3530062,-45.509251,23.249315,-91.077072,.058571499
12.7,27,-5.726769,3.5018129,-12.590196,1.1366581,12.7,0,-.94156265,3.3002145,-7.4098644,5.5267386,-46.134777,22.853058,-90.925949,-1.3436104,-45.193214,23.087864,-90.444595,.058164757
12.8,27,-5.6867213,3.4773245,-12.502152,1.1287094,12.8,0,-.93497831,3.2771361,-7.3580465,5.48809,-45.812157,22.693245,-90.2901,-1.3342144,-44.877178,22.926409,-89.812119,.057758007
12.9,27,-5.6466742,3.4528365,-12.414109,1.1207608,12.9,0,-.92839396,3.2540576,-7.3062296,5.4494419,-45.489536,22.533434,-89.654259,-1.3248186,-44.561146,22.764957,-89.179642,.057351261
13,27,-5.606627,3.4283483,-12.326066,1.112812,13,0,-.92180961,3.2309792,-7.2544122,5.4107933,-45.166916,22.373621,-89.01841,-1.3154228,-44.245106,22.603502,-88.547157,.056944516
13.1,27,-5.5665793,3.4038599,-12.238022,1.1048634,13.1,0,-.91522521,3.2079008,-7.2025948,5.3721447,-44.844296,22.21381,-88.382561,-1.3060268,-43.92907,22.442049,-87.914673,.056537766
13.2,27,-5.5265322,3.3793719,-12.14998,1.0969148,13.2,0,-.90864092,3.1848223,-7.1507778,5.3334961,-44.521675,22.053999,-87.746719,-1.296631,-43.613033,22.280596,-87.282196,.056131024
13.3,27,-5.486485,3.3548834,-12.061935,1.0889661,13.3,0,-.90205652,3.1617439,-7.0989604,5.2948475,-44.199051,21.894186,-87.11087,-1.2872351,-43.296997,22.119141,-86.649719,.055724274
13.4,27,-5.4464378,3.3303955,-11.973893,1.0810175,13.4,0,-.89547217,3.1386657,-7.0471435,5.2561994,-43.876434,21.734377,-86.475029,-1.2778393,-42.980961,21.957689,-86.017242,.055317529
13.5,27,-5.4063902,3.3059072,-11.885849,1.0730689,13.5,0,-.88888782,3.115587,-6.995326,5.2175508,-43.55381,21.574564,-85.83918,-1.2684433,-42.664925,21.796234,-85.384758,.054910783
13.6,27,-5.3663425,3.2814188,-11.797806,1.0651201,13.6,0,-.88230342,3.0925086,-6.9435086,5.1789021,-43.23119,21.414751,-85.203331,-1.2590475,-42.348885,21.634781,-84.752274,.054504033
13.7,27,-5.3262959,3.2569308,-11.709763,1.0571715,13.7,0,-.87571913,3.0694304,-6.8916917,5.1402535,-42.908569,21.254942,-84.56749,-1.2496517,-42.032852,21.473328,-84.119797,.054097291
13.8,27,-5.2862482,3.2324426,-11.621719,1.0492228,13.8,0,-.86913472,3.0463517,-6.8398743,5.1016049,-42.585949,21.095129,-83.931641,-1.2402557,-41.716812,21.311874,-83.48732,.053690542
13.9,27,-5.246201,3.2079544,-11.533676,1.0412742,13.9,0,-.86255044,3.0232735,-6.7880573,5.0629568,-42.263329,20.935318,-83.295799,-1.2308599,-41.40078,21.150421,-82.854843,.053283799
14,27,-5.2061534,3.1834662,-11.445633,1.0333256,14,0,-.85596603,3.000195,-6.7362399,5.0243082,-41.940708,20.775507,-82.65995,-1.221464,-41.08474,20.988966,-82.222359,.05287705
14.1,27,-5.1661062,3.158978,-11.357589,1.0253768,14.1,0,-.84938169,2.9771163,-6.6844225,4.9856591,-41.618084,20.615694,-82.024101,-1.2120681,-40.768703,20.827513,-81.589874,.0524703
14.2,27,-5.1260591,3.1344898,-11.269547,1.0174283,14.2,0,-.84279734,2.9540381,-6.6326056,4.947011,-41.295467,20.455883,-81.38826,-1.2026722,-40.452671,20.666059,-80.957405,.052063558
14.3,27,-5.0860114,3.1100016,-11.181502,1.0094795,14.3,0,-.83621299,2.9309597,-6.5807881,4.9083624,-40.972843,20.29607,-80.752411,-1.1932763,-40.136631,20.504606,-80.324921,.051656809
14.4,27,-5.0459642,3.0855134,-11.09346,1.0015309,14.4,0,-.82962865,2.9078813,-6.5289712,4.8697143,-40.650227,20.136261,-80.11657,-1.1838806,-39.820599,20.343153,-79.692444,.051250063
14.5,27,-5.0059171,3.0610251,-11.005416,.99358225,14.5,0,-.8230443,2.8848028,-6.4771538,4.8310652,-40.327602,19.976448,-79.480721,-1.1744846,-39.504559,20.181698,-79.059959,.050843317
14.6,27,-4.9658694,3.0365369,-10.917373,.98563355,14.6,0,-.81645989,2.8617244,-6.4253364,4.7924166,-40.004982,19.816635,-78.844872,-1.1650887,-39.188522,20.020245,-78.427483,.050436568
14.7,27,-4.9258223,3.0120487,-10.829329,.97768492,14.7,0,-.80987561,2.8386459,-6.3735194,4.7537684,-39.682362,19.656826,-78.20903,-1.1556928,-38.872486,19.858791,-77.795006,.050029825
14.8,27,-4.8857746,2.9875605,-10.741286,.96973622,14.8,0,-.8032912,2.8155675,-6.321702,4.7151198,-39.359741,19.497013,-77.573181,-1.146297,-38.55645,19.697338,-77.162521,.049623076
14.9,27,-4.8457274,2.9630725,-10.653243,.96178764,14.9,0,-.79670686,2.7924893,-6.2698851,4.6764712,-39.037121,19.337202,-76.93734,-1.1369011,-38.240414,19.535885,-76.530045,.049216334
15,27,-4.8056803,2.9385841,-10.565199,.95383894,15,0,-.79012251,2.7694106,-6.2180676,4.6378226,-38.7145,19.177391,-76.301491,-1.1275052,-37.924377,19.374432,-75.89756,.048809584
15.1,27,-4.7656326,2.9140959,-10.477156,.94589025,15.1,0,-.7835381,2.7463322,-6.1662502,4.599174,-38.391876,19.017578,-75.665642,-1.1181093,-37.608337,19.212976,-75.265083,.048402835
15.2,27,-4.7255855,2.8896079,-10.389112,.93794167,15.2,0,-.77695382,2.723254,-6.1144333,4.5605259,-38.06926,18.857767,-75.0298,-1.1087135,-37.292305,19.051523,-74.632607,.047996093
15.3,27,-4.6855383,2.8651195,-10.301069,.92999297,15.3,0,-.77036941,2.7001755,-6.0626159,4.5218773,-37.746635,18.697954,-74.393951,-1.0993176,-36.976265,18.89007,-74.000122,.047589343
15.4,27,-4.6454911,2.8406315,-10.213026,.92204434,15.4,0,-.76378512,2.6770971,-6.0107989,4.4832287,-37.424019,18.538145,-73.75811,-1.0899217,-36.660233,18.728617,-73.367645,.047182601
15.5,27,-4.6054435,2.8161433,-10.124983,.91409564,15.5,0,-.75720072,2.6540186,-5.9589815,4.4445801,-37.101395,18.378332,-73.122261,-1.0805259,-36.344196,18.567163,-72.735168,.046775851
15.6,27,-4.5653958,2.7916548,-10.036939,.90614694,15.6,0,-.75061637,2.6309402,-5.9071641,4.4059315,-36.778774,18.218519,-72.48642,-1.0711299,-36.028156,18.405708,-72.102684,.046369102
15.7,27,-4.5253491,2.7671669,-9.9488964,.89819837,15.7,0,-.74403203,2.6078618,-5.8553472,4.3672833,-36.456154,18.05871,-71.850571,-1.0617341,-35.712124,18.244255,-71.470207,.04596236
15.8,27,-4.4853015,2.7426784,-9.8608522,.89024967,15.8,0,-.73744768,2.5847833,-5.8035297,4.3286347,-36.133533,17.898897,-71.214729,-1.0523382,-35.396084,18.082802,-70.837723,.04555561
15.9,27,-4.4452543,2.7181904,-9.77281,.88230103,15.9,0,-.73086333,2.5617051,-5.7517128,4.2899861,-35.810913,17.739086,-70.57888,-1.0429424,-35.080051,17.921349,-70.205246,.045148868
16,27,-4.4052067,2.6937022,-9.6847658,.87435234,16,0,-.72427899,2.5386264,-5.6998954,4.2513375,-35.488293,17.579275,-69.943039,-1.0335464,-34.764011,17.759895,-69.572769,.044742119
16.1,27,-4.3651595,2.6692138,-9.5967226,.8664037,16.1,0,-.71769458,2.515548,-5.648078,4.2126889,-35.165668,17.419462,-69.30719,-1.0241505,-34.447975,17.59844,-68.940285,.044335369
16.2,27,-4.3251119,2.6447256,-9.5086784,.858455,16.200001,0,-.71111017,2.4924695,-5.5962605,4.1740403,-34.843048,17.259649,-68.671341,-1.0147547,-34.131935,17.436987,-68.3078,.043928623
16.3,27,-4.2850652,2.6202378,-9.4206371,.85050642,16.299999,0,-.70452595,2.4693913,-5.5444441,4.1353922,-34.520432,17.09984,-68.0355,-1.0053589,-33.815907,17.275536,-67.675331,.043521881
16.4,27,-4.2450175,2.5957494,-9.332593,.84255779,16.4,0,-.69794154,2.4463129,-5.4926267,4.0967436,-34.197807,16.940029,-67.399658,-.99596298,-33.499866,17.11408,-67.042847,.043115135
16.5,27,-4.2049704,2.5712612,-9.2445498,.83460909,16.5,0,-.6913572,2.4232345,-5.4408092,4.058095,-33.875187,16.780216,-66.763809,-.98656708,-33.18383,16.952627,-66.41037,.042708386
16.6,27,-4.1649227,2.546773,-9.1565056,.82666039,16.6,0,-.68477279,2.4001558,-5.3889918,4.0194464,-33.552567,16.620403,-66.12796,-.97717118,-32.86779,16.791172,-65.777885,.042301636
16.7,27,-4.1248751,2.5222845,-9.0684624,.8187117,16.700001,0,-.67818844,2.3770773,-5.3371744,3.9807975,-33.229942,16.460592,-65.492111,-.96777523,-32.551754,16.629719,-65.145401,.04189489
16.8,27,-4.0848284,2.4977968,-8.9804201,.81076318,16.799999,0,-.67160416,2.3539994,-5.285358,3.9421496,-32.907326,16.300783,-64.856277,-.95837951,-32.235722,16.468267,-64.512932,.041488148
16.9,27,-4.0447812,2.4733083,-8.8923769,.80281448,16.9,0,-.66501981,2.3309207,-5.2335405,3.903501,-32.584705,16.14097,-64.220428,-.94898361,-31.919685,16.306812,-63.880451,.041081402
17,27,-4.0047336,2.4488201,-8.8043327,.79486579,17,0,-.6584354,2.3078423,-5.1817231,3.8648522,-32.262081,15.981158,-63.584579,-.93958765,-31.603647,16.145359,-63.247971,.040674653
17.1,27,-3.9646859,2.4243319,-8.7162895,.78691709,17.1,0,-.65185106,2.2847638,-5.1299057,3.8262036,-31.939461,15.821346,-62.94873,-.93019176,-31.287609,15.983905,-62.615486,.040267903
17.2,27,-3.9246385,2.3998435,-8.6282454,.77896839,17.200001,0,-.64526665,2.2616851,-5.0780883,3.787555,-31.616838,15.661534,-62.312881,-.92079586,-30.971573,15.822451,-61.983006,.039861158
17.3,27,-3.8845918,2.3753557,-8.5402031,.77101988,17.299999,0,-.63868243,2.2386072,-5.0262718,3.7489071,-31.294222,15.501725,-61.677044,-.91140014,-30.65554,15.660999,-61.350536,.039454415
17.4,27,-3.8445444,2.3508675,-8.4521599,.76307118,17.4,0,-.63209802,2.2155287,-4.9744544,3.7102582,-30.971601,15.341913,-61.041199,-.90200418,-30.339502,15.499545,-60.718052,.03904767
17.5,27,-3.8044968,2.3263791,-8.3641157,.75512248,17.5,0,-.62551367,2.19245,-4.922637,3.6716096,-30.648979,15.1821,-60.40535,-.89260828,-30.023464,15.338091,-60.085571,.03864092
17.6,27,-3.7644494,2.3018909,-8.2760725,.74717379,17.6,0,-.61892927,2.1693716,-4.8708196,3.632961,-30.326357,15.022288,-59.769501,-.88321239,-29.707428,15.176637,-59.453087,.038234174
17.7,27,-3.724402,2.2774026,-8.1880283,.73922515,17.700001,0,-.61234486,2.1462932,-4.8190022,3.5943124,-30.003735,14.862476,-59.133652,-.87381649,-29.39139,15.015182,-58.820606,.037827425
17.8,27,-3.684355,2.2529147,-8.099987,.73127657,17.799999,0,-.60576063,2.123215,-4.7671857,3.5556643,-29.681118,14.702667,-58.497818,-.86442071,-29.075357,14.853731,-58.188137,.037420683
17.9,27,-3.6443076,2.2284265,-8.0119429,.72332788,17.9,0,-.59917623,2.1001365,-4.7153683,3.5170157,-29.358496,14.542855,-57.861969,-.85502481,-28.759321,14.692277,-57.555653,.037013937
18,27,-3.6042602,2.203938,-7.9238997,.71537918,18,0,-.59259188,2.0770581,-4.6635509,3.4783671,-29.035875,14.383042,-57.22612,-.84562892,-28.443283,14.530823,-56.923172,.036607187
18.1,27,-3.5642126,2.1794498,-7.835856,.70743054,18.1,0,-.58600748,2.0539796,-4.6117334,3.4397185,-28.713253,14.22323,-56.590271,-.83623302,-28.127245,14.369369,-56.290691,.036200441
18.2,27,-3.5241652,2.1549616,-7.7478123,.69948184,18.200001,0,-.57942313,2.030901,-4.559916,3.4010696,-28.390631,14.063418,-55.954422,-.82683706,-27.811207,14.207914,-55.658207,.035793692
18.3,27,-3.4841185,2.1304736,-7.65977,.69153327,18.299999,0,-.57283884,2.007823,-4.5080996,3.3624218,-28.068014,13.903609,-55.318588,-.81744134,-27.495176,14.046463,-55.025738,.03538695
18.4,27,-3.4440711,2.1059854,-7.5717263,.68358463,18.4,0,-.5662545,1.9847444,-4.4562821,3.3237731,-27.745392,13.743797,-54.682739,-.80804545,-27.179138,13.885009,-54.393257,.034980204
18.5,27,-3.4040234,2.0814972,-7.4836826,.67563593,18.5,0,-.55967009,1.9616659,-4.4044647,3.2851245,-27.42277,13.583984,-54.04689,-.79864955,-26.8631,13.723555,-53.760773,.034573454
18.6,27,-3.363976,2.0570087,-7.3956394,.66768724,18.6,0,-.55308574,1.9385874,-4.3526473,3.2464757,-27.100149,13.424172,-53.411041,-.78925359,-26.547062,13.5621,-53.128292,.034166709
18.7,27,-3.3239286,2.0325205,-7.3075957,.65973854,18.700001,0,-.54650134,1.9155089,-4.3008299,3.2078271,-26.777527,13.26436,-52.775196,-.7798577,-26.231026,13.400646,-52.495811,.033759959
18.8,27,-3.2838817,2.0080328,-7.2195535,.65179002,18.799999,0,-.53991711,1.8924308,-4.2490134,3.1691792,-26.45491,13.104551,-52.139359,-.77046198,-25.914993,13.239196,-51.863338,.033353221
18.9,27,-3.2438343,1.9835443,-7.1315098,.64384133,18.9,0,-.53333271,1.8693523,-4.197196,3.1305306,-26.132288,12.944739,-51.50351,-.76106608,-25.598955,13.077742,-51.230858,.032946471
19,27,-3.2037868,1.9590561,-7.0434661,.63589263,19,0,-.52674836,1.8462738,-4.1453786,3.0918818,-25.809666,12.784926,-50.867661,-.75167012,-25.282917,12.916287,-50.598377,.032539722
19.1,27,-3.1637392,1.9345678,-6.9554224,.62794393,19.1,0,-.52016395,1.8231953,-4.0935612,3.0532331,-25.487043,12.625114,-50.231815,-.74227422,-24.966881,12.754833,-49.965893,.032132976
19.2,27,-3.1236918,1.9100795,-6.8673787,.61999524,19.200001,0,-.51357955,1.8001168,-4.0417438,3.0145845,-25.164423,12.465302,-49.595966,-.73287833,-24.650843,12.593379,-49.333412,.031726226
19.3,27,-3.0836451,1.8855917,-6.7793369,.61204672,19.299999,0,-.50699532,1.7770387,-3.9899273,2.9759367,-24.841806,12.305493,-48.960129,-.72348261,-24.33481,12.431928,-48.700943,.031319488
19.4,27,-3.0435977,1.8611034,-6.6912932,.60409802,19.4,0,-.50041091,1.7539603,-3.9381099,2.9372878,-24.519184,12.145681,-48.32428,-.71408665,-24.018774,12.270473,-48.068459,.030912738
19.5,27,-3.0035501,1.8366151,-6.6032495,.59614933,19.5,0,-.49382657,1.7308817,-3.8862925,2.8986392,-24.196562,11.985868,-47.688435,-.70469075,-23.702736,12.109019,-47.435978,.030505991
19.6,27,-2.9635026,1.8121268,-6.5152059,.58820063,19.6,0,-.48724219,1.7078031,-3.834475,2.8599906,-23.87394,11.826056,-47.052586,-.69529486,-23.386698,11.947565,-46.803493,.030099241
19.7,27,-2.9234552,1.7876385,-6.4271622,.58025199,19.700001,0,-.48065782,1.6847247,-3.7826574,2.821342,-23.551317,11.666245,-46.416737,-.68589896,-23.07066,11.786111,-46.171013,.029692493
19.8,27,-2.8834083,1.7631507,-6.3391204,.57230341,19.799999,0,-.47407356,1.6616466,-3.7308412,2.7826939,-23.228703,11.506435,-45.780899,-.67650318,-22.754629,11.62466,-45.538544,.029285753
19.9,27,-2.8433609,1.7386624,-6.2510767,.56435472,19.9,0,-.46748918,1.638568,-3.6790237,2.7440453,-22.90608,11.346623,-45.145054,-.66710728,-22.438591,11.463205,-44.906059,.028879005
20,27,-2.8033135,1.7141742,-6.163033,.55640602,20,0,-.46090481,1.6154896,-3.6272061,2.7053967,-22.583458,11.18681,-44.509205,-.65771139,-22.122553,11.301751,-44.273579,.028472258
20.1,27,-2.7632658,1.6896858,-6.0749893,.54845738,20.1,0,-.4543204,1.592411,-3.5753887,2.666748,-22.260836,11.026999,-43.873356,-.64831549,-21.806515,11.140297,-43.641098,.02806551
20.2,27,-2.7232184,1.6651975,-5.9869456,.54050869,20.200001,0,-.44773602,1.5693326,-3.5235713,2.6280992,-21.938213,10.867187,-43.237507,-.63891953,-21.490479,10.978843,-43.008614,.027658761
20.3,27,-2.6831717,1.6407096,-5.8989038,.53256011,20.299999,0,-.44115177,1.5462545,-3.4717548,2.5894513,-21.615599,10.707377,-42.601673,-.62952381,-21.174446,10.817391,-42.376144,.02725202
20.4,27,-2.6431243,1.6162214,-5.8108602,.52461147,20.4,0,-.43456739,1.523176,-3.4199374,2.5508027,-21.292976,10.547565,-41.965824,-.62012792,-20.858408,10.655937,-41.743664,.026845273
20.5,27,-2.6030767,1.5917331,-5.7228165,.51666278,20.5,0,-.42798302,1.5000975,-3.36812,2.5121541,-20.970354,10.387753,-41.329975,-.61073202,-20.54237,10.494483,-41.111179,.026438525
20.6,27,-2.5630293,1.5672448,-5.6347728,.50871408,20.6,0,-.42139864,1.477019,-3.3163025,2.4735053,-20.647732,10.227941,-40.694126,-.60133606,-20.226334,10.333029,-40.478699,.026031777
20.7,27,-2.5229819,1.5427566,-5.5467291,.50076538,20.700001,0,-.41481426,1.4539404,-3.2644851,2.4348567,-20.325109,10.068129,-40.058281,-.59194016,-19.910295,10.171575,-39.846214,.025625028
20.8,27,-2.4829352,1.5182687,-5.4586868,.49281684,20.799999,0,-.40823001,1.4308624,-3.2126687,2.3962088,-20.002493,9.9083195,-39.422443,-.58254445,-19.594263,10.010124,-39.213745,.025218287
20.9,27,-2.4428875,1.4937804,-5.3706431,.48486817,20.9,0,-.40164563,1.4077839,-3.1608512,2.3575602,-19.679873,9.7485075,-38.786594,-.57314855,-19.278227,9.84867,-38.581264,.02481154
21,27,-2.4028401,1.469292,-5.2825994,.47691947,21,0,-.39506125,1.3847053,-3.1090338,2.3189113,-19.35725,9.5886955,-38.150745,-.56375259,-18.962189,9.6872158,-37.94878,.024404792
21.1,27,-2.3627925,1.4448038,-5.1945562,.46897078,21.1,0,-.38847688,1.3616269,-3.0572164,2.2802627,-19.034628,9.4288826,-37.5149,-.55435669,-18.646151,9.5257616,-37.316299,.023998044
21.2,27,-2.3227451,1.4203155,-5.1065125,.46102211,21.200001,0,-.3818925,1.3385483,-3.005399,2.2416141,-18.712006,9.2690706,-36.879051,-.5449608,-18.330112,9.3643074,-36.683819,.023591297
21.3,27,-2.2826984,1.3958277,-5.0184703,.45307356,21.299999,0,-.37530825,1.3154702,-2.9535825,2.2029662,-18.389389,9.1092615,-36.243214,-.53556508,-18.014082,9.2028561,-36.051346,.023184555
21.4,27,-2.242651,1.3713393,-4.9304266,.44512486,21.4,0,-.36872387,1.2923918,-2.9017651,2.1643174,-18.066767,8.9494495,-35.607365,-.52616912,-17.698044,9.0414019,-35.418865,.022777807
21.5,27,-2.2026033,1.3468511,-4.8423829,.43717617,21.5,0,-.36213949,1.2693132,-2.8499477,2.1256688,-17.744146,8.7896376,-34.971519,-.51677322,-17.382006,8.8799477,-34.786385,.022371059
21.6,27,-2.1625559,1.3223628,-4.7543392,.4292275,21.6,0,-.35555509,1.2462348,-2.7981303,2.0870202,-17.421524,8.6298246,-34.33567,-.50737733,-17.065968,8.7184935,-34.1539,.021964312
21.7,27,-2.1225085,1.2978745,-4.6662955,.4212788,21.700001,0,-.34897071,1.2231562,-2.7463129,2.0483713,-17.098902,8.4700127,-33.699821,-.4979814,-16.749931,8.5570393,-33.52142,.021557564
21.8,27,-2.0824618,1.2733867,-4.5782537,.41333026,21.799999,0,-.34238645,1.2000781,-2.6944964,2.0097234,-16.776285,8.3102036,-33.063984,-.48858568,-16.433899,8.3955879,-32.88895,.021150822
21.9,27,-2.0424142,1.2488984,-4.4902101,.40538159,21.9,0,-.33580208,1.1769997,-2.642679,1.9710748,-16.453663,8.1503916,-32.428139,-.47918975,-16.117861,8.2341337,-32.256466,.020744074
22,27,-2.0023668,1.2244101,-4.4021664,.39743289,22,0,-.3292177,1.1539211,-2.5908616,1.9324261,-16.131041,7.9905791,-31.79229,-.46979383,-15.801824,8.0726795,-31.623985,.020337326
22.1,27,-1.9623193,1.1999217,-4.3141227,.3894842,22.1,0,-.32263333,1.1308426,-2.5390441,1.8937775,-15.808419,7.8307672,-31.156441,-.46039793,-15.485786,7.9112253,-30.991503,.019930579
22.2,27,-1.9222717,1.1754335,-4.226079,.38153553,22.200001,0,-.31604895,1.1077641,-2.4872267,1.8551288,-15.485797,7.6709547,-30.520592,-.451002,-15.169748,7.7497711,-30.35902,.019523831
22.3,27,-1.882225,1.1509457,-4.1380372,.37358698,22.299999,0,-.30946469,1.084686,-2.4354103,1.8164809,-15.163181,7.5111456,-29.884756,-.44160628,-14.853717,7.5883198,-29.726551,.019117091
22.4,27,-1.8421775,1.1264573,-4.0499935,.36563829,22.4,0,-.30288032,1.0616075,-2.3835928,1.7778322,-14.840559,7.3513336,-29.248909,-.43221036,-14.537679,7.4268656,-29.094069,.018710341
22.5,27,-1.8021301,1.101969,-3.9619498,.35768959,22.5,0,-.29629594,1.038529,-2.3317754,1.7391835,-14.517938,7.1915212,-28.61306,-.42281446,-14.221642,7.2654114,-28.461586,.018303594
22.6,27,-1.7620826,1.0774808,-3.8739061,.34974092,22.6,0,-.28971156,1.0154505,-2.279958,1.7005348,-14.195315,7.0317092,-27.977211,-.41341853,-13.905603,7.1039572,-27.829103,.017896846
22.7,27,-1.7220351,1.0529925,-3.7858624,.34179223,22.700001,0,-.28312719,.99237198,-2.2281406,1.6618862,-13.872693,6.8718967,-27.341364,-.40402263,-13.589566,6.942503,-27.196623,.017490098
22.8,27,-1.6819884,1.0285046,-3.6978204,.33384368,22.799999,0,-.27654293,.96929395,-2.1763241,1.6232382,-13.550077,6.7120876,-26.705528,-.39462689,-13.273534,6.7810521,-26.564152,.017083358
22.9,27,-1.6419408,1.0040164,-3.6097767,.32589501,22.9,0,-.26995856,.94621539,-2.1245067,1.5845896,-13.227455,6.5522757,-26.069679,-.38523099,-12.957497,6.6195979,-25.931669,.01667661
23,27,-1.6018934,.97952807,-3.521733,.31794631,23,0,-.26337418,.92313689,-2.0726893,1.5459409,-12.904833,6.3924632,-25.43383,-.37583506,-12.641459,6.4581437,-25.299189,.016269861
23.1,27,-1.5618459,.95503974,-3.4336894,.30999762,23.1,0,-.25678977,.90005839,-2.0208719,1.5072923,-12.582211,6.2326512,-24.797983,-.36643916,-12.325421,6.2966895,-24.666706,.015863113
23.2,27,-1.5217984,.93055147,-3.3456457,.30204895,23.200001,0,-.2502054,.87697989,-1.9690543,1.4686435,-12.259589,6.0728388,-24.162134,-.35704324,-12.009383,6.1352353,-24.034224,.015456365
23.3,27,-1.4817517,.90606362,-3.2576039,.2941004,23.299999,0,-.24362116,.8539018,-1.917238,1.4299957,-11.936973,5.9130297,-23.526299,-.34764752,-11.693352,5.973784,-23.401754,.015049625
23.4,27,-1.4417042,.88157535,-3.1695602,.28615171,23.4,0,-.23703678,.8308233,-1.8654206,1.3913469,-11.614351,5.7532177,-22.89045,-.33825159,-11.377315,5.8123298,-22.769272,.014642877
23.5,27,-1.4016567,.85708708,-3.0815165,.27820301,23.5,0,-.2304524,.8077448,-1.813603,1.3526983,-11.291729,5.5934052,-22.254602,-.32885569,-11.061276,5.6508756,-22.136789,.014236129
23.6,27,-1.3616092,.83259875,-2.9934728,.27025434,23.6,0,-.22386801,.7846663,-1.7617856,1.3140496,-10.969107,5.4335933,-21.618753,-.31945977,-10.745239,5.4894214,-21.504307,.01382938
23.7,27,-1.3215617,.80811048,-2.9054291,.26230565,23.700001,0,-.21728364,.7615878,-1.7099682,1.275401,-10.646484,5.2737813,-20.982906,-.31006387,-10.429201,5.3279672,-20.871824,.013422633
23.8,27,-1.281515,.78362262,-2.8173871,.2543571,23.799999,0,-.21069938,.73850971,-1.6581517,1.236753,-10.323869,5.1139717,-20.347071,-.30066812,-10.11317,5.1665163,-20.239355,.013015892
23.9,27,-1.2414676,.75913435,-2.7293434,.24640842,23.9,0,-.204115,.71543121,-1.6063343,1.1981044,-10.001246,4.9541597,-19.711222,-.29127222,-9.7971315,5.0050621,-19.606873,.012609144
24,27,-1.2014201,.73464602,-2.6412997,.23845974,24,0,-.19753063,.69235265,-1.5545169,1.1594557,-9.6786251,4.7943478,-19.075373,-.2818763,-9.4810944,4.8436079,-18.97439,.012202396
24.1,27,-1.1613725,.71015775,-2.5532563,.23051105,24.1,0,-.19094625,.66927415,-1.5026995,1.1208071,-9.3560028,4.6345353,-18.439526,-.2724804,-9.1650562,4.6821537,-18.341909,.011795648
24.2,27,-1.121325,.68566948,-2.4652126,.22256236,24.200001,0,-.18436186,.64619565,-1.4508821,1.0821583,-9.0333805,4.4747233,-17.803677,-.26308447,-8.8490191,4.5206995,-17.709427,.0113889
24.3,27,-1.0812783,.66118163,-2.3771706,.21461383,24.299999,0,-.17777762,.62311757,-1.3990656,1.0435104,-8.7107649,4.3149142,-17.167841,-.25368875,-8.5329876,4.3592482,-17.076956,.01098216
24.4,27,-1.0412309,.63669336,-2.2891269,.20666513,24.4,0,-.17119323,.60003906,-1.3472482,1.0048617,-8.3881426,4.1551018,-16.531992,-.24429284,-8.2169495,4.197794,-16.444475,.010575411
24.5,27,-1.0011834,.61220503,-2.2010832,.19871645,24.5,0,-.16460885,.57696056,-1.2954308,.96621305,-8.0655203,3.9952896,-15.896145,-.23489691,-7.9009118,4.0363398,-15.811993,.010168663
24.6,27,-.96113586,.58771676,-2.1130395,.19076777,24.6,0,-.15802447,.55388206,-1.2436134,.92756438,-7.7428985,3.8354774,-15.260296,-.225501,-7.5848742,3.8748856,-15.17951,.0097619155
24.7,27,-.9210884,.56322843,-2.0249958,.18281907,24.700001,0,-.1514401,.53080356,-1.1917959,.88891572,-7.4202766,3.6756651,-14.624448,-.21610509,-7.2688365,3.7134314,-14.547029,.0093551669
24.8,27,-.88104165,.53874063,-1.9369539,.17487054,24.799999,0,-.14485584,.50772548,-1.1399795,.85026783,-7.0976605,3.515856,-13.988612,-.20670936,-6.952805,3.5519803,-13.914558,.0089484267
24.9,27,-.84099418,.51425231,-1.8489102,.16692184,24.9,0,-.13827147,.48464698,-1.0881621,.8116191,-6.7750387,3.3560438,-13.352764,-.19731344,-6.6367669,3.3905261,-13.282076,.008541679
25,27,-.80094671,.48976403,-1.7608665,.15897316,25,0,-.13168709,.46156844,-1.0363446,.77297044,-6.4524164,3.1962316,-12.716915,-.18791753,-6.3207293,3.2290719,-12.649594,.0081349304
25.1,27,-.76089919,.46527573,-1.6728228,.15102448,25.1,0,-.1251027,.43848994,-.98452717,.73432177,-6.1297946,3.0364194,-12.081067,-.17852162,-6.0046916,3.0676177,-12.017112,.0077281827
25.2,27,-.72085172,.44078743,-1.5847793,.14307578,25.200001,0,-.11851832,.41541144,-.93270975,.69567311,-5.8071723,2.8766074,-11.445219,-.16912571,-5.6886539,2.9061635,-11.384629,.0073214346
25.3,27,-.68080503,.41629961,-1.4967372,.13512725,25.299999,0,-.11193407,.39233336,-.88089335,.65702516,-5.4845567,2.7167981,-10.809383,-.15972997,-5.3726225,2.7447124,-10.75216,.0069146943
25.4,27,-.6407575,.39181131,-1.4086936,.12717855,25.4,0,-.10534969,.36925486,-.82907587,.61837649,-5.1619344,2.5569859,-10.173535,-.15033406,-5.0565848,2.5832582,-10.119678,.0065079462
25.5,27,-.60071003,.36732301,-1.3206499,.11922987,25.5,0,-.098765314,.34617633,-.77725846,.57972783,-4.8393126,2.3971739,-9.5376863,-.14093815,-4.7405472,2.421804,-9.487195,.006101198
25.6,27,-.56066251,.34283474,-1.2326063,.11128118,25.6,0,-.09218093,.32309783,-.72544104,.54107916,-4.5166903,2.2373617,-8.9018383,-.13154224,-4.4245095,2.2603498,-8.8547134,.0056944499
25.7,27,-.52061504,.31834644,-1.1445626,.10333249,25.700001,0,-.085596554,.30001932,-.67362362,.5024305,-4.1940684,2.0775495,-8.2659903,-.12214632,-4.1084719,2.0988953,-8.2222309,.0052877017
25.8,27,-.48056832,.29385862,-1.0565206,.095383957,25.799999,0,-.079012297,.27694124,-.62180716,.46378258,-3.8714523,1.9177402,-7.6301541,-.11275059,-3.7924402,1.9374443,-7.5897613,.0048809615
25.9,27,-.44052082,.26937032,-.96847695,.087435268,25.9,0,-.072427921,.25386274,-.56998974,.42513391,-3.5488303,1.757928,-6.9943061,-.10335468,-3.4764025,1.7759901,-6.9572792,.0044742133
26,27,-.40047336,.24488202,-.88043326,.079486579,26,0,-.065843545,.23078422,-.51817232,.38648522,-3.2262082,1.5981158,-6.3584576,-.093958765,-3.1603646,1.6145359,-6.3247972,.0040674652
26.1,27,-.36042586,.22039372,-.79238963,.07153789,26.1,0,-.059259161,.20770572,-.46635488,.34783655,-2.9035861,1.4383037,-5.7226095,-.084562853,-2.844327,1.4530817,-5.6923146,.0036607173
26.2,27,-.32037836,.19590542,-.70434594,.0635892,26.200001,0,-.052674782,.18462721,-.41453746,.30918789,-2.5809641,1.2784915,-5.0867615,-.075166941,-2.5282893,1.2916275,-5.0598326,.0032539691
26.3,27,-.28033164,.17141759,-.61630398,.055640664,26.299999,0,-.046090528,.16154914,-.36272103,.27053997,-2.2583482,1.1186823,-4.4509254,-.065771207,-2.2122576,1.1301763,-4.4273624,.0028472289
26.4,27,-.24028416,.14692931,-.52826029,.047691979,26.4,0,-.039506149,.13847062,-.31090358,.23189129,-1.9357262,.95887011,-3.8150771,-.056375295,-1.8962201,.96872216,-3.7948806,.0024404807
26.5,27,-.20023668,.12244101,-.44021663,.039743289,26.5,0,-.032921772,.11539211,-.25908616,.19324261,-1.6131041,.7990579,-3.1792288,-.046979383,-1.5801823,.80726796,-3.1623986,.0020337326
26.6,27,-.16018918,.097952709,-.35217297,.0317946,26.6,0,-.026337391,.092313603,-.20726873,.15459394,-1.290482,.63924575,-2.5433807,-.03758347,-1.2641447,.64581376,-2.5299163,.0016269846
26.7,27,-.1201417,.073464416,-.26412931,.023845913,26.700001,0,-.019753013,.069235094,-.1554513,.11594527,-.96786004,.47943354,-1.9075325,-.028187558,-.948107,.48435953,-1.8974342,.0012202365
26.8,27,-.080094978,.048976589,-.17608732,.015897376,26.799999,0,-.013168759,.046157021,-.10363486,.077297337,-.64524412,.31962439,-1.2716964,-.018791825,-.63207537,.3229084,-1.2649642,.00081349618
26.9,27,-.040047489,.024488294,-.08804366,.0079486882,26.9,0,-.0065843794,.023078511,-.051817428,.038648669,-.32262206,.1598122,-.63584822,-.0093959123,-.31603768,.1614542,-.63248211,.00040674809
27,27,0,0,0,0,27,0,0,0,0,0,0,0,0,0,0,0,0,0
27.1,27,.040033471,.024486667,-.0079595139,.088026457,27.1,.001,.0065806936,.02307689,-.038649179,.051810566,.32258835,.15980504,.0093762195,.63580048,.31600767,.16144669,-.00042204536,.63243741
27.2,27,.079982832,.048963569,-.015983999,.17594966,27.200001,.0080000004,.013139274,.046144061,-.07730142,.10357998,.64497453,.31956723,.018634271,1.2713149,.63183528,.32284835,-.00093588355,1.2646064
27.3,27,.11976322,.07342051,-.024138337,.26366475,27.299999,.027000003,.019653503,.069191366,-.11595909,.15526609,.96695018,.47924066,.027655765,1.9062446,.94729668,.48415688,-.0016333453,1.8962268
27.4,27,.15929204,.097848751,-.032487996,.35107207,27.4,.064000003,.026101518,.09221001,-.15462679,.20682982,1.2883254,.63878858,.036322773,2.540328,1.262224,.64533347,-.0026063758,2.5270543
27.5,27,.19848444,.12223827,-.041098181,.43806705,27.5,.125,.032461081,.11518992,-.19330701,.25822917,1.608892,.79816532,.044516709,3.1732671,1.5764309,.80633008,-.0039470345,3.1568089
27.6,27,.23725629,.14657964,-.050034516,.5245471,27.6,.21600002,.038710076,.13812152,-.23200312,.30942327,1.9284476,.95732808,.052118991,3.8047762,1.8897375,.96710199,-.005747573,3.7852225
27.7,27,.27552348,.17086357,-.059362944,.61040992,27.700001,.34299999,.044826392,.16099529,-.27071857,.36037135,2.2467899,1.1162344,.059010856,4.4345694,2.2019637,1.1276045,-.0081004696,4.4120278
27.8,27,.31320119,.19508053,-.069149651,.69555199,27.799999,.51200002,.050787792,.18380138,-.30945632,.4110319,2.5637112,1.2748387,.065073103,5.0623488,2.5129232,1.2877898,-.011098477,5.0369449
27.9,27,.35020676,.21922266,-.079461746,.77987528,27.9,.72899991,.056572411,.20653138,-.34822163,.46136647,2.8790207,1.4331049,.070186779,5.6878548,2.8224483,1.44762,-.01483469,5.6597314
28,27,.38645539,.2432809,-.090366423,.8632772,28,1,.062158015,.2291756,-.38701791,.51133394,3.1925108,1.5909878,.074232079,6.3107896,3.1303527,1.6070476,-.01940256,6.280108
28.1,27,.42186293,.26724702,-.1019316,.94565743,28.1,1.3310001,.067522481,.25172499,-.42584944,.56089443,3.503979,1.7484454,.077088989,6.9308691,3.4364564,1.7660286,-.024895962,6.897809
28.2,27,.45634529,.29111311,-.11422591,1.0269165,28.200001,1.7280002,.072643705,.27417067,-.4647209,.6100083,3.8132231,1.905436,.078637108,7.5478091,3.7405796,1.9245194,-.031409241,7.512568
28.3,27,.48981759,.31487116,-.12731855,1.1069537,28.299999,2.1969998,.077499449,.29650337,-.50363648,.65863538,4.1200352,2.0619152,.078755371,8.161315,4.0425358,2.0824733,-.039037257,8.1241083
28.4,27,.52219725,.33851504,-.14128003,1.1856745,28.4,2.744,.08206784,.31871545,-.54260296,.70673865,4.4242244,2.2178478,.077322736,8.7711267,4.3421569,2.2398536,-.047875483,8.7321892
28.5,27,.55339938,.3620376,-.15618128,1.2629801,28.5,3.375,.086326651,.34079811,-.58162534,.75427866,4.7255836,2.3731897,.074217111,9.3769503,4.639257,2.3966138,-.05801997,9.3365335
28.6,27,.58333993,.38543275,-.17209439,1.3387743,28.6,4.0960002,.090253763,.36274314,-.62070972,.80121726,5.0239096,2.5279005,.069315948,9.9785032,4.9336557,2.552712,-.069567472,9.9368792
28.7,27,.61193472,.40869489,-.18909252,1.4129621,28.700001,4.9130006,.093827069,.38454267,-.6598627,.84751683,5.3190007,2.6819396,.062496074,10.575506,5.225174,2.7081056,-.08261548,10.532963
28.8,27,.639099,.43181854,-.20724981,1.4854478,28.799999,5.8319993,.097024322,.40618858,-.69909066,.8931393,5.6106491,2.835264,.053633459,11.167665,5.5136247,2.8627501,-.097262233,11.124512
28.9,27,.66475004,.45480025,-.22664212,1.5561422,28.9,6.8589997,.099823661,.42767435,-.73840266,.93804997,5.8986635,2.9878407,.042603776,11.754724,5.79884,3.0166099,-.11360694,11.711287
29,27,.68880302,.47763592,-.24734616,1.6249522,29,8,.10220286,.44899249,-.77780622,.98221195,6.182837,3.1396267,.029281454,12.336392,6.0806341,3.1696417,-.13174959,12.293017
29.1,27,.71117389,.50032252,-.26944023,1.691788,29.1,9.2609978,.10413979,.47013617,-.81731015,1.0255897,6.4629664,3.2905841,.013540264,12.912393,6.3588266,3.321805,-.15179119,12.869445
29.2,27,.73177844,.5228579,-.29300424,1.756561,29.200001,10.648001,.10561233,.491099,-.856924,1.0681487,6.7388501,3.4406741,-.0047471398,13.482448,6.6332378,3.4730597,-.17383388,13.44031
29.3,27,.75053191,.54524022,-.31811938,1.8191831,29.299999,12.166999,.10659827,.5118745,-.89665723,1.1098537,7.0102797,3.5898561,-.025708895,14.046268,6.9036813,3.6233635,-.19798067,14.005343
29.4,27,.76735157,.56747001,-.34486917,1.8795724,29.4,13.824001,.10707572,.53245777,-.93652231,1.1506737,7.2770653,3.7380989,-.049474008,14.603604,7.1699896,3.7726843,-.22433604,14.564315
29.5,27,.78215271,.58954716,-.37333843,1.9376439,29.5,15.625,.10702247,.55284321,-.97653031,1.1905752,7.5389981,3.8853626,-.076172769,15.154169,7.4319758,3.9209807,-.25300545,15.116957
29.6,27,.79485118,.61147314,-.4036141,1.9933165,29.6,17.575998,.10641639,.573026,-1.0166939,1.2295266,7.7958765,4.0316114,-.10593668,15.69769,7.6894603,4.0682154,-.28409579,15.663016
29.7,27,.80536282,.63325042,-.43578523,2.0465109,29.700001,19.683001,.10523535,.59300172,-1.0570266,1.2674973,8.0474977,4.1768098,-.13889845,16.233894,7.9422626,4.2143521,-.31771547,16.20224
29.8,27,.81360281,.65488219,-.46994269,2.0971482,29.799999,21.952,.10345714,.61276615,-1.0975424,1.3044567,8.2936544,4.3209195,-.17519206,16.762501,8.190197,4.3593512,-.35397404,16.734369
29.9,27,.81948847,.67637402,-.50618023,2.1451571,29.9,24.389002,.10105988,.63231677,-1.1382582,1.3403779,8.5341558,4.463913,-.21495254,17.283264,8.4330959,4.5031843,-.39298299,17.259174
30,27,.8229351,.69773144,-.54459339,2.1904635,30,27,.098021351,.65165043,-1.17919,1.3752327,8.7687941,4.6057534,-.25831667,17.795904,8.6707726,4.6458135,-.43485507,17.7764
30.1,27,.8238585,.71896172,-.58528054,2.2329977,30.1,29.790997,.094319433,.67076498,-1.2203557,1.4089947,8.997366,4.746408,-.30542266,18.300156,8.9030466,4.7872062,-.47970498,18.285799
30.2,27,.82217449,.74007332,-.62834257,2.2726915,30.200001,32.768002,.089931972,.68965882,-1.2617745,1.4416385,9.2196712,4.8858457,-.35641056,18.795752,9.1297388,4.9273295,-.5276494,18.787127
30.3,27,.81779832,.76107585,-.6738829,2.3094795,30.299999,35.936996,.084836803,.70833069,-1.3034658,1.4731394,9.4355001,5.0240316,-.41142163,19.282421,9.3506632,5.0661488,-.57880634,19.280132
30.4,27,.81064725,.78198159,-.72200847,2.343303,30.4,39.304005,.079011977,.72678125,-1.3454531,1.5034771,9.6446619,5.1609426,-.4705992,19.759924,9.56565,5.20364,-.63329661,19.764597
30.5,27,.80063665,.80280298,-.77282828,2.3741016,30.5,42.875,.072435349,.74501061,-1.3877586,1.5326294,9.8469505,5.2965455,-.53408796,20.227989,9.7745152,5.3397703,-.69124228,20.240273
30.6,27,.78768229,.82355458,-.826455,2.4018197,30.6,46.655994,.06508477,.76302022,-1.4304073,1.5605769,10.042163,5.4308133,-.60203516,20.686361,9.9770784,5.4745121,-.75276822,20.706924
30.7,27,.77169991,.84425247,-.88300455,2.4264042,30.700001,50.653004,.056938052,.78081203,-1.4734254,1.5873015,10.230096,5.5637178,-.67459011,21.134783,10.173158,5.6078377,-.81800181,21.164318
30.8,27,.7526049,.86491406,-.94259542,2.4478052,30.799999,54.871998,.047973081,.79838884,-1.5168402,1.6127864,10.410542,5.6952305,-.75190359,21.572989,10.36257,5.7397184,-.88707197,21.612211
30.9,27,.73031443,.88555968,-1.0053507,2.4659796,30.9,59.319004,.038167894,.81575531,-1.5606831,1.6370189,10.583312,5.8253322,-.83412904,22.000753,10.545144,5.8701363,-.96011132,22.0504
31,27,.70474392,.9062103,-1.0713956,2.4808836,31,64,.027500328,.8329159,-1.6049849,1.6599855,10.748197,5.9539962,-.921422,22.417814,10.720696,5.9990644,-1.0372541,22.478647
31.1,27,.67580903,.92688906,-1.1408602,2.4924781,31.1,68.920998,.015948229,.84987658,-1.6497792,1.6816757,10.904993,6.0812006,-1.0139409,22.823929,10.889046,6.1264815,-1.1186382,22.896729
31.2,27,.64342594,.94762093,-1.213877,2.5007288,31.200001,74.087982,.0034895376,.86664414,-1.6951019,1.7020808,11.053501,6.206924,-1.1118461,23.218849,11.050012,6.252368,-1.2044039,23.304428
31.3,27,.60750896,.96843237,-1.2905836,2.5056014,31.299999,79.507011,-.0098981969,.88322622,-1.7409898,1.7211934,11.19351,6.3311429,-1.2153025,23.602322,11.203408,6.3767009,-1.2946957,23.701511
31.4,27,.56797653,.98935312,-1.37112,2.5070729,31.4,85.184006,-.024236543,.89963287,-1.7874846,1.7390115,11.324832,6.453846,-1.3244742,23.974138,11.349069,6.4994702,-1.3896594,24.087795
31.5,27,.52474338,1.0104135,-1.4556307,2.5051174,31.5,91.125,-.039547868,.915874,-1.834628,1.7555321,11.447257,6.5750132,-1.4395314,24.334045,11.486805,6.6206579,-1.4894457,24.463057
31.6,27,.47772545,1.0316461,-1.544264,2.4997149,31.6,97.335991,-.055854276,.93196118,-1.8824646,1.770756,11.560585,6.6946287,-1.5606464,24.681816,11.616439,6.7402501,-1.5942085,24.827087
31.7,27,.42683843,1.0530859,-1.637172,2.4908488,31.700001,103.82299,-.073177919,.94790727,-1.931042,1.7846862,11.664612,6.8126793,-1.6879948,25.017218,11.737789,6.8582358,-1.7041055,25.179686
31.8,27,.3719973,1.0747687,-1.7345107,2.4785054,31.799999,110.59201,-.091541082,.96372604,-1.9804094,1.7973273,11.759129,6.9291501,-1.8217562,25.340014,11.85067,6.9746022,-1.8192987,25.520639
31.9,27,.31312007,1.0967342,-1.8364394,2.4626794,31.9,117.64901,-.11096548,.97943401,-2.0306208,1.80869,11.843948,7.0440373,-1.9621117,25.650007,11.954913,7.0893478,-1.939953,25.849779
32,27,.25012165,1.1190221,-1.9431214,2.4433649,32,125,-.13147339,.99504781,-2.0817313,1.8187845,11.91886,7.1573296,-2.1092479,25.946968,12.050334,7.2024651,-2.0662384,26.166906
32.1,27,.18291694,1.1416745,-2.0547242,2.420558,32.099998,132.651,-.15308711,1.0105854,-2.1337981,1.827624,11.983657,7.2690177,-2.2633555,26.230669,12.136744,7.3139477,-2.1983297,26.471819
32.2,27,.11142448,1.1647367,-2.1714175,2.3942666,32.200001,140.60799,-.17582831,1.0260683,-2.1868854,1.8352287,12.038156,7.3791065,-2.4246275,26.500938,12.213984,7.4238043,-2.3364053,26.764372
32.3,27,.035556298,1.1882528,-2.2933764,2.3644888,32.299999,148.87701,-.1997198,1.0415163,-2.2410543,1.8416147,12.082126,7.4875817,-2.5932641,26.757517,12.281846,7.5320244,-2.4806507,27.044342
32.4,27,-.044767544,1.2122718,-2.4207766,2.3312416,32.400002,157.464,-.22478288,1.0569543,-2.2963753,1.8468095,12.115395,7.5944562,-2.7694659,27.000256,12.340178,7.6386256,-2.6312535,27.311609
32.5,27,-.12963481,1.2368411,-2.5537989,2.2945292,32.5,166.375,-.25104037,1.0724055,-2.3529165,1.8508358,12.137733,7.6997204,-2.9534416,27.228907,12.388773,7.7436023,-2.7884088,27.565954
32.6,27,-.21912801,1.262012,-2.692626,2.25437,32.599998,175.616,-.27851409,1.0878972,-2.4107533,1.8537252,12.148951,7.8033853,-3.1454034,27.443304,12.427464,7.8469715,-2.9523168,27.807247
32.7,27,-.31332952,1.2878369,-2.8374436,2.2107844,32.700001,185.19298,-.30722579,1.1034583,-2.4699643,1.8555127,12.148859,7.9054646,-3.3455675,27.643286,12.456085,7.9487519,-3.1231828,28.035353
32.8,27,-.41232744,1.3143674,-2.9884403,2.1637855,32.799999,195.11201,-.33719844,1.1191171,-2.5306277,1.8562309,12.137229,8.0059566,-3.5541587,27.828617,12.474427,8.0489483,-3.3012207,28.250074
32.9,27,-.51620138,1.3416589,-3.1458046,2.1134019,32.900002,205.379,-.3684532,1.1349069,-2.5928299,1.8559235,12.113886,8.104888,-3.7714021,27.999174,12.482339,8.1475916,-3.4866464,28.451324
33,27,-.62503946,1.3697649,-3.3097293,2.0596504,33,216,-.40101296,1.1508592,-2.6566556,1.8546296,12.078601,8.20226,-3.9975338,28.154736,12.479614,8.2446928,-3.6796865,28.638914
33.1,27,-.73892379,1.3987416,-3.480407,2.0025594,33.099998,226.98099,-.43489945,1.1670098,-2.7221966,1.8523977,12.031186,8.2981005,-4.2327924,28.295164,12.466085,8.3402843,-3.8805726,28.812742
33.2,27,-.8579371,1.4286463,-3.6580324,1.9421581,33.200001,238.32797,-.47013459,1.183396,-2.7895482,1.849279,11.97145,8.392436,-4.4774237,28.420322,12.441585,8.4344034,-4.0895433,28.972712
33.3,27,-.98216766,1.459534,-3.8428018,1.8784665,33.299999,250.04703,-.50674123,1.2000546,-2.8588049,1.8453225,11.899163,8.485281,-4.7316823,28.530008,12.405905,8.527071,-4.3068471,29.118656
33.4,27,-1.1116945,1.4914632,-4.0349088,1.8115196,33.400002,262.14401,-.5447405,1.2170268,-2.9300694,1.8405883,11.814154,8.5766773,-4.9958239,28.624132,12.358894,8.6183376,-4.5327358,29.250525
33.5,27,-1.2466058,1.5244894,-4.23455,1.7413385,33.5,274.625,-.58415532,1.2343527,-3.003442,1.8351315,11.716192,8.6666441,-5.2701168,28.702501,12.300347,8.7082319,-4.7674737,29.36817
33.6,27,-1.3869838,1.5586703,-4.4419212,1.6679538,33.599998,287.49597,-.62500739,1.2520757,-3.0790305,1.8290157,11.605089,8.7552242,-5.5548344,28.765013,12.230097,8.7968082,-5.0113311,29.471525
33.7,27,-1.5329123,1.5940634,-4.6572189,1.5913948,33.700001,300.763,-.66731888,1.2702407,-3.1569448,1.822307,11.480653,8.8424635,-5.8502574,28.811563,12.147971,8.8841228,-5.2645884,29.560532
33.8,27,-1.6844774,1.6307237,-4.8806372,1.5116823,33.799999,314.43204,-.71111226,1.2888918,-3.2372937,1.8150691,11.342657,8.9283953,-6.1566768,28.84199,12.053769,8.9702177,-5.527535,29.635073
33.9,27,-1.84176,1.6687082,-5.1123681,1.428848,33.900002,328.50903,-.75640893,1.3080771,-3.3201931,1.8073751,11.190927,9.0130796,-6.4743853,28.856237,11.947335,9.0551672,-5.8004665,29.695137
34,27,-2.004847,1.7080709,-5.3526044,1.3429102,34,343,-.8032316,1.3278431,-3.4057562,1.799293,11.025233,9.0965576,-6.8036919,28.854158,11.828465,9.1390238,-6.0836921,29.740623
34.1,27,-2.1738219,1.7488666,-5.6015372,1.2538935,34.099998,357.91098,-.85160214,1.3482391,-3.4941022,1.790898,10.845387,9.1788921,-7.1449099,28.835686,11.69699,9.2218637,-6.3775306,29.771509
34.2,27,-2.3487668,1.7911494,-5.859355,1.1618215,34.200001,373.24796,-.90154254,1.3693154,-3.5853512,1.7822663,10.651199,9.2601509,-7.4983625,28.80076,11.552741,9.3037682,-6.6823092,29.787792
34.3,27,-2.5297704,1.8349707,-6.1262469,1.0667063,34.299999,389.01703,-.95307565,1.3911207,-3.6796222,1.7734709,10.442437,9.3403883,-7.8643866,28.749262,11.395513,9.3848066,-6.9983702,29.789396
34.4,27,-2.7169111,1.8803829,-6.4023938,.96857154,34.400002,405.22403,-1.0062225,1.4137073,-3.7770379,1.7645928,10.218931,9.4196882,-8.2433186,28.681181,11.225153,9.4650784,-7.3260589,29.776365
34.5,27,-2.9102771,1.9274348,-6.6879797,.86742568,34.5,421.875,-1.0610058,1.4371246,-3.8777184,1.7557067,9.9804516,9.4981165,-8.6355133,28.596416,11.041457,9.5446634,-7.6657391,29.748653
34.6,27,-3.1099513,1.976176,-6.9831853,.76328266,34.599998,438.97598,-1.1174477,1.4614248,-3.9817879,1.7468923,9.7268085,9.5757599,-9.0413351,28.494951,10.844255,9.6236668,-8.0177841,29.706295
34.7,27,-3.316016,2.026655,-7.2881866,.65615457,34.700001,456.53296,-1.17557,1.4866598,-4.0893698,1.7382296,9.4578114,9.6527109,-9.4611559,28.376778,10.633381,9.702198,-8.3825769,29.64934
34.8,27,-3.5285599,2.0789168,-7.6031618,.54604185,34.799999,474.55203,-1.2353956,1.5128795,-4.2005849,1.7297937,9.1732302,9.7290525,-9.8953629,28.241823,10.408626,9.7803564,-8.7605209,29.577772
34.9,27,-3.7476614,2.133007,-7.9282784,.43295577,34.900002,493.039,-1.2969453,1.5401357,-4.315556,1.7216653,8.8728943,9.8048954,-10.344346,28.090136,10.16984,9.8582716,-9.1520176,29.491697
35,27,-3.9734092,2.1889691,-8.26371,.31689137,35,512,-1.3602424,1.568478,-4.4344025,1.7139179,8.5565729,9.8803301,-10.808518,27.921665,9.9168158,9.9360552,-9.5574951,29.391127
35.1,27,-4.2058864,2.2468455,-8.609622,.19785002,35.099998,531.44104,-1.4253087,1.5979564,-4.5572457,1.7066284,8.2240763,9.9554749,-11.288296,27.736448,9.6493845,10.013844,-9.9773874,29.276157
35.2,27,-4.4451728,2.3066773,-8.9661779,.075831681,35.200001,551.36798,-1.4921654,1.6286207,-4.6842036,1.6998725,7.875217,10.030451,-11.784105,27.534538,9.367382,10.091779,-10.41214,29.146906
35.3,27,-4.69136,2.3685043,-9.3335428,-.049176838,35.299999,571.78705,-1.5608363,1.6605179,-4.8153915,1.6937191,7.5097623,10.10537,-12.296397,27.315922,9.0705986,10.169993,-10.862222,29.00342
35.4,27,-4.9445229,2.4323645,-9.7118692,-.17717597,35.400002,592.70386,-1.6313412,1.693696,-4.9509244,1.6882418,7.1275477,10.180371,-12.825614,27.080709,8.7588892,10.24865,-11.328095,28.845873
35.5,27,-5.2047567,2.4982958,-10.101327,-.30818695,35.5,614.125,-1.7037052,1.7282003,-5.0909157,1.6835051,6.7283258,10.25558,-13.372241,26.828892,8.4320307,10.327892,-11.810266,28.674328
35.6,27,-5.4721394,2.5663338,-10.502061,-.44221732,35.599998,636.05609,-1.7779486,1.7640759,-5.2354736,1.6795765,6.3119197,10.331142,-13.936747,26.560587,8.0898685,10.407893,-12.309227,28.488964
35.7,27,-5.7467499,2.6365132,-10.914221,-.57927877,35.700001,658.50293,-1.8540926,1.8013663,-5.3847055,1.6765206,5.8781471,10.407213,-14.519616,26.275909,7.7322397,10.488828,-12.825486,28.289965
35.8,27,-6.0286832,2.7088685,-11.337968,-.71939838,35.799999,681.47205,-1.9321617,1.8401135,-5.5387177,1.6743945,5.4267621,10.483935,-15.121373,25.974897,7.3589239,10.570863,-13.359587,28.077435
35.9,27,-6.3180137,2.783432,-11.77344,-.86258698,35.900002,704.96893,-2.0121756,1.8803582,-5.6976099,1.6732588,4.9576054,10.561481,-15.742517,25.657726,6.9697809,10.654195,-13.912056,27.851618
36,27,-6.6148334,2.8602357,-12.220793,-1.0088743,36,729,-2.0941586,1.9221395,-5.8614826,1.6731656,4.4704356,10.640006,-16.383593,25.324463,6.5645943,10.739002,-14.483462,27.612652
36.1,27,-6.9192233,2.9393108,-12.680166,-1.1582803,36.099998,753.57111,-2.1781318,1.9654952,-6.0304317,1.674168,3.9650681,10.719689,-17.045137,24.975273,6.1431999,10.825489,-15.074368,27.360767
36.2,27,-7.2312617,3.0206861,-13.151698,-1.3108255,36.200001,778.68793,-2.264116,2.0104616,-6.2045484,1.6763163,3.4413235,10.800718,-17.727695,24.610342,5.7054396,10.913864,-15.685341,27.09622
36.3,27,-7.551044,3.1043928,-13.635542,-1.4665457,36.299999,804.35706,-2.3521361,2.0570734,-6.3839259,1.6796536,2.8989553,10.883266,-18.431856,24.229765,5.2510915,11.004327,-16.316994,26.819176
36.4,27,-7.8786426,3.1904578,-14.131825,-1.6254604,36.400002,830.58392,-2.4422116,2.1053638,-6.5686488,1.6842258,2.337805,10.967538,-19.158175,23.833784,4.7800164,11.097103,-16.969906,26.52994
36.5,27,-8.2141523,3.2789099,-14.640697,-1.7876071,36.5,857.375,-2.5343666,2.1553648,-6.7588038,1.6900709,1.75763,11.053719,-19.907261,23.42252,4.2919965,11.192405,-17.644712,26.228706
36.6,27,-8.5576525,3.3697758,-15.162292,-1.9530129,36.599998,884.73608,-2.6286223,2.2071068,-6.9544721,1.6972275,1.1582472,11.142018,-20.679707,22.996202,3.7868695,11.290462,-18.342028,25.915768
36.7,27,-8.9092216,3.4630818,-15.696737,-2.1217058,36.700001,912.67291,-2.7249999,2.2606187,-7.1557312,1.7057313,.53947568,11.232651,-21.476116,22.555067,3.2644756,11.39151,-19.062473,25.591425
36.8,27,-9.2689552,3.5588551,-16.244183,-2.2937272,36.799999,941.19208,-2.8235238,2.3159285,-7.3626604,1.7156128,-.098931469,11.32582,-22.297131,22.099268,2.7245924,11.495775,-19.806713,25.255898
36.9,27,-9.6369247,3.6571198,-16.804749,-2.4691021,36.900002,970.29889,-2.9242134,2.3730624,-7.5753303,1.7269037,-.75712848,11.421754,-23.143354,21.629099,2.1670847,11.603506,-20.575369,24.90954
37,27,-10.013227,3.7579024,-17.37858,-2.6478741,37,1000,-3.0270934,2.4320462,-7.7938166,1.7396297,-1.4353642,11.520666,-24.015455,21.144728,1.5917292,11.714936,-21.369123,24.552582
37.1,27,-10.397857,3.8612075,-17.965685,-2.8300292,37.099998,1030.2952,-3.1321628,2.492893,-8.0181437,1.7538178,-2.1336181,11.622792,-24.913872,20.646635,.99854475,11.830315,-22.188446,24.185535
37.2,27,-10.790469,3.9669595,-18.565567,-3.0153718,37.200001,1061.1599,-3.2393312,2.5555689,-8.2481546,1.7694919,-2.851053,11.728374,-25.838242,20.136137,.38827822,11.949883,-23.033062,23.809618
37.3,27,-11.190659,4.0750623,-19.177635,-3.2036836,37.299999,1092.5651,-3.3484914,2.6200249,-8.4836464,1.7866631,-3.5867105,11.837621,-26.788021,19.614599,-.23821896,12.073844,-23.902519,23.426081
37.4,27,-11.597991,4.1854124,-19.801249,-3.3947339,37.400002,1124.4799,-3.4595299,2.6862044,-8.7243938,1.805334,-4.3395295,11.950737,-27.762545,19.083485,-.87999946,12.202389,-24.796242,23.036243
37.5,27,-12.012058,4.2979059,-20.435799,-3.5883176,37.5,1156.875,-3.5723388,2.7540474,-8.9701719,1.8254946,-5.1085472,12.067883,-28.761162,18.544067,-1.5362082,12.33566,-25.713657,22.641241
37.6,27,-12.432434,4.4124341,-21.080647,-3.7842221,37.599998,1189.7202,-3.6868067,2.8234878,-9.2207413,1.8471278,-5.8927312,12.189202,-29.783129,17.997667,-2.2059245,12.473785,-26.654095,22.242247
37.7,27,-12.85869,4.5288854,-21.735142,-3.9822383,37.700001,1222.985,-3.8028204,2.8944554,-9.4758492,1.870208,-6.6910405,12.314816,-30.827637,17.445557,-2.8882203,12.616859,-27.616812,21.84037
37.8,27,-13.290421,4.6471481,-22.398663,-4.1821771,37.799999,1256.6401,-3.9202731,2.9668784,-9.7352476,1.8947016,-7.5025172,12.444803,-31.893885,16.888849,-3.5822442,12.764936,-28.601059,21.436571
37.9,27,-13.72719,4.7671056,-23.070545,-4.3838339,37.900002,1290.6549,-4.0390511,3.0406787,-9.9986725,1.92057,-8.3261003,12.579232,-32.980942,16.328741,-4.2870493,12.918053,-29.605967,21.031868
38,27,-14.168591,4.8886437,-23.750156,-4.5870261,38,1325,-4.1590466,3.1157792,-10.265862,1.9477681,-9.1608257,12.718128,-34.087898,15.766247,-5.0017796,13.076204,-30.630669,20.62711
38.1,27,-14.614199,5.0116425,-24.436838,-4.7915597,38.099998,1359.6451,-4.280148,3.1920972,-10.536544,1.9762474,-10.005663,12.861503,-35.213745,15.202418,-5.7255149,13.239367,-31.674196,20.223167
38.2,27,-15.063583,5.135982,-25.129923,-4.9972434,38.200001,1394.5598,-4.4022427,3.2695487,-10.81044,2.005955,-10.859571,13.009339,-36.357407,14.638267,-6.4573278,13.407488,-32.735519,19.820866
38.3,27,-15.51634,5.2615442,-25.828777,-5.2039027,38.299999,1429.715,-4.5252237,3.3480501,-11.087281,2.0368342,-11.721593,13.16159,-37.517834,14.074648,-7.1963696,13.580481,-33.813622,19.420883
38.4,27,-15.972034,5.388206,-26.532724,-5.411345,38.400002,1465.0798,-4.6489773,3.4275138,-11.366781,2.0688264,-12.590671,13.318191,-38.693844,13.512503,-7.9416933,13.758243,-34.907352,19.023968
38.5,27,-16.43026,5.5158477,-27.241121,-5.6193962,38.5,1500.625,-4.773396,3.5078533,-11.648662,2.1018701,-13.465837,13.479045,-39.884277,12.952607,-8.69244,13.940638,-36.015587,18.630709
38.6,27,-16.890587,5.6443458,-27.9533,-5.8278718,38.599998,1536.3202,-4.8983674,3.588979,-11.932637,2.1359024,-14.346057,13.644044,-41.087891,12.395778,-9.44769,14.127515,-37.137112,18.241732
38.7,27,-17.352587,5.7735753,-28.668587,-6.0365872,38.700001,1572.1349,-5.0237789,3.6708009,-12.218416,2.1708589,-15.230292,13.813056,-42.303383,11.842799,-10.206513,14.318701,-38.270653,17.857624
38.8,27,-17.815859,5.9034176,-29.386345,-6.2453732,38.799999,1608.0402,-5.1495247,3.7532313,-12.505723,2.2066736,-16.117594,13.985923,-43.529499,11.294312,-10.968068,14.513998,-39.414982,17.478844
38.9,27,-18.279963,6.0337448,-30.105885,-6.4540405,38.900002,1644.0049,-5.2754889,3.8361773,-12.794258,2.2432804,-17.006884,14.162479,-44.764832,10.751064,-11.731395,14.713196,-40.568729,17.105938
39,27,-18.744493,6.1644368,-30.826569,-6.6624198,39,1680,-5.401566,3.9195504,-13.083744,2.280612,-17.897211,14.342531,-46.008057,10.213634,-12.495646,14.916063,-41.730591,16.739302
39.1,27,-19.209097,6.2953873,-31.547831,-6.8703647,39.099998,1716.0002,-5.5276613,4.0032711,-13.373929,2.3186059,-18.787712,14.525896,-47.257946,9.6825209,-13.260051,15.122378,-42.899368,16.379267
39.2,27,-19.673691,6.4265614,-32.26952,-7.0778613,39.200001,1751.9999,-5.6537547,4.0873055,-13.664726,2.3572166,-19.678179,14.712436,-48.514023,9.1576633,-14.024425,15.331985,-44.074562,16.025713
39.3,27,-20.138292,6.5579491,-32.991634,-7.2849483,39.299999,1788,-5.77985,4.1716366,-13.956108,2.3964078,-20.568676,14.902029,-49.776115,8.6387634,-14.788826,15.544747,-45.25597,15.678319
39.4,27,-20.602886,6.6895347,-33.714134,-7.4916401,39.400002,1823.9998,-5.9059434,4.2562456,-14.248032,2.4361446,-21.459148,15.094563,-51.043949,8.1256533,-15.553204,15.760541,-46.443298,15.336889
39.5,27,-21.06749,6.8213096,-34.437012,-7.6979685,39.5,1860,-6.0320392,4.3411179,-14.540474,2.4763954,-22.349648,15.289927,-52.317352,7.6180568,-16.317608,15.979241,-47.636349,15.00113
39.6,27,-21.532093,6.9532623,-35.160236,-7.9039502,39.599998,1896.0002,-6.1581349,4.4262371,-14.8334,2.5171304,-23.240149,15.48801,-53.596092,7.1157951,-17.082014,16.200731,-48.834866,14.670837
39.7,27,-21.996687,7.0853796,-35.883774,-8.1095982,39.700001,1931.9999,-6.2842278,4.5115881,-15.126778,2.5583217,-24.130615,15.688715,-54.879932,6.6187,-17.846388,16.424898,-50.038597,14.345819
39.8,27,-22.461288,7.2176571,-36.607635,-8.3149405,39.799999,1968,-6.4103231,4.5971599,-15.420591,2.5999446,-25.021112,15.891937,-56.168736,6.1265125,-18.610788,16.651632,-51.247387,14.025809
39.9,27,-22.925882,7.3500824,-37.331779,-8.5199862,39.900002,2003.9998,-6.536417,4.6829391,-15.714809,2.6419752,-25.911583,16.097586,-57.462273,5.6391034,-19.375166,16.880831,-52.460987,13.710654
40,27,-23.390486,7.4826512,-38.056213,-8.7247591,40,2040,-6.6625128,4.7689161,-16.009417,2.6843917,-26.802084,16.305565,-58.760403,5.1562357,-20.139572,17.112396,-53.679253,13.40011
40.1,27,-23.855089,7.6153545,-38.78091,-8.9292698,40.099998,2076.0002,-6.7886081,4.8550797,-16.30439,2.7271733,-27.692585,16.515789,-60.062935,4.6777673,-20.903976,17.346233,-54.90197,13.094017
40.2,27,-24.319685,7.7481833,-39.505844,-9.1335249,40.200001,2112,-6.9147019,4.9414186,-16.599705,2.7703009,-28.583055,16.728172,-61.369675,4.2035608,-21.668354,17.582251,-56.128933,12.792224
40.3,27,-24.784285,7.8811336,-40.231022,-9.3375473,40.299999,2148,-7.0407968,5.027926,-16.89535,2.8137567,-29.473549,16.942635,-62.680504,3.7334051,-22.432753,17.82036,-57.360016,12.494514
40.4,27,-25.24888,8.0141973,-40.956417,-9.5413408,40.400002,2183.9998,-7.1668901,5.1145911,-17.191305,2.8575239,-30.364019,17.159098,-63.995232,3.2671931,-23.19713,18.060482,-58.595024,12.200765
40.5,27,-25.713482,8.1473732,-41.682041,-9.7449245,40.5,2220,-7.2929859,5.2014089,-17.48756,2.9015877,-31.25452,17.377487,-65.313766,2.8047268,-23.961535,18.302536,-59.833847,11.910777
40.6,27,-26.178085,8.280653,-42.407867,-9.9483051,40.599998,2256.0002,-7.4190817,5.2883701,-17.784096,2.9459331,-32.14502,17.597729,-66.635933,2.3458948,-24.725939,18.546446,-61.076305,11.624429
40.7,27,-26.642681,8.4140291,-43.133877,-10.151486,40.700001,2292,-7.5451756,5.3754668,-18.080896,2.9905455,-33.035492,17.819757,-67.961578,1.8905901,-25.490316,18.792141,-62.322235,11.3416
40.8,27,-27.107285,8.5475016,-43.860081,-10.354488,40.799999,2328.0002,-7.6712708,5.4626946,-18.377956,3.0354137,-33.925995,18.043505,-69.290611,1.4386274,-26.254723,19.039549,-63.571552,11.06211
40.9,27,-27.571873,8.6810608,-44.586441,-10.557305,40.900002,2363.9995,-7.7973628,5.5500441,-18.675249,3.0805235,-34.816448,18.268906,-70.622849,.9899503,-27.019085,19.288605,-64.824051,10.785884
41,27,-28.03648,8.8147106,-45.312996,-10.759963,41,2400,-7.9234595,5.6375146,-18.972786,3.1258667,-35.706955,18.495907,-71.958267,.54435569,-27.783497,19.539249,-66.07972,10.512729
41.1,27,-28.501081,8.9484415,-46.039707,-10.962459,41.099998,2436.0002,-8.0495548,5.7250977,-19.27054,3.1714303,-36.597458,18.724445,-73.296692,.10178082,-28.547903,19.79142,-67.338371,10.242568
41.2,27,-28.965677,9.0822487,-46.76656,-11.164796,41.200001,2472,-8.1756487,5.8127871,-19.568502,3.2172046,-37.48793,18.954464,-74.637993,-.33786219,-29.312281,20.045055,-68.599869,9.9753075
41.3,27,-29.430281,9.2161331,-47.493572,-11.366991,41.299999,2508.0002,-8.3017445,5.9005804,-19.866671,3.2631812,-38.378429,19.185913,-75.982124,-.77473181,-30.076685,20.300108,-69.864166,9.7107944
41.4,27,-29.894869,9.3500862,-48.220699,-11.569036,41.400002,2543.9995,-8.4278364,5.9884701,-20.165022,3.3093491,-39.268883,19.418736,-77.328903,-1.2088633,-30.841047,20.556515,-71.131073,9.4489784
41.5,27,-30.359476,9.4841118,-48.947994,-11.770957,41.5,2580,-8.5539331,6.0764565,-20.46357,3.3557031,-40.159393,19.652891,-78.678352,-1.6404341,-31.605461,20.814238,-72.400612,9.1896944
41.6,27,-30.82408,9.6182032,-49.675411,-11.972748,41.599998,2616.0002,-8.6800289,6.1645327,-20.762291,3.4022334,-41.049892,19.888329,-80.030296,-2.0694871,-32.369865,21.073221,-73.672615,8.932889
41.7,27,-31.288673,9.7523546,-50.402939,-12.174409,41.700001,2652,-8.8061218,6.2526937,-21.061176,3.4489322,-41.940365,20.125,-81.384644,-2.4960897,-33.134243,21.333418,-74.946976,8.6784897
41.8,27,-31.753273,9.886569,-51.130592,-12.375955,41.799999,2688,-8.9322166,6.3409381,-21.360228,3.4957931,-42.830856,20.362865,-82.741341,-2.9203732,-33.89864,21.59479,-76.223648,8.4263687
41.9,27,-32.217865,10.020839,-51.858349,-12.577381,41.900002,2723.9995,-9.0583096,6.4292603,-21.659428,3.5428088,-43.721321,20.601883,-84.100266,-3.3423724,-34.66301,21.857288,-77.50251,8.1764851
42,27,-32.682472,10.155169,-52.586235,-12.778707,42,2760,-9.1844063,6.5176611,-21.958788,3.5899749,-44.611828,20.842016,-85.461433,-3.7622278,-35.427422,22.120882,-78.783554,7.9287076
42.1,27,-33.147076,10.289551,-53.314224,-12.979925,42.099998,2796.0002,-9.3105021,6.6061344,-22.258287,3.6372836,-45.502331,21.083223,-86.824692,-4.1799712,-36.19183,22.385525,-80.06665,7.6829944
42.2,27,-33.611671,10.423984,-54.042301,-13.181038,42.200001,2832,-9.4365959,6.6946764,-22.55792,3.6847291,-46.392803,21.325466,-88.189949,-4.5956545,-36.956207,22.65118,-81.351707,7.439292
42.3,27,-34.076271,10.558466,-54.770481,-13.382056,42.299999,2868,-9.5626907,6.7832866,-22.857687,3.7323067,-47.283295,21.568714,-89.557198,-5.0093913,-37.720604,22.917816,-82.638695,7.1974907
42.4,27,-34.540859,10.692994,-55.498745,-13.582977,42.400002,2903.9995,-9.6887827,6.8719597,-23.157578,3.7800107,-48.173756,21.812929,-90.926315,-5.4212022,-38.484974,23.185394,-83.927513,6.9575644
42.5,27,-35.005466,10.827573,-56.227119,-13.783814,42.5,2940,-9.8148794,6.9606981,-23.457598,3.8278382,-49.064266,22.058086,-92.297318,-5.831212,-39.249386,23.453892,-85.21817,6.7193975
42.6,27,-35.47007,10.962194,-56.955578,-13.984564,42.599998,2976.0002,-9.9409752,7.0494957,-23.757732,3.8757825,-49.954765,22.304148,-93.67009,-6.2394395,-40.01379,23.72327,-86.510544,6.482964
42.7,27,-35.934666,11.096857,-57.684105,-14.185225,42.700001,3012,-10.067069,7.1383495,-24.057978,3.9238393,-50.845238,22.551085,-95.044556,-6.6459236,-40.778168,23.993498,-87.804558,6.2482228
42.8,27,-36.399265,11.231562,-58.412724,-14.385809,42.799999,3048,-10.193164,7.2272601,-24.358334,3.9720054,-51.735729,22.79887,-96.420692,-7.0507646,-41.542564,24.264551,-89.100212,6.0150785
42.9,27,-36.863857,11.366304,-59.141403,-14.58631,42.900002,3083.9995,-10.319257,7.3162222,-24.658789,4.0202756,-52.626194,23.047476,-97.798416,-7.4539719,-42.306938,24.536396,-90.397392,5.7835169
43,27,-37.328465,11.501089,-59.870182,-14.786745,43,3120,-10.445354,7.4052391,-24.959354,4.0686483,-53.516701,23.296881,-99.17775,-7.8556561,-43.07135,24.809019,-91.696136,5.5534363
43.1,27,-37.793072,11.63591,-60.599037,-14.987106,43.099998,3156.0005,-10.571449,7.4943051,-25.260017,4.1171188,-54.407211,23.547054,-100.55859,-8.2558327,-43.835762,25.082388,-92.996338,5.3248167
43.2,27,-38.257671,11.770766,-61.32795,-15.187395,43.200001,3192.0007,-10.697545,7.5834188,-25.560772,4.1656828,-55.297699,23.797974,-101.94087,-8.6545286,-44.600155,25.356476,-94.297935,5.0976272
43.3,27,-38.722252,11.90565,-62.056896,-15.387607,43.299999,3227.9993,-10.823634,7.6725745,-25.861605,4.2143354,-56.188141,24.049603,-103.32449,-9.0517883,-45.364506,25.63125,-95.600838,4.87182
43.4,27,-39.186855,12.040574,-62.785946,-15.587762,43.400002,3263.9995,-10.94973,7.7617793,-26.162537,4.2630777,-57.078629,24.301941,-104.70956,-9.4476995,-46.128899,25.906712,-96.905121,4.6473236
43.5,27,-39.651459,12.175531,-63.515064,-15.787858,43.5,3300,-11.075827,7.851028,-26.463558,4.3119054,-57.969139,24.55496,-106.09598,-9.8423004,-46.893311,26.182831,-98.210716,4.4240928
43.6,27,-40.116066,12.310519,-64.24424,-15.987892,43.599998,3336.0005,-11.201923,7.9403181,-26.76466,4.3608146,-58.859646,24.808636,-107.48368,-10.235614,-47.657722,26.459583,-99.517555,4.202105
43.7,27,-40.580669,12.445537,-64.973473,-16.187864,43.700001,3372.0007,-11.328018,8.0296478,-27.06584,4.4098029,-59.750134,25.062948,-108.87261,-10.627659,-48.422115,26.736948,-100.82557,3.981338
43.8,27,-41.04525,12.580577,-65.702728,-16.38777,43.799999,3407.9993,-11.454108,8.1190128,-27.367081,4.4588652,-60.640579,25.317867,-110.26269,-11.018472,-49.18647,27.014894,-102.13469,3.7617514
43.9,27,-41.50985,12.715652,-66.432068,-16.587631,43.900002,3443.9995,-11.580203,8.2084198,-27.668409,4.5080037,-61.531067,25.573397,-111.654,-11.408131,-49.950863,27.293432,-103.44501,3.5432825
44,27,-41.974457,12.850755,-67.161476,-16.787439,44,3480,-11.7063,8.297864,-27.969814,4.5572143,-62.421574,25.829508,-113.04648,-11.796669,-50.715275,27.572531,-104.75645,3.3258941
44.1,27,-42.439064,12.985885,-67.89093,-16.987198,44.099998,3516.0005,-11.832397,8.3873434,-28.271288,4.6064939,-63.312084,26.086185,-114.44006,-12.184099,-51.479687,27.852173,-106.06895,3.10957
44.2,27,-42.903664,13.121038,-68.62043,-17.186903,44.200001,3552.0007,-11.958492,8.4768562,-28.572824,4.6558409,-64.202568,26.343409,-115.8347,-12.570438,-52.24408,28.132341,-107.38245,2.8942945
44.3,27,-43.36824,13.25621,-69.349937,-17.386547,44.299999,3587.999,-12.08458,8.5663977,-28.874411,4.7052498,-65.093002,26.601152,-117.23031,-12.955707,-53.008427,28.413004,-108.69689,2.6800377
44.4,27,-43.832848,13.391415,-70.079536,-17.586157,44.400002,3623.9995,-12.210677,8.6559763,-29.176079,4.7547245,-65.983505,26.859426,-118.62701,-13.339994,-53.772827,28.69418,-110.01238,2.4667327
44.5,27,-44.297451,13.526642,-70.809181,-17.785721,44.5,3660,-12.336773,8.7455864,-29.477808,4.8042607,-66.874008,27.118202,-120.02471,-13.72331,-54.537239,28.975838,-111.32883,2.2543592
44.6,27,-44.762058,13.661893,-71.538879,-17.985243,44.599998,3696.0005,-12.46287,8.835227,-29.779596,4.8538561,-67.764519,27.377466,-121.42337,-14.105671,-55.301651,29.257963,-112.6462,2.0429029
44.7,27,-45.226662,13.797164,-72.268608,-18.184717,44.700001,3732.0007,-12.588965,8.9248953,-30.081438,4.9035087,-68.655006,27.637203,-122.82293,-14.487083,-56.066044,29.540541,-113.96444,1.8323529
44.8,27,-45.691238,13.932449,-72.998337,-18.384138,44.799999,3767.999,-12.715054,9.0145874,-30.383322,4.9532137,-69.545441,27.897388,-124.22332,-14.867567,-56.830387,29.823545,-115.28346,1.6226847
44.9,27,-46.155842,14.067764,-73.728157,-18.583532,44.900002,3803.9995,-12.84115,9.1043129,-30.685276,5.0029759,-70.435936,28.158035,-125.62467,-15.247204,-57.594788,30.106995,-116.60342,1.4138371
45,27,-46.620449,14.203099,-74.458008,-18.782887,45,3840,-12.967247,9.194066,-30.987284,5.0527911,-71.326447,28.419119,-127.02689,-15.625998,-58.3592,30.390862,-117.92419,1.2057947
45.1,27,-47.085049,14.338451,-75.187897,-18.982201,45.099998,3876,-13.093342,9.283843,-31.289339,5.1026564,-72.216942,28.680622,-128.42993,-16.003954,-59.123596,30.675131,-119.24575,.99855411
45.2,27,-47.54966,14.473827,-75.917839,-19.181482,45.200001,3912.001,-13.21944,9.3736477,-31.591452,5.1525726,-73.107452,28.942545,-129.8338,-16.381105,-59.888012,30.959803,-120.56811,.79208416
45.3,27,-48.014233,14.60921,-76.647758,-19.380709,45.299999,3947.999,-13.345527,9.4634695,-31.893587,5.2025323,-73.997879,29.204849,-131.23833,-16.757427,-60.652351,31.244833,-121.8911,.58639622
45.4,27,-48.478848,14.744622,-77.377777,-19.57992,45.400002,3984.0002,-13.471626,9.5533237,-32.195797,5.2525434,-74.888397,29.467566,-132.64377,-17.133032,-61.416775,31.530262,-123.21495,.38140556
45.5,27,-48.943447,14.880047,-78.107803,-19.779089,45.5,4020,-13.59772,9.6431971,-32.498039,5.302598,-75.778885,29.730652,-134.0499,-17.507877,-62.181164,31.816044,-124.53946,.17713562
45.6,27,-49.408047,15.015491,-78.837868,-19.978226,45.599998,4056,-13.723815,9.7330933,-32.800327,5.3526974,-76.669373,29.99411,-135.45676,-17.882,-62.94556,32.10218,-125.86468,-.02644526
45.7,27,-49.872658,15.150953,-79.567978,-20.177334,45.700001,4092.001,-13.849913,9.8230143,-33.102665,5.4028406,-77.559891,30.257936,-136.86435,-18.255423,-63.709976,32.388668,-127.1906,-.22935399
45.8,27,-50.337231,15.286422,-80.298065,-20.376394,45.799999,4127.999,-13.976001,9.9129486,-33.405022,5.4530215,-78.450317,30.522093,-138.27252,-18.628113,-64.474312,32.675468,-128.51706,-.4315764
45.9,27,-50.801842,15.421916,-81.028244,-20.575441,45.900002,4164,-14.102098,10.002912,-33.707443,5.5032477,-79.340828,30.786612,-139.68147,-19.000177,-65.238731,32.962616,-129.84427,-.63318938
46,27,-51.266441,15.557423,-81.75843,-20.774452,46,4200,-14.228193,10.092892,-34.009899,5.5535116,-80.231323,31.051456,-141.09106,-19.371582,-66.003128,33.250076,-131.17207,-.83417749
46.1,27,-51.731041,15.692945,-82.488647,-20.973434,46.099998,4236,-14.354288,10.182893,-34.312389,5.6038141,-81.121811,31.316628,-142.50128,-19.74235,-66.767525,33.537842,-132.50049,-1.0345589
46.2,27,-52.195652,15.828485,-83.21891,-21.172394,46.200001,4272.001,-14.480387,10.272914,-34.614929,5.6541557,-82.012321,31.582123,-143.91216,-20.112503,-67.531937,33.82592,-133.82953,-1.2343509
46.3,27,-52.660225,15.964027,-83.949142,-21.371307,46.299999,4307.999,-14.606474,10.362947,-34.917477,5.7045293,-82.902748,31.847904,-145.3235,-20.482006,-68.29628,34.114269,-135.15901,-1.4335374
46.4,27,-53.12484,16.099594,-84.679466,-21.570211,46.400002,4344,-14.732573,10.453006,-35.220085,5.7549429,-83.793266,32.11401,-146.73557,-20.850964,-69.060692,34.402927,-136.4892,-1.6321914
46.5,27,-53.589439,16.235172,-85.40979,-21.769085,46.5,4380,-14.858666,10.543079,-35.522724,5.8053899,-84.683754,32.380402,-148.14818,-21.219337,-69.825089,34.69186,-137.81989,-1.8302957
46.6,27,-54.054031,16.370762,-86.140137,-21.967928,46.599998,4415.9995,-14.98476,10.633169,-35.82539,5.8558698,-85.574234,32.647076,-149.56133,-21.587143,-70.58947,34.981056,-139.15109,-2.027859
46.7,27,-54.51865,16.506371,-86.870544,-22.166758,46.700001,4452.001,-15.11086,10.723281,-36.128105,5.9063854,-86.46476,32.914043,-150.9751,-21.954424,-71.353905,35.270538,-140.48288,-2.2249167
46.8,27,-54.983223,16.641979,-87.600899,-22.365543,46.799999,4487.999,-15.236947,10.8134,-36.430824,5.9569283,-87.355186,33.181259,-152.38925,-22.321117,-72.11824,35.560249,-141.81505,-2.4214301
46.9,27,-55.447834,16.777611,-88.331345,-22.564322,46.900002,4524,-15.363046,10.903543,-36.733597,6.0075064,-88.245697,33.448761,-153.80406,-22.687332,-72.882652,35.850239,-143.14783,-2.6174769
47,27,-55.912434,16.913252,-89.061798,-22.763071,47,4560,-15.489141,10.993699,-37.036396,6.0581141,-89.136192,33.716518,-155.21936,-23.05303,-73.647049,36.140469,-144.48106,-2.8130374
