temp,ref,yhat_comm,se_comm,lowerci_comm,upperci_comm,yhat_low,se_low,lowerci_low,upperci_low,yhat_manuf,se_manuf,lowerci_manuf,upperci_manuf,yhat_hr3,se_hr3,lowerci_hr3,upperci_hr3
-20,27,-17.65408921807046,11.08624453135361,-39.38272922332766,4.074550787186748,-2.474950470337367,13.45991455753605,-28.8558982380944,23.90599729741967,1.770913400916622,9.937072120412941,-17.7053900668698,21.24721686870305,-155.8192197338929,78.00665055268566,-308.7094453717582,-2.928994096027537
-19.9,27,-17.61652718282987,11.06265668694112,-39.29893586256566,4.065881496905916,-2.469684598185188,13.43127633216748,-28.79450247563867,23.85513327926829,1.767145485690207,9.915929333109904,-17.66771888044948,21.20200985182989,-155.4876882144524,77.84067832279331,-308.052614259295,-2.922762169609797
-19.8,27,-17.57896514758928,11.03906884263847,-39.21514250201892,4.057212206840365,-2.464418726033009,13.40263810690458,-28.73310671339006,23.80426926132404,1.763377570463792,9.894786545832483,-17.63004769407936,21.15680283500694,-155.1561566950118,77.67470609274744,-307.3957831465307,-2.916530243492986
-19.7,27,-17.54140382878493,11.01548144817669,-39.13135073958036,4.048543082010504,-2.459152954318987,13.37400042780348,-28.67171212203709,23.75340621339911,1.759609727104382,9.873644161800541,-17.59237722618884,21.11159668039761,-154.8246314990091,77.50873702896942,-306.7389645629752,-2.910298435043018
-19.6,27,-17.50384179354434,10.99189360397044,-39.04755737922258,4.039873792133903,-2.453887082166808,13.34536220242308,-28.61031635955817,23.70254219522456,1.755841811877967,9.852501374515853,-17.55470603980448,21.06638966356041,-154.4930999795686,77.34276479873408,-306.0821334498396,-2.904066509297564
-19.5,27,-17.46627975830375,10.96830575968053,-38.96376401870082,4.031204502093324,-2.448621210014629,13.31672397710734,-28.54892059720601,23.65167817717675,1.752073896651551,9.831358587232625,-17.51703485342297,21.02118264672608,-154.1615684601281,77.17679256814817,-305.425302336017,-2.897834584239149
-19.4,27,-17.42871772306316,10.94471791526804,-38.87997065793881,4.022535211812492,-2.44335533786245,13.28808575179554,-28.48752483486155,23.60081415913665,1.748305981425136,9.810215799936806,-17.47936366701679,20.97597562986707,-153.8300369406875,77.01082033825368,-304.7684712235495,-2.891602657825644
-19.3,27,-17.39115568782258,10.92113007106181,-38.79617729758107,4.013865921935921,-2.438089465710271,13.25944752653263,-28.42612907261292,23.54995014119238,1.744538066198721,9.789073012633677,-17.44169248059629,20.93076861299373,-153.498505421247,76.84484810828836,-304.1116401109431,-2.88537073155095
-19.2,27,-17.35359436901822,10.89754267661299,-38.71238553516789,4.005196797131454,-2.432823693996249,13.23080984737478,-28.36473448114869,23.4990870931562,1.740770222839311,9.767930628589177,-17.40402201268116,20.88556245835979,-153.1669802252443,76.6788790433835,-303.454821525179,-2.879138925309547
-19.1,27,-17.31603233377763,10.87395483229738,-38.62859217459577,3.996527507040504,-2.42755782184407,13.20217162205114,-28.30333871878104,23.4482230750929,1.737002307612896,9.746787841286038,-17.36635082626063,20.84035544148643,-152.8354487058038,76.51290681419444,-302.7979904140941,-2.872906997513411
-19,27,-17.27847029853704,10.85036698810386,-38.54479881426295,3.987858217188862,-2.422291949691891,13.1735333967354,-28.24194295642887,23.39735905704509,1.733234392386481,9.72564505402122,-17.32867963991521,20.79514842468818,-152.5039171863633,76.34693458430212,-302.1411593016309,-2.866675071095642
-18.9,27,-17.24090826329645,10.82677914370434,-38.46100545352636,3.979188926933453,-2.417026077539712,13.14489517137864,-28.18054719399631,23.34649503891688,1.729466477160066,9.704502266756448,-17.29100845356988,20.74994140789002,-152.1723856669227,76.18096235398622,-301.4843281883374,-2.8604431455081
-18.8,27,-17.20334622805587,10.80319129938872,-38.37721209295422,3.970519636842489,-2.411760205387533,13.11625694605108,-28.11915143162097,23.2956310208459,1.725698561933651,9.683359479453275,-17.25333726714929,20.70473439101659,-151.8408541474822,76.01499012375091,-300.8274970752019,-2.854211219762561
-18.7,27,-17.16578490925151,10.77960390514592,-38.29342033094484,3.961850512441817,-2.406494433673511,13.08761926700283,-28.05775684037156,23.24476797302454,1.721930718574241,9.662217095408794,-17.2156667992342,20.65952823638268,-151.5093289514795,75.84902105919444,-300.1706784901206,-2.847979412838299
-18.6,27,-17.12822287401092,10.75601606073345,-38.20962697018285,3.95318122216101,-2.401228561521332,13.05898104163425,-27.99636107791582,23.19390395487316,1.718162803347826,9.641074308105688,-17.17799561281374,20.61432121950939,-151.1777974320389,75.68304882860851,-299.5138473762979,-2.841747487779969
-18.5,27,-17.09066083877034,10.73242821643078,-38.12583360963612,3.944511932095441,-2.395962689369153,13.03034281630669,-27.93496531554048,23.14303993680218,1.71439488812141,9.619931520809837,-17.1403244264075,20.56911420265032,-150.8462659125984,75.5170765987162,-298.8570162638347,-2.835515561362172
-18.4,27,-17.05309880352975,10.70884037223728,-38.04204024930331,3.935842642243813,-2.390696817216974,13.00170459100277,-27.87356955321147,23.09217591877753,1.710626972894995,9.598788733526609,-17.10265324002599,20.52390718581598,-150.5147343931579,75.35110436944659,-298.2001851525919,-2.829283633723918
-18.3,27,-17.01553676828916,10.6852525278248,-37.95824688854134,3.92717335196302,-2.385430945064795,12.97306636567914,-27.81217379084384,23.04131190071426,1.70685905766858,9.577645946241912,-17.06498205364161,20.47870016897877,-150.1832028737174,75.18513213921125,-297.5433540394563,-2.823051707978465
-18.2,27,-16.97797544948481,10.66166513347284,-37.874455126318,3.918504227348393,-2.380165173350774,12.94442868657412,-27.75077919948315,22.9904488527816,1.70309121430917,9.556503562209947,-17.02731158575105,20.4334940143694,-149.8516776777147,75.01916307438479,-296.8865354538459,-2.816819901583386
-18.1,27,-16.94041341424422,10.63807728906037,-37.79066176555602,3.909834937067593,-2.374899301198594,12.91579046125838,-27.68938343713099,22.93958483473381,1.699323299082755,9.535360774932617,-16.98964039938111,20.38828699754662,-149.5201461582741,74.85319084449242,-296.2297043413826,-2.810587975165731
-18,27,-16.90285137900363,10.61448944485413,-37.70686840519826,3.901165647191007,-2.369633429046415,12.88715223593476,-27.62798767476337,22.88872081667053,1.69555538385634,9.514217987629468,-16.95196921296056,20.34307998067325,-149.1886146388336,74.68721861444659,-295.5728732286184,-2.804356049048806
-17.9,27,-16.86528934376304,10.5909016005642,-37.62307504467648,3.892496357150396,-2.364367556894236,12.85851401061901,-27.56659191241118,22.83785679862271,1.691787468629925,9.49307520032629,-16.91429802653996,20.29787296379981,-148.8570831193931,74.52124638421122,-294.9160421154828,-2.798124123303381
-17.8,27,-16.82772730852245,10.56731375615172,-37.53928168391449,3.883827066869586,-2.359101684742057,12.82987578526225,-27.50519614997862,22.7869927804945,1.68801955340351,9.471932413043097,-16.87662684015852,20.25266594696554,-148.5255515999526,74.35527415536517,-294.2592110050701,-2.791892194834986
-17.7,27,-16.7901659897181,10.54372636189619,-37.45548992188014,3.875157942443952,-2.353835913028036,12.80123810620217,-27.44380155870602,22.73612973264995,1.6842517100441,9.450790029024352,-16.83895637229388,20.20745979238208,-148.1940264039498,74.18930509054086,-293.602392419464,-2.785660388435701
-17.6,27,-16.75260395447751,10.52013851749666,-37.37169656114355,3.866488652188529,-2.348570040875857,12.77259988088644,-27.38240579635385,22.68526571460214,1.680483794817685,9.429647241721208,-16.80128518587334,20.16225277550871,-147.8624948845093,74.02333285995282,-292.9455613056371,-2.779428463381521
-17.5,27,-16.71504191923692,10.49655067318104,-37.28790320057141,3.857819362097569,-2.343304168723678,12.74396165551786,-27.32101003389812,22.63440169645076,1.67671587959127,9.408504454418063,-16.7636139994528,20.11704575863534,-147.5309633650688,73.8573606296369,-292.2887301923436,-2.773196537793979
-17.4,27,-16.67747988399633,10.47296282898754,-37.20410984023862,3.849150072245948,-2.338038296571498,12.7153234301903,-27.25961427152278,22.58353767837978,1.672947964364854,9.38736166713336,-16.72594281306841,20.07183874179812,-147.1994318456283,73.69138839940157,-291.6318990792081,-2.766964612048497
-17.3,27,-16.63991784875575,10.44937498458801,-37.12031647950202,3.840480781990529,-2.332772424419319,12.68668520488638,-27.19821850919378,22.53267366035514,1.669180049138439,9.366218879850139,-16.68827162668692,20.0266317249638,-146.8679003261878,73.52541616977925,-290.975067967274,-2.760732685101544
-17.2,27,-16.60235652995139,10.4257875902231,-37.0365247172533,3.831811657350517,-2.327506652705297,12.65804752578529,-27.13682391784079,22.4818106124302,1.665412205779029,9.345076495843951,-16.65060115884688,19.98142557040494,-146.536375130185,73.35944710600123,-290.3182493837185,-2.754500876651548
-17.1,27,-16.5647944947108,10.40219974591999,-36.95273135670568,3.823142367284071,-2.322240780553118,12.62940930045772,-27.07542815546545,22.43094659435921,1.661644290552614,9.323933708540839,-16.6129299724264,19.93621855353163,-146.2048436107445,73.19347487568534,-289.661418270425,-2.748268951063949
-17,27,-16.52723245947022,10.37861190160439,-36.86893799613357,3.814473077193142,-2.316974908400939,12.60077107513409,-27.01403239309781,22.38008257629593,1.657876375326199,9.302790921237671,-16.57525878600582,19.89101153665822,-145.873312091304,73.02750264544999,-289.0045871572894,-2.742037025318524
-16.9,27,-16.48967042422963,10.35502405731446,-36.78514463561178,3.805803787152527,-2.31170903624876,12.57213284981836,-26.95263663074566,22.32921855824814,1.654108460099784,9.281648133934583,-16.53758759958539,19.84580451978496,-145.5417805718635,72.86153041555549,-288.3477560448219,-2.735805098905018
-16.8,27,-16.45210838898904,10.33143621301135,-36.70135127506416,3.797134497086084,-2.306443164096581,12.5434946244616,-26.89124086831308,22.27835454011992,1.650340544873369,9.260505346631428,-16.49991641316483,19.80059750291157,-145.2102490524229,72.69555818523961,-287.6909249315285,-2.729573173317419
-16.7,27,-16.41454707018469,10.30784881864643,-36.61755951281543,3.788465372446066,-2.301177392382559,12.51485694540153,-26.82984627704051,22.22749149227539,1.646572701513959,9.239362962625259,-16.46224594532484,19.75539134835276,-144.8787238564202,72.52958912041532,-287.0341063459223,-2.723341366918078
-16.6,27,-16.3769850349441,10.28426097435652,-36.53376615229368,3.77979608240549,-2.29591152023038,12.48621872008579,-26.76845051468833,22.17662747422757,1.642804786287544,9.218220175342012,-16.42457475894329,19.71018433151838,-144.5471923369797,72.3636168911457,-286.3772752346795,-2.717109439279852
-16.5,27,-16.33942299970351,10.26067312994403,-36.44997279153166,3.771126792124647,-2.290645648078201,12.4575804947172,-26.70705475223258,22.12576345607618,1.639036871061129,9.197077388057323,-16.38690357255893,19.66497731468119,-144.2156608175391,72.19764466091034,-285.7204441215439,-2.710877513534371
-16.4,27,-16.30186096446292,10.23708528573779,-36.36617943117391,3.762457502248068,-2.285379775926022,12.42894226938964,-26.64565898985724,22.0748994380052,1.635268955834714,9.17593460075418,-16.3492323861384,19.61977029780783,-143.8841292980986,72.03167243101804,-285.0636130090807,-2.704645587116573
-16.3,27,-16.26429892922233,10.21349744144787,-36.28238607065214,3.753788212207478,-2.280113903773843,12.40030404408573,-26.58426322752825,22.02403541998057,1.631501040608298,9.154791813451023,-16.31156119971783,19.57456328093443,-143.5525977786581,71.86570020069998,-284.406781895783,-2.698413661533266
-16.2,27,-16.22673761041798,10.18991004697336,-36.1985943081886,3.745119087352649,-2.274848132059822,12.37166636498463,-26.52286863617527,21.97317237205562,1.627733197248889,9.133649429432323,-16.27389073185327,19.52935712635105,-143.2210725826554,71.69973113614569,-283.749963310706,-2.69218185460474
-16.1,27,-16.18917557517739,10.16632220277985,-36.1148009478558,3.73644979750102,-2.269582259907643,12.34302813965708,-26.46147287379994,21.92230835398465,1.623965282022473,9.112506642149071,-16.23621954547172,19.48415010951667,-142.8895410632149,71.53375890591033,-283.0931321975704,-2.685949928859316
-16,27,-16.1516135399368,10.14273435838032,-36.0310075871192,3.727780507245598,-2.264316387755463,12.31438991434133,-26.40007711144775,21.87144433593683,1.620197366796058,9.091363854845943,-16.19854835905122,19.43894309264333,-142.5580095437743,71.36778667601799,-282.4363010851071,-2.679718002441575
-15.9,27,-16.11405150469621,10.11914651406471,-35.94721422654708,3.719111217154651,-2.259050515603284,12.28575168901771,-26.33868134908012,21.82058031787355,1.616429451569643,9.070221067542814,-16.16087717263071,19.39373607577,-142.2264780243338,71.2018144467484,-281.7794699738644,-2.673486074803293
-15.8,27,-16.07648982767374,10.09555889473718,-35.86342166516161,3.710442009814127,-2.253784693670184,12.25711373679273,-26.27728617219508,21.76971678485472,1.612661572276731,9.049078481907278,-16.12320634553792,19.34852949009138,-141.8949496666122,71.03584379873679,-281.1226451235492,-2.66725420967515
-15.7,27,-16.03892779243315,10.0719710504343,-35.77962830461443,3.701772719748121,-2.248518821518005,12.22847551152194,-26.21589040993101,21.718852766895,1.608893657050315,9.027935694604171,-16.08553515911745,19.30332247321808,-141.5634181471717,70.86987156884227,-280.4658140110816,-2.661022283261701
-15.6,27,-16.00136611541068,10.04838343110677,-35.69583574322897,3.693103512407607,-2.243252999584905,12.19983755928513,-26.1544952330228,21.66798923385299,1.605125777757403,9.006793108948793,-16.04786433198577,19.25811588750058,-141.23188978945,70.70390092110071,-279.8089891612958,-2.654790417604318
-15.5,27,-15.96380408017009,10.0247955867974,-35.61204238266907,3.684434222328884,-2.237987127432726,12.1711993339694,-26.09309947067063,21.61712521580518,1.601357862530988,8.985650321665547,-16.01019314560423,19.21290887066621,-140.9003582700095,70.53792869147834,-279.1521580493616,-2.64855849065745
-15.4,27,-15.92624204492951,10.00120774250089,-35.52824902213439,3.675764932275378,-2.232721255280547,12.14256110860081,-26.03170370821489,21.56626119765379,1.597589947304573,8.964507534369735,-15.97252195919807,19.16770185380721,-140.568826750569,70.3719564611625,-278.4953269360682,-2.642326565069794
-15.3,27,-15.88868036790703,9.977620123118687,-35.44445646064175,3.667095724827687,-2.227455433347446,12.11392315636795,-25.97030853131439,21.5153976646195,1.59382206801166,8.943364948707027,-15.93485113205202,19.12249526807534,-140.2372983928474,70.2059858148907,-277.8385020891631,-2.636094696531728
-15.2,27,-15.85111833266645,9.954032278809308,-35.36066310008185,3.658426434748955,-2.222189561195267,12.08528493105221,-25.90891276896222,21.46453364657168,1.590054152785245,8.922222161431089,-15.8971799456848,19.07728825125529,-139.9057668734069,70.04001358457481,-277.1816709758696,-2.629862770944129
-15.1,27,-15.81355665564397,9.930444659481905,-35.27687053869663,3.649757227408674,-2.216923739262167,12.05664697886825,-25.84751759215757,21.41367011363324,1.586286273492332,8.90107957571902,-15.85950911844201,19.03208166542667,-139.5742385156852,69.8740429372546,-276.5248461269096,-2.623630904460924
-15,27,-15.77599462040339,9.906856815185384,-35.19307717816191,3.641087937355143,-2.211657867109988,12.02800875354068,-25.78612182978222,21.36280609556224,1.582518358265917,8.879936788454144,-15.82183793209647,18.98687464862831,-139.2427069962447,69.70807070693871,-275.8680150136161,-2.617398978873297
-14.9,27,-15.7384325851628,9.883268970876019,-35.10928381760203,3.632418647276436,-2.206391994957809,11.99937052822494,-25.72472606743006,21.31194207751444,1.578750443039502,8.858794001189368,-15.78416674575114,18.94166763183014,-138.9111754768042,69.54209847662285,-275.2111839003227,-2.611167053285641
-14.8,27,-15.70087090814033,9.859681351493805,-35.02549125610939,3.623749439828732,-2.201126173024708,11.97073257599207,-25.66333089052955,21.26107854448014,1.57498256374659,8.837651415477215,-15.74649591850818,18.89646104600136,-138.5796471190826,69.37612782930478,-274.5543590513669,-2.604935186798258
-14.7,27,-15.66330887289974,9.836093507239241,-34.94169789565692,3.615080149857436,-2.195860300872529,11.94209435066845,-25.60193512816192,21.21021452641687,1.571214648520175,8.816508628201289,-15.70882473214099,18.85125402918134,-138.248115599642,69.21015560003518,-273.8975279401241,-2.598703259159976
-14.6,27,-15.62574719587727,9.812505887911719,-34.85790533427146,3.606410942516922,-2.190594478939429,11.91345639849236,-25.54053995137272,21.15935099349386,1.567446769227262,8.795366042538616,-15.67115390499501,18.80604744344953,-137.9165872419204,69.04418495271715,-273.2407030911683,-2.592471392672508
-14.5,27,-15.58818516063668,9.788918043560505,-34.77411197362956,3.597741652356195,-2.185328606787249,11.88481817316874,-25.47914418900509,21.10848697543059,1.563678854000847,8.774223255242822,-15.63348271858887,18.76084042659057,-137.5850557224799,68.87821272239908,-272.5838719778706,-2.586239467089172
-14.4,27,-15.55062312539609,9.765330199251151,-34.69031861306969,3.589072362277511,-2.18006273463507,11.85617994780016,-25.41774842654936,21.05762295727921,1.559910938774432,8.753080467959546,-15.59581153220728,18.71563340975614,-137.2535242030394,68.71224049216377,-271.9270408647351,-2.580007541343662
-14.3,27,-15.51306144837362,9.741742579868935,-34.60652605157703,3.580403154829799,-2.17479691270197,11.82754199556729,-25.35635324964886,21.00675942424492,1.556143059481519,8.731937882304177,-15.55814070507561,18.67042682403865,-136.9219958453177,68.54626984503517,-271.2702160161506,-2.573775674484864
-14.2,27,-15.47549941313303,9.718154735620855,-34.52273269113728,3.571733864871209,-2.169531040549791,11.79890377025156,-25.29495748729669,20.95589540619711,1.552375144255104,8.710795095001021,-15.52046951865505,18.62521980716526,-136.5904643258772,68.38029761479982,-270.613384903015,-2.567543748739439
-14.1,27,-15.43793773611056,9.694567116293214,-34.43894012975159,3.563064657530466,-2.164265218616691,11.7702658180597,-25.23356231047658,20.9050318732432,1.548607264962192,8.689652509365548,-15.48279869156238,18.58001322148677,-136.2589359681556,68.21432696844752,-269.956560055952,-2.561311880359142
-14,27,-15.40037570086997,9.670979271935632,-34.3551467690972,3.554395367357255,-2.158999346464512,11.74162759275185,-25.17216654813986,20.85416785521084,1.544839349735776,8.66850972206243,-15.4451275051419,18.53480620461345,-135.9274044487151,68.04835473786162,-269.2997289421294,-2.555079955300783
-13.9,27,-15.36281366562939,9.647391427681082,-34.27135340864476,3.545726077385986,-2.153733474312333,11.71298936742429,-25.11077078576453,20.80330383713986,1.541071434509361,8.647366934759253,-15.4074563187213,18.48959918774002,-135.5958729292745,67.88238250762629,-268.6428978289938,-2.548848029555302
-13.8,27,-15.32525198860691,9.623803808353552,-34.18756084725928,3.537056870045456,-2.148467652379232,11.68435141519142,-25.04937560886402,20.75244030410555,1.537303555216449,8.626224349105337,-15.36978549159248,18.44439260202538,-135.2643445715529,67.71641186022549,-267.9860729798758,-2.542616163230036
-13.7,27,-15.28768995336632,9.600215964002341,-34.10376748661739,3.528387579884736,-2.143201780227053,11.65571318987568,-24.98797984651185,20.70157628605775,1.533535639990034,8.605081561820636,-15.33211430520809,18.39918558518816,-134.9328130521124,67.55043962999018,-267.3292418667403,-2.536384237484498
-13.6,27,-15.25012827634385,9.576628344668341,-34.01997492521923,3.519718372531525,-2.137935958293953,11.62707523768383,-24.92658466969175,20.65071275310385,1.529767760697121,8.583938976154172,-15.29444347805468,18.35397899944892,-134.6012846943908,67.38446898286159,-266.6724170181558,-2.530152370625729
-13.5,27,-15.21256624110327,9.553040500310766,-33.93618156456486,3.511049082358332,-2.132670086141774,11.59843701236809,-24.86518890733957,20.59984873505602,1.525999845470706,8.562796188851015,-15.25677229163412,18.30877198257553,-134.2697531749502,67.21849675262625,-266.0155859050202,-2.523920444880247
-13.4,27,-15.17500420586268,9.529452656062691,-33.85238820412511,3.502379792399751,-2.127404213989595,11.56979878699951,-24.80379314488383,20.54898471690463,1.522231930244291,8.541653401566309,-15.21910110524971,18.2635649657383,-133.9382216555097,67.05252452378019,-265.3587547946076,-2.517688516411823
-13.3,27,-15.13744252884021,9.505865036728677,-33.76859564272693,3.493710585046514,-2.122138392056494,11.54116083481949,-24.74239796808692,20.49812118397393,1.518464050951378,8.520510815912393,-15.1814302781209,18.21835838002366,-133.6066932977881,66.88655387603646,-264.7019299448175,-2.511456650758703
-13.2,27,-15.09988049359962,9.482277192377474,-33.68480228208504,3.485041294885809,-2.116872519904315,11.5125226094509,-24.68100220563115,20.44725716582252,1.514696135724963,8.499368028609334,-15.14375909170053,18.17315136315046,-133.2751617783476,66.7205816461441,-264.0450988323541,-2.505224724341019
-13.1,27,-15.06231881657715,9.458689573043474,-33.60100972068689,3.476372087532599,-2.111606697971215,11.48388465725906,-24.61960702881106,20.39639363286863,1.510928256432051,8.478225442973757,-15.10608826460765,18.12794477747176,-132.943633420626,66.55461099832196,-263.3882739824103,-2.498992858841575
-13,27,-15.02475678133656,9.435101728740701,-33.51721636013993,3.467702797466814,-2.106340825819036,11.45524643194331,-24.55821126645888,20.34552961482081,1.507160341205636,8.457082655670643,-15.06841707818718,18.08273776059845,-132.6121019011854,66.38863876878017,-262.7314428706341,-2.492760931736768
-12.9,27,-14.98719474609597,9.411513884444181,-33.43342299960523,3.459033507413283,-2.101074953666857,11.42660820663545,-24.49681550412215,20.29466559678844,1.50339242597922,8.435939868367475,-15.03074589176659,18.03753074372503,-132.2805703817449,66.22266653819428,-262.0746117568115,-2.486529006678381
-12.8,27,-14.9496330690735,9.387926265110174,-33.34963043820706,3.450364300060063,-2.095809131733756,11.39797025440259,-24.43542032722167,20.24380206375416,1.499624546686308,8.414797282731996,-14.99307506467391,17.99232415804653,-131.9490420240233,66.05669589149898,-261.4177869090762,-2.480297138970343
-12.7,27,-14.91207103383291,9.364338420752603,-33.2658370775527,3.441695009886873,-2.090543259581577,11.36933202907503,-24.37402456484632,20.19293804568317,1.495856631459893,8.393654495428889,-14.95540387825345,17.94711714117323,-131.6175105045828,65.89072366160663,-260.7609557966128,-2.474065212552631
-12.6,27,-14.87450935681044,9.340750801418592,-33.18204451615452,3.43302580253364,-2.085277437648477,11.340694076895,-24.31262938804939,20.14207451275243,1.49208875216698,8.372511909774937,-14.91773305112456,17.90191055545852,-131.2859821468611,65.72475301386288,-260.1041309468227,-2.467833346899539
-12.5,27,-14.83694732156985,9.317162957170517,-33.09825115571476,3.424356512575063,-2.080011565496298,11.31205585156744,-24.25123362567405,20.09121049468145,1.488320836940565,8.351369122490247,-14.88006186474019,17.85670353862132,-130.9544506274206,65.55878078397052,-259.4472998343593,-2.461601420481855
-12.4,27,-14.79938528632926,9.293575112819305,-33.01445779507286,3.41568722241434,-2.074745693344119,11.2834176262517,-24.18983786332187,20.04034647663363,1.48455292171415,8.330226335187119,-14.84239067831968,17.81149652174798,-130.6229191079801,65.39280855392465,-258.7904687215952,-2.455369494365044
-12.3,27,-14.76182360930679,9.269987493485296,-32.9306652336747,3.40701801506111,-2.069479871411018,11.25477967401882,-24.12844268642136,19.98948294359932,1.480785042421237,8.309083749520639,-14.80471985116624,17.76628993600872,-130.2913907502585,65.22683790660659,-258.1336438726394,-2.449137627877604
-12.2,27,-14.7242615740662,9.246399649127735,-32.84687187302035,3.398348724887946,-2.064213999258839,11.22614144865025,-24.06704692396564,19.93861892544796,1.477017127194822,8.287940962235908,-14.76704866478179,17.72108291917144,-129.959859230818,65.06086567706699,-257.4768127608673,-2.442905700768534
-12.1,27,-14.68669989704373,9.222812029800197,-32.76307931163487,3.389679517547401,-2.058948177325739,11.19750349651124,-24.00565174724909,19.88775539259761,1.47324924790191,8.266798376582008,-14.72937783765301,17.67587633345683,-129.6283308730963,64.89489503001683,-256.8199879124366,-2.436673833756004
-12,27,-14.64913786180315,9.199224185552005,-32.67928595119488,3.381010227588591,-2.05368230517356,11.16886527114266,-23.94425598479336,19.83689137444624,1.469481332675495,8.245655589278888,-14.69170665123252,17.63066931658351,-129.2967993536558,64.72892279943089,-256.1631567986138,-2.430441908697702
-11.9,27,-14.61157582656256,9.175636341194439,-32.59549259054053,3.372340937415412,-2.048416433021381,11.14022704583481,-23.88286022245664,19.78602735641388,1.46571341744908,8.224512801975727,-14.65403546481195,17.58546229971011,-128.9652678342153,64.56295056911502,-255.5063256853205,-2.424209983110075
-11.8,27,-14.57401414954009,9.152048721860426,-32.51170002914235,3.363671730062181,-2.043150611088281,11.11158909360194,-23.82146504555614,19.73516382337958,1.461945538156167,8.203370216340245,-14.61636463771926,17.54025571403159,-128.6337394764936,64.39697992206698,-254.8495008368939,-2.417978116093423
-11.7,27,-14.5364521142995,9.128460877612344,-32.42790666870258,3.355002440103585,-2.037884738936101,11.0829508682862,-23.76006928320396,19.68429980533176,1.458177622929752,8.182227429037086,-14.5786934512987,17.4950486971582,-128.3022079570531,64.23100769175109,-254.1926697236004,-2.411746190505838
-11.6,27,-14.49889043727703,9.104873258230135,-32.34411410720995,3.346333232655891,-2.032618917003001,11.05431291609435,-23.69867410638387,19.63343627237786,1.45440974363684,8.16108484338173,-14.54102262416705,17.44984211144073,-127.9706795993315,64.06503704474335,-253.5358448752528,-2.405514323410188
-11.5,27,-14.46132840203644,9.081285413927137,-32.26032074666254,3.337663942589662,-2.027353044850822,11.02567469076678,-23.63727834400851,19.58257225430687,1.450641828410424,8.139942056098459,-14.50335143778547,17.40463509460632,-127.639148079891,63.89906481450421,-252.8790137621098,-2.399282397672167
-11.4,27,-14.42376636679585,9.057697569569569,-32.17652738600818,3.328994652416483,-2.022087172698643,10.99703646544316,-23.57588258164089,19.5317082362436,1.446873913184009,8.118799268802668,-14.46568025137934,17.35942807774736,-127.3076165604505,63.73309258509851,-252.2221826506003,-2.393050470300636
-11.3,27,-14.38620468977338,9.034109950242048,-32.09273482462272,3.320325445075969,-2.016821350765543,10.96839851322607,-23.51448740477131,19.48084470324022,1.443106033891097,8.097656683139954,-14.42800942423328,17.31422149201548,-126.9760882027288,63.56712193752733,-251.5653578011484,-2.386818604309312
-11.2,27,-14.34864265453279,9.01052210599385,-32.00894146418273,3.31165615511715,-2.011555478613364,10.93976028790244,-23.45309164240368,19.42998068517695,1.439338118664681,8.076513895864082,-14.3903382378662,17.26901447519556,-126.6445566832883,63.40114970725173,-250.9085266879339,-2.380586678642771
-11.1,27,-14.31108097751032,8.986934486611627,-31.92514890269007,3.302986947669428,-2.006289656680263,10.91112233565775,-23.39169646548,19.37911715211947,1.435570239371769,8.055371310151926,-14.35266741062323,17.22380788936677,-126.3130283255667,63.23517906041654,-250.2517018399245,-2.374354811208903
-11,27,-14.27351894226973,8.963346642302264,-31.84135554213019,3.294317657590724,-2.001023784528084,10.882484110342,-23.33030070312782,19.32825313407165,1.431802324145354,8.034228522887089,-14.31499622427777,17.17860087256848,-125.9814968061262,63.0692068301409,-249.5948707267099,-2.368122885542434
-10.9,27,-14.23595690702914,8.939758797999382,-31.75756218158301,3.285648367524724,-1.995757912375905,10.85384588500971,-23.26890494074319,19.27738911599138,1.428034408918939,8.013085735622296,-14.2773250379324,17.13339385577028,-125.6499652866856,62.90323460003574,-248.9380396138295,-2.361890959541824
-10.8,27,-14.19839523000667,8.916171178671968,-31.67376962019777,3.276979160184425,-1.990492090442805,10.8252079328218,-23.20750976393081,19.22652558304521,1.424266529626026,7.991943149910163,-14.23965421068949,17.08818726994154,-125.318436928964,62.73726395285377,-248.2812147651404,-2.355659092787675
-10.7,27,-14.16083319476608,8.892583334368982,-31.58997625965039,3.268309870118223,-1.985226218290626,10.79656970747372,-23.14611400151526,19.17566156493401,1.420498614399611,7.970800362634243,-14.2019830243223,17.04298025312153,-124.9869054095235,62.57129172305994,-247.6243836528701,-2.349427166176838
-10.6,27,-14.12327151774361,8.868995714986756,-31.50618369815771,3.25964066267049,-1.979960396357525,10.76793175527122,-23.08471882467428,19.12479803195923,1.416730735106698,7.949657776971531,-14.16431219717625,16.99777366738964,-124.6553770518019,62.40532107535376,-246.9675588031536,-2.34319530045012
-10.5,27,-14.08570948250302,8.845407870683879,-31.42239033761055,3.250971372604504,-1.974694524205346,10.73929352994957,-23.02332306231053,19.07393401389983,1.412962819880283,7.928514989675693,-14.12664101077003,16.9525666505306,-124.3238455323613,62.23934884542495,-246.3107276906188,-2.336963374103874
-10.4,27,-14.04814744726244,8.821820026429311,-31.33859697715807,3.242302082633195,-1.969428652053167,10.71065530463579,-22.9619272999622,19.02306999585587,1.409194904653868,7.907372202392473,-14.08896982438854,16.90735963369628,-123.9923140129208,62.0733766154972,-245.6538965780861,-2.330731447755539
-10.3,27,-14.01058577023996,8.798232407053456,-31.25480441567788,3.233632875197953,-1.964162830120067,10.68201735242147,-22.90053212309805,18.97220646285792,1.405427025360956,7.886229616737105,-14.05129899725688,16.86215304797879,-123.6607856551992,61.90740596810129,-244.9970717289777,-2.324499581420696
-10.2,27,-13.97302373499938,8.774644562750581,-31.17101105513072,3.224963585131967,-1.958896957967888,10.65337912707931,-22.83913636069409,18.92134244475832,1.401659110134541,7.865086829433955,-14.01362781083633,16.81694603110541,-123.3292541357587,61.74143373786217,-244.3402406158347,-2.318267655682632
-10.1,27,-13.9354620579769,8.751056943361885,-31.08721849362536,3.216294377671558,-1.953631136034787,10.62474117486695,-22.77774118383378,18.87047891176421,1.397891230841628,7.843944243798443,-13.97595698374359,16.77173944542684,-122.9977257780371,61.57546309098942,-243.6834157677517,-2.312035788322419
-10,27,-13.89790002273632,8.727469099059004,-31.0034251330782,3.207625087605559,-1.948365263882608,10.59610294954924,-22.71634542147775,18.81961489371253,1.394123315615213,7.822801456495368,-13.93828579732318,16.72653242855361,-122.6661942585965,61.40949086088529,-243.0265846548733,-2.305803862319777
-9.9,27,-13.86033798749573,8.703881254810803,-30.91963177263819,3.198955797646732,-1.943099391730429,10.56746472422956,-22.65494965911785,18.76875087565699,1.390355400388798,7.801658669192195,-13.90061461090259,16.68132541168018,-122.334662739156,61.24351863060966,-242.3697535416587,-2.29957193665328
-9.800000000000001,27,-13.82277631047326,8.680293635428589,-30.83583921114554,3.190286590199028,-1.937833569797329,10.53882677202509,-22.59355448227301,18.71788734267835,1.386587521095885,7.780516083538253,-13.86294378377372,16.63611882596549,-122.0031343814344,61.07754798390948,-241.7129286939139,-2.293340068954834
-9.699999999999999,27,-13.78521427523267,8.656705791125706,-30.75204585059836,3.181617300133025,-1.93256769764515,10.51018854667899,-22.53215871986133,18.66702332457103,1.38281960586947,7.759373296253584,-13.82527259738939,16.59091180912833,-121.6716028619939,60.91157575349781,-241.0560975804328,-2.28710814355496
-9.6,27,-13.7476525982102,8.633118171737008,-30.66825328909301,3.172948092672613,-1.927301875712049,10.48155059449304,-22.4707635430528,18.6161597916287,1.379051726576558,7.738230710587089,-13.78760177023593,16.54570522338904,-121.3400745042722,60.74560510627449,-240.3992727316626,-2.280876276881855
-9.5,27,-13.71009056296961,8.609530327488935,-30.58445992865325,3.164278802714035,-1.92203600355987,10.45291236915483,-22.40936778065657,18.56529577353683,1.375283811350142,7.717087923283963,-13.74993058381542,16.50049820651571,-121.0085429848317,60.57963287634674,-239.7424416191299,-2.274644350533535
-9.4,27,-13.67252852772902,8.585942483192413,-30.50066656811855,3.155609512660503,-1.916770131407691,10.42427414382923,-22.34797201828509,18.51443175546971,1.371515896123727,7.695945135999247,-13.712259397431,16.45529118967846,-120.6770114653912,60.41366064641684,-239.085610506593,-2.268412424189407
-9.300000000000001,27,-13.63496685070655,8.562354863803716,-30.41687400661319,3.146940305200086,-1.911504309474591,10.39563619162081,-22.2865768414325,18.46356822248332,1.367748016830815,7.674802550345345,-13.67458857030221,16.41008460396384,-120.3454831076696,60.24768999871173,-238.4287856568785,-2.262180558460585
-9.199999999999999,27,-13.59740481546596,8.538767019500838,-30.33308064606602,3.1382710151341,-1.906238437322412,10.36699796627866,-22.22518107902857,18.41270420438374,1.3639801016044,7.653659763042188,-13.63691738388165,16.36487758709045,-120.013951588229,60.08171776930602,-237.771954545369,-2.255948631089069
-9.1,27,-13.55984313844349,8.515179400166819,-30.24928808466783,3.129601807780851,-1.900972615389311,10.33836001409272,-22.16378590222004,18.36184067144142,1.360212222311487,7.63251717740672,-13.59924655678899,16.31967100141197,-119.6824232305074,59.91574712173485,-237.1151296959171,-2.24971676509773
-9,27,-13.5222811032029,8.491591555870428,-30.16549472413338,3.120932517727574,-1.895706743237132,10.30972178875055,-22.10239013981608,18.31097665334181,1.356444307085072,7.611374390103565,-13.56157537036843,16.27446398453858,-119.3508917110669,59.74977489180603,-236.4582985833823,-2.243484838751499
-8.9,27,-13.48471906796232,8.468003711567546,-30.08170136358621,3.112263227661574,-1.890440871084953,10.28108356343285,-22.04099437746005,18.26011263529015,1.352676391858657,7.590231602800432,-13.52390418394792,16.22925696766523,-119.0193601916264,59.58380266122011,-235.8014674695596,-2.237252913693155
-8.800000000000001,27,-13.44715739093984,8.444416092178843,-29.99790880208084,3.10359402020115,-1.885175049151853,10.2524456112264,-21.97959920061134,18.20924910230763,1.348908512565744,7.56908901716498,-13.48623335685529,16.18405038198678,-118.6878318339047,59.41783201434738,-235.1446426214766,-2.231021046332884
-8.699999999999999,27,-13.40959535569926,8.420828247930769,-29.91411544164109,3.094924730242575,-1.879909176999674,10.22380738590476,-21.91820343824759,18.15838508424824,1.345140597339329,7.547946229861833,-13.44856217043474,16.1388433651134,-118.3563003144642,59.25185978424324,-234.4878115085982,-2.224789120330271
-8.6,27,-13.37203367867678,8.397240628596757,-29.83032288024291,3.08625552288934,-1.874643355066573,10.19516943369634,-21.85680826139501,18.10752155126186,1.341372718046417,7.526803644207909,-13.41089134330591,16.09363677939875,-118.0247719567426,59.08588913719629,-233.8309866601737,-2.218557253311488
-8.5,27,-13.3344716434362,8.373652784245552,-29.74652951960102,3.077586232728631,-1.869377482914394,10.16653120835024,-21.79541249898333,18.05665753315454,1.337604802820002,7.505660856923177,-13.37322015692146,16.04842976256147,-117.6932404373021,58.91991690726638,-233.1741555476368,-2.212325326967388
-8.4,27,-13.29690960819561,8.350064939942671,-29.66273615905385,3.068916942662632,-1.864111610762215,10.13789298303252,-21.73401673662728,18.00579351510285,1.333836887593586,7.48451806962003,-13.33554897050092,16.00322274568809,-117.3617089178615,58.75394467699076,-232.5173244344222,-2.206093401300876
-8.300000000000001,27,-13.25934793117314,8.32647732060866,-29.57894359765567,3.060247735309401,-1.858845788829115,10.10925503082607,-21.67262155977856,17.95492998212033,1.330069008300674,7.463375483953561,-13.2978781433475,15.95801615994885,-117.0301805601399,58.58797403015559,-231.8604995864129,-2.199861533866994
-8.199999999999999,27,-13.22178589593255,8.302889476312265,-29.49515023712121,3.051578445256116,-1.853579916676936,10.08061680550048,-21.61122579740708,17.90406596405321,1.326301093074259,7.442232696668857,-13.2602069569631,15.91280914311162,-116.6986490406994,58.42200179970362,-231.2036684728527,-2.193629608546132
-8.1,27,-13.18422421891008,8.279301856984731,-29.41135767573574,3.042909237915582,-1.848314094743835,10.05197885326959,-21.54983062051046,17.85320243102279,1.322533213781346,7.421090111014943,-13.22253612983429,15.86760255739698,-116.3671206829778,58.25603115265558,-230.5468436244261,-2.187397741529452
-8,27,-13.14666218366949,8.255714012620681,-29.32756431506867,3.034239947729693,-1.843048222591656,10.02334062794991,-21.48843485815056,17.80233841296725,1.318765298554931,7.399947323711802,-13.18486494341376,15.82239554052362,-116.0355891635373,58.09005892206968,-229.8900125106034,-2.181165816471065
-7.9,27,-13.10910032753796,8.232126280860161,-29.24377135420953,3.025570699133613,-1.837782375549017,9.994702539179547,-21.42703938853195,17.75147463743392,1.314997401295267,7.378804637241765,-13.14719393665573,15.77718873924626,-115.7040592249562,57.92408748390977,-229.2331845307666,-2.174933919145744
-7.8,27,-13.07153847140643,8.208538548983787,-29.15997839312332,3.016901450310465,-1.832516528506377,9.96606445039933,-21.36564391889403,17.70061086188127,1.311229504035603,7.357661950773161,-13.10952292990051,15.73198193797171,-115.3725292863751,57.75811604509282,-228.576356549642,-2.168702023108168
-7.7,27,-13.03397643616584,8.184950704687392,-29.07618503258886,3.008232160257178,-1.827250656354198,9.937426225104103,-21.30424815658206,17.64974684387366,1.307461588809188,7.336519163470063,-13.07185174348006,15.68677492109843,-115.0409977669346,57.59214381516399,-227.9195254371072,-2.162470096761965
-7.6,27,-12.99641458003431,8.161362972865815,-28.99239207161005,2.999562911541428,-1.821984809311558,9.908788136329798,-21.24285268695572,17.5988830683326,1.303693691549525,7.315376477000014,-13.034180736722,15.64156811982105,-114.7094678283535,57.42617237700409,-227.2626974572704,-2.156238199436601
-7.5,27,-12.95885272390278,8.137775241050495,-28.9085991106435,2.990893662837941,-1.816718962268918,9.880150047549577,-21.18145721731779,17.54801929277995,1.299925794289861,7.294233790531436,-12.99650972996683,15.59636131854655,-114.3779378897724,57.26020093784032,-226.6058694754661,-2.150006304078815
-7.4,27,-12.92129086777125,8.114187509235288,-28.82480614967718,2.982224414134675,-1.811453115226279,9.851511958779218,-21.12006174769918,17.49715551724663,1.296157897030197,7.27309110404293,-12.9588387231726,15.55115451723299,-114.0464079511914,57.09422949888837,-225.9490414940769,-2.143774408305845
-7.3,27,-12.88372901163972,8.090599777426565,-28.74101318872356,2.973555165444118,-1.806187268183639,9.822873869999004,-21.05866627806126,17.44629174169399,1.292389999770533,7.251948417572895,-12.92116771641457,15.50594771595564,-113.7148780126103,56.9282580605532,-225.2922135138966,-2.137542511324014
-7.2,27,-12.84616697639913,8.067011933062515,-28.6572198280565,2.964885875258233,-1.80092139603146,9.794235644683264,-20.99727051570909,17.39542772364617,1.288622084544118,7.230805630296977,-12.8834965300474,15.46074069913564,-113.3833464931698,56.76228583062434,-224.6353824013617,-2.131310584977854
-7.1,27,-12.80860512026761,8.043424201301999,-28.57342686719737,2.956216626662158,-1.79565554898882,9.765597555933407,-20.93587504613067,17.34456394815303,1.284854187284454,7.209662943808508,-12.84582552325324,15.41553389782215,-113.0518165545887,56.59631439180739,-223.9785544202371,-2.125078688940306
-7,27,-12.77104326413608,8.019836469432111,-28.48963390612387,2.94754737785172,-1.790389701946181,9.736959467153204,-20.87447957649277,17.29370017260041,1.28108629002479,7.188520257320063,-12.80815451645913,15.37032709650871,-112.7202866160076,56.43034295364748,-223.3217264404003,-2.118846791614956
-6.9,27,-12.73348140800455,7.996248737616903,-28.40584094515754,2.938878129148454,-1.785123854903541,9.708321378405316,-20.81308410691821,17.24283639711113,1.277318392765126,7.167377570831578,-12.77048350966494,15.3251202951952,-112.3887566774265,56.26437151483052,-222.6648984592757,-2.112614895577423
-6.8,27,-12.69591955187301,7.972661005801692,-28.32204798419121,2.93020888044518,-1.779858007860901,9.679683289598684,-20.75168863722851,17.19197262150671,1.273550495505463,7.146234884343102,-12.73281250287077,15.2799134938817,-112.0572267388455,56.09840007601354,-222.008070478151,-2.106382999539932
-6.7,27,-12.65835751663243,7.949073161492326,-28.23825462363133,2.921539590366473,-1.774592135708722,9.651045064282934,-20.69029287487632,17.14110860345887,1.269782580279047,7.125092097067182,-12.69514131650359,15.23470647706169,-111.725695219405,55.93242784595077,-221.3512393653537,-2.100151073456232
-6.6,27,-12.6207956605009,7.925485429683612,-28.15446166267773,2.912870341675934,-1.769326288666082,9.622406975538997,-20.6288974053095,17.09024482797734,1.266014683019384,7.103949410597136,-12.65747030974554,15.18949967578431,-111.3941652808239,55.76645640726773,-220.6944113844915,-2.093919177156224
-6.5,27,-12.58323380436937,7.901897697862039,-28.07066870169893,2.904201092960191,-1.764060441623442,9.593768886758784,-20.56750193567158,17.0393810524247,1.26224678575972,7.082806724108639,-12.61979930295133,15.14429287447077,-111.0626353422428,55.60048496845077,-220.0375834033669,-2.087687281118662
-6.4,27,-12.54567194823784,7.878309965992035,-27.9868757406252,2.895531844149524,-1.758794594580803,9.565130798008934,-20.50610646609318,16.98851727693157,1.258478888500056,7.061664037640104,-12.58212829619625,15.09908607319636,-110.7311054036617,55.43451353029195,-219.3807554235323,-2.081455383791209
-6.3,27,-12.50811009210631,7.854722234176825,-27.90308277965887,2.886862595446253,-1.753528747538163,9.536492709198349,-20.44471099639573,16.9376535013194,1.254710991240392,7.040521351170054,-12.54445728943819,15.05387927191897,-110.3995754650806,55.26854209147391,-218.7239274424055,-2.075223487755764
-6.2,27,-12.47054805686572,7.831134389873943,-27.8192894191117,2.878193305380256,-1.748262875385984,9.507854483882609,-20.38331523404355,16.88678948327159,1.250943076013977,7.019378563866905,-12.50678610301764,15.00867225504559,-110.0680439456401,55.10256986154508,-218.0670963298707,-2.068991561409547
-6.1,27,-12.43298620073419,7.807546658058728,-27.73549645814536,2.869524056676973,-1.742997028343344,9.479216395138673,-20.32191976447674,16.83592570779005,1.247175178754313,6.998235877398308,-12.46911509626243,14.96346545377106,-109.7365140070591,54.93659842224633,-217.4102683478018,-2.062759666316325
-6,27,-12.39542434460266,7.783958926243531,-27.65170349717905,2.860854807973727,-1.737731181300705,9.450578306358452,-20.26052429483881,16.7850619322374,1.243407281494649,6.977093190928299,-12.43144408950446,14.91825865249375,-109.404984068478,54.77062698391114,-216.7534403676215,-2.056527769334522
-5.9,27,-12.35786248847113,7.76037119436716,-27.56791053609285,2.852185559150582,-1.732465334258065,9.421940217614509,-20.19912882527198,16.73419815675584,1.239639384234986,6.955950504459707,-12.39377308274926,14.87305185121923,-109.0734541298969,54.60465554509417,-216.0966123864968,-2.050295873297003
-5.8,27,-12.3203006323396,7.736783462551947,-27.48411757512651,2.843516310447304,-1.727199487215425,9.39330212882839,-20.13773335562249,16.68333438119164,1.235871486975322,6.934807817971202,-12.35610207595503,14.82784504990567,-108.7419241913158,54.43868410627722,-215.4397844053722,-2.044063977259441
-5.7,27,-12.28273859709901,7.713195618249073,-27.40032421457935,2.834847020381321,-1.721933615063246,9.364663903482281,-20.07633759321079,16.6324703630843,1.232103571748907,6.913665030686514,-12.31843088957067,14.78263803306848,-108.4103926718753,54.27271187700543,-214.7829532941252,-2.03783204962545
-5.6,27,-12.24517674096748,7.689607886433859,-27.31653125361301,2.826177771678044,-1.716667768020606,9.336025814738349,-20.01494212364398,16.58160658760277,1.228335674489243,6.892522344205391,-12.28075988279091,14.73743123176939,-108.0788627332942,54.10674043818847,-214.1261253130006,-2.031600153587917
-5.5,27,-12.20761488483595,7.666020154618654,-27.23273829264669,2.817508522974782,-1.711401920977967,9.307387725958126,-19.95354665400604,16.53074281205011,1.224567777229579,6.871379657716886,-12.24308887599668,14.69222443045584,-107.7473327947132,53.94076899937149,-213.4692973318759,-2.025368257550411
-5.4,27,-12.17005302870442,7.642432422803456,-27.14894533168038,2.808839274271532,-1.706136073935327,9.278749637208279,-19.89215118442764,16.47987903655699,1.220799879969915,6.850236971266723,-12.2054178692776,14.64701762921743,-107.4158028561321,53.77479756121159,-212.8124693520391,-2.019136360225062
-5.3,27,-12.13249117257289,7.618844690927078,-27.06515237059416,2.800170025448374,-1.700870226892687,9.250111548433974,-19.8307557148013,16.42901526101593,1.217031982710251,6.829094284778281,-12.1677468624835,14.601810827904,-107.084272917551,53.60882612239462,-212.1556413709145,-2.012904464187542
-5.2,27,-12.09492913733231,7.595256846685366,-26.98135901016688,2.791500735502268,-1.695604354740508,9.221473323081963,-19.76935995237804,16.37815124289703,1.213264067483836,6.807951497475131,-12.13007567606295,14.55660381103062,-106.7527413981105,53.44285389180873,-211.4988102570919,-2.006672539129156
-5.1,27,-12.05736728120078,7.571669114808991,-26.89756604908067,2.782831486679113,-1.690338507697868,9.192835234338022,-19.70796448281121,16.32728746741548,1.209496170224172,6.786808811024963,-12.09240466934386,14.5113970097922,-106.4212114595294,53.27688245364882,-210.841982277255,-2.00044064180382
-5,27,-12.01980542506925,7.548081382993783,-26.81377308811434,2.774162237975846,-1.685072660655229,9.1641971455578,-19.64656901317328,16.27642369186282,1.205728272964508,6.765666124536512,-12.05473366254974,14.46619020847875,-106.0896815209483,53.11091101483186,-210.1851542961304,-1.994208745766258
-4.9,27,-11.98224356893772,7.524493651178579,-26.72998012714802,2.765492989272587,-1.679806813612589,9.13555905677759,-19.58517354353537,16.22555991631019,1.201960375704845,6.744523438048048,-12.01706265575559,14.42098340716528,-105.7581515823673,52.9449395760149,-209.5283263150058,-1.987976849728739
-4.8,27,-11.94468171280619,7.500905919302205,-26.64618716606181,2.756823740449436,-1.674540966569949,9.106920968033647,-19.52377807396854,16.17469614082864,1.198192478445181,6.723380751597863,-11.97939164903647,14.37577660592683,-105.4266216437862,52.77896813785502,-208.8714983351691,-1.981744952403332
-4.7,27,-11.9071196775656,7.477318075060491,-26.56239380563452,2.748154450503323,-1.66927509441777,9.078282742681633,-19.46238231154527,16.12383212270973,1.194424563218766,6.70223796429475,-11.94172046261599,14.33056958905352,-105.0950901243457,52.61299590726909,-208.2146672213463,-1.975513027345016
-4.6,27,-11.86955782143407,7.453730343184117,-26.47860084454831,2.739485201680173,-1.66400924737513,9.049644653907327,-19.40098684191893,16.07296834716867,1.190656665959102,6.681095277806254,-11.90404945582178,14.28536278773998,-104.7635601857646,52.44702446845213,-207.5578392402217,-1.969281131307483
-4.5,27,-11.83199596530254,7.430142611368912,-26.39480788358199,2.730815952976911,-1.658743400332491,9.02100656515748,-19.33959137234053,16.02210457167555,1.186888768699438,6.65995259135613,-11.86637844910278,14.24015598650165,-104.4320302471835,52.28105303029223,-206.9010112603849,-1.963049233982133
-4.4,27,-11.79443410917101,7.406554879553713,-26.31101492261568,2.722146704273662,-1.653477553289851,8.992368476377267,-19.27819590270261,15.97124079612291,1.183120871439774,6.638809904867635,-11.82870744230857,14.19494918518812,-104.1005003086024,52.11508159147527,-206.2441832792603,-1.956817337944585
-4.3,27,-11.75687225303948,7.382967147738506,-26.22722196164936,2.713477455570397,-1.648211706247211,8.963730387633319,-19.21680043313577,15.92037702064135,1.17935297418011,6.61766721838649,-11.79103643552877,14.14974238388899,-103.7689703700214,51.94911015265829,-205.5873552981357,-1.950585441907094
-4.2,27,-11.71931021779889,7.359379303435622,-26.14342860110218,2.704808165504394,-1.642945834095032,8.935092162287214,-19.15540467072408,15.86951300253402,1.175585058953695,6.596524431101802,-11.7533652491444,14.10453536705179,-103.4374388505809,51.78313792338653,-204.9305241868887,-1.944353514273033
-4.1,27,-11.68174836166736,7.335791571620416,-26.05963564013586,2.69613891680113,-1.637679987052392,8.90645407350109,-19.09400920107458,15.81864922696979,1.171817161694031,6.575381744613328,-11.71569424235024,14.0593285657383,-103.1059089119998,51.61716648456955,-204.2736962057641,-1.938121618235542
-4,27,-11.64418650553583,7.312203839744043,-25.97584267904965,2.687469667977982,-1.632414140009753,8.877815984757151,-19.03261373150776,15.76778545148825,1.168049264434368,6.554239058144763,-11.67802323559509,14.01412176446382,-102.7743789734187,51.45119504575261,-203.6168682246395,-1.931889722197965
-3.9,27,-11.6066246494043,7.288616107928842,-25.89204971808334,2.678800419274728,-1.627148292967113,8.84917789597694,-18.97121826186984,15.71692167593562,1.164281367174704,6.533096371674713,-11.64035222883703,13.96891496318644,-102.4428490348376,51.2852236074174,-202.9600402444591,-1.925657825216206
-3.8,27,-11.56906270371825,7.265028319900383,-25.80825655738653,2.67013114995004,-1.621882433369704,8.820539738965232,-18.90982264594588,15.66605777920648,1.160513460931664,6.511953634779622,-11.60268113223109,13.92370805409442,-102.1113183058268,51.11925177256273,-202.3032106966851,-1.919425914968599
-3.7,27,-11.53150084758671,7.241440588085169,-25.72446359642019,2.661461901246762,-1.616616586327064,8.791901650185016,-18.84842717630796,15.61519400365383,1.156745563672001,6.490810948311051,-11.56501012547593,13.87850125281993,-101.7797883672458,50.95328033374575,-201.6463827155604,-1.91319401893108
-3.6,27,-11.49393890190066,7.217852799995545,-25.64067043560351,2.652792631802196,-1.611350726729655,8.763263493106679,-18.78703156025341,15.5643301067941,1.152977657428961,6.469668211432933,-11.52733902890325,13.83329434376117,-101.448257638235,50.78730849937178,-200.9895531687286,-1.906962107741322
-3.5,27,-11.45637704576913,7.194265068125533,-25.55687747452977,2.644123382991513,-1.606084879687015,8.734625404356821,-18.72563609067499,15.51346633130096,1.149209760169297,6.448525524964372,-11.48966802214811,13.78808754248671,-101.1167276996539,50.62133706121295,-200.3327251888939,-1.900730210413869
-3.4,27,-11.4188151896376,7.170677336303966,-25.47308451355098,2.635454134275783,-1.600819032644375,8.705987315576609,-18.66424062103707,15.46260255574832,1.145441862909633,6.427382838475876,-11.4519970153539,13.74288074117317,-100.7851977610728,50.45536562239599,-199.6758972077693,-1.894498314376321
-3.3,27,-11.38125324395154,7.147089548275511,-25.38929135285418,2.626784864951103,-1.595553173046966,8.67734915853849,-18.60284500506135,15.41173865896742,1.141673956666594,6.406240101586655,-11.41432591875946,13.69767383209265,-100.453667032062,50.28939378802201,-199.0190676609375,-1.888266403186577
-3.2,27,-11.34369138782001,7.123501816460294,-25.30549839188784,2.618115616247819,-1.590287326004326,8.648711069784694,-18.54144953547521,15.36087488346655,1.13790605940693,6.385097415118101,-11.37665491200434,13.6524670308182,-100.1221370934809,50.12342234968791,-198.3622396807592,-1.882034506202658
-3.1,27,-11.30612944213395,7.099914028370675,-25.22170523107116,2.609446346803262,-1.585021466406917,8.620072912710297,-18.48005391942838,15.31001098661454,1.134138153163891,6.363954678241451,-11.33898381543454,13.60726012176232,-99.79060636447015,49.95745051483321,-197.7054101329852,-1.875802595955108
-3,27,-11.26856758600242,7.076326296555474,-25.13791227010485,2.600777098100009,-1.579755619364277,8.591434823962411,-18.41865844985382,15.25914721112526,1.130370255904227,6.342811991752979,-11.30131280864038,13.56205332044883,-99.45907642588908,49.79147907601625,-197.0485821518606,-1.86957069991756
-2.9,27,-11.23100572987089,7.052738564685574,-25.05411930903133,2.592107849289548,-1.574489772321637,8.562796735182193,-18.35726298021589,15.20828343557261,1.126602358644563,6.321669305264495,-11.26364180184619,13.51684651913532,-99.127546487308,49.62550763785634,-196.3917541720238,-1.86333880259221
-2.8,27,-11.19344378418483,7.029150776650632,-24.97032614832182,2.583438579952155,-1.569223912724228,8.534158578134216,-18.29586736422085,15.15741953877239,1.122834452401523,6.300526568387889,-11.22597070527647,13.47163961007952,-98.7960157582972,49.45953580348345,-195.7349246251941,-1.857106891400349
-2.7,27,-11.1558819280533,7.005563044835432,-24.8865331873555,2.574769331248902,-1.563958065681588,8.505520489384368,-18.23447189464244,15.10655576327927,1.119066555141859,6.27938388191928,-11.18829969852124,13.42643280880496,-98.46448581971613,49.29356436466647,-195.0780966440694,-1.850874995362844
-2.6,27,-11.11831998236724,6.981975256752281,-24.8027400265515,2.566100061817023,-1.558692206084179,8.476882332336386,-18.17307627864738,15.05569186647903,1.11529864889882,6.258241145030053,-11.15062860192679,13.38122589972443,-98.13295509070534,49.12759253077537,-194.421267098184,-1.844643083226671
-2.5,27,-11.08075812623571,6.958387524937076,-24.71894706558519,2.557430813113761,-1.553426359041539,8.448244243566025,-18.11168080902878,15.0048280909457,1.111530751639156,6.237098458541611,-11.11295759513269,13.336019098411,-97.80142515212425,48.9616210918234,-193.7644391167948,-1.838411187453744
-2.4,27,-11.04319627010418,6.934799793121753,-24.63515410461864,2.548761564410269,-1.548160511998899,8.419606154785813,-18.05028533939086,14.95396431539306,1.107762854379492,6.215955772072997,-11.07528658837744,13.29081229713643,-97.46989521354318,48.79564965265965,-193.1076111349905,-1.832179292095901
-2.3,27,-11.00563432441812,6.911212005086933,-24.55136094390936,2.540092295073116,-1.54289465240149,8.390967997733894,-17.98888972338809,14.90310041858511,1.103994948136453,6.194813035194909,-11.03761549180483,13.24560538807773,-97.13836448453239,48.62967781894381,-192.4507815894486,-1.82594737961621
-2.2,27,-10.96807246828659,6.887624273210557,-24.46756798282315,2.531423046249959,-1.53762880535885,8.362329908984039,-17.92749425380967,14.85223664309197,1.100227050876789,6.17367034872632,-10.99994448504963,13.20039858680321,-96.8068345459513,48.46370638012685,-191.7939536083239,-1.819715483578662
-2.1,27,-10.93051052260054,6.864036485127409,-24.38377482201916,2.522753776818085,-1.532362945761441,8.333691751936065,-17.86609863781463,14.80137274629175,1.09645914463375,6.152527611831263,-10.96227338844375,13.15519167771125,-96.47530381694051,48.29773454575395,-191.1371240614942,-1.813483572386815
-2,27,-10.892948666469,6.840448753366889,-24.29998186116001,2.514084528222005,-1.527097098718801,8.305053663165705,-17.80470316819602,14.75050897075842,1.092691247374086,6.131384925361191,-10.92460238168565,13.10998487643383,-96.14377387835944,48.13176310759405,-190.4802960816574,-1.807251675061451
-1.9,27,-10.85538676556021,6.816860993414469,-24.2161888002685,2.505415269148081,-1.521831245398776,8.276415540247658,-17.74330762537179,14.69964513457424,1.088923345622734,6.110242213685229,-10.8869313300166,13.06477802126207,-95.8122435445635,47.96579147099911,-189.8234673176802,-1.801019771446761
-1.8,27,-10.81782486465142,6.79327323346206,-24.13239573937701,2.496746010074174,-1.516565392078752,8.247777417339478,-17.68191208256691,14.64878129840941,1.085155443871382,6.08909950199612,-10.84926027832179,13.01957116606456,-95.48071321076756,47.79981983409388,-189.1666385530949,-1.794787868440238
-1.7,27,-10.78026300851989,6.769685501585686,-24.0486027782908,2.488076761251026,-1.511299545036112,8.219139328583717,-17.62051661297692,14.59791752290469,1.081387546611719,6.06795681552604,-10.81158927156367,12.97436436478711,-95.14918327218649,47.63384839558721,-188.5098105725784,-1.788555971794551
-1.6,27,-10.74270110761109,6.746097741639751,-23.964809717412,2.479407502189812,-1.506033691716087,8.190501205653055,-17.55912107012796,14.54705368669579,1.077619644860367,6.046814103844223,-10.77391821988315,12.92915750960388,-94.81765293839055,47.46787675899228,-187.8529818086013,-1.782324068179832
-1.5,27,-10.7051392067023,6.722509981742022,-23.88101665662767,2.470738243223076,-1.500767838396063,8.161863082765374,-17.49772552736325,14.49618985057112,1.073851743109015,6.025671392149824,-10.73624716817796,12.883950654396,-94.48612260459463,47.30190512239734,-187.1961530446241,-1.776092164565171
-1.4,27,-10.6675773057935,6.698922221789605,-23.79722359573617,2.462068984149159,-1.495501985076038,8.13322495984734,-17.43632998453905,14.44532601438697,1.070083841357664,6.004528680486426,-10.69857611653354,12.83874379924887,-94.15459227079869,47.13593348593634,-186.5393242809094,-1.769860260687963
-1.3,27,-10.63001540488471,6.675334461837183,-23.71343053484465,2.453399725075231,-1.490236131756014,8.10458683693915,-17.37493444173414,14.39446217822211,1.066315939606312,5.983385968815734,-10.66090506487482,12.79353694408745,-93.82306193700275,46.96996184986454,-185.8824955179576,-1.763628356047946
-1.2,27,-10.59245354875318,6.651746730021985,-23.62963757387834,2.444730476371982,-1.484970284713374,8.075948748189305,-17.31353897215574,14.34359840272899,1.062548042346648,5.962243282327239,-10.62323405808061,12.74833014277391,-93.49153199842168,46.80399041104758,-185.225667536833,-1.757396460010398
-1.1,27,-10.55489164784439,6.628158970075927,-23.5458445129993,2.436061217310526,-1.47970443139335,8.047310625252726,-17.25214342929519,14.29273456650849,1.058780140595297,5.94110057063284,-10.58556300637543,12.70312328756602,-93.16000166462574,46.63801877441129,-184.5688387727747,-1.751164556476766
-1,27,-10.51732974693559,6.604571210117143,-23.46205145209531,2.427391958224129,-1.474438578073325,8.018672502365055,-17.1907478865305,14.24187073038385,1.055012238843945,5.919957858969447,-10.54789195473102,12.65791643241891,-92.8284713308298,46.47204713785771,-183.9120100088786,-1.744932652781017
-.9,27,-10.4797678460268,6.580983450164731,-23.37825839120381,2.418722699150218,-1.4691727247533,7.990034379452924,-17.12935234371787,14.19100689421127,1.051244337092593,5.898815147306049,-10.51022090308659,12.61270957727178,-92.49694099703386,46.30607550126278,-183.2551812449014,-1.738700749166313
-.8,27,-10.44220596750663,6.557395704287282,-23.29446538028737,2.410053445274098,-1.463906874571968,7.961396273621938,-17.06795683752236,14.14014308837842,1.047476437587086,5.877672448210948,-10.47254987382973,12.56750274900391,-92.16541086084536,46.140103963844,-182.5983528729134,-1.732468848777344
-.7,27,-10.40464406659784,6.533807944328506,-23.2106723193834,2.401384186187714,-1.458641021251944,7.932758150703896,-17.00656129469814,14.08927925219425,1.043708535835734,5.856529736547547,-10.43487882218531,12.52229589385678,-91.83388052704943,45.97413232763719,-181.9415241096969,-1.726236944401947
-.6,27,-10.36708218807768,6.510220198505854,-23.12687930857435,2.392714932418995,-1.453375171070612,7.904120044878822,-16.94516578851422,14.03841544637299,1.039940636330226,5.835387037452457,-10.39720779292847,12.47708906558892,-91.50235039086093,45.808160789913,-181.2846957371103,-1.720005044611582
-.5,27,-10.32952028716888,6.48663243849864,-23.04308624757545,2.384045673237674,-1.448109317750587,7.87548192196078,-16.88377024569,13.98755161018882,1.036172734578874,5.814244325789078,-10.35953674128408,12.43188221044183,-91.17082005706499,45.64218915331698,-180.6278669731309,-1.71377314099901
-.4,27,-10.29195839745441,6.46304468558053,-22.95929321166524,2.375376416756428,-1.442843465999909,7.84684380760145,-16.82237472120989,13.93668778921007,1.032404833950445,5.793101620409808,-10.3218657008334,12.38667536873429,-90.83928982207277,45.47621756666044,-179.9710384058349,-1.707541238310597
-.3,27,-10.25439650773993,6.439456932717209,-22.87550017586242,2.366707160382564,-1.43757761424923,7.818205693217665,-16.76097919668186,13.8858239681834,1.028636933322015,5.771958915030555,-10.28419466038276,12.34146852702679,-90.50775958708054,45.31024597934572,-179.3142098372489,-1.701309336912175
-.2,27,-10.21683461242829,6.415869176251368,-22.79170712740164,2.358037902545052,-1.432311761713879,7.78956757456143,-16.6995836629953,13.83496013956754,1.024869032132124,5.750816206478254,-10.24652361427451,12.29626167853876,-90.17622930268647,45.14427436771943,-178.6573811716112,-1.695077433761682
-.1,27,-10.17927271991523,6.392281421565864,-22.70791408522882,2.349368645398354,-1.427045909570864,7.760929458063901,-16.63818813393207,13.78409631479034,1.021101131222964,5.729673499546372,-10.2088525710615,12.25105483350742,-89.84469904299331,44.97830276805433,-178.000552554118,-1.688845531868623
0,27,-10.14171082740218,6.368693666928566,-22.6241210431505,2.34069938834614,-1.421780057427849,7.732291341566366,-16.57679260486882,13.73323249001312,1.017333230313804,5.708530792577676,-10.17118152777633,12.20584798840394,-89.51316878330017,44.81233116877843,-177.3437239373876,-1.682613629212767
.1,27,-10.10414893488912,6.345105912181908,-22.54032800085782,2.332030131079584,-1.416514205284834,7.703653225066865,-16.51539707580172,13.68236866523205,1.013565329404644,5.687388085614818,-10.1335104845026,12.16064114331189,-89.18163852360702,44.64635956963647,-176.6868953209197,-1.67638172629438
.2,27,-10.06658704237606,6.321518157544604,-22.45653495877949,2.323360874027356,-1.411248353141819,7.675015108567367,-16.45400154673463,13.63150484045099,1.009797428495484,5.666245378677121,-10.09583944127819,12.11543429826916,-88.85010826391387,44.48038796983744,-176.0300667031639,-1.670149824663824
.3,27,-10.02902514706443,6.297930401139926,-22.37274191043857,2.31469161630972,-1.405982500606468,7.646376989909155,-16.39260601304419,13.58064101183126,1.006029527305593,5.645102670155792,-10.05816839523065,12.07022744984183,-88.51857797951979,44.31441635821114,-175.3732380375262,-1.663917921513345
.4,27,-9.991463257349949,6.274342648221811,-22.28894887452836,2.306022359828464,-1.40071664885579,7.617738875523404,-16.33121048851231,13.52977719080073,1.002261626677163,5.623959964776547,-10.02049735478002,12.02502060813434,-88.18704774452758,44.14844477089536,-174.7164094689381,-1.657686020117012
.5,27,-9.953901367635471,6.250754895303701,-22.20515583861816,2.297353103347216,-1.395450797105111,7.589100761166039,-16.26981496403605,13.47891336982583,.9984937260487335,5.602817259381789,-9.982826314298981,11.97981376639645,-87.85551750953535,43.98247318423879,-174.0595809016421,-1.651454117428628
.6,27,-9.916339466726676,6.227167135357762,-22.12136277773935,2.288683844285995,-1.390184943785087,7.560462638255888,-16.2084194212273,13.42804953365713,.9947258242973819,5.58167454769923,-9.945155262617003,11.93460691121177,-87.52398717573941,43.81650154764387,-173.4027521376649,-1.645222213813909
.7,27,-9.878777588206514,6.203579389467474,-22.03756976679774,2.28001459038471,-1.384919093603755,7.531824532422924,-16.14702391502792,13.37718572782041,.9909579247918742,5.560531848623302,-9.907484233397721,11.88940008298147,-87.1924570395509,43.65053000995508,-172.7459237651477,-1.638990313954153
.8,27,-9.841215687297719,6.179991629521538,-21.95377670591893,2.271345331323493,-1.37965324028373,7.503186409512769,-16.08562837221915,13.32632189165169,.9871900230405225,5.539389136944393,-9.869813181722899,11.84419322780394,-86.86092670575498,43.48455837349515,-172.0890950014351,-1.632758410074871
.9,27,-9.803653808777558,6.156403883631244,-21.86998369497731,2.262676077422196,-1.374387390102398,7.474548303679807,-16.02423286601977,13.27545808581498,.9834221235350148,5.518246437864821,-9.832142152496479,11.79898639956651,-86.52939656956647,43.31858683629409,-171.4322666298738,-1.626526509259193
1,27,-9.766091907868763,6.132816123685303,-21.7861906340985,2.25400681836097,-1.369121536782373,7.445910180769661,-15.96283732321103,13.22459424964628,.9796542217836631,5.497103726185912,-9.794471100821653,11.75377954438898,-86.19786623577053,43.1526151995228,-170.7754378655509,-1.620294605990154
1.1,27,-9.72853000695997,6.10922836373289,-21.70239757320699,2.245337559287057,-1.363855683462349,7.417272057855561,-15.90144178039454,13.17373041346984,.9758863200323115,5.475961014507033,-9.756800049146888,11.70857268921151,-85.86633590197459,42.98664356292787,-170.1186091015737,-1.614062702375449
1.2,27,-9.690968106051175,6.085640603835166,-21.61860451242269,2.236668300320334,-1.358589830142324,7.388633934967885,-15.84004623762984,13.12286657734519,.9721184182809598,5.454818302820782,-9.719128997457673,11.66336583401959,-85.53480556817865,42.82067192650929,-169.4617803379422,-1.607830798415094
1.3,27,-9.653406249919644,6.062052871965157,-21.53481155134895,2.227999051509661,-1.353323983099684,7.359995846187673,-15.77865076799192,13.07200280179255,.968350521021296,5.4336756163515,-9.681457990701121,11.61815903274371,-85.20327562959758,42.65470048769232,-168.8049523568176,-1.601598902377589
1.4,27,-9.615844349010851,6.038465112006371,-21.45101849044496,2.219329792423256,-1.34805812977966,7.331357723279482,-15.71725522518701,13.02113896562769,.9645826192699444,5.412532904672596,-9.643786939026308,11.5729521775662,-84.87174529580165,42.48872885123131,-168.1481235931029,-1.595366998500381
1.5,27,-9.578282448102057,6.014877352060437,-21.36722542956616,2.210660533362045,-1.342792276459635,7.30271960036933,-15.65585968237825,12.97027512945898,.9608147175185927,5.391390192990027,-9.606115887344309,11.5277453223815,-84.54021496200572,42.32275721515951,-167.491294830151,-1.589135093860378
1.6,27,-9.540720547193262,5.99128959210802,-21.28343236867465,2.201991274288124,-1.337526423139611,7.274081477475745,-15.59446413960197,12.91941129332275,.957046815767241,5.370247481307463,-9.568444835662323,11.4825384671968,-84.20868462820978,42.15678557838931,-166.8344660658304,-1.582903190589192
1.7,27,-9.503158646284469,5.96770183221029,-21.19963930789033,2.193322015321389,-1.332260569819586,7.245443354567559,-15.53306859679707,12.8685474571579,.9532789140158894,5.349104769634138,-9.530773783998441,11.43733161203022,-83.87715429441384,41.99081394192828,-166.1776373021156,-1.576671286712056
1.8,27,-9.465596790152938,5.94411410034028,-21.11584634681659,2.184652766510712,-1.326994722776947,7.216805265793253,-15.47167312717073,12.81768368161684,.9495110167562255,5.327962083155592,-9.493102777223733,11.39212481073618,-83.54562435583277,41.82484250349948,-165.5208093217518,-1.570439389913744
1.9,27,-9.428034889244143,5.920526340387868,-21.03205328592509,2.175983507436804,-1.321728869456922,7.188167142879156,-15.41027758435425,12.7668198454404,.9457431150048738,5.306819371476709,-9.45543172554896,11.34691795555871,-83.21409402203683,41.65887086690453,-164.8639805577746,-1.564207486299068
2,27,-9.390472988335349,5.896938580435568,-20.94826022503381,2.167314248363114,-1.316463016136897,7.159529019969007,-15.3488820415455,12.7159560092717,.9419752132535222,5.285676659794149,-9.417760673866978,11.30171110037402,-82.88256368824089,41.49289923009674,-164.2071517933802,-1.557975583101566
2.1,27,-9.35291113220382,5.873350848620358,-20.86446726406748,2.158644999659842,-1.311197169094258,7.130890931192737,-15.28748657191531,12.66509223372679,.9382073159938584,5.264533973305665,-9.380089667072792,11.25650429906051,-82.55103374965982,41.32692779180293,-163.550323813281,-1.551743686038677
2.2,27,-9.315349186517761,5.849763060585421,-20.78067410335798,2.14997573032246,-1.305931309496848,7.10225277414081,-15.22609095591252,12.61422833691882,.934439409750819,5.243391236432667,-9.34241857051015,11.21129739001179,-82.21950302064903,41.16095595743002,-162.8934942664512,-1.54551177484683
2.3,27,-9.27778733038623,5.826175328770216,-20.69688114239166,2.1413064816192,-1.300665462454208,7.073614685392932,-15.16469548633798,12.56336456142956,.9306715124911551,5.222248549954165,-9.304747563735528,11.16609058871784,-81.88797308206794,40.99498451874697,-162.2366662855891,-1.539279878546807
2.4,27,-9.240225384700173,5.802587540687063,-20.61308798158766,2.132637212187314,-1.295399602856799,7.044976528342981,-15.10329987033906,12.51250066462546,.9269036062481156,5.201105813067589,-9.267076467146271,11.1208836796425,-81.55644235305715,40.82901268472194,-161.5798367394411,-1.533047966673152
2.5,27,-9.202663528568642,5.778999808817058,-20.52929502051393,2.123967963376646,-1.290133755814159,7.016338439568677,-15.04190440071272,12.46163688908441,.9231357089884518,5.179963126598254,-9.229405460389616,11.07567687836652,-81.22491241447608,40.66304124576995,-160.9230087580519,-1.526816070900253
2.6,27,-9.165101672437112,5.755412077050174,-20.44550205964232,2.115298714768093,-1.28486790877152,6.98770035079241,-14.98050893108254,12.4107731135395,.919367811728788,5.158820440119714,-9.19173445361492,11.0304700770725,-80.89338247589501,40.49706980695191,-160.2661807769252,-1.520584174864837
2.7,27,-9.127539726751055,5.731824288960543,-20.36170889882562,2.106629445323511,-1.27960204917411,6.959062193740486,-14.91911331507976,12.35990921673154,.9155999054857484,5.137677703236811,-9.154063357032863,10.98526316800436,-80.5618517468842,40.33109797289038,-159.6093512307057,-1.51435226306269
2.8,27,-9.089977870619524,5.70823655714534,-20.2779159378593,2.097960196620253,-1.274336202131471,6.930424104992601,-14.8577178455052,12.30904544124226,.9118320082260847,5.116535016767512,-9.116392350276277,10.94005636672845,-80.23032180830313,40.1651265340734,-158.9525232495811,-1.508120367025199
2.9,27,-9.052415924933465,5.684648769062195,-20.19412277705531,2.089290927188385,-1.269070342534061,6.901785947948569,-14.79632222951789,12.25818154444977,.9080641019830452,5.095392279871668,-9.078721253668856,10.89484945763495,-79.89879107929234,39.99915469969943,-158.2956937027492,-1.501888455835427
3,27,-9.014854068801935,5.661061037246877,-20.11032981608877,2.080621678484903,-1.263804495491422,6.873147859168355,-14.73492675987997,12.20731776889713,.9042962047233813,5.074249593402377,-9.041050246912288,10.84964265635905,-79.56726114071125,39.83318326136533,-157.638865722571,-1.495656558851479
3.1,27,-8.977292212670406,5.637473305425303,-20.02653685510997,2.071952429769157,-1.258538648448782,6.844509770388139,-14.67353129024205,12.15645399334448,.9005283074637175,5.053106906933058,-9.003379240155665,10.8044358550831,-79.23573120213018,39.66721182254836,-156.9820377414464,-1.489424662813974
3.2,27,-8.939730266984347,5.613885517342154,-19.94274369430597,2.063283160337281,-1.253272788851372,6.815871613344103,-14.61213567425473,12.10559009655198,.896760401220678,5.031964170037282,-8.965708143548378,10.75922894598973,-78.90420047311939,39.50123998803937,-156.32520819435,-1.483192751888836
3.3,27,-8.902168410852816,5.590297785526947,-19.85895073333965,2.054613911634018,-1.248006941808733,6.787233524596221,-14.55074020468017,12.05472632106271,.8929925039610143,5.01082148356795,-8.928037136791728,10.71402214471376,-78.57267053453832,39.33526854935741,-155.6683802134899,-1.476960855586711
3.4,27,-8.864606465166759,5.56670999743732,-19.77515757252296,2.045944642189442,-1.242741082211323,6.7585953675443,-14.4893445886774,12.00386242425475,.8892245977179747,4.989678746685022,-8.890366040209621,10.66881523564557,-78.24113980552751,39.16929671516088,-155.0115506670058,-1.470728944049156
3.5,27,-8.827044609035228,5.543122265676806,-19.69136461166383,2.037275393593374,-1.237475235168684,6.729957278768025,-14.4279491190472,11.95299864870983,.8854567004583109,4.96853606020647,-8.852695033434902,10.62360843435152,-77.90960986694644,39.00332527634283,-154.3547226858791,-1.464497048013769
3.6,27,-8.789482752903698,5.519534533806796,-19.6075716505901,2.028606144782698,-1.232209388126044,6.701319189993721,-14.36655364942086,11.90213487316877,.8816888031986471,4.947393373737183,-8.815024026678341,10.57840163307564,-77.57807992836537,38.83735383766086,-153.6978947050191,-1.458265151711643
3.7,27,-8.75192080721764,5.495946745723649,-19.5237784897861,2.019936875350824,-1.226943528528635,6.672681032943779,-14.30515803342196,11.8512709763647,.8779208969556076,4.926250636850596,-8.777352930089062,10.53319472400028,-77.24654919935458,38.67138200363582,-153.0410651588712,-1.452033239837988
3.8,27,-8.71435895108611,5.472359013902074,-19.4399855288073,2.011267626635078,-1.221677681485995,6.644042944195895,-14.24376256384741,11.80040720087542,.8741529996959437,4.905107950372066,-8.739681923314384,10.48798792270627,-76.91501926077349,38.50541056481779,-152.3842371777444,-1.445801343802543
3.9,27,-8.676797005400051,5.448771225867137,-19.3561923680978,2.002598357297696,-1.216411821888585,6.615404787143973,-14.18236694784463,11.74954330406746,.8703850934529043,4.883965213499075,-8.702010826751756,10.44278101365757,-76.5834885317627,38.33943873044489,-151.7274076309147,-1.439569432610682
4,27,-8.639235149268522,5.425183494051931,-19.27239940713147,1.993929108594431,-1.211145974845946,6.5867666983677,-14.12097147821444,11.69867952852254,.8666171961932405,4.86282252701061,-8.664339819957606,10.39757421234409,-76.25195859318163,38.17346729215106,-151.0705796508154,-1.433337535547821
4.1,27,-8.601673293136992,5.401595762236727,-19.18860644616515,1.985259859891171,-1.205880127803306,6.558128609619817,-14.05957600863988,11.64781575303327,.8628492989335766,4.841679840522124,-8.626668813163416,10.35236741103057,-75.92042865460056,38.007495853333,-150.4137516696887,-1.427105639512433
4.2,27,-8.564111437005462,5.378008030366723,-19.10481348509143,1.976590611080505,-1.200614280760666,6.529490520817126,-13.99818053895791,11.59695197743658,.8590814016739128,4.820537154052844,-8.588997806406869,10.3071606097547,-75.58889871601947,37.84152441430425,-149.756923688149,-1.420873743889985
4.3,27,-8.526549401764875,5.354420186118638,-19.02102012465166,1.967921321121906,-1.195348408608487,6.500852295501386,-13.93678477660574,11.54608795938876,.8553134864474976,4.799394366763305,-8.551326620012995,10.26195359290799,-75.25736719657895,37.67555218472329,-149.1000925762959,-1.414641816861959
4.4,27,-8.488987545633345,5.330832454248633,-18.93722716357793,1.959252072311239,-1.190082561565847,6.472214206743647,-13.87538930701187,11.49522418388017,.8515455891878339,4.778251680284044,-8.513655613236887,10.21674679161256,-74.92583725799788,37.50958074590525,-148.4432645951692,-1.408409920826557
4.5,27,-8.451425689501814,5.307244722427063,-18.85343420259913,1.950582823595504,-1.184816714523208,6.443576117967379,-13.81399383738168,11.44436040833527,.84777769192817,4.757108993814734,-8.475984606480282,10.17153999033662,-74.5943073194168,37.3436093072233,-147.7864366143092,-1.402178024524403
4.6,27,-8.413863833370284,5.283656990611855,-18.7696412416328,1.941913574892236,-1.179550867480568,6.414938029219492,-13.75259836780712,11.39349663284599,.8440097946685062,4.735966307336192,-8.43831359970558,10.12633318904259,-74.26277738083573,37.17763786892945,-147.1296086342099,-1.395946127461571
4.7,27,-8.376301977238755,5.260069258748328,-18.68584828057178,1.933244326094265,-1.174285020437928,6.386299940443218,-13.69120289817692,11.34263285730107,.8402418974088424,4.714823620860604,-8.400642592936668,10.08112638775435,-73.93124744225466,37.01166642997641,-146.4727806528186,-1.38971423169076
4.8,27,-8.338739941998167,5.236481414493768,-18.60205492011931,1.924575036122974,-1.169019148285749,6.35766171509515,-13.62980713576139,11.29176883918989,.8364739821824272,4.69368083356668,-8.362971406534204,10.03591937089906,-73.59971592281414,36.84569419970079,-145.815949539604,-1.383482306024248
4.9,27,-8.301178085866637,5.212893682623757,-18.51826195904557,1.915905787312296,-1.163753301243109,6.32902362634727,-13.56841166618684,11.24090506370063,.8327060849227634,4.672538147088171,-8.325300399759568,9.990712569605096,-73.26818598423306,36.67972276154197,-145.1591215597693,-1.377250408696753
5,27,-8.263616229735108,5.189305950802193,-18.43446899806679,1.907236538596571,-1.15848745420047,6.300385537567047,-13.50701619654891,11.19004128814797,.8289381876630996,4.651395460618835,-8.287629393002911,9.945505768329111,-72.93665604565199,36.51375132272499,-144.5022935786447,-1.371018512659262
5.1,27,-8.226054373603578,5.165718218993462,-18.35067603711315,1.898567289905996,-1.15322160715783,6.271747448819163,-13.44562072697435,11.13917751265869,.8251702904034357,4.630252774149533,-8.24995838624632,9.900298967053192,-72.60512610707092,36.34777988404196,-143.8454655977826,-1.36478661635924
5.2,27,-8.188492517472048,5.142130487178261,-18.26688307614684,1.889898041202745,-1.14795576011519,6.243109360042894,-13.38422525734416,11.08831373711378,.8214023931437719,4.609110087671006,-8.212287379471647,9.855092165759192,-72.27359616848985,36.18180844557285,-143.1886376173398,-1.358554719639926
5.3,27,-8.150930482231461,5.118542642868895,-18.18308971558696,1.881228751124034,-1.142689887963011,6.21447113469482,-13.32282949492862,11.0374497190026,.8176344779173568,4.58796730037709,-8.174616193069198,9.809885148903913,-71.94206464904931,36.01583621550902,-142.5318065045403,-1.352322793558287
5.4,27,-8.11336862609993,5.094954911060171,-18.09929675463334,1.872559502433477,-1.137424040920372,6.185833045946937,-13.26143402535407,10.98658594351332,.8138665806576929,4.566824613901471,-8.136945186300224,9.764678347615611,-71.61053471046824,35.84986477669096,-141.8749785234136,-1.346090897522899
5.5,27,-8.0758067699684,5.071367179190161,-18.0155037935596,1.863890253622799,-1.132158193877732,6.157194957170667,-13.20003855572388,10.93572216796841,.8100986833980292,4.545681927422971,-8.099274179525608,9.719471546321667,-71.27900477188717,35.68389333800899,-141.2181505425536,-1.339859001220788
5.6,27,-8.03824491383687,5.047779447368591,-17.93171083258081,1.855221004907063,-1.126892346835092,6.128556868396363,-13.13864308609754,10.88485839242736,.8063307861383653,4.524539240953639,-8.061603172768958,9.67426474504569,-70.94747483330609,35.5179218993684,-140.5613225617746,-1.333627104837575
5.7,27,-8.000683057705341,5.024191715553387,-17.84791787161448,1.846551756203803,-1.121626499792452,6.099918779642567,-13.0772476165114,10.83399461692649,.8025628888787015,4.503396554474397,-8.023932165992886,9.62905794375029,-70.61594489472502,35.35195046055036,-139.9044945806479,-1.327395208802159
5.8,27,-7.963121022464753,5.000603871250446,-17.76412451106719,1.837882466137689,-1.116360627640273,6.071280554300407,-13.01585185410745,10.7831305988269,.7987949736522864,4.482253767184868,-7.986260979599033,9.583850926903606,-70.2844133752845,35.18597823058125,-139.2476634680341,-1.321163282534897
5.9,27,-7.925559166333223,4.977016139404654,-17.68033155004093,1.829213217374478,-1.111094780597633,6.042642465526103,-12.95445638448111,10.73226682328584,.7950270763926225,4.461111080715544,-7.948589972842401,9.538644125627647,-69.95288343670343,35.0200067922874,-138.5908354879348,-1.314931385472065
6,27,-7.887997310201693,4.953428407592692,-17.59653858908096,1.820543968677572,-1.105828933554994,6.014004376770338,-12.89306091489111,10.68140304778112,.7912591791329586,4.439968394227072,-7.910918966048237,9.493437324314154,-69.62135349812235,34.85403535346936,-137.934007506808,-1.308699489436648
6.1,27,-7.850435454070164,4.929840675746902,-17.5127456280547,1.811874719914366,-1.100563086512354,5.985366287996037,-12.83166544526478,10.63053927224007,.7874912818732949,4.418825707738607,-7.873247959254088,9.448230523000678,-69.28982355954128,34.68806391465239,-137.2771795256834,-1.302467593399129
6.2,27,-7.812873597938634,4.90625294395586,-17.42895266713573,1.803205471258461,-1.095297239469714,5.956728199246182,-12.77026997568636,10.57967549674693,.783723384613631,4.397683021269308,-7.835576952497504,9.403023721724766,-68.95829362096021,34.52209247635857,-136.6203515455842,-1.296235696336254
6.3,27,-7.775311562698046,4.882665099625576,-17.34515930653485,1.794536181138755,-1.090031367317535,5.928089973900081,-12.70887421327468,10.52881147863961,.7799554693872158,4.376540233979773,-7.797905766103638,9.35781670487807,-68.62676210151969,34.35612024608189,-135.9635204323675,-1.290003770671831
6.4,27,-7.737749706566516,4.859077367810428,-17.26136634556864,1.785866932435605,-1.084765520274896,5.899451885125778,-12.64747874364835,10.47794770309855,.7761875721275521,4.355397547500511,-7.760234759327527,9.312609903582631,-68.2952321629386,34.19014880739991,-135.3066924515075,-1.28377187436972
6.5,27,-7.700187850434986,4.835489635967816,-17.1775733845486,1.777197683678628,-1.079499673232256,5.870813796375924,-12.58608327406993,10.42708392760542,.7724196748678882,4.334254861031215,-7.722563752570948,9.267403102306725,-67.96370222435753,34.02417736893081,-134.6498644710647,-1.277539977650392
6.6,27,-7.662625994303457,4.811901904176776,-17.09378042362964,1.768528435022728,-1.074233826189616,5.842175707595709,-12.52468780443201,10.37622015205278,.7686517776082245,4.313112174552669,-7.684892745796239,9.222196301012689,-67.63217228577646,33.85820593011275,-133.9930364899379,-1.271308081615018
6.7,27,-7.625064138171927,4.788314172334171,-17.00998746260962,1.759859186265762,-1.068967979146976,5.813537618841917,-12.46329233484587,10.32535637655192,.7648838803485606,4.291969488077086,-7.64722173902734,9.176989499724462,-67.30064234719539,33.6922344914308,-133.3362085090779,-1.265076185312864
6.8,27,-7.587502102931339,4.764726328031346,-16.92619410206255,1.751189896199875,-1.063702106994797,5.784899393499753,-12.40189657244191,10.27449235845232,.7611159651221454,4.270826700783155,-7.609550552624857,9.131782482869149,-66.96911082775486,33.5262622618901,-132.6793773973038,-1.258844258205912
6.9,27,-7.549940246799809,4.741138596188737,-16.84240114104252,1.742520647442904,-1.058436259952158,5.756261304725449,-12.34050110281558,10.22362858291126,.7573480678624817,4.249684014304667,-7.571879545850265,9.086575681575228,-66.63758088917379,33.36029082307205,-132.0225494161771,-1.25261236217051
7,27,-7.51237839066828,4.717550864370351,-16.75860818006997,1.733851398733407,-1.053170412909518,5.727623215971656,-12.27910563322944,10.1727648074104,.7535801706028178,4.228541327835321,-7.534208539093588,9.041368880299224,-66.30605095059272,33.19431938439008,-131.3657214353171,-1.246380465868384
7.1,27,-7.47481653453675,4.693963132555087,-16.67481521910353,1.725182150030031,-1.047904565866878,5.698985127201297,-12.21771016361084,10.12190103187708,.7498122733431539,4.207398641365998,-7.496537532336956,8.996162079023264,-65.97452101201164,33.02834794574949,-130.7088934545381,-1.240148569485171
7.2,27,-7.43725467840522,4.670375400709296,-16.59102225807726,1.71651290126682,-1.042638718824239,5.6703470384475,-12.15631469402469,10.07103725637621,.7460443760834902,4.186255954887469,-7.458866525562279,8.95095527772926,-65.64299107343057,32.86237650693144,-130.0520654734113,-1.23391667344977
7.3,27,-7.399692643164632,4.646787556409652,-16.50722889753643,1.70784361120717,-1.037372846672059,5.641708813125849,-12.09491893166093,10.02017323831681,.742276460857075,4.165113167593559,-7.421195339159842,8.905748260873992,-65.31145955399005,32.69640427696233,-129.3952343607976,-1.227684747182522
7.4,27,-7.362130787033102,4.623199824563867,-16.42343593651018,1.699174362443973,-1.03210699962942,5.613070724325127,-12.03352346198282,9.969309462723979,.7385085635974111,4.143970481117954,-7.383524332390897,8.86054145958572,-64.97992961540898,32.53043283853349,-128.7384063804337,-1.221452850384267
7.5,27,-7.324568930901573,4.599612092776002,-16.33964297559744,1.690505113794296,-1.02684115258678,5.584432635571332,-11.97212799239668,9.918445687223121,.7347406663377474,4.122827794639444,-7.34585332561626,8.815334658291755,-64.64839967682789,32.36446139971545,-128.0815783993069,-1.215220954348851
7.6,27,-7.287007074770043,4.576024360930213,-16.25585001457118,1.681835865031091,-1.02157530554414,5.55579454680097,-11.91073252277807,9.86758191168979,.7309727690780835,4.101685108170122,-7.30818231885963,8.770127857015797,-64.31686973824682,32.19848996103349,-127.4247504184469,-1.208989058046711
7.7,27,-7.249445218638513,4.552436629115068,-16.17205705360497,1.673166616327945,-1.0163094585015,5.527156458047176,-11.84933705319193,9.816718136188932,.7272048718184198,4.080542421690865,-7.270511312083527,8.724921055720367,-63.98533979966575,32.03251852237167,-126.7679224376264,-1.202757161705094
7.8,27,-7.211883183397925,4.528848784784785,-16.08826369300409,1.664497326208242,-1.011043586349321,5.49851823272158,-11.78794129082044,9.765854118121799,.7234369565920046,4.059399634401334,-7.232840125689671,8.67971403887368,-63.65380828022523,31.86654629254926,-126.1110913253001,-1.196525235150318
7.9,27,-7.174321327266395,4.505261052996925,-16.00447073209137,1.655828077558575,-1.005777739306682,5.469880143951221,-11.72654582120184,9.714990342588475,.7196690593323407,4.038256947932041,-7.195169118933098,8.634507237597779,-63.32227834164416,31.70057485362586,-125.4542633439669,-1.190293339321386
8,27,-7.136759471134866,4.481673321151132,-15.92067777106509,1.647158828795362,-1.000511892264042,5.441242055171002,-11.66515035156391,9.664126567035826,.715901162072677,4.017114261443544,-7.157498112138887,8.58930043628424,-62.99074840306308,31.53460341507045,-124.7974353633549,-1.184061442771217
8.1,27,-7.099197435894277,4.458085476851491,-15.83688441052427,1.638489538735717,-.9952460201118629,5.412603829844025,-11.60375458918971,9.613262548965988,.7121332468462618,3.995971474159575,-7.11982692575593,8.544093419448453,-62.65921688362256,31.36863118488006,-124.1406042503075,-1.177829516937656
8.199999999999999,27,-7.061635758871806,4.434497857493378,-15.75309184907886,1.629820331335245,-.9899801981787626,5.38396587763561,-11.54235941233714,9.562399015979615,.7083653675533492,3.974828888485765,-7.082156098588124,8.498886833694822,-62.32768852590093,31.20266053767688,-123.4837794015768,-1.17159765022506
8.300000000000001,27,-7.024073723631219,4.410910013214655,-15.66929848857903,1.621151041316597,-.9847143260265835,5.355327652317897,-11.4809636499811,9.511534997927933,.704597452326934,3.953686101196237,-7.044484912194272,8.45367981684814,-61.99615700646041,31.0366883077486,-122.8269482890431,-1.16536572387777
8.4,27,-6.986512046608746,4.387322393859723,-15.58550592713986,1.612481833922363,-.9794485040934832,5.326689700106526,-11.41956847312273,9.460671464935766,.7008295730340216,3.932543515537932,-7.006814085056854,8.408473231124898,-61.66462864873878,30.87071766063305,-122.1701234404841,-1.159133856993435
8.5,27,-6.948950011368159,4.363734549529502,-15.5017125665391,1.603812543802779,-.9741826319413041,5.29805147477462,-11.35817271073887,9.409807446856266,.6970616578076064,3.911400728247684,-6.969142898661592,8.363266214276805,-61.33309712929826,30.70474543044265,-121.5132923274366,-1.152901931159889
8.6,27,-6.91138797612757,4.340146705226619,-15.41791920599192,1.59514325373678,-.9689167597891249,5.269413249446657,-11.29677694836275,9.358943428784498,.6932937425811913,3.890257940954491,-6.931471712260558,8.31805919742294,-61.00156560985774,30.53877320044685,-120.8564612147705,-1.14667000494493
8.699999999999999,27,-6.873826299105099,4.316559085868504,-15.3341266445465,1.586474046336306,-.9636509378560246,5.24077529724652,-11.2353817715264,9.308079895814348,.6895258632882788,3.869115355293545,-6.893800885117963,8.272852611694521,-60.67003725213611,30.37280255313724,-120.1996363658313,-1.140438138440928
8.800000000000001,27,-6.836264263864511,4.292971241596207,-15.25033328405927,1.577804756330251,-.9583850657038455,5.212137071914617,-11.17398600914255,9.257215877734854,.6857579480618636,3.847972567999624,-6.856129698715502,8.227645594839229,-60.33850573269559,30.20683032320842,-119.5428052532965,-1.134206212094703
8.9,27,-6.798702586842039,4.269383622238093,-15.16654072261386,1.56913554892978,-.9531192437707452,5.183499119695949,-11.11259083226988,9.206352344728389,.6819900687689512,3.826829982354918,-6.818458871604737,8.182439009142639,-60.00697737497396,30.04085967591948,-118.8859804043977,-1.127974345550193
9,27,-6.761140551601452,4.245795777935214,-15.08274736206669,1.560466258863787,-.9478533716185661,5.154860894375277,-11.05119506990804,9.155488326670907,.678222153542536,3.805687195051783,-6.780787685184216,8.137231992269289,-59.67544585553345,29.87488744590301,-118.2291492916911,-1.121742419375749
9.1,27,-6.723578516360863,4.222207933629091,-14.99895400151316,1.551796968791438,-.9425874994663871,5.126222669046329,-10.98979930752998,9.104624308597204,.6744542383161208,3.784544407748652,-6.743116498763705,8.092024975395946,-59.34391433609292,29.70891521597471,-117.5723181791573,-1.115510493028502
9.199999999999999,27,-6.686016839338392,4.198620314298378,-14.91516144012146,1.54312776144467,-.9373216775332867,5.097584716848169,-10.9284041306975,9.053760775630931,.6706863590232084,3.763401822103955,-6.705445671652956,8.046818389699373,-59.0123859783713,29.54294456859814,-116.9154933300869,-1.109278626655744
9.300000000000001,27,-6.648454804097804,4.175032469971335,-14.83136807952692,1.534458471331316,-.9320558053811077,5.06894649151626,-10.86700836831364,9.002896757551426,.6669184437967932,3.742259034810015,-6.667774485250459,8.001611372844046,-58.68085445893077,29.37697233849538,-116.2586622172111,-1.103046700650438
9.4,27,-6.610893127075332,4.15144485061322,-14.74757551808151,1.525789263930843,-.9267899834480072,5.040308539295621,-10.80561319143711,8.952033224541095,.6631505645038808,3.721116449149089,-6.630103658107903,7.956404787115665,-58.34932610120914,29.21100169129221,-115.6018373684805,-1.096814833937813
9.5,27,-6.573331091834745,4.12785700631034,-14.66378215753434,1.517119973864847,-.9215241112958281,5.011670313974954,-10.74421742907528,8.901169206483624,.6593826492774656,3.699973661855901,-6.592432471706879,7.91119777026181,-58.01779458176863,29.04502946103484,-114.9450062553017,-1.090582908235533
9.6,27,-6.535769056594157,4.104269162038044,-14.57998879704711,1.508450683858793,-.9162582391436491,4.983032088659215,-10.68282166672311,8.85030518843581,.6556147340510504,3.678830874565636,-6.554761285311584,7.865990753413684,-57.68626306232811,28.87905723110601,-114.2881751427669,-1.084350981889322
9.699999999999999,27,-6.498207379571685,4.080681542679931,-14.49619623560169,1.499781476458325,-.9109924172105487,4.954394136437586,-10.62142648984464,8.799441655423541,.651846854758138,3.657688288907332,-6.517090458174167,7.820784167690443,-57.35473470460648,28.71308658405797,-113.6313502943403,-1.078119114872656
9.800000000000001,27,-6.460645344331097,4.057093698373865,-14.41240287504828,1.491112186386086,-.9057265450583697,4.925755911116923,-10.56003072748282,8.748577637366077,.6480789395317228,3.636545501617806,-6.47941927178032,7.775577150843765,-57.02320318516596,28.54711435380061,-112.9745191811616,-1.071887189170369
9.9,27,-6.423083667308625,4.033506079018935,-14.32861031360911,1.482442978991855,-.9004607231252693,4.897117958895294,-10.49863555060434,8.697714104353807,.6443110602388102,3.615402915943989,-6.441748444612499,7.73037056509012,-56.69167482744433,28.38114370675257,-112.317694332735,-1.065655322153688
10,27,-6.385521632068038,4.009918234716055,-14.24481695306194,1.47377368892586,-.8951948509730903,4.868479733576602,-10.43723978824639,8.646850086300205,.6405431450123951,3.594260128660031,-6.404077258229566,7.685163548254356,-56.36014330800381,28.21517147682374,-111.6608632202001,-1.059423395807478
10.1,27,-6.34795959682745,3.98633039041317,-14.16102359251475,1.465104398859854,-.8899289788209112,4.839841508260861,-10.37584402589421,8.595986068252389,.63677522978598,3.573117341376039,-6.366406071846566,7.639956531418525,-56.02861178856329,28.04919924656638,-111.0040321070214,-1.053191470105183
10.2,27,-6.310397919804978,3.962742771055057,-14.07723103106934,1.456435191459384,-.8846631568878108,4.811203556037264,-10.31444884901188,8.54512253523626,.6330073504930674,3.551974755702234,-6.328735244678767,7.594749945664902,-55.69708343084166,27.88322859934495,-110.347207258255,-1.046959603428348
10.3,27,-6.27283588456439,3.939154926752179,-13.99343767052217,1.447765901393394,-.8793972847356317,4.782565330703385,-10.25305308662416,8.494258517152893,.6292394352666523,3.530831968412709,-6.291064058284922,7.549542928818227,-55.36555191140114,27.71725636926098,-109.6903761454161,-1.040727677386215
10.4,27,-6.235274207541918,3.915567307394062,-13.90964510907675,1.439096693992916,-.8741314628025313,4.753927378513104,-10.19165790980713,8.443394984202065,.6254715559737398,3.509689382754383,-6.253393231147462,7.504336343094942,-55.03402355367951,27.5512857218844,-109.0335512963456,-1.034495811013464
10.5,27,-6.197712172301331,3.891979463121765,-13.82585174858952,1.430427403986863,-.8688655906503523,4.725289153179226,-10.1302621474194,8.392530966118699,.6217036407473246,3.488546595464149,-6.215722044752228,7.459129326246877,-54.70249203423899,27.38531349195557,-108.3767201838107,-1.028263884667261
10.6,27,-6.160150137060743,3.868391618788301,-13.74205838798241,1.421758113860924,-.8635997184981732,4.696650927845351,-10.06886638503169,8.341666948035339,.6179357255209095,3.467403808170945,-6.178050858351171,7.41392230939299,-54.37096051479847,27.21934126202673,-107.7198890712759,-1.022031958321058
10.7,27,-6.122588460038271,3.844803999430187,-13.65826582653699,1.413088906460452,-.8583338965650729,4.668012975636933,-10.00747120817911,8.290803415048963,.614167846227997,3.446261222510004,-6.140380031208586,7.368715723664581,-54.03943215707685,27.05337061465016,-107.0630642222054,-1.015800091948314
10.8,27,-6.085026424797683,3.821216155157888,-13.57447246604976,1.404419616454396,-.8530680244128938,4.63937475030306,-9.946075445791395,8.239939396965609,.6103999310015819,3.425118435216091,-6.102708844806142,7.323508706809306,-53.70790063763632,26.88739838472134,-106.4062331096706,-1.00956816560209
10.9,27,-6.047464747775211,3.797628535799773,-13.49067990460434,1.395750409053921,-.8478022024797934,4.610736798112778,-9.884680268974362,8.189075864014777,.6066320517086694,3.403975849571397,-6.0650380176954,7.278302121112739,-53.37637227991469,26.7214277376733,-105.749408261244,-1.003336298585417
11,27,-6.009902712534624,3.774040691496892,-13.40688654405717,1.387081118987923,-.8425363303276143,4.5820985727789,-9.82328450658664,8.13821184593141,.6028641364822542,3.382833062268256,-6.027366831274868,7.233095104239377,-53.04484076047417,26.55545550741593,-105.0925771480652,-.997104372883129
11.1,27,-5.972340677294036,3.750452847194008,-13.32309318350999,1.37841182892192,-.8372704581754352,4.553460347445023,-9.76188874419892,8.087347827848049,.5990962212558391,3.361690274965112,-5.98969564485433,7.187888087366008,-52.71330924103366,26.38948327715856,-104.4357460348865,-.9908724471808412
11.2,27,-5.934779000271564,3.726865227835897,-13.23930062206458,1.369742621521456,-.8320046362423349,4.524822395254746,-9.700493567381896,8.036484294897226,.5953283419629266,3.340547689320407,-5.952024817743568,7.142681501669421,-52.38178088331203,26.22351263011054,-103.7789211864599,-.9846405801641538
11.3,27,-5.897216965030976,3.7032773835636,-13.15550726157735,1.361073331515401,-.8267387640901558,4.496184169920871,-9.639097804994178,7.985620276813867,.5915604267365114,3.319404902026494,-5.914353631341121,7.097474484814144,-52.0502493638715,26.0575404001817,-103.1220900739251,-.9784086538179508
11.4,27,-5.859655288008504,3.679689764205487,-13.07171470013194,1.352404124114932,-.8214729421570555,4.467546217712456,-9.577702628141605,7.934756743827495,.587792547443599,3.298262316365562,-5.876682804198555,7.052267899085753,-51.71872100614988,25.89156975280513,-102.4652652248545,-.972176787445207
11.5,27,-5.822093252767917,3.656101919872022,-12.98792133952482,1.343734833988991,-.8162070700048764,4.438907992378575,-9.516306865753879,7.883892725744126,.5840246322171838,3.277119529072381,-5.839011617797545,7.007060882231912,-51.38718948670935,25.7255975228763,-101.8084341123197,-.9659448610989827
11.6,27,-5.784531217527329,3.632514075599723,-12.90412797903759,1.335065543982933,-.8109411978526974,4.410269767044697,-9.454911103366156,7.833028707660761,.5802567169907686,3.255976741782113,-5.801340431402244,6.961853865383781,-51.05565796726884,25.55962529294747,-101.1516029997849,-.9597129347527797
11.7,27,-5.746969540504857,3.608926456241611,-12.82033541759218,1.326396336582466,-.8056753759195969,4.381631814854418,-9.393515926549128,7.782165174709935,.5764888376978562,3.234834156123808,-5.763669604264824,6.916647279660537,-50.72412960954721,25.3936546455709,-100.4947781507144,-.9534810683800217
11.8,27,-5.709407505264269,3.58533861193873,-12.73654205704501,1.317727046516469,-.8004095037674178,4.352993589520544,-9.332120164161413,7.731301156626578,.572720922471441,3.21369136883427,-5.725998417870954,6.871440262813835,-50.39259809010669,25.22768241548691,-99.83794703787547,-.9472491423379097
11.9,27,-5.671845828241797,3.561750992580615,-12.65274949559959,1.309057839115995,-.7951436818343175,4.324355637296944,-9.270724987279079,7.680437623610444,.5689530431785285,3.192548783160463,-5.688327590703152,6.82623367706021,-50.06106973238506,25.06171176826549,-99.18112218910903,-.9410172756610748
12,27,-5.63428379300121,3.538163148277737,-12.56895613505242,1.300388549050004,-.7898778096821384,4.295717411981205,-9.209329224926909,7.629573605562632,.5651851279521134,3.17140599587649,-5.650656404320189,6.781026660224415,-49.72953821294454,24.89573953800813,-98.52429107593031,-.9347853499587799
12.1,27,-5.596721757760622,3.514575303974854,-12.48516277450524,1.291719258984002,-.7846119375299594,4.26707918666251,-9.147933462568943,7.578709587509024,.5614172127256982,3.15026320859251,-5.612985217937212,6.735819643388608,-49.39800669350402,24.72976730807929,-97.86745996339545,-.9285534236125841
12.2,27,-5.55916008073815,3.490987684619922,-12.40137021306607,1.283050051589768,-.779346115596859,4.238441234440883,-9.086538285690477,7.527846054496759,.5576493334327857,3.129120622918707,-5.575314390769418,6.69061305763499,-49.06647833578239,24.56379666103126,-97.21063511496888,-.9223215565958967
12.3,27,-5.521598045497562,3.467399840313857,-12.31757685251265,1.27438076151753,-.77408024344468,4.209803009120217,-9.025142523328649,7.476982036439289,.5538814182063705,3.107977835629186,-5.537643204375581,6.645406040788322,-48.73494681634187,24.39782443077389,-96.55380400179013,-.9160896308936088
12.4,27,-5.48403636847509,3.443812220955742,-12.23378429106724,1.265711554117058,-.7688144215115795,4.181165056898593,-8.963747346450187,7.426118503427028,.550113538913458,3.086835249970852,-5.499972377238105,6.600199455065022,-48.40341845862024,24.23185378372586,-95.89697915336355,-.9098577638769285
12.5,27,-5.446474333234502,3.420224376683445,-12.14999093058001,1.257042264111003,-.7635485493594005,4.152526831582852,-8.902351584098012,7.375254485379211,.5463456236870429,3.065692462680595,-5.462301190842827,6.554992438216913,-48.07188693917972,24.06588155379703,-95.24014804082871,-.9036258375307256
12.6,27,-5.408912297993915,3.396636532380562,-12.06619757003283,1.248372974045003,-.7582826772072214,4.123888606262183,-8.840955821736177,7.324390467321734,.5425777084606277,3.044549675387418,-5.424630004441823,6.509785421363079,-47.7403554197392,23.89990932353966,-94.58331692764997,-.8973939118284306
12.7,27,-5.371350620971443,3.373048913022451,-11.98240500858742,1.239703766644537,-.753016855274121,4.095250654041541,-8.779560644859639,7.273526934311398,.5388098291677152,3.023407089726479,-5.386959177299242,6.464578835634673,-47.40882706201757,23.73393867633647,-93.9264920789193,-.8911620451158555
12.8,27,-5.333788585730855,3.349461068695407,-11.89861164799289,1.231034476531181,-.747750983121942,4.066612428709636,-8.718164882475785,7.222662916231901,.5350419139413001,3.002264302432564,-5.349287990896793,6.419371818779393,-47.07729554257705,23.56796644623371,-93.26966096604356,-.8849301191105354
12.9,27,-5.296226908708384,3.325873449364696,-11.81481908660119,1.222365269184418,-.7424851611888416,4.037974476511477,-8.656769705643313,7.17179938326563,.5312740346483876,2.98112171678785,-5.311617163786011,6.374165233082787,-46.74576718485542,23.40199579885714,-92.61283611697306,-.8786982527377916
13,27,-5.258664873467795,3.302285605058572,-11.73102572604765,1.213695979112065,-.7372192890366626,4.009336251182527,-8.595373943265249,7.120935365191925,.5275061194219725,2.959978929484723,-5.273945977365508,6.328958216209453,-46.4142356654149,23.23602356892885,-91.95600500443929,-.8724663263905086
13.1,27,-5.221102838227208,3.27869776075569,-11.64723236550048,1.205026689046067,-.7319534168844835,3.98069802586186,-8.53397818090342,7.070071347134453,.5237382041955573,2.938836142181581,-5.236274790944974,6.283751199336089,-46.08270414597438,23.07005133891238,-91.29917389173269,-.8662344002160722
13.2,27,-5.183541161204736,3.255110141397579,-11.56343980405507,1.1963574816456,-.7266875949513831,3.952060073643187,-8.472583004030742,7.019207814127976,.5199703249026448,2.917693556536869,-5.198603963834197,6.238544613639487,-45.75117578825275,22.90408069162345,-90.64234904283396,-.8600025336715476
13.3,27,-5.145979125964148,3.23152229712528,-11.47964644356784,1.187688191639543,-.721421722799204,3.923421848311281,-8.411187241646884,6.968343796048475,.5162024096762297,2.896550769242972,-5.160932777431783,6.193337596784242,-45.41964426881223,22.73810846169461,-89.98551793029912,-.8537706073253517
13.4,27,-5.108417448941677,3.207934677767166,-11.39585388212242,1.179018984239071,-.7161559008661037,3.894783896111147,-8.349792064810542,6.917480263078334,.5124345303833172,2.875408183582034,-5.123261950289203,6.148131011055838,-45.0881159110906,22.57213781438502,-89.32869308135989,-.847538740821328
13.5,27,-5.070855413701088,3.184346833464283,-11.31206052157525,1.17034969417307,-.7108900287139246,3.866145670783183,-8.288396302434411,6.866616245006561,.508666615156902,2.854265396288838,-5.085590763888164,6.102923994201968,-44.75658439165009,22.40616558438921,-88.67186196869379,-.8413068146063836
13.6,27,-5.033293378460501,3.160758989134061,-11.22826716097449,1.161680404053486,-.7056241565617455,3.837507445451278,-8.227000540050554,6.815752226927064,.5048986999304869,2.833122608998583,-5.047919577492888,6.057716977353862,-44.42505287220956,22.24019335419881,-88.01503085564629,-.8350748887728372
13.7,27,-4.995731701438029,3.137171369779127,-11.1444745995353,1.153011196659247,-.7003583346286452,3.808869493239908,-8.165605363192189,6.764888693934899,.5011308206375744,2.811980023340272,-5.010248750355457,6.012510391630606,-44.09352451448793,22.07422270708327,-87.35820600708739,-.8288430218884741
13.8,27,-4.958169666197441,3.113583525500408,-11.06068123903549,1.144341906640606,-.6950924624764661,3.780231267922195,-8.10420960083615,6.714024675883218,.4973629054111592,2.790837236044304,-4.972577563948985,5.967303374771303,-43.76199299504741,21.90825047715498,-86.70137489455362,-.8226110955412054
13.9,27,-4.92060798917497,3.089995906142298,-10.97688867759008,1.135672699240142,-.6898266405433657,3.751593315713778,-8.042814423983573,6.663161142896842,.4935950261182467,2.769694650384681,-4.934906736808983,5.922096789045478,-43.43046463732578,21.7422798299518,-86.04455004582297,-.8163792288286018
14,27,-4.883045953934381,3.066408061842651,-10.89309531704925,1.127003409180485,-.6845607683911866,3.722955090384831,-7.981418661605514,6.612297124823141,.4898271108918316,2.748551863092956,-4.897235550410826,5.87688977219449,-43.09893311788527,21.5763075997614,-85.38771893277546,-.8101473029950768
14.1,27,-4.845483918693794,3.042820217539772,-10.80930195650208,1.118334119114491,-.6792948962390076,3.694316865052923,-7.920022899221654,6.561433106743638,.4860591956654164,2.727409075801239,-4.859564364012686,5.831682755343518,-42.76740159844475,21.41033536992075,-84.73088782041347,-.8039153764760343
14.2,27,-4.807922241671323,3.019232598209003,-10.72550939511026,1.109664911767614,-.6740290743059072,3.66567891285279,-7.858627722385314,6.5105695737735,.4822913163725039,2.706266490141604,-4.821893536872659,5.786476169617668,-42.43587324072312,21.2443647222826,-84.07406297083028,-.7976835106159541
14.3,27,-4.770360206430734,2.99564475387872,-10.64171603450938,1.10099562164791,-.6687632021537281,3.637040687524824,-7.797231960009179,6.459705555701723,.4785234011460888,2.685123702849888,-4.784222350474521,5.741269152766699,-42.10434172128259,21.0783924924602,-83.41723185850404,-.79145158406115
14.4,27,-4.732798529408263,2.972057134520607,-10.55792347306397,1.09232641424744,-.6634973802206278,3.608402735302213,-7.735836783128782,6.408842022687526,.4747555218531763,2.663981117190632,-4.746551523335237,5.69606256704159,-41.77281336356097,20.91242184523878,-82.76040700973762,-.7852197173843223
14.5,27,-4.695236494167674,2.948469290217784,-10.47413011251691,1.083657124181557,-.6582315080684487,3.579764509984503,-7.674441020772749,6.357978004635852,.4709876066267611,2.642838329897074,-4.708880336933489,5.650855550187011,-41.44128184412045,20.74644961504837,-82.1035758966901,-.778987791550783
14.6,27,-4.657674458927087,2.924881445942245,-10.39033675202332,1.074987834169148,-.6529656359162697,3.551126284650624,-7.613045258385022,6.307113986552483,.467219691400346,2.621695542603525,-4.671209150531756,5.605648533332448,-41.10975032467993,20.58047738522596,-81.44674478436386,-.7727558649959931
14.7,27,-4.620112781904615,2.90129382658413,-10.30654419057791,1.066318626768675,-.6476998139831692,3.52248833244221,-7.551650081532451,6.256250453566113,.4634518121074335,2.600552956944261,-4.633538323392457,5.560441947607325,-40.7782219669583,20.41450673800454,-80.78991993559745,-.7665239983191512
14.8,27,-4.582550746664027,2.877705982284489,-10.22275083003708,1.05764933670903,-.6424339418309902,3.493850107124497,-7.490254319176413,6.205386435514431,.4596838968810183,2.579410169652543,-4.595867136994316,5.515234930756352,-40.44669044751778,20.24853450774663,-80.13308882241765,-.760292072617915
14.9,27,-4.544989069641556,2.854118362926375,-10.13895826859167,1.048980129308558,-.6371681198978898,3.46521215490189,-7.428859142296023,6.154522902500243,.4559160175881058,2.558267583992921,-4.558196309854317,5.470028345030528,-40.11516208979615,20.08256386061095,-79.47626397381927,-.7540602057730297
15,27,-4.507427034400967,2.830530518623438,-10.05516490804439,1.040310839242451,-.6319022477457108,3.436573929584177,-7.367463379939984,6.103658884448564,.4521481023616907,2.537124796701189,-4.520525123456144,5.424821328179526,-39.78363057035563,19.91659163068267,-78.81943286128552,-.7478282794257396
15.1,27,-4.46986499916038,2.806942674317371,-9.971371547490968,1.031641549170209,-.6266363755935317,3.407935704266465,-7.306067617583946,6.052794866396883,.4483801871352755,2.515982009409466,-4.482853937057992,5.379614311328543,-39.45209905091511,19.75061940051294,-78.16260174827855,-.7415963535516781
15.2,27,-4.432303322137908,2.783355054962441,-9.887578986051794,1.022972341775978,-.6213705536604313,3.379297752043856,-7.244672440703554,6.001931333382692,.4446123078423631,2.494839423749834,-4.445183109917972,5.334407725602698,-39.12057069319348,19.58464875330975,-77.50577689954785,-.7353644868391029
15.3,27,-4.39474128689732,2.759767210659616,-9.80378562550473,1.014303051710091,-.6161046815082523,3.350659526726144,-7.183276678347515,5.95106731533101,.4408443926159479,2.473696636458121,-4.407511923519839,5.289200708751735,-38.78903917375296,19.41867652318686,-76.84894578663267,-.7291325608732464
15.4,27,-4.357179609874849,2.736179591301506,-9.719993064059324,1.005633844309626,-.6108388595751518,3.322021574517728,-7.12188150149494,5.900203782344636,.4370765133230354,2.452554050798866,-4.369841096380559,5.243994123026629,-38.45751081603133,19.25270587589793,-76.19212093773393,-.7229006943287217
15.5,27,-4.319617574634261,2.712591747025966,-9.636199703565737,.9969645542972154,-.6055729874229728,3.29338334918385,-7.060485739107218,5.849339764261272,.4333085980966203,2.431411263505305,-4.332169909978803,5.198787106172044,-38.12597929659081,19.08673364607553,-75.53528982540772,-.7166687677739105
15.6,27,-4.282055539393673,2.689003902726324,-9.552406343024913,.9882952642375686,-.6003071152707937,3.264745123866138,-6.99908997675118,5.798475746209593,.4295406828702051,2.410268476211757,-4.294498723577074,5.153580089317484,-37.79444777715029,18.92076141588513,-74.87845871236021,-.7104368419403642
15.7,27,-4.244493862371201,2.665416283368211,-9.468613781579501,.9796260568370982,-.5950412933376934,3.236107171643529,-6.937694799870787,5.747612213195401,.4257728035772926,2.389125890552487,-4.256827896437763,5.108373503592349,-37.46291941942867,18.7547907685962,-74.22163386346148,-.7042049753958466
15.8,27,-4.206931827130613,2.641828439037929,-9.384820420978622,.9709567667173964,-.5897754211855143,3.207468946315564,-6.876299037494654,5.696748195123625,.4220048883508774,2.367983103260774,-4.219156710039631,5.063166486741386,-37.13138789998814,18.58881853884129,-73.56480275126754,-.6979730487087465
15.9,27,-4.169370150108142,2.618240819707158,-9.301027859586799,.962287559370516,-.5845095992524139,3.178830994115431,-6.814903860658315,5.645884662153487,.418237009057965,2.34684051760115,-4.181485882899627,5.017959901015556,-36.79985954226651,18.42284789127065,-72.90797790181665,-.6917411827163633
16,27,-4.131808114867554,2.594652975401097,-9.217234499033394,.9536182692982855,-.5792437271002349,3.150192768783524,-6.753508098274454,5.595020644073983,.4144690938315498,2.325697730309418,-4.143814696501456,4.972752884164556,-36.46832802282599,18.2568756613625,-72.25114678932235,-.685509256329631
16.1,27,-4.094246079626966,2.571065131101452,-9.133441138492563,.9449489792386316,-.5739778549480558,3.121554543454575,-6.692112335896392,5.544156626000281,.4107011786051346,2.304554943017708,-4.106143510103329,4.927545867313598,-36.13679650338548,18.0909034311721,-71.59431567627487,-.6792773304960775
16.2,27,-4.056684044386378,2.547477286825913,-9.049647777998977,.9362796892262226,-.5687119827958768,3.092916318133906,-6.63071657353456,5.493292607942806,.4069332633787194,2.283412155724146,-4.068472323701572,4.882338850459011,-35.80526498394495,17.92493120134969,-70.93748456394862,-.6730454039412876
16.3,27,-4.019122725582022,2.523889892385227,-8.965856015601737,.9276105644376935,-.563446211081855,3.064278639035772,-6.56932198218738,5.44242956002367,.4031654200193097,2.262269771698821,-4.030801855824029,4.837132695862648,-35.47373978794221,17.75896213692088,-70.28066597911761,-.666813596766815
16.4,27,-3.981560690341435,2.500302048083936,-8.882062655057684,.9189412743748138,-.558180338929676,3.035640413717076,-6.507926219829413,5.391565541970062,.3993975047928945,2.241126984407093,-3.993130669425865,4.791925679011654,-35.1422082685017,17.59298990692508,-69.62383486645152,-.6605816705518706
16.5,27,-3.943998655100847,2.476714203796346,-8.798269294540479,.9102719843387859,-.5529144667774969,3.007002188385169,-6.446530457445554,5.34070152389056,.3956295895664793,2.219984197113536,-3.955459483024118,4.746718662157077,-34.81067674906117,17.42701767673468,-68.96700375340401,-.6543497447183242
16.6,27,-3.906436619860259,2.453126359491846,-8.714475933990133,.901602694269616,-.5476485946253178,2.978363963057203,-6.385134695069419,5.289837505818784,.3918616743400642,2.198841409819981,-3.917788296622374,4.701511645302503,-34.47914522962066,17.2610454468064,-68.31017264087026,-.6481178183710412
16.7,27,-3.868874584619671,2.429538515188989,-8.630682573443007,.8929334042036663,-.5423827224731388,2.949725737736537,-6.323738932707591,5.238973487761313,.388093759113649,2.177698622528267,-3.88011711022424,4.656304628451537,-34.14761371018014,17.09507321663613,-67.65334152786224,-.6418858924980455
16.8,27,-3.831313265815316,2.405951120790937,-8.546890811129328,.8842642794986975,-.537116950759117,2.921088058637418,-6.26234434135848,5.188110439840246,.3843259157542392,2.156556238502936,-3.842446642346685,4.611098473855163,-33.81608851417739,16.92910415212021,-66.99652294286048,-.635654085494302
16.9,27,-3.793751230574728,2.382363276488026,-8.463097450582097,.8755949894326411,-.531851078606938,2.892449833306495,-6.200948578976551,5.137246421762674,.3805580005278241,2.135413451209378,-3.804775455944935,4.565891457000583,-33.48455699473688,16.76313192221152,-66.33969183036514,-.6294221591086142
17,27,-3.75618919533414,2.358775432185175,-8.379304090034983,.8669256993667034,-.5265852064547589,2.863811607985828,-6.13955281661472,5.086382403705202,.3767900853014089,2.114270663917661,-3.767104269546794,4.520684440149612,-33.15302547529636,16.59715969219504,-65.68286071765853,-.6231902329341921
17.1,27,-3.718627160093552,2.335187587883885,-8.295510729490926,.8582564093038232,-.5213193343025799,2.835173382656878,-6.078157054236657,5.035518385631496,.3730221700749937,2.093127876625933,-3.729433083148631,4.475477423298619,-32.82149395585584,16.43118746219925,-65.02602960499246,-.6169583067192193
17.2,27,-3.681065124852964,2.311599743579382,-8.211717368940576,.8495871192346476,-.5160534621504008,2.806535157336211,-6.016761291874826,4.984654367574024,.3692542548485785,2.071985089332386,-3.691761896746903,4.43027040644406,-32.48996243641532,16.26521523200885,-64.36919849194494,-.6107263808856906
17.3,27,-3.643503806048609,2.28801234918133,-8.127925606626896,.8409179945296787,-.5107876904363792,2.777897478240047,-5.955366700531509,4.933791319658751,.3654864114891688,2.050842705307058,-3.654091428869356,4.385064251847694,-32.15843724041258,16.09924616777464,-63.71237990749536,-.6044945733298057
17.4,27,-3.605941770808021,2.264424504880068,-8.044132246082897,.8322487044668563,-.5055218182842001,2.74925925290617,-5.893970938143788,4.882927301575387,.3617184962627536,2.029699918015325,-3.616420242471184,4.339857234996691,-31.82690572097206,15.93327393758424,-63.05554879444787,-.5982626474962558
17.5,27,-3.568379735567433,2.240836660575566,-7.960338885532547,.8235794143976811,-.500255946132021,2.720621027585501,-5.832575175781955,4.832063283517913,.3579505810363385,2.008557130721772,-3.578749056069443,4.29465021814212,-31.49537420153154,15.76730170753522,-62.39871768167747,-.5920307213856084
17.6,27,-3.530817700326845,2.217248816286385,-7.876545525012226,.8149101243585357,-.494990073979842,2.691982802261677,-5.771179413413939,4.781199265454254,.3541826658099233,1.987414343428221,-3.541077869667707,4.249443201287553,-31.16384268209102,15.60132947756258,-61.74188656905677,-.5857987951252639
17.7,27,-3.493255665086257,2.193660971971424,-7.792752164441375,.8062408342688618,-.4897242018276629,2.663344576931743,-5.709783651033946,4.73033524737862,.3504147505835081,1.966271556136501,-3.503406683269561,4.204236184436577,-30.8323111626505,15.43535724743573,-61.08505545613384,-.5795668691671665
17.8,27,-3.455694346281902,2.170073577573369,-7.708960402127692,.7975717095638886,-.4844584301136412,2.63470689784386,-5.648389059706858,4.679472199479575,.3466469072240984,1.945129172111172,-3.46573621539201,4.159030029840207,-30.50078596664776,15.26938818297343,-60.42823687123719,-.5733350620583373
17.9,27,-3.418132311041314,2.146485733268868,-7.625167041577342,.7889024194947147,-.4791925579614621,2.606068672513435,-5.586993297325903,4.628608181402979,.3428789919976832,1.923986384817618,-3.428065028990268,4.113823012985635,-30.16925444720724,15.10341595288034,-59.7714057583804,-.5671031360340777
18,27,-3.380570275800726,2.122897888967607,-7.541373681033345,.7802331294318936,-.473926685809283,2.577430447187639,-5.525597534954019,4.577744163335454,.339111076771268,1.902843597525891,-3.390393842592108,4.068615996134644,-29.83772292776672,14.93744372295151,-59.11457464584557,-.5608712096878747
18.1,27,-3.343008240560138,2.099310044664723,-7.457580320486167,.7715638393658915,-.468660813657104,2.548792221862831,-5.464201772584076,4.526880145269867,.3353431615448528,1.881700810234168,-3.352722656193955,4.02340897928366,-29.5061914083262,14.77147149285841,-58.45774353298879,-.5546392836636151
18.2,27,-3.30544620531955,2.075722200373922,-7.37378695996267,.7628945493235704,-.4633949415049249,2.520153996539008,-5.40280601021606,4.47601612720621,.3315752463184377,1.860558022940621,-3.315051469792227,3.978201962429102,-29.17465988888568,14.60549926276531,-57.80091242013199,-.5484073576393733
18.3,27,-3.267884886515195,2.052134805962198,-7.289995197622194,.7542254245918039,-.4581291697909032,2.491516317439394,-5.341411418865979,4.425153079284172,.3278074029590279,1.839415638915287,-3.277381001914667,3.932995807832723,-28.84313469288294,14.4395301984338,-57.14409383549169,-.5421755502741981
18.4,27,-3.230322851274606,2.028546961660909,-7.20620183707814,.7455561345289272,-.4528632976387242,2.462878092113109,-5.280015656493138,4.37428906121569,.3240394877326127,1.81827285162356,-3.239709815516504,3.88778879098173,-28.51160317344242,14.27355796838453,-56.4872627227208,-.5359436241640516
18.5,27,-3.192760816034019,2.004959117358028,-7.122408476530968,.73688684446293,-.4475974254865451,2.434239866788301,-5.218619894123194,4.323425043150102,.3202715725061975,1.797130064330016,-3.202038629114783,3.842581774127178,-28.1800716540019,14.10758573841187,-55.83043161010006,-.5297116979037391
18.6,27,-3.155198780793431,1.981371273055145,-7.038615115983792,.72821755439693,-.442331553334366,2.405601641464967,-5.157224131756136,4.272561025087404,.3165036572797824,1.775987277036453,-3.164367442713024,3.79737475727259,-27.84854013456139,13.94161350828529,-55.17360049717766,-.5234797719451123
18.7,27,-3.117636745552843,1.957783428752264,-6.954821755436619,.7195482643309323,-.437065681182187,2.376963416138681,-5.095828369383293,4.221697007018919,.3127357420533672,1.754844489744736,-3.126696256314883,3.752167740421617,-27.51700861512087,13.77564127813898,-54.51676938421657,-.5172478460251604
18.8,27,-3.080075426748488,1.93419603435421,-6.871029993122936,.7108791396259608,-.4317999094681653,2.348325737039069,-5.034433778033217,4.170833959096886,.3089678986939575,1.733702105719406,-3.08902578843733,3.706961585825245,-27.18548341911812,13.6096722137299,-53.85995079942423,-.5110160388120235
18.9,27,-3.0425133915079,1.910608190051327,-6.787236632575759,.7022098495599596,-.4265340373159862,2.319687511714261,-4.973038015663271,4.119969941031298,.3051999834675423,1.712559318425854,-3.051354602035593,3.661754568970678,-26.85395189967761,13.44369998380106,-53.20311968688939,-.5047841124658206
19,27,-3.004951356267312,1.887020345748446,-6.703443272028585,.6935405594939614,-.4212681651638072,2.29104928638945,-4.91164225329332,4.069105922965705,.3014320682411271,1.691416531134128,-3.013683415637434,3.616547552119688,-26.52242038023709,13.27772775370797,-52.54628857403261,-.4985521864415645
19.1,27,-2.967389321026724,1.863432501445565,-6.619649911481413,.6848712694279655,-.4160022930116281,2.262411061064642,-4.850246490923374,4.018241904900118,.2976641530147119,1.670273743842403,-2.976012229239277,3.571340535268702,-26.19088886079657,13.11175552361487,-51.88945746117582,-.492320260417312
19.2,27,-2.929827285786136,1.839844657142683,-6.535856550934238,.6762019793619656,-.4107364208594491,2.233772835739833,-4.788850728553426,3.967377886834528,.2938962377882968,1.649130956548847,-2.938341042837531,3.526133518414125,-25.85935734135605,12.94578329368603,-51.23262634864099,-.4860883340711091
19.3,27,-2.892265966981781,1.816257262744629,-6.452064788620554,.6675328546569932,-.4054706491454274,2.205135156640221,-4.72745613720335,3.916514838912495,.290128394428887,1.62798857252352,-2.900670574959986,3.48092736381776,-25.52783214535331,12.77981422927696,-50.57580776384864,-.4798565268579686
19.4,27,-2.854703931741193,1.792669418441748,-6.368271428073382,.6588635645909964,-.4002047769932483,2.176496931313934,-4.666060374830505,3.865650820844009,.2863604792024718,1.606845785231797,-2.862999388561832,3.435720346966775,-25.19630062591279,12.61384199913064,-49.91897665088756,-.4736246009380203
19.5,27,-2.817141896500605,1.769081574138869,-6.284478067526212,.6501942745250022,-.3949389048410692,2.147858705990603,-4.604664612463455,3.814786802781316,.2825925639760567,1.585702997938245,-2.825328202160094,3.390513330112208,-24.86476910647227,12.44786976900406,-49.26214553796515,-.46739267497939
19.6,27,-2.779579861260017,1.745493729835985,-6.200684706979034,.6415249844590005,-.3896730326888901,2.119220480665794,-4.543268850093508,3.763922784715728,.2788246487496415,1.564560210644686,-2.787657015758343,3.345306313257627,-24.53323758703175,12.28189753903141,-48.60531442534443,-.4611607487190703
19.7,27,-2.742017826019429,1.721905885534694,-6.116891346434978,.6328556943961203,-.3844071605367111,2.090582255339507,-4.481873087720664,3.713058766647241,.2750567335232263,1.543417423352962,-2.749985829360188,3.30009929640664,-24.20170606759123,12.11592530898213,-47.94848331257352,-.4549288226089345
19.8,27,-2.704456507215073,1.698318491122969,-6.033099584094501,.6241865696643534,-.3791413888226894,2.061944576239894,-4.420478496370585,3.662195718725206,.2712888901638166,1.522275039327638,-2.712315361482647,3.25489314181028,-23.87018087158849,11.94995624465063,-47.29166472793323,-.4486970152437522
19.9,27,-2.666894471974486,1.674730646832169,-5.949306223571004,.6155172796220327,-.3738755166705103,2.03330635091607,-4.359082734002568,3.611331700661548,.2675209749374014,1.501132252034086,-2.674644175080909,3.209686124955712,-23.53864935214797,11.78398401455752,-46.63483361507643,-.4424650892195103
20,27,-2.629332436733898,1.651142802529286,-5.865512863023827,.6068479895560324,-.3686096445183313,2.004668125591264,-4.297686971632625,3.560467682595962,.2637530597109862,1.479989464742362,-2.636972988682754,3.164479108104727,-23.20711783270745,11.61801178446443,-45.97800250221965,-.4362331631952543
20.1,27,-2.59177040149331,1.627554958228026,-5.781719502479831,.5981786994932112,-.3633437723661522,1.976029900265468,-4.236291209260743,3.509603664528438,.2599851444845711,1.458846677450637,-2.599301802284598,3.11927209125374,-22.87558631326693,11.4520395545356,-45.32117138968482,-.4300012368490442
20.2,27,-2.554208366252722,1.603967113923523,-5.69792614192948,.5895094094240361,-.3580779002139731,1.94739167493504,-4.174895446879783,3.458739646451837,.2562172292581559,1.43770389015708,-2.561630615882851,3.074065074399162,-22.54405479382641,11.2860673244425,-44.66434027682803,-.4237693108247953
20.3,27,-2.516647047448367,1.580379719525469,-5.614134379615797,.5808402847190628,-.3528121284999514,1.918753995847158,-4.113500855552697,3.407876598552795,.2524493858987461,1.416561506131756,-2.52396014800531,3.028858919802803,-22.21252959782367,11.1200982599802,-44.00752169193139,-.4175375037159519
20.4,27,-2.479085012207779,1.556791875210509,-5.53034101904495,.5721709946293929,-.3475462563477724,1.890115770517222,-4.052105093172701,3.357012580477156,.248681470672331,1.395418718839115,-2.486288961605358,2.983651902950019,-21.88099807838315,10.95412602985335,-43.35069057900844,-.4113055777578616
20.5,27,-2.441522976967191,1.533204030921326,-5.446547658524624,.5635017045902426,-.3422803841955933,1.861477545192415,-3.990709330802757,3.306148562411571,.2449135554459158,1.374275931546478,-2.448617775205413,2.938444886097245,-21.54946655894263,10.7881537998807,-42.69385946638773,-.4050736514975384
20.6,27,-2.403960941726603,1.509616186616825,-5.362754297974275,.5548324145210697,-.3370145120434143,1.832839319859522,-3.929313568416965,3.255284544330136,.2411456402195006,1.353133144253839,-2.410946588805465,2.893237869244466,-21.21793503950211,10.62218156983169,-42.03702835361736,-.3988417253868697
20.7,27,-2.366398906486015,1.486028342315565,-5.27896093743028,.5461631244582499,-.3317486398912352,1.804201094542796,-3.867917806062859,3.204420526280389,.2373777249930854,1.331990356961199,-2.373275402405515,2.848030852391686,-20.88640352006159,10.45620933973859,-41.38019724076057,-.3926097993626136
20.8,27,-2.32883758768166,1.46244094791751,-5.195169175116596,.5374939997532762,-.3264828681772135,1.775563415441706,-3.806523214709886,3.153557478355459,.2336098816336757,1.31084797293588,-2.335604934527984,2.802824697795336,-20.55487832405885,10.29024027540708,-40.72337865612026,-.386377991997449
20.9,27,-2.291275552441072,1.438853103613009,-5.111375814566248,.5288247096841041,-.3212169960250345,1.746925190116897,-3.745127452339939,3.10269346028987,.2298419664072605,1.289705185643233,-2.29793374812802,2.757617680942541,-20.22334680461833,10.12426804540068,-40.06654754343339,-.3801460658032809
21,27,-2.253713517200484,1.415265259311719,-5.027582454022193,.5201554196212257,-.3159511238728554,1.718286964792089,-3.683731689969992,3.051829442224282,.2260740511808453,1.268562398350594,-2.260262561728072,2.712410664089763,-19.89181528517781,9.958295815341334,-39.40971643064276,-.3739141397128698
21.1,27,-2.216151481959896,1.391677415008866,-4.943789093475075,.5114861295552831,-.3106852517206763,1.68964873946728,-3.622335927600045,3.000965424158692,.2223061359544302,1.247419611057959,-2.222591375328131,2.667203647236991,-19.5602837657373,9.79232358516127,-38.75288531761552,-.3676822138590694
21.2,27,-2.178589446719308,1.368089570705955,-4.859995732927843,.5028168394892276,-.3054193795684972,1.66101051414247,-3.560940165230096,2.950101406093102,.218538220728015,1.226276823765317,-2.184920188928178,2.621996630384208,-19.22875224629678,9.626351355154867,-38.09605420492865,-.3614502876648977
21.3,27,-2.141028127914953,1.344502176307902,-4.776203970614162,.4941477147842566,-.3001536078544755,1.63237283504138,-3.499545573877121,2.89923835816817,.2147703773686052,1.205134439739989,-2.147249721050629,2.57679047578784,-18.89722705029404,9.460382290789607,-37.43923562022219,-.3552184803658811
21.4,27,-2.103466092674365,1.320914332005049,-4.692410610067044,.4854784247183144,-.2948877357022965,1.603734609724653,-3.438149811523015,2.848374340118422,.2110024621421901,1.183991652447351,-2.109578534650683,2.531583458935063,-18.56569553085352,9.294410060730257,-36.78240450743155,-.3489865542754806
21.5,27,-2.065904057433777,1.297326487700548,-4.608617249516697,.4768091346491428,-.2896218635501174,1.575096384391762,-3.376754049137227,2.797510322036992,.2072345469157749,1.162848865154709,-2.071907348250728,2.486376442082278,-18.234164011413,9.128437830681248,-36.12557339466117,-.3427546281648155
21.6,27,-2.028342022193189,1.273738643412956,-4.524823888999489,.4681398446131113,-.2843559913979384,1.546458159066953,-3.31535828676728,2.746646303971403,.2034666316893597,1.141706077862073,-2.034236161850786,2.441169425229505,-17.90263249197248,8.962465600674843,-35.46874228197431,-.3365227019706438
21.7,27,-1.990779986952601,1.2501507990972,-4.441030528427081,.4594705545218793,-.2790901192457593,1.517819933737017,-3.253962524387283,2.695782285895765,.1996987164629445,1.120563290569433,-1.996564975450836,2.395962408376725,-17.57110097253196,8.796493370615497,-34.81191116918367,-.3302907758802434
21.8,27,-1.953218668148246,1.226563404698336,-4.35723876611181,.4508014298153187,-.2738243475317376,1.489182254649137,-3.192567933060201,2.644919237996726,.1959308731035348,1.099420906544105,-1.958894507573287,2.350756253780356,-17.23957577652922,8.630524306119455,-34.15509258422088,-.3240589688375515
21.9,27,-1.915656632907658,1.202975560395469,-4.273445405564664,.4421321397493487,-.2685584753795585,1.460544029318709,-3.13117217067924,2.594055219920123,.1921629578771196,1.078278119251468,-1.921223321173342,2.305549236927582,-16.9080442570887,8.464552076060105,-33.49826147143024,-.317827042747151
22,27,-1.87809459766707,1.179387716092588,-4.189652045017492,.4334628496833517,-.2632926032273795,1.431905803992914,-3.06977640830736,2.543191201852601,.1883950426507044,1.05713533195883,-1.883552134773397,2.260342220074806,-16.57651273764818,8.298579846097521,-32.84143035882926,-.311595116467096
22.1,27,-1.840532562426482,1.155799871789691,-4.105858684470288,.4247935596173238,-.2580267310752004,1.403267578668105,-3.008380645937413,2.492327183787012,.1846271274242893,1.035992544666193,-1.845880948373452,2.21513520322203,-16.24498121820766,8.132607616004423,-32.18459924597247,-.3053631904428453
22.2,27,-1.802970527185894,1.13221202748762,-4.022065323924703,.4161242695529144,-.2527608589230214,1.374629353344282,-2.946984883569399,2.441463165723356,.1808592121978741,1.014849757373553,-1.808209761973501,2.169928186369249,-15.91344969876714,7.966635385950113,-31.52776813319171,-.2991312643425683
22.3,27,-1.765409208381539,1.108624633088756,-3.938273561609432,.4074551448463541,-.2474950872089997,1.34599167424393,-2.885590292217871,2.390600117799872,.1770913688384644,.9937073733482232,-1.77053929409595,2.124722031772879,-15.5819245027644,7.800666321579953,-30.87094954847565,-.2928994570531547
22.4,27,-1.727847173140951,1.085036788786685,-3.854480201063846,.3987858547819443,-.2422292150568206,1.31735344892193,-2.824194529853429,2.339736099739787,.1733234536120492,.972564586055586,-1.732868107696005,2.079515014920104,-15.25039298332388,7.634694091486717,-30.21411843561859,-.2866675310291686
22.5,27,-1.690285137900363,1.061448944483804,-3.770686840516673,.3901165647159468,-.2369633429046415,1.288715223593819,-2.76279876747701,2.288872081667727,.169555538385634,.9514217987629456,-1.695196921296054,2.034307998067322,-14.91886146388336,7.468721861475753,-29.55728732292279,-.2804356048439374
22.6,27,-1.652723102659775,1.037861100186961,-3.686893479981335,.3814472746617852,-.2316974707524625,1.260076998269504,-2.70140300510803,2.238008063603105,.1657876231592188,.9302790114703107,-1.657525734896113,1.989100981214551,-14.58732994444284,7.302749631382654,-28.900456210066,-.2742036788196867
22.7,27,-1.615161067419187,1.01427325587804,-3.603100119422324,.3727779845839503,-.2264315986002834,1.2314387729409,-2.640007242730644,2.187144045530077,.1620197079328037,.9091362241776686,-1.619854548496159,1.943893964361766,-14.25579842500232,7.136777401371689,-28.24362509737018,-.2679717526344572
22.8,27,-1.577599748614832,.9906858614723405,-3.519308357093656,.3641088598639923,-.2211658268862617,1.202801093847646,-2.578612651393029,2.136280997620505,.1582518645733939,.8879938401523423,-1.582184080618614,1.898687809765402,-13.92427322899958,6.970808336958047,-27.5868065125689,-.2617399454302642
22.9,27,-1.540037713374244,.9670980171771051,-3.435514996561468,.3554395698129804,-.2158999547340826,1.174162868519534,-2.517216889016609,2.085416979548443,.1544839493469787,.8668510528597029,-1.544512894218665,1.853480792912623,-13.59274170955906,6.804836106864949,-26.92997539971211,-.2555080194060118
23,27,-1.502475678133656,.9435101728742229,-3.351721636014292,.3467702797469807,-.2106340825819036,1.145524643194725,-2.45582112664666,2.034552961482853,.1507160341205636,.845708265567064,-1.506841707818717,1.808273776059844,-13.26121019011854,6.638863876853983,-26.2731442870163,-.2492760932207823
23.1,27,-1.464913642893068,.9199223285713415,-3.267928275467119,.3381009896809828,-.2053682104297245,1.116886417869916,-2.394425364276713,1.983688943417264,.1469481188941484,.8245654782744234,-1.469170521418766,1.763066759207062,-12.92967867067802,6.472891646843017,-25.6163131743205,-.2430441670355545
23.2,27,-1.42735160765248,.8963344842761062,-3.184134914934931,.3294316996299709,-.2001023382775454,1.088248192541806,-2.333029601900294,1.932824925345203,.1431802036677332,.8034226909817831,-1.431499335018815,1.717859742354281,-12.5981471512375,6.306919416749919,-24.9594820614637,-.236812241011302
23.3,27,-1.389790288848125,.8727470898704068,-3.100343152606264,.320762574910014,-.1948365665635237,1.059610513448552,-2.271635010562679,1.881961877435632,.1394123603083235,.782280306956459,-1.393828867141274,1.672653587757921,-12.26662195523476,6.140950352336279,-24.30266347666242,-.2305804338071056
23.4,27,-1.352228253607537,.8491592455614847,-3.01654979204725,.3120932848321767,-.1895706944113447,1.030972288119947,-2.210239248185292,1.831097859362603,.1356444450819083,.7611375196638189,-1.356157680741324,1.62744657090514,-11.93509043579425,5.974978122325314,-23.64583236396662,-.2243485076218761
23.5,27,-1.314666218366949,.8255714012646429,-2.932756431511914,.3034239947780162,-.1843048222591656,1.002334062795632,-2.148843485816312,1.780233841297981,.1318765298554931,.7399947323711809,-1.318486494341377,1.582239554052363,-11.60355891635372,5.809005892232213,-22.98900125110982,-.2181165815976271
23.6,27,-1.277104183126361,.8019835569617615,-2.84896307096474,.294754704712018,-.1790389501069866,.9736958374675201,-2.087447723439892,1.729369823225919,.1281086146290779,.7188519450785401,-1.280815307941425,1.537032537199581,-11.27202739691321,5.643033662221248,-22.33217013841401,-.2118846554123976
23.7,27,-1.239542147885773,.7783957126596905,-2.765169710419155,.2860854146476086,-.1737730779548075,.9450576121455209,-2.026051961075451,1.678505805165836,.1243406994026628,.6977091577878385,-1.243144121545274,1.4918255203506,-10.94049587747269,5.477061432128016,-21.67533902555697,-.2056527293884063
23.8,27,-1.201980829081418,.7548083182608269,-2.681377948103885,.2774162899410495,-.1685073062407858,.9164199330456617,-1.96465736972489,1.627642757243319,.120572856043253,.6765667737586399,-1.20547365366014,1.446619365746646,-10.60897068146995,5.311092367757855,-21.0185204408409,-.1994209220989944
23.9,27,-1.16441879384083,.731220473958755,-2.597584587558298,.2687469998766381,-.1632414340886068,.887781707720853,-1.903261607354943,1.576778739177729,.1168049408168378,.6554239864679401,-1.167802467263992,1.401412348897668,-10.27743916202943,5.145120137703541,-20.36168932806013,-.1931889959987245
24,27,-1.126856758600242,.7076326296558596,-2.513791227011096,.2600777098106128,-.1579755619364277,.8591434823960443,-1.841865844984996,1.525914721112141,.1130370255904227,.6342811991752971,-1.130131280864036,1.356205332044881,-9.945907642588907,4.979147907670667,-19.70485821532138,-.1869570698564349
24.1,27,-1.089294723359654,.6840447853529776,-2.429997866463922,.2514084197446138,-.1527096897842486,.8305052570712351,-1.780470082615048,1.475050703046551,.1092691103640075,.6131384118826587,-1.092460094464089,1.310998315192104,-9.614376123148388,4.813175677577433,-19.04802710246432,-.1807251438324489
24.2,27,-1.051732688119066,.6604569410501103,-2.346204505916775,.2427391296786434,-.1474438176320696,.8018670317464268,-1.719074320245102,1.424186684980963,.1055011951375923,.5919956245919573,-1.054788908067938,1.265791298343123,-9.282844603707868,4.647203447506243,-18.39119598965048,-.1744932177652583
24.3,27,-1.014171369314711,.6368695466512467,-2.262412743601506,.2340700049720843,-.1421780459180479,.7732293526465673,-1.65767972889454,1.373323637058445,.1017333517781826,.5708532405627551,-1.017118440182797,1.220585143739162,-8.95131940770513,4.481234383152962,-17.7343774049675,-.1682614104427618
24.4,27,-.9766093340741229,.6132817023491679,-2.178619383055905,.2254007149076593,-.1369121737658688,.7445911273245686,-1.596283966530101,1.322459618998363,.0979654365517674,.5497104532720524,-.9794472537866433,1.175378126890178,-8.619787888264609,4.315262153059727,-17.07754629211044,-.1620294844187757
24.5,27,-.939047298833535,.5896938580462938,-2.094826022508746,.2167314248416758,-.1316463016136897,.715952901996457,-1.53488820415368,1.271595600926301,.0941975213253522,.5285676659794152,-.9417760673866985,1.130171110037403,-8.28825636882409,4.149289923048761,-16.42071517941463,-.155797558233548
24.6,27,-.901485263592947,.56610601374381,-2.011032661962351,.2080621347764572,-.1263804294615107,.6873146766721412,-1.473492441784699,1.220731582861678,.090429606098937,.5074248786867764,-.9041048809867507,1.084964093184625,-7.95672484938357,3.983317692975056,-15.76388406659586,-.1495656321712842
24.7,27,-.8639232283523591,.5425181694443461,-1.927239301421876,.1993928447171572,-.1211145573093316,.6586764513451879,-1.412096679410549,1.169867564791886,.0866616908725219,.486282091396074,-.8664336945905978,1.039757076335642,-7.62519332994305,3.817345462936327,-15.10705295384563,-.1433337060404716
24.8,27,-.8263619095480038,.5189307750428747,-1.843447539101495,.1907237200054871,-.1158487855953099,.6300387722488782,-1.350702088066944,1.119004516876325,.0828938475131121,.4651397073668729,-.8287632267054585,.9945509217316828,-7.293668133940312,3.651376398531055,-14.45023436906075,-.1371018988198749
24.9,27,-.7887998743074158,.4953429307361703,-1.759654178546828,.1820544299319962,-.1105829134431309,.6014005469238231,-1.289306325696514,1.068140498810253,.079125932286697,.4439969200761711,-.7910920403093071,.949343904882701,-6.962136614499792,3.485404168479024,-13.79340325628445,-.1308699727151321
25,27,-.751237839066828,.4717550864371114,-1.675860818007146,.1733851398734904,-.1053170412909518,.5727623215973625,-1.22791056332333,1.017276480741426,.0753580170602818,.422854132783532,-.7534208539093585,.9041368880299221,-6.630605095059272,3.319431938426991,-13.13657214350815,-.1246380466103911
25.1,27,-.7136758038262401,.4481672421380531,-1.592067457467466,.1647158498149854,-.1000511691387727,.5441240962709029,-1.166514800950147,.9664124626726017,.0715901018338666,.4017113454908915,-.7157496675094073,.8589298711771405,-6.299073575618752,3.153459708374959,-12.47974103073185,-.118406120505651
25.2,27,-.6761137685856521,.4245793978313486,-1.508274096912799,.1560465597414946,-.0947852969865937,.5154858709458471,-1.105119038579716,.9155484446065287,.0678221866074514,.3805685582001901,-.6780784811132564,.8137228543281593,-5.967542056178232,2.987487478322927,-11.82290991795555,-.1121741944009109
25.3,27,-.6385524497812968,.4009920034298772,-1.424482334592418,.1473774350298243,-.089519525272572,.4868481918495373,-1.043724447236111,.8646853966909674,.0640543432480417,.3594261741709899,-.640408013228119,.7685166997242024,-5.636016860175493,2.821518413917656,-11.16609133317067,-.1059423871803125
25.4,27,-.6009904145407089,.3774041591304135,-1.340688974051943,.1387081449705247,-.0842536531203929,.4582099665228309,-.9823286848624451,.8138213786216593,.0602864280216265,.33828338687932,-.6027368268300699,.723309682873323,-5.304485340734973,2.655546183878927,-10.50926022042045,-.0997104610494972
25.5,27,-.5634283793001209,.3538163148279298,-1.256895613505548,.1300388549053064,-.0789877809682138,.4295717411980222,-.920932922492498,.7629573605560704,.0565185127952113,.3171405995876486,-.565065640432018,.6781026660224407,-4.972953821294453,2.489573953835333,-9.85242910766069,-.0934785349282174
25.6,27,-.525866344059533,.3302284705250552,-1.173102252958388,.1213695648393217,-.0737219088160348,.4009335158732134,-.859537160122551,.7120933424904814,.0527505975687962,.2959978122959787,-.527394454033969,.6328956491715614,-4.641422301853934,2.323601723753121,-9.195597994825238,-.0872466088826291
25.7,27,-.4883043088189451,.3066406262240848,-1.08930889241496,.1127002747770694,-.0684560366638557,.3722952905465067,-.7981413977488839,.6612293244211725,.048982682342381,.2748550250031094,-.4897232676335693,.5876886323183313,-4.309890782413414,2.157629493731269,-8.53876688210809,-.0810146827187381
25.8,27,-.4507429900145898,.283053231822205,-1.005517130093778,.1040311500645985,-.063190264949834,.3436576114501967,-.7367468064052791,.610366276505611,.0452148389829712,.2537126409763045,-.4520527997531267,.5424824777190691,-3.978365586410676,1.991660429323072,-7.881948297317478,-.0747828755038737
25.9,27,-.4131809547740019,.2594653875214373,-.9217237695507474,.0953618600027435,-.057924392797655,.3150193861244391,-.6753510440334722,.5595022584381624,.0414469237565561,.2325698536834364,-.4143816133527293,.4972754608658414,-3.646834066970156,1.825688199265527,-7.225117184530374,-.0685509494099374
26,27,-.375618919533414,.2358775432185557,-.8379304090035731,.0866925699367452,-.0526585206454759,.2863811607986813,-.613955281661665,.5086382403707131,.0376790085301409,.211427066391766,-.3767104269546793,.452068444014961,-3.315302547529636,1.659715969213496,-6.568286071754076,-.0623190233051956
26.1,27,-.338056884292826,.2122896989156743,-.7541370484563994,.0780232798707473,-.0473926484932968,.2577429354729235,-.552559519289858,.4577742223032644,.0339110933037257,.190284279100095,-.3390392405566282,.4068614271640796,-2.983771028089116,1.493743739161463,-5.911454958977776,-.0560870972004555
26.2,27,-.3004948490522381,.1887018546149065,-.6703436879133682,.069353989808892,-.0421267763411178,.2291047101472893,-.4911637569182929,.4069102042360574,.0301431780773105,.1691414918073419,-.3013680541564561,.3616544103110771,-2.652239508648596,1.32777150910392,-5.254623846190675,-.049855171106516
26.3,27,-.2629335302478829,.1651144602130267,-.5865519255921868,.0606848650964211,-.0368610046270961,.2004670310507328,-.429769165574205,.3560471563200128,.0263753347179008,.1479991077803075,-.2636975862755635,.316448255711365,-2.320714312645858,1.161802444716324,-4.597805261440439,-.0436233638512764
26.4,27,-.2253714950072949,.1415266159111025,-.5027585650468891,.0520155750322993,-.031595132474917,.1718288057250983,-.3683734032026396,.3051831382528055,.0226074194914856,.1268563204881523,-.2260263998765633,.2712412388595346,-1.989182793205338,.995830214661536,-3.940974148658739,-.0373914377519369
26.5,27,-.187809459766707,.1179387716092779,-.4189652045017865,.0433462849683726,-.0263292603227379,.1431905803993406,-.3069776408308325,.2543191201853566,.0188395042650704,.105713533195883,-.1883552134773396,.2260342220074805,-1.657651273764818,.8298579846067479,-3.284143035877038,-.0311595116525978
26.6,27,-.1502474245261191,.0943509273074533,-.3351718439566841,.034676994904446,-.0210633881705589,.1145523550736446,-.2455818784591465,.2034551021180287,.0150715890386553,.0845707459036709,-.150684027078228,.1808272051555386,-1.326119754324298,.6638857545519602,-2.627311923095338,-.024927585553258
26.7,27,-.1126853892855311,.0707630830055265,-.2513784834113814,.0260077048403191,-.0157975160183798,.085914129748269,-.1841861160880883,.1525910840513286,.0113036738122401,.0634279586114013,-.1130128406790036,.1356201883034838,-.9945882348837782,.4979135245013055,-1.970480810321739,-.0186956594458177
26.8,27,-.0751240704811759,.0471756886037514,-.1675867210904052,.0173385801280535,-.0105317443043581,.0572764506511857,-.1227915247429678,.1017280361342515,.0075358304528303,.0422855745844245,-.0753423727982239,.0904140337038846,-.6630630388810397,.3319444601054422,-1.313662225555299,-.0124638522067803
26.9,27,-.0375620352405879,.0235878443018757,-.0837933605452026,.0086692900640268,-.0052658721521791,.0286382253255928,-.0613957623714839,.0508640180671258,.0037679152264152,.0211427872922123,-.037671186399112,.0452070168519423,-.3315315194405198,.1659722300527211,-.6568311127776496,-.0062319261033901
27,27,0,0,0,0,0,0,0,0,0,0,0,0,0,0,0,0
27.1,27,.0375487970469962,.0235862385597147,-.0086793810608146,.083776975154807,.00526280197525,.0286363723014455,-.0508634563834637,.0613890603339636,-.003768880327991,.0211410819700228,-.0452046395834448,.0376668789274628,.3314973596921671,.165964861156652,.0062122091259386,.6567825102583955
27.2,27,.0750181649324421,.0471628496902548,-.0174193218687333,.1674556517336174,.0105071828889254,.0572616303191544,-.1017235502326641,.1227379160105148,-.0075435512654369,.0422719349921078,-.0903950214067867,.0753079188759129,.6627897608942177,.3318855129622801,.0123061084975477,1.313273413290888
27.3,27,.1123279580416022,.0707197912005983,-.0262802857057631,.2509362017889674,.0157146212373627,.0858641328555164,-.1525759867232118,.1840052291979371,-.011329731556023,.0633819417880935,-.1355560547309005,.1128965916188545,.9936659216345102,.4977146005336857,.0181632300087464,1.969168613260274
27.4,27,.1494001801362487,.0942484409888649,-.035323369800975,.3341237300734725,.0208668968470968,.1144339160935596,-.2034194573061585,.245153251000352,-.0151333555395074,.0844617248087668,-.1806752942368235,.1504085831578087,1.323933530429722,.6634143063026371,.0236653832479299,2.624201677611515
27.5,27,.1861546856463391,.1177389330709022,-.0446093827508011,.4169187540434792,.0259454882248292,.1429594356887831,-.2542498569753557,.3061408334250142,-.0189601419563173,.1055007417195961,-.2257377960689879,.1878175121563533,1.653381305423537,.828937376281481,.028693902472708,3.278068708374366
27.6,27,.2225120450558633,.1411819928805908,-.0541995762556851,.4992236663674116,.0309319742267798,.1714297712637132,-.3050642033280374,.3669281517815971,-.0228158814417486,.1264889136577592,-.2707295966545532,.2250978337710559,1.981804287211193,.9942398028308367,.0331300816665492,3.930478492755837
27.7,27,.2583928301310304,.1645685237079292,-.0641555493254368,.5809412095874975,.0358079340065382,.1998341002544488,-.3558597053751478,.4274755733882243,-.02670636453762,.1474162376248503,-.3156368810187249,.2622241519434849,2.308997519696558,1.159277680458574,.0368550179166203,4.581140021476496
27.8,27,.2937168939332755,.187889193036973,-.0745391575034854,.6619729453700364,.0405548457534209,.2281611713081064,-.4066328326809411,.487742524187783,-.0306373100841277,.168272398479567,-.3604451506962515,.2991705305279961,2.634749717491989,1.324004058886593,.0397494466894175,5.22974998829456
27.9,27,.3284062427780209,.2111362700397911,-.0854132423300929,.7422257278861346,.0451544898862004,.2564015104412731,-.4573832361603654,.5476922159327662,-.0346146522348615,.1890483987694506,-.4051427051579509,.3359134006882278,2.958868575703586,1.488381630056062,.0416941855426862,5.876042965864487
28,27,.3623807265704705,.2343009629013977,-.0968407222593241,.8216021754002651,.049588343862206,.2845441629900979,-.5081079676094807,.6072846553338928,-.0386441100601158,.2097341541478251,-.449715498517825,.3724272783975934,3.281142800799389,1.652363749248896,.0425693629119799,6.519716238686797
28.1,27,.3955609187535813,.2573752587397056,-.1088853188879192,.9000071563950818,.0538379872238956,.3125789016789996,-.5588054023940301,.6664813768418214,-.0427314739794696,.2303201250149307,-.4941506239234963,.4086876759645572,3.601367441009933,1.815907127118839,.0422548725874123,7.160480009432455
28.2,27,.4278673904031366,.2803515121892676,-.1216114764991697,.9773462573054429,.0578849989647365,.340495700791867,-.609474311478049,.725244309407522,-.0468825345850754,.2507969293150945,-.5384354834758981,.4446704143057472,3.919337538457518,1.978968680621605,.0406301979064243,7.798044879008611
28.3,27,.4592200016820916,.3032220371331765,-.1350842704178011,1.053524273781985,.0617108589210165,.3682842133504741,-.660112935320578,.783534653162611,-.0511030101994088,.2711549581320625,-.5825569623677175,.4803509419688999,4.234841826079216,2.141502394062719,.0375742609099845,8.432109391248447
28.4,27,.489540743124713,.3259809445143353,-.1493701677697339,1.12845165401916,.0652973438515721,.3959359752124941,-.7107229077486599,.841317595451804,-.0553988361265501,.2913860038185109,-.6265049092098821,.5157072369567818,4.547687958259536,2.30347199050146,.0329658174798872,9.062410099039186
28.5,27,.5187494780501869,.3486214911846504,-.1645360889083756,1.202035045008749,.0686259343246781,.4234411572051167,-.7613034833693136,.8985553520186699,-.0597757304588767,.3114808649462049,-.6702670076268228,.5507155467090693,4.857664676079869,2.464831984296198,.0266827589169258,9.688646593242812
28.6,27,.546766773589008,.3711379189753608,-.1806501808998436,1.27418372807786,.0716782084188181,.4507907692388485,-.8118554638524311,.9552118806900673,-.0642394840761639,.3314309745489597,-.7138322575531362,.5853532894008082,5.164567011482117,2.625540347617596,.0186024901948558,10.31053153276938
28.7,27,.5735132000279018,.3935250519332135,-.1977817287754509,1.344808128831255,.0744357449444626,.4779761412312583,-.8623802773382337,1.011251767227159,-.0687958876280888,.3512280194152406,-.757190156043295,.6195983807871175,5.468190004552498,2.785555378109088,.0086017865168353,10.92777822258816
28.8,27,.5989086364672109,.4157778959236405,-.2160010651109672,1.413818338045389,.0768800281298224,.5049884058790353,-.9128790600033814,1.066639116263026,-.0734506580565379,.3708635611557085,-.8003298810999943,.6534285649869184,5.768322437093994,2.944832570420378,-.003443341430458,11.54008821561845
28.9,27,.6228750418788898,.4378934737264993,-.2353803956901852,1.481130479447965,.0789928274138623,.5318206964523918,-.963356583865834,1.121342238693559,-.0782097329665732,.3903306589279948,-.8432437665272305,.6868243005940842,6.064771882047932,3.10333725106036,-.0176573619119074,12.14720112600777
29,27,.6453322953632806,.4598681931380267,-.2559928008227612,1.546657391549322,.0807556270247931,.5584649171536556,-1.013815497225517,1.175326751275103,-.0830788293000813,.4096214915750726,-.8859222000808006,.7197645414806381,6.357327121217295,3.26102568882454,-.0341657815387242,12.74882002397331
29.1,27,.6662009987694207,.4816996883794852,-.2779130418185373,1.610315039357379,.0821500130929571,.5849139469952968,-1.064260257072994,1.228560283258909,-.0880637354057579,.4287289862371825,-.9283571075590038,.7522296367474881,6.645783276131483,3.417857748443096,-.0530948150981434,13.34466136736111
29.2,27,.685401621384639,.5033864091141766,-.3012176107860922,1.67202085355537,.0831575410052352,.6111611056827321,-1.114696214884597,1.281011296895068,-.0931702492964205,.4476464241322121,-.9705411184036976,.7842006198108566,6.92993512625853,3.57379367743403,-.0745717696891219,13.93444202220618
29.3,27,.7028541496211367,.5249272627562582,-.3259843798843229,1.731692679126596,.0837597198774024,.6371996860820369,-1.165128715803618,1.332648155558423,-.0984040800906191,.4663671085300259,-1.012466816383552,.8156586562023141,7.209571730308243,3.728791169580578,-.0987246679406732,14.51786812855716
29.4,27,.7184804667013209,.5463234144547739,-.352293749540985,1.789254682943627,.0839383015807309,.663025105243559,-1.215567025542523,1.383443628703985,-.1037711709157707,.4848859448153465,-1.054130159363526,.8465878175319844,7.484500465758305,3.882817788922095,-.1256825590604436,15.09468349057705
29.5,27,.7322005337875441,.5675757003575693,-.380227397413389,1.844628464988477,.0836747893750985,.6886317261191307,-1.266018592430048,1.433368171180245,-.1092772327312106,.5031971110588546,-1.095525447531167,.8769709820687459,7.754510326163978,4.035832272435822,-.1555755754546739,15.66459622778263
29.6,27,.7439348769792955,.5886864426198978,-.409869348742709,1.8977391027013,.082950751823155,.7140150257094202,-1.316492982987749,1.482394486634059,-.1149280594079898,.5212956543820926,-1.136648767294131,.906792648478151,8.019396237591023,4.187797015220039,-.1885350868045883,16.22732756198663
29.7,27,.7536040097511401,.6096590738746861,-.4413058178912885,1.948513837393569,.0817477545596019,.7391711030290012,-1.367000985789986,1.53049649490919,-.1207294457375516,.5391771370281488,-1.177497215600141,.9360383241250374,8.27895309352793,4.338675014467119,-.2246936754514195,16.78259986250728
29.8,27,.7611278806405056,.6304977652052819,-.4746250314948378,1.996880792775849,.080047297916368,.764096191661887,-1.417553718465145,1.577648314297881,-.126687103599624,.5568372869940676,-1.21806813135699,.9646939241577421,8.532969854952682,4.488426827362083,-.2641850739203768,17.33012478382574
29.9,27,.7664284107445729,.6512092434275661,-.5099182527730333,2.042775074262179,.0778311425485717,.7887888350719157,-1.468166565599687,1.623828850696831,-.1328069733604462,.5742736024544841,-1.258362551443308,.9927486047224152,8.781253997074788,4.637023084891905,-.307144244794161,17.86965223894374
30,27,.7694255486007695,.6718002043794495,-.5472786567895989,2.086129753991138,.075080788788142,.8132467029667546,-1.51885345957264,1.669015037148924,-.139094766899746,.5914830183208676,-1.298380180275691,1.020190646476199,9.023594480872234,4.784425735331008,-.3537076470831053,18.40089660882757
30.1,27,.77003983293351,.692279135648144,-.5868023401853707,2.126882006052391,.0717778081256776,.8374687737114296,-1.569630826525648,1.713186442777003,-.1455562771681818,.6084635179318028,-1.338122858221056,1.047010303884693,9.259786264988055,4.930600575065626,-.4040132842930504,18.92358581426916
30.2,27,.7681917014678108,.7126559357097018,-.6285882658918966,2.164971668827518,.0679037486281873,.8614548363163316,-1.62051670485967,1.756324202116044,-.1521973044795524,.625213775250726,-1.377593786609295,1.07319917765019,9.489624047447098,5.075514138743299,-.4582008675135967,19.43744896240779
30.3,27,.7638012542401957,.7329415677422971,-.6727378213070305,2.200340329787422,.0634401457629849,.8852050463583603,-1.67152986403251,1.79841015555848,-.159023549668875,.6417328486213588,-1.416796820663033,1.098749721325283,9.712897180154631,5.219130832300339,-.5164112817565876,19.94220564206585
30.4,27,.7567901850992019,.7531498241861341,-.7193563452682942,2.232936715466698,.0583687074821116,.9087220348846504,-1.722693752849753,1.839431167813977,-.1660409696694548,.6580217249804136,-1.455739851675986,1.123657912337076,9.929412551929243,5.361425128070209,-.5787876048964122,20.4376127087549
30.5,27,.7470786950807498,.7732948130759734,-.7685512879797909,2.262708678141291,.0526709926764712,.9320078358276048,-1.774030798854753,1.879372784207696,-.1732552579531686,.6740810933734008,-1.494429923624415,1.147919407718078,10.13895977529438,5.502363277534998,-.6454740785299844,20.92339362911874
30.6,27,.7345871966600072,.7933927098892209,-.8204339403195012,2.289608333639515,.0463285435571748,.9550659756141821,-1.825566371506231,1.918223458620581,-.1806722166746003,.6899128715332921,-1.532876597350461,1.171532164001261,10.34133348312035,5.641915393720862,-.7166174923946595,21.39928445863535
30.7,27,.7192360518124437,.8134614035809101,-.8751190020195416,2.313591105644429,.0393228906235389,.9779010316334025,-1.877327911822494,1.955973693069571,-.1882976516699039,.7055199044606818,-1.57109125478898,1.194495951449172,10.53632817796835,5.780052577532955,-.7923667027441432,21.86502305868085
30.8,27,.7009455120736776,.8335201462681736,-.9327239550005002,2.334614979147855,.0316356044782622,1.000518210206872,-1.929344053403682,1.992615262360207,-.1961372527293862,.7209056828750452,-1.609086427414728,1.216811921955956,10.72373360267095,5.916744149930369,-.8728718369306314,22.32033904227253
30.9,27,.6796372207925482,.8535912749911161,-.9933709357076642,2.35264537729276,.0232483813615909,1.022925413291848,-1.98164858756118,2.028145350284362,-.2041969804679224,.7360758505731627,-1.646879137481007,1.238485176545163,10.90335651573762,6.051969628791205,-.9582859922233808,22.76499902369862
31,27,.6552313285052771,.8736977070383383,-1.057184710665093,2.367647367675647,.0141427684526337,1.04513019976826,-2.034274782248308,2.062560319153575,-.2124825320389596,.7510360130577802,-1.684486068724762,1.259521004646843,11.07498639938273,6.185700564635295,-1.048763926451524,23.19873672521698
31.1,27,.6276482476870323,.8938646740096605,-1.124294320424538,2.379590815798603,.0043003079625019,1.067141884579517,-2.08725935220755,2.095859968132554,-.2209997095970817,.765793277084559,-1.721926952285719,1.279927533091556,11.23841788647657,6.317912658201902,-1.144463381068869,23.62129915402201
31.2,27,.5968087443108711,.9141193521001195,-1.194832263376451,2.388449751998194,-.0062973759151282,1.088971130966318,-2.140641572812962,2.128046820982705,-.2297542895258813,.780355986602584,-1.759223918387167,1.299715339335404,11.39344652205311,6.448583075482539,-1.245544057207196,24.03243710131342
31.3,27,.5626319084193467,.9344904177844903,-1.268935654336042,2.394199471174736,-.0176689819488425,1.110629352108633,-2.194462512254818,2.159124548357133,-.238752046291779,.7947332724403059,-1.796400637590437,1.318896545006879,11.53985905183576,6.577686690044262,-1.35216996223947,24.43188806591098
31.4,27,.5250407973528564,.9550098578082451,-1.346744128832022,2.396825723537734,-.0298324859681354,1.132131145682874,-2.248768757282637,2.189103785346366,-.2479988374256855,.808936925771787,-1.833486077702939,1.337488402851568,11.67746588298859,6.705210163692579,-1.464504546620779,24.81943631259796
31.5,27,.483954804152144,.9757103099677863,-1.428402262729129,2.396311871033417,-.0428065164708229,1.153490847659724,-2.303607034380458,2.217994001438813,-.2575004153046003,.8229788082727114,-1.870509239558809,1.355508408949608,11.80605454308959,6.83113140794694,-1.582716990146801,25.19482607632598
31.6,27,.4392945432911715,.9966268362615227,-1.51405816180751,2.392647248389853,-.0566094843986135,1.174724901081195,-2.359027982260133,2.245809013462905,-.2672625673568265,.8368726621678133,-1.907502844851896,1.372977710138243,11.92542018624542,6.955433288757502,-1.706978556590261,25.5578189290811
31.7,27,.3909804272451067,1.017796464524859,-1.603863986815815,2.385824841306028,-.0712598475403962,1.195851312446058,-2.415085350799624,2.272565655718832,-.2772910957369481,.8506337165346664,-1.944502544180347,1.389920352706451,12.03535744532639,7.078100190863832,-1.837464007732798,25.90817889838558
31.8,27,.3389321520528852,1.039257756947278,-1.697975622217661,2.375839926323431,-.0867761641232168,1.216889194015065,-2.471835157568719,2.298282829322285,-.2875917307325436,.864278377881785,-1.981546223997541,1.406362762532454,12.13565462976502,7.19911504945372,-1.974351587724554,26.24566084725461
31.9,27,.2830722700579187,1.061052426982202,-1.796552272536012,2.362696812651849,-.1031765270945197,1.237860961552213,-2.529339429604977,2.322986375415938,-.2981703666902253,.877825880206877,-2.018677476592876,1.422336743212425,12.22612084363448,7.318472353593488,-2.117821391260835,26.5700630785298
32,27,.2233204772991426,1.0832227967345,-1.899757191533228,2.346398146131513,-.1204794946813508,1.258789119551269,-2.587660833132721,2.346701843770019,-.3090327338975717,.8912959170022163,-2.055940630789517,1.437875162994373,12.30654439636729,7.43615866013803,-2.268058760828874,26.88114755356344
32.1,27,.1595963688160948,1.105813004558937,-2.007757293755448,2.326950031387638,-.1387036485343462,1.279697939046275,-2.646865520155177,2.369458223086485,-.3201845700053018,.9047099090568521,-2.093383408213239,1.453014268202636,12.37671333677778,7.552162426997975,-2.425253025534856,27.17867969909041
32.2,27,.0918230113896266,1.128870514540262,-2.120722540318485,2.304368563097738,-.1578670280099726,1.300615602784611,-2.707026767198661,2.391292711178716,-.3316318559533137,.9180926080179481,-2.131060302140941,1.467796590234313,12.43644257114052,7.666486984853903,-2.589595807118194,27.46248094939924
32.3,27,.0199173457535928,1.152441636289679,-2.238826755658585,2.27866144716577,-.1779886331912879,1.321568436880206,-2.768215172581387,2.412237906198811,-.3433801506070119,.9314678590300545,-2.169023607062551,1.482263305848527,12.4854998748656,7.779115293178453,-2.761285931348905,27.73228568108011
32.4,27,-.056196137879144,1.176577356861187,-2.362245382352401,2.249853106594113,-.199086239031472,1.342588855116644,-2.830512041104958,2.432339563042015,-.3554354552313179,.9448644854276087,-2.207335816940401,1.496464906477766,12.52370830199266,7.890058473619368,-2.940522142216373,27.98793874620169
32.5,27,-.1366002967759341,1.2013269632729,-2.49115787844769,2.217957284895821,-.2211787987664026,1.363706955609017,-2.893995317226837,2.451637719694032,-.3678033139653553,.9583100961040619,-2.246056588350434,1.510449960419724,12.55083614916813,7.999304134952903,-3.127511856721892,28.22918415505815
32.6,27,-.2213730835903513,1.226743378192263,-2.625745923120185,2.182999755939482,-.2442845224614738,1.384957838537011,-2.958752006100454,2.470182961177506,-.3804896579714381,.9718364845509222,-2.285254166553262,1.524274850610386,12.56669121737426,8.106861386147717,-3.322465127133725,28.45584756188224
32.7,27,-.3105922489771742,1.252880627582708,-2.766193155967223,2.145008658012874,-.2684215733348998,1.40637848520441,-3.02487275296754,2.48802960629774,-.3935004036855996,.9854773438092593,-2.325000505131944,1.537999697760745,12.57108182882964,8.212741929093074,-3.525596566514785,28.66776022417407
32.8,27,-.4043410542013408,1.279791541069712,-2.912686382416989,2.104004274014307,-.2936089983169184,1.428004718930241,-3.092446817173432,2.505228820539596,-.4068411246995248,.9992660430394723,-2.365366580030742,1.551684330631692,12.56377523770799,8.316940824247725,-3.73712923936842,28.86467971478439
32.9,27,-.5026946050524015,1.307532670198648,-3.065411547251239,2.060022337146436,-.3198644786663493,1.449878337460466,-3.161573802053673,2.521844844720975,-.420517792825574,1.013240864026773,-2.406433393982294,1.565397808331146,12.54459554052169,8.419481945956917,-3.957285842039079,29.04647692308245
33,27,-.6057361627952949,1.336158423760477,-3.224558551005636,2.013086225415047,-.3472070613134305,1.472038943344964,-3.232350374109957,2.537936251483096,-.4345359816554321,1.027438991252591,-2.448279400822673,1.579207437511809,12.51330999144443,8.520366015388145,-4.186300533815377,29.21292051670424
33.1,27,-.7135432760860052,1.365725857230621,-3.390316769013113,1.963230216841102,-.3756548626291962,1.494530988208382,-3.304881773296681,2.553572048038288,-.4489015928988516,1.041901662096431,-2.490991326040278,1.593188140242574,12.4697274339312,8.619616078556939,-4.424409640602764,29.36386450846517
33.2,27,-.8261940995768997,1.396292367606063,-3.562876851972945,1.910488652819146,-.4052261395262201,1.51740065927634,-3.37927678182518,2.56882450277274,-.4636205724444273,1.056671854762044,-2.534659351255173,1.607418206366318,12.41365514772787,8.717258002906707,-4.671856581912831,29.49916687736857
33.3,27,-.9437718945329174,1.427913505570845,-3.742430938490107,1.854887149424272,-.4359399389347403,1.540692979209934,-3.455642689419929,2.583762811550448,-.4786984938838443,1.071792181306194,-2.579372568155609,1.62197558038792,12.34486038700813,8.813301968830604,-4.928894056775802,29.61861483079205
33.4,27,-1.06635136274602,1.460647361279143,-3.929167584966605,1.796464859474565,-.4678138484192167,1.564458503772037,-3.534096171119828,2.598468474281395,-.4941412995769013,1.087309704206078,-2.625229159861714,1.636946560707911,12.26316829075711,8.90778754941479,-5.195774488030185,29.7221110695444
33.5,27,-1.194015765481146,1.494549376522874,-4.123278716582771,1.73524718562048,-.500866914909887,1.588745535135885,-3.614750944375037,2.613017114555262,-.5099545631152832,1.103270246096539,-2.672324510679142,1.652415384448576,12.16834611314851,9.000731890769956,-5.472764227261701,29.80945645355872
33.6,27,-1.326842853393073,1.529676601680543,-4.324953900680559,1.671268193894413,-.5351173016249656,1.613606719775854,-3.697728357597454,2.627493754347523,-.5261442009350236,1.119723107152133,-2.720761163610487,1.66847276174044,12.06020217640094,9.092174886359709,-5.760133142003646,29.88053749480552
33.7,27,-1.464911589129346,1.566085693509825,-4.534383145112036,1.604559966853344,-.5705834528657459,1.639096055097467,-3.78315268805846,2.641985782326968,-.5427162178298395,1.136718833825958,-2.770644192677086,1.685211757017407,11.93854167531479,9.182159713493254,-6.058160663426611,29.93524401405618
33.8,27,-1.60830361796455,1.60383061247419,-4.751753855716778,1.535146619787677,-.6072840407850263,1.665266067073391,-3.871145556925534,2.656577475355482,-.5596760695811708,1.154307183714458,-2.822076576757368,1.702724437595026,11.80313603395471,9.270715756868189,-6.367132960414924,29.97340502832434
33.9,27,-1.757094853683413,1.642967073013572,-4.977251144575202,1.463061437208377,-.6452369340303464,1.692174039049498,-3.961837106141038,2.671363238080345,-.5770297869065002,1.172541441379438,-2.875168782390881,1.721109208577881,11.65380726388761,9.357901071420484,-6.687341806985314,29.99495633476054
34,27,-1.911367749555695,1.683547543323803,-5.211060300731233,1.388324801619843,-.6844609921432245,1.719874687458618,-4.055353437484197,2.686431453197748,-.5947828844923901,1.191473173899556,-2.930027393881148,1.740461624896368,11.49032470423268,9.443753173468377,-7.019091394651175,29.99974080311653
34.1,27,-2.071200864231352,1.725625406941501,-5.453364512643967,1.310962784181264,-.7249745657305944,1.748426277631589,-4.151827099511937,2.701877968050748,-.6129413376799964,1.211156451690605,-2.986764362636906,1.760881687276914,11.31249459226304,9.528332238712178,-7.362693428344731,29.98768261287081
34.2,27,-2.236671948365163,1.769252811477416,-5.704343738407132,1.230999841676805,-.76679581801067,1.777887707164334,-4.251391692609257,2.717800056587917,-.6315110629053526,1.23164570130202,-3.045492279170888,1.782470153360183,11.1201252501973,9.611703297663386,-7.718467043307806,29.9587175437024
34.3,27,-2.407864667219654,1.81447929637021,-5.964178738798843,1.148449404359535,-.8099438896080488,1.808315941991704,-4.354178008581409,2.734290229365312,-.6504976632127049,1.252993858759858,-3.106320499231893,1.805325172806484,10.91298288973641,9.693917359645285,-8.086746004275959,29.91271178374878
34.4,27,-2.5848533185892,1.86135488162905,-6.233041849029952,1.063335211851553,-.8544362743928313,1.839771544296081,-4.460322240994786,2.751449692209124,-.6699070515092908,1.275256078995627,-3.169363037406485,1.829548934387903,10.69089369233825,9.775055934393288,-8.467863885937119,29.84965127061361
34.5,27,-2.76772075974115,1.909926547827482,-6.511108006599931,.9756664871176315,-.9002919256008954,1.87231208156488,-4.56995617328728,2.76937232208549,-.6897447719342338,1.298485131269253,-3.234728863682733,1.855239319814266,10.45362595464926,9.855180415906444,-8.862172721671842,29.76942463097036
34.6,27,-2.95654554932546,1.960241599760695,-6.798548485853599,.8854573872026799,-.947529193839175,1.905997641065039,-4.683215924944951,2.788157537266602,-.7100167998286901,1.322735082628596,-3.30252992286835,1.88249632321097,10.20098591394255,9.934375575871465,-9.270032423659876,29.67200425154498
34.7,27,-3.151405437996909,2.012345827202336,-7.095530783752951,.7927199077591323,-.9961662423258839,1.940888077481034,-4.800236972211897,2.807904487560128,-.7307290516286931,1.348059313530859,-3.372876755172965,1.911418651915579,9.932781892436751,10.01273180172491,-9.691811825802919,29.55737561067642
34.8,27,-3.352384091018023,2.066282493151868,-7.402223359481313,.6974551774452675,-1.04622221168562,1.977040747884826,-4.921150873508011,2.828706450136771,-.751887130378489,1.374508968283539,-3.445875204641533,1.942100943884555,9.648780101832809,10.09032663963848,-10.12789670410368,29.4254569077693
34.9,27,-3.559555402185588,2.122094755904691,-7.7187846955401,.5996738911689232,-1.097714502094124,2.014515331856379,-5.046091998836381,2.850662994648133,-.7734969195327539,1.402136031943747,-3.521633043568401,1.974639204502893,9.348807766061338,10.16726849584557,-10.57867230694469,29.27628783906737
35,27,-3.773003440759719,2.179823345716461,-8.045378691023584,.4993718095041473,-1.150662347870352,2.053368210380563,-5.17519008721572,2.873865391475016,-.7955640515882956,1.430989643801638,-3.600252215689305,2.009124112512714,9.032630054350548,10.2436464888695,-11.04454813419385,29.10980824289495
35.1,27,-3.992806361392782,2.239508808794844,-8.382162969690874,.3965502469053104,-1.205084005926879,2.093657131166946,-5.308576578989545,2.898408567135785,-.8180944724337087,1.461119050271465,-3.681835188091148,2.045646243223731,8.700054246446317,10.31957405952499,-11.52593924601646,28.92604773890909
35.2,27,-4.219040298749205,2.301189968913391,-8.729289759404297,.2912091619058881,-1.26099726470448,2.135438692251022,-5.446380192709795,2.924385663300835,-.841093980694781,1.492571877159148,-3.766481104264053,2.084293142874491,8.350892834458207,10.39517127519133,-12.02326847804209,28.72505414695851
35.3,27,-4.451790534081864,2.364904101452358,-9.086917399819542,.1833363316558145,-1.318421639605192,2.178766851647417,-5.588726199543853,2.951882920333468,-.8645682972260045,1.525393303332666,-3.85428423401661,2.125147639564601,7.98490786019622,10.47054558236254,-12.53698437971932,28.50680010011176
35.4,27,-4.691128537202021,2.430687341648375,-9.455188184510241,.0729311101061985,-1.377373968638596,2.223696375455485,-5.735738777083602,2.980990839806411,-.8885231287666872,1.559627970164934,-3.945337779571268,2.168291522037894,7.601932802427402,10.54583635790797,-13.06752664592527,28.27139225078007
35.5,27,-4.937144437333608,2.498575690610911,-9.834262803578286,-.0400260710889295,-1.437874891539047,2.270279448147981,-5.887540844750558,3.011791061672464,-.9129645496020565,1.595318300168582,-4.039730961810136,2.213801862606023,7.201717193288875,10.62116279111835,-13.61537935124,28.01881373781775
35.6,27,-5.189911137160347,2.568602629973864,-10.22427978250398,-.1555424918167114,-1.499941447192441,2.318567591052396,-6.044250421376928,3.044367526992046,-.9378981227374104,1.632505110282629,-4.137549343468952,2.261753097994132,6.784081864672128,10.69667148682474,-14.18100900396088,27.74917273330513
35.7,27,-5.449503963351493,2.640800989463362,-10.62537879303742,-.2736291336655645,-1.563591236650833,2.368611041815396,-6.205983571992904,3.078801098691239,-.9633295878934134,1.671227558036931,-4.238875411616621,2.312216235829794,6.348841393632203,10.77251475422518,-14.76489954757549,27.46258233483989
35.8,27,-5.7160122371358,2.715203663921221,-11.03771362911259,-.3943108451590103,-1.628844712259858,2.420457952927529,-6.372855126091359,3.115165701571643,-.9892649604501711,1.711522969882605,-4.343788340133108,2.365258419232767,5.8957473972517,10.84883231652108,-15.36757321744387,27.15906801194727
35.9,27,-5.989505812334175,2.79184104246404,-11.46141370612445,-.517597918543899,-1.695718337251659,2.47415570710807,-6.544974415327705,3.153537740824388,-1.015709829336746,1.753426920443062,-4.452363442928124,2.420943784254633,5.424637524188629,10.92579641747534,-15.98952995647979,26.83880500485705
36,27,-6.270072394185026,2.870743980056008,-11.89662720392997,-.6435175844400813,-1.764232189194432,2.529749375144912,-6.722449854391164,3.193985476002299,-1.042670092122998,1.79697321256591,-4.56467286993542,2.479332685689424,4.935267561416556,11.00356085443934,-16.63131541497934,26.50185053781245
36.1,27,-6.55778811735278,2.951941903205324,-12.34348793208984,-.7720883026157237,-1.834404056528951,2.587283276204578,-6.90538609569272,3.236577982634818,-1.070151547434715,1.842194166464596,-4.680785766235108,2.540482671365677,4.427450001045038,11.08230449779852,-17.29346768034631,26.14836768243639
36.2,27,-6.852726692516333,3.035462853858788,-12.80212456248872,-.9033288225439406,-1.906251165529832,2.646799734523233,-7.093883319485544,3.28138098842588,-1.098159817182317,1.889120078080562,-4.800767132691712,2.604447498327078,3.901003590020082,11.16221301583533,-17.97653190878137,25.77853908882154
36.3,27,-7.154978248899623,3.121336132092638,-13.27268465144475,-1.037271846354498,-1.97979415593143,2.708339742507435,-7.288042509144486,3.328454197281625,-1.126700975651032,1.937780320075444,-4.9246806129494,2.671278661647337,3.355677860478821,11.2434600834301,-18.68109896465787,25.39245468561552
36.4,27,-7.464611832328378,3.209587950856553,-13.75528862122093,-1.173935043435823,-2.055049303577167,2.771942575361194,-7.487956918498311,3.377858311343976,-1.155780552864799,1.988201953901513,-5.052584776503927,2.74102367077433,2.791312546024731,11.32625022107886,-19.40772996717865,24.99035505922811
36.5,27,-7.78171595603618,3.300246096385497,-14.25007944507066,-1.313352467001704,-2.13203687342396,2.837646125838571,-7.693721080937173,3.429647334089252,-1.185404505298601,2.040411337560086,-5.184537240563568,2.813728229966365,2.207661348685892,11.41077044791386,-20.15703776507925,24.57236046245103
36.6,27,-8.106365946692282,3.393336503457853,-14.75718328089475,-1.455548612489816,-2.210774466523863,2.905486934547751,-7.905424215789138,3.483875282741412,-1.215578572673104,2.094433092284251,-5.320592001579091,2.889434856232882,1.604538845517364,11.49723136903187,-20.92962055970924,24.13869825074397
36.7,27,-8.438636322970758,3.488884343391253,-15.27672398224329,-1.60054866369823,-2.291279496540211,2.97549989136958,-8.123152119627431,3.540593126547009,-1.24630843580385,2.150290371570961,-5.460800120386184,2.968183248778484,.9817616985196551,11.58584918120959,-21.726085426964,23.68960882400331
36.8,27,-8.778617214095542,3.586916449945553,-15.80884427154309,-1.748390156647991,-2.37357260320736,3.047719146420807,-8.346992365185296,3.599847158770576,-1.277600168976067,2.208006151597334,-5.605212703749727,3.050012365797594,.3390794398298951,11.67682886700433,-22.54708459313623,23.22524347279602
36.9,27,-9.126376049902014,3.687455954409424,-16.35365691512225,-1.899095184681772,-2.457669687591292,3.122176387622647,-8.577022960713048,3.661683585530462,-1.309459184403449,2.267600703843409,-5.753874895254206,3.134956526447308,-.3236640270574611,11.77040317776888,-23.39323033900026,22.74590228488534
37,27,-9.482003767609278,3.790529199782799,-16.91130448153099,-2.052703053687561,-2.543591576815083,3.198903492203134,-8.813327211552631,3.726144057922464,-1.341891615276347,2.329095143320005,-5.906834212750711,3.223050982198016,-1.006721254950783,11.86678769868289,-24.26519775655219,22.25175524665062
37.1,27,-9.845495702364174,3.896139764557819,-17.48178931963187,-2.209202085096484,-2.631337320447539,3.277916275178389,-9.055935164134866,3.793260523239788,-1.374897369708282,2.392496515240473,-6.064104372717192,3.314309633300629,-1.710071257192588,11.96622407726622,-25.16343947957041,21.74329696518523
37.2,27,-10.21652641522867,4.004208422630666,-18.06463071017671,-2.368422120280626,-2.720831574735752,3.35917052402761,-9.304684819758407,3.863021670286902,-1.408452970479068,2.45776093189544,-6.225575879603729,3.408669938645593,-2.432865323770173,12.06896934192758,-26.0876105644663,21.22187991692595
37.3,27,-10.59471255025359,4.114636177843296,-18.65925126831199,-2.530173832195187,-2.811985169624345,3.442603536060722,-9.559364113353595,3.935393774104906,-1.442529973472045,2.524829681786864,-6.391105216872024,3.506045269927933,-3.17413214449563,12.17524887749246,-27.03718144719258,20.68891715820132
37.4,27,-10.97964401212532,4.227315841545646,-19.26503081283041,-2.694257211420222,-2.904703259445967,3.528143568352253,-9.819737585703013,4.010331066811078,-1.477098977973404,2.593636328171682,-6.560532770184608,3.6063348142378,-3.93279561309636,12.28528352101076,-28.01150885414087,20.14591762794815
37.5,27,-11.37093582890432,4.342141546292858,-19.88137687541338,-2.860494782395261,-2.998896299367802,3.615715360255378,-10.08556818381661,4.087775585081005,-1.512131422056236,2.664112656603668,-6.733696279756749,3.709433435644277,-4.707880249493492,12.39924888551906,-29.00996150045924,19.59420100147226
37.6,27,-11.76818580211086,4.459001839730299,-20.50766881498009,-3.028702789241633,-3.094471143708571,3.705236849828588,-10.35660192356325,4.167659636146103,-1.547598232513705,2.736184870839889,-6.910422034403266,3.815225569375856,-5.498339273853802,12.51730862560818,-30.0318133634184,19.0351348157108
37.7,27,-12.17098850128449,4.577782005643358,-21.14327636142101,-3.198700641147976,-3.19133389723212,3.79662052205013,-10.63257338341603,4.24990558895179,-1.58347010051848,2.809775211787222,-7.090528320274837,3.923588119237876,-6.303117566562172,12.63959883374639,-31.07627605973957,18.47004092661523
37.8,27,-12.57896057047603,4.698369625249551,-21.7875958220221,-3.370325318929964,-3.28939538988307,3.889777418318159,-10.91321903766385,4.334428257897713,-1.619718581953901,2.884805780916984,-7.273834014944133,4.034396851036331,-7.121243817430695,12.76621535254,-32.1425661272914,17.90007849243001
37.9,27,-12.99169191437187,4.820645430436885,-22.43998334026575,-3.543400488477991,-3.388560775994071,3.984611744439745,-11.19825628747129,4.421134735483145,-1.656314276106158,2.961192961619453,-7.460145832153782,4.147517279941467,-7.951641920186745,12.89724376204387,-33.22977519362659,17.32649135325311
38,27,-13.40879756103248,4.944493386494826,-23.09982652035882,-3.717768601706133,-3.488740510732306,4.081027466539848,-11.48740736506915,4.509926343604535,-1.693228621048343,3.038854123526117,-7.649273257430564,4.262816015333878,-8.793336394751478,13.03272589869464,-34.33700977657537,16.75033698707241
38.1,27,-13.82987531197811,5.069793050252141,-23.76648709954376,-3.893263524412447,-3.589841448416498,4.178923852884758,-11.78038169420598,4.600698797372984,-1.730432543573619,3.117702836911797,-7.841017818419093,4.380152731271854,-9.645280461291662,13.17268900554844,-35.46327649171334,16.17271556913001
38.2,27,-14.25451973674831,5.196421981910835,-24.43931966976579,-4.069719803730827,-3.69176969381049,4.27819703501702,-12.07688180120989,4.693342413588913,-1.767896734854657,3.197650598230085,-8.035176742528581,4.499383272819266,-10.50641900019217,13.31713307414388,-36.60752020284134,15.59468220245701
38.3,27,-14.68234909538427,5.324261866343219,-25.11771059767699,-4.24698759309155,-3.794436451636345,4.378744614475019,-12.3766181935061,4.787745290233413,-1.80559286858504,3.278611076440379,-8.23155249772228,4.620366760552199,-11.37578487115606,13.46602212709606,-37.76870325528377,15.01713351297166
38.4,27,-15.11295329257236,5.453187819499673,-25.80100501972422,-4.424901565420493,-3.897746876226712,4.480458462054935,-12.6792840960821,4.883790343628679,-1.84349154405096,3.360493063042216,-8.429936917910391,4.742953829808473,-12.25230196791071,13.61930908874727,-38.94565727617439,14.44105334035296
38.5,27,-15.54594574038271,5.583078929222367,-26.48857936450299,-4.603312116262419,-4.001611047971334,4.583232132239251,-12.98458095994698,4.981358864004315,-1.881564081515262,3.443207756494069,-8.630127275532598,4.866999112502072,-13.13499064048631,13.77690935843251,-40.13723680128683,13.86725552031422
38.6,27,-15.98092424033557,5.713810909386001,-27.17978783720418,-4.782060643466956,-4.105935821188935,4.686956069404556,-13.29220091434328,5.080329271965407,-1.91978140777111,3.526663753434194,-8.831915350084975,4.992352534542754,-14.02280410904964,13.93872578843258,-41.34220464475717,13.29659642665789
38.7,27,-16.41748336197049,5.845258168939544,-27.87397885343054,-4.960987870510442,-4.210627300643358,4.791519000120464,-13.60183197211884,5.18057737083212,-1.958114213991175,3.61076859527684,-9.035090617242062,5.118862189259712,-14.91468725398556,14.10463856615587,-42.55927085860573,12.7298963506346
38.8,27,-16.85524298131901,5.977300502581384,-28.57053669115168,-5.139949271486334,-4.315597065834105,4.896813107251978,-13.91317439507165,5.281980263403442,-1.996534291679284,3.695433445897765,-9.239450752903648,5.24638216954508,-15.8096771048881,14.27450017215755,-43.7871833396277,12.1678291298515
38.9,27,-17.29378815509645,6.109809631082975,-29.26879498441503,-5.318781325777863,-4.420749146761506,5.002724122775978,-14.22590825199216,5.384409958469145,-2.035011886690894,3.78056385885296,-9.444780891296462,5.374757117914674,-16.70668504581175,14.44815348093526,-45.02454551155187,11.61117541992838
39,27,-17.73273714334398,6.242664606758675,-29.96813494015387,-5.497339346534076,-4.525994748147625,5.109142948418116,-14.53973091891391,5.487741422618663,-2.073518672719587,3.866070496069921,-9.650877606709532,5.503840261270357,-17.60474393645958,14.62541464974858,-46.27002990893128,11.06054203601212
39.1,27,-18.17175400318629,6.375758491820321,-30.66801102127953,-5.675496985093048,-4.631256090186196,5.215971598994497,-14.85437256859921,5.591860388226814,-2.112030406778585,3.951873133679447,-9.857559420261742,5.63349860670457,-18.50297796252764,14.80610476800131,-47.52241005913697,10.51645413408168
39.2,27,-18.61076135020437,6.509056721006578,-31.36827809670564,-5.853244603703105,-4.736515357461255,5.323169712784706,-15.1697362781137,5.69670556319119,-2.150541695520368,4.037939725493796,-10.06475812923176,5.763674738191023,-19.40117849226537,14.99008911621098,-48.78121328508475,9.978856300553996
39.3,27,-19.04977659405633,6.64255089187595,-32.06893710760761,-6.030616080505059,-4.841776324722387,5.430718421905303,-15.48578884183498,5.802236192390204,-2.189053311769121,4.12425649223624,-10.27244749955765,5.894340876019406,-20.29940834844249,15.17724474243168,-50.04626142815846,9.447444731273482
39.4,27,-19.48878555706477,6.776226380361468,-32.76994521366346,-6.207625900466086,-4.947035966774886,5.53859495587984,-15.80248260525458,5.908410671704806,-2.227564718321148,4.210805859183624,-10.48059254821129,6.025463111568992,-21.19761304807117,15.36745932725267,-51.31727986337053,8.922053767228189
39.5,27,-19.92780241690708,6.910075754859178,-33.4713020268745,-6.384302806939672,-5.052297308813458,5.646782930016302,-16.11978848016097,6.015193862534053,-2.266076452380147,4.297576007188448,-10.68917064729295,6.157017742532658,-22.09584707413924,15.56061748519669,-52.59409692232897,8.402402774050479
39.6,27,-20.3668192767494,7.044087399571895,-34.17297688386271,-6.560661669636081,-5.157558650852029,5.755263456104429,-16.43766774635623,6.122550444652167,-2.304588186439145,4.384552613845442,-10.89815339789716,6.288977025018876,-22.99408110020732,15.7566124395284,-53.87647400003879,7.888311799624141
39.7,27,-20.80582662376748,7.178249930753129,-34.87493796007075,-6.736715287464218,-5.262817918127089,5.864018467187122,-16.75608291849162,6.23044708223744,-2.343099475180927,4.471721993767658,-11.10751353184118,6.421314581479325,-23.89228162994503,15.9553401787935,-55.16417374146515,7.379610481575082
39.8,27,-21.24484186761944,7.312559042369638,-35.57719422548664,-6.912489509752248,-5.368078885388221,5.973036147225766,-17.0750146123066,6.338856841530162,-2.38161109142968,4.559075955072581,-11.31723576615449,6.554013583295126,-24.79051148612216,16.15669822288552,-56.45705811206007,6.876035139815745
39.9,27,-21.68385083062788,7.447003676295135,-36.27970982890372,-7.087991832352039,-5.47333852744072,6.082299884069047,-17.3944272433882,6.447750188506757,-2.420122497981708,4.646601796215254,-11.52729466906273,6.687049673099312,-25.68871618575083,16.36059168687665,-57.75488665779446,6.377454286292803
40,27,-22.12286769047019,7.581579791581617,-36.98249102788685,-7.263244353053539,-5.578599869479292,6.191799188381392,-17.71430327821115,6.55710353925257,-2.458634232040706,4.734292313418208,-11.7376766586252,6.820408194543792,-26.58695021181892,16.56692503195058,-59.05752660901713,5.883626185379299
40.1,27,-22.56188455031251,7.716278759352709,-37.68551301331522,-7.438256087309789,-5.683861211517862,6.301520381233736,-18.03461420658109,6.66689178354537,-2.497145966099704,4.822137254128165,-11.94836131269978,6.954069380500368,-27.48518423788699,16.77560903184814,-60.36477375903419,5.394405283260213
40.2,27,-23.00089351332094,7.851092383757021,-38.38875182478142,-7.613035201860464,-5.789120853570362,6.411450547702692,-18.35533301572724,6.777091308586514,-2.535657372651732,4.910126955218274,-12.15932936439886,7.088014619095398,-28.38338893751567,16.98655738105258,-61.67642962570175,4.909651750670413
40.3,27,-23.43990714118255,7.986017580804391,-39.09221397946284,-7.787600302902259,-5.894381446054054,6.521581326088342,-18.67644596743617,6.887683075328058,-2.574168871090239,4.998255818774834,-12.37057026140667,7.222232519226192,-29.28161462380183,17.19968495653829,-62.99237768405223,4.429148436448571
40.4,27,-23.87891610419099,8.121046927870349,-39.79587559957652,-7.961956608805462,-5.999641088106554,6.631901206463981,-18.99792860180369,6.998646425590578,-2.612680277642267,5.086515136790421,-12.58206675256931,7.356706197284782,-30.1798193234305,17.41491430250132,-64.31242415018457,3.952785503323561
40.5,27,-24.3179329640333,8.256178110228072,-40.49974471002828,-8.136121218038319,-6.104902430145125,6.742403196037147,-19.31976986362568,7.109965003335433,-2.651192011701265,5.174900346448996,-12.79381031432514,7.491426290922611,-31.07805334949858,17.63216717129028,-65.63646597461701,3.480359275619847
40.6,27,-24.75694982387561,8.391404420202988,-41.20380026718368,-8.310099380567543,-6.210163772183696,6.853077025709835,-19.64194792585384,7.221620381486451,-2.689703745760263,5.263403792905836,-13.00578561594722,7.62637812442669,-31.97628737556666,17.85136988740044,-66.96432942957435,3.011754678441037
40.7,27,-25.19595878688405,8.526719431844793,-41.90802177957767,-8.483895794190428,-6.315423414236196,6.96391292930213,-19.9644419471412,7.333595118668804,-2.728215152312291,5.352018201025527,-13.21797807092517,7.761547766300591,-32.87449207519534,18.07245126722117,-68.29584567130409,2.54686152091341
40.8,27,-25.63497564672636,8.662122694462687,-42.61242415754027,-8.657527135912453,-6.420684756274767,7.074906353235122,-20.28724640260921,7.445876890059681,-2.766726886371289,5.440740892898535,-13.43038308566671,7.896929312924131,-33.77272610126341,18.29534356016888,-69.63094056398121,2.085488361454395
40.9,27,-26.0739781457734,8.797604558710059,-43.3169662310705,-8.830990060476289,-6.525942899217509,7.186045385953329,-20.61033304695626,7.558447248521245,-2.805237821682336,5.529562637073435,-13.64298144060459,8.032505797239921,-34.67091412132825,18.51997844776659,-70.96940487340878,1.627576630752273
41,27,-26.51299823759641,8.933169733664798,-44.02168918336267,-9.004307291830141,-6.631204990810959,7.297330228634117,-20.93370942222926,7.671299440607344,-2.843749791361825,5.618484599731129,-13.85577725452778,8.168277671804127,-35.56915648717825,18.74629987353793,-72.31122908270036,1.172916108343856
41.1,27,-26.95201509743872,9.068809075589424,-44.72655426826397,-9.177475926613468,-6.73646633284953,7.408749844850715,-21.25734919922364,7.78441653352458,-2.882261525420823,5.707498312880507,-14.06875266048973,8.304229609648088,-36.46739051324633,18.97424256632315,-73.65622257716653,.7214415506738732
41.2,27,-27.39102406044716,9.204518269453251,-45.43154836361647,-9.350499757277849,-6.84172597490203,7.520297360256079,-21.58123795403558,7.897786004231524,-2.920772931972851,5.796598713638614,-14.28189764353574,8.440351779590037,-37.36559521287501,19.2037492068669,-75.00425202647375,.2730616007237288
41.3,27,-27.83004092028947,9.340298029481879,-46.13668866294439,-9.52339317763456,-6.9469873169406,7.631970318539215,-21.90537427235614,8.011399638474943,-2.959284666031849,5.885784670612876,-14.49521064119103,8.57664130912733,-38.26382923894308,19.43476573309323,-76.35527012377898,-.1723883541071842
41.4,27,-28.26904341933651,9.476139687740236,-46.841935919778,-9.696150918895011,-7.052245459883342,7.74375857817998,-22.2297333780892,8.125242458322511,-2.997795601342895,5.9750482627451,-14.70867500221191,8.713083799526117,-39.16201725900792,19.66723483731171,-77.70908921563031,-.6149453023855145
41.5,27,-28.70806351115952,9.612048982886497,-47.54733333525191,-9.868793687067132,-7.157507551476792,7.855664199290478,-22.55432645672681,8.239311353773223,-3.036307571022384,6.064392015248089,-14.92229750904091,8.849682366996145,-40.06025962485792,19.9011136469792,-79.06572562517573,-1.054793624540117
41.6,27,-29.14708037100183,9.748017624549639,-48.25284383578081,-10.04131690622285,-7.262768893515363,7.967677688406166,-22.8791302032148,8.353592416184071,-3.074819305081382,6.153808593959683,-15.13606251699543,8.986423906832663,-40.95849365092599,20.13634725403481,-80.42500904902623,-1.49197825282576
41.7,27,-29.58608933401027,9.884042114918929,-48.95845590092847,-10.21372276709207,-7.368028535567864,8.07979364990944,-23.20413309190579,8.468076020770066,-3.11333071163341,6.243294017204132,-15.3499621302479,9.123300706981079,-41.85669835055467,20.3728887996002,-81.78682665881051,-1.926570042298835
41.8,27,-30.02510296187187,10.02012304693517,-49.66418325452456,-10.38602266921919,-7.473289128051556,8.192010324380751,-23.52933432481811,8.582756068714998,-3.151842210071917,6.332847583619901,-15.56399539354843,9.260310973404595,-42.75492403684083,20.61069411541065,-83.15114219941731,-2.358705874264352
41.9,27,-30.46410869289961,10.15625523720091,-50.37000317560969,-10.55821421018954,-7.578548020549176,8.304321133256996,-23.85471835778773,8.697622316689381,-3.190353381003455,6.422464187660418,-15.77815188081617,9.397445118809257,-43.65312039668759,20.84971885257463,-84.51781843551964,-2.788422357855545
42,27,-30.90312878472263,10.29244234665511,-51.07594509712156,-10.73031247232369,-7.683810112142625,8.416727124996608,-24.18029214483733,8.812671920552079,-3.228865350682943,6.512145387423603,-15.99243577212184,9.534705070755953,-44.55136276253759,21.08992687225447,-85.8868598687398,-3.215865656335367
42.1,27,-31.34214564456494,10.4286776160845,-51.78197817846959,-10.90231311066028,-7.789071454181198,8.529220665869429,-24.50603677548001,8.927893867117618,-3.267377084741942,6.601885272074547,-16.20683444807347,9.672080278589585,-45.44959678860566,21.33127296120302,-87.25812353695665,-3.641070040254682
42.2,27,-31.78115460757337,10.56495812297018,-52.48809202676883,-11.07421718837793,-7.894331096233697,8.641797405774019,-24.83194277324244,9.04328058077505,-3.305888491293969,6.691680613893224,-16.42134149056956,9.809564507981626,-46.34780148823435,21.57371869045637,-88.63151313412743,-4.064089842341254
42.3,27,-32.22016823543498,10.70128504159151,-53.19430150525156,-11.24603496561841,-7.999591688717389,8.75445664138249,-25.15801141004455,9.158828032609771,-3.344399989732477,6.781531467426102,-16.6359574259127,9.947157446447742,-47.2460271745205,21.81722896373465,-90.00701018590453,-4.485044163136465
42.4,27,-32.65917396646272,10.83765367409364,-53.90058484460444,-11.41776308832099,-8.104850581215009,8.86719267803247,-25.48422887413592,9.274527711705899,-3.382911160664014,6.871433362581629,-16.85067307349096,10.08485075216294,-48.14422353436726,22.06176674621475,-91.38449179227158,-4.903955276462945
42.5,27,-33.09819405828573,10.97406820301795,-54.6069725000871,-11.58941561648437,-8.210112672808458,8.980007512296986,-25.81060397780967,9.390378632192755,-3.421423130343503,6.961388532018726,-17.06549393549036,10.22264767480335,-49.04246590021726,22.3073044587456,-92.7639792315284,-5.320952568906129
42.6,27,-33.53721091812805,11.11052229581479,-55.3134344673543,-11.76098736890179,-8.315374014847031,9.092894287720908,-26.13711933400999,9.506371304315934,-3.459934864402501,7.051391621182015,-17.28040848280675,10.36053875400175,-49.94069992628533,22.55380360847098,-94.14534271327796,-5.736057139292697
42.7,27,-33.97621988113648,11.24701344375699,-56.01996116453798,-11.93247859773498,-8.420633656899531,9.205849407732654,-26.46376694315492,9.622499629355852,-3.498446270954529,7.141439939276214,-17.49541134969182,10.49851880778276,-50.83890462591401,22.801232507731,-95.52849914419066,-6.149310107637362
42.8,27,-34.41523350899809,11.38354324698363,-56.72656828954015,-12.10389872845603,-8.525894249383223,9.318872944578429,-26.79054959726166,9.738761098495216,-3.536957769393036,7.231534089301489,-17.71050413739761,10.63658859861154,-51.73713031220017,23.0495634023704,-96.91344444021865,-6.560816184181697
42.9,27,-34.85423924002583,11.52010735752438,-57.4332347588085,-12.27524372124315,-8.631153141880842,9.431959840559012,-27.11745473300465,9.855148449242966,-3.575468940324573,7.321670054459139,-17.9256785537499,10.77474067310075,-52.63532667204692,23.29876506060049,-98.30006707508403,-6.970586269009807
43,27,-35.29325933184884,11.65671034394307,-58.13999178419277,-12.44652687950492,-8.736415233474293,9.545112795713557,-27.44449254144529,9.971662074496699,-3.613980910004062,7.411850562163602,-18.14094107063767,10.91297925062955,-53.53356903789692,23.54881684078428,-99.6884019243644,-7.378736151429443
43.1,27,-35.73227942367186,11.79334712744932,-58.84681505065143,-12.61774379669228,-8.841677325067744,9.6583263115701,-27.77164904668071,10.08829439654523,-3.652492879683551,7.502071307957004,-18.35628245273057,11.05129669336347,-54.43181140374691,23.79968712464246,-101.0783410113678,-7.785281796126057
43.2,27,-36.17129485064171,11.93001550401282,-59.55369557351129,-12.78889412777212,-8.94693846623,9.771597346844198,-28.09891733747177,10.20504040501177,-3.69100475747656,7.592329992551307,-18.57169810162038,11.18968858666726,-55.33003278293942,24.05134963368483,-102.4698118445423,-8.190253721336546
43.3,27,-36.61028908661909,12.0667088891421,-60.26060392126692,-12.95997425197126,-9.05219456138442,9.88491940488438,-28.4262805850389,10.32189146227006,-3.729514842192123,7.682621768457032,-18.78717681521132,11.32814713082708,-56.22820843053408,24.30376851701338,-103.8627194124787,-8.593697448589424
43.4,27,-37.04930451358894,12.20343925089847,-60.96760593287239,-13.13100309430549,-9.157455702546676,9.998301396671671,-28.75376634659967,10.43885494150632,-3.768026719985132,7.772954009397777,-19.00273663189099,11.46668319192072,-57.1264298097266,24.55694362861011,-105.2571548921828,-8.995704727270436
43.5,27,-37.48832460541195,12.34020011228133,-61.67467238750048,-13.30197682332343,-9.262717794140126,10.11173702109144,-29.08135817661968,10.55592258833943,-3.806538689664621,7.863322003672801,-19.21836661570464,11.6052892363754,-58.02467217557659,24.81084123193043,-106.6530274163016,-9.396316934851569
43.6,27,-37.92734469723496,12.47698946011896,-62.38179467455399,-13.47289471991595,-9.367979885733577,10.22522358477625,-29.40904984576456,10.67309007429741,-3.845050659344111,7.953723695211617,-19.43406264494171,11.74396132625349,-58.92291454142658,25.06543868099107,-108.0502716128662,-9.795557469986932
43.7,27,-38.36636012420482,12.6138053155365,-63.08896425065623,-13.6437559977534,-9.473241026895835,10.3387584577233,-29.73683524889238,10.79035319510071,-3.88356253713712,8.044157072289609,-19.64982068480791,11.88269561053368,-59.82113592061909,25.32071397641118,-109.448823377225,-10.19344846401321
43.8,27,-38.8053543601822,12.75064131711621,-63.79615212151832,-13.81455659884608,-9.578497122050253,10.45233554961413,-30.06469835362162,10.90770410952111,-3.922072621852683,8.134617570566434,-19.8656300881696,12.02148484446423,-60.71931156821375,25.57663560298119,-110.8485961957618,-10.59002694066574
43.9,27,-39.24436978715205,12.88750965958644,-64.50342457035352,-13.98531500395058,-9.683758263212511,10.56596418412156,-30.3926675260309,11.02515099960588,-3.960584499645692,8.225112849791737,-20.0815094540151,12.16034045472372,-61.61753294740626,25.83320795147523,-112.2496901374314,-10.98537575738108
44,27,-39.68338987897506,13.02440406452399,-65.21075276553917,-14.15602699241096,-9.78902035480596,10.67963842191621,-30.72072702967191,11.14268632005999,-3.999096469325181,8.315638449664077,-20.29744833912326,12.29925540047289,-62.51577531325626,26.09040122959333,-113.6520220654587,-11.3795285610538
44.1,27,-40.12240997079807,13.16132269790771,-65.91812844760672,-14.32669149398943,-9.89428244639941,10.79335589692651,-31.04887127669838,11.26030638389956,-4.03760843900467,8.406192541454761,-20.51344306736522,12.43822618935588,-63.41401767910624,26.348196351087,-115.0555335848264,-11.77250177338607
44.2,27,-40.56142539776792,13.29826375144891,-66.62554340752229,-14.49730738801356,-9.999543587561668,10.9071142895511,-31.37709477034401,11.37800759522067,-4.076120316797679,8.496773329132029,-20.72949002669695,12.57724939310159,-64.31223905829876,26.60657473250604,-116.460167285984,-12.1643108306135
44.3,27,-41.0004164017646,13.4352200851292,-67.33296389298698,-14.66786891054221,-10.10479893316121,11.02090701853189,-31.70537976644842,11.495781900126,-4.114630165892751,8.587375807289748,-20.94557746989123,12.71631713810572,-65.2104063661115,26.86550669029265,-117.8658319055049,-12.55498082671805
44.4,27,-41.43943506071516,13.57220691543944,-68.04047180570191,-14.83839831572839,-10.21006082387834,11.13474613095139,-32.03376221753977,11.61364056978308,-4.153142279306251,8.678009821762632,-21.16172898744586,12.85544442883336,-66.10863608508592,27.12500527903189,-119.2726695124472,-12.94460265772459
44.5,27,-41.87845515253817,13.70921526976302,-68.74802333758024,-15.0088869674961,-10.31532291547179,11.24862356034372,-32.36221996939419,11.7315741384506,-4.19165424898574,8.768669136982107,-21.37792994981859,12.9946214518471,-67.00687845093593,27.38503890190136,-120.6805684138909,-13.33318848798096
44.6,27,-42.31747524436118,13.8462443999444,-69.45561558939161,-15.17933489933075,-10.42058500706525,11.36253799173289,-32.69075024382977,11.84958022969928,-4.23016621866523,8.859352751981469,-21.59417853888472,13.13384610155426,-67.90512081678591,27.64559298132026,-122.0894873914269,-13.72075424214492
44.7,27,-42.75649067133103,13.98329262796655,-70.1632406074299,-15.34974073523216,-10.5258461482275,11.47648734333523,-33.01934801019431,11.9676557137393,-4.268678096458238,8.950059034617757,-21.81047146381636,13.27311527089989,-68.80334219597842,27.90665166887413,-123.4993743960763,-14.10730999588053
44.8,27,-43.19548167532771,14.12035294446797,-70.87086489547903,-15.5200984551764,-10.63110149382704,11.59046527149832,-33.34799599002601,12.08579300237193,-4.307187945553311,9.040783143037341,-22.02679729794333,13.4124214068367,-69.70150950379119,28.1681880671676,-124.9101436251906,-14.49287538239179
44.9,27,-43.63450033427826,14.25744070786121,-71.57857063340147,-15.69043003515505,-10.73636338454418,11.70448408087382,-33.67673064067925,12.2040038715909,-4.345700058966811,9.131535098631602,-22.24317997584816,13.55177985791453,-70.59973922276561,28.4302183491042,-126.3219432596196,-14.8775351859116
45,27,-44.07352042610128,14.39454705938266,-72.28631423625822,-15.86072661594433,-10.84162547613763,11.81853591268834,-34.00553021499999,12.32227926272473,-4.384212028646299,9.222308808335166,-22.45960514728973,13.69118108999713,-71.4979815886156,28.69271337187421,-127.7346664162199,-15.26129676101135
45.1,27,-44.51253405396288,14.53166945524828,-72.9940828214903,-16.03098528643546,-10.94688606862132,11.93261803476522,-34.33438765803426,12.44061552079162,-4.422723527084807,9.313102088100852,-22.67606820410725,13.83062114993763,-72.39620727490176,28.95565743040973,-129.1482529871844,-15.6441615626191
45.2,27,-44.95155917687484,14.66881297915068,-73.70190431196386,-16.20121404178582,-11.05214945844821,12.04673419380769,-34.66331460963843,12.55901569274201,-4.461236111739288,9.403918042539736,-22.89257678868357,13.97010456520499,-73.29445367344002,29.21904897071452,-130.5627373185526,-16.02617002832744
45.3,27,-45.39054694889082,14.80596215958074,-74.40969953813195,-16.3713943596497,-11.15740405449288,12.16087097391035,-34.99227318399569,12.67746507500993,-4.49974572521387,9.494746028013584,-23.10910598247522,14.10961453204748,-74.19261264147084,29.48284779138491,-131.9779324742615,-16.40729280868016
45.4,27,-45.82957530378348,14.9431400836435,-75.11759168366159,-16.54155892390537,-11.26266819387465,12.2750473413101,-35.32131889136658,12.79598250361728,-4.538258545488842,9.585601478382989,-23.32569221327339,14.24917512229571,-75.09086737979102,29.74708653129841,-133.3940856261324,-16.78764913344963
45.5,27,-46.26858569966438,15.08032845886243,-75.82548635406916,-16.71168504525961,-11.36792803680346,12.38924752258136,-35.65040697661502,12.91455090300809,-4.576769808306859,9.676471815463804,-23.54230606403283,14.3887664474191,-75.98908472629526,30.01172056499099,-134.8109761477577,-17.16719330483286
45.6,27,-46.707599327526,15.21753339390015,-76.53341671310585,-16.88178194194614,-11.47318862928715,12.50347620350218,-35.97955166970503,13.03317441113072,-4.615281306745366,9.767360892952627,-23.75895688093749,14.52839426744676,-76.88731041258143,30.27675173296065,-136.228653378045,-17.54596744711789
45.7,27,-47.14662445043795,15.35475720373456,-77.24139556111464,-17.05185333976126,-11.57845201911405,12.61773486854251,-36.30875792793259,13.1518538897045,-4.653793891399848,9.858269946013607,-23.97564793546013,14.66806015266044,-77.78555681111968,30.54217525156656,-137.6471203137007,-17.92399330853867
45.8,27,-47.58561222245392,15.49198448609765,-77.94934386425857,-17.22188058064928,-11.68370661515871,12.73201022696427,-36.63798811080431,13.27057488048689,-4.692303504874429,9.949188416609092,-24.19235447683133,14.80774746708247,-78.68371577915053,30.80795245481954,-139.0661930280192,-18.30123853028189
45.9,27,-48.02463734536589,15.62923747587949,-78.65737990391338,-17.3918947868184,-11.7889700049856,12.846320618877,-36.96729575183881,13.3893557418676,-4.73081608952891,10.04013120113333,-24.4091116438071,14.94747946474928,-79.58196217768878,31.07411658766259,-140.4861115409061,-18.67781281447144
46,27,-48.46365097322749,15.76650079958413,-79.36542470263436,-17.56187724382064,-11.8942305974693,12.96065280654344,-37.2966433144224,13.50818211948381,-4.769327587967418,10.13108777712846,-24.62589475535315,15.08723957941832,-80.48018786397493,31.34062966088677,-141.9066932521208,-19.05368247582912
46.1,27,-48.9026646010891,15.90377778024232,-80.07349626849242,-17.73183293368579,-11.99949118995299,13.07500918249305,-37.62603828516985,13.62705590526387,-4.807839086405925,10.22206010742559,-24.84270874476372,15.22703057195187,-81.37841355026109,31.60748992609366,-143.3279554471172,-19.42887165340495
46.2,27,-49.34168972400106,16.04107175382568,-80.78161263492215,-17.90176681307997,-12.10475457977988,13.18939216289704,-37.95548819703291,13.74597903747315,-4.846351671060408,10.31305017065451,-25.05955857629789,15.36685523417708,-82.27665994879933,31.87469593738585,-144.7499160042408,-19.80340389335791
46.3,27,-49.78067749601703,16.17836737192428,-81.48969487364654,-18.07166011838752,-12.21000917582454,13.30378855555669,-38.28495560265181,13.86493725100272,-4.884861284534989,10.40404747577884,-25.27641963050637,15.50669706143639,-83.17481891683019,32.14221026439523,-146.1723934185585,-20.1772444151019
46.4,27,-50.21970261892899,16.31568695193252,-82.19786142774682,-18.24154381011117,-12.31527256565144,13.41821684956385,-38.6144943275451,13.98394919624222,-4.92337386918947,10.49506701882142,-25.49332724141359,15.64657950303465,-84.07306531536844,32.41006812678591,-147.5956315803583,-20.55049905037854
46.5,27,-50.6587162467906,16.45301516908827,-82.9060334152948,-18.41139907828641,-12.42053315813513,13.53266389531744,-38.94406700784282,14.10300069157256,-4.961885367627977,10.58609833767049,-25.71025684626147,15.78648611100551,-84.97129100165461,32.67823265511768,-149.0194500841059,-20.92313191920327
46.6,27,-51.0977234106908,16.59035349334257,-83.6142187484305,-18.58122807295111,-12.52579225150906,13.64713056405956,-39.2736766493816,14.22209214636347,-5.000396394825503,10.67714213939194,-25.92721044584865,15.92641765619764,-85.86950000837693,32.94669981754869,-150.4438450602247,-21.29515495652915
46.7,27,-51.53675499756417,16.72771104750521,-84.32246619446715,-18.75104380066118,-12.63105714044571,13.76162424931986,-39.60334503788568,14.34123075699426,-5.038909450720967,10.76820444777,-26.14420234651418,16.06638344507225,-86.76776308647901,33.21548040812259,-151.8689084155951,-21.66661775736297
46.8,27,-51.97574276958014,16.8650667942539,-85.03066628318015,-18.92081925598013,-12.73631173649038,13.87612695918705,-39.93302082140229,14.46039734842154,-5.077419064195548,10.85927084660127,-26.36119882189981,16.20636069350871,-87.66592205450986,33.4845270614804,-153.2943891343683,-22.03745497465148
46.9,27,-52.4147678924921,17.00244503015898,-85.73894780072573,-19.09058798425847,-12.84157512631727,13.990658931535,-40.2627627521095,14.57961249947495,-5.115931648850029,10.95035774033091,-26.57823843772802,16.34637514002796,-88.56416845304811,33.75388030893213,-154.7205581970308,-22.40777870906544
47,27,-52.85378152035371,17.13983046873603,-86.44723194019859,-19.26033110050882,-12.94683571880096,14.10520708730238,-40.59253360439274,14.69886216679081,-5.154443147288537,11.04145471384336,-26.79529672335153,16.48641042877446,-89.46239413933426,34.02350418533833,-156.1472369704452,-22.77755130822335
