temp,ref,yhat_comm,se_comm,lowerci_comm,upperci_comm,tmax_rcspl_3kn_t0,tmax_rcspl_3kn_t1,yhat_low,se_low,lowerci_low,upperci_low,yhat_high,se_high,lowerci_high,upperci_high,yhat_marg,se_marg,lowerci_marg,upperci_marg
-20,27,-18.954124,11.370438,-41.239773,3.3315239,-20,0,-6.9308209,13.618516,-33.62262,19.760979,10.817494,54.292122,-95.593109,117.2281,17.748316,55.708557,-91.438454,126.93508
-19.9,27,-18.913795,11.346245,-41.152027,3.3244357,-19.9,0,-6.9160748,13.58954,-33.551083,19.718935,10.794478,54.176609,-95.389717,116.97868,17.710554,55.590031,-91.243904,126.66501
-19.8,27,-18.873468,11.322052,-41.064281,3.3173473,-19.799999,0,-6.9013281,13.560564,-33.479546,19.676889,10.771462,54.061092,-95.186333,116.72926,17.672791,55.4715,-91.049347,126.39494
-19.7,27,-18.833141,11.29786,-40.97654,3.3102591,-19.700001,0,-6.8865819,13.53159,-33.408009,19.634846,10.748447,53.94558,-94.982941,116.47984,17.635029,55.352974,-90.854805,126.12486
-19.6,27,-18.792812,11.273668,-40.888794,3.3031707,-19.6,0,-6.8718352,13.502613,-33.336472,19.5928,10.725431,53.830063,-94.779556,116.23042,17.597267,55.234444,-90.660255,125.85479
-19.5,27,-18.752483,11.249475,-40.801052,3.2960823,-19.5,0,-6.857089,13.473638,-33.264935,19.550756,10.702415,53.714546,-94.576164,115.981,17.559504,55.115913,-90.465706,125.58471
-19.4,27,-18.712156,11.225283,-40.713306,3.2889938,-19.4,0,-6.8423424,13.444662,-33.193398,19.508711,10.679399,53.599033,-94.372772,115.73157,17.521742,54.997383,-90.271149,125.31464
-19.3,27,-18.671827,11.20109,-40.625561,3.2819054,-19.299999,0,-6.8275962,13.415687,-33.121857,19.466665,10.656384,53.483517,-94.16938,115.48215,17.483978,54.878857,-90.076599,125.04456
-19.2,27,-18.6315,11.176898,-40.537819,3.2748172,-19.200001,0,-6.8128495,13.386711,-33.050323,19.424622,10.633368,53.368004,-93.965996,115.23273,17.446217,54.76033,-89.882057,124.77449
-19.1,27,-18.591173,11.152706,-40.450073,3.2677288,-19.1,0,-6.7981033,13.357736,-32.978783,19.382578,10.610352,53.252487,-93.762604,114.98331,17.408455,54.6418,-89.6875,124.50441
-19,27,-18.550844,11.128513,-40.362331,3.2606404,-19,0,-6.7833567,13.32876,-32.907246,19.340532,10.587336,53.136971,-93.559212,114.73389,17.370691,54.52327,-89.49295,124.23434
-18.9,27,-18.510517,11.104321,-40.274586,3.2535522,-18.9,0,-6.7686105,13.299785,-32.835709,19.298489,10.56432,53.021458,-93.355827,114.48447,17.33293,54.404739,-89.298401,123.96426
-18.8,27,-18.470188,11.080129,-40.18684,3.2464638,-18.799999,0,-6.7538638,13.270808,-32.764172,19.256443,10.541304,52.905941,-93.152435,114.23504,17.295168,54.286213,-89.103851,123.69418
-18.7,27,-18.429861,11.055936,-40.099098,3.2393756,-18.700001,0,-6.7391176,13.241834,-32.692635,19.214399,10.518288,52.790428,-92.949051,113.98563,17.257406,54.167683,-88.909302,123.42412
-18.6,27,-18.389534,11.031744,-40.011353,3.2322872,-18.6,0,-6.724371,13.212858,-32.621098,19.172354,10.495272,52.674911,-92.745659,113.7362,17.219643,54.049156,-88.714752,123.15404
-18.5,27,-18.349205,11.007551,-39.923611,3.2251987,-18.5,0,-6.7096248,13.183882,-32.549561,19.13031,10.472256,52.559395,-92.542267,113.48678,17.181881,53.930626,-88.520203,122.88396
-18.4,27,-18.308876,10.983358,-39.835865,3.2181103,-18.4,0,-6.6948781,13.154906,-32.47802,19.088264,10.44924,52.443882,-92.338875,113.23736,17.144117,53.812096,-88.325653,122.61389
-18.3,27,-18.268549,10.959167,-39.748119,3.2110219,-18.299999,0,-6.6801319,13.125931,-32.406483,19.046221,10.426224,52.328365,-92.135483,112.98793,17.106356,53.693565,-88.131104,122.34381
-18.2,27,-18.228222,10.934974,-39.660378,3.2039337,-18.200001,0,-6.6653852,13.096955,-32.334946,19.004175,10.403208,52.212852,-91.932098,112.73852,17.068594,53.575039,-87.936554,122.07375
-18.1,27,-18.187893,10.910782,-39.572632,3.1968453,-18.1,0,-6.6506391,13.06798,-32.263409,18.962132,10.380192,52.097336,-91.728706,112.48909,17.03083,53.456512,-87.742004,121.80367
-18,27,-18.147566,10.886589,-39.484886,3.1897571,-18,0,-6.6358924,13.039004,-32.191872,18.920086,10.357176,51.981819,-91.525322,112.23967,16.993069,53.337982,-87.547455,121.53359
-17.9,27,-18.107237,10.862396,-39.397144,3.1826687,-17.9,0,-6.6211462,13.010029,-32.120335,18.878042,10.33416,51.866306,-91.32193,111.99025,16.955305,53.219452,-87.352905,121.26351
-17.8,27,-18.06691,10.838204,-39.309399,3.1755803,-17.799999,0,-6.6063995,12.981053,-32.048798,18.835997,10.311144,51.75079,-91.118538,111.74083,16.917543,53.100922,-87.158356,120.99344
-17.7,27,-18.026583,10.814012,-39.221657,3.1684921,-17.700001,0,-6.5916533,12.952078,-31.977259,18.793953,10.288128,51.635277,-90.915154,111.49141,16.879782,52.982395,-86.963806,120.72337
-17.6,27,-17.986254,10.78982,-39.133911,3.1614037,-17.6,0,-6.5769067,12.923102,-31.905722,18.751907,10.265112,51.51976,-90.711761,111.24199,16.84202,52.863865,-86.769257,120.45329
-17.5,27,-17.945927,10.765627,-39.046165,3.1543152,-17.5,0,-6.5621605,12.894127,-31.834185,18.709864,10.242096,51.404243,-90.508369,110.99256,16.804256,52.745338,-86.574707,120.18322
-17.4,27,-17.905598,10.741434,-38.958424,3.1472268,-17.4,0,-6.5474138,12.86515,-31.762646,18.667818,10.21908,51.288727,-90.304977,110.74314,16.766495,52.626808,-86.380157,119.91314
-17.3,27,-17.865271,10.717242,-38.870678,3.1401384,-17.299999,0,-6.5326676,12.836175,-31.691109,18.625774,10.196064,51.173214,-90.101593,110.49372,16.728731,52.508278,-86.1856,119.64307
-17.2,27,-17.824942,10.693049,-38.782936,3.1330502,-17.200001,0,-6.517921,12.8072,-31.619572,18.583729,10.173049,51.057701,-89.898201,110.2443,16.690969,52.389751,-85.991058,119.37299
-17.1,27,-17.784615,10.668858,-38.69519,3.1259618,-17.1,0,-6.5031748,12.778224,-31.548035,18.541685,10.150032,50.942184,-89.694817,109.99488,16.653208,52.271221,-85.796509,119.10292
-17,27,-17.744286,10.644665,-38.607445,3.1188736,-17,0,-6.4884281,12.749249,-31.476496,18.49964,10.127016,50.826668,-89.491425,109.74545,16.615444,52.152695,-85.601952,118.83285
-16.9,27,-17.703959,10.620472,-38.519703,3.1117852,-16.9,0,-6.4736819,12.720273,-31.404959,18.457596,10.104,50.711151,-89.288033,109.49603,16.577682,52.034164,-85.407402,118.56277
-16.8,27,-17.66363,10.59628,-38.431957,3.1046968,-16.799999,0,-6.4589353,12.691298,-31.333422,18.41555,10.080984,50.595638,-89.084641,109.24661,16.539919,51.915634,-85.212852,118.29269
-16.7,27,-17.623302,10.572088,-38.344215,3.0976086,-16.700001,0,-6.4441891,12.662322,-31.261885,18.373507,10.057969,50.480125,-88.881256,108.99719,16.502157,51.797108,-85.018311,118.02262
-16.6,27,-17.582975,10.547895,-38.25647,3.0905201,-16.6,0,-6.4294424,12.633347,-31.190346,18.331461,10.034953,50.364609,-88.677864,108.74777,16.464396,51.678577,-84.823753,117.75255
-16.5,27,-17.542646,10.523703,-38.168724,3.0834317,-16.5,0,-6.4146962,12.604371,-31.118809,18.289417,10.011937,50.249092,-88.474472,108.49835,16.426632,51.560047,-84.629204,117.48247
-16.4,27,-17.502319,10.49951,-38.080982,3.0763433,-16.4,0,-6.3999496,12.575396,-31.047272,18.247372,9.9889212,50.133575,-88.271088,108.24892,16.38887,51.441521,-84.434654,117.21239
-16.3,27,-17.46199,10.475318,-37.993237,3.0692551,-16.299999,0,-6.3852034,12.546419,-30.975733,18.205328,9.9659042,50.018063,-88.067696,107.9995,16.351109,51.32299,-84.240105,116.94232
-16.2,27,-17.421663,10.451126,-37.905495,3.0621667,-16.200001,0,-6.3704567,12.517445,-30.904198,18.163282,9.9428892,49.90255,-87.864311,107.75008,16.313347,51.204464,-84.045555,116.67225
-16.1,27,-17.381334,10.426933,-37.817749,3.0550785,-16.1,0,-6.3557105,12.488468,-30.832659,18.121239,9.9198732,49.787033,-87.660919,107.50066,16.275583,51.085934,-83.851006,116.40218
-16,27,-17.341007,10.40274,-37.730003,3.0479901,-16,0,-6.3409638,12.459493,-30.761122,18.079193,9.8968573,49.671516,-87.457527,107.25124,16.237822,50.967403,-83.656456,116.1321
-15.9,27,-17.300678,10.378548,-37.642258,3.0409017,-15.9,0,-6.3262177,12.430517,-30.689583,18.037149,9.8738413,49.556,-87.254135,107.00182,16.200058,50.848877,-83.461906,115.86202
-15.8,27,-17.260351,10.354356,-37.554516,3.0338132,-15.8,0,-6.311471,12.401542,-30.618046,17.995104,9.8508253,49.440487,-87.050751,106.7524,16.162296,50.730347,-83.267357,115.59195
-15.7,27,-17.220022,10.330163,-37.46677,3.0267251,-15.7,0,-6.2967248,12.372566,-30.546509,17.95306,9.8278093,49.32497,-86.847359,106.50298,16.124535,50.611816,-83.072807,115.32188
-15.6,27,-17.179695,10.305971,-37.379028,3.0196366,-15.6,0,-6.2819781,12.343591,-30.474972,17.911015,9.8047934,49.209457,-86.643967,106.25356,16.086771,50.49329,-82.878258,115.0518
-15.5,27,-17.139368,10.281778,-37.291283,3.0125482,-15.5,0,-6.2672319,12.314615,-30.403435,17.868971,9.7817774,49.093941,-86.440582,106.00414,16.049009,50.37476,-82.683708,114.78172
-15.4,27,-17.099039,10.257586,-37.203537,3.0054598,-15.4,0,-6.2524853,12.28564,-30.331896,17.826925,9.7587614,48.978424,-86.23719,105.75471,16.011246,50.256229,-82.489159,114.51165
-15.3,27,-17.058712,10.233394,-37.115795,2.9983716,-15.3,0,-6.2377391,12.256664,-30.260359,17.784882,9.7357454,48.862911,-86.033798,105.50529,15.973484,50.137703,-82.294609,114.24158
-15.2,27,-17.018383,10.209201,-37.028049,2.9912832,-15.2,0,-6.2229924,12.227689,-30.188822,17.742836,9.7127295,48.747395,-85.830414,105.25587,15.935722,50.019173,-82.10006,113.9715
-15.1,27,-16.978056,10.185009,-36.940308,2.984195,-15.1,0,-6.2082462,12.198713,-30.117285,17.700792,9.6897135,48.631882,-85.627022,105.00645,15.89796,49.900646,-81.90551,113.70142
-15,27,-16.937727,10.160816,-36.852562,2.9771066,-15,0,-6.1934996,12.169737,-30.045746,17.658747,9.6666975,48.516365,-85.42363,104.75703,15.860197,49.782116,-81.71096,113.43135
-14.9,27,-16.8974,10.136624,-36.764816,2.9700181,-14.9,0,-6.1787534,12.140761,-29.974209,17.616703,9.6436815,48.400848,-85.220238,104.50761,15.822434,49.663586,-81.516403,113.16128
-14.8,27,-16.857073,10.112432,-36.677074,2.96293,-14.8,0,-6.1640067,12.111786,-29.902672,17.574657,9.6206656,48.285336,-85.016853,104.25819,15.784673,49.545059,-81.321861,112.8912
-14.7,27,-16.816744,10.088239,-36.589329,2.9558415,-14.7,0,-6.1492605,12.08281,-29.831135,17.532614,9.5976496,48.169819,-84.813461,104.00876,15.74691,49.426529,-81.127304,112.62112
-14.6,27,-16.776417,10.064047,-36.501587,2.9487531,-14.6,0,-6.1345139,12.053835,-29.759596,17.490568,9.5746336,48.054306,-84.610077,103.75934,15.709147,49.308002,-80.932755,112.35105
-14.5,27,-16.736088,10.039854,-36.413841,2.9416647,-14.5,0,-6.1197677,12.024859,-29.688059,17.448524,9.5516176,47.938789,-84.406685,103.50992,15.671386,49.189472,-80.738205,112.08098
-14.4,27,-16.695761,10.015662,-36.326096,2.9345765,-14.4,0,-6.105021,11.995884,-29.616522,17.406479,9.5286016,47.823273,-84.203293,103.2605,15.633623,49.070942,-80.543655,111.81091
-14.3,27,-16.655432,9.9914694,-36.238354,2.9274881,-14.3,0,-6.0902748,11.966908,-29.544985,17.364435,9.5055857,47.70776,-83.999901,103.01108,15.59586,48.952415,-80.349106,111.54083
-14.2,27,-16.615105,9.9672766,-36.150608,2.9203997,-14.2,0,-6.0755281,11.937933,-29.473446,17.32239,9.4825697,47.592243,-83.796516,102.76166,15.558098,48.833885,-80.154556,111.27075
-14.1,27,-16.574776,9.9430847,-36.062866,2.9133115,-14.1,0,-6.060782,11.908957,-29.401909,17.280346,9.4595537,47.47673,-83.593124,102.51224,15.520336,48.715355,-79.960007,111.00068
-14,27,-16.534449,9.9188919,-35.975121,2.9062231,-14,0,-6.0460353,11.879982,-29.330372,17.2383,9.4365377,47.361214,-83.389732,102.26281,15.482574,48.596828,-79.765457,110.73061
-13.9,27,-16.49412,9.8947001,-35.887375,2.8991346,-13.9,0,-6.0312891,11.851006,-29.258833,17.196257,9.4135218,47.245697,-83.186348,102.01339,15.444811,48.478298,-79.570908,110.46053
-13.8,27,-16.453793,9.8705072,-35.799633,2.8920465,-13.8,0,-6.0165424,11.822031,-29.187296,17.154211,9.3905058,47.130184,-82.982956,101.76397,15.407049,48.359772,-79.376358,110.19045
-13.7,27,-16.413465,9.8463154,-35.711887,2.884958,-13.7,0,-6.0017962,11.793055,-29.115759,17.112167,9.3674898,47.014668,-82.779564,101.51455,15.369287,48.241241,-79.181808,109.92038
-13.6,27,-16.373137,9.8221226,-35.624146,2.8778696,-13.6,0,-5.9870496,11.764079,-29.044222,17.070122,9.3444748,46.899155,-82.57618,101.26513,15.331524,48.122711,-78.987259,109.65031
-13.5,27,-16.332809,9.7979298,-35.5364,2.8707812,-13.5,0,-5.9723034,11.735104,-28.972685,17.028078,9.3214579,46.783638,-82.372787,101.0157,15.293761,48.004185,-78.792709,109.38023
-13.4,27,-16.29248,9.7737379,-35.448654,2.863693,-13.4,0,-5.9575567,11.706128,-28.901146,16.986032,9.2984419,46.668121,-82.169395,100.76628,15.255999,47.885654,-78.59816,109.11015
-13.3,27,-16.252153,9.7495451,-35.360912,2.8566046,-13.3,0,-5.9428105,11.677153,-28.829609,16.943989,9.2754269,46.552608,-81.966011,100.51686,15.218237,47.767124,-78.40361,108.84008
-13.2,27,-16.211824,9.7253532,-35.273167,2.8495162,-13.2,0,-5.9280639,11.648177,-28.758072,16.901943,9.2524109,46.437092,-81.762619,100.26744,15.180474,47.648598,-78.209061,108.57001
-13.1,27,-16.171497,9.7011604,-35.185421,2.842428,-13.1,0,-5.9133177,11.619202,-28.686535,16.8599,9.2293949,46.321579,-81.559227,100.01802,15.142713,47.530067,-78.014511,108.29993
-13,27,-16.131168,9.6769676,-35.097679,2.8353395,-13,0,-5.898571,11.590226,-28.614996,16.817854,9.2063789,46.206062,-81.355843,99.768593,15.10495,47.411537,-77.819962,108.02986
-12.9,27,-16.090841,9.6527758,-35.009933,2.8282511,-12.9,0,-5.8838248,11.561251,-28.543459,16.77581,9.183363,46.090546,-81.152451,99.519173,15.067187,47.293011,-77.625412,107.75978
-12.8,27,-16.050514,9.628583,-34.922192,2.8211629,-12.8,0,-5.8690782,11.532275,-28.471922,16.733765,9.160347,45.975033,-80.949059,99.269753,15.029425,47.17448,-77.430862,107.48971
-12.7,27,-16.010185,9.6043911,-34.834446,2.8140745,-12.7,0,-5.854332,11.5033,-28.400385,16.691721,9.137331,45.859516,-80.745667,99.020332,14.991663,47.055954,-77.236305,107.21964
-12.6,27,-15.969858,9.5801983,-34.7467,2.8069861,-12.6,0,-5.8395853,11.474324,-28.328848,16.649675,9.114315,45.744003,-80.542282,98.770912,14.9539,46.937424,-77.041763,106.94956
-12.5,27,-15.92953,9.5560055,-34.658958,2.7998979,-12.5,0,-5.8248391,11.445348,-28.257309,16.607632,9.0912991,45.628487,-80.33889,98.521492,14.916138,46.818893,-76.847206,106.67948
-12.4,27,-15.889201,9.5318136,-34.571213,2.7928095,-12.4,0,-5.8100924,11.416372,-28.185772,16.565586,9.0682831,45.51297,-80.135498,98.272064,14.878375,46.700367,-76.652657,106.40941
-12.3,27,-15.848874,9.5076208,-34.483467,2.7857211,-12.3,0,-5.7953463,11.387397,-28.114235,16.523542,9.0452671,45.397457,-79.932114,98.022644,14.840613,46.581837,-76.458107,106.13934
-12.2,27,-15.808546,9.483429,-34.395725,2.7786326,-12.2,0,-5.7805996,11.358421,-28.042696,16.481497,9.0222511,45.28194,-79.728722,97.773224,14.802851,46.463306,-76.263557,105.86926
-12.1,27,-15.768218,9.4592361,-34.30798,2.7715445,-12.1,0,-5.7658534,11.329446,-27.971159,16.439453,8.9992352,45.166428,-79.525337,97.523804,14.765088,46.34478,-76.069008,105.59919
-12,27,-15.72789,9.4350443,-34.220238,2.764456,-12,0,-5.7511067,11.30047,-27.899622,16.397408,8.9762192,45.050911,-79.321945,97.274384,14.727326,46.22625,-75.874458,105.32911
-11.9,27,-15.687562,9.4108515,-34.132492,2.7573676,-11.9,0,-5.7363605,11.271495,-27.828085,16.355364,8.9532032,44.935394,-79.118553,97.024956,14.689564,46.107719,-75.679909,105.05904
-11.8,27,-15.647234,9.3866587,-34.044746,2.7502794,-11.8,0,-5.7216139,11.242519,-27.756546,16.313318,8.9301872,44.819881,-78.915161,96.775536,14.651801,45.989193,-75.485359,104.78896
-11.7,27,-15.606906,9.3624668,-33.957005,2.743191,-11.7,0,-5.7068677,11.213544,-27.685009,16.271275,8.9071712,44.704365,-78.711777,96.526115,14.614038,45.870663,-75.29081,104.51889
-11.6,27,-15.566579,9.338274,-33.869259,2.7361026,-11.6,0,-5.692121,11.184568,-27.613472,16.229229,8.8841553,44.588852,-78.508385,96.276695,14.576277,45.752136,-75.09626,104.24882
-11.5,27,-15.526251,9.3140821,-33.781517,2.7290144,-11.5,0,-5.6773748,11.155593,-27.541935,16.187185,8.8611393,44.473335,-78.304993,96.027275,14.538514,45.633606,-74.901711,103.97874
-11.4,27,-15.485923,9.2898893,-33.693771,2.721926,-11.4,0,-5.6626282,11.126616,-27.470396,16.14514,8.8381233,44.357819,-78.101608,95.777855,14.500751,45.515076,-74.707161,103.70866
-11.3,27,-15.445595,9.2656965,-33.606026,2.7148376,-11.3,0,-5.647882,11.097641,-27.398859,16.103096,8.8151073,44.242306,-77.898216,95.528435,14.46299,45.396549,-74.512611,103.43859
-11.2,27,-15.405267,9.2415047,-33.518284,2.7077494,-11.2,0,-5.6331353,11.068666,-27.327322,16.06105,8.7920914,44.126789,-77.694824,95.279007,14.425227,45.278019,-74.318062,103.16852
-11.1,27,-15.364939,9.2173119,-33.430538,2.7006609,-11.1,0,-5.6183891,11.03969,-27.255785,16.019007,8.7690754,44.011276,-77.49144,95.029587,14.387465,45.159492,-74.123512,102.89844
-11,27,-15.324611,9.19312,-33.342793,2.6935725,-11,0,-5.6036425,11.010715,-27.184246,15.976962,8.7460594,43.89576,-77.288048,94.780167,14.349702,45.040962,-73.928963,102.62836
-10.9,27,-15.284283,9.1689272,-33.255051,2.6864841,-10.9,0,-5.5888963,10.981739,-27.112709,15.934916,8.7230434,43.780243,-77.084656,94.530746,14.311939,44.922432,-73.734413,102.35829
-10.8,27,-15.243955,9.1447344,-33.167305,2.6793959,-10.8,0,-5.5741496,10.952764,-27.041172,15.892873,8.7000275,43.66473,-76.881271,94.281326,14.274178,44.803905,-73.539864,102.08822
-10.7,27,-15.203627,9.1205425,-33.079563,2.6723075,-10.7,0,-5.5594034,10.923788,-26.969635,15.850828,8.6770115,43.549213,-76.677879,94.031898,14.236415,44.685375,-73.345314,101.81814
-10.6,27,-15.1633,9.0963497,-32.991817,2.6652193,-10.6,0,-5.5446568,10.894813,-26.898098,15.808784,8.6539955,43.433701,-76.474487,93.782478,14.198653,44.566849,-73.150764,101.54807
-10.5,27,-15.122972,9.0721579,-32.904072,2.6581309,-10.5,0,-5.5299106,10.865837,-26.826559,15.766739,8.6309795,43.318184,-76.271103,93.533058,14.160891,44.448318,-72.956215,101.27799
-10.4,27,-15.082644,9.047965,-32.81633,2.6510425,-10.4,0,-5.5151639,10.836862,-26.755022,15.724693,8.6079636,43.202667,-76.067711,93.283638,14.123128,44.329788,-72.761658,101.00792
-10.3,27,-15.042315,9.0237732,-32.728584,2.643954,-10.3,0,-5.5004177,10.807886,-26.683485,15.68265,8.5849485,43.087154,-75.864319,93.034218,14.085365,44.211262,-72.567116,100.73785
-10.2,27,-15.001987,8.9995804,-32.640839,2.6368659,-10.2,0,-5.485671,10.77891,-26.611946,15.640605,8.5619316,42.971638,-75.660927,92.784798,14.047604,44.092731,-72.372559,100.46777
-10.1,27,-14.961659,8.9753876,-32.553097,2.6297774,-10.1,0,-5.4709249,10.749935,-26.540409,15.59856,8.5389166,42.856125,-75.457542,92.535378,14.009841,43.974201,-72.178009,100.19769
-10,27,-14.921331,8.9511957,-32.465351,2.622689,-10,0,-5.4561782,10.720959,-26.468872,15.556516,8.5159006,42.740608,-75.25415,92.28595,13.972078,43.855675,-71.983459,99.92762
-9.9,27,-14.881003,8.9270029,-32.377609,2.6156008,-9.8999996,0,-5.441432,10.691983,-26.397335,15.51447,8.4928846,42.625092,-75.050758,92.03653,13.934316,43.737144,-71.78891,99.657547
-9.800000000000001,27,-14.840675,8.9028111,-32.289864,2.6085124,-9.8000002,0,-5.4266853,10.663008,-26.325798,15.472426,8.4698687,42.509579,-74.847374,91.787109,13.896554,43.618614,-71.59436,99.387474
-9.699999999999999,27,-14.800347,8.8786182,-32.202118,2.601424,-9.6999998,0,-5.4119391,10.634032,-26.254259,15.430382,8.4468527,42.394062,-74.643982,91.537689,13.858791,43.500088,-71.399811,99.117393
-9.6,27,-14.76002,8.8544254,-32.114376,2.5943358,-9.6000004,0,-5.3971925,10.605057,-26.182722,15.388337,8.4238367,42.278549,-74.440598,91.288269,13.821029,43.381557,-71.205261,98.847321
-9.5,27,-14.719692,8.8302336,-32.02663,2.5872474,-9.5,0,-5.3824463,10.576081,-26.111185,15.346292,8.4008207,42.163033,-74.237206,91.038841,13.783267,43.263031,-71.010712,98.577248
-9.4,27,-14.679364,8.8060408,-31.938887,2.5801589,-9.3999996,0,-5.3676996,10.547106,-26.039646,15.304248,8.3778048,42.047516,-74.033813,90.789421,13.745504,43.144501,-70.816162,98.307167
-9.300000000000001,27,-14.639036,8.7818489,-31.851143,2.5730708,-9.3000002,0,-5.3529534,10.51813,-25.968109,15.262203,8.3547888,41.932003,-73.830421,90.540001,13.707742,43.02597,-70.621613,98.037094
-9.199999999999999,27,-14.598708,8.7576561,-31.763399,2.5659823,-9.1999998,0,-5.3382068,10.489155,-25.896572,15.220159,8.3317728,41.816486,-73.627037,90.290581,13.669979,42.907444,-70.427063,97.767021
-9.1,27,-14.55838,8.7334633,-31.675655,2.5588939,-9.1000004,0,-5.3234606,10.460179,-25.825035,15.178114,8.3087568,41.700974,-73.423645,90.041161,13.632217,42.788914,-70.232513,97.496948
-9,27,-14.518052,8.7092714,-31.58791,2.5518055,-9,0,-5.3087139,10.431204,-25.753496,15.136069,8.2857409,41.585457,-73.220253,89.79174,13.594455,42.670383,-70.037964,97.226875
-8.9,27,-14.477724,8.6850786,-31.500166,2.5447173,-8.8999996,0,-5.2939677,10.402227,-25.681959,15.094025,8.2627249,41.46994,-73.016869,89.542313,13.556692,42.551857,-69.843414,96.956795
-8.800000000000001,27,-14.437397,8.6608868,-31.412422,2.5376289,-8.8000002,0,-5.2792211,10.373252,-25.610422,15.05198,8.2397089,41.354427,-72.813477,89.292892,13.51893,42.433327,-69.648865,96.686722
-8.699999999999999,27,-14.397069,8.636694,-31.324678,2.5305405,-8.6999998,0,-5.2644749,10.344276,-25.538885,15.009935,8.2166929,41.238911,-72.610085,89.043472,13.481168,42.314796,-69.454315,96.416649
-8.6,27,-14.356741,8.6125021,-31.236935,2.5234523,-8.6000004,0,-5.2497282,10.315301,-25.467348,14.967891,8.1936769,41.123394,-72.4067,88.794052,13.443405,42.19627,-69.259766,96.146576
-8.5,27,-14.316413,8.5883093,-31.149189,2.5163639,-8.5,0,-5.234982,10.286325,-25.395809,14.925846,8.170661,41.007881,-72.203308,88.544632,13.405643,42.07774,-69.065216,95.876503
-8.4,27,-14.276085,8.5641165,-31.061445,2.5092754,-8.3999996,0,-5.2202353,10.25735,-25.324272,14.883801,8.147645,40.892365,-71.999916,88.295204,13.367881,41.959213,-68.870667,95.606422
-8.300000000000001,27,-14.235757,8.5399246,-30.973701,2.5021873,-8.3000002,0,-5.2054892,10.228374,-25.252735,14.841757,8.124629,40.776852,-71.796532,88.045784,13.330118,41.840683,-68.676117,95.336349
-8.199999999999999,27,-14.195429,8.5157318,-30.885956,2.4950988,-8.1999998,0,-5.1907425,10.199399,-25.181196,14.799712,8.101613,40.661335,-71.59314,87.796364,13.292356,41.722153,-68.481567,95.066277
-8.1,27,-14.155101,8.49154,-30.798212,2.4880104,-8.1000004,0,-5.1759963,10.170424,-25.109659,14.757668,8.0785971,40.545818,-71.389748,87.546944,13.254594,41.603626,-68.287018,94.796204
-8,27,-14.114773,8.4673471,-30.710468,2.4809222,-8,0,-5.1612496,10.141448,-25.038122,14.715623,8.0555811,40.430305,-71.186363,87.297523,13.216831,41.485096,-68.092461,94.526123
-7.9,27,-14.074445,8.4431543,-30.622725,2.4738338,-7.9000001,0,-5.1465034,10.112473,-24.966585,14.673578,8.0325651,40.314789,-70.982971,87.048103,13.179069,41.36657,-67.897911,94.25605
-7.8,27,-14.034118,8.4189625,-30.534981,2.4667454,-7.8000002,0,-5.1317568,10.083497,-24.895048,14.631534,8.0095491,40.199276,-70.779579,86.798683,13.141306,41.248039,-67.703362,93.985977
-7.7,27,-13.99379,8.3947697,-30.447235,2.459657,-7.6999998,0,-5.1170106,10.054521,-24.823509,14.589489,7.9865332,40.083759,-70.576187,86.549255,13.103544,41.129509,-67.508812,93.715904
-7.6,27,-13.953462,8.3705769,-30.359491,2.4525688,-7.5999999,0,-5.1022639,10.025545,-24.751972,14.547444,7.9635177,39.968243,-70.372803,86.299835,13.065782,41.010983,-67.314262,93.445824
-7.5,27,-13.913134,8.346385,-30.271748,2.4454803,-7.5,0,-5.0875177,9.9965696,-24.680435,14.5054,7.9405017,39.85273,-70.169411,86.050415,13.028019,40.892452,-67.119713,93.175751
-7.4,27,-13.872806,8.3221922,-30.184004,2.4383919,-7.4000001,0,-5.0727711,9.9675941,-24.608898,14.463355,7.9174857,39.737213,-69.966019,85.800995,12.990257,40.773922,-66.925163,92.905678
-7.3,27,-13.832478,8.2980003,-30.09626,2.4313037,-7.3000002,0,-5.0580249,9.9386187,-24.537359,14.42131,7.8944697,39.6217,-69.762634,85.551575,12.952495,40.655396,-66.730614,92.635605
-7.2,27,-13.79215,8.2738075,-30.008514,2.4242153,-7.1999998,0,-5.0432782,9.9096432,-24.465822,14.379266,7.8714538,39.506184,-69.559242,85.302147,12.914732,40.536865,-66.536064,92.365532
-7.1,27,-13.751822,8.2496157,-29.920771,2.4171269,-7.0999999,0,-5.028532,9.8806677,-24.394285,14.337221,7.8484378,39.390667,-69.35585,85.052727,12.876969,40.418335,-66.341515,92.095451
-7,27,-13.711493,8.2254229,-29.833027,2.4100387,-7,0,-5.0137854,9.8516922,-24.322746,14.295177,7.8254218,39.275154,-69.152466,84.803307,12.839208,40.299809,-66.146965,91.825378
-6.9,27,-13.671166,8.20123,-29.745283,2.4029503,-6.9000001,0,-4.9990392,9.8227167,-24.251209,14.253132,7.8024058,39.159637,-68.949074,84.553886,12.801445,40.181278,-65.952415,91.555305
-6.8,27,-13.630838,8.1770382,-29.657537,2.3958619,-6.8000002,0,-4.9842925,9.7937412,-24.179672,14.211087,7.7793899,39.044125,-68.745682,84.304466,12.763682,40.062752,-65.757866,91.285233
-6.7,27,-13.59051,8.1528454,-29.569794,2.3887737,-6.6999998,0,-4.9695463,9.7647657,-24.108135,14.169043,7.7563739,38.928608,-68.542297,84.055038,12.72592,39.944221,-65.563316,91.015152
-6.6,27,-13.550182,8.1286535,-29.48205,2.3816853,-6.5999999,0,-4.9547997,9.7357903,-24.036596,14.126998,7.7333579,38.813091,-68.338905,83.805618,12.688158,39.825691,-65.368767,90.745079
-6.5,27,-13.509854,8.1044607,-29.394306,2.3745968,-6.5,0,-4.9400535,9.7068138,-23.965059,14.084953,7.7103419,38.697578,-68.135513,83.556198,12.650395,39.707165,-65.174217,90.475006
-6.4,27,-13.469526,8.0802679,-29.306561,2.3675086,-6.4000001,0,-4.9253068,9.6778383,-23.893522,14.042909,7.687326,38.582062,-67.932129,83.306778,12.612633,39.588634,-64.979668,90.204933
-6.3,27,-13.429198,8.056076,-29.218817,2.3604202,-6.3000002,0,-4.9105606,9.6488628,-23.821985,14.000864,7.6643105,38.466549,-67.728737,83.057358,12.574871,39.470108,-64.785118,89.93486
-6.2,27,-13.38887,8.0318832,-29.131073,2.3533318,-6.1999998,0,-4.8958139,9.6198874,-23.750446,13.958819,7.641294,38.351032,-67.525345,82.807938,12.537108,39.351578,-64.590569,89.66478
-6.1,27,-13.348542,8.0076914,-29.043329,2.3462434,-6.0999999,0,-4.8810678,9.5909119,-23.678909,13.916775,7.6182785,38.235516,-67.32196,82.55851,12.499346,39.233047,-64.396019,89.394707
-6,27,-13.308214,7.9834986,-28.955584,2.3391552,-6,0,-4.8663211,9.5619364,-23.607372,13.87473,7.5952625,38.120003,-67.118568,82.30909,12.461583,39.114521,-64.201469,89.124634
-5.9,27,-13.267887,7.9593062,-28.86784,2.3320668,-5.9000001,0,-4.8515749,9.5329609,-23.535835,13.832685,7.5722466,38.004486,-66.915176,82.059669,12.423821,38.995991,-64.00692,88.854561
-5.8,27,-13.227559,7.9351139,-28.780096,2.3249784,-5.8000002,0,-4.8368282,9.5039854,-23.464298,13.790641,7.5492306,37.888969,-66.711792,81.810249,12.386059,38.87746,-63.812366,88.584488
-5.7,27,-13.187231,7.9109211,-28.692352,2.3178902,-5.6999998,0,-4.822082,9.4750099,-23.392759,13.748596,7.5262146,37.773457,-66.5084,81.560829,12.348296,38.758934,-63.617817,88.314407
-5.6,27,-13.146903,7.8867288,-28.604609,2.3108017,-5.5999999,0,-4.8073354,9.4460344,-23.321222,13.706552,7.5031986,37.65794,-66.305008,81.311409,12.310534,38.640404,-63.423267,88.044334
-5.5,27,-13.106575,7.8625364,-28.516863,2.3037133,-5.5,0,-4.7925892,9.4170589,-23.249685,13.664507,7.4801826,37.542427,-66.101616,81.061981,12.272772,38.521877,-63.228718,87.774261
-5.4,27,-13.066247,7.8383441,-28.429119,2.2966251,-5.4000001,0,-4.7778425,9.3880835,-23.178148,13.622462,7.4571667,37.42691,-65.898232,80.812561,12.235009,38.403347,-63.034168,87.504189
-5.3,27,-13.025919,7.8141518,-28.341375,2.2895367,-5.3000002,0,-4.7630963,9.359108,-23.106609,13.580418,7.4341507,37.311394,-65.694839,80.563141,12.197247,38.284817,-62.839619,87.234108
-5.2,27,-12.985591,7.7899594,-28.253632,2.2824483,-5.1999998,0,-4.7483497,9.3301315,-23.035072,13.538373,7.4111347,37.195881,-65.491447,80.313721,12.159485,38.16629,-62.645065,86.964035
-5.1,27,-12.945263,7.7657666,-28.165886,2.2753599,-5.0999999,0,-4.7336035,9.301156,-22.963535,13.496328,7.3881187,37.080364,-65.288063,80.064301,12.121722,38.04776,-62.450516,86.693962
-5,27,-12.904936,7.7415743,-28.078142,2.2682717,-5,0,-4.7188568,9.2721806,-22.891998,13.454284,7.3651028,36.964851,-65.084671,79.81488,12.08396,37.92923,-62.255966,86.423889
-4.9,27,-12.864608,7.717382,-27.990398,2.2611833,-4.9000001,0,-4.7041106,9.2432051,-22.820459,13.412239,7.3420868,36.849335,-64.881279,79.565453,12.046198,37.810703,-62.061417,86.153816
-4.8,27,-12.82428,7.6931896,-27.902655,2.2540951,-4.8000002,0,-4.689364,9.2142296,-22.748922,13.370194,7.3190708,36.733818,-64.677895,79.316032,12.008435,37.692173,-61.866867,85.883736
-4.7,27,-12.783952,7.6689973,-27.814909,2.2470067,-4.6999998,0,-4.6746178,9.1852541,-22.677385,13.32815,7.2960548,36.618305,-64.474503,79.066612,11.970673,37.573643,-61.672318,85.613663
-4.6,27,-12.743624,7.644805,-27.727165,2.2399182,-4.5999999,0,-4.6598711,9.1562786,-22.605846,13.286105,7.2730389,36.502789,-64.271111,78.817192,11.93291,37.455116,-61.477768,85.34359
-4.5,27,-12.703296,7.6206121,-27.639421,2.2328298,-4.5,0,-4.6451249,9.1273031,-22.534309,13.244061,7.2500234,36.387276,-64.067726,78.567772,11.895148,37.336586,-61.283218,85.073517
-4.4,27,-12.662968,7.5964198,-27.551678,2.2257416,-4.4000001,0,-4.6303782,9.0983276,-22.462772,13.202016,7.2270074,36.271759,-63.864334,78.318352,11.857386,37.21806,-61.088669,84.803436
-4.3,27,-12.62264,7.5722275,-27.463934,2.2186532,-4.3000002,0,-4.6156321,9.0693521,-22.391235,13.159971,7.2039914,36.156242,-63.660946,78.068924,11.819623,37.099529,-60.894119,84.533363
-4.2,27,-12.582312,7.5480351,-27.376188,2.2115648,-4.1999998,0,-4.6008854,9.0403767,-22.319696,13.117927,7.1809754,36.04073,-63.457554,77.819504,11.78186,36.980999,-60.699566,84.26329
-4.1,27,-12.541985,7.5238428,-27.288445,2.2044766,-4.0999999,0,-4.5861392,9.0114002,-22.248159,13.075882,7.1579595,35.925213,-63.254166,77.570084,11.744099,36.862473,-60.505016,83.993217
-4,27,-12.501657,7.49965,-27.200701,2.1973882,-4,0,-4.5713925,8.9824247,-22.176622,13.033837,7.1349435,35.8097,-63.050774,77.320663,11.706336,36.743942,-60.310467,83.723137
-3.9,27,-12.461329,7.4754577,-27.112957,2.1902997,-3.9000001,0,-4.5566463,8.9534492,-22.105085,12.991793,7.1119275,35.694183,-62.847385,77.071243,11.668573,36.625416,-60.115917,83.453064
-3.8,27,-12.421,7.4512653,-27.025211,2.1832116,-3.8,0,-4.5418997,8.9244738,-22.033548,12.949748,7.0889115,35.578667,-62.643997,76.821815,11.630812,36.506886,-59.921368,83.182991
-3.7,27,-12.380672,7.427073,-26.937468,2.1761231,-3.7,0,-4.5271535,8.8954983,-21.962009,12.907703,7.0658956,35.463154,-62.440605,76.572395,11.593049,36.388355,-59.726818,82.912918
-3.6,27,-12.340344,7.4028807,-26.849724,2.1690347,-3.5999999,0,-4.5124068,8.8665228,-21.890472,12.865659,7.0428796,35.347637,-62.237217,76.322975,11.555286,36.269829,-59.532269,82.642845
-3.5,27,-12.300016,7.3786883,-26.76198,2.1619463,-3.5,0,-4.4976606,8.8375473,-21.818935,12.823614,7.0198636,35.232124,-62.033829,76.073555,11.517524,36.151299,-59.337719,82.372765
-3.4,27,-12.259688,7.3544955,-26.674236,2.1548581,-3.4000001,0,-4.482914,8.8085718,-21.747398,12.781569,6.9968476,35.116608,-61.830437,75.824135,11.479762,36.032768,-59.143169,82.102692
-3.3,27,-12.21936,7.3303032,-26.586491,2.1477697,-3.3,0,-4.4681678,8.7795963,-21.675859,12.739525,6.9738317,35.001091,-61.627048,75.574715,11.441999,35.914242,-58.94862,81.832619
-3.2,27,-12.179033,7.3061109,-26.498747,2.1406813,-3.2,0,-4.4534211,8.7506208,-21.604322,12.69748,6.9508157,34.885578,-61.42366,75.325287,11.404237,35.795712,-58.75407,81.562546
-3.1,27,-12.138705,7.2819185,-26.411003,2.1335931,-3.0999999,0,-4.4386749,8.7216454,-21.532785,12.655436,6.9277997,34.770061,-61.220268,75.075867,11.366474,35.677181,-58.559521,81.292465
-3,27,-12.098377,7.2577262,-26.323259,2.1265047,-3,0,-4.4239283,8.6926699,-21.461248,12.613391,6.9047837,34.654545,-61.01688,74.826447,11.328712,35.558655,-58.364971,81.022392
-2.9,27,-12.058049,7.2335339,-26.235514,2.1194162,-2.9000001,0,-4.4091821,8.6636944,-21.389709,12.571346,6.8817682,34.539032,-60.813492,74.577026,11.29095,35.440125,-58.170418,80.752319
-2.8,27,-12.017721,7.209341,-26.14777,2.1123281,-2.8,0,-4.3944354,8.6347179,-21.318172,12.529302,6.8587523,34.423515,-60.6101,74.327606,11.253187,35.321598,-57.975868,80.482246
-2.7,27,-11.977393,7.1851487,-26.060026,2.1052396,-2.7,0,-4.3796892,8.6057425,-21.246635,12.487257,6.8357363,34.308002,-60.406712,74.078186,11.215425,35.203068,-57.781319,80.212173
-2.6,27,-11.937065,7.1609564,-25.972282,2.0981512,-2.5999999,0,-4.3649426,8.576767,-21.175098,12.445212,6.8127203,34.192486,-60.20332,73.828758,11.177663,35.084538,-57.586769,79.942093
-2.5,27,-11.896737,7.136764,-25.884537,2.091063,-2.5,0,-4.3501964,8.5477915,-21.103559,12.403168,6.7897043,34.076969,-59.999931,73.579338,11.1399,34.966011,-57.39222,79.67202
-2.4,27,-11.856409,7.1125717,-25.796793,2.0839746,-2.4000001,0,-4.3354497,8.518816,-21.032022,12.361123,6.7666883,33.961456,-59.796543,73.329918,11.102139,34.847481,-57.19767,79.401947
-2.3,27,-11.816081,7.0883789,-25.709049,2.0768862,-2.3,0,-4.3207035,8.4898405,-20.960485,12.319078,6.7436724,33.84594,-59.593151,73.080498,11.064376,34.728951,-57.00312,79.131874
-2.2,27,-11.775754,7.0641866,-25.621305,2.069798,-2.2,0,-4.3059568,8.460865,-20.888948,12.277034,6.7206564,33.730427,-59.389763,72.831078,11.026613,34.610424,-56.808571,78.861794
-2.1,27,-11.735426,7.0399942,-25.533562,2.0627096,-2.0999999,0,-4.2912107,8.4318895,-20.81741,12.234989,6.6976404,33.61491,-59.186375,72.581657,10.988851,34.491894,-56.614021,78.591721
-2,27,-11.695098,7.0158019,-25.445816,2.0556211,-2,0,-4.276464,8.402914,-20.745872,12.192945,6.6746244,33.499393,-58.982983,72.33223,10.951089,34.373367,-56.419472,78.321648
-1.9,27,-11.65477,6.9916096,-25.358072,2.0485327,-1.9,0,-4.2617178,8.3739386,-20.674335,12.1509,6.6516085,33.383881,-58.779594,72.082809,10.913326,34.254837,-56.224922,78.051575
-1.8,27,-11.614442,6.9674168,-25.270329,2.0414445,-1.8,0,-4.2469711,8.3449631,-20.602798,12.108855,6.6285925,33.268364,-58.576202,71.833389,10.875564,34.136307,-56.030369,77.781502
-1.7,27,-11.574114,6.9432244,-25.182585,2.0343561,-1.7,0,-4.2322249,8.3159876,-20.53126,12.066811,6.6055765,33.152851,-58.372814,71.583969,10.837801,34.01778,-55.835819,77.511421
-1.6,27,-11.533786,6.9190321,-25.094839,2.0272677,-1.6,0,-4.2174783,8.2870111,-20.459723,12.024766,6.5825605,33.037334,-58.169426,71.334549,10.800039,33.89925,-55.64127,77.241348
-1.5,27,-11.493458,6.8948398,-25.007095,2.0201795,-1.5,0,-4.2027321,8.2580357,-20.388186,11.982721,6.5595446,32.921818,-57.966034,71.085129,10.762277,33.78072,-55.44672,76.971275
-1.4,27,-11.45313,6.8706474,-24.919352,2.0130911,-1.4,0,-4.1879854,8.2290602,-20.316648,11.940677,6.5365286,32.806305,-57.762646,70.835701,10.724514,33.662193,-55.252171,76.701202
-1.3,27,-11.412803,6.8464551,-24.831608,2.0060027,-1.3,0,-4.1732392,8.2000847,-20.24511,11.898632,6.5135126,32.690788,-57.559258,70.586281,10.686752,33.543663,-55.057621,76.431122
-1.2,27,-11.372475,6.8222623,-24.743864,1.9989144,-1.2,0,-4.1584926,8.1711092,-20.173573,11.856587,6.4904971,32.575275,-57.355865,70.336861,10.64899,33.425137,-54.863071,76.161049
-1.1,27,-11.332147,6.79807,-24.656118,1.9918261,-1.1,0,-4.1437464,8.1421337,-20.102036,11.814543,6.4674811,32.459759,-57.152477,70.08744,10.611227,33.306606,-54.668522,75.890976
-1,27,-11.291819,6.7738776,-24.568375,1.9847376,-1,0,-4.1289997,8.1131582,-20.030499,11.772498,6.4444652,32.344242,-56.949089,69.83802,10.573464,33.188076,-54.473972,75.620903
-.9,27,-11.251491,6.7496853,-24.480631,1.9776493,-.89999998,0,-4.1142535,8.0841827,-19.95896,11.730453,6.4214492,32.228729,-56.745697,69.588593,10.535703,33.06955,-54.279423,75.350822
-.8,27,-11.211163,6.725493,-24.392887,1.970561,-.80000001,0,-4.0995069,8.0552073,-19.887423,11.688409,6.3984332,32.113213,-56.542309,69.339172,10.49794,32.951019,-54.084873,75.08075
-.7,27,-11.170835,6.7013001,-24.305141,1.9634726,-.69999999,0,-4.0847607,8.0262318,-19.815886,11.646364,6.3754172,31.997698,-56.338921,69.089752,10.460177,32.832489,-53.89032,74.810677
-.6,27,-11.130507,6.6771078,-24.217398,1.9563843,-.60000002,0,-4.070014,7.9972558,-19.744349,11.60432,6.3524013,31.882183,-56.135529,68.840332,10.422416,32.713963,-53.69577,74.540604
-.5,27,-11.090178,6.6529155,-24.129654,1.949296,-.5,0,-4.0552678,7.9682803,-19.67281,11.562275,6.3293853,31.766668,-55.93214,68.590912,10.384653,32.595432,-53.501221,74.270531
-.4,27,-11.049851,6.6287231,-24.04191,1.9422076,-.40000001,0,-4.0405211,7.9393048,-19.601273,11.52023,6.3063693,31.651154,-55.728748,68.341492,10.34689,32.476906,-53.306671,74.00045
-.3,27,-11.009523,6.6045308,-23.954165,1.9351193,-.30000001,0,-4.025775,7.9103293,-19.529736,11.478186,6.2833533,31.535637,-55.52536,68.092064,10.309128,32.358376,-53.112122,73.730377
-.2,27,-10.969195,6.5803385,-23.866421,1.9280308,-.2,0,-4.0110283,7.8813539,-19.458199,11.436141,6.2603374,31.420122,-55.321972,67.842644,10.271366,32.239845,-52.917572,73.460304
-.1,27,-10.928867,6.5561457,-23.778677,1.9209425,-.1,0,-3.9962819,7.8523779,-19.38666,11.394096,6.2373214,31.304607,-55.11858,67.593224,10.233603,32.121319,-52.723022,73.190231
0,27,-10.888539,6.5319533,-23.690933,1.9138542,0,0,-3.9815354,7.8234024,-19.315123,11.352052,6.2143054,31.189093,-54.915192,67.343803,10.195841,32.002789,-52.528473,72.920151
.1,27,-10.848211,6.507761,-23.603189,1.9067658,.1,0,-3.966789,7.7944269,-19.243586,11.310007,6.1912894,31.073576,-54.711803,67.094383,10.158079,31.88426,-52.333923,72.650078
.2,27,-10.807883,6.4835687,-23.515444,1.8996775,.2,0,-3.9520426,7.7654514,-19.172049,11.267962,6.1682734,30.958061,-54.508411,66.844963,10.120317,31.765732,-52.139374,72.380005
.3,27,-10.767555,6.4593763,-23.4277,1.8925892,.30000001,0,-3.9372962,7.7364759,-19.10051,11.225918,6.1452579,30.842546,-54.305023,66.595535,10.082554,31.647202,-51.944824,72.109932
.4,27,-10.727227,6.4351835,-23.339956,1.8855008,.40000001,0,-3.9225497,7.7075005,-19.028973,11.183873,6.122242,30.727032,-54.101635,66.346115,10.044791,31.528673,-51.750275,71.839859
.5,27,-10.686899,6.4109912,-23.252213,1.8784125,.5,0,-3.9078033,7.678525,-18.957436,11.141829,6.099226,30.611517,-53.898243,66.096695,10.00703,31.410145,-51.555721,71.569778
.6,27,-10.646572,6.3867989,-23.164467,1.8713241,.60000002,0,-3.8930569,7.649549,-18.885899,11.099784,6.07621,30.496,-53.694855,65.847275,9.9692669,31.291616,-51.361172,71.299706
.7,27,-10.606244,6.3626065,-23.076723,1.8642358,.69999999,0,-3.8783104,7.6205735,-18.81436,11.057739,6.053194,30.380486,-53.491463,65.597855,9.9315042,31.173086,-51.166622,71.029633
.8,27,-10.565916,6.3384142,-22.988979,1.8571475,.80000001,0,-3.863564,7.591598,-18.742823,11.015695,6.0301781,30.264971,-53.288074,65.348434,9.8937416,31.054558,-50.972073,70.75956
.9,27,-10.525588,6.3142219,-22.901236,1.850059,.89999998,0,-3.8488176,7.5626225,-18.671286,10.97365,6.0071621,30.149456,-53.084686,65.099007,9.8559799,30.936029,-50.777523,70.489479
1,27,-10.48526,6.290029,-22.81349,1.8429707,1,0,-3.8340712,7.5336471,-18.599749,10.931605,5.9841461,30.033941,-52.881294,64.849586,9.8182173,30.817501,-50.582973,70.219406
1.1,27,-10.444932,6.2658367,-22.725746,1.8358823,1.1,0,-3.8193247,7.5046716,-18.52821,10.889561,5.9611301,29.918425,-52.677906,64.600166,9.7804546,30.698971,-50.388424,69.949333
1.2,27,-10.404604,6.2416444,-22.638002,1.828794,1.2,0,-3.8045783,7.4756956,-18.456673,10.847516,5.9381142,29.80291,-52.474518,64.350746,9.7426929,30.580442,-50.193874,69.67926
1.3,27,-10.364276,6.217452,-22.550259,1.8217057,1.3,0,-3.7898319,7.4467201,-18.385136,10.805471,5.9150982,29.687395,-52.271126,64.101326,9.7049303,30.461914,-49.999325,69.409187
1.4,27,-10.323948,6.1932597,-22.462515,1.8146173,1.4,0,-3.7750854,7.4177446,-18.313599,10.763427,5.8920822,29.57188,-52.067738,63.851902,9.6671677,30.343386,-49.804775,69.139107
1.5,27,-10.283621,6.1690669,-22.374769,1.807529,1.5,0,-3.760339,7.3887691,-18.24206,10.721382,5.8690662,29.456366,-51.864349,63.602482,9.629405,30.224855,-49.610226,68.869034
1.6,27,-10.243293,6.1448746,-22.287025,1.8004407,1.6,0,-3.7455926,7.3597937,-18.170523,10.679338,5.8460503,29.340849,-51.660957,63.353058,9.5916433,30.106327,-49.415672,68.598961
1.7,27,-10.202965,6.1206822,-22.199282,1.7933522,1.7,0,-3.7308462,7.3308182,-18.098986,10.637293,5.8230343,29.225334,-51.457569,63.103638,9.5538807,29.987799,-49.221123,68.328888
1.8,27,-10.162637,6.0964899,-22.111538,1.7862639,1.8,0,-3.7160997,7.3018422,-18.027449,10.595248,5.8000183,29.109819,-51.254177,62.854218,9.516118,29.86927,-49.026573,68.058807
1.9,27,-10.122309,6.0722976,-22.023792,1.7791755,1.9,0,-3.7013533,7.2728667,-17.95591,10.553204,5.7770028,28.994305,-51.050789,62.604794,9.4783564,29.75074,-48.832024,67.788734
2,27,-10.081981,6.0481052,-21.936049,1.7720872,2,0,-3.6866069,7.2438912,-17.884373,10.511159,5.7539868,28.878788,-50.847401,62.355373,9.4405937,29.632212,-48.637474,67.518661
2.1,27,-10.041653,6.0239124,-21.848305,1.7649989,2.0999999,0,-3.6718605,7.2149158,-17.812836,10.469114,5.7309709,28.763273,-50.644009,62.105953,9.4028311,29.513683,-48.442924,67.248589
2.2,27,-10.001325,5.9997201,-21.760561,1.7579105,2.2,0,-3.657114,7.1859403,-17.741299,10.42707,5.7079549,28.647758,-50.44062,61.856529,9.3650684,29.395155,-48.248375,66.978516
2.3,27,-9.9609966,5.9755278,-21.672817,1.7508222,2.3,0,-3.6423676,7.1569648,-17.66976,10.385025,5.6849389,28.532244,-50.237232,61.607109,9.3273067,29.276625,-48.053825,66.708435
2.4,27,-9.9206686,5.9513354,-21.585072,1.7437338,2.4000001,0,-3.6276212,7.1279888,-17.598223,10.34298,5.6619229,28.416729,-50.03384,61.357685,9.2895441,29.158096,-47.859276,66.438362
2.5,27,-9.8803415,5.9271431,-21.497328,1.7366455,2.5,0,-3.6128747,7.0990133,-17.526686,10.300936,5.638907,28.301212,-49.830452,61.108265,9.2517815,29.039568,-47.664726,66.168289
2.6,27,-9.8400135,5.9029508,-21.409584,1.7295572,2.5999999,0,-3.5981283,7.0700378,-17.455149,10.258891,5.615891,28.185698,-49.627064,60.858845,9.2140198,28.92104,-47.470177,65.898216
2.7,27,-9.7996855,5.878758,-21.32184,1.7224687,2.7,0,-3.5833819,7.0410624,-17.38361,10.216846,5.592875,28.070183,-49.423672,60.609421,9.1762571,28.802509,-47.275623,65.628136
2.8,27,-9.7593575,5.8545656,-21.234095,1.7153804,2.8,0,-3.5686355,7.0120869,-17.312073,10.174802,5.569859,27.954668,-49.220284,60.360001,9.1384945,28.683981,-47.081074,65.358063
2.9,27,-9.7190294,5.8303733,-21.146351,1.7082921,2.9000001,0,-3.553889,6.9831114,-17.240536,10.132757,5.5468431,27.839153,-49.016891,60.11058,9.1007318,28.565453,-46.886524,65.08799
3,27,-9.6787014,5.806181,-21.058607,1.7012037,3,0,-3.5391426,6.9541354,-17.168999,10.090713,5.5238271,27.723637,-48.813503,59.861156,9.0629702,28.446924,-46.691975,64.817917
3.1,27,-9.6383734,5.7819886,-20.970863,1.6941154,3.0999999,0,-3.5243962,6.9251599,-17.09746,10.048668,5.5008111,27.608122,-48.610115,59.611736,9.0252075,28.328394,-46.497425,64.547844
3.2,27,-9.5980453,5.7577958,-20.883118,1.687027,3.2,0,-3.5096498,6.8961844,-17.025923,10.006623,5.4777951,27.492607,-48.406723,59.362316,8.9874449,28.209866,-46.302876,64.277763
3.3,27,-9.5577183,5.7336035,-20.795374,1.6799387,3.3,0,-3.4949033,6.867209,-16.954386,9.9645786,5.4547791,27.377092,-48.203335,59.112892,8.9496832,28.091337,-46.108326,64.00769
3.4,27,-9.5173903,5.7094111,-20.70763,1.6728504,3.4000001,0,-3.4801569,6.8382335,-16.882849,9.922534,5.4317632,27.261576,-47.999947,58.863472,8.9119205,27.972807,-45.913776,63.737617
3.5,27,-9.4770622,5.6852188,-20.619886,1.6657619,3.5,0,-3.4654105,6.809258,-16.81131,9.8804893,5.4087472,27.146061,-47.796555,58.614052,8.8741579,27.854279,-45.719227,63.467541
3.6,27,-9.4367342,5.6610265,-20.532143,1.6586736,3.5999999,0,-3.450664,6.780282,-16.739773,9.8384447,5.3857317,27.030546,-47.593166,58.364628,8.8363953,27.73575,-45.524677,63.197468
3.7,27,-9.3964062,5.6368337,-20.444397,1.6515853,3.7,0,-3.4359176,6.7513065,-16.668236,9.7964001,5.3627157,26.915031,-47.389778,58.115208,8.7986336,27.617222,-45.330128,62.927391
3.8,27,-9.3560781,5.6126413,-20.356653,1.6444969,3.8,0,-3.4211712,6.722331,-16.596699,9.7543554,5.3396997,26.799517,-47.186386,57.865788,8.7608709,27.498693,-45.135578,62.657318
3.9,27,-9.3157501,5.588449,-20.268909,1.6374086,3.9000001,0,-3.4064248,6.6933556,-16.52516,9.7123108,5.3166838,26.684,-46.982998,57.616364,8.7231083,27.380163,-44.941025,62.387241
4,27,-9.2754221,5.5642567,-20.181166,1.6303202,4,0,-3.3916783,6.6643801,-16.453623,9.6702662,5.2936678,26.568485,-46.779606,57.366943,8.6853456,27.261635,-44.746475,62.117168
4.1,27,-9.2350941,5.5400643,-20.09342,1.6232319,4.0999999,0,-3.3769319,6.6354046,-16.382086,9.6282215,5.2706518,26.452971,-46.576218,57.117523,8.647584,27.143106,-44.551926,61.847095
4.2,27,-9.194767,5.515872,-20.005676,1.6161436,4.1999998,0,-3.3621855,6.6064291,-16.310549,9.5861769,5.2476358,26.337456,-46.372829,56.868099,8.6098213,27.024578,-44.357376,61.577019
4.3,27,-9.154438,5.4916792,-19.917933,1.6090552,4.3000002,0,-3.3474391,6.5774531,-16.23901,9.5441322,5.2246199,26.221941,-46.169437,56.618679,8.5720587,26.906048,-44.162827,61.306946
4.4,27,-9.1141109,5.4674869,-19.830189,1.6019669,4.4000001,0,-3.3326926,6.5484776,-16.167473,9.5020876,5.2016039,26.106424,-45.966049,56.369255,8.534297,26.787519,-43.968277,61.036869
4.5,27,-9.0737829,5.4432945,-19.742443,1.5948786,4.5,0,-3.3179462,6.5195022,-16.095936,9.460043,5.1785879,25.99091,-45.762661,56.119835,8.4965343,26.668991,-43.773727,60.766796
4.6,27,-9.0334549,5.4191022,-19.654699,1.5877901,4.5999999,0,-3.3031998,6.4905267,-16.024399,9.4179983,5.1555719,25.875395,-45.559269,55.870415,8.4587717,26.550463,-43.579178,60.496719
4.7,27,-8.9931269,5.3949099,-19.566956,1.5807018,4.6999998,0,-3.2884533,6.4615512,-15.952861,9.3759537,5.132556,25.75988,-45.355881,55.620995,8.42101,26.431932,-43.384628,60.226646
4.8,27,-8.9527988,5.370717,-19.479212,1.5736134,4.8000002,0,-3.2737069,6.4325752,-15.881323,9.333909,5.10954,25.644363,-45.152489,55.371571,8.3832474,26.313404,-43.190079,59.95657
4.9,27,-8.9124708,5.3465247,-19.391466,1.5665251,4.9000001,0,-3.2589605,6.4035997,-15.809786,9.2918644,5.086524,25.528849,-44.9491,55.12215,8.3454847,26.194876,-42.995525,59.686497
5,27,-8.8721428,5.3223324,-19.303722,1.5594368,5,0,-3.2442141,6.3746243,-15.738248,9.2498198,5.063508,25.413334,-44.745712,54.872726,8.3077221,26.076347,-42.800976,59.416424
5.1,27,-8.8318148,5.29814,-19.215979,1.5523484,5.0999999,0,-3.2294676,6.3456488,-15.666711,9.2077751,5.0404925,25.297819,-44.542324,54.623306,8.2699604,25.957817,-42.606426,59.146347
5.2,27,-8.7914877,5.2739477,-19.128235,1.5452601,5.1999998,0,-3.2147212,6.3166733,-15.595173,9.1657305,5.0174766,25.182304,-44.338932,54.373886,8.2321978,25.839289,-42.411877,58.876274
5.3,27,-8.7511597,5.2497549,-19.040491,1.5381716,5.3000002,0,-3.1999748,6.2876978,-15.523636,9.1236858,4.9944606,25.066788,-44.135544,54.124462,8.1944351,25.72076,-42.217327,58.606197
5.4,27,-8.7108316,5.2255626,-18.952745,1.5310833,5.4000001,0,-3.1852283,6.2587218,-15.452098,9.0816412,4.9714446,24.951273,-43.932152,53.875042,8.1566725,25.60223,-42.022778,58.336124
5.5,27,-8.6705036,5.2013702,-18.865002,1.523995,5.5,0,-3.1704819,6.2297463,-15.380561,9.0395966,4.9484286,24.835758,-43.728764,53.625622,8.1189108,25.483702,-41.828228,58.066048
5.6,27,-8.6301756,5.1771779,-18.777258,1.5169066,5.5999999,0,-3.1557355,6.2007709,-15.309023,8.9975519,4.9254127,24.720243,-43.525375,53.376198,8.0811481,25.365173,-41.633678,57.795975
5.7,27,-8.5898476,5.1529856,-18.689514,1.5098183,5.6999998,0,-3.1409891,6.1717954,-15.237486,8.9555073,4.9023967,24.604729,-43.321983,53.126778,8.0433855,25.246645,-41.439129,57.525902
5.8,27,-8.5495195,5.1287932,-18.601768,1.5027299,5.8000002,0,-3.1262426,6.1428199,-15.165948,8.9134626,4.8793807,24.489212,-43.118595,52.877357,8.0056229,25.128115,-41.244579,57.255825
5.9,27,-8.5091915,5.1046004,-18.514025,1.4956416,5.9000001,0,-3.1114962,6.1138444,-15.094411,8.871418,4.8563647,24.373697,-42.915207,52.627934,7.9678612,25.009586,-41.05003,56.985748
6,27,-8.4688635,5.0804081,-18.426281,1.4885533,6,0,-3.0967498,6.0848684,-15.022873,8.8293734,4.8333488,24.258183,-42.711815,52.378513,7.9300985,24.891058,-40.85548,56.715675
6.1,27,-8.4285364,5.0562158,-18.338537,1.481465,6.0999999,0,-3.0820034,6.0558929,-14.951336,8.7873287,4.8103328,24.142668,-42.508427,52.129093,7.8923364,24.77253,-40.660931,56.445602
6.2,27,-8.3882084,5.0320234,-18.250793,1.4743766,6.1999998,0,-3.0672569,6.0269175,-14.879798,8.7452841,4.7873168,24.027153,-42.305038,51.879669,7.8545737,24.654001,-40.466377,56.175526
6.3,27,-8.3478804,5.0078311,-18.163048,1.4672883,6.3000002,0,-3.0525105,5.997942,-14.808261,8.7032394,4.7643008,23.911636,-42.101646,51.630249,7.8168116,24.535471,-40.271828,55.905453
6.4,27,-8.3075523,4.9836383,-18.075304,1.4601998,6.4000001,0,-3.0377641,5.9689665,-14.736723,8.6611948,4.7412848,23.796122,-41.898258,51.380829,7.7790489,24.416943,-40.077278,55.635376
6.5,27,-8.2672243,4.959446,-17.98756,1.4531115,6.5,0,-3.0230176,5.939991,-14.665186,8.6191502,4.7182689,23.680607,-41.694866,51.131405,7.7412868,24.298414,-39.882729,55.365303
6.6,27,-8.2268963,4.9352536,-17.899817,1.4460232,6.5999999,0,-3.0082712,5.9110155,-14.593648,8.5771055,4.6952529,23.565092,-41.491478,50.881985,7.7035246,24.179886,-39.688179,55.095226
6.7,27,-8.1865683,4.9110613,-17.812073,1.4389348,6.6999998,0,-2.9935248,5.8820395,-14.522111,8.5350609,4.6722374,23.449577,-41.28809,50.632565,7.6657619,24.061356,-39.493629,54.825153
6.8,27,-8.1462402,4.886869,-17.724327,1.4318465,6.8000002,0,-2.9787784,5.8530641,-14.450573,8.4930162,4.6492209,23.334061,-41.084698,50.383141,7.6279993,23.942827,-39.29908,54.555077
6.9,27,-8.1059122,4.8626766,-17.636583,1.4247581,6.9000001,0,-2.9640319,5.8240886,-14.379036,8.4509716,4.6262054,23.218546,-40.88131,50.13372,7.5902371,23.824299,-39.10453,54.285004
7,27,-8.0655842,4.8384838,-17.54884,1.4176698,7,0,-2.9492855,5.7951131,-14.307498,8.408927,4.6031895,23.103031,-40.677921,49.884296,7.552475,23.705769,-38.909981,54.014931
7.1,27,-8.0252571,4.8142915,-17.461096,1.4105815,7.0999999,0,-2.9345391,5.7661376,-14.235961,8.3668823,4.5801735,22.987516,-40.474529,49.634876,7.5147123,23.58724,-38.715431,53.744854
7.2,27,-7.9849291,4.7900991,-17.37335,1.403493,7.1999998,0,-2.9197927,5.7371621,-14.164424,8.3248377,4.5571575,22.872002,-40.271141,49.385456,7.4769502,23.468712,-38.520882,53.474781
7.3,27,-7.9446006,4.7659068,-17.285606,1.3964047,7.3000002,0,-2.9050462,5.7081861,-14.092886,8.282793,4.5341415,22.756485,-40.067749,49.136032,7.4391875,23.350183,-38.326328,53.204704
7.4,27,-7.904273,4.7417145,-17.197863,1.3893163,7.4000001,0,-2.8902998,5.6792107,-14.021348,8.2407484,4.5111256,22.64097,-39.864361,48.886612,7.4014254,23.231653,-38.131779,52.934631
7.5,27,-7.863945,4.7175221,-17.110119,1.382228,7.5,0,-2.8755534,5.6502352,-13.949811,8.1987038,4.4881096,22.525455,-39.660973,48.637192,7.3636632,23.113125,-37.937229,52.664555
7.6,27,-7.823617,4.6933293,-17.022373,1.3751397,7.5999999,0,-2.8608069,5.6212597,-13.878273,8.1566591,4.4650936,22.409941,-39.457581,48.387768,7.3259006,22.994596,-37.74268,52.394482
7.7,27,-7.7832894,4.669137,-16.934629,1.3680513,7.6999998,0,-2.8460605,5.5922842,-13.806736,8.1146145,4.4420776,22.294426,-39.254192,48.138348,7.2881384,22.876068,-37.54813,52.124409
7.8,27,-7.7429614,4.6449447,-16.846886,1.360963,7.8000002,0,-2.8313141,5.5633082,-13.735198,8.0725698,4.4190617,22.178909,-39.050804,47.888927,7.2503757,22.757538,-37.35358,51.854332
7.9,27,-7.7026334,4.6207523,-16.759142,1.3538747,7.9000001,0,-2.8165677,5.5343328,-13.663661,8.0305252,4.3960457,22.063395,-38.847412,47.639503,7.2126136,22.639009,-37.159031,51.584259
8,27,-7.6623054,4.59656,-16.671396,1.3467863,8,0,-2.8018212,5.5053573,-13.592123,7.988481,4.3730297,21.94788,-38.644024,47.390083,7.1748509,22.520481,-36.964481,51.314182
8.1,27,-7.6219773,4.5723672,-16.583652,1.339698,8.1000004,0,-2.7870748,5.4763818,-13.520586,7.9464359,4.3500137,21.832363,-38.440632,47.140659,7.1370888,22.401951,-36.769932,51.044106
8.199999999999999,27,-7.5816498,4.5481749,-16.495909,1.3326097,8.1999998,0,-2.7723284,5.4474063,-13.449049,7.9043918,4.3269978,21.71685,-38.237244,46.891239,7.0993266,22.283424,-36.575382,50.774033
8.300000000000001,27,-7.5413218,4.5239825,-16.408165,1.3255212,8.3000002,0,-2.7575819,5.4184308,-13.377511,7.8623466,4.3039818,21.601334,-38.033855,46.641819,7.061564,22.164894,-36.380829,50.50396
8.4,27,-7.5009937,4.4997902,-16.320421,1.3184329,8.3999996,0,-2.7428355,5.3894553,-13.305974,7.8203025,4.2809663,21.485819,-37.830467,46.392399,7.0238018,22.046366,-36.186283,50.233887
8.5,27,-7.4606657,4.4755979,-16.232676,1.3113445,8.5,0,-2.7280891,5.3604794,-13.234436,7.7782578,4.2579503,21.370304,-37.627075,46.142975,6.9860392,21.927837,-35.99173,49.96381
8.6,27,-7.4203377,4.451405,-16.144932,1.3042562,8.6000004,0,-2.7133427,5.3315039,-13.162898,7.7362127,4.2349339,21.254787,-37.423687,45.893555,6.9482765,21.809307,-35.79718,49.693733
8.699999999999999,27,-7.3800101,4.4272127,-16.057188,1.2971679,8.6999998,0,-2.6985962,5.3025284,-13.091361,7.6941686,4.2119184,21.139275,-37.220299,45.644135,6.9105144,21.690779,-35.602631,49.42366
8.800000000000001,27,-7.3396821,4.4030204,-15.969443,1.2900795,8.8000002,0,-2.6838498,5.2735529,-13.019823,7.6521239,4.1889024,21.023758,-37.016907,45.394711,6.8727522,21.57225,-35.408081,49.153584
8.9,27,-7.2993541,4.378828,-15.8817,1.2829912,8.8999996,0,-2.6691034,5.2445774,-12.948286,7.6100793,4.1658864,20.908243,-36.813519,45.14529,6.83499,21.453722,-35.213531,48.883511
9,27,-7.2590261,4.3546357,-15.793955,1.2759027,9,0,-2.654357,5.2156019,-12.876748,7.5680346,4.1428704,20.792728,-36.610126,44.89587,6.7972274,21.335192,-35.018982,48.613438
9.1,27,-7.218698,4.3304429,-15.706211,1.2688144,9.1000004,0,-2.6396105,5.186626,-12.805211,7.5259895,4.1198545,20.677212,-36.406738,44.646446,6.7594647,21.216663,-34.824432,48.343361
9.199999999999999,27,-7.1783705,4.306251,-15.618467,1.2617261,9.1999998,0,-2.6248641,5.1576505,-12.733674,7.4839454,4.0968385,20.561697,-36.20335,44.397026,6.7217026,21.098135,-34.629883,48.073288
9.300000000000001,27,-7.1380424,4.2820582,-15.530723,1.2546377,9.3000002,0,-2.6101177,5.128675,-12.662136,7.4419007,4.0738225,20.446182,-35.999958,44.147602,6.6839404,20.979607,-34.435333,47.803211
9.4,27,-7.0977144,4.2578659,-15.442979,1.2475494,9.3999996,0,-2.5953712,5.0996995,-12.590599,7.3998561,4.0508065,20.330667,-35.79657,43.898182,6.6461782,20.861078,-34.240784,47.533138
9.5,27,-7.0573864,4.2336736,-15.355234,1.2404611,9.5,0,-2.5806248,5.070724,-12.519061,7.3578115,4.0277905,20.215153,-35.593182,43.648762,6.6084156,20.742548,-34.04623,47.263062
9.6,27,-7.0170584,4.2094812,-15.267489,1.2333727,9.6000004,0,-2.5658784,5.041748,-12.447523,7.3157663,4.0047746,20.099636,-35.38979,43.399338,6.570653,20.62402,-33.851681,46.992989
9.699999999999999,27,-6.9767308,4.1852889,-15.179746,1.2262844,9.6999998,0,-2.551132,5.012773,-12.375986,7.2737222,3.9817588,19.984121,-35.186401,43.149918,6.5328908,20.505491,-33.657131,46.722916
9.800000000000001,27,-6.9364028,4.1610961,-15.092001,1.219196,9.8000002,0,-2.5363855,4.9837971,-12.304448,7.2316775,3.9587429,19.868607,-34.983009,42.900497,6.4951282,20.386961,-33.462582,46.452839
9.9,27,-6.8960752,4.1369038,-15.004258,1.2121077,9.8999996,0,-2.5216391,4.9548216,-12.232911,7.1896329,3.9357269,19.753092,-34.779621,42.651077,6.457366,20.268433,-33.268032,46.182766
10,27,-6.8557467,4.1127114,-14.916513,1.2050194,10,0,-2.5068927,4.9258461,-12.161373,7.1475883,3.9127109,19.637577,-34.576233,42.401653,6.4196038,20.149904,-33.073483,45.912689
10.1,27,-6.8154187,4.0885191,-14.828769,1.1979309,10.1,0,-2.4921463,4.8968706,-12.089836,7.1055431,3.8896949,19.52206,-34.372841,42.152229,6.3818412,20.031374,-32.878933,45.642612
10.2,27,-6.7750912,4.0643268,-14.741025,1.1908426,10.2,0,-2.4773998,4.8678951,-12.018299,7.063499,3.866679,19.406546,-34.169453,41.902809,6.344079,19.912848,-32.684383,45.37254
10.3,27,-6.7347631,4.040134,-14.65328,1.1837542,10.3,0,-2.4626534,4.8389192,-11.946761,7.0214543,3.843663,19.291031,-33.966061,41.653389,6.3063164,19.794317,-32.489834,45.102467
10.4,27,-6.6944356,4.0159416,-14.565536,1.1766659,10.4,0,-2.447907,4.8099437,-11.875224,6.9794097,3.8206472,19.175516,-33.762672,41.403969,6.2685542,19.675789,-32.295284,44.832394
10.5,27,-6.6541071,3.9917493,-14.477792,1.1695776,10.5,0,-2.4331605,4.7809682,-11.803686,6.9373651,3.7976313,19.060001,-33.559284,41.154545,6.2307916,19.557261,-32.100735,44.562317
10.6,27,-6.6137791,3.9675567,-14.390048,1.1624892,10.6,0,-2.4184141,4.7519927,-11.732148,6.8953199,3.774615,18.944485,-33.355892,40.905125,6.1930294,19.43873,-31.906183,44.29224
10.7,27,-6.5734515,3.9433646,-14.302304,1.1554009,10.7,0,-2.4036677,4.7230172,-11.660611,6.8532758,3.7515993,18.82897,-33.152504,40.655704,6.1552672,19.320202,-31.711634,44.022167
10.8,27,-6.5331235,3.919172,-14.21456,1.1483124,10.8,0,-2.3889213,4.6940413,-11.589073,6.8112311,3.7285833,18.713455,-32.949116,40.406281,6.1175046,19.201674,-31.517082,43.75209
10.9,27,-6.4927959,3.8949797,-14.126816,1.1412241,10.9,0,-2.3741748,4.6650662,-11.517536,6.7691865,3.7055674,18.59794,-32.745728,40.15686,6.0797424,19.083145,-31.322535,43.482018
11,27,-6.4524679,3.8707871,-14.039071,1.1341358,11,0,-2.3594284,4.6360903,-11.445999,6.7271419,3.6825514,18.482426,-32.542336,39.90744,6.0419798,18.964615,-31.127983,43.211945
11.1,27,-6.4121394,3.8465948,-13.951326,1.1270474,11.1,0,-2.344682,4.6071148,-11.374461,6.6850972,3.6595354,18.366909,-32.338943,39.658016,6.0042171,18.846087,-30.933434,42.941868
11.2,27,-6.3718119,3.8224025,-13.863583,1.1199591,11.2,0,-2.3299356,4.5781393,-11.302924,6.6430526,3.6365197,18.251394,-32.135555,39.408596,5.966455,18.727558,-30.738884,42.671795
11.3,27,-6.3314838,3.7982099,-13.775839,1.1128708,11.3,0,-2.3151891,4.5491638,-11.231386,6.6010079,3.6135035,18.13588,-31.932167,39.159172,5.9286928,18.609028,-30.544334,42.401718
11.4,27,-6.2911563,3.7740176,-13.688095,1.1057825,11.4,0,-2.3004427,4.5201883,-11.159849,6.5589633,3.5904877,18.020365,-31.728779,38.909752,5.8909307,18.490501,-30.349785,42.131645
11.5,27,-6.2508283,3.749825,-13.60035,1.0986941,11.5,0,-2.2856963,4.4912124,-11.088311,6.5169187,3.5674717,17.90485,-31.525387,38.660332,5.853168,18.371971,-30.155233,41.861568
11.6,27,-6.2105002,3.7256327,-13.512606,1.0916057,11.6,0,-2.2709498,4.4622369,-11.016773,6.474874,3.5444558,17.789333,-31.321997,38.410908,5.8154054,18.253443,-29.960684,41.591496
11.7,27,-6.1701722,3.7014403,-13.424862,1.0845174,11.7,0,-2.2562034,4.4332614,-10.945236,6.4328294,3.5214398,17.673819,-31.118608,38.161488,5.7776432,18.134914,-29.766134,41.321423
11.8,27,-6.1298442,3.6772478,-13.337117,1.0774291,11.8,0,-2.241457,4.4042859,-10.873698,6.3907847,3.4984238,17.558304,-30.915218,37.912067,5.739881,18.016384,-29.571585,41.051346
11.9,27,-6.0895166,3.6530554,-13.249373,1.0703408,11.9,0,-2.2267106,4.3753104,-10.802161,6.3487401,3.4754081,17.442789,-30.71183,37.662647,5.7021189,17.897856,-29.377035,40.781273
12,27,-6.0491886,3.6288631,-13.16163,1.0632523,12,0,-2.2119641,4.3463349,-10.730624,6.3066955,3.4523919,17.327272,-30.50844,37.413223,5.6643562,17.779327,-29.182486,40.511196
12.1,27,-6.0088606,3.6046705,-13.073885,1.0561639,12.1,0,-2.1972177,4.317359,-10.659086,6.2646508,3.4293759,17.211758,-30.30505,37.163803,5.6265936,17.660797,-28.987934,40.241119
12.2,27,-5.9685326,3.5804782,-12.986141,1.0490756,12.2,0,-2.1824713,4.2883835,-10.587549,6.2226062,3.4063601,17.096243,-30.101662,36.914383,5.5888314,17.542269,-28.793385,39.971046
12.3,27,-5.9282045,3.5562856,-12.898396,1.0419873,12.3,0,-2.1677248,4.259408,-10.516011,6.1805615,3.3833442,16.980728,-29.89827,36.664959,5.5510688,17.42374,-28.598835,39.700974
12.4,27,-5.887877,3.5320935,-12.810653,1.034899,12.4,0,-2.1529784,4.2304325,-10.444474,6.1385169,3.3603282,16.865213,-29.694881,36.415539,5.5133066,17.305212,-28.404285,39.430901
12.5,27,-5.847549,3.507901,-12.722908,1.0278106,12.5,0,-2.138232,4.201457,-10.372936,6.0964723,3.3373122,16.749697,-29.491491,36.166115,5.4755445,17.186684,-28.209736,39.160824
12.6,27,-5.8072209,3.4837084,-12.635164,1.0207223,12.6,0,-2.1234856,4.1724811,-10.301398,6.0544276,3.3142962,16.634182,-29.288101,35.916695,5.4377818,17.068153,-28.015184,38.890747
12.7,27,-5.7668929,3.459516,-12.547421,1.0136338,12.7,0,-2.1087391,4.1435061,-10.229861,6.012383,3.2912805,16.518667,-29.084713,35.667274,5.4000196,16.949625,-27.820635,38.620674
12.8,27,-5.7265649,3.4353237,-12.459676,1.0065455,12.8,0,-2.0939927,4.1145301,-10.158323,5.9703383,3.2682643,16.403152,-28.881323,35.41785,5.362257,16.831097,-27.626085,38.350597
12.9,27,-5.6862373,3.4111314,-12.371932,.99945724,12.9,0,-2.0792463,4.0855546,-10.086786,5.9282937,3.2452486,16.287638,-28.677935,35.16843,5.3244948,16.712568,-27.431536,38.080524
13,27,-5.6459093,3.3869388,-12.284187,.99236882,13,0,-2.0644999,4.0565791,-10.015249,5.8862491,3.2222326,16.172121,-28.474545,34.91901,5.2867322,16.594038,-27.236986,37.810452
13.1,27,-5.6055813,3.3627462,-12.196443,.98528045,13.1,0,-2.0497534,4.0276036,-9.9437113,5.8442044,3.1992164,16.056606,-28.271152,34.669586,5.24897,16.47551,-27.042435,37.540375
13.2,27,-5.5652533,3.3385539,-12.108699,.97819215,13.2,0,-2.035007,3.9986281,-9.8721743,5.8021598,3.1762006,15.941092,-28.067764,34.420166,5.2112079,16.356981,-26.847887,37.270302
13.3,27,-5.5249252,3.3143616,-12.020954,.97110379,13.3,0,-2.0202606,3.9696524,-9.8006363,5.7601151,3.1531847,15.825576,-27.864374,34.170742,5.1734452,16.238451,-26.653336,37.000225
13.4,27,-5.4845977,3.2901692,-11.933211,.96401548,13.4,0,-2.0055141,3.9406769,-9.7290993,5.7180705,3.1301689,15.710062,-27.660986,33.921326,5.1356831,16.119925,-26.458786,36.730152
13.5,27,-5.4442697,3.2659767,-11.845467,.95692712,13.5,0,-1.9907677,3.9117012,-9.6575613,5.6760259,3.1071527,15.594546,-27.457596,33.671902,5.0979204,16.001394,-26.264236,36.460075
13.6,27,-5.4039416,3.2417841,-11.757722,.9498387,13.6,0,-1.9760213,3.8827257,-9.5860233,5.6339812,3.0841367,15.479031,-27.254206,33.422478,5.0601578,15.882865,-26.069685,36.190002
13.7,27,-5.3636141,3.217592,-11.669978,.94275039,13.7,0,-1.961275,3.8537502,-9.5144863,5.5919366,3.061121,15.363516,-27.050817,33.173058,5.0223961,15.764337,-25.875137,35.91993
13.8,27,-5.3232856,3.1933994,-11.582233,.93566203,13.8,0,-1.9465284,3.8247745,-9.4429483,5.5498919,3.038105,15.248,-26.847427,32.923637,4.9846334,15.645807,-25.680586,35.649853
13.9,27,-5.282958,3.1692071,-11.49449,.92857373,13.9,0,-1.9317821,3.795799,-9.3714113,5.5078473,3.015089,15.132485,-26.644037,32.674217,4.9468713,15.52728,-25.486038,35.37978
14,27,-5.24263,3.1450145,-11.406745,.92148536,14,0,-1.9170356,3.7668235,-9.2998743,5.4658027,2.9920731,15.016971,-26.440647,32.424793,4.9091086,15.408751,-25.291487,35.109703
14.1,27,-5.202302,3.1208222,-11.319001,.914397,14.1,0,-1.9022892,3.7378478,-9.2283363,5.423758,2.9690571,14.901455,-26.237257,32.175373,4.871346,15.290221,-25.096935,34.83963
14.2,27,-5.1619744,3.0966299,-11.231257,.9073087,14.2,0,-1.8875428,3.7088723,-9.1567993,5.3817134,2.9460411,14.78594,-26.033869,31.925951,4.8335838,15.171693,-24.902388,34.569553
14.3,27,-5.1216464,3.0724373,-11.143513,.90022027,14.3,0,-1.8727963,3.6798966,-9.0852613,5.3396688,2.9230251,14.670424,-25.830479,31.676529,4.7958217,15.053164,-24.707836,34.29948
14.4,27,-5.0813184,3.048245,-11.055769,.89313197,14.4,0,-1.85805,3.6509213,-9.0137243,5.2976241,2.9000094,14.55491,-25.62709,31.427109,4.7580595,14.934635,-24.513288,34.029408
14.5,27,-5.0409904,3.0240526,-10.968024,.88604361,14.5,0,-1.8433034,3.6219456,-8.9421864,5.2555795,2.8769934,14.439394,-25.4237,31.177687,4.7202969,14.816106,-24.318737,33.759331
14.6,27,-5.0006623,2.99986,-10.88028,.87895525,14.6,0,-1.828557,3.5929699,-8.8706484,5.2135348,2.8539772,14.323879,-25.22031,30.928265,4.6825342,14.697577,-24.124187,33.489254
14.7,27,-4.9603348,2.9756677,-10.792536,.87186694,14.7,0,-1.8138107,3.5639946,-8.7991114,5.1714902,2.8309615,14.208364,-25.01692,30.678844,4.6447721,14.579048,-23.929638,33.219181
14.8,27,-4.9200068,2.9514751,-10.704792,.86477858,14.8,0,-1.7990642,3.5350189,-8.7275734,5.1294456,2.8079455,14.092849,-24.81353,30.429422,4.6070094,14.460519,-23.735086,32.949108
14.9,27,-4.8796787,2.9272828,-10.617048,.85769022,14.9,0,-1.7843179,3.5060434,-8.6560364,5.0874009,2.7849295,13.977334,-24.610142,30.180002,4.5692472,14.341991,-23.540539,32.679031
15,27,-4.8393507,2.9030905,-10.529304,.85060185,15,0,-1.7695713,3.4770677,-8.5844994,5.0453563,2.7619135,13.861818,-24.406752,29.930578,4.5314851,14.223462,-23.345987,32.408958
15.1,27,-4.7990227,2.8788979,-10.441559,.84351349,15.1,0,-1.7548249,3.4480922,-8.5129614,5.0033116,2.7388976,13.746304,-24.203362,29.681156,4.4937224,14.104933,-23.151438,32.138882
15.2,27,-4.7586951,2.8547056,-10.353815,.83642519,15.2,0,-1.7400784,3.4191167,-8.4414244,4.961267,2.7158818,13.630789,-23.999973,29.431736,4.4559603,13.986404,-22.956888,31.868809
15.3,27,-4.7183671,2.830513,-10.26607,.82933682,15.3,0,-1.725332,3.390141,-8.3698864,4.9192224,2.6928656,13.515273,-23.796583,29.182314,4.4181976,13.867875,-22.762337,31.598734
15.4,27,-4.6780391,2.8063209,-10.178327,.82224852,15.4,0,-1.7105857,3.3611658,-8.2983494,4.8771777,2.6698499,13.399758,-23.593195,28.932894,4.3804355,13.749347,-22.567789,31.328659
15.5,27,-4.637711,2.7821283,-10.090583,.8151601,15.5,0,-1.6958392,3.33219,-8.2268114,4.8351331,2.6468339,13.284243,-23.389803,28.683472,4.3426728,13.630817,-22.373238,31.058584
15.6,27,-4.597383,2.7579358,-10.002838,.80807173,15.6,0,-1.6810927,3.3032143,-8.1552734,4.7930884,2.6238179,13.168727,-23.186413,28.43405,4.3049107,13.512288,-22.178688,30.788509
15.7,27,-4.5570555,2.7337434,-9.9150944,.80098343,15.7,0,-1.6663463,3.2742388,-8.0837364,4.7510438,2.6008019,13.053213,-22.983025,28.184629,4.2671485,13.39376,-21.984138,30.518436
15.8,27,-4.5167274,2.7095511,-9.8273497,.79389507,15.8,0,-1.6515999,3.2452633,-8.0121994,4.7089992,2.577786,12.937697,-22.779634,27.935207,4.2293859,13.27523,-21.789589,30.24836
15.9,27,-4.4763994,2.6853588,-9.7396059,.78680676,15.9,0,-1.6368536,3.2162879,-7.9406619,4.666955,2.5547702,12.822183,-22.576246,27.685787,4.1916237,13.156702,-21.595039,29.978287
16,27,-4.4360714,2.6611662,-9.6518612,.7797184,16,0,-1.622107,3.1873121,-7.8691239,4.6249099,2.531754,12.706667,-22.372856,27.436363,4.153861,13.038174,-21.400488,29.708212
16.1,27,-4.3957434,2.6369736,-9.5641174,.77262998,16.1,0,-1.6073606,3.1583364,-7.7975864,4.5828652,2.508738,12.591151,-22.169466,27.186941,4.1160989,12.919644,-21.205938,29.438135
16.2,27,-4.3554153,2.6127813,-9.4763727,.76554161,16.200001,0,-1.5926141,3.1293609,-7.7260485,4.5408206,2.4857221,12.475636,-21.966076,26.937519,4.0783362,12.801115,-21.011387,29.16806
16.3,27,-4.3150883,2.5885892,-9.3886299,.75845337,16.299999,0,-1.5778679,3.1003857,-7.6545119,4.4987764,2.4627066,12.360123,-21.762688,26.688101,4.0405746,12.682588,-20.816841,28.897989
16.4,27,-4.2747602,2.5643966,-9.3008852,.75136501,16.4,0,-1.5631214,3.0714099,-7.5829744,4.4567318,2.4396904,12.244607,-21.559298,26.438679,4.0028119,12.564058,-20.62229,28.627914
16.5,27,-4.2344317,2.540204,-9.2131405,.74427664,16.5,0,-1.5483749,3.0424342,-7.5114365,4.4146867,2.4166744,12.129091,-21.355907,26.189257,3.9650493,12.445529,-20.42774,28.357838
16.6,27,-4.1941037,2.5160117,-9.1253958,.73718828,16.6,0,-1.5336285,3.0134587,-7.439899,4.372642,2.3936584,12.013576,-21.152517,25.939835,3.9272869,12.327,-20.233189,28.087763
16.7,27,-4.1537757,2.4918191,-9.0376511,.73009986,16.700001,0,-1.5188819,2.984483,-7.368361,4.3305974,2.3706424,11.89806,-20.949127,25.690413,3.8895242,12.20847,-20.038637,27.817686
16.8,27,-4.1134486,2.467627,-8.9499083,.72301161,16.799999,0,-1.5041357,2.9555078,-7.2968249,4.2885532,2.3476267,11.782547,-20.745741,25.440994,3.8517625,12.089943,-19.844091,27.547615
16.9,27,-4.0731206,2.4434345,-8.8621645,.71592325,16.9,0,-1.4893893,2.9265323,-7.225287,4.2465086,2.3246107,11.667031,-20.542351,25.191572,3.8139999,11.971414,-19.64954,27.27754
17,27,-4.0327921,2.4192419,-8.7744198,.70883489,17,0,-1.4746428,2.8975565,-7.153749,4.2044635,2.3015947,11.551516,-20.338961,24.942148,3.7762375,11.852884,-19.45499,27.007465
17.1,27,-3.9924643,2.3950496,-8.6866751,.70174652,17.1,0,-1.4598963,2.8685808,-7.0822115,4.1624188,2.2785785,11.436,-20.135569,24.692726,3.7384748,11.734355,-19.260439,26.737389
17.2,27,-3.9521363,2.370857,-8.5989304,.69465816,17.200001,0,-1.4451498,2.8396051,-7.0106735,4.1203742,2.2555625,11.320484,-19.932178,24.443304,3.7007124,11.615827,-19.065889,26.467314
17.3,27,-3.911809,2.3466649,-8.5111876,.68756992,17.299999,0,-1.4304036,2.8106301,-6.9391375,4.07833,2.232547,11.204971,-19.728792,24.193886,3.6629505,11.497299,-18.871342,26.197243
17.4,27,-3.8714807,2.3224723,-8.4234428,.68048149,17.4,0,-1.4156572,2.7816544,-6.8675995,4.0362854,2.2095311,11.089456,-19.525402,23.944464,3.6251881,11.37877,-18.67679,25.927168
17.5,27,-3.8311527,2.29828,-8.3356981,.67339313,17.5,0,-1.4009106,2.7526786,-6.7960615,3.9942405,2.1865149,10.97394,-19.322012,23.695042,3.5874255,11.260241,-18.482241,25.657091
17.6,27,-3.7908247,2.2740874,-8.2479544,.66630477,17.6,0,-1.3861642,2.7237029,-6.724524,3.9521956,2.1634989,10.858424,-19.118622,23.44562,3.5496631,11.141711,-18.287689,25.387016
17.7,27,-3.7504966,2.2498949,-8.1602097,.6592164,17.700001,0,-1.3714176,2.6947274,-6.652986,3.9101508,2.1404829,10.742908,-18.915232,23.196198,3.5119004,11.023182,-18.09314,25.11694
17.8,27,-3.7101693,2.2257028,-8.0724669,.65212816,17.799999,0,-1.3566715,2.6657522,-6.58145,3.8681068,2.1174672,10.627396,-18.711845,22.946779,3.4741387,10.904655,-17.898592,24.84687
17.9,27,-3.6698411,2.2015104,-7.9847221,.6450398,17.9,0,-1.341925,2.6367764,-6.509912,3.826062,2.0944512,10.51188,-18.508453,22.697357,3.4363761,10.786125,-17.704041,24.576794
18,27,-3.629513,2.1773179,-7.8969774,.63795137,18,0,-1.3271785,2.607801,-6.438374,3.7840173,2.0714352,10.396364,-18.305063,22.447935,3.3986137,10.667596,-17.509491,24.306719
18.1,27,-3.589185,2.1531253,-7.8092332,.63086301,18.1,0,-1.3124321,2.5788252,-6.3668365,3.7419724,2.0484192,10.280849,-18.101673,22.198511,3.360851,10.549067,-17.314939,24.036642
18.2,27,-3.548857,2.1289327,-7.7214885,.62377465,18.200001,0,-1.2976855,2.5498495,-6.2952986,3.6999276,2.025403,10.165333,-17.898283,21.949089,3.3230886,10.430537,-17.12039,23.766567
18.3,27,-3.5085297,2.1047406,-7.6337457,.6166864,18.299999,0,-1.2829393,2.5208743,-6.2237625,3.6578836,2.0023875,10.049819,-17.694897,21.699671,3.285327,10.312011,-16.925842,23.496496
18.4,27,-3.4682016,2.0805483,-7.546001,.60959804,18.4,0,-1.2681929,2.4918988,-6.1522245,3.6158388,1.9793714,9.9343042,-17.491507,21.450249,3.2475643,10.193481,-16.731293,23.226421
18.5,27,-3.4278734,2.0563557,-7.4582567,.60250968,18.5,0,-1.2534463,2.462923,-6.0806866,3.5737941,1.9563555,9.8187885,-17.288116,21.200827,3.2098019,10.074952,-16.536741,22.956345
18.6,27,-3.3875453,2.0321631,-7.370512,.59542125,18.6,0,-1.2386999,2.4339473,-6.0091491,3.5317492,1.9333395,9.7032728,-17.084726,20.951405,3.1720393,9.9564228,-16.34219,22.68627
18.7,27,-3.3472173,2.0079706,-7.2827678,.58833289,18.700001,0,-1.2239534,2.4049716,-5.9376111,3.4897044,1.9103234,9.5877571,-16.881334,20.701982,3.1342769,9.8378935,-16.14764,22.416193
18.8,27,-3.30689,1.9837786,-7.1950245,.58124465,18.799999,0,-1.2092072,2.3759966,-5.866075,3.4476604,1.8873078,9.4722433,-16.677948,20.452564,3.0965149,9.7193661,-15.953094,22.146124
18.9,27,-3.266562,1.9595861,-7.1072803,.57415628,18.9,0,-1.1944607,2.3470209,-5.7945371,3.4056156,1.8642918,9.3567276,-16.474558,20.203142,3.0587525,9.6008368,-15.758542,21.876047
19,27,-3.226234,1.9353936,-7.0195355,.56706792,19,0,-1.1797142,2.3180451,-5.7229996,3.3635709,1.8412757,9.2412128,-16.271168,19.95372,3.0209899,9.4823074,-15.563992,21.605972
19.1,27,-3.1859057,1.9112011,-6.9317913,.55997956,19.1,0,-1.1649678,2.2890694,-5.6514616,3.3215261,1.8182597,9.1256971,-16.067778,19.704296,2.9832275,9.3637781,-15.369441,21.335896
19.2,27,-3.1455777,1.8870085,-6.8440466,.55289114,19.200001,0,-1.1502212,2.2600939,-5.5799236,3.2794814,1.7952436,9.0101814,-15.864388,19.454874,2.9454648,9.2452488,-15.174891,21.065821
19.3,27,-3.1052504,1.8628166,-6.7563038,.54580289,19.299999,0,-1.135475,2.2311187,-5.5083876,3.2374372,1.772228,8.8946676,-15.661,19.205458,2.9077032,9.1267223,-14.980344,20.79575
19.4,27,-3.0649223,1.838624,-6.6685591,.53871453,19.4,0,-1.1207286,2.202143,-5.4368496,3.1953926,1.749212,8.7791519,-15.45761,18.956034,2.8699405,9.008193,-14.785793,20.525675
19.5,27,-3.0245943,1.8144315,-6.5808148,.53162616,19.5,0,-1.1059821,2.1731675,-5.3653121,3.1533477,1.7261959,8.6636362,-15.25422,18.706612,2.8321781,8.8896637,-14.591243,20.255598
19.6,27,-2.9842663,1.790239,-6.4930701,.5245378,19.6,0,-1.0912356,2.1441917,-5.2937741,3.1113029,1.70318,8.5481215,-15.05083,18.45719,2.7944155,8.7711344,-14.396691,19.985523
19.7,27,-2.943938,1.7660465,-6.4053254,.51744944,19.700001,0,-1.0764891,2.115216,-5.2222362,3.0692582,1.6801639,8.4326057,-14.847439,18.207767,2.7566531,8.6526051,-14.202141,19.715446
19.8,27,-2.9036107,1.7418544,-6.3175826,.51036119,19.799999,0,-1.0617429,2.086241,-5.1507001,3.0272141,1.6571484,8.3170919,-14.644053,17.958349,2.7188911,8.5340776,-14.007594,19.445377
19.9,27,-2.8632827,1.717662,-6.2298384,.50327277,19.9,0,-1.0469965,2.0572653,-5.0791621,2.9851694,1.6341323,8.2015762,-14.440662,17.708927,2.6811287,8.4155483,-13.813044,19.175301
20,27,-2.8229547,1.6934694,-6.1420937,.49618441,20,0,-1.0322499,2.0282896,-5.0076246,2.9431245,1.6111163,8.0860605,-14.237272,17.459505,2.6433661,8.297019,-13.618493,18.905226
20.1,27,-2.7826266,1.669277,-6.0543489,.48909605,20.1,0,-1.0175035,1.9993138,-4.9360867,2.9010797,1.5881002,7.9705453,-14.033881,17.210081,2.6056037,8.1784897,-13.423943,18.635149
20.2,27,-2.7422984,1.6450844,-5.9666047,.48200768,20.200001,0,-1.002757,1.9703382,-4.8645487,2.859035,1.5650842,7.8550296,-13.830491,16.960659,2.5678411,8.0599604,-13.229391,18.365074
20.3,27,-2.7019711,1.6208923,-5.8788619,.47491944,20.299999,0,-.98801076,1.9413631,-4.7930126,2.8169909,1.5420686,7.7395163,-13.627105,16.711243,2.5300794,7.9414339,-13.034844,18.095003
20.4,27,-2.661643,1.5966998,-5.7911172,.46783105,20.4,0,-.97326428,1.9123874,-4.7214746,2.7749462,1.5190525,7.6240005,-13.423715,16.461819,2.492317,7.8229046,-12.840294,17.824928
20.5,27,-2.621315,1.5725073,-5.7033725,.46074268,20.5,0,-.95851779,1.8834118,-4.6499372,2.7329013,1.4960365,7.5084853,-13.220324,16.212397,2.4545543,7.7043753,-12.645743,17.554852
20.6,27,-2.580987,1.5483148,-5.6156282,.45365429,20.6,0,-.9437713,1.854436,-4.5783992,2.6908565,1.4730204,7.3929696,-13.016933,15.962975,2.4167919,7.5858459,-12.451193,17.284777
20.7,27,-2.540659,1.5241222,-5.5278835,.44656593,20.700001,0,-.92902482,1.8254604,-4.5068612,2.6488118,1.4500045,7.2774539,-12.813543,15.713552,2.3790293,7.4673166,-12.256642,17.0147
20.8,27,-2.5003316,1.4999303,-5.4401407,.43947768,20.799999,0,-.91427863,1.7964853,-4.4353251,2.6067677,1.4269888,7.1619406,-12.610157,15.464134,2.3412676,7.3487892,-12.062095,16.744631
20.9,27,-2.4600034,1.4757377,-5.352396,.43238932,20.9,0,-.89953214,1.7675096,-4.3637872,2.564723,1.4039729,7.0464249,-12.406766,15.214712,2.3035049,7.2302604,-11.867544,16.474554
21,27,-2.4196754,1.4515452,-5.2646518,.42530093,21,0,-.88478565,1.7385339,-4.2922497,2.5226781,1.3809568,6.9309092,-12.203376,14.965289,2.2657425,7.1117311,-11.672994,16.204479
21.1,27,-2.3793473,1.4273527,-5.1769071,.41821256,21.1,0,-.87003917,1.7095582,-4.2207117,2.4806333,1.3579408,6.8153939,-11.999986,14.715867,2.2279799,6.9932017,-11.478443,15.934403
21.2,27,-2.3390193,1.4031602,-5.0891628,.41112417,21.200001,0,-.85529268,1.6805825,-4.1491737,2.4385886,1.3349247,6.6998782,-11.796596,14.466445,2.1902175,6.8746724,-11.283893,15.664328
21.3,27,-2.298692,1.3789681,-5.00142,.40403596,21.299999,0,-.84054649,1.6516074,-4.0776377,2.3965447,1.3119091,6.5843649,-11.593208,14.217027,2.1524556,6.756145,-11.089346,15.394257
21.4,27,-2.258364,1.3547757,-4.9136753,.39694756,21.4,0,-.8258,1.6226318,-4.0060997,2.3544998,1.2888931,6.4688492,-11.389818,13.967605,2.1146932,6.6376157,-10.894795,15.124181
21.5,27,-2.2180357,1.3305831,-4.8259306,.3898592,21.5,0,-.81105351,1.5936561,-3.934562,2.3124549,1.265877,6.3533335,-11.186428,13.718182,2.0769305,6.5190868,-10.700244,14.854106
21.6,27,-2.1777077,1.3063906,-4.7381864,.38277081,21.6,0,-.79630703,1.5646805,-3.8630242,2.2704103,1.242861,6.2378178,-10.983038,13.46876,2.0391681,6.4005575,-10.505693,14.58403
21.7,27,-2.1373796,1.2821981,-4.6504416,.37568244,21.700001,0,-.78156054,1.5357047,-3.7914865,2.2283654,1.2198449,6.1223025,-10.779647,13.219337,2.0014055,6.2820282,-10.311143,14.313954
21.8,27,-2.0970523,1.258006,-4.5626988,.3685942,21.799999,0,-.76681435,1.5067296,-3.7199502,2.1863215,1.1968294,6.0067892,-10.576261,12.969919,1.9636438,6.1635008,-10.116596,14.043883
21.9,27,-2.0567243,1.2338135,-4.4749541,.36150581,21.9,0,-.75206786,1.4777539,-3.6484125,2.1442766,1.1738133,5.8912735,-10.37287,12.720497,1.9258813,6.0449715,-9.9220457,13.773808
22,27,-2.016396,1.209621,-4.3872099,.35441744,22,0,-.73732138,1.4487783,-3.5768745,2.1022317,1.1507974,5.7757578,-10.16948,12.471074,1.8881187,5.9264421,-9.7274952,13.503733
22.1,27,-1.9760681,1.1854285,-4.2994652,.34732908,22.1,0,-.72257489,1.4198025,-3.5053368,2.0601871,1.1277813,5.6602421,-9.9660892,12.221652,1.8503562,5.8079133,-9.5329447,13.233657
22.2,27,-1.93574,1.1612359,-4.2117209,.34024069,22.200001,0,-.7078284,1.3908269,-3.433799,2.0181422,1.1047653,5.5447264,-9.7626991,11.97223,1.8125937,5.689384,-9.3383932,12.963581
22.3,27,-1.8954127,1.137044,-4.1239777,.33315244,22.299999,0,-.69308221,1.3618518,-3.3622627,1.9760982,1.0817497,5.429213,-9.5593128,11.722812,1.7748319,5.5708566,-9.1438465,12.69351
22.4,27,-1.8550847,1.1128514,-4.0362334,.32606408,22.4,0,-.67833573,1.3328761,-3.290725,1.9340534,1.0587336,5.3136978,-9.3559227,11.47339,1.7370694,5.4523273,-8.949296,12.423435
22.5,27,-1.8147565,1.0886589,-3.9484887,.31897569,22.5,0,-.66358924,1.3039005,-3.219187,1.8920087,1.0357176,5.1981821,-9.1525316,11.223968,1.6993068,5.3337979,-8.7547455,12.153359
22.6,27,-1.7744285,1.0644664,-3.8607442,.31188732,22.6,0,-.64884275,1.2749248,-3.1476493,1.8499638,1.0127015,5.0826664,-8.9491415,10.974545,1.6615443,5.2152686,-8.560195,11.883284
22.7,27,-1.7341003,1.0402739,-3.7729998,.30479896,22.700001,0,-.63409626,1.245949,-3.0761116,1.807919,.98968554,4.9671507,-8.7457514,10.725122,1.6237818,5.0967398,-8.3656445,11.613208
22.8,27,-1.693773,1.0160818,-3.685257,.29771072,22.799999,0,-.61935008,1.2169739,-3.0045753,1.765875,.96666992,4.8516374,-8.5423651,10.475704,1.58602,4.9782124,-8.1710968,11.343137
22.9,27,-1.653445,.9918893,-3.5975122,.29062232,22.9,0,-.60460359,1.1879983,-2.9330375,1.7238302,.94365388,4.7361217,-8.338974,10.226282,1.5482575,4.859683,-7.9765468,11.073062
23,27,-1.613117,.96769679,-3.5097678,.28353396,23,0,-.5898571,1.1590226,-2.8614998,1.6817855,.92063785,4.6206064,-8.1355839,9.97686,1.5104949,4.7411537,-7.7819958,10.802986
23.1,27,-1.5727888,.94350427,-3.4220233,.27644557,23.1,0,-.57511061,1.130047,-2.7899618,1.6397407,.89762181,4.5050907,-7.9321938,9.727437,1.4727324,4.6226244,-7.5874453,10.53291
23.2,27,-1.5324608,.91931176,-3.3342788,.2693572,23.200001,0,-.56036413,1.1010712,-2.7184241,1.5976958,.87460577,4.389575,-7.7288032,9.4780149,1.4349699,4.5040951,-7.3928947,10.262835
23.3,27,-1.4921335,.89511973,-3.2465358,.26226896,23.299999,0,-.54561794,1.0720961,-2.6468878,1.5556519,.85159022,4.2740617,-7.5254169,9.2285967,1.3972081,4.3855681,-7.1983476,9.9927635
23.4,27,-1.4518054,.87092721,-3.1587913,.2551806,23.4,0,-.53087145,1.0431205,-2.57535,1.513607,.82857418,4.158546,-7.3220263,8.9791746,1.3594456,4.2670388,-7.0037971,9.7226887
23.5,27,-1.4114773,.8467347,-3.0710468,.2480922,23.5,0,-.51612496,1.0141448,-2.5038123,1.4715623,.80555815,4.0430303,-7.1186361,8.7297525,1.321683,4.1485095,-6.8092465,9.4526129
23.6,27,-1.3711492,.82254219,-2.9833024,.24100384,23.6,0,-.50137848,.98516911,-2.4322743,1.4295175,.78254211,3.9275148,-6.9152455,8.4803295,1.2839205,4.0299802,-6.6146955,9.1825371
23.7,27,-1.3308212,.79834968,-2.8955579,.23391546,23.700001,0,-.48663202,.95619345,-2.3607366,1.3874726,.75952607,3.8119993,-6.7118554,8.2309074,1.2461581,3.9114511,-6.420145,8.9124613
23.8,27,-1.2904938,.77415764,-2.8078148,.22682722,23.799999,0,-.4718858,.92721832,-2.2892003,1.3454287,.73651046,3.6964858,-6.5084686,7.9814897,1.2083963,3.7929239,-6.2255983,8.6423912
23.9,27,-1.2501658,.74996513,-2.7200704,.21973884,23.9,0,-.45713931,.89824265,-2.2176626,1.3033838,.71349442,3.5809703,-6.3050785,7.7320671,1.1706338,3.6743946,-6.0310473,8.3723154
24,27,-1.2098377,.72577262,-2.6323259,.21265046,24,0,-.44239283,.86926693,-2.1461248,1.2613391,.69047838,3.4654546,-6.1016879,7.4826446,1.1328713,3.5558655,-5.8364968,8.1022396
24.1,27,-1.1695096,.70158011,-2.5445814,.20556208,24.1,0,-.42764634,.84029126,-2.0745869,1.2192943,.66746235,3.3499391,-5.8982978,7.2332225,1.0951087,3.4373362,-5.6419463,7.8321638
24.2,27,-1.1291815,.6773876,-2.4568367,.19847372,24.200001,0,-.41289985,.8113156,-2.0030491,1.1772494,.64444631,3.2344234,-5.6949072,6.9837999,1.0573462,3.3188069,-5.4473958,7.562088
24.3,27,-1.0888542,.6531955,-2.3690939,.19138548,24.299999,0,-.39815366,.78234047,-1.9315128,1.1352055,.62143075,3.1189101,-5.4915209,6.7343822,1.0195844,3.2002797,-5.2528486,7.2920175
24.4,27,-1.0485262,.62900299,-2.2813494,.1842971,24.4,0,-.38340718,.7533648,-1.8599751,1.0931607,.59841472,3.0033946,-5.2881303,6.4849596,.98182189,3.0817504,-5.0582981,7.0219417
24.5,27,-1.008198,.60481048,-2.1936049,.17720872,24.5,0,-.36866069,.72438914,-1.7884372,1.0511159,.57539868,2.8878789,-5.0847402,6.2355371,.94405937,2.9632211,-4.8637476,6.7518663
24.6,27,-.96787,.58061796,-2.1058605,.17012034,24.6,0,-.3539142,.69541347,-1.7168995,1.0090711,.55238265,2.7723632,-4.8813496,5.986115,.90629685,2.844692,-4.6691966,6.4817905
24.7,27,-.92754191,.55642545,-2.0181158,.16303197,24.700001,0,-.33916771,.66643775,-1.6453618,.96702629,.52936661,2.6568477,-4.6779594,5.7366924,.86853433,2.7261627,-4.4746461,6.2117147
24.8,27,-.8872146,.53223342,-1.930373,.15594374,24.799999,0,-.32442153,.63746268,-1.5738254,.92498231,.50635099,2.5413344,-4.4745727,5.4872746,.83077252,2.6076355,-4.2800994,5.9416442
24.9,27,-.84688652,.5080409,-1.8426285,.14885536,24.9,0,-.30967504,.60848695,-1.5022876,.88293749,.48333496,2.4258187,-4.2711825,5.2378521,.79301,2.4891062,-4.0855484,5.6715684
25,27,-.80655849,.48384839,-1.7548839,.14176698,25,0,-.29492855,.57951128,-1.4307499,.84089273,.46031892,2.3103032,-4.0677919,4.98843,.75524747,2.3705769,-3.8909979,5.4014931
25.1,27,-.7662304,.45965588,-1.6671394,.1346786,25.1,0,-.28018206,.55053562,-1.359212,.79884791,.43730289,2.1947875,-3.8644016,4.7390075,.71748495,2.2520475,-3.6964474,5.1314173
25.2,27,-.72590232,.43546337,-1.5793948,.12759022,25.200001,0,-.26543558,.52155995,-1.2876743,.75680315,.41428685,2.079272,-3.6610112,4.4895849,.67972243,2.1335185,-3.5018966,4.8613415
25.3,27,-.68557501,.41127133,-1.491652,.12050199,25.299999,0,-.25068939,.49258482,-1.2161379,.71475911,.39127126,1.9637586,-3.4576247,4.2401671,.64196068,2.0149913,-3.3073497,4.5912709
25.4,27,-.64524692,.38707882,-1.4039074,.11341361,25.4,0,-.2359429,.46360916,-1.1446002,.67271435,.36825523,1.8482429,-3.2542343,3.9907448,.60419816,1.896462,-3.1127992,4.3211956
25.5,27,-.60491884,.36288631,-1.3161629,.10632523,25.5,0,-.22119641,.43463346,-1.0730624,.63066953,.34523919,1.7327273,-3.050844,3.7413223,.56643564,1.7779328,-2.9182484,4.0511198
25.6,27,-.56459075,.3386938,-1.2284184,.099236861,25.6,0,-.20644993,.4056578,-1.0015246,.58862472,.32222316,1.6172117,-2.8474536,3.4919,.52867311,1.6594034,-2.7236979,3.781044
25.7,27,-.52426267,.31450129,-1.1406739,.092148483,25.700001,0,-.19170345,.37668213,-.92998683,.54657996,.29920712,1.5016961,-2.6440632,3.2424774,.49091059,1.5408741,-2.5291471,3.5109684
25.8,27,-.48393539,.29030922,-1.0529311,.085060239,25.799999,0,-.17695725,.347707,-.85845047,.50453597,.27619153,1.3861828,-2.4406767,2.9930599,.45314878,1.4223471,-2.3346002,3.2408979
25.9,27,-.4436073,.26611671,-.96518648,.077971868,25.9,0,-.16221076,.31873134,-.78691268,.46249115,.2531755,1.2706672,-2.2372863,2.7436373,.41538626,1.3038177,-2.1400497,2.9708221
26,27,-.40327924,.2419242,-.87744194,.07088349,26,0,-.14746428,.28975564,-.71537495,.42044637,.23015946,1.1551516,-2.033896,2.494215,.37762374,1.1852884,-1.9454989,2.7007465
26.1,27,-.36295116,.21773168,-.78969741,.063795112,26.1,0,-.13271779,.26077998,-.64383715,.37840158,.20714343,1.039636,-1.8305056,2.2447925,.33986121,1.0667592,-1.7509483,2.4306707
26.2,27,-.32262307,.19353917,-.70195287,.056706738,26.200001,0,-.11797131,.2318043,-.57229936,.33635676,.18412739,.92412037,-1.6271152,1.99537,.30209869,.94822985,-1.5563977,2.1605952
26.3,27,-.28229576,.16934712,-.61421001,.049618497,26.299999,0,-.1032251,.20282918,-.500763,.29431278,.1611118,.80860698,-1.4237287,1.7459524,.26433691,.82970285,-1.3618507,1.8905246
26.4,27,-.24196769,.14515461,-.52646554,.042530119,26.4,0,-.088478625,.1738535,-.42922524,.25226799,.13809577,.69309139,-1.2203383,1.4965299,.22657439,.71117353,-1.1673001,1.6204489
26.5,27,-.20163962,.1209621,-.43872097,.035441745,26.5,0,-.073732138,.14487782,-.35768747,.21022318,.11507973,.5775758,-1.016948,1.2471075,.18881187,.59264421,-.97274947,1.3503733
26.6,27,-.16131154,.096769586,-.35097644,.028353369,26.6,0,-.058985654,.11590215,-.28614968,.16817838,.092063695,.46206018,-.81355762,.99768502,.15104935,.47411492,-.77819884,1.0802976
26.7,27,-.12098346,.072577074,-.2632319,.021264993,26.700001,0,-.044239171,.086926475,-.21461193,.12613359,.069047667,.34654459,-.61016726,.74826258,.11328684,.35558563,-.5836482,.81022185
26.8,27,-.080656156,.048385024,-.17548905,.014176751,26.799999,0,-.029492969,.05795135,-.14307553,.084089592,.046032067,.23103119,-.40678075,.49884489,.075525038,.23705859,-.38910127,.54015136
26.9,27,-.040328078,.024192512,-.087744527,.0070883757,26.9,0,-.014746484,.028975675,-.071537763,.042044796,.023016034,.1155156,-.20339037,.24942245,.037762519,.1185293,-.19455063,.27007568
27,27,0,0,0,0,27,0,0,0,0,0,0,0,0,0,0,0,0,0
27.1,27,.04031479,.024190873,-.0070984517,.087728031,27.1,.001,.014734625,.028973822,-.042053025,.071522273,-.023018353,.11550862,-.24941109,.20337439,-.037752979,.11852198,-.27005178,.19454584
27.2,27,.080549844,.048371918,-.014257372,.17535706,27.200001,.0080000004,.029398093,.057936531,-.084155418,.14295161,-.046050616,.23097539,-.49875405,.40665281,-.075448707,.23700005,-.53996027,.38906285
27.3,27,.12062468,.072532885,-.021537162,.26278651,27.299999,.027000003,.043918967,.086876482,-.12635581,.21419375,-.069110259,.34635627,-.7479561,.60973555,-.11302923,.35538808,-.80957711,.58351862
27.4,27,.16046108,.096664958,-.028998766,.34992093,27.4,.064000003,.058226652,.11578375,-.16870533,.28515863,-.092212081,.46161395,-.99695879,.81253463,-.15043873,.47364685,-1.0787694,.77789199
27.5,27,.19997856,.12075808,-.036702923,.43666002,27.5,.125,.072249711,.14464682,-.21125285,.35575226,-.11536954,.57670456,-1.2456896,1.0149506,-.18761925,.59173042,-1.3473896,.97215104
27.6,27,.23909737,.14480275,-.044710789,.52290553,27.6,.21600002,.085916989,.17345484,-.25404823,.42588222,-.13859655,.69158655,-1.4940813,1.2168882,-.22451355,.70959532,-1.6152948,1.1662678
27.7,27,.27773783,.16878967,-.053083856,.60855949,27.700001,.34299999,.099157333,.20219706,-.29714161,.49545628,-.16190703,.80621862,-1.7420665,1.4182523,-.26106435,.82719839,-1.8823434,1.3602146
27.8,27,.31581938,.1927093,-.0618839,.69352263,27.799999,.51200002,.11189929,.23086238,-.34058264,.56438124,-.18531445,.92055738,-1.9895737,1.6189449,-.29721373,.94449431,-2.1483886,1.553961
27.9,27,.35326385,.21655369,-.071173586,.77770126,27.9,.72899991,.12407229,.25944149,-.3844237,.63256824,-.20883359,1.0345664,-2.2365465,1.8188792,-.33290589,1.061445,-2.4132998,1.7474881
28,27,.38999075,.24031384,-.081015728,.8609972,28,1,.13560487,.28792366,-.42871517,.69992489,-.23247792,1.1482028,-2.482914,2.0179582,-.36808279,1.1780061,-2.6769321,1.9407666
28.1,27,.42592034,.26398152,-.091473937,.94331461,28.1,1.3310001,.14642589,.31629899,-.47350875,.76636052,-.25626138,1.2614263,-2.7286115,2.2160888,-.40268725,1.2941355,-2.939146,2.1337717
28.2,27,.46097288,.28754884,-.1026125,1.0245582,28.200001,1.7280002,.15646419,.34455776,-.51885659,.83178496,-.28019783,1.3741969,-2.9735742,2.4131787,-.43666202,1.4097918,-3.1998034,2.3264792
28.3,27,.49506789,.31100789,-.11449636,1.1046321,28.299999,2.1969998,.16564834,.37269002,-.56481069,.89610738,-.30430079,1.4864728,-3.2177341,2.6091325,-.46994913,1.5249321,-3.4587612,2.518863
28.4,27,.52812713,.33435252,-.12719178,1.183446,28.4,2.744,.17390773,.40068787,-.61142612,.95924151,-.32858503,1.5982194,-3.4610376,2.8038676,-.50249273,1.6395206,-3.7158942,2.7109087
28.5,27,.56007022,.3575758,-.14076552,1.2609059,28.5,3.375,.18117093,.42854205,-.65875602,1.0210979,-.353064,1.7093958,-3.7034183,2.9972901,-.53423494,1.7535154,-3.9710619,2.9025919
28.6,27,.59081727,.38067168,-.15528554,1.33692,28.6,4.0960002,.18736677,.4562442,-.70685542,1.081589,-.37775165,1.8199637,-3.9448149,3.1893115,-.56511843,1.8668773,-4.2241306,3.0938938
28.7,27,.62028867,.40363476,-.17082092,1.4113982,28.700001,4.9130006,.19242412,.48378646,-.75577992,1.1406282,-.40266186,1.9298855,-4.1851678,3.3798442,-.59508598,1.9795682,-4.4749684,3.2847965
28.8,27,.64840382,.4264597,-.1874418,1.4842495,28.799999,5.8319993,.19627154,.51116085,-.80558538,1.1981285,-.42780811,2.0391221,-4.4244142,3.5687978,-.62407964,2.0915484,-4.7234392,3.47528
28.9,27,.67508465,.44914332,-.20522007,1.5553893,28.9,6.8589997,.1988384,.53836155,-.85633087,1.2540077,-.45320523,2.1476417,-4.6625056,3.7560949,-.65204364,2.202786,-4.9694247,3.6653373
29,27,.70025057,.47168171,-.22422861,1.6247296,29,8,.2000533,.56538159,-.9080742,1.3081808,-.47886661,2.2554059,-4.8993812,3.9416478,-.67891991,2.3132427,-5.2127924,3.8549526
29.1,27,.72382188,.4940722,-.24454187,1.6921856,29.1,9.2609978,.19984511,.59221506,-.96087503,1.3605653,-.50480622,2.3623803,-5.1349864,4.1253743,-.7046513,2.4228842,-5.4534173,4.0441146
29.2,27,.74571878,.51631296,-.26623607,1.7576736,29.200001,10.648001,.19814256,.61885673,-1.0147942,1.4110794,-.53103799,2.4685304,-5.3692689,4.3071928,-.72918051,2.5316768,-5.6911759,4.2328148
29.3,27,.76586086,.53840256,-.28938878,1.8211105,29.299999,12.166999,.19487435,.6453014,-1.0698931,1.4596418,-.55757529,2.5738211,-5.6021719,4.4870214,-.75244963,2.6395857,-5.9259424,4.4210429
29.4,27,.78416991,.56034184,-.31407997,1.8824198,29.4,13.824001,.18996976,.67154628,-1.1262368,1.5061764,-.58443302,2.6782238,-5.8336554,4.6647892,-.7744028,2.7465842,-6.1576085,4.6088033
29.5,27,.80056542,.58213133,-.34039101,1.9415219,29.5,15.625,.18335746,.69758767,-1.1838893,1.5506041,-.6116246,2.7817056,-6.0636673,4.8404183,-.79498208,2.8526399,-6.3860536,4.7960896
29.6,27,.81496769,.60377294,-.36840552,1.9983408,29.6,17.575998,.17496626,.723423,-1.2429168,1.5928494,-.63916397,2.8842356,-6.2921619,5.013834,-.81413019,2.9577246,-6.6111641,4.9829035
29.7,27,.82729685,.62526971,-.3982093,2.052803,29.700001,19.683001,.16472496,.74905074,-1.3033875,1.6328374,-.66706496,2.9857845,-6.5190954,5.1849651,-.83178991,3.061811,-6.832829,5.1692491
29.8,27,.83747262,.64662552,-.42989013,2.1048353,29.799999,21.952,.15256217,.77446955,-1.3653703,1.6704946,-.69534117,3.0863221,-6.7444215,5.3537393,-.84790331,3.1648707,-7.0509362,5.3551292
29.9,27,.84541661,.66784662,-.46353877,2.154372,29.9,24.389002,.13840726,.79968059,-1.4289379,1.7057525,-.72400731,3.1858258,-6.968111,5.5200968,-.86241454,3.266885,-7.2653913,5.5405622
30,27,.85104847,.68893939,-.49924791,2.2013447,30,27,.12218885,.82468456,-1.4941632,1.7385409,-.75307679,3.2842677,-7.1901231,5.6839695,-.87526566,3.3678288,-7.476089,5.7255573
30.1,27,.8542884,.70991176,-.53711307,2.2456899,30.1,29.790997,.10383578,.84948343,-1.5611211,1.7687927,-.78256369,3.3816235,-7.4104238,5.8452964,-.88639945,3.4676819,-7.6829309,5.9101324
30.2,27,.85505658,.73077327,-.57723272,2.2873459,30.200001,32.768002,.083276741,.87408042,-1.6298894,1.7964429,-.81248176,3.4778702,-7.6289821,6.0040183,-.89575851,3.5664258,-7.8858247,6.0943074
30.3,27,.85327274,.7515344,-.6197077,2.3262532,30.299999,35.936996,.060440548,.89847928,-1.7005465,1.8214276,-.84284455,3.5729845,-7.8457651,6.1600761,-.90328509,3.6640415,-8.0846748,6.2781043
30.4,27,.84885836,.77220857,-.66464257,2.3623593,30.4,39.304005,.035256311,.92268646,-1.773176,1.8436886,-.87366688,3.6669507,-8.0607576,6.3134241,-.90892315,3.7605193,-8.2794056,6.4615593
30.5,27,.84173328,.79280925,-.71214426,2.3956108,30.5,42.875,.0076529104,.9467082,-1.8478612,1.8631669,-.90496212,3.7597489,-8.2739344,6.4640102,-.912615,3.855845,-8.4699326,6.6447024
30.6,27,.83181769,.81335223,-.76232338,2.4259586,30.6,46.655994,-.022440957,.97055244,-1.9246887,1.8798069,-.93674421,3.8513627,-8.4852762,6.6117878,-.9143033,3.9500086,-8.6561785,6.8275714
30.7,27,.81903154,.83385485,-.81529397,2.453357,30.700001,50.653004,-.05509663,.99422836,-2.0037484,1.893555,-.96902716,3.9417777,-8.6947699,6.7567153,-.91393054,4.0430031,-8.8380709,7.01021
30.8,27,.80329478,.8543359,-.87117279,2.4777622,30.799999,54.871998,-.090385199,1.0177461,-2.0851309,1.9043607,-1.0018244,4.0309796,-8.9023991,6.8987508,-.91143912,4.1348219,-9.0155411,7.1926632
30.9,27,.78452885,.87481713,-.93008125,2.4991388,30.9,59.319004,-.12837757,1.041119,-2.1689334,1.9121783,-1.0351505,4.1189623,-9.1081686,7.0378675,-.90677303,4.2254677,-9.1885366,7.3749909
31,27,.76265359,.89532101,-.99214339,2.5174506,31,64,-.16914491,1.0643601,-2.2552524,1.9169625,-1.0690193,4.2057157,-9.3120708,7.1740322,-.89987439,4.314939,-9.3569994,7.55725
31.1,27,.737589,.91587222,-1.0574876,2.5326655,31.1,68.920998,-.21275854,1.0874845,-2.3441889,1.918672,-1.1034445,4.291234,-9.5141087,7.30722,-.89068592,4.4032402,-9.5208778,7.7395062
31.2,27,.70925564,.93649739,-1.1262455,2.5447569,31.200001,74.087982,-.25928944,1.1105092,-2.4358473,1.9172685,-1.13844,4.375514,-9.7142897,7.4374099,-.87915051,4.4903793,-9.6801319,7.9218307
31.3,27,.67757225,.95722473,-1.1985538,2.5536983,31.299999,79.507011,-.3088097,1.1334518,-2.5303345,1.9127151,-1.1740193,4.4585524,-9.9126215,7.5645828,-.86520964,4.576364,-9.8347187,8.1042986
31.4,27,.64246166,.9780857,-1.274551,2.5594745,31.4,85.184006,-.36138901,1.1563339,-2.6277618,1.9049839,-1.2101973,4.5403562,-10.109132,7.6887374,-.84880829,4.6612144,-9.9846201,8.2870035
31.5,27,.60384285,.99911243,-1.3543814,2.5620673,31.5,91.125,-.41709918,1.1791769,-2.7282436,1.8940451,-1.2469872,4.6209278,-10.30384,7.809865,-.82988811,4.7449455,-10.12981,8.4700336
31.6,27,.56163627,1.0203395,-1.4381924,2.561465,31.6,97.335991,-.47601137,1.2020046,-2.831897,1.8798742,-1.2844032,4.7002749,-10.496773,7.9279666,-.80839187,4.8275795,-10.270274,8.6534901
31.7,27,.51576191,1.0418035,-1.5261354,2.5576594,31.700001,103.82299,-.53819686,1.2248424,-2.938844,1.8624501,-1.3224591,4.778409,-10.687968,8.0430508,-.7842623,4.9091434,-10.406006,8.8374815
31.8,27,.46613917,1.0635426,-1.6183661,2.5506444,31.799999,110.59201,-.60372722,1.2477176,-3.0492086,1.8417543,-1.3611684,4.8553414,-10.877462,8.1551256,-.75744122,4.9896641,-10.537004,9.0221205
31.9,27,.41269037,1.0855981,-1.7150429,2.5404236,31.9,117.64901,-.67267257,1.2706606,-3.1631215,1.8177764,-1.4005458,4.9310946,-11.065314,8.2642221,-.72787327,5.0691819,-10.663287,9.2075405
32,27,.35533491,1.1080121,-1.8163289,2.5269988,32,125,-.74510443,1.2937024,-3.2807143,1.7905055,-1.4406048,5.0056882,-11.251574,8.3703632,-.69550043,5.1477342,-10.784874,9.3938732
32.1,27,.29399195,1.1308283,-1.9223908,2.5103745,32.099998,132.651,-.82109457,1.3168756,-3.4021235,1.7599342,-1.481359,5.0791445,-11.436298,8.4735804,-.66026443,5.2253623,-10.901787,9.5812578
32.2,27,.22858447,1.154094,-2.0333982,2.4905672,32.200001,140.60799,-.90071297,1.3402175,-3.5274909,1.726065,-1.5228235,5.1514988,-11.619576,8.5739288,-.62211049,5.3021235,-11.014081,9.7698603
32.3,27,.15902889,1.1778554,-2.1495252,2.4675829,32.299999,148.87701,-.98403251,1.3637631,-3.6569591,1.6888942,-1.5650104,5.2227769,-11.801465,8.6714439,-.58097792,5.3780622,-11.121786,9.9598303
32.4,27,.085249595,1.2021632,-2.270947,2.4414463,32.400002,157.464,-1.0711223,1.387554,-3.7906783,1.6484336,-1.6079355,5.2930236,-11.982071,8.7662001,-.53681314,5.4532485,-11.224984,10.151358
32.5,27,.0071632303,1.2270669,-2.3978436,2.4121702,32.5,166.375,-1.1620553,1.4116294,-3.928798,1.6046875,-1.6516109,5.3622732,-12.161473,8.8582516,-.48955563,5.5277395,-11.323726,10.344614
32.6,27,-.07530836,1.2526194,-2.5303972,2.3797805,32.599998,175.616,-1.2569019,1.4360335,-4.0714755,1.557672,-1.6960514,5.4305768,-12.339787,8.9476833,-.43914956,5.6016102,-11.418104,10.539804
32.7,27,-.16224313,1.2788748,-2.6687918,2.3443055,32.700001,185.19298,-1.3557323,1.4608124,-4.2188721,1.5074073,-1.7412717,5.4979897,-12.517134,9.0345907,-.38553932,5.6749434,-11.508224,10.737145
32.8,27,-.25372484,1.3058863,-2.813215,2.3057652,32.799999,195.11201,-1.4586201,1.4860111,-4.3711486,1.4539083,-1.7872841,5.5645604,-12.693622,9.1190538,-.32866412,5.7478137,-11.594172,10.936844
32.9,27,-.34982869,1.3337107,-2.9638536,2.2641964,32.900002,205.379,-1.5656337,1.5116805,-4.5284729,1.3972056,-1.8341042,5.6303592,-12.869406,9.2011976,-.26847064,5.8203206,-11.676089,11.139148
33,27,-.45063847,1.3624029,-3.1208992,2.2196221,33,216,-1.6768461,1.5378687,-4.6910138,1.3373213,-1.8817441,5.6954455,-13.044612,9.2811241,-.20489801,5.8925519,-11.754087,11.344292
33.1,27,-.55623192,1.3920206,-3.2845421,2.1720781,33.099998,226.98099,-1.792328,1.5646292,-4.8589449,1.2742889,-1.9302188,5.7598963,-13.219408,9.3589706,-.1378908,5.9646153,-11.828322,11.552541
33.2,27,-.66668737,1.4226216,-3.4549744,2.1215997,33.200001,238.32797,-1.9121497,1.5920162,-5.032444,1.2081448,-1.9795427,5.8237944,-13.39397,9.434885,-.067393064,6.0366259,-11.898963,11.764176
33.3,27,-.78208858,1.4542624,-3.6323905,2.0682132,33.299999,250.04703,-2.0363846,1.620083,-5.211689,1.1389198,-2.0297287,5.8872166,-13.568461,9.5090046,.006656013,6.1086922,-11.966161,11.979472
33.4,27,-.9025104,1.4870018,-3.8169804,2.0119596,33.400002,262.14401,-2.1651008,1.6488876,-5.3968611,1.0666595,-2.0807915,5.950263,-13.743093,9.5815096,.084309459,6.1809473,-12.030125,12.198743
33.5,27,-1.0280366,1.5208962,-4.0089383,1.9528651,33.5,274.625,-2.2983718,1.6784856,-5.5881433,.99139965,-2.1327436,6.0130219,-13.91805,9.6525631,.16562809,6.2535138,-12.091034,12.42229
33.6,27,-1.1587451,1.5560037,-4.208456,1.8909662,33.599998,287.49597,-2.4362676,1.7089365,-5.7857218,.91318631,-2.1856,6.0756021,-14.093561,9.7223606,.25066754,6.3265357,-12.149115,12.65045
33.7,27,-1.294715,1.5923821,-4.4157267,1.8262964,33.700001,300.763,-2.57886,1.7403003,-5.9897857,.83206588,-2.2393756,6.1381173,-14.269865,9.7911139,.33948433,6.4001622,-12.204603,12.883572
33.8,27,-1.4360286,1.6300864,-4.630939,1.758882,33.799999,314.43204,-2.7262204,1.7726352,-6.2005215,.74808067,-2.2940824,6.2006779,-14.447187,9.8590231,.43213809,6.4745383,-12.257724,13.122
33.9,27,-1.5827618,1.6691737,-4.8542819,1.6887586,33.900002,328.50903,-2.8784184,1.8060035,-6.4181204,.66128325,-2.3497357,6.2634153,-14.625805,9.9263325,.52868271,6.5498333,-12.308755,13.36612
34,27,-1.7349975,1.7096977,-5.0859432,1.6159483,34,343,-3.0355265,1.8404642,-6.6427703,.57171708,-2.4063482,6.3264537,-14.805969,9.9932728,.62917846,6.6262064,-12.357947,13.616304
34.1,27,-1.8928146,1.7517132,-5.3261094,1.54048,34.099998,357.91098,-3.1976156,1.8760794,-6.8746638,.47943243,-2.4639342,6.3899341,-14.987974,10.060106,.7336815,6.703836,-12.405595,13.872958
34.2,27,-2.0562911,1.7952735,-5.5749626,1.4623805,34.200001,373.24796,-3.3647563,1.9129109,-7.1139932,.38448021,-2.5225089,6.4540057,-15.172128,10.12711,.84224755,6.782907,-12.452005,14.1365
34.3,27,-2.2255108,1.8404299,-5.8326874,1.3816656,34.299999,389.01703,-3.5370221,1.9510182,-7.3609476,.28690332,-2.5820844,6.5188131,-15.358724,10.194554,.95493764,6.8635993,-12.49747,14.407345
34.4,27,-2.4005487,1.8872337,-6.0994587,1.2983617,34.400002,405.22403,-3.7144806,1.9904631,-7.6157169,.18675536,-2.6426761,6.5845232,-15.548104,10.262752,1.0718045,6.9461155,-12.542332,14.685941
34.5,27,-2.5814874,1.9357334,-6.3754554,1.2124803,34.5,421.875,-3.8972051,2.0313044,-7.8784885,.084078394,-2.7042964,6.6512938,-15.740593,10.332,1.1929088,7.0306478,-12.586907,14.972725
34.6,27,-2.7684064,1.9859776,-6.6608515,1.1240383,34.599998,438.97598,-4.0852666,2.0736024,-8.1494522,-.021080364,-2.7669599,6.7193017,-15.936549,10.402629,1.3183064,7.1174059,-12.631553,15.268166
34.7,27,-2.9613833,2.0380139,-6.9558172,1.0330504,34.700001,456.53296,-4.2787352,2.1174166,-8.4287949,-.12867476,-2.8306816,6.7887292,-16.136347,10.474983,1.4480534,7.2066045,-12.676632,15.572739
34.8,27,-3.1605022,2.0918865,-7.2605247,.93952,34.799999,474.55203,-4.4776845,2.1628034,-8.7167015,-.23866746,-2.8954737,6.8597546,-16.340345,10.549398,1.5822107,7.2984519,-12.722492,15.886913
34.9,27,-3.3658373,2.1476405,-7.5751352,.84346038,34.900002,493.039,-4.6821818,2.209821,-9.0133514,-.35101244,-2.9613514,6.9325767,-16.548952,10.626249,1.7208306,7.3931756,-12.769527,16.211187
35,27,-3.5774732,2.2053175,-7.8998156,.74486953,35,512,-4.892302,2.2585237,-9.3189278,-.46567672,-3.0283275,7.0073853,-16.76255,10.705895,1.8639747,7.4909921,-12.818101,16.546049
35.1,27,-3.7954879,2.2649596,-8.2347269,.64375126,35.099998,531.44104,-5.1081152,2.3089671,-9.6336069,-.58262277,-3.0964162,7.0843863,-16.981558,10.788726,2.0116987,7.5921326,-12.868608,16.892006
35.2,27,-4.019958,2.326607,-8.5800238,.54010785,35.200001,551.36798,-5.32969,2.3612044,-9.9575653,-.70181435,-3.1656325,7.1637912,-17.206406,10.87514,2.1640575,7.6968298,-12.921452,17.249567
35.3,27,-4.2509694,2.3902981,-8.9358673,.43392897,35.299999,571.78705,-5.5571017,2.4152868,-10.290977,-.82322657,-3.2359889,7.2458043,-17.437504,10.965527,2.3211129,7.8053079,-12.97701,17.619236
35.4,27,-4.4885931,2.4560704,-9.3024025,.32521632,35.400002,592.70386,-5.7904158,2.4712653,-10.634007,-.94682491,-3.3075001,7.3306489,-17.675308,11.060308,2.4829159,7.9178061,-13.0357,18.001532
35.5,27,-4.7329206,2.5239611,-9.6797934,.21395203,35.5,614.125,-6.0297117,2.5291889,-10.986831,-1.0725929,-3.3801799,7.4185371,-17.920246,11.159886,2.6495318,8.0345526,-13.097901,18.396965
35.6,27,-4.9840245,2.5940044,-10.068179,.10013083,35.599998,636.05609,-6.2750554,2.5891047,-11.349607,-1.2005033,-3.4540417,7.5096951,-18.172773,11.264689,2.8210135,8.1557817,-13.164024,18.806051
35.7,27,-5.2419801,2.6662345,-10.467704,-.016256379,35.700001,658.50293,-6.5265145,2.6510592,-11.722495,-1.3305343,-3.5291004,7.6043491,-18.433352,11.37515,2.9974144,8.2817287,-13.234476,19.229305
35.8,27,-5.5068774,2.7406852,-10.878522,-.1352331,35.799999,681.47205,-6.7841687,2.7150967,-12.10566,-1.4626768,-3.6053689,7.7027192,-18.702421,11.491684,3.1787996,8.4126196,-13.309632,19.667233
35.9,27,-5.7787871,2.8173881,-11.300766,-.25680777,35.900002,704.96893,-7.0480809,2.7812605,-12.499251,-1.5969105,-3.682862,7.8050385,-18.980455,11.614732,3.3652189,8.5486879,-13.389901,20.120338
36,27,-6.057796,2.8963745,-11.734586,-.38100651,36,729,-7.3183289,2.8495922,-12.903427,-1.7332309,-3.7615926,7.9115272,-19.2679,11.744716,3.5567362,8.6901531,-13.475651,20.589123
36.1,27,-6.3439817,2.977675,-12.180118,-.5078463,36.099998,753.57111,-7.5949817,2.9201319,-13.318336,-1.871628,-3.8415754,8.0224142,-19.565218,11.882068,3.753406,8.8372402,-13.567267,21.07408
36.2,27,-6.6374178,3.0613179,-12.63749,-.63734448,36.200001,778.68793,-7.8781052,2.9929185,-13.744118,-2.0120928,-3.9228241,8.137928,-19.872869,12.027221,3.955281,8.9901695,-13.665128,21.575689
36.3,27,-6.9381943,3.1473341,-13.106855,-.76953298,36.299999,804.35706,-8.1677799,3.0679898,-14.180929,-2.1546302,-4.0053525,8.2582846,-20.191294,12.180589,4.1624269,9.1491508,-13.769579,22.094433
36.4,27,-7.2463808,3.2357497,-13.588334,-.90442812,36.400002,830.58392,-8.4640684,3.1453817,-14.628902,-2.2992334,-4.0891752,8.3837109,-20.520947,12.342596,4.3748932,9.314395,-13.880985,22.630772
36.5,27,-7.5620666,3.3265934,-14.082069,-1.0420634,36.5,857.375,-8.7670479,3.2251291,-15.088185,-2.4459114,-4.174305,8.5144186,-20.862257,12.513648,4.5927434,9.4861021,-13.999674,23.185162
36.6,27,-7.8853269,3.4198918,-14.588191,-1.182462,36.599998,884.73608,-9.0767879,3.3072662,-15.55891,-2.5946658,-4.260756,8.6506224,-21.215664,12.694152,4.8160324,9.6644697,-14.12598,23.758045
36.7,27,-8.2162361,3.5156705,-15.106824,-1.3256485,36.700001,912.67291,-9.3933554,3.391825,-16.04121,-2.7455006,-4.3485427,8.7925329,-21.581591,12.884504,5.0448127,9.8496914,-14.260227,24.349854
36.8,27,-8.5548859,3.6139569,-15.638111,-1.4716599,36.799999,941.19208,-9.7168303,3.4788384,-16.535227,-2.898432,-4.4376788,8.9403505,-21.960443,13.085086,5.279151,10.041948,-14.402707,24.961008
36.9,27,-8.9013424,3.7147748,-16.182167,-1.6205175,36.900002,970.29889,-10.047273,3.5683353,-17.041082,-3.0534637,-4.5281782,9.0942755,-22.352631,13.296274,5.519094,10.241421,-14.553721,25.591909
37,27,-9.2556982,3.8181505,-16.739136,-1.7722602,37,1000,-10.384764,3.6603472,-17.558912,-3.2106154,-4.6200547,9.2544985,-22.758539,13.518429,5.764709,10.448277,-14.713537,26.242956
37.1,27,-9.6179476,3.9240885,-17.309019,-1.9268754,37.099998,1030.2952,-10.7293,3.7548847,-18.088739,-3.3698614,-4.7133088,9.4211836,-23.178488,13.751871,6.0159917,10.66265,-14.882418,26.914402
37.2,27,-9.9877644,4.0325093,-17.891338,-2.0841911,37.200001,1061.1599,-11.080591,3.8518872,-18.630152,-3.5310311,-4.8078837,9.5943871,-23.612535,13.996768,6.2727075,10.88452,-15.060559,27.605974
37.3,27,-10.364764,4.1433144,-18.485512,-2.2440169,37.299999,1092.5651,-11.438292,3.951273,-19.182644,-3.693939,-4.9037108,9.774107,-24.060608,14.253186,6.5345807,11.113803,-15.248074,28.317234
37.4,27,-10.748535,4.2563963,-19.090919,-2.4061511,37.400002,1124.4799,-11.802035,4.0529513,-19.745674,-3.8583963,-5.0007205,9.960309,-24.522568,14.521126,6.8013148,11.350378,-15.445018,29.047647
37.5,27,-11.13869,4.3716488,-19.706964,-2.5704155,37.5,1156.875,-12.171476,4.1568308,-20.318714,-4.0242376,-5.0988431,10.152921,-24.998203,14.800516,7.0726333,11.594094,-15.651375,29.79664
37.6,27,-11.534826,4.4889603,-20.333027,-2.7366254,37.599998,1189.7202,-12.546255,4.2628112,-20.901211,-4.191298,-5.198009,10.351842,-25.487247,15.091229,7.3482456,11.84477,-15.867077,30.563568
37.7,27,-11.936536,4.6082153,-20.968472,-2.9045999,37.700001,1222.985,-12.926008,4.37079,-21.492599,-4.3594174,-5.2981486,10.556939,-25.989368,15.393072,7.6278601,12.102194,-16.092005,31.347725
37.8,27,-12.343434,4.7293005,-21.612694,-3.0741756,37.799999,1256.6401,-13.310392,4.4806623,-22.092329,-4.5284557,-5.3991923,10.768052,-26.504187,15.705802,7.9112,12.366135,-16.325979,32.14838
37.9,27,-12.755111,4.8520966,-22.265045,-3.2451761,37.900002,1290.6549,-13.69904,4.5923176,-22.699818,-4.6982636,-5.5010705,10.984994,-27.031263,16.029123,8.1979704,12.636333,-16.568787,32.964729
38,27,-13.171178,4.9764862,-22.924911,-3.4174438,38,1325,-14.091607,4.7056456,-23.314503,-4.868711,-5.603714,11.207557,-27.570122,16.362694,8.4878931,12.912514,-16.820169,33.795956
38.1,27,-13.591232,5.1023483,-23.591652,-3.5908129,38.099998,1359.6451,-14.487732,4.8205323,-23.935801,-5.0396619,-5.7070527,11.43551,-28.120241,16.706135,8.7806787,13.194383,-17.079836,34.641193
38.2,27,-14.014867,5.2295594,-24.264614,-3.7651184,38.200001,1394.5598,-14.887052,4.9368591,-24.563118,-5.2109857,-5.8110175,11.668602,-28.681057,17.059021,9.0760345,13.481625,-17.347464,35.499535
38.3,27,-14.441698,5.3580003,-24.943186,-3.9402103,38.299999,1429.715,-15.289225,5.0545125,-25.195887,-5.3825631,-5.9155393,11.906569,-29.251986,17.420908,9.3736858,13.773921,-17.622704,36.370075
38.4,27,-14.871315,5.487545,-25.626705,-4.1159244,38.400002,1465.0798,-15.693885,5.1733699,-25.833504,-5.554266,-6.0205474,12.149128,-29.832401,17.791306,9.673337,14.07093,-17.90518,37.251854
38.5,27,-15.303329,5.6180716,-26.314547,-4.2921114,38.5,1500.625,-16.100683,5.2933135,-26.475388,-5.7259789,-6.1259732,12.395987,-30.421661,18.169714,9.9747095,14.37231,-18.1945,38.143921
38.6,27,-15.737337,5.7494545,-27.006062,-4.4686131,38.599998,1536.3202,-16.50926,5.4142213,-27.120939,-5.8975816,-6.2317467,12.646838,-31.019094,18.555601,10.277514,14.677701,-18.490252,39.04528
38.7,27,-16.172932,5.8815675,-27.700592,-4.6452708,38.700001,1572.1349,-16.919254,5.5359697,-27.769556,-6.068954,-6.3377981,12.901365,-31.624008,18.948412,10.581457,14.986738,-18.792011,39.954926
38.8,27,-16.609732,6.0142889,-28.39752,-4.8219414,38.799999,1608.0402,-17.330324,5.6584392,-28.420662,-6.2399869,-6.4440589,13.159249,-32.235714,19.347595,10.886265,15.299059,-19.099339,40.871868
38.9,27,-17.047319,6.1474895,-29.096176,-4.9984612,38.900002,1644.0049,-17.742098,5.7815037,-29.073637,-6.4105582,-6.550458,13.420156,-32.853477,19.752563,11.19164,15.61428,-19.411787,41.795067
39,27,-17.485313,6.2810469,-29.795938,-5.1746874,39,1680,-18.154232,5.9050426,-29.727903,-6.5805607,-6.6569266,13.683752,-33.476589,20.162735,11.497305,15.932031,-19.728903,42.723511
39.1,27,-17.923374,6.4148531,-30.496256,-5.350493,39.099998,1716.0002,-18.566427,6.0289488,-30.38295,-6.7499042,-6.7634077,13.949733,-34.104382,20.577566,11.80302,16.251972,-20.050259,43.6563
39.2,27,-18.361425,6.5488734,-31.196981,-5.5258703,39.200001,1751.9999,-18.978615,6.153182,-31.03863,-6.9185996,-6.8698878,14.217929,-34.736515,20.99674,12.108727,16.573929,-20.375578,44.593033
39.3,27,-18.799486,6.6830983,-31.898117,-5.7008543,39.299999,1788,-19.390808,6.2777257,-31.694925,-7.0866923,-6.976368,14.488222,-35.372761,21.420025,12.41444,16.897799,-20.704636,45.533516
39.4,27,-19.237539,6.817513,-32.599621,-5.8754601,39.400002,1823.9998,-19.802998,6.4025598,-32.351784,-7.2542114,-7.0828485,14.760492,-36.012882,21.847185,12.720149,17.223463,-21.037216,46.477516
39.5,27,-19.675602,6.9521089,-33.301483,-6.0497179,39.5,1860,-20.215193,6.5276699,-33.00919,-7.4211955,-7.1893291,15.034638,-36.656681,22.278021,13.025864,17.550829,-21.373131,47.424858
39.6,27,-20.113663,7.086875,-34.003681,-6.2236433,39.599998,1896.0002,-20.627388,6.653039,-33.667107,-7.5876718,-7.2958102,15.310556,-37.303951,22.71233,13.331578,17.879803,-21.712191,48.375347
39.7,27,-20.551714,7.2217989,-34.706181,-6.3972492,39.700001,1931.9999,-21.039576,6.7786503,-34.325485,-7.7536654,-7.4022903,15.588148,-37.954498,23.149918,13.637285,18.210289,-22.054226,49.328796
39.8,27,-20.989775,7.3568759,-35.408985,-6.5705633,39.799999,1968,-21.451769,6.9044948,-34.984333,-7.9192085,-7.5087709,15.867332,-38.60817,23.590628,13.942999,18.542217,-22.399078,50.285076
39.9,27,-21.427828,7.4920945,-36.112064,-6.7435927,39.900002,2003.9998,-21.863958,7.0305572,-35.643597,-8.0843201,-7.6152511,16.14802,-39.26479,24.034286,14.248708,18.875504,-22.746599,51.244015
40,27,-21.865891,7.6274505,-36.815418,-6.9163613,40,2040,-22.276154,7.1568284,-36.30328,-8.2490282,-7.7217321,16.430141,-39.924217,24.480755,14.554422,19.210085,-23.096653,52.205498
40.1,27,-22.303951,7.7629352,-37.519024,-7.0888777,40.099998,2076.0002,-22.688349,7.2832961,-36.963348,-8.4133511,-7.8282127,16.713621,-40.586308,24.929884,14.860137,19.545891,-23.449106,53.16938
40.2,27,-22.742004,7.89854,-38.222858,-7.2611513,40.200001,2112,-23.100538,7.4099483,-37.623772,-8.5773058,-7.9346933,16.998386,-41.250919,25.381533,15.165845,19.882854,-23.803833,54.135525
40.3,27,-23.180063,8.0342607,-38.926926,-7.4332008,40.299999,2148,-23.512732,7.5367789,-38.284546,-8.7409153,-8.041173,17.28438,-41.917934,25.835588,15.471558,20.220924,-24.160727,55.103844
40.4,27,-23.618116,8.1700916,-39.631203,-7.605032,40.400002,2183.9998,-23.924919,7.6637769,-38.945644,-8.9041939,-8.1476536,17.571537,-42.587231,26.291925,15.777267,20.560043,-24.519676,56.074207
40.5,27,-24.056179,8.3060284,-40.335693,-7.7766628,40.5,2220,-24.337114,7.7909365,-39.607071,-9.0671606,-8.2541342,17.859806,-43.258713,26.750443,16.082981,20.900164,-24.880587,57.046547
40.6,27,-24.49424,8.4420643,-41.040382,-7.9480987,40.599998,2256.0002,-24.74931,7.9182482,-40.268791,-9.2298288,-8.3606148,18.149134,-43.932262,27.211033,16.388695,21.241236,-25.243361,58.020752
40.7,27,-24.932293,8.5781927,-41.745243,-8.1193447,40.700001,2292,-25.161499,8.0457039,-40.93079,-9.392211,-8.4670954,18.439465,-44.60778,27.67359,16.694405,21.583208,-25.607906,58.996716
40.8,27,-25.370356,8.7144136,-42.450294,-8.2904177,40.799999,2328.0002,-25.573694,8.1732988,-41.593067,-9.5543232,-8.5735769,18.730759,-45.285191,28.138037,17.000118,21.926048,-25.974148,59.974384
40.9,27,-25.808403,8.8507175,-43.155491,-8.4613142,40.900002,2363.9995,-25.985878,8.3010225,-42.255585,-9.7161732,-8.6800556,19.022961,-45.964375,28.604263,17.305822,22.269703,-26.341993,60.95364
41,27,-26.246468,8.9871082,-43.860874,-8.6320591,41,2400,-26.398077,8.4288769,-42.918369,-9.8777819,-8.7865372,19.316048,-46.645298,29.072222,17.61154,22.614155,-26.711391,61.934471
41.1,27,-26.684528,9.1235762,-44.56641,-8.8026485,41.099998,2436.0002,-26.810272,8.5568504,-43.58139,-10.039153,-8.8930178,19.609968,-47.32785,29.541815,17.917253,22.959356,-27.082258,62.916763
41.2,27,-27.122581,9.2601175,-45.272079,-8.9730864,41.200001,2472,-27.22246,8.6849365,-44.244625,-10.200297,-8.9994984,19.904684,-48.011963,30.012964,18.222961,23.305269,-27.454525,63.900448
41.3,27,-27.560644,9.3967323,-45.977901,-9.1433878,41.299999,2508.0002,-27.634655,8.8131351,-44.908085,-10.361228,-9.105979,20.200167,-48.697578,30.485619,18.528677,23.651873,-27.82814,64.885498
41.4,27,-27.998692,9.533412,-46.683834,-9.3135471,41.400002,2543.9995,-28.046839,8.9414358,-45.571732,-10.521948,-9.2124586,20.49637,-49.384605,30.95969,18.834381,23.999121,-28.203033,65.871796
41.5,27,-28.436756,9.6701622,-47.389923,-9.4835863,41.5,2580,-28.459038,9.0698404,-46.2356,-10.682476,-9.3189392,20.793283,-50.073029,31.435148,19.140099,24.347012,-28.579168,66.85936
41.6,27,-28.874817,9.8069744,-48.096134,-9.6535006,41.599998,2616.0002,-28.871233,9.1983414,-46.899651,-10.842814,-9.4254208,21.090866,-50.762756,31.911917,19.445812,24.695499,-28.956478,67.848106
41.7,27,-29.31287,9.9438448,-48.802448,-9.8232927,41.700001,2652,-29.283422,9.3269339,-47.563877,-11.002968,-9.5319004,21.389084,-51.453735,32.389935,19.75152,25.044559,-29.334913,68.837959
41.8,27,-29.750929,10.080775,-49.508884,-9.9929733,41.799999,2688,-29.695614,9.455615,-48.228279,-11.16295,-9.638381,21.687922,-52.145924,32.869164,20.057234,25.394175,-29.714436,69.828903
41.9,27,-30.18898,10.217758,-50.21542,-10.162541,41.900002,2723.9995,-30.1078,9.5843801,-48.892838,-11.322761,-9.7448606,21.987343,-52.83926,33.349541,20.36294,25.744314,-30.09499,70.820869
42,27,-30.627045,10.354799,-50.922077,-10.332011,42,2760,-30.519999,9.7132301,-49.557579,-11.482417,-9.8513422,22.28734,-53.533726,33.831039,20.668655,26.094973,-30.476551,71.813866
42.1,27,-31.065105,10.49189,-51.628834,-10.501379,42.099998,2796.0002,-30.932194,9.8421583,-50.222469,-11.641918,-9.9578228,22.587879,-54.229252,34.313606,20.974371,26.446117,-30.859068,72.807808
42.2,27,-31.503159,10.629029,-52.335674,-10.670646,42.200001,2832,-31.344383,9.9711599,-50.887497,-11.801269,-10.064303,22.888935,-54.925793,34.797184,21.280079,26.797726,-31.242498,73.802658
42.3,27,-31.941217,10.766216,-53.042614,-10.839822,42.299999,2868,-31.756575,10.100235,-51.552673,-11.960478,-10.170784,23.190496,-55.623322,35.281754,21.585791,27.149788,-31.626816,74.798401
42.4,27,-32.379269,10.903447,-53.74963,-11.008905,42.400002,2903.9995,-32.168762,10.229379,-52.217976,-12.119548,-10.277264,23.492535,-56.321785,35.767258,21.891499,27.502279,-32.011978,75.794975
42.5,27,-32.817333,11.040726,-54.456757,-11.177909,42.5,2940,-32.580959,10.358593,-52.883427,-12.278491,-10.383745,23.795048,-57.021179,36.253693,22.197214,27.855196,-32.397968,76.792397
42.6,27,-33.255394,11.178045,-55.16396,-11.346828,42.599998,2976.0002,-32.993156,10.487871,-53.549004,-12.437305,-10.490226,24.098005,-57.721447,36.740993,22.50293,28.208513,-32.784744,77.790604
42.7,27,-33.693447,11.315404,-55.871231,-11.515664,42.700001,3012,-33.405342,10.617209,-54.214691,-12.595995,-10.596706,24.401386,-58.422546,37.229134,22.808638,28.562212,-33.172272,78.789543
42.8,27,-34.131508,11.452804,-56.578587,-11.684424,42.799999,3048,-33.817535,10.74661,-54.880505,-12.754568,-10.703186,24.705187,-59.124462,37.71809,23.114349,28.916286,-33.560532,79.78923
42.9,27,-34.569557,11.590239,-57.286007,-11.853107,42.900002,3083.9995,-34.229721,10.876065,-55.546421,-12.913025,-10.809666,25.00938,-59.827148,38.207817,23.420055,29.270714,-33.94949,80.789604
43,27,-35.007622,11.727714,-57.993519,-12.021725,43,3120,-34.641922,11.005582,-56.212463,-13.071377,-10.916147,25.313967,-60.530613,38.698318,23.725773,29.625498,-34.339134,81.79068
43.1,27,-35.445686,11.865225,-58.701099,-12.190273,43.099998,3156.0005,-35.054119,11.135151,-56.878613,-13.229623,-11.022629,25.618927,-61.234802,39.189545,24.03149,29.980616,-34.729435,82.792419
43.2,27,-35.883747,12.002769,-59.408741,-12.358751,43.200001,3192.0007,-35.466312,11.264772,-57.544861,-13.387766,-11.12911,25.92424,-61.93969,39.681469,24.337204,30.336052,-35.120365,83.794769
43.3,27,-36.321785,12.140339,-60.116413,-12.527158,43.299999,3227.9993,-35.87849,11.394438,-58.211174,-13.545801,-11.235587,26.229885,-62.645218,40.174046,24.642902,30.691782,-35.511887,84.797691
43.4,27,-36.759846,12.277948,-60.824181,-12.695509,43.400002,3263.9995,-36.290684,11.524158,-58.877617,-13.70375,-11.342069,26.535879,-63.351437,40.667297,24.948614,31.047831,-35.904015,85.801247
43.5,27,-37.19791,12.415588,-61.532017,-12.863803,43.5,3300,-36.702881,11.653926,-59.544155,-13.861608,-11.44855,26.842197,-64.058289,41.16119,25.254332,31.404171,-36.296711,86.805374
43.6,27,-37.635975,12.553259,-62.23991,-13.032039,43.599998,3336.0005,-37.115078,11.783739,-60.210785,-14.019375,-11.555031,27.148827,-64.765755,41.655689,25.560049,31.760792,-36.68996,87.810059
43.7,27,-38.074036,12.690957,-62.947853,-13.200215,43.700001,3372.0007,-37.527275,11.913596,-60.877495,-14.177055,-11.661513,27.455753,-65.473801,42.150776,25.865761,32.11768,-37.083736,88.815262
43.8,27,-38.512074,12.828677,-63.655819,-13.368329,43.799999,3407.9993,-37.939449,12.043489,-61.544254,-14.334645,-11.76799,27.762957,-66.182388,42.646408,26.171459,32.474815,-37.478004,89.820923
43.9,27,-38.950134,12.96643,-64.363869,-13.536398,43.900002,3443.9995,-38.351643,12.173429,-62.211128,-14.492162,-11.874472,28.070457,-66.891556,43.142612,26.477173,32.832218,-37.872791,90.827141
44,27,-39.388199,13.104211,-65.071976,-13.704418,44,3480,-38.763844,12.303411,-62.878086,-14.649601,-11.980952,28.378231,-67.601265,43.639359,26.78289,33.189869,-38.268063,91.833839
44.1,27,-39.826263,13.242016,-65.780136,-13.872389,44.099998,3516.0005,-39.176041,12.433431,-63.545116,-14.806964,-12.087434,28.68627,-68.311493,44.136623,27.088608,33.54776,-38.663795,92.841011
44.2,27,-40.264324,13.379846,-66.488335,-14.040309,44.200001,3552.0007,-39.588234,12.563487,-64.212219,-14.964252,-12.193915,28.99456,-69.022209,44.634377,27.39432,33.905876,-39.059978,93.848618
44.3,27,-40.702358,13.517691,-67.196548,-14.208173,44.299999,3587.999,-40.000408,12.693573,-64.879356,-15.121462,-12.300391,29.30308,-69.733376,45.132591,27.700016,34.264194,-39.456573,94.856606
44.4,27,-41.140423,13.655567,-67.904846,-14.376002,44.400002,3623.9995,-40.412605,12.823702,-65.5466,-15.278611,-12.406874,29.611858,-70.445053,45.631302,28.005732,34.622753,-39.853619,95.865082
44.5,27,-41.578487,13.793467,-68.613182,-14.543789,44.5,3660,-40.824802,12.953865,-66.213913,-15.435694,-12.513355,29.92087,-71.157181,46.13047,28.311449,34.981522,-40.251072,96.87397
44.6,27,-42.016552,13.931388,-69.321571,-14.711534,44.599998,3696.0005,-41.237003,13.084062,-66.881294,-15.592712,-12.619837,30.230106,-71.869751,46.630081,28.617165,35.340492,-40.648926,97.883255
44.7,27,-42.454613,14.069329,-70.029991,-14.879233,44.700001,3732.0007,-41.649197,13.21429,-67.548729,-15.749665,-12.726318,30.539557,-72.582748,47.130112,28.922878,35.699654,-41.047157,98.892914
44.8,27,-42.892647,14.207283,-70.738411,-15.046885,44.799999,3767.999,-42.061367,13.344541,-68.216187,-15.906549,-12.832794,30.849201,-73.29612,47.630527,29.228575,36.058987,-41.445744,99.902893
44.9,27,-43.330711,14.345265,-71.446915,-15.214507,44.900002,3803.9995,-42.473568,13.474831,-68.883751,-16.063383,-12.939277,31.159071,-74.009933,48.131378,29.53429,36.41853,-41.844719,100.9133
45,27,-43.768776,14.483268,-72.155457,-15.382093,45,3840,-42.885765,13.60515,-69.551369,-16.22016,-13.045757,31.469139,-74.724136,48.632622,29.840008,36.778252,-42.244041,101.92406
45.1,27,-44.206833,14.621286,-72.864029,-15.54964,45.099998,3876,-43.297958,13.735497,-70.21904,-16.376879,-13.152238,31.779398,-75.438713,49.134235,30.14572,37.138145,-42.643703,102.93514
45.2,27,-44.644905,14.759327,-73.572655,-15.717155,45.200001,3912.001,-43.710159,13.865874,-70.886772,-16.533546,-13.258721,32.089851,-76.153671,49.63623,30.451439,37.498215,-43.043709,103.94659
45.3,27,-45.082935,14.897374,-74.28125,-15.88462,45.299999,3947.999,-44.12233,13.996268,-71.554512,-16.690149,-13.365197,32.400459,-76.868935,50.138538,30.757133,37.858418,-43.444004,104.95827
45.4,27,-45.521011,15.035451,-74.989952,-16.052069,45.400002,3984.0002,-44.534534,14.1267,-72.222359,-16.846714,-13.471681,32.711277,-77.584602,50.641243,31.062855,38.218815,-43.844646,105.97036
45.5,27,-45.959064,15.173538,-75.698654,-16.219477,45.5,4020,-44.946728,14.257152,-72.890228,-17.003222,-13.57816,33.022251,-78.300583,51.14426,31.368567,38.579353,-44.245579,106.98271
45.6,27,-46.397121,15.311644,-76.407394,-16.386854,45.599998,4056,-45.358917,14.38763,-73.558151,-17.159681,-13.684641,33.333393,-79.016891,51.64761,31.674278,38.940048,-44.646812,107.99537
45.7,27,-46.835194,15.449768,-77.11618,-16.554205,45.700001,4092.001,-45.771122,14.518135,-74.226143,-17.316099,-13.791123,33.644707,-79.733536,52.151291,31.979998,39.300896,-45.04834,109.00834
45.8,27,-47.273224,15.587896,-77.824944,-16.72151,45.799999,4127.999,-46.183292,14.648654,-74.894127,-17.472458,-13.897599,33.956154,-80.450439,52.655239,32.28569,39.661858,-45.450119,110.0215
45.9,27,-47.711296,15.726051,-78.533791,-16.8888,45.900002,4164,-46.595493,14.779205,-75.562202,-17.628784,-14.004083,34.26778,-81.167694,53.159531,32.591412,40.022987,-45.8522,111.03503
46,27,-48.149353,15.864218,-79.242645,-17.056059,46,4200,-47.007687,14.909777,-76.230309,-17.785063,-14.110563,34.579548,-81.885231,53.664104,32.897125,40.384243,-46.254536,112.04878
46.1,27,-48.58741,16.002398,-79.951538,-17.223288,46.099998,4236,-47.41988,15.040369,-76.89846,-17.941298,-14.217043,34.89146,-82.60305,54.168964,33.202835,40.745632,-46.657131,113.06281
46.2,27,-49.025482,16.140596,-80.660469,-17.390495,46.200001,4272.001,-47.832085,15.170986,-77.566666,-18.097496,-14.323526,35.203526,-83.321167,54.674114,33.508556,41.107159,-47.05999,114.0771
46.3,27,-49.463512,16.278795,-81.36937,-17.557661,46.299999,4307.999,-48.244251,15.301613,-78.234863,-18.253641,-14.430002,35.515697,-84.03949,55.179489,33.814251,41.468777,-47.463058,115.09156
46.4,27,-49.901585,16.417021,-82.078354,-17.724815,46.400002,4344,-48.656456,15.432271,-78.903152,-18.409761,-14.536486,35.828033,-84.758141,55.685169,34.119968,41.830551,-47.866402,116.10634
46.5,27,-50.339642,16.555254,-82.787346,-17.891939,46.5,4380,-49.068649,15.562944,-79.571457,-18.565838,-14.642965,36.140491,-85.477028,56.191097,34.425682,42.192432,-48.269962,117.12133
46.6,27,-50.777695,16.693499,-83.496353,-18.059036,46.599998,4415.9995,-49.480835,15.693636,-80.239799,-18.721874,-14.749444,36.453072,-86.196152,56.697266,34.731392,42.554424,-48.673748,118.13653
46.7,27,-51.215771,16.831762,-84.205421,-18.22612,46.700001,4452.001,-49.893044,15.824353,-80.908203,-18.877882,-14.855929,36.765797,-86.915565,57.203705,35.037113,42.91655,-49.077774,119.152
46.8,27,-51.653801,16.970026,-84.914444,-18.393162,46.799999,4487.999,-50.305214,15.955075,-81.576584,-19.03384,-14.962404,37.078609,-87.635139,57.710331,35.342808,43.278748,-49.481976,120.16759
46.9,27,-52.091873,17.108313,-85.62355,-18.560196,46.900002,4524,-50.717415,16.085827,-82.245056,-19.189775,-15.068888,37.391567,-88.355011,58.217236,35.648529,43.641083,-49.886421,121.18348
47,27,-52.52993,17.246605,-86.332657,-18.727205,47,4560,-51.129608,16.216591,-82.913544,-19.345673,-15.175368,37.704632,-89.075089,58.72435,35.954243,44.003513,-50.291061,122.19955
