temp,ref,yhat_comm,se_comm,lowerci_comm,upperci_comm,yhat_low,se_low,lowerci_low,upperci_low,yhat_manuf,se_manuf,lowerci_manuf,upperci_manuf,yhat_hr3,se_hr3,lowerci_hr3,upperci_hr3
-20,27,-18.95412391193324,11.37043745088797,-41.23977180413908,3.331523980272603,-3.814400482328775,13.83263144688231,-30.92585992963427,23.29705896497672,2.206371461325912,10.00573109132844,-17.40450111667047,21.81724403932229,-156.0546067535275,78.07541814739776,-309.079614400332,-3.029599106723026
-19.9,27,-18.91379583487754,11.34624493835807,-41.15202727382923,3.32443560407415,-3.80628470566258,13.80320020390334,-30.86005997670905,23.24749056538389,2.201677036053646,9.984442220550928,-17.36747012194729,21.77082419405458,-155.7225744087305,77.90929960375092,-308.421995692823,-3.023153124638014
-19.8,27,-18.87346775782185,11.32205242607094,-41.06428274399524,3.31734722835154,-3.798168928996384,13.77376896087033,-30.79426002367791,23.19792216568514,2.19698261078138,9.96315334978741,-17.33043912725153,21.72440434881429,-155.3905420639335,77.74318105888699,-307.7643769829284,-3.016707144938493
-19.7,27,-18.83314044996024,11.29786037507323,-40.97653988746595,3.310258987545474,-3.790053307125754,13.74433827922498,-30.72846132574193,23.14835471149043,2.192288275047829,9.941864885053828,-17.29340883882112,21.67798538891677,-155.0585160521266,77.57706568270702,-307.1067708165306,-3.010261287722727
-19.6,27,-18.79281237290454,11.27366786278611,-40.88879535763195,3.303170611822868,-3.781937530459558,13.71490703619847,-30.66266137272352,23.09878631180441,2.187593849775562,9.92057601427412,-17.25637784409362,21.63156554364475,-154.7264837073296,77.41094713845271,-306.4491521078309,-3.003815306828358
-19.5,27,-18.75248429584884,11.24947535025621,-40.80105082732213,3.296082235624439,-3.773821753793363,13.68547579321464,-30.59686141978878,23.04921791220205,2.182899424503296,9.899287143496693,-17.21934684937061,21.5851456983772,-154.3944513625325,77.24482859323473,-305.7915333972423,-2.997369327822753
-19.4,27,-18.71215621879315,11.22528283796909,-40.71330629748813,3.288993859901836,-3.765705977127167,13.65604455019282,-30.53106146677956,22.99964951252522,2.17820499923103,9.877998272758035,-17.18231585472357,21.53872585318564,-154.0624190177355,77.07871004766263,-305.1339146859598,-2.990923349511206
-19.3,27,-18.67182814173745,11.20109032543918,-40.62556176717827,3.281905483703369,-3.757590200460972,13.62661330719386,-30.46526151381516,22.95008111289322,2.173510573958764,9.856709402017284,-17.14528486007244,21.49230600798997,-153.7303866729385,76.91259150436784,-304.4762959791408,-2.984477366736229
-19.2,27,-18.63150083387584,11.17689827444147,-40.53781891064899,3.274817242897306,-3.749474578590341,13.59718262551461,-30.39946281581275,22.90051365863206,2.168816238225213,9.835420937283676,-17.10825457164197,21.44588704809239,-153.3983606611317,76.74647612758032,-303.8186898115521,-2.978031510711247
-19.1,27,-18.59117275682015,11.15270576215435,-40.450074380815,3.267728867174711,-3.741358801924146,13.56775138250596,-30.33366286282935,22.85094525898106,2.164121812952946,9.814132066542864,-17.07122357699072,21.39946720289661,-153.0663283163346,76.58035758297191,-303.1610711021584,-2.971585530510879
-19,27,-18.55084467976445,11.12851324974585,-40.36232985074311,3.260640491214208,-3.73324302525795,13.53832013953169,-30.26786290991334,22.80137685939744,2.15942738768068,9.792843195765343,-17.03419258226752,21.35304735762887,-152.7342959715376,76.41423903871758,-302.5034523934586,-2.965139549616566
-18.9,27,-18.51051660270875,11.10432073733733,-40.27458532067118,3.253552115253676,-3.725127248591754,13.50888889651,-30.20206295690438,22.75180845972087,2.154732962408414,9.771554324987223,-16.99716158754314,21.30662751235997,-152.4022636267405,76.24812049349751,-301.845833682866,-2.958693570615026
-18.8,27,-18.47018852565305,11.08012822492882,-40.18684079059925,3.246463739293137,-3.717011471925559,13.47945765350135,-30.13626300392098,22.70224006006987,2.150038537136148,9.750265454210467,-16.96013059282144,21.26020766709373,-152.0702312819435,76.08200194985071,-301.188214975357,-2.952247588529985
-18.7,27,-18.42986121779145,11.05593617405249,-40.09909793430788,3.239375498724982,-3.708895850054928,13.45002697182844,-30.07046430593099,22.65267260582113,2.145344201402597,9.728976989493678,-16.92310030442393,21.21378870722912,-151.7382052701367,75.91588657306529,-300.5306088077725,-2.945801732500883
-18.6,27,-18.38953314073575,11.0317436615226,-40.01135340399806,3.232287122526557,-3.700780073388733,13.42059572884784,-30.00466435300256,22.6031042062251,2.14064977613033,9.707688118736071,-16.88606930973976,21.16736886200042,-151.4061729253397,75.74976802784522,-299.8729900971799,-2.93935575349937
-18.5,27,-18.34920506368005,11.00755114923547,-39.92360887416405,3.225198746803944,-3.692664296722537,13.39116448581966,-29.9388643999809,22.55353580653582,2.135955350858064,9.686399247958624,-16.8490383150167,21.12094901673283,-151.0741405805426,75.58364948323683,-299.2153713877862,-2.932909773299002
-18.4,27,-18.30887698662436,10.98335863682696,-39.83586434409214,3.218110370843434,-3.684548520056342,13.36173324281751,-29.87306444701025,22.50396740689756,2.131260925585798,9.665110377195044,-16.81200732032082,21.07452917149242,-150.7421082357456,75.4175309393345,-298.5577526797764,-2.926463791714752
-18.3,27,-18.26854890956866,10.95916612441845,-39.74811981402021,3.211021994882895,-3.676432743390146,13.33230199979731,-29.80726449400422,22.45439900722392,2.126566500313532,9.643821506476312,-16.77497632571284,21.02810932633991,-150.4100758909485,75.25141239376239,-297.9001339684938,-2.920017813403206
-18.2,27,-18.22822160170705,10.93497407342074,-39.66037695749094,3.203933754076836,-3.668317121519516,13.30287131816399,-29.74146579609181,22.40483155305278,2.12187216457998,9.622533041720617,-16.73794603723908,20.98169036639904,-150.0780498791417,75.0852970179386,-297.2425278027941,-2.913571955489374
-18.1,27,-18.18789352465135,10.91078156113361,-39.57263242765694,3.196845378354229,-3.66020134485332,13.27344007513097,-29.67566584306064,22.355263153354,2.117177739307714,9.60124417096814,-16.70091504256497,20.93527052118039,-149.7460175343447,74.91917847368011,-296.5849090940861,-2.90712597460319
-18,27,-18.14756544759566,10.88658904860371,-39.48488789734709,3.189757002155783,-3.652085568187125,13.24400883214,-29.60986589011191,22.30569475373766,2.112483314035448,9.579955300190711,-16.66388404784194,20.88885067591284,-149.4139851895476,74.75305992907171,-295.9272903846925,-2.90067999440285
-17.9,27,-18.10723737053996,10.86239653631659,-39.39714336751311,3.182668626433188,-3.643969791520929,13.21457758912088,-29.54406593710799,22.25612635406613,2.107788888763182,9.558666429388225,-16.62685305306981,20.84243083059618,-149.0819528447506,74.58694138481737,-295.2696716759926,-2.894234013508509
-17.8,27,-18.06690929348426,10.83820402390809,-39.30939883744121,3.175580250472684,-3.635854014854734,13.18514634612637,-29.4782659841523,22.20655795444284,2.103094463490915,9.537377558647361,-16.58982205841846,20.79601098540029,-148.7499204999536,74.42082283959941,-294.6120529654042,-2.887788034502876
-17.7,27,-18.02658198562266,10.81401197291037,-39.22165598091192,3.168492009666608,-3.627738392984103,13.15571566446727,-29.41246728618938,22.15699050022117,2.098400127757364,9.516089093913839,-16.55279176998815,20.74959202550288,-148.4178944881467,74.25470746341939,-293.9544467990063,-2.881342177287223
-17.6,27,-17.98625390856696,10.78981946050185,-39.13391145083997,3.161403633706058,-3.619622616317908,13.12628442143178,-29.34666733315338,22.10742210051756,2.093705702485098,9.494800223173019,-16.51576077533688,20.70317218030708,-148.0858621433497,74.08858891916506,-293.2968280903065,-2.87489619639291
-17.5,27,-17.94592583151126,10.76562694809334,-39.04616692076806,3.154315257745534,-3.611506839651712,13.09685317843704,-29.28086738019724,22.05785370089381,2.089011277212832,9.473511352420521,-16.47872978066273,20.65675233508839,-147.7538297985527,73.92247037394499,-292.639209379714,-2.86845021739137
-17.4,27,-17.90559775445556,10.74143443568483,-38.95842239069616,3.147226881785027,-3.603391062985517,13.06742193544252,-29.21506742724154,22.00828530127051,2.084316851940565,9.452222481620321,-16.44169878589507,20.61033248977621,-147.4217974537556,73.75635182933661,-291.9815906703203,-2.862004237190973
-17.3,27,-17.86526967739987,10.71724192327633,-38.87067786062424,3.14013850582451,-3.595275286319322,13.03799069242234,-29.14926747423554,21.95871690159689,2.079622426668299,9.430933610879489,-16.40466779124378,20.56391264458038,-147.0897651089586,73.59023328508223,-291.3239719616204,-2.855558256296717
-17.2,27,-17.82494236953826,10.69304987239999,-38.78293500433286,3.133050265256344,-3.587159664448691,13.00856001074309,-29.08346877623312,21.90914944733574,2.074928090934748,9.409645146145985,-16.36763750281351,20.51749368468301,-146.7577390971518,73.42411790925429,-290.6663657959125,-2.849112398391043
-17.1,27,-17.78461429248256,10.66885735999149,-38.69519047426097,3.125961889295844,-3.579043887782495,12.97912876778701,-29.01766882335275,21.85958104778776,2.070233665662482,9.388356275405089,-16.3306065081621,20.47107383948706,-146.4257067523547,73.25799936403837,-290.0087470853281,-2.842666419381374
-17,27,-17.74428621542686,10.64466484758298,-38.60744594418905,3.11887351333532,-3.5709281111163,12.94969752476501,-28.95186887034319,21.81001264811059,2.065539240390216,9.367067404627615,-16.29357551343898,20.42465399421942,-146.0936744075577,73.09188081942996,-289.3511283759344,-2.836220439181034
-16.9,27,-17.70395813837117,10.62047233517447,-38.51970141411714,3.111785137374799,-3.562812334450105,12.92026628171833,-28.88606891728526,21.76044424838506,2.060844815117949,9.345778533850142,-16.25654451871587,20.37823414895177,-145.7616420627606,72.92576227420986,-288.6935096653417,-2.829774460179578
-16.8,27,-17.66363006131547,10.59627982276594,-38.43195688404518,3.104696761414242,-3.554696557783909,12.89083503876225,-28.8202689644049,21.71087584883708,2.056150389845683,9.324489663109322,-16.21951352406461,20.33181430375597,-145.4296097179636,72.75964372960146,-288.035890955948,-2.82332847997921
-16.7,27,-17.62330275345386,10.57208777176825,-38.34421402751594,3.097608520608212,-3.546580935913278,12.86140435708299,-28.75447026640247,21.66130839457591,2.051456054112132,9.303201198375746,-16.18248323563419,20.28539534385846,-145.0975837061568,72.59352835377557,-287.3782847902442,-2.816882622069471
-16.6,27,-17.58297467639817,10.54789525948113,-38.25646949768195,3.090520144885613,-3.538465159247083,12.83197311406281,-28.68867031339646,21.6117399949023,2.046761628839866,9.281912327634965,-16.145452240983,20.23897549866274,-144.7655513613598,72.42740980951918,-286.7206660815403,-2.810436641179194
-16.5,27,-17.54264659934247,10.52370274707262,-38.16872496761003,3.083431768925088,-3.530349382580888,12.8025418710683,-28.62287036044078,21.562171595279,2.0420672035676,9.260623456834741,-16.10842124621531,20.1925556533505,-144.4335190165627,72.26129126430325,-286.0630473709559,-2.803990662169554
-16.4,27,-17.50231852228677,10.4995102346641,-38.08098043753809,3.076343392964542,-3.522233605914692,12.77311062807356,-28.55707040748466,21.51260319565527,2.037372778295333,9.239334586082311,-16.07139025154128,20.14613580813194,-144.1014866717657,72.09517272004477,-285.405428662248,-2.79754468128337
-16.3,27,-17.46199044523107,10.47531772225559,-37.99323590746617,3.069255017004028,-3.514117829248497,12.74367938503806,-28.49127045444864,21.46303479595164,2.032678353023067,9.218045715341464,-16.03435925688996,20.0997159629361,-143.7694543269686,71.92905417543636,-284.7478099528543,-2.791098701083001
-16.2,27,-17.42166313736947,10.45112567125788,-37.9054930509369,3.062166776197962,-3.506002207377866,12.71424870337896,-28.42547175648571,21.41346734172998,2.027984017289516,9.196757250607844,-15.99732896845946,20.05329700303849,-143.4374283151618,71.76293879864888,-284.0902037852657,-2.784652845057991
-16.1,27,-17.38133506031377,10.42693315884936,-37.81774852086496,3.05507840023742,-3.497886430711671,12.68481746038445,-28.35967180353001,21.36389894210667,2.02328959201725,9.175468379867052,-15.96029797380825,20.00687715784275,-143.1053959703648,71.59682025404045,-283.4325850758719,-2.778206864857651
-16,27,-17.34100698325807,10.40274064644085,-37.73000399079305,3.047990024276906,-3.489770654045475,12.65538621736535,-28.29387185052613,21.31433054243518,2.018595166744984,9.154179509064592,-15.92326697903617,19.96045731252613,-142.7733636255678,71.43070170978405,-282.7749663671681,-2.771760883967403
-15.9,27,-17.30067890620237,10.37854813415373,-37.64225946095906,3.040901648554311,-3.48165487737928,12.62595497437437,-28.22807189757738,21.26476214281882,2.013900741472717,9.132890638287085,-15.88623598431299,19.91403746725843,-142.4413312807707,71.26458316552971,-282.1173476584684,-2.765314903073062
-15.8,27,-17.26035121374372,10.35435585238992,-37.5545157675395,3.033813340052056,-3.473539178110867,12.59652401202342,-28.16227257207075,21.21519421584902,2.009206360969809,9.111601970572295,-15.84920534281607,19.86761806475569,-142.1093021024688,71.09846620452699,-281.4597352193798,-2.758868985557712
-15.7,27,-17.22002313668802,10.33016334010281,-37.46677123770553,3.026724964329478,-3.465423401444671,12.5670927690276,-28.09647261911251,21.16562581622317,2.004511935697542,9.090313099775029,-15.81217434805417,19.82119821944925,-141.7772697576717,70.9323476599165,-280.8021165099821,-2.752423005361464
-15.6,27,-17.17969544422937,10.30597105833899,-37.37902754428594,3.019636655827192,-3.457307702176258,12.53766180668783,-28.03067329362778,21.11605788927526,1.999817555194634,9.069024432054698,-15.77514370654639,19.77477881693566,-141.4452405793698,70.76623069987532,-280.1445040727781,-2.745977085961528
-15.5,27,-17.13936736717368,10.28177854593048,-37.29128301421402,3.012548279866671,-3.449191925510063,12.50823056368568,-27.96487334065712,21.066489489637,1.995123129922368,9.047735561289691,-15.73811271184771,19.72835897169245,-141.1132082345728,70.60011215561893,-279.4868853640743,-2.739531105071222
-15.4,27,-17.09903929011798,10.25758603352197,-37.20353848414211,3.005459903906154,-3.441076148843867,12.47879932065749,-27.89907338763544,21.01692108994771,1.990428704650101,9.026446690518057,-15.70108171713605,19.68193912643625,-140.7811758897757,70.43399361040304,-278.82926665349,-2.733085126061525
-15.3,27,-17.05871159765933,10.23339375187955,-37.11579479096046,2.998371595641807,-3.432960449575454,12.44936835833726,-27.83327406218901,20.9673531630381,1.985734324147193,9.005158022780856,-15.66405107559521,19.63551972388959,-140.4491467114738,70.26787665036188,-278.1716542162861,-2.726639206661531
-15.2,27,-17.01838352060363,10.20920123947105,-37.02805026088856,2.9912832196813,-3.424844672909259,12.41993711531556,-27.76747410918005,20.91778476336154,1.981039898874926,8.98386915200452,-15.62702008087432,19.58909987862418,-140.1171143666768,70.10175810479188,-277.5140355050077,-2.720193228345863
-15.1,27,-16.97805582814498,10.18500895782863,-36.94030656770693,2.984194911416967,-3.416728973640846,12.39050615299534,-27.70167478373364,20.86821683645194,1.976345518372018,8.962580484267402,-15.58998943933364,19.54268047607768,-139.7850851883748,69.93564114475073,-276.8564230678038,-2.713747308945869
-15,27,-16.93772775108928,10.16081644542012,-36.852562037635,2.977106535456439,-3.40861319697465,12.36107490997365,-27.63587483072468,20.81864843677539,1.971651093099752,8.941291613508152,-15.55295844464625,19.49626063084575,-139.4530528435778,69.76952260014022,-276.1988043584059,-2.707301328749651
-14.9,27,-16.89739967403358,10.13662393301159,-36.76481750756305,2.97001815949589,-3.400497420308454,12.33164366699939,-27.57007487780869,20.76908003719178,1.966956667827485,8.92000274274905,-15.51592744995915,19.44984078561412,-139.1210204987808,69.60340405588381,-275.5411856497021,-2.700855347859374
-14.8,27,-16.85707198157493,10.11243165136919,-36.67707381438143,2.962929851231575,-3.392381721040041,12.30221270465445,-27.50427555231385,20.71951211023377,1.962262287324577,8.89871407501181,-15.47889680841823,19.40342138306738,-138.7889913204788,69.43728709549065,-274.8835732118083,-2.694409429149346
-14.7,27,-16.81674390451923,10.08823913896068,-36.58932928430952,2.955841475271058,-3.384265944373846,12.27278146163911,-27.43847559931734,20.66994371056965,1.95756786205231,8.877425204235504,-15.44186581369741,19.35700153780203,-138.4569589756818,69.27116855062675,-274.2259545019139,-2.68796344944974
-14.6,27,-16.77641621206058,10.06404685731826,-36.50158559112788,2.948753167006714,-3.376150245105433,12.24335049931253,-27.37267627385847,20.6203757836476,1.952873481549402,8.856136536498278,-15.40483517215652,19.31058213525532,-138.1249297973799,69.10505159058559,-273.56834206471,-2.681517530049774
-14.5,27,-16.73608813500488,10.03985434478836,-36.41384106081804,2.941664790808272,-3.368034468439237,12.21391925629068,-27.30687632084921,20.57080738397074,1.948179056277135,8.834847665726654,-15.36780417744487,19.26416228999914,-137.7928974525828,68.93893304501353,-272.9107233534275,-2.675071551738142
-14.4,27,-16.69576005794919,10.01566183250124,-36.32609653098406,2.934576415085683,-3.359918691773042,12.18448801330688,-27.24107636791452,20.52123898436843,1.943484631004869,8.813558794961699,-15.33077318274629,19.21774244475603,-137.4608651077858,68.7728145013667,-272.2531046459185,-2.66862556965313
-14.3,27,-16.65543236549053,9.991469550737428,-36.23835283756448,2.927488106583414,-3.351802992504629,12.15505705094876,-27.17527704239384,20.47167105738458,1.93879025050196,8.792270127224457,-15.29374254120537,19.17132304220929,-137.1288359294839,68.60669754036394,-271.5954922068299,-2.662179652137866
-14.2,27,-16.61510428843484,9.967277038450314,-36.15060830773049,2.920399730860826,-3.343687215838433,12.12562580796496,-27.10947708945914,20.42210265778227,1.934095825229694,8.770981256454004,-15.25671154649602,19.12490319695541,-136.7968035846868,68.44057899610756,-270.9378734981261,-2.655733671247532
-14.1,27,-16.57477659597619,9.943084756686501,-36.06286461431093,2.913311422358557,-3.33557151657002,12.09619484560199,-27.04367776392897,20.37253473078892,1.929401444726785,8.749692588716805,-15.21968090495518,19.07848379440875,-136.4647744063849,68.27446203571442,-270.2802610602323,-2.649287752537447
-14,27,-16.53444851892049,9.918892244399387,-35.97512008447695,2.906223046635972,-3.327455739903825,12.06676360262302,-26.97787781100374,20.32296633119608,1.924707019454519,8.728403717939358,-15.18264991023212,19.03206394914116,-136.1327420615879,68.10834349085049,-269.6226423503378,-2.642841772837926
-13.9,27,-16.49412044186479,9.894699731869478,-35.88737555416709,2.899134670437512,-3.319339963237629,12.03733235960393,-26.91207785799988,20.27339793152461,1.920012594182253,8.707114847180128,-15.14561891554477,18.98564410390928,-135.8007097167908,67.94222494623999,-268.96502364094,-2.63639579264165
-13.8,27,-16.45379274940614,9.870507450348461,-35.79963186122339,2.892046362411119,-3.311224263969216,12.00790139725674,-26.84627853250062,20.22383000456218,1.915318213679344,8.685826179443007,-15.10858827400408,18.93922470136277,-135.4686805384889,67.77610798523727,-268.3074112018514,-2.6299498751263
-13.7,27,-16.41346467235044,9.846314937818546,-35.71188733091353,2.884957986212648,-3.303108487303021,11.97847015426199,-26.78047857954447,20.17426160493843,1.910623788407078,8.66453730868491,-15.07155727931895,18.89280485613311,-135.1366481936919,67.60998944159046,-267.6497924943425,-2.62350389304126
-13.6,27,-16.37313697989179,9.822122656176134,-35.6241436377319,2.877869677948322,-3.294992788034608,11.94903919191482,-26.71467925404525,20.12469367797603,1.905929407904169,8.643248640928341,-15.03452663774014,18.84638545354848,-134.8046190153899,67.4438724805877,-266.9921800552538,-2.617057975525967
-13.5,27,-16.33280890283609,9.797930143767621,-35.53639910765997,2.870781301987794,-3.286877011368412,11.91960794892642,-26.64887930110153,20.0751252783647,1.901234982631903,8.621959770157769,-14.99749564303056,18.79996560829437,-134.4725866705929,67.27775393633129,-266.33456134655,-2.610611994635718
-13.4,27,-16.29248082578039,9.7737376314805,-35.44865457782598,2.863692926265198,-3.278761234702217,11.89017670591353,-26.58307934810983,20.0255568787054,1.896540557359637,8.600670899418025,-14.9604646483814,18.75354576310068,-134.1405543257958,67.11163539111539,-265.6769426359656,-2.604166015626049
-13.3,27,-16.25215313332174,9.749545349716689,-35.36091088440641,2.85660461776293,-3.270645535433804,11.8607457436183,-26.5172800227124,19.97598895184479,1.891846176856728,8.579382231680929,-14.92343400684076,18.70712636055422,-133.8085251474939,66.94551843107425,-265.0193301987617,-2.597720096226027
-13.2,27,-16.21182505626604,9.725352837429567,-35.27316635457241,2.849516242040327,-3.262529758767609,11.83131450057163,-26.45148006965449,19.92642055211927,1.887151751584462,8.558093360865669,-14.88640301204359,18.66070651521252,-133.4764928026969,66.77939988550213,-264.3617114874792,-2.591274117914509
-13.1,27,-16.17149736380739,9.701160555665762,-35.18542266115286,2.842427933538072,-3.254414059499195,11.80188353827638,-26.38568074425704,19.87685262525865,1.882457371081553,8.536804693129906,-14.84937237050557,18.61428711266867,-133.1444636243949,66.61328292546099,-263.7040990502754,-2.584828198514487
-13,27,-16.13116928675169,9.676968043257254,-35.09767813108095,2.835339557577562,-3.246298282833,11.77245229522971,-26.31988079119911,19.82728422553311,1.877762945809287,8.515515822388792,-14.81234137585372,18.56786726747229,-132.8124312795979,66.44716438181416,-263.0464803427663,-2.578382216429475
-12.9,27,-16.09084120969599,9.652775530848739,-35.00993360100902,2.828251181617031,-3.238182506166805,11.74302105218302,-26.25408083814118,19.77771582580757,1.873068520537021,8.494226951647622,-14.77531038120177,18.52144742227581,-132.4803989348009,66.28104583695028,-262.3888616328719,-2.57193623672984
-12.8,27,-16.05051351723734,9.628583249084938,-34.92218990758948,2.821162873114787,-3.230066806898392,11.71359008988777,-26.18828151274371,19.72814789894692,1.868374140034112,8.472938283911835,-14.73827973966369,18.47502801973192,-132.1483697564989,66.11492887620301,-261.731249194284,-2.565490318713842
-12.7,27,-16.01018544018165,9.604390736797811,-34.83444537775546,2.81407449739217,-3.221951030232196,11.68415884684109,-26.12248155968578,19.67857949922139,1.863679714761846,8.451649413096632,-14.70124874486663,18.42860817439033,-131.8163374117019,65.94881033133704,-261.0736304843855,-2.5590443390183
-12.6,27,-15.969857747723,9.580198455155401,-34.74670168457384,2.80698618912785,-3.213835330963783,11.65472788454585,-26.05668223428834,19.62901157236077,1.858985334258937,8.430360745359449,-14.66421810332582,18.3821887718437,-131.4843082334,65.78269337129589,-260.4160180471816,-2.552598419618278
-12.5,27,-15.9295296706673,9.55600594274688,-34.65895715450191,2.799897813167307,-3.205719554297588,11.62529664153298,-25.99088228129667,19.5794431727015,1.854290908986671,8.409071874619688,-14.62718710867663,18.33576892664997,-131.1522758886029,65.61657482572586,-259.7583993359032,-2.546152441302695
-12.4,27,-15.8892015936116,9.531813430338374,-34.57121262443,2.792809437206797,-3.197603777631392,11.59586539854458,-25.92508232835297,19.52987477309018,1.849596483714405,8.387783003849174,-14.59015611396716,18.28934908139597,-130.8202435438059,65.45045628207906,-259.1007806283941,-2.539706459217655
-12.3,27,-15.84887390115295,9.507621148695959,-34.48346893124836,2.785721128942463,-3.189488078362979,11.5664344361974,-25.85928300285372,19.48030684612777,1.844902103211496,8.366494336092586,-14.55312547238832,18.24292967881131,-130.4882143655039,65.28433932203789,-258.4431681911902,-2.533260539817661
-12.2,27,-15.80854582409725,9.483428636287448,-34.39572440117644,2.778632752981942,-3.181372301696784,11.53700319320265,-25.79348304989757,19.43073844650401,1.84020767793923,8.345205465334525,-14.51609447770326,18.19650983358172,-130.1561820207069,65.11822077717402,-257.7855494812958,-2.526814560118027
-12.1,27,-15.7682181316386,9.459236354523636,-34.30798070775688,2.771544444479678,-3.173256602428371,11.50757223085547,-25.72768372439832,19.38117051954158,1.835513297436321,8.323916797597366,-14.4790638361625,18.15009043103514,-129.824152842405,64.95210381678083,-257.127937043402,-2.520368641408012
-12,27,-15.7278900545829,9.435043842175821,-34.22023617780392,2.764456068638117,-3.165140825762175,11.47814098783637,-25.66188377139445,19.3316021198701,1.830818872164055,8.302627926838213,-14.44203284147529,18.1036705858034,-129.4921204976079,64.78598527156078,-256.4703183328094,-2.513922662406458
-11.9,27,-15.6875619775272,9.410851329767311,-34.132491647732,2.757367692677596,-3.15702504909598,11.44870974485741,-25.59608381846924,19.28203372027728,1.826124446891789,8.281339056060695,-14.4050018467521,18.05725074053568,-129.1600881528109,64.61986672791394,-255.8126996253004,-2.50747668032146
-11.8,27,-15.64723428506855,9.386659048064192,-34.04474795443139,2.750279384294288,-3.148909349827567,11.41927878249444,-25.53028449293905,19.23246579328392,1.82143006638888,8.260050388323547,-14.36797120521136,18.01083133798912,-128.828058974509,64.4537497659496,-255.1550871843271,-2.501030764690881
-11.7,27,-15.60690620801286,9.362466535716381,-33.95700342447844,2.743191008452733,-3.140793573161371,11.38984753951063,-25.46448454000435,19.18289739368161,1.816735641116614,8.238761517553042,-14.33094021050191,17.96441149273513,-128.4960266297119,64.28763122230279,-254.4974684768181,-2.494584782605799
-11.6,27,-15.5665785155542,9.338274254013266,-33.86925973117784,2.736102700069432,-3.132677873892958,11.36041657715252,-25.3986852144837,19.13332946669778,1.812041260613705,8.217472849815804,-14.29390956896099,17.9179920901884,-128.16399745141,64.12151426130005,-253.8398560377295,-2.488138865090491
-11.5,27,-15.52625043849851,9.314081741604765,-33.78151520110595,2.729014324108933,-3.124562097226763,11.33098533416872,-25.332885261549,19.08376106709547,1.807346835341439,8.196183979050863,-14.25687857426244,17.87157224494532,-127.831965106613,63.95539571704365,-253.1822373290257,-2.481692884200228
-11.4,27,-15.48592236144281,9.289889229256941,-33.69377067115297,2.721925948267353,-3.116446320560567,11.30155409114687,-25.26708530853972,19.03419266741859,1.802652410069173,8.174895108279184,-14.21984757955069,17.82515239968903,-127.4999327618159,63.7892771727883,-252.524618620324,-2.475246903307905
-11.3,27,-15.44559466898416,9.265696947553829,-33.60602697785237,2.71483763988406,-3.108330621292154,11.2721231288203,-25.20128598308088,18.98462474049657,1.797958029566264,8.153606440542008,-14.18281693800989,17.77873299714242,-127.167903583514,63.62316021209033,-251.8670061818328,-2.468800985195259
-11.2,27,-15.40526659192846,9.241504435145325,-33.51828244778046,2.707749263923549,-3.100214844625959,11.24269188580494,-25.13548603008433,18.93505634083241,1.793263604293998,8.132317569765627,-14.14578594328893,17.73231315187692,-126.835871238717,63.45704166717609,-251.2093874718396,-2.462355005594318
-11.1,27,-15.36493889946981,9.217312153502904,-33.43053875459882,2.700660955659208,-3.092099145357546,11.21326092346002,-25.06968670458954,18.88548841387444,1.788569223791089,8.111028902028478,-14.10875530174818,17.68589374933036,-126.5038420604151,63.29092470665417,-250.5517750336935,-2.455909087136632
-11,27,-15.32461082241411,9.193119641094386,-33.34279422452689,2.693572579698669,-3.08398336869135,11.18382968048575,-25.00388675167352,18.83592001429082,1.783874798518823,8.089740031269312,-14.07172430706095,17.6394739040986,-126.171809715618,63.12480616222278,-249.8941563246467,-2.449463106589334
-10.9,27,-15.28428274535841,9.168927128685882,-33.25504969445499,2.686484203738162,-3.075867592025154,11.15439843746407,-24.93808679866458,18.78635161461427,1.779180373246557,8.068451160510179,-14.03469331237379,17.59305405886691,-125.839777370821,62.95868761730852,-249.2365376146535,-2.443017126988423
-10.8,27,-15.24395505289976,9.144734847043468,-33.16730600127335,2.679395895473832,-3.067751892756741,11.12496747514383,-24.87228747321815,18.73678368770466,1.774485992743648,8.047162492773003,-13.997662670833,17.54663465632029,-125.507748192519,62.7925706572674,-248.5789251774497,-2.436571207588372
-10.7,27,-15.20362697584406,9.120542334634951,-33.07956147120143,2.6723075195133,-3.059636116090546,11.09553623212214,-24.8064875202092,18.68721528802811,1.769791567471382,8.025873621996613,-13.96063167611201,17.50021481105478,-125.175715847722,62.62645211253019,-247.9213064678035,-2.430125227640474
-10.6,27,-15.16329928338541,9.096350052931829,-32.99181777790081,2.665219211129985,-3.051520416822133,11.06610526980189,-24.74068819476274,18.63764736111847,1.765097186968473,8.004584954259441,-13.92360103457122,17.45379540850817,-124.8436866694201,62.46033515231303,-247.2636940302547,-2.423679308585463
-10.5,27,-15.12297120632971,9.072157540523332,-32.90407324782892,2.658130835169489,-3.043404640155937,11.03667402677373,-24.67488824174109,18.58807896142922,1.760402761696207,7.983296083487772,-13.88657003985949,17.4073755632519,-124.511654324623,62.29421660739982,-246.6060753202636,-2.417233328982505
-10.4,27,-15.08264312927402,9.047965028114813,-32.81632871775698,2.65104245920895,-3.035288863489742,11.00724278377157,-24.60908828877043,18.53851056179094,1.755708336423941,7.962007212722793,-13.84953904516087,17.36095571800875,-124.179621979826,62.12809806266262,-245.9484566106174,-2.410787349034592
-10.3,27,-15.04231543681536,9.0237727464724,-32.72858502457535,2.643954150944623,-3.027173164221329,10.97781182143179,-24.54328896328568,18.48894263484303,1.751013955921032,7.94071854498561,-13.81250840362006,17.31453631546212,-123.8475928015241,61.96198110244546,-245.2908441730686,-2.404341429979553
-10.2,27,-15.00198735975967,8.999580234063894,-32.64084049450344,2.636865774984109,-3.019057387555133,10.94838057843598,-24.47748901032745,18.43937423521719,1.746319530648766,7.91942967421512,-13.77547740891064,17.26811647020817,-123.515560456727,61.79586255770929,-244.6332254634244,-2.397895450029623
-10.1,27,-14.96165966730102,8.975387952421464,-32.55309680132178,2.62977746671975,-3.01094168828672,10.91894961608503,-24.41168968482082,18.38980630824738,1.741625150145857,7.898141006477901,-13.73844676736976,17.22169706766147,-123.1835312784251,61.62974559701034,-243.9756130249313,-2.391449531918894
-10,27,-14.92133159024532,8.951195440012965,-32.46535227124988,2.62268909075925,-3.002825911620525,10.88951837309406,-24.34588973187208,18.34023790863102,1.736930724873591,7.876852135700467,-13.70141577264673,17.17527722239391,-122.8514989336281,61.46362705257793,-243.3179943158825,-2.3850035513736
-9.9,27,-14.88100351318962,8.92700292760445,-32.37760774117796,2.615600714798722,-2.994710134954329,10.86008713007495,-24.28008977886818,18.29066950895952,1.732236299601324,7.855563264941297,-13.66438477795949,17.12885737716214,-122.519466588831,61.29750850832254,-242.6603756071807,-2.378557570481348
-9.800000000000001,27,-14.84067582073097,8.902810645962026,-32.28986404799631,2.608512406534373,-2.986594435685916,10.83065616772776,-24.21429045336892,18.24110158199709,1.727541919098416,7.834274597204046,-13.62735413641855,17.08243797461538,-122.1874374105291,61.13139154731982,-242.0027631680922,-2.372111652965984
-9.699999999999999,27,-14.80034774367527,8.878618133553516,-32.20211951792439,2.601424030573853,-2.978478659019721,10.80122492473303,-24.14849050041281,18.19153318237336,1.722847493826149,7.812985726446096,-13.59032314173371,17.036018129386,-121.8554050657321,60.96527300271035,-241.3451444586964,-2.365665672767719
-9.6,27,-14.76002005121662,8.854425851850404,-32.1143758246238,2.594335722190559,-2.970362959751308,10.77179396238584,-24.08269117491355,18.14196525541093,1.718153113323241,7.791697058689432,-13.55329250015471,16.98959872680119,-121.5233758874301,60.7991560426692,-240.6875320214925,-2.359219753367711
-9.5,27,-14.71969197416092,8.830233339502588,-32.02663129467084,2.587247346348994,-2.962247183085112,10.7423627193911,-24.01689122195741,18.09239685578719,1.713458688050974,7.77040818791894,-13.51626150544529,16.94317888154724,-121.1913435426331,60.63303749841383,-240.0299133127908,-2.35277377247543
-9.4,27,-14.67936389710522,8.80604082709408,-31.93888676459892,2.580158970388478,-2.954131406418917,10.71293147639659,-23.95109126900173,18.0428284561639,1.708764262778708,7.749119317179175,-13.47923051079609,16.8967590363535,-120.859311197836,60.46691895301881,-239.3722946018553,-2.346327793816812
-9.300000000000001,27,-14.63903620464657,8.78184854539097,-31.85114307129833,2.573070662005186,-2.946015707150504,10.68350051408298,-23.8852919435683,17.99326052926729,1.704069882275799,7.727830649442034,-13.44219986925536,16.85033963380696,-120.5272820195341,60.30080199280165,-238.7146821643065,-2.339881874761787
-9.199999999999999,27,-14.59870812759087,8.757656033043153,-31.76339854134537,2.565982286163623,-2.937899930484309,10.65406927105466,-23.81949199054634,17.94369212957772,1.699375457003533,7.706541778626783,-13.40516887445821,16.80391978846528,-120.1952496747371,60.13468344854627,-238.0570634556046,-2.33343589386952
-9.1,27,-14.55838043513222,8.733463751279336,-31.67565484792579,2.558893977661347,-2.929784231215895,10.62463830874107,-23.75369266511293,17.89412420268114,1.694681076500624,7.685253110891039,-13.36813823292022,16.75750038592147,-119.8632204964351,59.96856648784832,-237.3994510171134,-2.326989975756831
-9,27,-14.51805235807652,8.709271238931533,-31.58791031797286,2.551805601819815,-2.9216684545497,10.59520706569439,-23.687892712055,17.8445558029556,1.689986651228358,7.663964240149834,-13.3311072382682,16.71108054072491,-119.5311881516381,59.80244794293409,-236.7418323071203,-2.320543996155877
-8.9,27,-14.47772428102083,8.685078726583715,-31.5001657880199,2.544717225978246,-2.913552677883505,10.56577582267238,-23.62209275904543,17.79498740327842,1.685292225956092,7.64267536940875,-13.29407624361641,16.66466069552859,-119.1991558068411,59.63632939867768,-236.0842135984165,-2.314098015265628
-8.800000000000001,27,-14.43739658856218,8.660886444819901,-31.41242209460033,2.537628917475978,-2.905436978615092,10.5363448603588,-23.55629343361204,17.74541947638185,1.680597845453183,7.621386701672924,-13.25704560207826,16.61824129298462,-118.8671266285391,59.47021243815574,-235.4266011602703,-2.307652096807956
-8.699999999999999,27,-14.39706851150648,8.636693932472079,-31.32467756464736,2.530540541634403,-2.897321201948896,10.50691361733046,-23.49049348059005,17.69585107669226,1.675903420180917,7.600097830857737,-13.22001460728123,16.57182144764306,-118.5350942837421,59.30409389306653,-234.7689824499342,-2.301206117549981
-8.6,27,-14.35674081904783,8.612501650768971,-31.23693387134677,2.523452233251115,-2.889205502680483,10.47748265501688,-23.42469415515666,17.6462831497957,1.671209039678008,7.578809163120589,-13.18298396574049,16.52540204509651,-118.2030651054402,59.13797693302539,-234.1113700127304,-2.294760198149945
-8.5,27,-14.31641274199213,8.588309138360463,-31.14918934127486,2.5163638572906,-2.881089726014288,10.44805141202235,-23.35889420220095,17.59671475017237,1.666514614405742,7.5575202923809,-13.14595297109144,16.47898219990292,-117.8710327606431,58.97185838876897,-233.4537513040266,-2.28831421725971
-8.4,27,-14.27608466493643,8.564116626012652,-31.06144481132191,2.509275481449048,-2.872973949348092,10.41862016902762,-23.29309424924484,17.54714635054865,1.661820189133476,7.53623142161034,-13.10892197638188,16.43256235464883,-117.5390004158461,58.80573984337499,-232.7961325930931,-2.281868238599074
-8.300000000000001,27,-14.23575697247778,8.539924344309533,-30.9737011180213,2.502187173065737,-2.864858250079679,10.38918920668043,-23.22729492374558,17.49757842358622,1.657125808630567,7.514942753853687,-13.07189133480291,16.38614295206404,-117.2069712375442,58.63962288315783,-232.1385201555443,-2.275422319544035
-8.199999999999999,27,-14.19542889542208,8.515731831901023,-30.88595658794938,2.49509879710522,-2.856742473413484,10.35975796368569,-23.16149497078944,17.44801002396247,1.652431383358301,7.49365388309568,-13.03486034011795,16.33972310683455,-116.8749388927471,58.47350433890142,-231.4809014468404,-2.268976338653786
-8.1,27,-14.15510120296343,8.491539550258608,-30.79821289476774,2.488010488840885,-2.848626774145071,10.3303270013385,-23.09569564529019,17.39844209700005,1.647737002855392,7.472365215358463,-12.99782969857708,16.29330370428786,-116.5429097144452,58.30738737820349,-230.8232890083493,-2.262530420541069
-8,27,-14.11477312590773,8.4673470378501,-30.71046836469583,2.480922112880371,-2.840510997478875,10.3008957583194,-23.02989569228631,17.34887369732856,1.643042577583126,7.451076344599305,-12.96079870388987,16.24688385905612,-116.2108773696482,58.14126883329027,-230.1656702983582,-2.256084440938125
-7.9,27,-14.07444524115056,8.443154640824623,-30.62272425306903,2.473833770767916,-2.832395259511571,10.27146465565008,-22.96409605306183,17.29930553403869,1.638348174695539,7.429787575343243,-12.92376788576039,16.20046423515146,-115.8788466080987,57.9751510811415,-229.5080547254043,-2.249638490793004
-7.8,27,-14.03411735639338,8.418962243799166,-30.53498014144227,2.466745428655502,-2.824279521544267,10.24203355297747,-22.89829641383092,17.24973737074239,1.633653771807951,7.408498806084653,-12.88673706762595,16.15404461124186,-115.5468158465492,57.80903332851192,-228.8504391515082,-2.243192541590219
-7.7,27,-13.99378927933769,8.39476973139066,-30.44723561137036,2.459657052694988,-2.816163744878071,10.21260230998166,-22.83249646087268,17.20016897111654,1.628959346535685,7.387209935314129,-12.84970607291647,16.10762476598784,-115.2147835017522,57.64291478359976,-228.1928204415191,-2.236746561985214
-7.6,27,-13.95346139458051,8.370577334365187,-30.35949149974356,2.45256871058254,-2.808048006910767,10.1831712073074,-22.76669682163853,17.150600807817,1.624264943648098,7.36592116605809,-12.81267525478703,16.06120514208323,-114.8827527402027,57.47679703127394,-227.5352048682183,-2.230300612187079
-7.5,27,-13.91313350982334,8.346384937339725,-30.27174738811679,2.445480368470115,-2.799932268943463,10.15374010463974,-22.7008971824173,17.10103264453038,1.61957054076051,7.344632396811944,-12.77564443667699,16.01478551819801,-114.5507219786532,57.31067927912516,-226.8775892952644,-2.223854662041944
-7.4,27,-13.87280562506616,8.322192540253564,-30.18400327637105,2.438392026238725,-2.791816530976158,10.12430900196547,-22.63509754318314,17.05146448123082,1.614876137872923,7.323343627553329,-12.73861361854251,15.96836589428836,-114.2186912171037,57.14456152631958,-226.2199737210233,-2.217408713184128
-7.3,27,-13.83247774030899,8.298000143228101,-30.09625916474427,2.4313036841263,-2.783700793008854,10.09487789929132,-22.56929790394919,17.00189631793148,1.610181734985335,7.302054858303141,-12.70158280042454,15.92194627039522,-113.8866604555542,56.97844377369106,-225.5623581471291,-2.210962763979282
-7.2,27,-13.79214966325329,8.273807630819599,-30.00851463467237,2.424215308165794,-2.775585016342659,10.06544665626964,-22.50349795094026,16.95232791825494,1.605487309713069,7.280765987526771,-12.6645518057036,15.87552642512974,-113.5546281107572,56.8123252292576,-224.9047394380783,-2.204516783436048
-7.1,27,-13.75182177849612,8.249615233794131,-29.92077052304559,2.417126966053356,-2.767469278375355,10.03601555362773,-22.43769831176952,16.90275975501881,1.600792906825481,7.259477218287574,-12.62752098760718,15.82910680125814,-113.2225973492077,56.64620747645203,-224.2471238638372,-2.198070834578218
-7,27,-13.71149389373894,8.22542283676866,-29.83302641141879,2.410038623940913,-2.75935354040805,10.00658445092771,-22.37189867248488,16.85319159166878,1.596098503937894,7.238188449030447,-12.59049016947561,15.7826871773514,-112.8905665876582,56.48008972430323,-223.5895082908833,-2.191624884433111
-6.9,27,-13.67116600898177,8.201230439743204,-29.74528229979203,2.402950281828501,-2.751237802440746,9.977153348275104,-22.30609903329315,16.80362342841167,1.591404101050307,7.216899679773277,-12.55345935134396,15.73626755344458,-112.5585358261087,56.31397197149766,-222.9318927166422,-2.18517893557528
-6.8,27,-13.63083812422459,8.177038042717736,-29.65753818816525,2.395861939716065,-2.743122064473441,9.947722245608515,-22.24029939407404,16.75405526512716,1.586709698162719,7.195610910534101,-12.51642853324758,15.68984792957302,-112.2265050645592,56.14785421869209,-222.274277142401,-2.178732986717449
-6.7,27,-13.59051004716889,8.152845530309223,-29.56979365809332,2.388773563755539,-2.735006287807246,9.918291002593165,-22.17449944107751,16.70448686546302,1.582015272890453,7.174322039757747,-12.47939753852666,15.64342808430757,-111.8944727197622,55.9817356744357,-221.6166584336973,-2.172287005827144
-6.6,27,-13.55018216241172,8.128653133283755,-29.48204954646654,2.381685221643101,-2.726890549839942,9.888859899931012,-22.10869980186708,16.6549187021872,1.577320870002865,7.153033270507552,-12.44236672040869,15.59700846041442,-111.5624419582127,55.81561792163011,-220.9590428594561,-2.165841056969342
-6.5,27,-13.50985427765454,8.104460736258305,-29.39430543483979,2.374596879530701,-2.718774811872637,9.859428797244755,-22.04290016260942,16.60535053886414,1.572626467115278,7.131744501248911,-12.40533590227415,15.55058883650471,-111.2304111966632,55.64950016948131,-220.3014272865022,-2.159395106824249
-6.4,27,-13.46952639289737,8.080268339172139,-29.30656132309404,2.367508537299297,-2.710659073905333,9.829997694589093,-21.97710052341171,16.55578237560104,1.56793206422769,7.110455732002802,-12.36830508416419,15.50416921261957,-110.8983804351138,55.48338241667575,-219.6438117122611,-2.152949157966418
-6.3,27,-13.42919850814019,8.056075942146673,-29.21881721146725,2.360420195186865,-2.702543335938029,9.800566591902825,-21.91130088415402,16.50621421227797,1.563237661340103,7.089166962746747,-12.33127426603472,15.45774958871493,-110.5663496735643,55.31726466452699,-218.9861961393073,-2.146503207821254
-6.2,27,-13.3888704310845,8.031883429798862,-29.1310726815143,2.353331819345312,-2.694427559271833,9.771135348919012,-21.84550093121931,16.45664581267564,1.558543236067837,7.067878091976225,-12.29424327132524,15.41132974346091,-110.2343173287672,55.15114611961378,-218.3285774293162,-2.140057228218296
-6.1,27,-13.34854254632732,8.007691032712696,-29.04332856976855,2.346243477113909,-2.686311821304529,9.741704246234397,-21.77970129196486,16.4070776493558,1.553848833180249,7.046589322717628,-12.25721245319079,15.36491011955129,-109.9022865672178,54.98502836746603,-217.6709618563644,-2.133611278071157
-6,27,-13.30821466157015,7.983498635687231,-28.95558445814178,2.33915513500148,-2.678196083337225,9.712273143577095,-21.71390165276394,16.35750948608949,1.549154430292662,7.02530055346157,-12.22018163506132,15.31849049564664,-109.5702558056683,54.81891061465943,-217.0133462821212,-2.12716532921533
-5.9,27,-13.26788677681297,7.959306238661768,-28.867840346515,2.332066792889053,-2.670080345369921,9.682842040906129,-21.64810201353624,16.3079413227964,1.544460027405074,7.004011784222375,-12.1831508169649,15.27207087177505,-109.2382250441188,54.65279286185384,-216.35573070788,-2.120719380357542
-5.8,27,-13.2275588920558,7.935113841575609,-28.78009623476926,2.324978450657664,-2.661964607402616,9.653410938210804,-21.5823023742608,16.25837315945557,1.539765624517487,6.982723014965231,-12.1461199988333,15.22565124786828,-108.9061942825693,54.48667510904827,-215.6981151336389,-2.114273431499697
-5.7,27,-13.1872308150001,7.910921329167102,-28.69235170469735,2.317890074697148,-2.653848830736421,9.623979695216066,-21.51650242130468,16.20880475983183,1.535071199245221,6.961434144207198,-12.1090890041483,15.17923140263874,-108.5741619377723,54.32055656479186,-215.0404964249351,-2.107827450609435
-5.6,27,-13.14690293024293,7.886728932141635,-28.60460759307057,2.310801732584714,-2.645733092769117,9.594548592537683,-21.45070278206244,16.1592365965242,1.530376796357633,6.940145374930269,-12.07205818597792,15.13281177869319,-108.2421311762228,54.15443881198628,-214.3828808506939,-2.101381501751618
-5.5,27,-13.10657504548575,7.862536535116167,-28.51686348144378,2.303713390472279,-2.637617354801812,9.565117489880473,-21.3849031428617,16.10966843325808,1.525682393470046,6.918856605680058,-12.03502736785991,15.0863921548,-107.9101004146733,53.9883210598375,-213.7252652777401,-2.094935551606511
-5.4,27,-13.06624716072858,7.838344138090704,-28.42911936981701,2.296625048359852,-2.629501616834508,9.535686387195758,-21.31910350360705,16.06010026993804,1.520987990582458,6.897567836442301,-11.99799654976631,15.03997253093123,-107.5780696531238,53.82220330768875,-213.0676497047863,-2.088489601461333
-5.3,27,-13.0259192759714,7.814151741065235,-28.34137525819022,2.289536706247413,-2.621385878867204,9.50625528457236,-21.25330386447259,16.01053210673818,1.516293587694871,6.876279067203085,-11.96096573166985,14.99355290705959,-107.2460388915743,53.65608555488316,-212.4100341305451,-2.082043652603517
-5.2,27,-12.9855911989157,7.78995922865673,-28.25363072811831,2.282448330286902,-2.613270102201009,9.476824041525687,-21.18750391141467,15.96096370701265,1.511599162422605,6.854990196387917,-11.92393473687286,14.94713306171807,-106.9140065467773,53.48996701014701,-211.752415420901,-2.075597672653544
-5.1,27,-12.94526331415853,7.765766831631272,-28.16588661649154,2.275359988174486,-2.605154364233704,9.447392938854724,-21.12170427218698,15.91139554371957,1.506904759535017,6.833701427150149,-11.88690391877924,14.90071343784927,-106.5819757852278,53.32384925782117,-211.0947998476002,-2.069151722855437
-5,27,-12.90493542940136,7.741574434605806,-28.07814250486476,2.268271646062054,-2.5970386262664,9.417961836183764,-21.05590463295929,15.86182738042649,1.50221035664743,6.812412657911008,-11.84987310068293,14.85429381397779,-106.2499450236783,53.15773150501559,-210.437184273359,-2.062705773997621
-4.9,27,-12.86460754464418,7.717382037580341,-27.99039839323799,2.261183303949622,-2.588922888299096,9.388530733512797,-20.99010499373159,15.8122592171334,1.497515953759842,6.7911238886718,-11.81284228258648,14.80787419010617,-105.9179142621288,52.99161375221004,-209.7795686991179,-2.056259825139733
-4.8,27,-12.82427965988701,7.693189640554875,-27.9026542816112,2.25409496183719,-2.580807150331792,9.35909963084184,-20.92430535450391,15.76269105384033,1.492821550872255,6.769835119434103,-11.775811464493,14.76145456623751,-105.5858835005794,52.82549599988419,-209.121953125817,-2.049813875341684
-4.7,27,-12.78395158283131,7.668997128146366,-27.81490975153929,2.247006585876672,-2.572691373665596,9.329668387795154,-20.85850540144596,15.71312265411477,1.488127125599989,6.748546248618889,-11.73878046969592,14.7150347208959,-105.2538511557823,52.65937745514805,-208.464334416173,-2.043367895391683
-4.6,27,-12.74362369807413,7.644804731120897,-27.7271656399125,2.239918243764233,-2.564575635698292,9.300237285171757,-20.7927057623115,15.66355449091492,1.483432722712401,6.727257479379696,-11.7017496515995,14.66861509702431,-104.9218203942328,52.49325970234247,-207.8067188419318,-2.036921946533852
-4.5,27,-12.70329581331696,7.620612334095433,-27.63942152828572,2.232829901651805,-2.556459897730988,9.270806182487046,-20.72690612305686,15.61398632759489,1.478738319824814,6.705968710141968,-11.66471883350596,14.62219547315559,-104.5897896326833,52.32714195019369,-207.149103268978,-2.030475996388731
-4.4,27,-12.66296792855978,7.596419937069974,-27.55167741665895,2.225741559539385,-2.548344159763683,9.24137507982983,-20.66110648385611,15.56441816432875,1.474043916937226,6.684679940891725,-11.62768801538789,14.57577584926234,-104.2577588711339,52.16102419804493,-206.4914876960242,-2.024030046243553
-4.3,27,-12.62264004380261,7.572227540044504,-27.46393330503216,2.218653217426944,-2.540228421796379,9.211943977151458,-20.5953068446139,15.51485000102114,1.469349514049639,6.663391171614815,-11.59065719721755,14.52935622531683,-103.9257281095844,51.99490644523934,-205.833872121783,-2.017584097385779
-4.2,27,-12.58231196674691,7.548035027635992,-27.37618877496024,2.211564841466419,-2.532112645130184,9.182512734156724,-20.52950689165778,15.46528160139741,1.464655088777372,6.642102300856793,-11.55362620253257,14.48293638008731,-103.5936957647873,51.82878790098294,-205.1762534130792,-2.011138116495502
-4.1,27,-12.54198408198974,7.523842630549843,-27.28844466321453,2.204476499235051,-2.523996907162879,9.153081631461383,-20.46370725238231,15.41571343805655,1.459960685889785,6.620813531599643,-11.51659538440095,14.43651675618052,-103.2616650032379,51.66267014817736,-204.518637838838,-2.004692167637671
-4,27,-12.50165619723256,7.499650233524367,-27.20070055158772,2.197388157122598,-2.515881169195575,9.123650528790423,-20.39790761315462,15.36614527476347,1.455266283002197,6.599524762360415,-11.47956456630447,14.39009713230887,-102.9296342416884,51.49655239537178,-203.8610222645969,-1.998246218779855
-3.9,27,-12.46132831247539,7.475457836498907,-27.11295643996095,2.190299815010178,-2.507765431228271,9.094219426133119,-20.3321079739537,15.31657711149716,1.45057188011461,6.57823599310442,-11.44253374817513,14.34367750840435,-102.5976034801389,51.33043464256516,-203.2034066903537,-1.99180026992407
-3.8,27,-12.42100033156895,7.451265381812265,-27.02521211917108,2.183211456033177,-2.499649673911521,9.064788253274347,-20.26630817781098,15.26700882998794,1.445877466034683,6.556947173094605,-11.40550284176246,14.29725777383183,-102.2655719269656,51.1643164943636,-202.5457895495269,-1.985354304404353
-3.7,27,-12.38067244681178,7.427072984726104,-26.93746800742534,2.176123113801786,-2.491533935944217,9.0353571506372,-20.20050853864957,15.21744066676113,1.441183063147096,6.535658403827511,-11.36847202361136,14.25083814990555,-101.9335411654161,50.99819874221485,-201.8881739765731,-1.97890835425919
-3.6,27,-12.34034446590534,7.402880530039463,-26.84972368663547,2.169034754824787,-2.483418178627467,9.005925977778421,-20.13470874250684,15.1678723852519,1.436488649067169,6.514369583819201,-11.33144111720164,14.20441841533598,-101.6015096122429,50.83208059335546,-201.230556834457,-1.972462390028781
-3.5,27,-12.30001658114817,7.378688132953311,-26.76197957488975,2.161946412593412,-2.475302440660163,8.976494875122766,-20.06890910330915,15.11830422198883,1.431794246179581,6.493080814573066,-11.29441029909162,14.15799879145078,-101.2694788506934,50.66596284054988,-200.5729412602158,-1.966016441170964
-3.4,27,-12.25968869639099,7.354495735927847,-26.67423546326297,2.154858070480985,-2.467186702692858,8.947063772436502,-20.00310946405147,15.06873605866575,1.427099843291994,6.471792045314473,-11.25737948095718,14.11157916754117,-100.9374480891439,50.4998450884011,-199.915325687262,-1.959570491025829
-3.3,27,-12.21936071548456,7.330303281180509,-26.58649114235413,2.147769711385022,-2.459070945376109,8.917632599588348,-19.93730966792956,15.01916777717735,1.422405429212067,6.45050322531454,-11.22034857456389,14.06515943298802,-100.6054165359707,50.33372693954171,-199.2577085451459,-1.953124526795463
-3.2,27,-12.17903283072738,7.30611088415504,-26.49874703072735,2.140681369272585,-2.450955207408804,8.888201496940566,-19.8715100287473,14.9695996139297,1.41771102632448,6.429214456037613,-11.18331775639351,14.01873980904247,-100.2733857744212,50.16760918673612,-198.6000929709047,-1.946678577937661
-3.1,27,-12.13870484982094,7.281918429468406,-26.41100270993749,2.133593010295602,-2.442839450092054,8.858770324092426,-19.80571023262543,14.92003133244132,1.413016612244553,6.407925636048746,-11.14628685002191,13.97232007451101,-99.94135422124791,50.00149103853354,-197.9424758300759,-1.940232612419919
-3,27,-12.09837696506377,7.257726032442943,-26.32325859831072,2.126504668183175,-2.43472371212475,8.829339221439811,-19.7399105934337,14.8704631691842,1.408322209356965,6.386636866791574,-11.10925603189025,13.92590045060418,-99.60932345969843,49.83537328572796,-197.2848602558348,-1.933786663562117
-2.9,27,-12.0580490803066,7.233533635417476,-26.23551448668393,2.119416326070739,-2.426607974157446,8.799908118739785,-19.67411095414904,14.82089500583415,1.403627806469378,6.365348097534384,-11.07222521375856,13.87948082669732,-99.27729269814894,49.66925553357919,-196.6272446828809,-1.927340713416967
-2.8,27,-12.01772109940016,7.209341180670141,-26.1477701657751,2.112327966974785,-2.418492216840696,8.770476945916307,-19.6083111580755,14.77132672439411,1.398933392389451,6.344059277545501,-11.03519430738692,13.83306109216582,-98.94526114497567,49.5031373853766,-195.9696275420521,-1.920894747899254
-2.7,27,-11.97739321464299,7.185148783644686,-26.06002605414835,2.105239624862373,-2.410376478873391,8.741045843243858,-19.5425115188449,14.72175856109811,1.394238989501863,6.322770508268568,-10.99816348921654,13.78664146822027,-98.6132303834262,49.33701963257101,-195.3120119678109,-1.914448799041466
-2.6,27,-11.93706523373655,7.160956328958031,-25.97228173335845,2.098151265885349,-2.402260721556642,8.711614670402039,-19.47671172273541,14.67219027962212,1.389544575421937,6.301481688268657,-10.96113258282328,13.74022173366716,-98.28119883025293,49.17090148371162,-194.6543948256948,-1.908002834811072
-2.5,27,-11.89673734897938,7.136763931871873,-25.88453762161271,2.091062923653961,-2.394144983589337,8.682183567727783,-19.41091208350126,14.62262211632259,1.384850172534349,6.280192919010016,-10.92410176468875,13.69380210975745,-97.94916806870346,49.00478373090605,-193.9967792514537,-1.901556885953241
-2.4,27,-11.8564094642222,7.112571534846412,-25.79679350998594,2.08397458154154,-2.386029245622033,8.652752465060114,-19.34511244428003,14.57305395303596,1.380155769646762,6.258904149763943,-10.88707094657885,13.64738248587237,-97.61713730715397,48.83866597875726,-193.3391636784998,-1.89511093580812
-2.3,27,-11.81608148331576,7.088379080159769,-25.70904918919607,2.076886222564537,-2.377913488305283,8.623321292213353,-19.27931264816085,14.52348567155028,1.375461355566835,6.237615329755633,-10.85004004016914,13.60096275130281,-97.2851057539807,48.67254782989788,-192.6815465363837,-1.888664971577711
-2.2,27,-11.77575359855859,7.06418668313431,-25.6213050775693,2.069797880452118,-2.369797750337979,8.593890189564187,-19.21351300897588,14.47391750829992,1.370766952679247,6.216326560488517,-10.81300922201799,13.55454312737649,-96.95307499243123,48.50643007709125,-192.0239309621405,-1.882219022721955
-2.1,27,-11.73542561765215,7.039994228386974,-25.53356075666047,2.062709521356162,-2.361681993021229,8.56445901671743,-19.14771321285671,14.42434922681425,1.366072538599321,6.195037740478738,-10.7759783156054,13.50812339280404,-96.62104343925796,48.34031192888971,-191.3663138213137,-1.875773057202196
-2,27,-11.69509773289498,7.015801831361505,-25.44581664503368,2.055621179243721,-2.353566255053925,8.535027914048113,-19.08191357363225,14.3747810635244,1.361378135711733,6.173748971222672,-10.73894749747591,13.46170376889938,-96.28901267770848,48.17419417674093,-190.7086982483599,-1.869327107057075
-1.9,27,-11.65476980006317,6.991609405444767,-25.35807242870641,2.048532828580068,-2.345450507411898,8.505596776298519,-19.01611385597698,14.32521284115318,1.356683727227976,6.152460176587873,-10.70191663520119,13.41528408965715,-95.9569815203471,48.00807622623687,-190.0510818908249,-1.862881149869267
-1.8,27,-11.61444186723137,6.967416979649408,-25.27032821261704,2.041444478154313,-2.337334759769871,8.476165638527823,-18.95031413828035,14.27564461874061,1.351989318744219,6.131171381957186,-10.66488577293454,13.36886441042297,-95.62495036298573,47.84195827555676,-189.393465532945,-1.856435193026499
-1.7,27,-11.57411398247419,6.943224582563245,-25.1825841008713,2.034356135922915,-2.329219021802567,8.446734535854736,-18.88451449904849,14.22607645544336,1.347294915856631,6.109882612699694,-10.62785495480225,13.32244478651552,-95.29291960143625,47.67584052292719,-188.7358499590488,-1.849989243823728
-1.6,27,-11.53378604964239,6.91903215670719,-25.09483988466297,2.027267785378198,-2.32110327416054,8.417303398104048,-18.81871478139108,14.17650823307,1.342600507372874,6.088593818075998,-10.5908240925493,13.27602510729504,-94.96088844407488,47.5097225722471,-188.0782336011688,-1.843543286980932
-1.5,27,-11.49345811681058,6.894839730851146,-25.00709566845467,2.0201794348335,-2.312987526518512,8.387872260345166,-18.75291506371761,14.12694001068058,1.337906098889117,6.067305023441155,-10.55379323027449,13.22960542805273,-94.62885728671351,47.34360462126223,-187.4206172426915,-1.837097330735489
-1.4,27,-11.45313018397878,6.870647304934392,-24.91935145212737,2.013091084169815,-2.304871778876485,8.358441122587971,-18.68711534604745,14.07737178829447,1.33321169040536,6.046016228817406,-10.51676236802143,13.18318574883215,-94.29682612935213,47.17748667075814,-186.7630008851565,-1.830651373547738
-1.3,27,-11.41280225114697,6.846454879078335,-24.83160723591904,2.006002733625094,-2.296756031234458,8.329009984849238,-18.62131562841346,14.02780356594455,1.328517281921603,6.024727434195098,-10.4797315057712,13.1367660696144,-93.96479497199076,47.01136872025301,-186.1053845276195,-1.82420541636202
-1.2,27,-11.3724743663898,6.822262482052871,-24.74386312429226,1.998914391512663,-2.288640293267154,8.299578882169053,-18.5555159891677,13.97823540263339,1.323822879034015,6.003438664930672,-10.44270068762533,13.09034644569336,-93.63276421044128,46.84525096810529,-185.4477689546677,-1.817759466214838
-1.1,27,-11.33214643355799,6.798070056136129,-24.65611890796498,1.991826040849002,-2.280524545625127,8.270147744443971,-18.48971627156047,13.92866718031021,1.319128470550258,5.982149870295866,-10.40566982535059,13.04392676645111,-93.30073305307991,46.6791330176012,-184.7901525971327,-1.811313509027087
-1,27,-11.29181850072619,6.773877630280079,-24.56837469175667,1.984737690304293,-2.2724087979831,8.240716606673129,-18.42391655386356,13.87909895789736,1.314434062066501,5.960861075672134,-10.36863896309756,12.99750708723057,-92.96870189571854,46.51301506709711,-184.1325362395978,-1.804867551839322
-.9,27,-11.25149056789438,6.749685204424027,-24.48063047554835,1.977649339759582,-2.264293050341073,8.211285468877611,-18.35811683611828,13.82953073543613,1.309739653582744,5.939572281048392,-10.33160810084452,12.95108740801001,-92.63667073835715,46.34689711659303,-183.4749198820627,-1.798421594651558
-.8,27,-11.21116265909989,6.725492792952922,-24.39288631157131,1.970560993371532,-2.256177307536407,8.181854348691024,-18.29231715772323,13.77996254265042,1.305045247897072,5.918283499098783,-10.29457726063423,12.90466775642837,-92.30463977890173,46.18077926526661,-182.8173039168184,-1.7919756409851
-.7,27,-11.17083472626808,6.701300367036168,-24.30514209524402,1.963472642707847,-2.24806155989438,8.152423210920182,-18.22651744002632,13.73039432023756,1.300350839413314,5.896994704475028,-10.25754639838116,12.85824807720778,-91.97260862154036,46.01466131458651,-182.1596875589384,-1.785529684142318
-.6,27,-11.1305068174736,6.677107955625759,-24.21739793138595,1.95638429643876,-2.239945817089715,8.122992090733604,-18.16071776163129,13.68082612745186,1.295656433727642,5.87570592252681,-10.2205155581736,12.81182842562888,-91.64057766208494,45.84854346260225,-181.5020715924047,-1.779083731765198
-.5,27,-11.09017888464179,6.652915529709015,-24.12965371505867,1.949295945775093,-2.231830069447688,8.093560952976416,-18.09491804396114,13.63125790506576,1.290962025243885,5.854417127903101,-10.18348469592061,12.76540874640838,-91.30854650472355,45.68242551161736,-180.8444552339273,-1.772637775519797
-.4,27,-11.04985096382864,6.628723111075782,-24.04190952502547,1.942207597368188,-2.223714324224341,8.064129823991419,-18.02911834590284,13.58168969745416,1.28626761815917,5.833128339596791,-10.14645384465046,12.7189890809688,-90.97651544631516,45.51630761103156,-180.1868390731833,-1.766191819446988
-.3,27,-11.00952304301549,6.604530692381855,-23.95416533487332,1.935119248842325,-2.215598579000995,8.034698695018989,-17.96331864786918,13.53212148986719,1.281573211074455,5.811839551329745,-10.10942299345727,12.67256941560618,-90.64448438790676,45.35018970978789,-179.52922291115,-1.759745864663543
-.2,27,-10.96919511619302,6.580338270106863,-23.86642113169307,1.928030899307034,-2.207482832568308,8.005267561632438,-17.89751893997466,13.48255327483805,1.276878803290219,5.790550759854392,-10.07239213667543,12.62614974325587,-90.31245328002187,45.18407178424242,-178.8716066520095,-1.753299908034293
-.1,27,-10.92886719237521,6.556145849652747,-23.77867693508634,1.920942550335928,-2.199367086740291,7.97583643045459,-17.83171923701379,13.43298506353321,1.272184395855744,5.769261969987967,-10.03536128269727,12.57973007440876,-89.98042219687522,45.01795387051946,-178.2139904407789,-1.746853952971563
0,27,-10.88853926855739,6.531953429198651,-23.69093273847965,1.913854201364861,-2.191251340912275,7.946405299273457,-17.76591953404648,13.38341685222193,1.267489988421269,5.747973180121528,-9.998330428719086,12.53331040556162,-89.64839111372858,44.8518359574533,-177.5563742308356,-1.74040799662157
.1,27,-10.84821134473958,6.507761008744532,-23.60318854187291,1.906765852393749,-2.183135595084258,7.916974168081958,-17.70011983105885,13.33384864089033,1.262795580986793,5.726684390236852,-9.961299574705155,12.48689073667874,-89.31636003058195,44.68571804373033,-176.898758019605,-1.733962041558868
.2,27,-10.80788342092177,6.483568588290431,-23.51544434526621,1.899677503422675,-2.175019849256242,7.887543036938855,-17.63432012816607,13.28428042965359,1.258101173552318,5.705395600352451,-9.924268720691764,12.4404710677964,-88.9843289474353,44.51960013048814,-176.2411418093167,-1.727516085553873
.3,27,-10.76755549409929,6.459376166015437,-23.42770014208596,1.892589153887377,-2.166904102823555,7.858111903556057,-17.56852042027891,13.2347122146318,1.253406765768082,5.684106808907562,-9.887237863969633,12.3940513955058,-88.65229783955041,44.35348220494269,-175.5835255501763,-1.72107012892458
.4,27,-10.72722757328614,6.43518374732151,-23.3399559519338,1.885500805361515,-2.158788357600209,7.828680774579878,-17.5027207222379,13.18514400703748,1.248712358683367,5.662818020619608,-9.85020701273546,12.34763173010219,-88.32026678114201,44.18736430321823,-174.9259093872005,-1.714624175083472
.5,27,-10.686899652473,6.410991328688276,-23.2522117619006,1.878412456954608,-2.150672612376863,7.799249645593796,-17.43692102417748,13.13557579942375,1.244017951598653,5.641529232334197,-9.81317616150627,12.30121206470357,-87.98823572273361,44.02124640263138,-174.2682932264545,-1.708178219012694
.6,27,-10.64657171964119,6.386798902771536,-23.16446754557334,1.871324106290951,-2.142556864734836,7.769818507824192,-17.37112130648299,13.08600757701332,1.239323543114895,5.620240437710453,-9.776145299253217,12.25479238548301,-87.65620456537224,43.8551284521273,-173.6106768689195,-1.70173226182493
.7,27,-10.6062438108467,6.362606491300422,-23.07672338159629,1.864235759902883,-2.13444112193017,7.740387387629871,-17.30532162807279,13.03643938421245,1.234629137429223,5.59895165576779,-9.739114459056545,12.20837273391499,-87.32417360591681,43.68901060014304,-172.9530609023858,-1.695286309447823
.8,27,-10.5659158780149,6.338414065505062,-22.98897916550692,1.857147409477125,-2.126325374288143,7.710956249866761,-17.23952191039103,12.98687116181474,1.229934728945466,5.577662861137095,-9.702083596789871,12.1619530546808,-86.99214244855544,43.52289265011974,-172.2954445457931,-1.688840351317751
.9,27,-10.52558796922041,6.314221653973266,-22.90123500141094,1.850059062970123,-2.118209631483477,7.681525129672448,-17.17372223198084,12.93730296901389,1.225240323259794,5.556374079174999,-9.665052756555109,12.1155334030747,-86.6601114891,43.35677479831354,-171.6378285796084,-1.682394398591612
1,27,-10.4852600363886,6.290029228117208,-22.8134907852026,1.8429707124254,-2.11009388384145,7.652093991881769,-17.10792251424505,12.88773474656215,1.220545914776037,5.535085284552685,-9.628021894304862,12.06911372385693,-86.32808033173863,43.19065684780843,-170.9802122220714,-1.675948441405865
1.1,27,-10.4449321035568,6.265836802200465,-22.72574656887533,1.835882361761735,-2.101978136199423,7.622662854138501,-17.04212279660218,12.83816652420333,1.215851506292279,5.5137964899304,-9.590991032054669,12.02269404463923,-85.99604917437726,43.02453889712833,-170.3225958641914,-1.669502484563097
1.2,27,-10.40460417072499,6.241644376405106,-22.63800235278596,1.82879401133598,-2.093862388557396,7.593231716380997,-16.9763230789314,12.78859830181661,1.211157097808522,5.492507695306644,-9.553960169801595,11.97627436541864,-85.66401801701589,42.85842094614345,-169.6649795057141,-1.663056528317668
1.3,27,-10.36427628596782,6.217451979379656,-22.55025824115921,1.821705669223579,-2.085746650590091,7.563800613733236,-16.91052343974919,12.73903013856901,1.206462694920935,5.471218926029725,-9.516929351631237,11.92985474147311,-85.3319872554664,42.69230319447652,-169.0073639337047,-1.656610577228136
1.4,27,-10.32394835313601,6.193259553462899,-22.46251402483191,1.814617318559886,-2.077630902948064,7.534369475962079,-16.84472372205165,12.68946191615553,1.201768286437178,5.449930131394886,-9.479898489356442,11.8834350622308,-84.99995609810503,42.52618524349163,-168.3497475752273,-1.650164620982736
1.5,27,-10.2836204203042,6.169067127606854,-22.3747698086236,1.807528968015188,-2.069515155306037,7.504938338198808,-16.77892400436958,12.63989369375751,1.19707387795342,5.428641336771181,-9.442867627103466,11.83701538301031,-84.66792494074366,42.36006729298755,-167.6921312176923,-1.643718663794971
1.6,27,-10.2432924874724,6.144874701690099,-22.2870255922963,1.800440617351498,-2.06139940766401,7.47550720046616,-16.71312428674753,12.59032547141951,1.192379469469663,5.407352542140472,-9.405836764836765,11.79059570377609,-84.33589378338229,42.19394934248347,-167.0345148601574,-1.637272706607206
1.7,27,-10.20296455464059,6.120682275834052,-22.19928137608799,1.793352266806798,-2.053283660021983,7.44607606268438,-16.64732456902917,12.54075724898521,1.187685060985906,5.386063747516729,-9.368805902583714,11.74417602455553,-84.00386262602092,42.02783139197939,-166.3768985026224,-1.630826749419441
1.8,27,-10.16263666988342,6.096489878747885,-22.11153726434223,1.786263924575394,-2.045167922054679,7.416644960047227,-16.58152492986775,12.49118908575839,1.182990658098319,5.36477497824959,-9.331775084432527,11.69775640062917,-83.67183186447143,41.86171363917277,-165.7192829283792,-1.624380800563657
1.9,27,-10.12230873705161,6.072297452891835,-22.02379304813391,1.779175574030685,-2.037052174412652,7.387213822279112,-16.51572521217618,12.44162086335088,1.178296249614561,5.343486183625874,-9.294744222179531,11.65133672140865,-83.33980070711006,41.69559568866869,-165.0616665708442,-1.617934843375892
2,27,-10.08198080421981,6.048105027035785,-21.9360488319256,1.772087223485977,-2.028936426770625,7.357782684531149,-16.44992549452411,12.39205264098286,1.173601841130804,5.322197388983829,-9.257713359890612,11.60491704215222,-83.00776954974869,41.5294777386454,-164.4040502142516,-1.611488885245791
2.1,27,-10.04165291946263,6.02391263001032,-21.84830472029881,1.764998881373545,-2.020820688803321,7.32835158186019,-16.38412585529642,12.34248447768978,1.168907438243217,5.300908619744638,-9.220682541794199,11.55849741828063,-82.67573878819921,41.36335998601687,-163.7464346403574,-1.605042936040959
2.2,27,-10.0013249385562,5.999720175262983,-21.76056039938998,1.757910522277585,-2.012704931486571,7.298920408992521,-16.31832605913627,12.29291619616313,1.16421302416329,5.279619799718326,-9.183651635349198,11.51207768367578,-82.34370723502595,41.19724183698044,-163.0888174978943,-1.598596972157566
2.3,27,-9.960997053799023,5.975527778237528,-21.67281628776322,1.750822180165176,-2.004589193519267,7.269489306344112,-16.25252641995278,12.24334803291425,1.159518621275703,5.258331030460822,-9.146620817216895,11.4656580597683,-82.01167647347646,41.0311240848327,-162.4312019249425,-1.592151022010384
2.4,27,-9.920669072892588,5.951335323490181,-21.58507196685437,1.743733821069196,-1.996473436202517,7.240058133505444,-16.18672662384947,12.19377975144444,1.154824207195776,5.237042210452518,-9.109589910807191,11.41923832519874,-81.6796449203032,40.86500593614932,-161.7735847831714,-1.58570505743505
2.5,27,-9.880341188135413,5.927142926464721,-21.4973278552276,1.736645478956776,-1.988357698235212,7.210627030834487,-16.12092698462179,12.14421158815136,1.150129804308188,5.215753441202313,-9.072559092689195,11.37281870130557,-81.34761415875371,40.69888818334373,-161.1159692089302,-1.579259108577247
2.6,27,-9.840013303378239,5.902950529439261,-21.40958374360083,1.729557136844354,-1.980241960267908,7.18119592815134,-16.05512734537022,12.0946434248344,1.145435401420601,5.194464671964547,-9.035528274595576,11.32639907743678,-81.01558339720424,40.53277043053711,-160.458353634687,-1.572813159721449
2.7,27,-9.799685322471802,5.878758074752614,-21.32183942281095,1.722468777867347,-1.972126202951158,7.151764755314786,-15.98932754927105,12.04507514336873,1.140740987340674,5.173175851956219,-8.998497368185824,11.27997934286717,-80.68355184403097,40.36665228233452,-159.8007364938582,-1.566367194203764
2.8,27,-9.759357437714627,5.854565677727152,-21.23409531118418,1.715380435754922,-1.964010464983854,7.12233365264382,-15.92352791004335,11.99550698007564,1.136046584453086,5.151887082691793,-8.961466550039953,11.23355971894613,-80.35152108248148,40.20053453000975,-159.1431209205594,-1.559921244403569
2.9,27,-9.71902945680819,5.830373222979813,-21.14635099027534,1.708292076658958,-1.955894707667104,7.092902479808785,-15.85772811394716,11.94593869861295,1.13135217037316,5.130598262672422,-8.924435643608557,11.18713998435488,-80.01948952930823,40.03441638115035,-158.4855037784433,-1.553475280173203
3,27,-9.678701572051017,5.806180825954356,-21.05860687864858,1.701203734546542,-1.9477789696998,7.063471377137821,-15.79192847471946,11.89637053531986,1.126657767485572,5.109309493433262,-8.887404825512206,11.14072036048335,-79.68745876775874,39.86829862917862,-157.8278882058364,-1.547029329681052
3.1,27,-9.638373687293843,5.78198842892889,-20.97086276702179,1.694115392434108,-1.939663231732496,7.034040274466856,-15.72612883549177,11.84680237202678,1.121963364597985,5.088020724194086,-8.850374007415825,11.09430073661179,-79.35542800620925,39.70218087637306,-157.1702726315953,-1.540583380823193
3.2,27,-9.598045706387406,5.757795974181552,-20.88311844611296,1.687027033338149,-1.931547474415746,7.004609101631821,-15.66032903939557,11.79723409056408,1.117268950518058,5.066731904174716,-8.813343100984431,11.04788100202055,-79.023396453036,39.53606272751367,-156.5126554894792,-1.534137416592813
3.3,27,-9.557717821630231,5.733603577156085,-20.79537433448618,1.679938691225715,-1.923431736448442,6.975177998960853,-15.59452940016787,11.74766592727099,1.11257454763047,5.045443134910291,-8.77631228283856,11.0014613780995,-78.69136569148651,39.36994497518887,-155.8550399161803,-1.527691466792675
3.4,27,-9.517389840723794,5.709411122469451,-20.70763001369632,1.67285033224873,-1.915315979131692,6.9457468261243,-15.5287296040687,11.69809764580532,1.107880133550544,5.024154314901949,-8.739281376428785,10.95504164352987,-78.35933413831324,39.20382682650549,-155.1974227744092,-1.521245502217297
3.5,27,-9.47706195596662,5.685218725443987,-20.61988590206954,1.665761990136302,-1.907200241164388,6.916315723441153,-15.46292996481713,11.64852948248836,1.103185730662956,5.002865545664219,-8.702250558335235,10.90862201966115,-78.02730337676377,39.03770907369888,-154.539807200166,-1.514799553361513
3.6,27,-9.436734071209445,5.66102632841852,-20.53214179044276,1.658673648023866,-1.899084503197083,6.886884620770185,-15.39713032558943,11.59896131919526,1.098491327775369,4.981576776414002,-8.665219740217214,10.86220239576795,-77.69527261521428,38.87159132137409,-153.8821916268672,-1.508353603561346
3.7,27,-9.39640609030301,5.636833873671185,-20.44439746953393,1.651585288927912,-1.890968745880333,6.857453447935148,-15.33133052949324,11.54939303773257,1.093796913695442,4.960287956405684,-8.628188833807481,10.81578266119837,-77.36324106204103,38.7054731731715,-153.2245744860384,-1.501907638043662
3.8,27,-9.356078205545835,5.612641476645719,-20.35665335790715,1.64449694681548,-1.882853007913029,6.828022345264189,-15.26553089026555,11.49982487443949,1.089102510807854,4.938999187148179,-8.591158015675177,10.76936303729088,-77.03121030049154,38.53935542054298,-152.5669589121443,-1.495461688838816
3.9,27,-9.315750224639398,5.588449021898385,-20.26890903699832,1.637408587719525,-1.874737250596279,6.798591172425447,-15.19973109416209,11.45025659296953,1.084408096727927,4.917710367121826,-8.554127109230096,10.72294330268595,-76.69917874731827,38.37323727198733,-151.9093417706235,-1.489015724013086
4,27,-9.275422339882224,5.564256624872925,-20.18116492537155,1.630320245607104,-1.866621512628975,6.769160069765846,-15.13393145495667,11.40068842969872,1.07971369384034,4.896421597882672,-8.517096291133758,10.67652367881444,-76.3671479857688,38.20711951935879,-151.2517261967293,-1.482569774808283
4.1,27,-9.235094455125049,5.540064227847453,-20.09342081374476,1.623231903494661,-1.858505774661671,6.739728967094885,-15.06813181572898,11.35112026640564,1.075019290952753,4.875132828626645,-8.48006547300435,10.63010405490986,-76.03511722421931,38.04100176672818,-150.5941106228311,-1.47612382560753
4.2,27,-9.194766570367875,5.515871830761298,-20.00567670199903,1.616143561263279,-1.850390036694366,6.710297864423919,-15.00233217650128,11.30155210311255,1.070324888065165,4.853844059368035,-8.443034654869878,10.58368443100021,-75.70308646266983,37.87488401392261,-149.93649504859,-1.469677876749685
4.3,27,-9.154438493312178,5.491679318413482,-19.91793217204607,1.609055185421717,-1.842274260028171,6.680866621408756,-14.93653222350512,11.25198370344878,1.065630462792899,4.832555188597522,-8.40600366016041,10.53726458574621,-75.37105411787279,37.70876546966725,-149.2788763398882,-1.463231895857376
4.4,27,-9.114110608555002,5.467486921388023,-19.8301880604193,1.601966843309299,-1.834158522060867,6.651435518740956,-14.87073258428363,11.2024155401619,1.060936059905311,4.811266419341453,-8.368972842030919,10.49084496184154,-75.0390233563233,37.54264771686064,-148.621260765645,-1.456785947001578
4.5,27,-9.073782723797828,5.443294524301855,-19.74244394867355,1.594878501077892,-1.826042784093562,6.622004416070002,-14.80493294505595,11.15284737686883,1.056241657017724,4.789977650095356,-8.331942023920972,10.44442533795642,-74.70699259477382,37.37652996453586,-147.9636451923462,-1.450339997201425
4.6,27,-9.033454839040653,5.419102127276394,-19.65469983704677,1.587790158965468,-1.817927046126258,6.592573313386848,-14.73913330580437,11.10327921355185,1.051547254130136,4.768688880836754,-8.294911205786516,10.39800571404679,-74.37496183322433,37.21041221190733,-147.3060296184521,-1.443894047996579
4.7,27,-8.993126954283479,5.394909730250925,-19.56695572541999,1.580701816853029,-1.809811308158954,6.563142210715892,-14.67333366657669,11.05371105025878,1.046852851242549,4.74740011158651,-8.257880387668441,10.35158609015354,-74.04293107167486,37.04429445958253,-146.6484140451533,-1.437448098196455
4.8,27,-8.952798877227782,5.370717217842417,-19.47921119534808,1.573613440892514,-1.801695531492759,6.533710967721261,-14.60753371362077,11.00414265063526,1.042158425970283,4.726111240810161,-8.220849392947535,10.3051662448881,-73.71089872687782,36.8781759146683,-145.9907953351602,-1.431002118595487
4.9,27,-8.912470992470606,5.346524820816952,-19.3914670837213,1.566525098780083,-1.793579793525454,6.504279865050299,-14.54173407439308,10.95457448734217,1.037464023082695,4.704822471570981,-8.183818574851148,10.25874662101654,-73.37886796532833,36.71205816252056,-145.3331797622083,-1.424556168448333
5,27,-8.872143107713432,5.322332423791491,-19.30372297209453,1.55943675666766,-1.78546405555815,6.474848762382504,-14.4759344351716,10.9050063240553,1.032769620195108,4.683533702313808,-8.146787756719492,10.21232699710971,-73.04683720377885,36.54594040971498,-144.6755641879672,-1.418110219590517
5.1,27,-8.831815222956257,5.298140026766019,-19.21597886046773,1.552348414555215,-1.777348317590846,6.445417659702366,-14.41013479592592,10.85543816074423,1.02807521730752,4.662244933056622,-8.109756938587811,10.16590737320285,-72.71480644222936,36.37982265708437,-144.017948614069,-1.411664270389764
5.2,27,-8.791487338199083,5.273947629740565,-19.12823474884097,1.545260072442806,-1.769232579623542,6.415986557031404,-14.34433515669823,10.80586999745115,1.023380814419933,4.640956163817482,-8.072726120491501,10.11948774933137,-72.38277568067988,36.21370490475959,-143.3603330407702,-1.405218320589597
5.3,27,-8.751159261143385,5.249755117332048,-19.04049021876904,1.538171696482271,-1.761116802957346,6.38655531403678,-14.27853520374233,10.75630159782764,1.018686389147667,4.619667293041156,-8.035695125770641,10.07306790406597,-72.05074333588284,36.04758636002239,-142.702714331124,-1.398772340641685
5.4,27,-8.71083137638621,5.225562720306582,-18.95274610714226,1.531083354369841,-1.753001064990042,6.357124211365819,-14.21273556451464,10.70673343453456,1.013991986260079,4.598378523790879,-7.998664307652501,10.02664828017266,-71.71871257433335,35.88146860769761,-142.0450987578252,-1.39232639084149
5.5,27,-8.670503491629036,5.201370323220424,-18.86500199539653,1.523995012138453,-1.744885327022738,6.327693108682673,-14.14693592526307,10.65716527121759,1.009297583372492,4.577089754532296,-7.961633489518084,9.980228656263067,-71.38668181278388,35.71535085489202,-141.387483183584,-1.385880441983701
5.6,27,-8.630175606871861,5.177177926194962,-18.77725788376975,1.516906670026028,-1.736769589055433,6.29826200601171,-14.08113628603537,10.60759710792451,1.004603180484904,4.555800985286147,-7.924602671408035,9.933809032377845,-71.05465105123439,35.54923310226349,-140.7298676096899,-1.379434492778856
5.7,27,-8.589847722114687,5.152985529169497,-18.68951377214297,1.509818327913596,-1.728653851088129,6.268830903343913,-14.01533664681389,10.55802894463763,.9999087775973168,4.534512216027349,-7.887571853273195,9.887389408467829,-70.72262028968491,35.38311534993766,-140.072252036389,-1.372988542980764
5.8,27,-8.549519645058989,5.128793016760987,-18.60176924207106,1.502729951953077,-1.720538074421934,6.239399660328746,-13.94953669381772,10.50846054497385,.9952143523250506,4.513223345259028,-7.850540858568025,9.840969563218126,-70.39058794488787,35.21699680520152,-139.414633326745,-1.366542563030762
5.9,27,-8.509191760301814,5.104600619735524,-18.51402513044428,1.49564160984065,-1.712422336454629,6.209968557657782,-13.88373705459003,10.45889238168077,.9905199494374631,4.49193457600226,-7.813510040437162,9.794549939312088,-70.05855718333838,35.05087905239594,-138.7570177525038,-1.360096614172932
6,27,-8.46886387554464,5.08040822271006,-18.4262810188175,1.48855326772822,-1.704306598487325,6.180537454986824,-13.81793741536234,10.40932421838769,.9858255465498758,4.470645806754076,-7.776479222323125,9.748130315422877,-69.7265264217889,34.88476130007011,-138.099402179203,-1.353650664374825
6.1,27,-8.428535990787465,5.056215825684593,-18.33853690719071,1.481464925615787,-1.696190860520021,6.151106352327226,-13.75213777615693,10.35975605511688,.9811311436622883,4.449357037505905,-7.739448404209114,9.701710691533691,-69.39449566023941,34.71864354774532,-137.4417866059042,-1.347204714574673
6.2,27,-8.388208106030291,5.032023428659128,-18.25079279556394,1.474376583503357,-1.688075122552716,6.121675249656263,-13.68633813692923,10.3101878918238,.9764367407747008,4.428068268249139,-7.702417586078258,9.655291067627658,-69.06246489868994,34.55252579529279,-136.784171032355,-1.340758765024887
6.3,27,-8.347880028974593,5.007830916250621,-18.16304826549203,1.467288207542842,-1.679959345886521,6.09224400665344,-13.62053818395726,10.26061949218422,.9717423155024346,4.406779397480849,-7.665386591373147,9.608871222378015,-68.7304325538929,34.38640725068335,-136.1265523229592,-1.334312784826565
6.4,27,-8.307552144217418,4.983638519225157,-18.07530415386525,1.460199865430413,-1.671843607919217,6.062812903982478,-13.55473854472957,10.21105132889114,.9670479126148471,4.385490628227002,-7.628355773248011,9.562451598477704,-68.39840179234341,34.22028949805378,-135.4689367490631,-1.327866835623766
6.5,27,-8.267224259460244,4.959446122199694,-17.98756004223847,1.453111523317986,-1.663727869951912,6.033381801311511,-13.48893890550187,10.16148316559804,.9623535097272596,4.364201858969679,-7.591324955116061,9.516031974570581,-68.06637103079393,34.05417174542524,-134.8113211751689,-1.321420886418963
6.6,27,-8.226896374703069,4.93525372517423,-17.89981593061169,1.446023181205559,-1.655612131984608,6.003950698628371,-13.42313926625031,10.11191500228109,.9576591068396721,4.342913089721503,-7.554294137002041,9.469612350681386,-67.73434026924444,33.88805399261864,-134.1537056009257,-1.31497493756315
6.7,27,-8.186568489945895,4.911061328088067,-17.81207181886595,1.438934838974161,-1.647496394017304,5.974519595957412,-13.35733962702263,10.06234683898802,.9529647039520847,4.321624320464171,-7.517263318870072,9.423192726774241,-67.40230950769495,33.72193624029385,-133.4960900276269,-1.308528987762983
6.8,27,-8.146240412890196,4.88686881574025,-17.72432728891299,1.431846463132599,-1.639380617351109,5.945088352956767,-13.29153967405492,10.0127784393527,.9482702786798185,4.300335449709013,-7.480232324190701,9.376772881550338,-67.07027716289792,33.55581769555769,-132.8384713179828,-1.302083007813025
6.9,27,-8.105912528133022,4.862676418714783,-17.63658317728621,1.424758121020163,-1.631264879383804,5.915657250285813,-13.22574003482724,9.963210276059634,.943575875792231,4.279046680432835,-7.443201506021797,9.330353257606259,-66.73824640134843,33.38969994275107,-132.1808557437396,-1.295637058957254
7,27,-8.065584643375846,4.838484021628627,-17.54883906554047,1.417669778788781,-1.6231491414165,5.886226147614853,-13.15994039559956,9.913642112766556,.9388814729046435,4.257757911194396,-7.40617068792686,9.283933633736147,-66.40621563979894,33.22358219090708,-131.5232401713832,-1.289191108214737
7.1,27,-8.025256758618672,4.814291624542469,-17.46109495379474,1.410581436557393,-1.615033403449196,5.856795044943884,-13.09414075637185,9.864073949473461,.934187070017056,4.236469141955918,-7.369139869831847,9.23751400986596,-66.07418487824947,33.0574644381015,-130.865624597142,-1.282745159356921
7.2,27,-7.984928873861498,4.7900992275777,-17.37335084228692,1.403493094563925,-1.606917665481892,5.827363942272926,-13.02834111714417,9.814505786180387,.9294926671294685,4.215180372679725,-7.332109051662912,9.191094385921849,-65.74215411669998,32.89134668564795,-130.2080090235908,-1.276299209809139
7.3,27,-7.9446007968058,4.765906715169187,-17.285606312215,1.396404718603399,-1.598801888815696,5.797932699272291,-12.96254116417648,9.764937386545091,.9247982418572024,4.193891501924587,-7.295078056983582,9.144674540697986,-65.41012177190295,32.72522814103953,-129.5503903141971,-1.269853229608827
7.4,27,-7.904272912048626,4.741714318143724,-17.19786220058822,1.389316376490971,-1.590686150848392,5.768501596601325,-12.89674152494879,9.715369223252003,.9201038389696149,4.172602732667262,-7.25804723885163,9.098254916790859,-65.07809101035346,32.55911038858701,-128.8927747406479,-1.263407280059013
7.5,27,-7.863945027291451,4.71752192108791,-17.11011808890196,1.382228034319058,-1.582570412881088,5.739070493918184,-12.83094188569723,9.665801059935049,.9154094360820274,4.151313963419106,-7.221016420737646,9.051835292901702,-64.74606024880397,32.39299263578039,-128.2351591664047,-1.256961331203229
7.6,27,-7.823617142534276,4.693329524032096,-17.0223739772157,1.375139692147144,-1.574454674913783,5.709639391247218,-12.76514224646953,9.616232896641961,.9107150331944399,4.130025194161774,-7.183985602605678,9.005415668994559,-64.4140294872545,32.2268748829748,-127.5775435921636,-1.250515382345441
7.7,27,-7.783289257777102,4.669137127006633,-16.93462986558892,1.368051350034716,-1.566338936946479,5.680208288576262,-12.69934260724185,9.566664733348889,.9060206303068524,4.108736424907902,-7.146954784480493,8.958996045094198,-64.08199872570501,32.06075713065002,-126.9199280188648,-1.244069432545245
7.8,27,-7.742961180721404,4.644944614628471,-16.84688533557648,1.360962974133677,-1.558223160280284,5.650777045573434,-12.63354265426986,9.517096333709295,.9013262050345863,4.087447554139592,-7.109923789775346,8.912576199844517,-63.74996638090797,31.89463858639415,-126.262309310162,-1.237623451653953
7.9,27,-7.70263329596423,4.620752217572663,-16.75914122389023,1.353874631961775,-1.550107422312979,5.621345942902469,-12.56774301504217,9.467528170416207,.8966318021469988,4.066158784882814,-7.072892971644463,8.866156575938462,-63.41793561935849,31.72852083358805,-125.6046937359198,-1.231177502797159
8,27,-7.662305411207055,4.596559820547193,-16.67139711226345,1.346786289849335,-1.541991684345675,5.591914840242876,-12.50194337583676,9.41796000714541,.8919373992594113,4.044870015634656,-7.035862153530477,8.819736952049301,-63.08590485780901,31.56240308111139,-124.9470781623234,-1.224731553294667
8.1,27,-7.621977334151357,4.572367308169031,-16.58365258225101,1.339697913948295,-1.533875907679479,5.562483597227708,-12.43614342284059,9.368391607481628,.8872429739871452,4.023581144866185,-6.998831158825013,8.773317106799304,-62.75387251301196,31.39628453652606,-124.2894594529749,-1.218285573049066
8.199999999999999,27,-7.581649641692706,4.548175026465914,-16.4959088889504,1.332609605564993,-1.525760208411066,5.533052634900947,-12.37034409738137,9.318823680559237,.8825485934842364,4.00229247712972,-6.961800517285611,8.726897704254084,-62.42184333471004,31.23016757615651,-123.6318470151273,-1.211839654292731
8.300000000000001,27,-7.541321564637008,4.523982514057407,-16.40816435887849,1.325521229604475,-1.517644431744871,5.503621391885787,-12.30454414438521,9.269255280895472,.8778541682119703,3.981003606361396,-6.924769522580435,8.680477859004377,-62.089810989913,31.06404903133131,-122.9742283053087,-1.205393674517296
8.4,27,-7.500993872178356,4.499790232384645,-16.32042066563738,1.318432921280666,-1.509528732476458,5.474190429559026,-12.23874481892599,9.219687353973079,.8731597877090614,3.9597149386242,-6.887738881039599,8.634058456457723,-61.75778181161107,30.89793207120217,-122.3166158679324,-1.198947755289758
8.5,27,-7.460665795122659,4.475597720006482,-16.23267613562494,1.311344545379625,-1.501412955810262,5.444759186547029,-12.17294486593604,9.170118954315512,.8684653624367953,3.938426067850234,-6.850707886323365,8.587638611196954,-61.42574946681403,30.73181352628896,-121.6589971579413,-1.1925017756868
8.6,27,-7.420337718066961,4.45140520759797,-16.14493160555302,1.304256169419101,-1.493297179144067,5.415327943540217,-12.10714491295625,9.120550554668112,.8637709371645291,3.917137197091627,-6.813676891637233,8.541218765966292,-61.09371712201699,30.56569498170415,-121.0013784485938,-1.186055795440204
8.699999999999999,27,-7.38001002560831,4.427212925925202,-16.0571879123119,1.297167861095279,-1.485181479875654,5.38589698119292,-12.04134558745678,9.070982627705467,.8590765566616203,3.895848529344716,-6.776646250077357,8.494799363400597,-60.76168794371506,30.3995780213346,-120.3437660107463,-1.179609876683855
8.800000000000001,27,-7.339681948552611,4.40302041354704,-15.96944338229946,1.290079485194239,-1.477065703209459,5.356465738198293,-11.97554563450086,9.021414228081948,.8543821313893541,3.874559658589587,-6.739615255398044,8.448379518176752,-60.42965559891802,30.23345947650941,-119.6861473009276,-1.173163896908406
8.9,27,-7.29935425609396,4.378828131843928,-15.88169968899886,1.282991176810945,-1.468950003941045,5.327034775848571,-11.90974630899664,8.97184630111455,.8496877508864453,3.85327099085242,-6.702584613857264,8.401960115630155,-60.09762642061609,30.06734251638025,-119.0285348635513,-1.166717977680889
9,27,-7.259026179038262,4.354635619465767,-15.79395515898643,1.275902800909908,-1.46083422727485,5.297603532847194,-11.8439463560275,8.922277901477802,.8449933256141792,3.831982120074917,-6.665553619134098,8.355540270362456,-59.76559407581905,29.90122397146704,-118.3709161535602,-1.160271998077938
9.1,27,-7.218698101982564,4.330443107087606,-15.706210628974,1.26881442500887,-1.452718450608655,5.268172289858155,-11.77814640308254,8.872709501865232,.840298900341913,3.810693249297484,-6.628522624411068,8.309120425094894,-59.43356173102202,29.73510542688225,-117.7132974442127,-1.153826017831321
9.199999999999999,27,-7.178370409523914,4.306250825384486,-15.61846693567339,1.261726116625558,-1.444602751340242,5.238741327508438,-11.71234707757833,8.823141574897848,.8356045198390042,3.789404581560294,-6.591491982870245,8.262701022548253,-59.10153255272009,29.5689884665127,-117.0556850063652,-1.147380099074972
9.300000000000001,27,-7.138042332468215,4.282058313006326,-15.53072240566095,1.254637740724524,-1.436486974674046,5.209310084513811,-11.64654712462242,8.773573175274326,.830910094566738,3.76811571080517,-6.554460988190939,8.216281177324415,-58.76950020792305,29.40286992168749,-116.3980662965466,-1.140934119299537
9.4,27,-7.097714640009564,4.25786603133356,-15.44297871241983,1.247549432400704,-1.428371275405633,5.179879122166511,-11.58074779912294,8.724005248311677,.8262157140638292,3.746827043058239,-6.517430346631025,8.169861774758683,-58.43747102962112,29.23675296131794,-115.740453858699,-1.134488200543203
9.5,27,-7.057386562953866,4.23367351892505,-15.35523418234792,1.240461056440186,-1.420255498739438,5.150447879159702,-11.51494784614316,8.67443684866428,.8215212887915631,3.725538172299653,-6.480399351944933,8.12344192952806,-58.10543868482408,29.07063441664513,-115.0828351491791,-1.128042220469062
9.6,27,-7.017058485898168,4.209481006546886,-15.26748965233548,1.233372680539143,-1.412139722073242,5.121016636147701,-11.44914789315319,8.624868449006708,.8168268635192969,3.704249301525665,-6.443368357228657,8.07702208426725,-57.77340634002704,28.90451587238926,-114.4252164404763,-1.121596239577755
9.699999999999999,27,-6.976730793439517,4.185288724874119,-15.17974595909435,1.226284372215321,-1.404024022804829,5.091585673820944,-11.38334856769398,8.575300522084321,.8121324830163881,3.68296063378846,-6.406337715687803,8.030602681720579,-57.44137716172511,28.73839891169078,-113.7676040019841,-1.115150321466118
9.800000000000001,27,-6.936402716383819,4.161096212465608,-15.09200142902244,1.2191959962548,-1.395908246138634,5.062154430805779,-11.31754861469781,8.525732122420548,.8074380577441219,3.661671763020165,-6.369306720982682,7.984182836470926,-57.10934481692807,28.5722803671065,-113.1099852926377,-1.108704341218477
9.9,27,-6.896075023925167,4.136903930762494,-15.00425773572183,1.2121076878715,-1.387792546870221,5.032723468479018,-11.2517492892386,8.476164195498153,.8027436772412131,3.640383095283701,-6.332276079443284,7.93776343392571,-56.77731563862615,28.40616340649603,-112.452372854318,-1.10225842293432
10,27,-6.85574694686947,4.11271141838433,-14.9165132057094,1.205019311970457,-1.379676770204025,5.003292225463857,-11.18594933624244,8.426595795834389,.798049251968947,3.619094224515223,-6.295245084737806,7.891343588675699,-56.44528329382911,28.24004486215162,-111.7947541454417,-1.095812442216555
10.1,27,-6.815418869813772,4.088518905975827,-14.8287686756375,1.197930936009952,-1.371560993537829,4.973860982472393,-11.12014938329273,8.377027396217066,.7933548266966809,3.59780535374676,-6.258214090032357,7.844923743425719,-56.11325094903206,28.07392631756682,-111.1371354360942,-1.089366461969924
10.2,27,-6.775091177355121,4.064326624303051,-14.74102498239635,1.190842627686114,-1.363445294269416,4.944430020133293,-11.05435005780932,8.32745946927049,.7886604461937721,3.576516686010276,-6.221183448492916,7.79850434088046,-55.78122177073014,27.90780935719727,-110.4795229982467,-1.082920543213596
10.3,27,-6.734763100299423,4.040134111924892,-14.65328045238392,1.183754251785079,-1.355329517603221,4.914998777130467,-10.98855010483734,8.2778910696309,.7839660209215059,3.555227815241975,-6.184152453787784,7.752084495630796,-55.4491894259331,27.74169081228407,-109.8219042882556,-1.076474563610617
10.4,27,-6.694435407840771,4.015941830252124,-14.5655367591428,1.176665943461257,-1.347213818334808,4.885567814794539,-10.92275077936016,8.22832314269054,.7792716404185971,3.533939147504776,-6.147121812246945,7.705665093084138,-55.11716024763118,27.57557385191452,-109.1642918504081,-1.07002864485429
10.5,27,-6.654107330785074,3.991749317843615,-14.47779222907089,1.16957756750074,-1.339098041668612,4.856136571788547,-10.85695082638197,8.178754743044745,.7745772151463309,3.512650276730785,-6.110090817530661,7.659245247823322,-54.78512790283413,27.40945530732971,-108.5066731410606,-1.063582664607665
10.6,27,-6.613779253729376,3.967556805465453,-14.39004769905845,1.162489191599699,-1.330982265002417,4.826705328775728,-10.7911508733904,8.129186343385568,.7698827898740648,3.491361405972206,-6.073059822844584,7.612825402592714,-54.45309555803709,27.2433367627449,-107.8490544317131,-1.057136684361069
10.7,27,-6.573451561270724,3.943364523762342,-14.30230400575786,1.155400883216407,-1.322866565734004,4.797274366434437,-10.7253515479027,8.079618416434698,.765188409371156,3.470072738225276,-6.03602918128467,7.566406000026982,-54.12106637973517,27.07721980237536,-107.1914419938656,-1.050690765604706
10.8,27,-6.533123484215027,3.919172011353827,-14.21455947568593,1.148312507255876,-1.314750789067809,4.767843123433805,-10.65955159493502,8.030050016799406,.7604939840988898,3.448783867470146,-5.998998186605354,7.519986154803133,-53.78903403493813,26.91110125746215,-106.5338232838745,-1.044244786001769
10.9,27,-6.492795791756375,3.894979729711411,-14.12681578250429,1.141224198991542,-1.306635089799395,4.738412161080919,-10.5937522694246,7.980482089825808,.755799603595981,3.427495199732976,-5.961967545064569,7.473566752256531,-53.4570048566362,26.74498429709261,-105.876210846027,-1.037798867245399
11,27,-6.452467714700678,3.870787217302903,-14.03907125243238,1.134135823031027,-1.2985193131332,4.708980918091882,-10.52795231647965,7.930913690213245,.7511051783237148,3.406206328955504,-5.924936550341464,7.427146906988893,-53.12497251183916,26.5788657525078,-105.2185921366795,-1.03135288699881
11.1,27,-6.41213963764498,3.846594704894393,-13.95132672236047,1.127047447070505,-1.290403536467005,4.679549675102842,-10.46215236353468,7.881345290600675,.7464107530514487,3.384917458178042,-5.887905555618376,7.380727061721274,-52.79294016704212,26.412747207923,-104.5609734273321,-1.024906906752172
11.2,27,-6.371811945186328,3.822402423251974,-13.86358302917882,1.119959138806167,-1.282287837198592,4.650118712749954,-10.39635303802426,7.831777363627074,.7417163725485398,3.363628790440837,-5.850874914077523,7.334307659174603,-52.4609109887402,26.24663024755345,-103.9033609894846,-1.018460987995844
11.3,27,-6.331483868130631,3.798209910843462,-13.77583849910691,1.112870762845644,-1.274172060532396,4.62068746974932,-10.33055308505657,7.782208963991779,.7370219472762737,3.342339919685727,-5.813843919398246,7.287887813950793,-52.12887864394315,26.08051170264024,-103.2457422794934,-1.012015008392886
11.4,27,-6.291156175671979,3.774017629140352,-13.68809480580631,1.105782454462351,-1.266056361263983,4.591256507408032,-10.26475375956888,7.732641037040915,.7323275667733649,3.321051251938817,-5.776813277838373,7.241468411385102,-51.79684946564123,25.9143947422707,-102.5881298416459,-1.005569089636538
11.5,27,-6.250828098616282,3.749825116762183,-13.60035027579386,1.098694078561299,-1.257940584597788,4.561825264395211,-10.19895380657731,7.683072637381735,.7276331415010987,3.299762381180207,-5.739782283152236,7.195048566154433,-51.46481712084419,25.74827619768589,-101.9305111322984,-.9991231093899273
11.6,27,-6.210500021560584,3.725632604353674,-13.51260574572195,1.09160570260078,-1.249824807931592,4.532394021389219,-10.13315385359912,7.63350423773594,.7229387162288325,3.278473510406238,-5.702751288435994,7.14862872089366,-51.13278477604715,25.58215765310108,-101.272892422951,-.992677129143317
11.7,27,-6.170172329101932,3.701440322680911,-13.42486205248083,1.084517394276967,-1.241709108663179,4.502963059053286,-10.06735452812192,7.583936310795568,.7182443357259237,3.257184842669041,-5.665720646895158,7.102209318347006,-50.80075559774522,25.41604069273153,-100.6152799851035,-.9862312103869826
11.8,27,-6.129844252046235,3.677247810302747,-13.33711752246839,1.077429018375923,-1.233593331996984,4.473531816050461,-10.00155457514995,7.53436791115598,.7135499104536576,3.235895971900726,-5.628689652189999,7.055789473097314,-50.46872325294818,25.24992214781832,-99.95766127511233,-.9797852307840316
11.9,27,-6.089516559587583,3.65305552862998,-13.24937382922727,1.070340710052104,-1.225477632728571,4.444100853711364,-9.935755249666549,7.484799984209409,.7088555299507487,3.214607304164243,-5.591659010650561,7.009370070552059,-50.13669407464626,25.08380518744878,-99.30004883726484,-.9733393120276759
12,27,-6.049188482531886,3.628863016221472,-13.16162929915536,1.063252334091588,-1.217361856062375,4.414669610719906,-9.869955296716849,7.435231584592099,.7041611046784826,3.193318433395787,-5.554628015945125,6.962950225302091,-49.80466172984922,24.91768664286398,-98.64243012791738,-.9668933317810584
12.1,27,-6.008860405476188,3.604670503843308,-13.07388476914292,1.056163958190544,-1.209246079396179,4.385238367704737,-9.804155343720677,7.385663184928318,.6994666794062165,3.172029562627314,-5.517597021239657,6.91653038005209,-49.47262938505217,24.75156809851958,-97.98481141904108,-.9604473510632658
12.2,27,-5.968532713017536,3.580478222140195,-12.98614107584232,1.049075649807248,-1.201130380127766,4.355807405377981,-9.738356018261467,7.336095258005933,.6947722989033077,3.150740894890844,-5.480566379700244,6.87011097750686,-49.14060020675025,24.58545113790911,-97.32719898072139,-.9540014327791155
12.3,27,-5.928204635961839,3.556285709731682,-12.8983965457704,1.041987273846721,-1.193014603461571,4.326376162362815,-9.672556065265299,7.286526858342158,.6900778736310416,3.129452024122516,-5.443535384995061,6.823691132257144,-48.80856786195321,24.41933259332483,-96.66958027137494,-.9475554525314749
12.4,27,-5.887876943503187,3.532093428058916,-12.81065285252928,1.034898965522904,-1.184898904193158,4.296945200036054,-9.60675673980608,7.236958931419764,.6853834931281327,3.108163356385333,-5.406504743454251,6.777271729710517,-48.47653868365128,24.25321563262635,-96.01196783288273,-.941109534419823
12.5,27,-5.84754886644749,3.507900915680752,-12.72290832251684,1.02781058962186,-1.176783127526962,4.267513957024057,-9.540956786816123,7.187390531762198,.6806890678558666,3.086874485611336,-5.369473748737955,6.730851884449689,-48.14450633885424,24.08709708837047,-95.35434912417995,-.9346635535285372
12.6,27,-5.807220789391791,3.483708403272245,-12.63516379244493,1.020722213661346,-1.168667350860767,4.238082714017243,-9.475156833836328,7.137822132114794,.6759946425836004,3.065585614852761,-5.332442754051887,6.684432039219089,-47.8124739940572,23.92097854369766,-94.69673041466,-.928217573454404
12.7,27,-5.76689309693314,3.459516121599478,-12.54742009920381,1.013633905337526,-1.160551651592354,4.208651751669947,-9.409357508336859,7.088254205152151,.6713002620806916,3.04429694710584,-5.295412112491992,6.638012636653375,-47.48044481575527,23.75486158332811,-94.03911797681249,-.9217716546980483
12.8,27,-5.726565019877442,3.435323609221316,-12.45967556919137,1.006545529436487,-1.152435874926159,4.179220508675323,-9.343557555380954,7.038685805528637,.6666058368084254,3.023008076350731,-5.258381117812714,6.591592791429566,-47.14841247095823,23.58874303850291,-93.38149926699384,-.9153256749226202
12.9,27,-5.686237327418791,3.411131327518205,-12.37193187589077,.9994572210531922,-1.144320175657745,4.149789546325604,-9.277758229876737,6.989117878561246,.6619114563055166,3.001719408613531,-5.221350476271873,6.545173388882906,-46.8163832926563,23.42262607813336,-92.72388682914634,-.9088797561662716
13,27,-5.645909250363093,3.38693881514004,-12.28418734587833,.9923688451521464,-1.13620439899155,4.120358303336564,-9.211958276931778,6.939549478948678,.6572170310332505,2.980430537836067,-5.184319481548782,6.498753543615283,-46.48435094785927,23.25650753354856,-92.06626811979888,-.9024337759196612
13.1,27,-5.605581173307395,3.362746302761877,-12.1964428158659,.9852804692511068,-1.128088622325355,4.090927060335187,-9.146158323962636,6.889981079311927,.6525226057609843,2.959141667058609,-5.147288486825705,6.452333698347672,-46.15231860306223,23.09038898863535,-91.40864940980775,-.8959877963167031
13.2,27,-5.565253480848744,3.33855402105876,-12.10869912256529,.9781921608678008,-1.119972923056942,4.061496097985469,-9.08035899845842,6.840413152344538,.6478282252580755,2.937852999321403,-5.110257845284848,6.405914295801,-45.8202894247603,22.9242720285062,-90.75103697243141,-.8895418770891865
13.3,27,-5.524925403793046,3.314361508680598,-12.02095459255285,.9711037849667621,-1.111857146390746,4.032064854990837,-9.014559045502502,6.790844752721009,.6431337999858093,2.916564128566312,-5.073226850605607,6.359494450577227,-45.48825707996326,22.758153483681,-90.09341826261277,-.8830958973137442
13.4,27,-5.484597711334395,3.290169227007834,-11.93321089931174,.9640154766429472,-1.103741447122333,4.002633892643544,-8.948759720003039,6.741276825758373,.6384394194829005,2.895275460819378,-5.036196209045688,6.313075048011489,-45.15622790166133,22.59203652331145,-89.43580582476525,-.8766499785574027
13.5,27,-5.444269634278696,3.265976714599325,-11.84546636923982,.9569271006824307,-1.095625670456138,3.973202649636729,-8.882959767023239,6.691708426110964,.6337449942106343,2.873986590060764,-4.999165214359543,6.266655202780811,-44.82419555686429,22.42591797872665,-88.77818711541779,-.8702039983107852
13.6,27,-5.403941557222999,3.241784202221162,-11.75772183922739,.9498387247813875,-1.087509893789942,3.943771406624731,-8.817159814033282,6.642140026453397,.6290505689383682,2.852697719286779,-4.962134219643271,6.220235357520006,-44.49216321206725,22.25979943381344,-88.12056840542667,-.8637580187078342
13.7,27,-5.363613864764347,3.217591920548394,-11.66997814598626,.9427504164575664,-1.079394194521529,3.914340444297974,-8.75136048857407,6.592572099531012,.6243561884354594,2.83140905154959,-4.925103578102449,6.173815954973369,-44.16013403376532,22.0936824736843,-87.46295596805035,-.8573120994803034
13.8,27,-5.32328578770865,3.19339940813988,-11.58223361591434,.9356620404970384,-1.071278417855334,3.884909201282808,-8.685560535577903,6.543003699867236,.6196617631631932,2.810120180781297,-4.888072583397334,6.12739610972372,-43.82810168896828,21.92756392885909,-86.8053372582317,-.8508661197048681
13.9,27,-5.282958095249998,3.169207126436767,-11.49448992261374,.9285737321137413,-1.063162718586921,3.855478238956051,-8.619761210118691,6.493435772944849,.6149673826602844,2.788831513044793,-4.851041941857854,6.080976707178424,-43.49607251066636,21.76144696848954,-86.14772482038418,-.8444202009485338
14,27,-5.2426300181943,3.145014614058604,-11.4067453926013,.9214853562126999,-1.055046941920725,3.826046995940884,-8.553961257122523,6.443867373281073,.6102729573880183,2.767542642276343,-4.814010947152431,6.034556861928467,-43.16404016586932,21.59532842390422,-85.4901061110357,-.8379742207029324
14.1,27,-5.202301941138603,3.120822101650096,-11.31900086252939,.9143969802521843,-1.046931165254529,3.796615752949424,-8.488161304172818,6.39429897366376,.6055785321157522,2.746253771507882,-4.776979952446987,5.988137016678491,-42.83200782107227,21.4292098792314,-84.83248740151573,-.8315282406288134
14.2,27,-5.161974248679951,3.096629819977331,-11.23125716928827,.9073086719283685,-1.038815465986116,3.767184790610325,-8.422361978689416,6.344731046717184,.6008841516128434,2.724965103771392,-4.739949310907534,5.941717614133221,-42.49997864277035,21.26309291862146,-84.17487496319707,-.8250823223436328
14.3,27,-5.121646171624254,3.072437307599168,-11.14351263927583,.9002202960273253,-1.030699689319921,3.737753547607499,-8.356562025717436,6.295162647077595,.5961897263405772,2.703676233003092,-4.702918316202405,5.895297768883559,-42.16794629797331,21.09697437427705,-83.51725625432076,-.8186363416258615
14.4,27,-5.081318479165602,3.048245025926398,-11.0557689460347,.8931319877034998,-1.022583990051508,3.70832258527157,-8.290762700240247,6.24559472013723,.5914953458376684,2.68238756526589,-4.665887674661558,5.848878366336894,-41.83591711967139,20.93085741366711,-82.85964381600209,-.812190423340688
14.5,27,-5.040990402109904,3.024052513517892,-10.9680244159628,.8860436117429886,-1.014468213385312,3.678891342265575,-8.224962747262055,6.196026320491429,.5868009205654022,2.661098694491915,-4.628856679945306,5.80245852107611,-41.50388477487434,20.7647388693227,-82.20202510712579,-.8057444426228955
14.6,27,-5.000662325054207,2.999860001139728,-10.88027988595036,.8789552358419437,-1.006352436719117,3.649460099252756,-8.159162794270488,6.146457920832255,.5821064952931361,2.63980982373332,-4.591825685259199,5.75603867584547,-41.1718524300773,20.59862032449802,-81.54440639730817,-.799298462846437
14.7,27,-4.960334632595555,2.975667719436616,-10.79253619264976,.8718669274586484,-.998236737450704,3.620029136920238,-8.093363468799986,6.096889993898579,.5774121147902272,2.618521155986391,-4.554795043699288,5.709619273279742,-40.83982325177538,20.43250336403994,-80.88679395928716,-.792852544263603
14.8,27,-4.920006555539858,2.951475207028104,-10.70479166257784,.8647785514981248,-.9901209607845085,3.590597893910831,-8.027563515815107,6.047321594246089,.5727176895179611,2.59723228523129,-4.517764049020027,5.663199428055949,-40.50779090697834,20.26638481954367,-80.2291752501132,-.7864065638434781
14.9,27,-4.879678863081206,2.927282925385684,-10.61704796939619,.8576902432337832,-.9820052615160955,3.561166931581732,-7.961764190351303,5.997753667319111,.5680233090150523,2.575943617494091,-4.480733407479185,5.616780025509289,-40.17576172867641,20.10026785908559,-79.5715628120922,-.7799606452606369
15,27,-4.839350786025508,2.903090412977178,-10.52930343932429,.8506018672732711,-.9738894848499,3.531735688568911,-7.895964237359731,5.948185267659932,.5633288837427861,2.554654746716631,-4.443702412756103,5.570360180241675,-39.84372938387937,19.93414931458931,-78.91394410291821,-.7735146648405262
15.1,27,-4.799022708969811,2.878897900568666,-10.44155890925237,.8435134913127476,-.9657737081837046,3.50230444555609,-7.830164284368163,5.898616868000753,.55863445847052,2.533365875939163,-4.406671418033005,5.523940334974045,-39.51169703908233,19.76803076967611,-78.2563253929271,-.7670686852375681
15.2,27,-4.758695016511159,2.854705618926245,-10.35381521607072,.8364251830484033,-.9576580089152915,3.472873483226986,-7.76436495890435,5.849048941073766,.5539400779676111,2.512077208201954,-4.369640776492145,5.477520932427367,-39.17966786078041,19.60191380921804,-77.59871295490609,-.7606227666547198
15.3,27,-4.718366939455461,2.830513106517736,-10.26607068599881,.829336807087885,-.9495422322490961,3.443442240217582,-7.698565005919477,5.799480541421284,.549245652695345,2.490788337446852,-4.332609781812883,5.431101087203573,-38.84763551598336,19.43579526472175,-76.9410942457321,-.7541767862346234
15.4,27,-4.67803924699681,2.806320824814626,-10.17832699269821,.822248498704595,-.941426532980683,3.414011277888846,-7.632765680456385,5.74991261449502,.5445512721924362,2.469499669699943,-4.295579140253011,5.384681684637883,-38.51560633768144,19.26967830426368,-76.28348180771111,-.747730867651768
15.5,27,-4.637711169941112,2.782128312436463,-10.09058246268578,.8151601228035519,-.9333107563144876,3.384580034882923,-7.566965727478335,5.700344214849359,.53985684692017,2.448210798941336,-4.258548145566879,5.338261839407219,-38.1835739928844,19.1035597596794,-75.62586309836465,-.7412848874041416
15.6,27,-4.597383092885415,2.757935800027949,-10.00283793261385,.8080717468430239,-.925194979648292,3.355148791871311,-7.501165774489133,5.650775815192549,.5351624216479038,2.426921928167355,-4.221517150850615,5.291841994146423,-37.85154164808736,18.9374412148542,-74.96824438854603,-.7348389076286921
15.7,27,-4.557055400426763,2.733743518355184,-9.915094239372735,.8009834385192089,-.917079280379879,3.325717829540998,-7.435366449022952,5.601207888263195,.530468041144995,2.405633260430154,-4.184486509309771,5.245422591599761,-37.51951246978543,18.77132425448465,-74.31063195069852,-.7283929888723435
15.8,27,-4.516727323371065,2.709551005977023,-9.827349709360302,.7938950626181711,-.9089635037136835,3.296286586531593,-7.369566496038076,5.55163948861071,.5257736158727289,2.38434438966184,-4.147455514604614,5.199002746350072,-37.18748012498839,18.60520570989985,-73.65301324135106,-.7219470086257189
15.9,27,-4.476399630912414,2.685358724304256,-9.739606016119179,.7868067542943509,-.9008478044452705,3.266855624197903,-7.303767170565275,5.502071561674735,.52107923536982,2.363055721925376,-4.110424873065213,5.152583343804853,-36.85545094668647,18.4390887495303,-72.99540080350354,-.7155010898693845
16,27,-4.436071553856716,2.661166211895746,-9.651861486047263,.77971837833383,-.892732027779075,3.237424381191252,-7.237967217585798,5.452503162027648,.5163848100975539,2.341766851156904,-4.073393878359746,5.106163498554854,-36.52341860188942,18.27297020485749,-72.33778209398359,-.7090551097952584
16.1,27,-4.395743476801019,2.636973699517585,-9.56411695603483,.7726300024327921,-.8846162511128796,3.207993138178432,-7.172167264594229,5.402934762368471,.5116903848252878,2.320477980388435,-4.036362883654285,5.059743653304861,-36.19138625709238,18.10685166003176,-71.68016338416392,-.7026091300208464
16.2,27,-4.35541539974532,2.612781187109069,-9.476372425962902,.7655416264722614,-.8765004744466841,3.178561895170649,-7.106367311612533,5.353366362719165,.5069959595530217,2.299189109629293,-3.999331888967105,5.013323808073149,-35.85935391229534,17.94073311568737,-71.02254467528763,-.6961631493030396
16.3,27,-4.315088091883715,2.588589136141703,-9.388629569493101,.7584533857256721,-.8683848525760535,3.149131213517844,-7.040568613661941,5.303798908509835,.5023016238194702,2.27790064490924,-3.962301600563203,4.966904848202143,-35.52732790048853,17.77461773929319,-70.36493850846992,-.6897172925071331
16.4,27,-4.274760014828018,2.564396623733191,-9.300885039421182,.7513650097651476,-.860269075909858,3.119699970505021,-6.974768660670367,5.254230508850652,.497607198547204,2.256611774140854,-3.925270605857904,4.920485002952312,-35.19529555569149,17.60849919470786,-69.70731979912144,-.6832713122615388
16.5,27,-4.23443193777232,2.54020411135503,-9.213140509408749,.7442766338641098,-.8521532992436625,3.090268727493412,-6.908968707681171,5.204662109193847,.4929127732749379,2.235322903377038,-3.888239611161563,4.874065157711438,-34.86326321089445,17.44238065003506,-69.04970108960148,-.6768253321874127
16.6,27,-4.194103860716622,2.516011598946518,-9.12539597933683,.7371882579035871,-.844037522577467,3.060837484487484,-6.843168754703111,5.155093709548177,.4882183480026717,2.214034032613252,-3.85120861646528,4.827645312470624,-34.53123086609741,17.27626210545025,-68.39208238025402,-.6703793519407952
16.7,27,-4.153775783660924,2.491819086568355,-9.037651449324393,.7300998820025457,-.8359217459112716,3.031406241476247,-6.777368801714645,5.105525309892102,.4835239227304056,2.192745161842377,-3.814177621755104,4.781225467215916,-34.19919852130037,17.11014356086545,-67.73446367090656,-.6639333716941707
16.8,27,-4.113448475799319,2.467627035600985,-8.949908592854587,.7230116412559484,-.8278061240406409,3.001975559828026,-6.711570103773036,5.055957855691754,.4788295869968541,2.171456697133964,-3.777147333374015,4.734806507367723,-33.86717250949356,16.94402818447076,-67.07685750408783,-.6574875148992803
16.9,27,-4.073120398743622,2.443434523192477,-8.862164062782675,.715923265295431,-.8196903473744455,2.972544316820247,-6.645770150791347,5.006389456042457,.4741351617245879,2.150167826358892,-3.740116338655612,4.688386662104787,-33.53514016469651,16.77790963988595,-66.41923879474035,-.651041534652677
17,27,-4.032792321687923,2.419242010814314,-8.774419532770237,.7088348893943905,-.81157457070825,2.943113073807426,-6.579970197799778,4.956821056383278,.4694407364523218,2.128878955597198,-3.70308534396343,4.641966816868074,-33.20310781989947,16.61179109545354,-65.76162008569158,-.6445955541073687
17.1,27,-3.992464244632226,2.395049498420978,-8.686675002728062,.7017465134636098,-.8034587940420546,2.913681830794603,-6.514170244808203,4.907252656724094,.4647463111800556,2.107590084835468,-3.666054349271177,4.595546971631289,-32.87107547510244,16.44567255062835,-65.10400137587297,-.6381495743319121
17.2,27,-3.952136167576528,2.37085698602764,-8.598930472685883,.6946581375328273,-.7953430173758591,2.884250587786824,-6.448370291826515,4.857684257074797,.4600518859077894,2.086301214060404,-3.629023354552792,4.549127126368371,-32.53904313030539,16.27955400604406,-64.4463826665265,-.6317035940842892
17.3,27,-3.911808859714923,2.346664935060272,-8.511187616216079,.687569896786234,-.7872273955052285,2.8548199061386,-6.3825715938849,4.808116802874443,.455357550174238,2.065012749352006,-3.591993066171731,4.502708166520207,-32.20701711849858,16.11343862964884,-63.78877649970676,-.6252577372904149
17.4,27,-3.871480782659225,2.322472422666933,-8.423443086173899,.6804815208554493,-.779111618839033,2.825388663127362,-6.316771640896432,4.758548403218366,.4506631249019718,2.043723878581131,-3.554962071461555,4.456288321265498,-31.87498477370154,15.94732008514024,-63.13115779050862,-.6188117568944556
17.5,27,-3.831152705603527,2.298279910273596,-8.335698556131723,.6733931449246673,-.7709958421728376,2.795957420121438,-6.25097168791838,4.708980003572705,.4459686996297056,2.022435007817328,-3.517931076765239,4.40986847602465,-31.5429524289045,15.78120154055569,-62.47353908116168,-.6123657766473336
17.6,27,-3.79082462854783,2.27408739788026,-8.247954026089548,.6663047689938884,-.762880065506642,2.766526177109828,-6.185171734929182,4.659411603915898,.4412742743574395,2.00114613705351,-3.480900082068894,4.363448630783773,-31.21092008410746,15.61508299585043,-61.81592037157812,-.6059197966368082
17.7,27,-3.750496551492132,2.249894885486922,-8.160209496047367,.6592163930631028,-.7547642888404466,2.737094934097009,-6.119371781937614,4.609843204256721,.4365798490851734,1.979857266282646,-3.443869087358739,4.317028785529086,-30.87888773931042,15.44896445138608,-61.15830166246673,-.5994738161541093
17.8,27,-3.710169243630526,2.225702834519557,-8.072466639577568,.6521281523165157,-.7466486669698159,2.707664252444197,-6.053573083987009,4.560275750047377,.4318855133516219,1.958568801574246,-3.406838798977675,4.270609825680919,-30.54686172750361,15.28284907506733,-60.50069549579685,-.5930279592103709
17.9,27,-3.669841166574829,2.201510322126218,-7.984722109535388,.645039776385731,-.7385328903036205,2.678233009436419,-5.987773131005324,4.510707350398083,.4271910880793557,1.937279930799185,-3.369807804259294,4.224189980418005,-30.21482938270657,15.11673053048252,-59.84307678644937,-.5865819789637641
18,27,-3.629513089519131,2.177317809732883,-7.896977579493216,.6379514004549538,-.730417113637425,2.648801766423597,-5.921973178013751,4.461138950738901,.4224966628070896,1.915991060037459,-3.332776809567049,4.177770135181228,-29.88279703790953,14.95061198573352,-59.18545807678008,-.5801359990389692
18.1,27,-3.589185012463433,2.153125297339546,-7.809233049451038,.6308630245241709,-.7223013369712296,2.619370523416945,-5.856173225034271,4.411570551091812,.4178022375348234,1.894702189275769,-3.295745814874875,4.131350289944522,-29.55076469311249,14.78449344114898,-58.52783936743314,-.5736900187918366
18.2,27,-3.548856935407736,2.128932784946207,-7.721488519408856,.6237746485933844,-.7141855603050341,2.589939280409165,-5.790373272052579,4.362002151442511,.4131078122625573,1.873413318500702,-3.258714820156482,4.084930444681596,-29.21873234831545,14.61837489656391,-57.87022065808515,-.5672440385457413
18.3,27,-3.50852962754613,2.104740733978839,-7.633745662939052,.616686407846792,-.7060699384344035,2.560508598756355,-5.724574574101978,4.312434697233171,.4084134765290058,1.852124853792288,-3.221684531775391,4.038511484833402,-28.88670633650863,14.45225952040962,-57.2126144917376,-.5607981812796652
18.4,27,-3.468201550490433,2.080548221585502,-7.546001132896876,.6095980319160099,-.697954161768208,2.531077355743534,-5.658774621110409,4.262866297573993,.4037190512567396,1.830835983021412,-3.184653537065214,3.992091639578693,-28.5546739917116,14.28614097566062,-56.55499578206831,-.5543522013548809
18.5,27,-3.427873473434735,2.056355709192165,-7.458256602854698,.6025096559852283,-.6898383851020125,2.501646112731929,-5.59297466812122,4.213297897917195,.3990246259844735,1.809547112257612,-3.147622542368903,3.94567179433785,-28.22264164691455,14.12002243107581,-55.89737707272083,-.5479062211082777
18.6,27,-3.387545396379037,2.032163196798831,-7.370512072812527,.5954212800544521,-.681722608435817,2.472214869726,-5.527174715143157,4.163729498271523,.3943302007122074,1.788258241493804,-3.110591547672578,3.899251949096993,-27.89060930211751,13.95390388632681,-55.23975836305155,-.5414602411834828
18.7,27,-3.34721731932334,2.007970684405494,-7.28276754277035,.5883329041236705,-.6736068317696216,2.442783626714764,-5.461374762154693,4.11416109861545,.3896357754399412,1.766969370722938,-3.073560552962419,3.852832103842302,-27.55857695732047,13.787785341742,-54.58213965370408,-.5350142609368689
18.8,27,-3.306890011461734,1.983778633438126,-7.195024686300546,.5812446633770776,-.6654912098989909,2.413352945066543,-5.395576064213085,4.064593644415103,.3849414397063897,1.745680906014523,-3.036530264581326,3.806413143994105,-27.22655094551366,13.62166996558771,-53.92453348735652,-.5285684036708034
18.9,27,-3.266561934406036,1.959586121044786,-7.107280156258362,.5741562874462893,-.6573754332327955,2.383921702058761,-5.329776111231392,4.015025244765801,.3802470144341236,1.724392035239458,-2.999499269862937,3.759993298731183,-26.89451860071662,13.45555142100291,-53.26691477800906,-.5221224234241859
19,27,-3.226233857350339,1.935393608651452,-7.019535626216191,.5670679115155135,-.6492596565666,2.354490459045941,-5.263976158239823,3.965456845106623,.3755525891618574,1.703103164477752,-2.962468275170732,3.713573453494447,-26.56248625591958,13.2894328762539,-52.60929606833976,-.5156764434994052
19.1,27,-3.185905780294641,1.911201096258112,-6.931791096174009,.5599795355847261,-.6411438799004046,2.325059216033119,-5.198176205248251,3.915888445447441,.3708581638895913,1.681814293716031,-2.925437280478497,3.66715360825768,-26.23045391112254,13.12331433150489,-51.95167735867046,-.5092304635746174
19.2,27,-3.145577703238943,1.887008583864777,-6.844046566131835,.552891159653949,-.6330281032342091,2.295627973025338,-5.132376252266557,3.866320045798139,.3661637386173251,1.660525422940968,-2.888406285760111,3.620733762994762,-25.8984215663255,12.95719578692009,-51.29405864932301,-.5027844833279964
19.3,27,-3.105250395377338,1.862816532897407,-6.756303709662028,.5458029189073526,-.6249124813635785,2.266197291377114,-5.066577554324945,3.816752591597788,.3614694028837736,1.639236958232572,-2.851375997379056,3.574314803146603,-25.56639555451869,12.7910804107658,-50.63645248297544,-.4963386260619309
19.4,27,-3.06492231832164,1.838624020504072,-6.668559179619854,.5387145429765736,-.616796704697383,2.23676604836588,-5.000777601336482,3.767184191941716,.3567749776115074,1.617948087461687,-2.81434500266886,3.527894957891875,-25.23436320972165,12.62496186618099,-49.97883377362798,-.489892645815317
19.5,27,-3.024594241265943,1.814431508110736,-6.580814649577679,.5316261670457938,-.6086809280311876,2.207334805359953,-4.934977648358425,3.71761579229605,.3520805523392413,1.596659216697893,-2.777314007972563,3.481475112651045,-24.90233086492461,12.45884332143199,-49.32121506395869,-.4834466658905292
19.6,27,-2.984266164210245,1.790238995717399,-6.493070119535503,.5245377911150126,-.600565151364992,2.17790356234834,-4.869177695369222,3.668047392639238,.3473861270669752,1.575370345934086,-2.740283013276238,3.435055267410188,-24.57029852012757,12.29272477684718,-48.66359635461122,-.4770006856439188
19.7,27,-2.943938087154547,1.766046483324061,-6.405325589493324,.5174494151842293,-.5924493746987965,2.148472319335523,-4.803377742377658,3.618478992980065,.342691701794709,1.554081475163209,-2.703252018566058,3.388635422155476,-24.23826617533053,12.12660623209818,-48.00597764494192,-.4705547057191346
19.8,27,-2.903610779292942,1.741854432356691,-6.317582733023515,.5103611744376315,-.5843337528281659,2.119041637682713,-4.737579044427056,3.568911538770724,.3379973660611575,1.532793010454805,-2.666221730184986,3.342216462307301,-23.90624016352372,11.96049085594389,-47.34837147859437,-.4641088484530584
19.9,27,-2.863282702237244,1.717661919963357,-6.229838202981344,.5032727985068552,-.5762179761619705,2.089610394674933,-4.671779091445367,3.519343139121426,.3333029407888914,1.511504139679744,-2.629190735466606,3.295796617044389,-23.57420781872667,11.79437231135882,-46.69075276924639,-.4576628682069526
20,27,-2.822954625181547,1.69346940757002,-6.142093672939167,.4961844225760732,-.568102199495775,2.060179151668282,-4.605979138465889,3.469774739474339,.3286085155166252,1.490215268918033,-2.592159740774391,3.249376771807642,-23.24217547392963,11.62825376677428,-46.03313405989944,-.4512168879598306
20.1,27,-2.782626548125849,1.669276895176681,-6.054349142896985,.4890960466452881,-.5599864228295796,2.030747908655462,-4.540179185474321,3.420206339815161,.3239140902443591,1.468926398156324,-2.555128746082179,3.202956926570896,-22.91014312913259,11.46213522202527,-45.37551535023013,-.4447709080350499
20.2,27,-2.742298471070151,1.645084382783345,-5.966604612854812,.4820076707145091,-.5518706461633841,2.001316665647681,-4.474379232492627,3.370637940165859,.3192196649720929,1.447637527381256,-2.518097751363784,3.15653708130797,-22.57811078433555,11.29601667744047,-44.71789664088267,-.4383249277884289
20.3,27,-2.701971163208546,1.620892331815976,-5.878861756385005,.4749194299679136,-.5437550242927535,1.971885983994873,-4.408580534542029,3.321070485956522,.3145253292385414,1.426349062672856,-2.48106746298272,3.110118121459803,-22.24608477252874,11.12990130112171,-44.06029047421278,-.4318790708446976
20.4,27,-2.661643086152848,1.596699819422641,-5.791117226342831,.4678310540371347,-.535639247626558,1.942454740982051,-4.342780581550455,3.271502086297339,.3098309039662753,1.405060191901971,-2.444036468272524,3.063698276205075,-21.9140524277317,10.96378275665737,-43.40267176510142,-.4254330903619845
20.5,27,-2.62131500909715,1.572507307029302,-5.703372696300651,.4607426781063499,-.5275234709603625,1.913023497970442,-4.276980628561262,3.221933686640536,.3051364786940092,1.383771321138171,-2.407005473576215,3.017278430964233,-21.58202008293466,10.79766421195211,-42.74505305551785,-.4189871103514662
20.6,27,-2.580986932041453,1.548314794635968,-5.61562816625848,.4536543021755741,-.519407694294167,1.883592254964517,-4.211180675583206,3.172365286994872,.300442053421743,1.362482450374361,-2.369974478879885,2.970858585723371,-21.24998773813762,10.63154566736757,-42.08743434617089,-.4125411301043407
20.7,27,-2.540658854985755,1.52412228224263,-5.5278836362163,.4465659262447899,-.5112919176279715,1.854161011953279,-4.145380722594738,3.122796887338795,.2957476281494769,1.341193579603494,-2.332943484169725,2.924438740468679,-20.91795539334058,10.46542712261856,-41.42981563650159,-.40609515017956
20.8,27,-2.50033154712415,1.499930231275262,-5.440140779746496,.4394776854981965,-.5031762957573409,1.824730330305057,-4.079582024653129,3.073229433138446,.2910532924159254,1.319905114895087,-2.295913195788646,2.878019780620497,-20.58592938153377,10.29931174646426,-40.77220947015404,-.3996492929134909
20.9,27,-2.460003470068452,1.475737718881924,-5.352396249704316,.4323893095674132,-.4950605190911455,1.795299087294756,-4.013782071666497,3.023661033484206,.2863588671436592,1.29861624412002,-2.258882201070255,2.831599935357573,-20.25389703673673,10.1331932018352,-40.11459076071984,-.3932033127536236
21,27,-2.419675393012754,1.451545206488589,-5.264651719662144,.4253009336366356,-.48694474242495,1.765867844284455,-3.947982118679866,2.974092633829966,.2816644418713931,1.277327373358315,-2.221851206378052,2.785180090120837,-19.92186469193969,9.967074657294656,-39.4569720514591,-.3867573324202631
21.1,27,-2.379347315957057,1.427352694095252,-5.176907189619966,.4182125577058531,-.4788289657587546,1.736436601274155,-3.882182165693234,2.924524234175726,.2769700165991269,1.256038502596598,-2.184820211685824,2.738760244884078,-19.58983234714264,9.800956112545652,-38.79935334178981,-.3803113524954718
21.2,27,-2.339019238901359,1.403160181701915,-5.089162659577791,.4111241817750733,-.4707131890925591,1.70700535826476,-3.81638221270838,2.874955834523262,.2722755913268607,1.234749631821539,-2.147789216967448,2.692340399621169,-19.2578000023456,9.634837567916588,-38.1417346323556,-.373865372335608
21.3,27,-2.298691931039753,1.378968130734546,-5.001419803107982,.4040359410284764,-.4625975672219284,1.677574676613029,-3.750583514759893,2.825388380316036,.2675812555933093,1.213461167113124,-2.110758928586352,2.645921439772971,-18.92577399053879,9.468722191642094,-37.48412846577246,-.3674195153051265
21.4,27,-2.258363853984056,1.354775618341207,-4.913675273065803,.3969475650976921,-.454481790555733,1.648143433602843,-3.684783561773485,2.77581998066202,.2628868303210431,1.192172296342255,-2.073727933876188,2.599501594518274,-18.59374164574175,9.302603647013289,-36.82650975633875,-.3609735351447512
21.5,27,-2.218035776928358,1.330583105947873,-4.825930743023632,.389859189166915,-.4463660138895375,1.618712190595626,-3.618983608792899,2.726251581013824,.2581924050487769,1.170883425578452,-2.036696939179873,2.553081749277427,-18.26170930094471,9.136485102428745,-36.1688910469918,-.3545275548976292
21.6,27,-2.17770769987266,1.306390593554534,-4.738186212981451,.3827708132361307,-.4382502372233421,1.589280947585324,-3.553183655806266,2.676683181359583,.2534979797765108,1.149594554814646,-1.999665944483553,2.506661904036574,-17.92967695614767,8.970366557843683,-35.51127233764382,-.3480815746515198
21.7,27,-2.137379622816963,1.282198081161199,-4.650441682939277,.3756824373053522,-.4301344605571466,1.559849704575138,-3.48738370281986,2.627114781705567,.2488035545042447,1.128305684046069,-1.962634949777881,2.46024205878637,-17.59764461135063,8.804248013138936,-34.85365362806127,-.3416355946399925
21.8,27,-2.097052314955357,1.25800603019383,-4.56269882646947,.3685941965587562,-.4220188386865159,1.530419022923407,-3.421585004871373,2.577547327498341,.2441092187706932,1.107017219330984,-1.925604661383712,2.413823098925098,-17.26561859954382,8.63813263694038,-34.19604746162697,-.3351897374606736
21.9,27,-2.05672423789966,1.233813517800493,-4.474954296427294,.3615058206279742,-.4139030620203205,1.500987779914013,-3.355785051886518,2.527978927845877,.239414793498427,1.085728348566982,-1.888573666687007,2.367403253683861,-16.93358625474678,8.472014092235378,-33.53842875204391,-.3287437574496401
22,27,-2.016396160843962,1.209621005407157,-4.387209766385118,.3544174446971953,-.405787285354125,1.471556536903713,-3.289985098899889,2.478410528191639,.2347203682261609,1.064439477798599,-1.851542671981715,2.320983408434037,-16.60155390994974,8.30589554772677,-32.88081004284579,-.3222977770536843
22.1,27,-1.976068083788264,1.18542849301382,-4.299465236342941,.3473290687664137,-.3976715086879296,1.442125293893412,-3.224185145913257,2.428842128537398,.2300259429538947,1.043150607030202,-1.814511677276396,2.274563563184186,-16.2695215651527,8.139777003022029,-32.22319133326325,-.3158517970421446
22.2,27,-1.935740006732567,1.161235980620483,-4.211720706300766,.340240692835633,-.3895557320217341,1.412694050884019,-3.158385192928405,2.379273728884937,.2253315176816286,1.021861736266208,-1.777480682579706,2.228143717942963,-15.93748922035566,7.973658458354866,-31.56557262375436,-.3094058169569536
22.3,27,-1.895412698870961,1.137043929653115,-4.123977849830961,.3331524520890392,-.3814401101511034,1.383263369232285,-3.092586494979913,2.329706274677706,.2206371819480771,1.000573271551126,-1.740450394185546,2.1817247580817,-15.60546320854885,7.8075430821406,-30.90796645728927,-.3029599598084243
22.4,27,-1.855084621815263,1.112851417259778,-4.036233319788784,.3260640761582578,-.373324333484908,1.353832126222098,-3.026786541993504,2.280137875023688,.2159427566758109,.979284400787123,-1.703419399488837,2.135304912840459,-15.27343086375181,7.641424537533665,-30.25034774789842,-.2965139796051854
22.5,27,-1.814756544759565,1.088658904866442,-3.948488789746608,.3189757002274769,-.3652085568187125,1.324400883211799,-2.960986589006875,2.23056947536945,.2112483314035448,.9579955300187293,-1.666388404783524,2.088885067590614,-14.94139851895476,7.475305992866761,-29.59272903839004,-.2900679995194846
22.6,27,-1.774428467703868,1.064466392473103,-3.860744259704428,.3118873242966922,-.3570927801525171,1.294969640204582,-2.89518663602629,2.181001075721256,.2065539061312786,.9367066592503508,-1.629357410078241,2.042465222340798,-14.60936617415772,7.309187448281957,-28.93511032904257,-.2836220192728707
22.7,27,-1.73410039064817,1.040273880079768,-3.772999729662254,.304798948365913,-.3489770034863216,1.265538397194396,-2.829386683039884,2.131432676067241,.2018594808590125,.9154177884863459,-1.59232641538153,1.996045377099555,-14.27733382936068,7.143068903615054,-28.2774916195342,-.277176039187168
22.8,27,-1.693773082786565,1.016081829112399,-3.685256873192448,.2977107076193191,-.3408613816156909,1.236107715542665,-2.763587985091397,2.081865221860015,.197165145125461,.8941293237712654,-1.555296126987372,1.949626417238294,-13.94530781755387,6.976953527378657,-27.61988545302572,-.2707301820820174
22.9,27,-1.653445005730867,.991889316719063,-3.597512343150273,.2906223316885388,-.3327456049494955,1.206676472533271,-2.697788032106542,2.032296822207551,.1924707198531949,.8728404530072614,-1.518265132290663,1.903206571997052,-13.61327547275683,6.810834982793854,-26.96226674367826,-.2642842018354017
23,27,-1.613116928675169,.9676968043257258,-3.509767813108096,.2835339557577568,-.3246298282833,1.177245229522971,-2.631988079119911,1.982728422553311,.1877762945809287,.8515515822388761,-1.481234137585366,1.856786726747223,-13.28124312795979,6.644716438126949,-26.30464803416988,-.2578382217497026
23.1,27,-1.572788851619472,.9435042919323885,-3.422023283065918,.2764455798269745,-.3165140516171046,1.147813986512669,-2.566188126133278,1.933160022899069,.1830818693086625,.8302627114704838,-1.444203142880056,1.810366881497381,-12.94921078316275,6.478597893460047,-25.6470293246615,-.2513922416639982
23.2,27,-1.532460774563774,.9193117795390516,-3.334278753023741,.2693572038961929,-.3083982749509091,1.118382743503274,-2.500388173148423,1.883591623246605,.1783874440363964,.8089738407064883,-1.407172148183363,1.763947036256156,-12.61717843836571,6.312479348875246,-24.98941061531404,-.244946261417379
23.3,27,-1.492133466702169,.8951197285716838,-3.246535896553937,.2622689631496,-.3002826530802784,1.088952061851543,-2.434589475199936,1.834024169039379,.1736931083028449,.7876853759914031,-1.370141859789196,1.717528076394886,-12.2851524265589,6.146363972638849,-24.33180444880557,-.2385004043122283
23.4,27,-1.451805389646471,.8709272161783455,-3.158791366511758,.2551805872188158,-.292166876414083,1.059520818841356,-2.368789522213528,1.784455769385362,.1689986830305788,.7663965052274025,-1.333110865092493,1.671108231153651,-11.95312008176186,5.980245427971943,-23.67418573929719,-.2320544242265292
23.5,27,-1.411477312590773,.8467347037850099,-3.071046836469583,.2480922112880366,-.2840510997478875,1.030089575834141,-2.302989569232945,1.734887369737169,.1643042577583126,.7451076344590167,-1.296079870387195,1.624688385903821,-11.62108773696482,5.814126883387139,-23.01656702994972,-.2256084439799153
23.6,27,-1.371149235535076,.8225421913916727,-2.983302306427406,.2410038353572546,-.2759353230816921,1.000658332823841,-2.237189616246313,1.685318970082929,.1596098324860465,.7238187636906279,-1.259048875681892,1.578268540653985,-11.28905539216777,5.648008338720235,-22.35894832044134,-.2191624638942145
23.7,27,-1.330821158479378,.7983496789983362,-2.89555777638523,.2339154594264738,-.2678195464154966,.9712270898136532,-2.171389663259905,1.635750570428912,.1549154072137803,.7025298929266272,-1.222017880985189,1.53184869541275,-10.95702304737073,5.481889794113301,-21.7013296110505,-.2127164836909738
23.8,27,-1.290493850617772,.7741576280309675,-2.807814919915424,.2268272186798794,-.2597039245448659,.9417964081619227,-2.105590965311419,1.586183116221687,.1502210714802288,.6812414282115442,-1.184987592591026,1.485429735551484,-10.62499703556392,5.315774417899036,-21.0437234445854,-.2062706265424463
23.9,27,-1.250165773562075,.7499651156376309,-2.720070389873248,.2197388427490983,-.2515881478786705,.9123651651525285,-2.039791012326564,1.536614716569223,.1455266462079627,.6599525574475434,-1.147956597894323,1.439009890310249,-10.29296469076688,5.149655873232131,-20.38610473507702,-.1998246464567455
24,27,-1.209837696506377,.7257726032442945,-2.632325859831072,.2126504668183178,-.243472371212475,.8829339221422277,-1.973991059339933,1.487046316914983,.1408322209356965,.6386636866791577,-1.110925603189026,1.392590045060419,-9.960932345969843,4.983537328647328,-19.72848602572955,-.1933786662101316
24.1,27,-1.169509619450679,.7015800908509577,-2.544581329788895,.2055620908875366,-.2353565945462796,.85350267913238,-1.90819110635419,1.437477917261631,.1361377956634304,.6173748159107697,-1.073894608483724,1.346170199810585,-9.628900001172802,4.817418783958294,-19.0708673161778,-.186932686167804
24.2,27,-1.129181542394982,.6773875784576207,-2.456836799746718,.1984737149567546,-.2272408178800841,.8240714361256029,-1.842391153374465,1.387909517614297,.1314433703911642,.5960859451467685,-1.03686361378702,1.299750354569348,-9.296867656375762,4.65130023929139,-18.41324860666942,-.1804867060821032
24.3,27,-1.088854234533376,.6531955274902518,-2.369093943276912,.1913854742101597,-.2191251960094534,.7946407544684818,-1.776592455415413,1.338342063396507,.1267490346576128,.5747974804316873,-.9998333253928606,1.253331394708086,-8.964841644568951,4.485184863137224,-17.75564244032212,-.1740408488157819
24.4,27,-1.048526157477679,.6290030150969148,-2.281349413234735,.1842970982793781,-.211009419343258,.7652095114617036,-1.710792502435686,1.28877366374917,.1220546093853466,.5535086096654919,-.9628023306918559,1.206911549462549,-8.63280929977191,4.31906631847019,-17.09802373081348,-.1675948687303368
24.5,27,-1.008198080421981,.6048105027035784,-2.193604883192559,.1772087223485976,-.2028936426770625,.7357782684518566,-1.644992549449944,1.23920526409582,.1173601841130804,.5322197388992995,-.9257713359908575,1.160491704217018,-8.300776954974868,4.152947773863385,-16.44040502142289,-.1611488885268422
24.6,27,-.9678700033662833,.5806179903102417,-2.105860353150383,.1701203464178165,-.1947778660108671,.7063470254420094,-1.579192596464202,1.189636864442468,.1126657588408143,.5109308681331041,-.888740341289853,1.114071858971482,-7.968744610177828,3.986829229177433,-15.78278631187718,-.1547029084784768
24.7,27,-.9275419263105855,.5564254779131114,-2.018115823100771,.1630319704795997,-.1866620893446716,.676915782435231,-1.513392643484475,1.140068464795132,.1079713335685481,.4896419973675993,-.8517093465902023,1.067652013727298,-7.636712265380787,3.820710684551644,-15.12516760244938,-.1482569283121906
24.8,27,-.8872146184489801,.532233426953329,-1.930372966645834,.1559437297478742,-.1785464674740409,.6474851007781103,-1.447593945525424,1.090501010577342,.1032769978349967,.4683535326511333,-.8146790581933288,1.021233053863322,-7.304686253573977,3.654595308356233,-14.46756143602125,-.1418110711267087
24.9,27,-.8468865413932823,.5080409145561996,-1.842628436596224,.1488553538096595,-.1704306908078455,.6180538577713327,-1.381793992545698,1.040932610930007,.0985825725627305,.4470646618856327,-.777648063493686,.974813208619147,-6.972653908776936,3.488476763689329,-13.80994272651286,-.1353650910410087
25,27,-.8065584643375847,.4838484021628629,-1.754883906554048,.1417669778788784,-.16231491414165,.5886226147614853,-1.315994039559956,.9913642112766556,.0938881472904644,.425775791119438,-.740617068792683,.9283933633736117,-6.640621563979895,3.322358219063474,-13.15232401708494,-.1289191108748513
25.1,27,-.7662303872818871,.4596558897695258,-1.667139376511871,.1346786019480964,-.1541991374754546,.5591913717516371,-1.250194086574212,.9417958116233025,.0891937220181982,.4044869203532441,-.7035860740916815,.8819735181280779,-6.308589219182855,3.156239674437623,-12.49470530765702,-.1224731307086895
25.2,27,-.7259023102261893,.4354633773723957,-1.579394846462259,.1275902260098803,-.1460833608092591,.5297601287448601,-1.184394133594487,.8922274119759688,.084499296745932,.3831980495877386,-.6665550793920292,.8355536728838933,-5.976556874385813,2.990121129770717,-11.83708659814863,-.1160271506229913
25.3,27,-.6855750023645839,.4112713264126138,-1.491651990007324,.1205019852781557,-.1379677389386284,.5003294470877387,-1.118595435635435,.8426599577581779,.0798049610123806,.3619095848712747,-.6295247909951597,.7891347130199208,-5.644530862579003,2.824005753575307,-11.1794804317205,-.1095812934375076
25.4,27,-.6452469253088862,.3870788140154838,-1.403907459957712,.1134136093399397,-.129851962272433,.4708982040809613,-1.052795482655709,.7930915581108433,.0751105357401144,.3406207141057721,-.5924937962955131,.7427148677757419,-5.312498517781962,2.657887208949518,-10.5218617222927,-.1031353132712232
25.5,27,-.6049188482531885,.3628863016221472,-1.316162929915536,.1063252334091589,-.1217361856062375,.4414669610711138,-.9869955296699664,.7435231584574915,.0704161104678483,.3193318433395789,-.5554628015945129,.6962950225302094,-4.980466172984921,2.491768664323664,-9.864243012864776,-.0966893331050658
25.6,27,-.5645907711974909,.3386937892288103,-1.228418399873359,.0992368574783773,-.1136204089400421,.4120357180628014,-.9211955766872324,.6939547588071484,.0657216851955821,.2980429725733842,-.51843180689351,.6498751772846741,-4.648433828187881,2.325650119645695,-9.20662430333471,-.0902433530410516
25.7,27,-.5242626941417932,.3145012768316801,-1.140673869823747,.0921484815401611,-.1055046322738466,.3826044750528533,-.8553956237012925,.6443863591535994,.061027259923316,.2767541018072284,-.4814008121925831,.603455332039215,-4.316401483390839,2.159531575019906,-8.549005593906912,-.0837973728747672
25.8,27,-.4839353862801877,.2903092258718983,-1.052931013368812,.0850602408084366,-.0973890104032159,.3531737933990027,-.789596925748651,.5948189049422192,.0563329241897645,.2554656370920675,-.4443705237982675,.5570363721777964,-3.984375471584029,1.993416198809502,-7.891399427449389,-.0773515157186688
25.9,27,-.44360730922449,.2661167134766645,-.9651864833229171,.0779718648739371,-.0892732337370205,.3237425503890551,-.723796972762712,.5452505052886711,.0516384989174983,.2341767663255667,-.4073395290966644,.510616526931661,-3.652343126786989,1.827297654178117,-7.233780718010623,-.0709055355633543
26,27,-.4032792321687924,.2419242010814315,-.8774419532770239,.0708834889394392,-.081157457070825,.2943113073807426,-.6579970197799778,.4956821056383278,.0469440736452322,.212887895559719,-.3703085343963415,.4641966816868058,-3.320310781989948,1.661179109531737,-6.57616200854247,-.0644595554374257
26.1,27,-.3629511551130947,.2177316886861979,-.7896974232311296,.0637951130049402,-.0730416804046295,.2648800643724301,-.5921970667972435,.4461137059879844,.042249648372966,.1915990247938693,-.3332775396960146,.4177768364419466,-2.988278437192907,1.495060564885359,-5.918543299074317,-.0580135753114956
26.2,27,-.322623078057397,.1935391762909645,-.7019528931852357,.0567067370704415,-.0649259037384341,.235448821362482,-.5263971138113037,.3965453063344355,.0375552231006999,.1703101540273701,-.2962465449944147,.3713569911958144,-2.656246092395866,1.328942020253972,-5.26092458963555,-.051567595156182
26.3,27,-.2822957701957915,.1693471253311824,-.6142100367302996,.0496184963387167,-.0568102818678034,.2060181397084544,-.4605984158583152,.3469778521227084,.0328608873671484,.1490216893122092,-.2592162566000989,.3249380313343958,-2.324220080589055,1.162826644058659,-4.603318423207604,-.0451217379705064
26.4,27,-.2419676931400938,.1451546129359492,-.5264655066844059,.0425301204042183,-.048694505201608,.1765868966995014,-.3947984628743255,.2974094524711096,.0281664620948822,.1277328185460338,-.2221852618991338,.2785181860888982,-1.992187735792015,.9967080994047512,-3.945699713724695,-.0386757578593344
26.5,27,-.2016396160843962,.1209621005407157,-.438720976638512,.0354417444697196,-.0405787285354125,.1471556536903713,-.3289985098899889,.2478410528191639,.0234720368226161,.1064439477798595,-.1851542671981707,.2320983408434029,-1.660155390994974,.8305895547658686,-3.288081004271235,-.0322297777187128
26.6,27,-.1613115390286985,.0967695881454822,-.3509764465926178,.0283533685352208,-.032462951869217,.117724410681241,-.2631985569056519,.1982726531672178,.0187776115503499,.085155077013685,-.1481232724972073,.1856784955979072,-1.328123046197933,.6644710101269861,-2.630462294817775,-.025783797578091
26.7,27,-.1209834619730009,.0725770757511972,-.2632319165485825,.0212649926025808,-.0243471752030216,.0882931676727157,-.1973986039225004,.1487042535164573,.0140831862780838,.0638662062473569,-.1110922777959427,.1392586503521103,-.9960907014008921,.4983524654806071,-1.972843585349622,-.0193378174521618
26.8,27,-.0806561541113953,.0483850247895184,-.1754890600899291,.0141767518671385,-.0162315533323909,.0588624860176555,-.1315999059674882,.0991367993027064,.0093888505445323,.0425777415325021,-.074061989402227,.0928396904912916,-.6640646895940817,.3322370892852616,-1.315237418921613,-.0128919602665508
26.9,27,-.0403280770556977,.0241925123947592,-.0877445300449646,.0070883759335693,-.0081157766661955,.0294312430088278,-.0657999529837441,.0495683996513532,.0046944252722662,.021288870766251,-.0370309947011135,.0464198452456458,-.3320323447970409,.1661185446426308,-.6576187094608064,-.0064459801332754
27,27,0,0,0,0,0,0,0,0,0,0,0,0,0,0,0,0
27.1,27,.04031478856493,.0241908732552609,-.0070984517699546,.0877280288998145,.0081128859862465,.0294293604126318,-.0495676005105606,.0657933724830536,-.0046952907569557,.0212871494617824,-.0464173370355704,.037026755521659,.3319981672398444,.1661111695446718,.0064262575024611,.6575700769772277
27.2,27,.080549846185254,.0483719186053039,-.0142573721442447,.1753570645147526,.0162084278927992,.0588474290823579,-.0991304136913972,.1315472694769956,-.0093957744220488,.0425639740958966,-.0928196306889019,.0740280818448042,.6637912691365105,.3321780925236196,.0127341713370024,1.314848366936019
27.3,27,.120624672705257,.0725328813905175,-.0215371625150729,.2627865079255869,.0242691268406978,.088242372091806,-.1486827443696243,.1972209980510199,-.0141065543658103,.0638197580272338,-.1391909816012495,.1109778728696289,.9951679073128227,.498153374033564,.0188052354299268,1.971530579195719
27.4,27,.1604610756195678,.0966649607174265,-.0289987659535673,.3499209171927029,.0322779483524832,.1176040780088501,-.1982218089799018,.2627777056848683,-.0188330025704821,.0850450336070058,-.1855182055042119,.1478522003632478,1.325935682537364,.6639991648275088,.0245212337107716,2.627350131363956
27.5,27,.1999785548173339,.1207580758279088,-.0367029246477242,.436660034282392,.0402173935589542,.146920809089314,-.2477421008355862,.3281768879534947,-.0235802224036731,.1062291602511245,-.231785550603811,.1846251057964648,1.655883196548342,.8296681707947378,.0297634626714305,3.282002930425254
27.6,27,.2390973789981431,.1448027470536794,-.0447107900895319,.522905548085818,.0480701183030176,.1761814661292202,-.2972392100537173,.3933794466597525,-.0283534067966946,.1273619639134626,-.2779782690673713,.221271455473982,1.984805383087459,.9951163469237864,.0344131826897727,3.935197583485146
27.7,27,.2777378181486736,.1687896702538532,-.0530838565112704,.6085594928086175,.0558187787075642,.2053750470464973,-.3467089168267896,.4583464742419179,-.0331577485970292,.148433346766585,-.3240817623642807,.2577662651702223,2.312497179206768,1.160299750269879,.0383514574069861,4.586642901006549
27.8,27,.3158193707843513,.1927092911215603,-.0618838993001513,.6935226408688538,.0634458756045635,.2344901049939764,-.3961462849146459,.523038036123773,-.0379983512617568,.1694328964786808,-.3700807261562744,.2940840236327608,2.638747183111311,1.325171390182533,.0414589850106712,5.23603538121195
27.9,27,.3532638469631572,.2165536883405958,-.0711735829037219,.7777012768300364,.0709343750741692,.2635170148824647,-.4455494834089669,.5874182335573054,-.0428805866061672,.1903515272736638,-.415962724464742,.3302015512524075,2.963363002162528,1.489693926470881,.0436165582915424,5.883109446033513
28,27,.3899907420322943,.2403138411586179,-.0810157316250759,.8609972156896646,.078266777259159,.2924446243816519,-.4949141540012229,.6514477085195408,-.0478095582936882,.2111790586998633,-.4617129076344902,.3660937910471138,3.286133226416898,1.653820673840854,.0447042688010608,6.527562184032734
28.1,27,.4259203276615594,.2639815149758925,-.0914739342755107,.9433145895986295,.0854257386485569,.3212625223646763,-.5442372347687022,.7150887120658159,-.05279045906218,.2319058585118821,-.5073175895493103,.4017366714249502,3.606852797255399,1.817508304944725,.0446019779612969,7.169103616549501
28.2,27,.4609728731445817,.287548837832815,-.1026124928040841,1.024558239093248,.0923939152144931,.3499604977477434,-.5935160563827946,.7783038868117806,-.0578284818042637,.2525224527581414,-.5527633944979379,.4371064308894105,3.925316649947587,1.980713698565883,.0431891370733326,7.807444162821842
28.3,27,.495067884125289,.3110078800739742,-.1144963597278525,1.104632127978431,.0991538093396186,.3785280013680867,-.6427474404817596,.8410550591609968,-.0629287295127372,.2730191386907993,-.5980364084368497,.4721789494113753,4.241313401032774,2.143390797911257,.0403446323321415,8.442282169733407
28.4,27,.5281271548205476,.3343525377003749,-.1271917772117576,1.183446086852853,.1056883836581282,.4069564103421849,-.6919315238902575,.903308291206514,-.0680965750346283,.2933876241031437,-.6431257517865653,.5069326017173087,4.554650617129579,2.305503293051168,.035947196510798,9.073354037748359
28.5,27,.5600701940425078,.357575811510578,-.1407655182609079,1.260905906345923,.1119801412418646,.4352356893182244,-.7410661346083194,.9650264170920486,-.0733371211563874,.3136186157142221,-.6880183128375699,.5413440705247952,4.865116922925877,2.467005656758937,.0298746860217785,9.700359159829976
28.6,27,.5908172671245204,.3806716916693144,-.1552855384812718,1.336920072730313,.1180117372014684,.463356654796769,-.790150618197157,1.026174092600094,-.07865556102857,.3337034586155943,-.7327023214315871,.5753911993744472,5.172507243505521,2.62785582214173,.0220044755438371,10.3230100114672
28.7,27,.6202886425681595,.4036347428469227,-.1708209163208951,1.411398201457214,.1237658273367717,.4913104407195815,-.8391849417021089,1.086716596375652,-.0840570875953841,.3536337529123884,-.7771665070214017,.6090523318306335,5.476616512100924,2.788012047556542,.0122133104263309,10.94101971377552
28.8,27,.6484038450266898,.4264596916941831,-.1874417915519642,1.484249481605344,.1292249181655763,.5190879659406809,-.8881687998863121,1.146618636217465,-.0895468026115418,.3734009721480416,-.821399259813947,.6423056545908634,5.777233394142782,2.947429785266521,.0003771680597771,11.55408962022579
28.9,27,.6750846370347485,.4491433072956694,-.2052200691619694,1.555389343231466,.1343719654301591,.5466821920083023,-.9371054418955237,1.205849372755842,-.0951300809875473,.392998097189863,-.8653921974724504,.6751320354973559,6.074165374764074,3.106074327462003,-.0136284403659213,12.16195918989407
29,27,.7002505432456007,.4716816997675335,-.2242286004653997,1.624729686956601,.1391894756483217,.5740848028415427,-.9859960619928795,1.264375013289523,-.1008120244781127,.4124172219408076,-.9091349260861575,.7075108771299322,6.367201119395496,3.263901899844028,-.0299290533706564,12.76433129216165
29.1,27,.7238218638430495,.4940722070179092,-.2445418676742701,1.692185595360369,.1436601115118143,.6012884686491621,-1.034843631359784,1.322163854383413,-.1065978239639697,.4316511931765075,-.9526186164736657,.7394229685457262,6.656135642755104,3.420872326588309,-.0486509130677213,13.36092219857793
29.2,27,.7457187659455348,.5163129712531348,-.2662360624614736,1.757673594352543,.1477665067663321,.6282862960533585,-1.08365200547832,1.379185019010984,-.1124926789924502,.4506932135208713,-.9958351455699783,.7708497875850777,6.94076361732126,3.576945814207895,-.0699213531775111,13.95144858782003
29.3,27,.7658608819259013,.5384025701637852,-.289388764778917,1.82111052863072,.1514911913621974,.6550713459712029,-1.132425054045537,1.435407436769932,-.1185016843024473,.4695365072330399,-1.038776327905936,.8017729593010413,7.220873985575842,3.732080012299851,-.0938684259536666,14.53561639710535
29.4,27,.7841698982814358,.5603418611811004,-.3140799686636633,1.882419765226535,.1548171045010843,.6816388436542772,-1.181170479524827,1.490804688526996,-.1246302197568079,.4881759110137027,-1.081437423463695,.8321769839500794,7.496274037086288,3.886242448654782,-.1206211974678322,15.11316927164041
29.5,27,.8005654220391994,.5821313262264812,-.3403910116372405,1.94152185571564,.1577267706197807,.7079829104113515,-1.229894235456316,1.545347776695877,-.1308833817452061,.5066055286145917,-1.123811972198681,.8620452087082693,7.766752649145963,4.039391815248272,-.1503098281865194,15.68381512647845
29.6,27,.8149676773456453,.603772931382432,-.3684055230040946,1.998340877695385,.1602028358694341,.7340987909840596,-1.278604355553719,1.599010027292588,-.1372663661007165,.5248203381133923,-1.165895327157099,.8913625949556661,8.032104640907384,4.191490464363855,-.1830657107888367,16.24727499260361
29.7,27,.8272968756743342,.6252697397479303,-.3982092948543416,2.05280304620301,.1622279436444248,.7599823463454802,-1.327310084078962,1.651765971367811,-.1437843694818042,.5428158355724694,-1.20768385744186,.9201151184782514,8.292124798928809,4.342501349894259,-.2190214496805041,16.80327104753812
29.8,27,.8374726113794355,.6466255279547162,-.4298901348960058,2.104835357654877,.1637846156247734,.7856295510727035,-1.376021009668096,1.703590240917643,-.1504424891035338,.5605876833025546,-1.249174158553287,.9482891803462188,8.546601967909348,4.492384982513886,-.2583108025064664,17.35151473832516
29.9,27,.8454166089769111,.6678466484929858,-.4635387692651221,2.154371987218944,.1648557992824556,.811038728043427,-1.424750897749837,1.754462496314748,-.1572461023525807,.5781333253119153,-1.290366598226313,.9758743935211519,8.795343535199207,4.641111954405922,-.3010687436546995,17.89175581405311
30,27,.8510484628209309,.6889393744675133,-.4992478986669484,2.20134482430881,.1654240162974921,.8362072743685963,-1.47351212507536,1.804360157670344,-.1642003064440097,.5954496378227327,-1.331260151183985,1.002859538295966,9.038138345497496,4.78864416612569,-.3474317548866939,18.42370844588169
30.1,27,.8542884097308394,.7099117676453645,-.5371130870552419,2.245689906516921,.1654719155777975,.8611339032000167,-1.522319520560636,1.853263351716231,-.1713102963855047,.6125345520544807,-1.371855957698662,1.029235364927652,9.274781250550987,4.934947368390026,-.3975378570941803,18.94710035819615
30.2,27,.8550565851428464,.7307732861988893,-.5772327366709575,2.28734590695665,.1649821239771495,.8858181302010609,-1.571189508069542,1.901153756023841,-.1785812737878737,.6293866939670436,-1.412156526312012,1.054993978736265,9.505066841352397,5.079988049719549,-.451526777991786,19.46166046069658
30.3,27,.8532727354858233,.7515344287076361,-.6197076779230281,2.326253148894675,.1639371962567738,.9102598150398106,-1.620139257795346,1.948013650308893,-.1860183259614956,.6460050761309585,-1.45216500900823,1.080128357085238,9.728784353731921,5.223730566374332,-.5095394213027848,19.96710812876663
30.4,27,.8488583571636801,.7722085427342779,-.6646425751496634,2.362359289477023,.1623200302668386,.9344613282395514,-1.669190518028143,1.993830578561821,-.1936268451500745,.6623906523433077,-1.491888667438949,1.1046349771388,9.945740588343138,5.366149348353701,-.5717188700931928,20.46320004677947
30.5,27,.8417332979884214,.7928092460864564,-.7121442709513855,2.395610866928228,.1601132028227064,.9584243901565186,-1.718364083788835,2.038590489434247,-.2014119120608654,.6785440762244165,-1.531333863383723,1.128510039261992,10.1557250417703,5.507210596372491,-.6382093823971307,20.94965946593774
30.6,27,.8318176680504741,.8133522223855919,-.7623233945708985,2.425958730671847,.1572993352646206,.9821522180029342,-1.767683639357262,2.082282309886503,-.2093787299554572,.6944672380466588,-1.570509504969912,1.151752045058998,10.35853223981761,5.646884373903674,-.7091577578956016,21.42622223753082
30.7,27,.8190315267486984,.8338548581970741,-.8152939636513202,2.453357017148717,.1538610379057567,1.005649069867862,-1.817174920121456,2.124896995932969,-.2175325053970008,.710162961463651,-1.609426333020063,1.174361322226061,10.55395657791224,5.785141732055767,-.784712862376729,21.89262601820121
30.8,27,.8032947725866657,.8543358849594671,-.8711727926340442,2.477762337807376,.1497808985885454,1.028919808857744,-1.866864869752469,2.16642666692956,-.2258783157911892,.7256347204216427,-1.6480962337494,1.196339602167021,10.74178768301547,5.921951938134562,-.8650248339054443,22.34860019993637
30.9,27,.7845288512767193,.8748171448555297,-.930081245698278,2.499138948251717,.1450418041360864,1.051972026790655,-1.916785481117201,2.206869089389374,-.2344215566832884,.7408881565386284,-1.686535660071273,1.217692546704697,10.92183222540384,6.057294463599211,-.9502467670044741,22.79391121781216
31,27,.7626535599392972,.8953210232173325,-.9921434001682237,2.517450520046818,.1396263203366739,1.074812917775547,-1.966968288621808,2.246220929295156,-.2431673120821154,.7559288732743267,-1.724760678573738,1.238426054409507,11.0938795712846,6.19114080373835,-1.040533427258932,23.22829256982812
31.1,27,.737589008664826,.9158722283507738,-1.057487573343134,2.532665590672786,.1335170685305515,1.097451435071328,-2.017448218991048,2.284482356052151,-.2521207852492591,.7707639859017407,-1.762790438197208,1.25854886769869,11.25772424646192,6.323466605531876,-1.1360425578223,23.65149105074615
31.2,27,.7092556623847015,.9364974161933753,-1.126245544969131,2.544756869738534,.1266967472474413,1.11989787019493,-2.068262744697733,2.321656239192615,-.261287156335375,.7854018561251073,-1.800646507731494,1.278072195060744,11.41316168937922,6.454248980113854,-1.236933858898304,24.06325723765675
31.3,27,.677572253696455,.957224733150534,-1.198553748389555,2.553698255782465,.1191476907072018,1.142163235917099,-2.119451116156037,2.357746497570441,-.2706715786820803,.7998516384033904,-1.838351982928079,1.297008825563919,11.55997852832613,6.583462742378533,-1.343371340297084,24.46332839694935
31.4,27,.6424616476763052,.9780856875576438,-1.274551073730772,2.559474369083383,.1108530944908469,1.164261769332132,-2.171058041977011,2.392764230958704,-.2802793553909073,.814125167706916,-1.875935363004094,1.315376652222279,11.69798508413599,6.711094503343579,-1.455518439262146,24.85148860753412
31.5,27,.6038428810711849,.9991124122761171,-1.354381463496938,2.562067225639308,.1017953589806453,1.186207385740299,-2.223128395265752,2.426719113227042,-.2901156199941016,.8282343507719049,-1.913425118265949,1.333193878277745,11.82696876736059,6.83712211315747,-1.573544332330437,25.22748186705162
31.6,27,.5616362667377892,1.020339497340239,-1.438192400052781,2.561464933528359,.091957149625114,1.208016114231281,-2.27571092701222,2.459625226262447,-.3001855625470046,.8421929897783694,-1.950853490544718,1.350482365450709,11.94672462531225,6.961528378994227,-1.697620274869934,25.59106952549444
31.7,27,.5157619147665451,1.041803522803129,-1.52613546889454,2.55765929842763,.0813210877644966,1.229705537671079,-2.32885747766028,2.491499653189273,-.3104943863112052,.8560163860010767,-1.988255673049452,1.367266900427042,12.05704718379518,7.084297624735467,-1.827921016448986,25.94201538403934
31.8,27,.466139166053787,1.06354262197884,-1.618366069048037,2.550644401155611,.0698696399434721,1.251294321146943,-2.382622163564032,2.522361443450976,-.3210472050095776,.8697210287479143,-2.025669097952614,1.383574687933459,12.15772463562334,7.205412721211143,-1.964624791697243,26.28007406294392
31.9,27,.412690378760064,1.085598154966781,-1.715042906657959,2.540423664178087,.0575858914723705,1.27280447420806,-2.437065037336867,2.552236820281608,-.3318493547592731,.8833262575730411,-2.063137006200984,1.399438296682438,12.24856599785979,7.324868100223678,-2.107911670084944,26.60504366580452
32,27,.3553348937817111,1.108012095778561,-1.816328908379014,2.526998695942436,.0444523088958709,1.294258041721307,-2.492246839579229,2.581151457370971,-.3429059492831661,.8968518777376852,-2.100703329116149,1.414891430549816,12.3293594633185,7.442650251304887,-2.25796697876706,26.91668590540405
32.1,27,.2939919506319293,1.130828284507609,-1.922390759702198,2.510374660966057,.0304513367045153,1.315678830978672,-2.548231787235442,2.609134460644472,-.3542221089072546,.9103194375355612,-2.138415420903714,1.429971203089204,12.39989296405938,7.558747563665259,-2.4149800289544,27.21476595707317
32.2,27,.2285844738990916,1.154093994395771,-2.03339818989059,2.490567137688774,.0155661708959252,1.337094622592822,-2.60509113330818,2.636223475100031,-.3658032724936524,.9237538438244991,-2.176327536970108,1.444720991982803,12.45998132862762,7.673163309317078,-2.579142405128025,27.49910506238326
32.3,27,.1590288885984525,1.177855319885569,-2.149525117376168,2.467582894573073,-.0002213186967351,1.358531230530612,-2.662893602409615,2.662450965016145,-.3776543247678327,.9371790950361304,-2.214491598102488,1.459182948566823,12.50939218634215,7.785880367269941,-2.75065292144442,27.76943729412872
32.4,27,.0852495981944155,1.202163206459787,-2.270946990005955,2.441446186394786,-.0169276269013223,1.380020688572575,-2.721718474423734,2.68786322062109,-.3897807479087571,.9506242085570529,-2.252969959512473,1.473408463694959,12.54794852401677,7.896909801005218,-2.92971027511482,28.02560732314836
32.5,27,.0071632304685028,1.2270668740554,-2.397843649302227,2.412170110239233,-.0345708397763987,1.401592593765365,-2.781641844554593,2.712500165001795,-.4021874134356509,.9641169841484205,-2.291821979249929,1.487447152378627,12.57541849247853,8.006239135692487,-3.116521865093832,28.26735885005089
32.6,27,-.0753083633344067,1.252619335261196,-2.530397146784854,2.37978042011604,-.0531679822823177,1.423281650085666,-2.842748756306963,2.736412791742327,-.4148796904812851,.9776894421248344,-2.331115785111018,1.501356404148448,12.59160980502022,8.113877412672634,-3.311297698791181,28.49451730883161
32.7,27,-.1622431292031656,1.278874794718896,-2.668791667588256,2.344305409181925,-.0727360352711592,1.445124458143342,-2.905127926410069,2.75965585586775,-.4278629349721824,.9913755227074111,-2.370923254633278,1.515197384688913,12.5963306964427,8.219836264490718,-3.514252340775354,28.70691373366076
32.8,27,-.2537248448887874,1.30588627625985,-2.813214914263215,2.30576522448564,-.0932931730180326,1.467156382997057,-2.968866843380317,2.782280497344251,-.4411420448400638,1.005208847141766,-2.411315182178954,1.529031092498826,12.58934827455684,8.324110663432442,-3.725608829096563,28.90430537821023
32.9,27,-.3498287013943324,1.333710727347829,-2.963853692790797,2.264196290002132,-.1148558021342475,1.489418919745078,-3.034063242727153,2.804351638458658,-.4547224758513954,1.019227992585616,-2.45237263335426,1.542927681651469,12.57048656919262,8.426724417355826,-3.945589796469065,29.08656293485431
33,27,-.4506384764708149,1.362402945633349,-3.12089918234346,2.219622229401831,-.137442096894913,1.511951265906772,-3.100812124451927,2.825927930662101,-.4686091259378982,1.033470438943415,-2.494173965353792,1.556955713477996,12.5395126881609,8.527678155719471,-4.174429368798208,29.25345474512001
33.1,27,-.5562319133408189,1.392020553107524,-3.284542063171091,2.172078236489453,-.161068994043836,1.534797600645229,-3.169217014866973,2.847079026779301,-.4828073378198473,1.047977756773795,-2.536805997695561,1.571191322055866,12.49623538777067,8.626994848791512,-4.412363810673257,29.4048345862146
33.2,27,-.666687363525734,1.422621610961031,-3.454974484637706,2.121599757586238,-.1857535626496428,1.558003877920019,-3.239385051146618,2.867877925847333,-.4973224938362611,1.062793278682276,-2.580359043064762,1.585714055392239,12.44046185980659,8.724700286273467,-4.659636477195701,29.54056019680888
33.3,27,-.7820886047765736,1.454262358798605,-3.632390452094103,2.068213242540956,-.2115139769874435,1.581614837990086,-3.311422096862163,2.888394142887276,-.5121594919188606,1.077959977873437,-2.62492222532639,1.600603241488669,12.3719592120795,8.82080455180099,-4.916500024117413,29.66041844827641
33.4,27,-.9025104225638629,1.487001778710218,-3.816980353782889,2.011959508655163,-.2383665554519998,1.605680941764023,-3.385443371971841,2.908710261067841,-.5273237614216164,1.09352531962602,-2.670594004071267,1.615946481228034,12.29055251743563,8.915347144198268,-5.183206794864997,29.76431182973625
33.5,27,-1.028036594638614,1.520896192107319,-4.008938355393068,1.952865166115841,-.2663294723184217,1.630250322295886,-3.461561389803173,2.92890244516633,-.5428202002762497,1.109535529443175,-2.717469877552454,1.631829476999954,12.19600888368582,9.008345109367692,-5.460023090982384,29.85204085835403
33.6,27,-1.158745066989681,1.556003693166431,-4.208456265407198,1.890966131427835,-.295419708438789,1.65537562118348,-3.539896306844028,2.94905688996645,-.5586541644092832,1.126040344483198,-2.765652684735427,1.64834435591686,12.08813654563096,9.099838256987821,-5.747218703204906,29.92349179446683
33.7,27,-1.294715002203524,1.592382060019374,-4.415726489469195,1.826296485062147,-.3256545093148223,1.681110899818603,-3.620571326977006,2.969262308347361,-.5748310889847259,1.14309076552462,-2.815247820473301,1.665585642503849,11.96674060902327,9.189869677835169,-6.045072982150373,29.9785542001969
33.8,27,-1.436028555901013,1.630086386472697,-4.630939165076537,1.758882053274511,-.3570516963554434,1.707508738293963,-3.703707326699039,2.989603933988153,-.5913557662843174,1.160737008541081,-2.866358498547597,1.683646965978962,11.83159235373846,9.278468653413691,-6.353872038636224,30.01705674611314
33.9,27,-1.582761730150281,1.669173680194634,-4.854282027273942,1.68875856697338,-.3896278526050555,1.734626684101471,-3.789433680066076,3.010177974855965,-.6082337048995146,1.179032848745974,-2.919095625031285,1.702628215232256,11.68251372357412,9.365693156291284,-6.673907553010059,30.03893500015829
34,27,-1.734997491637269,1.709697666845193,-5.085943343106006,1.615948359831469,-.4234009759056743,1.76251967962119,-3.877876070006281,3.031074118194932,-.6254697499370476,1.198030339379999,-2.973566067508143,1.722626567634048,11.51927391237351,9.451580595854988,-7.005483652479885,30.04403147722691
34.1,27,-1.892814597415902,1.751713104497443,-5.326109193477738,1.540479998645934,-.4583882235424733,1.791246403366729,-3.969166661578166,3.05239021449322,-.6430693101484302,1.217784060235627,-3.029882209157215,1.743743588860355,11.34167906890508,9.536191056902794,-7.348911952317343,30.0322700901275
34.2,27,-2.056290993475033,1.795273557129247,-5.574962507845467,1.462380520895402,-.4946065763675326,1.820866267040558,-4.063438880430918,3.074225727695853,-.6610377414601851,1.238348955149407,-3.08815709384583,1.766081610925459,11.14953742796973,9.619589478840844,-7.704511496618753,30.00358635255821
34.3,27,-2.225510863098211,1.840429939462497,-5.832687260513936,1.381665534317514,-.5320742968725088,1.851436752709133,-4.1608236518362,3.096675058091182,-.6793799682165288,1.259778471106632,-3.148500400084461,1.789740463651403,10.94261505436205,9.701826760830768,-8.072615981113143,29.95784608983724
34.4,27,-2.400548586223425,1.887233766277445,-6.099458798535097,1.298361626088248,-.5708076152356171,1.883019178922588,-4.261457388122072,3.119842157650838,-.6981013933589366,1.28212829238397,-3.211026669991357,1.814823883273484,10.72073806394451,9.782984327244943,-8.453558878775384,29.89503500666441
34.5,27,-2.581487535069153,1.935733427953096,-6.375455337527479,1.212480267389173,-.6108246175154199,1.915671839400446,-4.365472428937891,3.143823193907052,-.717206888406634,1.305451702169226,-3.275845208214826,1.841431431401558,10.48367460754417,9.863123461414114,-8.847692151899523,29.81504136698786
34.6,27,-2.768406466689319,1.985977705415732,-6.660851243403651,1.124038310025012,-.6521424609970914,1.949455745073641,-4.473005510796122,3.16872058880194,-.736701862111135,1.329803289616727,-3.343068416282807,1.869664692060537,10.23123083392947,9.942328842102505,-9.255375619045255,29.71783728690419
34.7,27,-2.961383327072777,2.038013858098558,-6.955817088939475,1.03305043479392,-.6947781265327113,1.984431778781101,-4.584192942720423,3.194636689655001,-.7565916703989621,1.355236950719234,-3.412807284326544,1.89962394352862,9.96321497790129,10.02069076456851,-9.676978020866125,29.60340797666871
34.8,27,-3.160502299503075,2.091886537394963,-7.260524572541403,.9395199735352517,-.738749876613936,2.020658327499937,-4.699167423574754,3.221667670346882,-.7768812376143318,1.381804327296565,-3.485167952797196,1.931405477568533,9.679393104254249,10.09828666537178,-10.11288506543551,29.471671273944
34.9,27,-3.365837358385667,2.147640357961589,-7.57513511173509,.8434603949637558,-.7840738532024341,2.058196332014281,-4.818064537062868,3.249916830657999,-.7975759402862241,1.409557902578165,-3.560258663463246,1.965106782890798,9.37959237186703,10.17522486820419,-10.56348190440949,29.32266664814355
35,27,-3.577473092536639,2.205317385563741,-7.899815742721603,.7448695576483244,-.8307684070064087,2.097103388375441,-4.941015520079185,3.279478706066367,-.8186807291713509,1.438547288817564,-3.638181605311514,2.000820146968812,9.063577802518019,10.25159438411658,-11.02917797446354,29.15633357949958
35.1,27,-3.795487853477379,2.264959529445748,-8.234726957631832,.6437512506770742,-.878850607094487,2.13743864048433,-5.068153361608031,3.310452147419057,-.8402009866087303,1.468822198092327,-3.719039594562648,2.038637621345186,8.731156587991883,10.32750856753121,-11.51038825439812,28.97270143038189
35.2,27,-4.019957965066595,2.32660693751018,-8.580023768767578,.5401078386343885,-.9283370814525609,2.179260164264083,-5.199608516353006,3.342934353447884,-.8621419628749036,1.500430702618851,-3.802932101305979,2.078648175556172,8.382141135154392,10.40308740358466,-12.00753550389384,28.77181777420263
35.3,27,-4.250969232717981,2.390298098965011,-8.93586741900396,.4339289535679978,-.9792464454384748,2.222623360563253,-5.335508183339831,3.377015292462882,-.8845086879640688,1.533418402147768,-3.88995352940465,2.120936153476512,8.016293336735277,10.47843823862221,-12.52106822519157,28.55365489866212
35.4,27,-4.488593197641777,2.45607040186544,-9.302402728792856,.325216333509303,-1.031594311714615,2.267584639823001,-5.475978537663925,3.412789914234695,-.9073063799302336,1.567830344554298,-3.980197389125681,2.165584629265214,7.63344660971055,10.55370038275309,-13.05142604411209,28.31831926353319
35.5,27,-4.732920531642101,2.52396095512883,-9.679793102079923,.2139520387957203,-1.08540035423739,2.314197728086932,-5.621144554392193,3.450343845917414,-.9305403857175404,1.603709333261903,-4.073752920581612,2.212672149146531,7.233350330615266,10.62899293093813,-13.59909300595429,28.06579366718482
35.6,27,-4.984024314317381,2.594004369861313,-10.06817945498507,.1001308263503091,-1.140680495260316,2.362515851656059,-5.771126477411162,3.489765486890531,-.9542157443025674,1.641096544484342,-4.170705866645012,2.262274378039876,6.815825250444984,10.70446242530826,-14.16453557702148,27.79618607791145
35.7,27,-5.241980058461252,2.666234543165423,-10.46770373740208,-.0162563795204207,-1.19745118633619,2.412590974584297,-5.926042605947801,3.531140233275421,-.9783376531368655,1.680031471767023,-4.27113883069405,2.314463524420319,6.380685862097916,10.78026111740147,-14.74823767194648,27.50960939614231
35.8,27,-5.506877624812766,2.740685321657259,-10.87852214821856,-.1352331014069668,-1.255731924988327,2.464472887628816,-6.086010025616233,3.574546175639578,-1.002911406339586,1.720551755200368,-4.375130880069482,2.36930806739031,5.927683628141569,10.85652865509561,-15.3507215329729,27.20608878925604
35.9,27,-5.778786932452017,2.817388072339451,-11.30076608471007,-.2568077801939657,-1.315537971012926,2.51821076746513,-6.251140380725547,3.620064438699695,-1.027942116314756,1.762693258517412,-4.482757418800434,2.426873186170923,5.456656137616847,10.93343724840804,-15.97248709649161,26.8857993717253
36,27,-6.057796219987914,2.896374497889846,-11.73458592159229,-.3810065183835336,-1.376888469067113,2.573851339776255,-6.421544396588736,3.667767458454511,-1.053434971531544,1.806490053095135,-4.594090414027859,2.48722047096477,4.967359025156131,11.0111406378179,-16.61408005367235,26.54879810398461
36.1,27,-6.343981811279164,2.97767487327553,-12.18011732056907,-.5078463019892574,-1.439800047136779,2.631440669478869,-6.597328986769329,3.71772889249577,-1.079395222266493,1.85197470553324,-4.709198945390813,2.550408500857828,4.459604697625206,11.08981766986812,-17.27603853043221,26.19524792568262
36.2,27,-6.637417596989266,3.061318035913341,-12.63749069260231,-.6373445013762229,-1.504288803908536,2.691022810465074,-6.778596593995835,3.770018986178763,-1.105827960321171,1.899177734791908,-4.828147920753673,2.616492000111331,3.933211819987186,11.16965400173317,-17.95890774318352,25.8253313831579
36.3,27,-6.938194248922338,3.14733398125178,-13.10685549949489,-.7695329983497885,-1.57037441333879,2.752640357185137,-6.965450375813127,3.824701549135546,-1.132738532639721,1.948128723409005,-4.951000667769362,2.68552360248992,3.387929768777113,11.25082328260718,-18.66327866155767,25.43913819911189
36.4,27,-7.246380875093405,3.235749633903122,-13.58833362053219,-.9044281296546233,-1.638071958790647,2.816334286064148,-7.157985727901702,3.881841810320407,-1.160131998801179,1.998854915733722,-5.077815643960117,2.757551646357759,2.823598219068344,11.3335300552793,-19.38971250698132,25.03690894511801
36.5,27,-7.56206652517645,3.326593385543766,-14.0820697520514,-1.042063298301504,-1.707400761354327,2.882144024769909,-7.356299248160664,3.94149772545201,-1.188013600099705,2.051382843791906,-5.208650092435196,2.832622892235786,2.239970719460825,11.41796134227865,-20.13882228827594,24.61876372719759
36.6,27,-7.885326711965103,3.419891775914329,-14.58819142378191,-1.182462000148295,-1.778377272582628,2.950107694365589,-7.560482104053679,4.003727558888422,-1.216388533986849,2.105737281681152,-5.34355776698518,2.910780699011482,1.636861762852771,11.50432779090113,-20.91120637365668,24.18492989936222
36.7,27,-8.216236137187938,3.515670536945753,-15.10682377111021,-1.325648503265669,-1.851017767595254,3.020261712121783,-7.770621947239227,4.068586412048719,-1.245261945089172,2.161941519526003,-5.482589460041935,2.99206556986359,1.014087928174849,11.59284565728772,-21.70747203844065,23.73564789479035
36.8,27,-8.554885472649072,3.613956988313669,-15.6381110114207,-1.471659933877443,-1.925341920348613,3.092641615275234,-7.986808103377848,4.136124262680622,-1.274639180350817,2.220018667353939,-5.625795813371142,3.076517452669509,.3713985919621194,11.68371997512234,-22.52827176472887,23.27106894865311
36.9,27,-8.901342204233387,3.714774757354596,-16.18216693932691,-1.620517469139862,-2.001364461339622,3.167280535801195,-8.209120240444687,4.206391317765443,-1.304525193700836,2.279989102911208,-5.773221720550589,3.164171333148917,-.2913623986471805,11.77718359988519,-23.37421809373793,22.79149329644357
37,27,-9.25569781481008,3.818150605252193,-16.73913548865418,-1.772260140965975,-2.079105240957783,3.24421162236629,-8.437643179021968,4.279432697106403,-1.334925384908364,2.341874054635861,-5.924914188323436,3.255063418506708,-.9744477531504501,11.87345220425054,-24.24598644563922,22.29709093933832
37.1,27,-9.617947521730677,3.924088510563189,-17.30901967458195,-1.926875368879405,-2.15856324387959,3.32345204324876,-8.672409552993212,4.355283065234032,-1.365839721750866,2.405680577006629,-6.080887010991395,3.349207567489663,-1.677836461437437,11.97276762418075,-25.14402980009888,21.78835687722401
37.2,27,-9.987764549513198,4.032509485728299,-17.8913379088568,-2.084191190169598,-2.239667410843231,3.404959049956283,-8.913264517591262,4.4339296959048,-1.397247200484481,2.471364433203295,-6.241032482236181,3.44653808126722,-2.40067935851738,12.07538731938735,-26.06800360388825,21.26664488685349
37.3,27,-10.36476428582969,4.143314563854324,-18.48551160760445,-2.244016964054936,-2.322334026012046,3.488671131176698,-9.160003797022981,4.51533574499889,-1.429122212608771,2.538866454306412,-6.405209024606245,3.546964599388702,-3.142004652842665,12.18153714537213,-27.01737873410889,20.73336942842356
37.4,27,-10.74853487710759,4.256396449195573,-19.09091862145509,-2.406151132760105,-2.406473547924411,3.574517563094825,-9.412399233696146,4.599452137847324,-1.461438492483258,2.608119679351361,-6.573259131382078,3.650382146415562,-3.900735652100266,12.29143846003331,-27.99151235195602,20.19004104775549
37.5,27,-11.13869008888881,4.371648991381763,-19.70696466504791,-2.570415512729701,-2.492001907877479,3.662423755771564,-9.670220565313661,4.686216749558703,-1.494170325957521,2.679055356903802,-6.745022338078071,3.756681686163029,-4.675896392677679,12.4052673677257,-28.98977365201004,19.63798086665468
37.6,27,-11.53482609450953,4.488960341326467,-20.33302669153803,-2.736625497481032,-2.57883128546551,3.752308141256116,-9.933220101223929,4.775557530292909,-1.527291690913579,2.751599106999647,-6.920326840525461,3.865743458698303,-5.466439536501902,12.52318804614966,-30.01143707857775,19.07855800557395
37.7,27,-11.93653582304568,4.608215262706796,-20.96847177095878,-2.904599875132575,-2.666873154550387,3.84408346746834,-10.20113830435418,4.867391995253405,-1.560776353933485,2.825672556466243,-7.098992796710542,3.977440088843572,-6.271309401370146,12.64533711334403,-31.05571471589213,18.51309591315184
37.8,27,-12.34343466216929,4.729300702729658,-21.61269371157939,-3.074175612759197,-2.75604379929545,3.937660771118635,-10.47371709402419,4.961629495433289,-1.594598706516801,2.901197195317017,-7.28084072138677,4.091643308353166,-7.089534195734792,12.77181090500311,-32.1218235868968,17.94275519542722
37.9,27,-12.75511075830781,4.852096681008555,-22.26504550259091,-3.245176014024715,-2.846253678239076,4.032944133292866,-10.75067893115519,5.058171574677043,-1.628732483023049,2.978088749554507,-7.465679174913806,4.208214208867707,-7.920037227282819,12.90269552473957,-33.2088557592585,17.36878130469287
38,27,-13.17117787700314,4.976486359738368,-22.92491191164518,-3.4174438423611,-2.937418722678418,4.129837149993274,-11.03175079868077,5.156913353323938,-1.66315196930181,3.056263945339446,-7.653319229415414,4.327015290811795,-8.76184253240173,13.03803328640516,-34.31591820299023,16.79223313818678
38.1,27,-13.59123219159147,5.10234843304257,-23.59165135692929,-3.590813026253661,-3.029451112207735,4.228238611005078,-11.31664650781935,5.257744283403878,-1.697831143235099,3.135635680013541,-7.843564144700399,4.447901858230201,-9.613902773018502,13.17785192258497,-35.44201793488695,16.21421238884994
38.2,27,-14.01486663114873,5.229559534603648,-24.26461497397992,-3.765118288317534,-3.122262320688911,4.328044022184502,-11.60507272767441,5.360548086296587,-1.732743771404972,3.216114764483216,-8.036212879939594,4.570725337129649,-10.47516226693037,13.32215189882737,-36.5861001852039,15.63577565134317
38.3,27,-14.44169820547708,5.358000376089223,-24.94318597176402,-3.940210439190144,-3.215768985151473,4.429150193145357,-11.896743845835,5.465205875532051,-1.767864350960973,3.297614204866439,-8.231069427406879,4.695340725484932,-11.34465339465459,13.47089766278308,-37.74712765313421,15.05782086382502
38.4,27,-14.87131506100399,5.487545056677031,-25.62670573563178,-4.115924386376205,-3.309881564133799,4.531448143339256,-12.19135672288964,5.571593594622039,-1.803166616262622,3.380042091911955,-8.427927382639476,4.821594150114232,-12.22129946387815,13.62404257810607,-38.92393224080625,14.48133331304996
38.5,27,-15.3033293411412,5.61807161178412,-26.31454736280497,-4.292111319477439,-3.404515636066853,4.634830427720952,-12.48861634885029,5.679585076716586,-1.838624747509518,3.463308949584441,-8.626585556030266,4.94933606101123,-13.10412033892364,13.78150242515673,-40.11536874508224,13.90712806723495
38.6,27,-15.73733721922492,5.74945467660488,-27.00606131611587,-4.468613122333975,-3.499583380544894,4.739186443706487,-12.78821812623007,5.789051365140278,-1.874212722583679,3.547322679962849,-8.826837416852966,5.078411971685608,-13.99206868171808,13.94318043460191,-41.32020016348135,13.33606280004519
38.7,27,-16.17293162433105,5.881567552450472,-27.70059219977337,-4.645271048888732,-3.594996271429807,4.844403792560294,-13.08985323141723,5.899860688557613,-1.909904308067159,3.63199012534993,-9.028474145958135,5.208665529823818,-14.88408881005867,14.10895714575787,-42.53713667516314,12.76895905504579
38.8,27,-16.60973118839193,6.014288922775513,-28.39752086965013,-4.821941507133726,-3.690671298617306,4.950373446884753,-13.39322496453483,6.011882367300213,-1.945674106759483,3.717221784214932,-9.23129492636847,5.339946712849503,-15.77921727652757,14.27868533452588,-43.76492627877855,12.20649172572341
38.9,27,-17.04731919144456,6.147489361980016,-29.09617693626851,-4.998461446620617,-3.786517862047206,5.0569799048622,-13.69801634611991,6.124980622025493,-1.981495536070228,3.802922501144382,-9.435086674310197,5.472095602169741,-16.67636487261709,14.4522081789506,-45.00217240043546,11.64944265520128
39,27,-17.48531264329114,6.281046787019482,-29.79593813106035,-5.174687155521932,-3.882452598749035,5.164112764615066,-14.00392762949813,6.239022432000061,-2.017343093148937,3.889002274771395,-9.639647487495212,5.604961301197338,-17.5745639788445,14.62934207453135,-46.24754756244241,11.09841960475341
39.1,27,-17.92337422460375,6.414853197213426,-30.49625545725367,-5.35049299195382,-3.978402155830758,5.271672788968994,-14.3106909604898,6.35388664882829,-2.053195087526869,3.975380281167031,-9.844797263464962,5.738407088411225,-18.47293831179727,14.80990830865387,-47.49982521109936,10.55394858750482
39.2,27,-18.36142615687746,6.548873328636492,-31.19698202031992,-5.525870293434995,-4.074349638990411,5.379618612293437,-14.61820836964689,6.469509091666069,-2.089046732732323,4.062024222593035,-10.05046791334398,5.872374447879335,-19.37127911844512,14.99377220029937,-48.75853262342977,10.01597438653952
39.3,27,-18.79948611605992,6.683098237759896,-31.89811796721242,-5.700854264907424,-4.170298843205945,5.487930473909062,-14.92644492172753,6.585847235315644,-2.124898621460273,4.148920206212254,-10.25663280036678,6.006835557446237,-20.269649279333,15.18081076207086,-50.02349162910993,9.484193070443922
39.4,27,-19.23753967046377,6.817512774595646,-32.59961917281297,-5.875460168114573,-4.266246679231786,5.596584782705921,-15.23535128976031,6.702857931296739,-2.160750372315708,4.236050512874122,-10.46325681424141,6.141756069609994,-21.16799425804575,15.37091166437254,-51.29442752976254,8.958439013671036
39.5,27,-19.67560125177638,6.952109043457918,-33.30148459354911,-6.049717910003659,-4.362196236313508,5.705564371891416,-15.54489691669558,6.820504444068559,-2.19660236669364,4.323403228347352,-10.67031698489865,6.277112251511368,-22.06636859099851,15.56395947421928,-52.57116861730925,8.438431435312229
39.6,27,-20.11366283308899,7.086874979572363,-34.00368255598885,-6.223643110189132,-4.45814579339523,5.8148496302945,-15.8550416442885,6.938750057498035,-2.232454361071572,4.41096391454884,-10.87778477069311,6.412876048549964,-22.96474292395128,15.75984738392946,-53.8534761983008,7.923990350398245
39.7,27,-20.5517147653627,7.22179877815757,-34.7061802741469,-6.397249256578498,-4.554093276554884,5.924421809704394,-16.1657466527991,7.057560099689335,-2.268306006277026,4.498718776298059,-11.08563278439532,6.549020771841272,-23.86308373059914,15.95847134641499,-55.14111281788693,7.414945356688662
39.8,27,-20.98977472454516,7.356875771089906,-35.40898627461672,-6.570563174473612,-4.650042480770418,6.034268458071998,-16.47699133163758,7.17690637009674,-2.304157895004977,4.586659557369268,-11.29384543679517,6.685529646785213,-24.76145389148701,16.15972881713789,-56.43394037301131,6.911032590037298
39.9,27,-21.42782827894902,7.492094530537726,-36.11206372757248,-6.743592830325554,-4.745990316796259,6.144372368719233,-16.78873886708902,7.296758233496496,-2.340009645860412,4.674773454670182,-11.50239725289785,6.822377961177029,-25.65979887019977,16.36352487243323,-57.73171828029428,6.412120539894751
40,27,-21.86588986026163,7.627450701057231,-36.81541852818859,-6.916361192334671,-4.841939873877982,6.254722491877874,-17.10097069125123,7.417090943495269,-2.375861640238344,4.763053209190571,-11.71127438669978,6.959551106223095,-26.55817320315253,16.56976390418255,-59.03431368768212,5.917967281377067
40.1,27,-22.30395144157423,7.762935336794072,-37.51902511600393,-7.088877767144542,-4.937889430959704,6.365304623087224,-17.41365724283696,7.537878380917554,-2.411713634616276,4.851488487853871,-11.92045634222055,7.097029072987996,-27.45654753610529,16.77835663475929,-60.34152226000215,5.42842718779157
40.2,27,-22.74200499597809,7.89853994436247,-38.22285881737953,-7.26115117457665,-5.033837266985545,6.476105351702317,-17.72677051640918,7.659095982438092,-2.447565385471711,4.940069551902061,-12.12992378832267,7.234793017379249,-28.35489251481804,16.98921670489823,-61.65314538196482,4.943360352328739
40.3,27,-23.18006333303041,8.034261185646256,-38.92692589928514,-7.433200766775679,-5.129786118334891,6.587115852493466,-18.04029595121494,7.780723714545154,-2.48341716854968,5.02879076217018,-12.33966594819096,7.372831611091598,-29.25325850364102,17.20225891662503,-62.96906643295908,4.462549425677039
40.4,27,-23.61811688743426,8.170091376971889,-39.63120173670042,-7.605032038168105,-5.225733954360733,6.698324183953409,-18.35420811168306,7.902740202961594,-2.519268919405115,5.117643341699009,-12.54966555485638,7.511127716046149,-30.15160348235378,17.41740576110682,-64.28909147824359,3.985884513536028
40.5,27,-24.05617846874687,8.306027984203199,-40.33569417236696,-7.77666276512678,-5.321683511442455,6.809722945274579,-18.66849522887665,8.02512820599174,-2.555120913783048,5.206622695015659,-12.75991387710261,7.649672049536514,-31.04997781530654,17.63457891504942,-65.61311737133283,3.513161740719745
40.6,27,-24.49424005005948,8.442064068863202,-41.04038158021102,-7.948098519907944,-5.417633068524177,6.921301478713883,-18.9831346929472,8.147868555898851,-2.59097290816098,5.295721108193506,-12.97039555238879,7.788449736066832,-31.9483521482593,17.85370464369022,-66.94097024050765,3.044265943989039
40.7,27,-24.93229360446333,8.578192986739833,-41.74524291090748,-8.119344298019186,-5.513580904550018,7.033049649946138,-19.29810491992648,8.270943110826444,-2.626824659016415,5.384931250433184,-13.18109596908969,7.927446651056862,-32.84669712697205,18.07471170431935,-68.27248109838254,2.579086844438443
40.8,27,-25.37035518577594,8.714414115837682,-42.45029299918525,-8.29041737236663,-5.609530461631741,7.144962572183898,-19.61339977399884,8.394338850735362,-2.662676653394347,5.474250425787161,-13.39201033029024,8.066657023501541,-33.74507145992482,18.29753226861789,-69.60757571237534,2.117432792525712
40.9,27,-25.80840225165922,8.850717590049436,-43.15548996549126,-8.461314537827185,-5.70547688619283,7.257027990282036,-19.92899038194471,8.518036609559045,-2.698527981649856,5.56366933211609,-13.60311949448741,8.206063531187693,-34.643399750378,18.52209796713115,-70.94604468407761,1.659245183321602
41,27,-26.24646707723211,8.987107998817477,-43.8608750800862,-8.632059074378027,-5.801427149006928,7.36924583828515,-20.2448835852675,8.642029287253642,-2.734380187327751,5.653189145841118,-13.81442731096909,8.345666936313588,-35.54178242746055,18.74835266168998,-72.28787841382857,1.204313558907465
41.1,27,-26.68452865854473,9.123576002533781,-44.56640903372485,-8.802648283364604,-5.897376706088651,7.481604765428311,-20.56105259289138,8.766299180714075,-2.770232181705683,5.742801335686057,-14.02591597001887,8.485451606607503,-36.44015676041333,18.97623102686724,-73.63288613538464,.7525726145579839
41.2,27,-27.12258221294858,9.260117127503975,-45.27207827547886,-8.97308615041829,-5.993324542114491,7.59409762401653,-20.87748238026808,8.8908332960391,-2.806083932561119,5.832500800134914,-14.2375754406266,8.625407575504358,-37.33850173912607,19.20567568417841,-74.9809343788724,.3039309006202657
41.3,27,-27.56064379426119,9.396731969245989,-45.97790002635946,-9.143387562162914,-6.089274099196214,7.706721713926177,-21.19417109736431,9.015622898971888,-2.841935926939051,5.92228640221812,-14.44940398141786,8.765532127539753,-38.23687607207883,19.43663249854189,-76.33197574996169,-.1417763941959649
41.4,27,-27.99869086014446,9.533411687825312,-46.68383441807528,-9.313547302213642,-6.185220523757303,7.819466625200958,-21.51109348746414,9.140652439949532,-2.87778725519456,6.012150160469816,-14.6613850393621,8.905810528972983,-39.13520436253201,19.66904411276298,-77.68582243387704,-.5845862911869943
41.5,27,-28.43675568571736,9.670161949122205,-47.38992483066653,-9.48358654076819,-6.281170786571402,7.932334230936453,-21.82826019254107,9.265918619398271,-2.913639460872455,6.102094621197506,-14.87352514867515,9.046246226930238,-40.03358703961456,19.90286757945118,-79.04249068440875,-1.024683394820372
41.6,27,-28.87481726702997,9.806974305924847,-48.09613370395236,-9.653500830107582,-6.377120343653124,8.045314789722353,-22.14564757579637,9.391406888490121,-2.949491455250387,6.192112395697324,-15.08580873904117,9.186825828540396,-40.93196137256734,20.13804793954372,-80.40181005301407,-1.462112692120598
41.7,27,-29.31287082143382,9.943845138912515,-48.80244916154604,-9.823292481321605,-6.473068179678966,8.158402696627887,-22.46324363644408,9.517107277086144,-2.985343206105822,6.282199472311804,-15.29822791553349,9.327541503321843,-41.83030635128008,20.37453827996293,-81.76366758164008,-1.896945120920087
41.8,27,-29.75092915848614,10.08077495325222,-49.50888500311393,-9.992973313858347,-6.569017031028312,8.271596006843001,-22.78104729910592,9.643013237049292,-3.021194989183791,6.37235514775656,-15.51078157548506,9.468391597117478,-42.72867234010307,20.61229436706439,-83.12802693828709,-2.329317741919049
41.9,27,-30.18897946862971,10.21775844277931,-50.21541801920721,-10.16254091805221,-6.664964161321777,8.384887944735754,-23.09904254740793,9.769114224764373,-3.057046528739264,6.462574276787578,-15.7234593586579,9.609366301179373,-43.62700897468603,20.85127180440818,-84.49475074318156,-2.759267206190493
42,27,-30.62704429420261,10.3547992108678,-50.92207781464726,-10.33201077375796,-6.760914424135875,8.498279412342969,-23.41723600288631,9.895407154614553,-3.092898734417159,6.552858431899208,-15.93626525672922,9.750467787894898,-44.52539165176857,21.09143438895922,-85.86384343641819,-3.186939867118944
42.1,27,-31.06510587551521,10.49189037458077,-51.62883313943598,-10.50137861159445,-6.856863981217598,8.611762581367927,-23.73560848410841,10.02188052167322,-3.128750728795091,6.643201658721941,-16.14918672192684,9.89168526433666,-45.42376598472135,21.33273686115958,-87.23516192426416,-3.612370045178544
42.2,27,-31.50315942991907,10.62902891644164,-52.33567329677947,-10.67064556305867,-6.952811817243438,8.725332938632498,-24.05415013008416,10.14852649559729,-3.164602479650526,6.733600704975069,-16.36221734767518,10.03301238837412,-46.32211096343409,21.57514074348193,-88.60860978204138,-4.035612144826793
42.3,27,-31.94121776697139,10.76621594968331,-53.04261327813137,-10.83982225581141,-7.048760668592785,8.838989642534104,-24.37286202768219,10.27534069049662,-3.200454262728495,6.824055629012908,-16.57535752409161,10.17444899863463,-47.22047695225709,21.81861088249979,-89.98416847465036,-4.456785429863814
42.4,27,-32.37926807711496,10.90344667562622,-53.74963086869533,-11.00890528553459,-7.14470779888625,8.952726840521775,-24.69172996973399,10.40231437196149,-3.236305802283967,6.914561926034809,-16.7885981461841,10.31598654161616,-48.11881358684006,22.06311020129359,-91.36171496831375,-4.875912205366369
42.5,27,-32.81733290268785,11.04072524349574,-54.45675674314171,-11.17790906223399,-7.240658061700349,9.066546425250987,-25.01076251935265,10.52944639595196,-3.272158007961862,7.005121848178822,-17.00194453770701,10.45762852178328,-49.01719626392259,22.30861106454688,-92.74127049554622,-5.29312203229896
42.6,27,-33.25539448400046,11.17804521640183,-55.16396052570828,-11.34682844229265,-7.336607618782072,9.180441380562003,-25.32994208686477,10.65672684930062,-3.308010002339794,7.095730001285744,-17.2153852488802,10.59936524420061,-49.91557059687536,22.55507493898258,-94.12270514588316,-5.708436047867565
42.7,27,-33.69344803840431,11.31540400959558,-55.87123236773177,-11.51566370907685,-7.432555454807912,9.294407980727524,-25.6492603546555,10.78414944503968,-3.34386175319523,7.186383674231717,-17.42891493377602,10.74119142738556,-50.8139155755881,22.80247009479366,-95.50593571993531,-6.121895431240908
42.8,27,-34.13150637545664,11.4528031817291,-56.57858813367142,-11.68442461724186,-7.528504306157259,9.408446194453873,-25.96871999776978,10.91171138545526,-3.379713536273199,7.277083477833184,-17.64253506531772,10.88310799277132,-51.7122815644111,23.05076872802762,-96.89095808730738,-6.533605041514818
42.9,27,-34.5695566856002,11.59023830035379,-57.28600632653036,-11.85310704467004,-7.624451436450724,9.522550835239965,-26.28830811447286,11.03940524157142,-3.415565075828671,7.36782536390845,-17.85623743346995,11.02510728181261,-52.61061819899407,23.2999395704938,-98.27766059912156,-6.943575798866569
43,27,-35.0076215111731,11.72771391790496,-57.99351841125595,-12.02172461109025,-7.720401699264823,9.636724530930115,-26.60803470882149,11.16723131029184,-3.451417281506566,7.458612082900515,-18.07002833864685,11.16719377563372,-53.50900087607661,23.54996193247263,-99.66607810101226,-7.351923651140972
43.1,27,-35.44568633674599,11.86522487251573,-58.70109975534567,-12.19027291814631,-7.81635196207892,9.750961655735287,-26.92788562195113,11.29518169779329,-3.487269487184461,7.549439298453327,-18.28389861562431,11.30935964125539,-54.40738355315916,23.8008041598948,-101.056102509644,-7.758664596674272
43.2,27,-35.88374637967041,12.00276889737169,-59.40874113327646,-12.35875162606436,-7.912301209569513,9.865259064409152,-27.24785367396876,11.42325125482973,-3.523121660639823,7.640304694008662,-18.49784369180911,11.45160037052947,-55.30574522013146,24.05243993804945,-102.4476612390212,-8.163829201241747
43.3,27,-36.32178525116102,12.14033932421818,-60.11641308672399,-12.52715741559804,-8.008245826524604,9.979610122582949,-27.56792224653853,11.55143059348933,-3.558972175918013,7.731203390399113,-18.71185237825423,11.5939080264182,-56.20406114417576,24.30483337777595,-103.8406592148636,-8.567463073487922
43.4,27,-36.75984529408544,12.27794815685546,-60.82418148557207,-12.6955091025988,-8.104195074015196,10.09402374829075,-27.88811807975706,11.67972793172667,-3.594824349373375,7.822142812018593,-18.92594254285867,11.73629384411193,-57.10242281114808,24.55798429373313,-105.2351875597653,-8.96965806253084
43.5,27,-37.19791011965834,12.41558883876125,-61.53201709048786,-12.86380314882881,-8.200145336829294,10.20849351184174,-28.20842495644991,11.80813428279132,-3.63067655505127,7.913118216915207,-19.14010326561288,11.87875015551034,-58.00080548823063,24.81185891370634,-106.6311553485841,-9.370455627877107
43.6,27,-37.63597494523124,12.55325930324026,-62.23991106817452,-13.03203882228796,-8.296095599643394,10.32301663198482,-28.5288364101416,11.93664521085481,-3.666528760729165,8.004127533027591,-19.35433045312867,12.02127293167034,-58.89918816531317,25.06643455979495,-108.0284971233414,-9.769879207284966
43.7,27,-38.07403498815566,12.69095751968486,-62.94785465606576,-13.20021532024555,-8.392044847133988,10.4375903935349,-28.84934610384363,12.06525640957566,-3.702380934184526,8.095168733430688,-19.5686201004834,12.16385823211434,-59.79754983228547,25.32168920171476,-109.4271486953632,-10.16795096920777
43.8,27,-38.51207385964626,12.82867705255942,-63.65581885195818,-13.36832886733435,-8.487989464089077,10.55220858719806,-29.16993825235156,12.19395932417341,-3.738231449462717,8.186237224542326,-19.7829615784668,12.30649867954137,-60.69586575632979,25.57759129147723,-110.8270234989105,-10.5647080137491
43.9,27,-38.95013390257068,12.96643014295114,-64.36386999080945,-13.53639781433192,-8.58393871157967,10.66688056296693,-29.49064044238519,12.32276301922585,-3.774083622918078,8.277340718370073,-19.99737331869031,12.44920607285416,-61.59422742330209,25.83414518619221,-112.2282215596176,-10.96023328698656
44,27,-39.38819872814358,13.10421044215691,-65.07197924060482,-13.70441821568233,-8.679888974393769,10.78160026950671,-29.81143719833426,12.45165924954672,-3.809935828595973,8.36847472614412,-20.21184489737214,12.59197324018019,-62.49261010038464,26.09132106333358,-113.6306596935897,-11.35456050717954
44.1,27,-39.82626355371648,13.24201607094944,-65.78013813547798,-13.87238897195498,-8.775839237207867,10.8963652677964,-30.13232272448195,12.58064425006622,-3.845788034273868,8.459637405062436,-20.42637267046412,12.73479660191638,-63.39099277746718,26.34909980952592,-115.0342794291892,-11.74770612574519
44.2,27,-40.26432359664091,13.37984517694449,-66.48833826217405,-14.04030893110776,-8.87178848469846,11.011173167754,-30.45329132103011,12.70971435163319,-3.88164020772923,8.550826945181036,-20.64095305831871,12.87767264286025,-64.28935444443948,26.60746281452592,-116.439023280899,-12.13968560797995
44.3,27,-40.70235922387122,13.51769054714844,-67.19654585043969,-14.20817259730275,-8.967732395921175,11.1260172762993,-30.77432554883822,12.83886075699587,-3.917490511707458,8.642038308818348,-20.85557435000685,13.02059332659194,-65.18766202435401,26.86638036742477,-117.8447999394605,-12.53052410924749
44.4,27,-41.14042251105593,13.65556747252475,-67.90484294566109,-14.37600207645077,-9.063682349144145,11.24090970295119,-31.0954605203953,12.96809582210701,-3.953342896462782,8.733281409639362,-21.07025992620912,13.16357413328356,-66.0860320354561,27.12586549340815,-119.2517514520139,-12.92031261889831
44.5,27,-41.57848733662883,13.79346689728328,-68.6131856772495,-14.54378899600815,-9.159632611958241,11.35584226086728,-31.416674457376,13.09740923345952,-3.989195102140677,8.82454997075784,-21.28499522460002,13.30660502031867,-66.98441471253865,27.38588657041085,-120.659766075243,-13.30906334983427
44.6,27,-42.01655216220172,13.93138804104117,-69.32157097729441,-14.71153334710903,-9.25558287477234,11.47081358086991,-31.73796436665029,13.22679861710561,-4.025047307818572,8.915842983186725,-21.4997784466787,13.44968383104156,-67.8827973896212,27.64642899797283,-122.0688025267917,-13.69679225245069
44.7,27,-42.45461220512615,14.06932918730292,-70.02999069887805,-14.87923371137425,-9.351532122262933,11.58582152158348,-32.05932503587559,13.35626079134972,-4.060899481273934,9.007158802098566,-21.71460633642005,13.59280737387219,-68.78115905659349,27.90747690451751,-123.4788086888312,-14.08350942435583
44.8,27,-42.89264783235646,14.20728326032343,-70.73841134074917,-15.04688432396375,-9.447476033485648,11.7008596387358,-32.38073951356616,13.48578744659487,-4.096749785252161,9.09849255399169,-21.92946750468172,13.7359679341774,-69.67946663650804,28.16900336898833,-124.8896987201126,-14.46923455290347
44.9,27,-43.33071111954118,14.3452656990534,-71.44691523834362,-15.21450700073873,-9.543425986708616,11.81594031162373,-32.70224344096611,13.61539146754887,-4.132602170007486,9.18985432992697,-22.14438567983381,13.87918133981884,-70.57783664761011,28.43102453983933,-126.3016207892696,-14.85405250595058
45,27,-43.76877594511407,14.48326756683146,-72.1554587545608,-15.38209313566735,-9.639376249522716,11.93105557057637,-33.02381546539839,13.74506296635296,-4.16845437568538,9.281237996432438,-22.35934658063764,14.02243782926688,-71.47621932469266,28.69351125280435,-127.7144679701839,-15.23797067920138
45.1,27,-44.2068342821664,14.62128627933602,-72.86402879731465,-15.54963976701815,-9.735325100872062,12.04620262370243,-33.34544839380073,13.87479819205661,-4.20430615876335,9.37264135267953,-22.574345650026,14.1657333324993,-72.37458531351564,28.95644778318466,-129.1281800887722,-15.62099053825903
45.2,27,-44.64490405787168,14.75932693369675,-73.57265328396929,-15.71715483177406,-9.831276465559784,12.16138521823865,-33.66715349542532,14.00460056430575,-4.2401589661186,9.464067524353464,-22.78939046110654,14.30907252886934,-73.27297201287729,29.21983255635905,-130.5427914576319,-16.00315256812262
45.3,27,-45.08293644084171,14.89737393578018,-74.28125281919657,-15.88462006248685,-9.927219671050121,12.27658978025278,-33.98889349331806,14.13445415121781,-4.276009058796865,9.555505795063231,-23.00445627118457,14.45243815359084,-74.17127124866204,29.48362535214634,-131.9581150725409,-16.38442742478316
45.4,27,-45.52100946080728,15.03545051240615,-74.98995095645762,-16.05206796515693,-10.02317174147022,12.39183541905193,-34.3107228651598,14.26437938221937,-4.311862077452078,9.646971706400082,-23.21957918187314,14.59585502696899,-75.06966629215347,29.74785878704909,-133.3743981319531,-16.76493445235388
45.5,27,-45.95906455359932,15.17353822991401,-75.69865300227241,-16.21947610492623,-10.11911988708719,12.5071061838653,-34.63259755828137,14.39435778410699,-4.347713649230084,9.738452593823936,-23.43472999827567,14.7393026998155,-75.96802393684666,30.01248821948438,-134.7914199334687,-17.14462794022464
45.6,27,-46.39712289065164,15.31164322066278,-76.40739214727756,-16.38685363402573,-10.21506873843654,12.62240677477489,-34.95453141520969,14.52439393833662,-4.383565432308053,9.829952337336296,-23.64991798323251,14.88278711861641,-76.86638992566965,30.27751547142866,-136.2092297910241,-17.52355006031521
45.7,27,-46.83519266635692,15.4497677972504,-77.11618111847443,-16.55420421423942,-10.31102010312425,12.7377386616751,-35.27652912449087,14.65448891824236,-4.419418239663304,9.921472179787987,-23.86514638566386,15.02630990633725,-77.7647766250313,30.54293574188491,-137.6278306612469,-17.90172258881574
45.8,27,-47.27322504932695,15.58789643789603,-77.82494066234337,-16.72150943631054,-10.4069633086146,12.85308840207525,-35.59855366679156,14.78462704956237,-4.455268332341569,10.01300149087711,-24.08039063160657,15.16985396692343,-78.66307586081606,30.80871034880805,-139.0470385546063,-18.27911316702586
45.9,27,-47.71129482503224,15.72605151467173,-78.53378941281039,-16.88880023725408,-10.50291467330232,12.96847447996409,-35.92065758845872,14.91482824185409,-4.491121139696819,10.104555270959,-24.29568555057082,15.31344327117718,-79.5614625601777,31.07487251873527,-140.4670935210723,-18.65583159928312
46,27,-48.14935316208456,15.86421753644048,-79.24264817641665,-17.05605814775247,-10.59886352465166,13.08388350806491,-36.24280397837645,15.04507692907313,-4.526972922774788,10.19612292565777,-24.51100663900719,15.45706079345761,-80.45982854900069,31.34138424790005,-141.8878129005157,-19.03184419748564
46.1,27,-48.58741149913688,16.00239783291559,-79.95153491793324,-17.22328808034052,-10.69481237600101,13.19931787701441,-36.56500003544493,15.17537528344291,-4.562824705852757,10.28770643071535,-24.72635879357595,15.60070938187044,-81.35819453782366,31.60824377214328,-143.309213945787,-19.40717512986038
46.2,27,-49.02548127484217,16.14059574736851,-80.66046762870481,-17.39049492097953,-10.79076374068873,13.31478000170195,-36.88725300609871,15.30572552472125,-4.598677513208007,10.37930777749942,-24.94174694156333,15.74439191514732,-82.25658123718532,31.87544963128479,-144.731314505524,-19.7818479688466
46.3,27,-49.4635136578122,16.27879581421732,-81.36936716535953,-17.55766015026487,-10.88670694617907,13.43025654267581,-37.20952607295708,15.43611218059894,-4.634527605886272,10.47091640355371,-25.15714664198122,15.88809143020867,-83.15488047297006,32.14296438004639,-146.1539330142148,-20.15582793172532
46.4,27,-49.90158343351748,16.41702049258625,-82.07835233244255,-17.72481453459241,-10.98265831086679,13.54576613995314,-37.53187208817708,15.5665554664435,-4.670380413241523,10.56254740943099,-25.3725929207231,16.03183209424006,-84.05326717233172,32.41082322413501,-147.5773134009307,-20.52922094373276
46.5,27,-50.33964177056981,16.55525434142543,-82.78734403466402,-17.89193950647559,-11.07860716221614,13.66129549884573,-37.85425432211291,15.69703999768064,-4.706232196319491,10.65419026128178,-25.58806139286917,16.17559700023019,-84.9516331611547,32.67898928026314,-149.0012752016409,-20.90199112066847
46.6,27,-50.77769361910156,16.69349882663536,-83.4963500952685,-18.05903714293461,-11.17455460210073,13.77684547788023,-38.17667555931948,15.82756635511802,-4.742083556797534,10.74584567012398,-25.80355405366621,16.31938694007114,-85.84998246171811,32.94745850322513,-150.4258145101673,-21.27415041326893
46.7,27,-51.21576988332742,16.83176312215402,-84.20541939905874,-18.22612036759609,-11.2705073782532,13.89242352029246,-38.49915713600357,15.95814237949717,-4.77793678675271,10.83751970152447,-26.01908508348394,16.46321150997851,-86.74838584933933,33.21624167470687,-151.8510232335432,-21.64574846513547
46.8,27,-51.65380226629744,16.97002603414132,-84.9144421099215,-18.39316242267338,-11.36645058374354,14.00801144436045,-38.82164850971492,16.08874734222783,-4.813786879430976,10.92919783975955,-26.23462102527265,16.6070472664107,-87.64668508512408,33.48529141695128,-153.2766502741768,-22.01671989607138
46.9,27,-52.09187204200273,17.10831201767307,-85.62354743291573,-18.56019665108973,-11.46240194843126,14.12362966066867,-39.14420741432352,16.219403517461,-4.849639686786226,11.0208966035508,-26.45020010708559,16.75092073351314,-88.54507178448573,33.75464824898508,-154.7029666633145,-22.38717690565697
47,27,-52.52993037905505,17.24660567206344,-86.33265635186359,-18.7272044062465,-11.55835079978061,14.23926494772456,-39.46679726364436,16.35009566408313,-4.885491469864196,11.1126055066916,-26.66579803738121,16.89481509765282,-89.44343777330872,34.02427619369128,-156.1297937129872,-22.75708183363027
