temp,ref,yhat_comm,se_comm,lowerci_comm,upperci_comm,yhat_low,se_low,lowerci_low,upperci_low,yhat_manuf2,se_manuf2,lowerci_manuf2,upperci_manuf2,yhat_hr4,se_hr4,lowerci_hr4,upperci_hr4
-20,27,-18.95412391,11.37043745088797,-41.2397718,3.331523980272603,-3.814399889,13.83286430249074,-30.92631573,23.29751594658032,-1.27136417,10.79096990708017,-22.42127655,19.87854820649195,-101.3572438,63.58749766369807,-225.9864491,23.27196145110713
-19.9,27,-18.91379583,11.34624493835807,-41.15202727,3.324435604,-3.806284114,13.80343256406543,-30.8605148,23.24794657466879,-1.268659129,10.76801030903468,-22.37357152,19.83625326169031,-101.1415893,63.45220459890647,-225.5056251,23.22244644970218
-19.8,27,-18.87346776,11.32205242607094,-41.06428274,3.317347228,-3.798168339,13.77400082562009,-30.79471388,23.19837720271802,-1.265954089,10.74505071,-22.32586649,19.79395831689046,-100.9259348,63.31691153489218,-225.024801,23.17293144982072
-19.7,27,-18.83314045,11.29786037507323,-40.97653989,3.310258987545474,-3.790052718,13.74456964854081,-30.72891421,23.14880877622896,-1.2632491,10.72209155089401,-22.27816238,19.75166417885952,-100.7102844,63.18162105077237,-224.5439861,23.12341739317139
-19.6,27,-18.79281237,11.27366786278611,-40.88879536,3.303170611822868,-3.781936943,13.71513791006626,-30.66311329,23.09923940422093,-1.260544059,10.69913195287011,-22.23045735,19.70936923410022,-100.4946298,63.04632798675804,-224.063162,23.07390239328986
-19.5,27,-18.7524843,11.24947535025621,-40.80105083,3.296082235624439,-3.773821167,13.68570617163926,-30.59731237,23.04967003,-1.257839019,10.67617235484925,-22.18275233,19.66707428934685,-100.2789753,62.91103492274375,-223.582338,23.02438739340839
-19.4,27,-18.71215622,11.22528283796909,-40.7133063,3.288993859901836,-3.765705392,13.65627443318486,-30.53151144,23.00010066033757,-1.255133978,10.65321275682382,-22.1350473,19.62477934458454,-100.0633208,62.77574185795216,-223.1015139,22.97487239200342
-19.3,27,-18.67182814,11.20109032543918,-40.62556177,3.281905483703369,-3.757589616,13.62684269473219,-30.46571052,22.95053128837243,-1.252428938,10.63025315880558,-22.08734228,19.5824844,-99.84766622,62.64044879393787,-222.6206898,22.92535739212197
-19.2,27,-18.63150083,11.17689827444147,-40.53781891,3.274817242897306,-3.749473996,13.59741151763457,-30.39991085,22.90096286184743,-1.249723949,10.607294,-22.03963816,19.54019026175698,-99.6320158,62.50515830981803,-222.1398749,22.87584334
-19.1,27,-18.59117276,11.15270576215435,-40.45007438,3.267728867174711,-3.74135822,13.56797977919235,-30.33410993,22.85139348990277,-1.247018909,10.58433440068291,-21.99193313,19.49789531704081,-99.41636127,62.36986524580372,-221.6590509,22.82632833559109
-19,27,-18.55084468,11.12851324974585,-40.36232985,3.260640491214208,-3.733242445,13.53854804073614,-30.26830901,22.80182411793069,-1.244313868,10.56137480266462,-21.94422811,19.45560037229248,-99.20070673,62.23457218178944,-221.1782268,22.77681333570963
-18.9,27,-18.5105166,11.10432073733733,-40.27458532,3.253552115253676,-3.725126669,13.50911630231095,-30.20250808,22.75225474601941,-1.241608828,10.53841520462011,-21.89652308,19.41330542749276,-98.9850522,62.09927911622054,-220.6974027,22.72729833278119
-18.8,27,-18.47018853,11.08012822492882,-40.18684079,3.246463739293137,-3.717010894,13.47968456,-30.13670716,22.70268537400786,-1.238903787,10.51545560661832,-21.84881806,19.37101048277679,-98.76939767,61.96398605220622,-220.2165787,22.67778333289966
-18.7,27,-18.42986122,11.05593617405249,-40.09909793,3.239375498724982,-3.708895273,13.45025338675546,-30.07090749,22.65311694751908,-1.236198798,10.49249644649763,-21.80111394,19.32871634469762,-98.55374725,61.82869557,-219.7357638,22.62826927625034
-18.6,27,-18.38953314,11.03174366,-40.0113534,3.232287122526557,-3.700779498,13.42082164831812,-30.00510657,22.60354757558398,-1.233493758,10.46953684847934,-21.75340892,19.28642139994931,-98.33809272,61.6934025,-219.2549397,22.57875427636884
-18.5,27,-18.34920506,11.00755114923547,-39.92360887,3.225198746803944,-3.692663723,13.39138990986925,-29.93930565,22.55397820362627,-1.230788717,10.44657725,-21.70570389,19.24412645518677,-98.12243818,61.55810944005782,-218.7741156,22.52923928
-18.4,27,-18.30887699,10.98335863682696,-39.83586434,3.218110370843434,-3.684547947,13.36195817143189,-29.87350473,22.50440883169115,-1.228083677,10.42361765243298,-21.65799886,19.20183151,-97.90678365,61.42281638,-218.2932916,22.47972427508239
-18.3,27,-18.26854891,10.95916612441845,-39.74811981,3.211021994882895,-3.676432172,13.33252643298786,-29.8077038,22.45483945974294,-1.225378636,10.40065805440905,-21.61029384,19.15953656567412,-97.69112912,61.28752331,-217.8124675,22.43020927520091
-18.2,27,-18.2282216,10.93497407342074,-39.66037696,3.203933754076836,-3.668316551,13.30309525589023,-29.74190414,22.40527103321792,-1.222673648,10.37769889431309,-21.56258972,19.11724242764342,-97.4754787,61.15223282713209,-217.3316526,22.38069521855161
-18.1,27,-18.18789352,10.91078156113361,-39.57263243,3.196845378354229,-3.660200776,13.27366351743922,-29.67610321,22.35570166125603,-1.219968607,10.35473929626845,-21.5148847,19.07494748284347,-97.25982416,61.01693976311779,-216.8508285,22.33118021867011
-18,27,-18.14756545,10.88658904860371,-39.4848879,3.189757002155783,-3.652085,13.24423177899389,-29.61030229,22.30613228930527,-1.217263567,10.33177969822295,-21.46717967,19.03265253804181,-97.04416963,60.88164669910349,-216.3700045,22.28166521878862
-17.9,27,-18.10723737,10.86239653631659,-39.39714337,3.182668626433188,-3.643969225,13.21480004053135,-29.54450137,22.25656291732078,-1.214558526,10.30882010022366,-21.41947465,18.99035759333072,-96.8285151,60.74635363,-215.8891804,22.23215021738368
-17.8,27,-18.06690929,10.83820402390809,-39.30939884,3.175580250472684,-3.63585345,13.18536830208601,-29.47870044,22.20699354537002,-1.211853486,10.28586050219235,-21.37176962,18.94806264855688,-96.61286057,60.61106057029759,-215.4083563,22.18263521750217
-17.7,27,-18.02658199,10.81401197291037,-39.22165598,3.168492009666608,-3.627737829,13.15593712499472,-29.41290078,22.15742511885742,-1.209148497,10.26290134209625,-21.3240655,18.90576851052592,-96.39721015,60.47577008617776,-214.9275415,22.13312116085284
-17.6,27,-17.98625391,10.78981946050185,-39.13391145,3.161403633706058,-3.619622054,13.12650538656011,-29.34709985,22.10785574692768,-1.206443456,10.23994174404607,-21.27636048,18.86347356571509,-96.18155561,60.34047702216348,-214.4467174,22.08360616097137
-17.5,27,-17.94592583,10.76562694809334,-39.04616692,3.154315257745534,-3.611506278,13.09707365,-29.28129893,22.05828637495305,-1.203738416,10.21698214603835,-21.22865545,18.82117862,-95.96590108,60.20518395814918,-213.9658933,22.03409116108988
-17.4,27,-17.90559775,10.74143443568483,-38.95842239,3.147226881785027,-3.603390503,13.06764190967872,-29.21549801,22.00871700304434,-1.201033375,10.19402255,-21.18095043,18.77888367625081,-95.75024655,60.06989089413473,-213.4850693,21.98457616
-17.3,27,-17.86526968,10.71724192327633,-38.87067786,3.140138506,-3.595274727,13.03821017122123,-29.14969709,21.95914763106973,-1.198328335,10.17106294999454,-21.1332454,18.73658873147668,-95.53459201,59.93459782934329,-213.0042452,21.93506115980344
-17.2,27,-17.82494237,10.69304987239999,-38.782935,3.133050265256344,-3.587159107,13.00877899414375,-29.08389742,21.90957920458421,-1.195623346,10.14810378986065,-21.08554129,18.69429459337164,-95.31894159,59.79930734522345,-212.5234303,21.8855471
-17.1,27,-17.78461429,10.66885735999149,-38.69519047,3.125961889295844,-3.579043331,12.97934725569971,-29.0180965,21.86000983263599,-1.192918306,10.12514419187205,-21.03783626,18.65199964868152,-95.10328706,59.66401428120916,-212.0426062,21.83603210327263
-17,27,-17.74428622,10.64466484758298,-38.60744594,3.118873513,-3.570927556,12.94991551722856,-28.95229557,21.81044046063462,-1.190213265,10.10218459384058,-20.99013123,18.60970470390736,-94.88763253,59.52872121719486,-211.5617822,21.78651710339112
-16.9,27,-17.70395814,10.62047233517447,-38.51970141,3.111785137374799,-3.562811781,12.92048377877837,-28.88649465,21.76087108867434,-1.187508225,10.07922499580921,-20.94242621,18.56740976,-94.671978,59.39342815318039,-211.0809581,21.73700210350933
-16.8,27,-17.66363006,10.59627982276594,-38.43195688,3.104696761414242,-3.554696005,12.89105204034067,-28.82069373,21.71130171673854,-1.184803184,10.05626539782052,-20.89472118,18.52511481,-94.45632346,59.25813508761165,-210.600134,21.68748710058117
-16.7,27,-17.62330275,10.57208777176825,-38.34421403,3.097608520608212,-3.546580385,12.86162086,-28.75489406,21.66173329025303,-1.182098195,10.03330624,-20.84701707,18.48282067633821,-94.24067304,59.12284461,-210.1193191,21.63797304697856
-16.6,27,-17.58297468,10.54789525948113,-38.2564695,3.090520144885613,-3.538464609,12.83218912479302,-28.68909314,21.61216391825358,-1.179393155,10.01034663965525,-20.79931204,18.44052573156409,-94.02501851,58.98755153947752,-209.6384951,21.58845804405034
-16.5,27,-17.5426466,10.52370274707262,-38.16872497,3.083431768925088,-3.530348834,12.80275738637547,-28.62329221,21.56259454635727,-1.176688114,9.987387041642823,-20.75160702,18.39823078682726,-93.80936398,58.85225848,-209.157671,21.53894304416882
-16.4,27,-17.50231852,10.49951023,-38.08098044,3.076343392964542,-3.522233058,12.77332564791164,-28.55749129,21.51302517437025,-1.173983074,9.964427443635147,-20.70390199,18.35593584209974,-93.59370944,58.71696541144876,-208.6768469,21.48942804428705
-16.3,27,-17.46199045,10.47531772225559,-37.99323591,3.069255017004028,-3.514117283,12.74389390948338,-28.49169037,21.46345580245296,-1.171278034,9.941467845585024,-20.65619696,18.31364089728903,-93.37805491,58.58167234665732,-208.1960229,21.43991304
-16.2,27,-17.42166314,10.45112567125788,-37.90549305,3.062166776197962,-3.506001662,12.71446273238575,-28.4258907,21.41388737592792,-1.168573045,9.918508685488902,-20.60849285,18.27134675925803,-93.16240449,58.44638186331469,-207.715208,21.39039898775633
-16.1,27,-17.38133506,10.42693315884936,-37.81774852,3.0550784,-3.497885887,12.68503099394675,-28.36008978,21.36431800398957,-1.165868004,9.895549087,-20.56078782,18.22905181448397,-92.94674996,58.3110888,-207.2343839,21.34088398635159
-16,27,-17.34100698,10.40274064644085,-37.73000399,3.047990024276906,-3.489770112,12.65559926,-28.29428886,21.31474863200507,-1.163162964,9.872589489458242,-20.5130828,18.18675686977299,-92.73109543,58.17579573,-206.7535598,21.29136898647009
-15.9,27,-17.30067891,10.37854813415373,-37.64225946,3.040901648554311,-3.481654336,12.62616752,-28.22848793,21.26517926006673,-1.160457923,9.849629891412787,-20.46537777,18.14446192497142,-92.51544089,58.04050267049447,-206.2727358,21.24185398658834
-15.8,27,-17.26035121,10.35435585238992,-37.55451577,3.033813340052056,-3.473538638,12.59673605928999,-28.16268764,21.21561036086072,-1.157752909,9.826670512345391,-20.4176732,18.10216738356179,-92.29978842,57.90521089603889,-205.7919163,21.19233945756147
-15.7,27,-17.22002314,10.33016334010281,-37.46677124,3.026724964329478,-3.465422863,12.56730432082744,-28.09688671,21.16604098887622,-1.155047868,9.803710914327153,-20.36996818,18.05987243881357,-92.08413388,57.76991783202457,-205.3110922,21.14282445767992
-15.6,27,-17.17969544,10.30597105833899,-37.37902754,3.019636655827192,-3.457307165,12.53787286305253,-28.03108642,21.11647208963161,-1.152342853,9.780751535248211,-20.3222636,18.0175779,-91.86848141,57.63462605756888,-204.8302727,21.09330992865281
-15.5,27,-17.13936737,10.28177854593048,-37.29128301,3.012548279866671,-3.449191389,12.50844112460885,-27.9652855,21.06690271768407,-1.149637813,9.757791937,-20.27455858,17.97528295262818,-91.65282687,57.49933299,-204.3494487,21.04379492877138
-15.4,27,-17.09903929,10.25758603352197,-37.20353848,3.005459903906154,-3.441075614,12.47900938615996,-27.89948457,21.01733334572635,-1.146932773,9.734832339201915,-20.22685355,17.93298800786561,-91.43717234,57.36403992954012,-203.8686246,20.99427992888953
-15.3,27,-17.0587116,10.23339375187955,-37.11579479,2.998371595641807,-3.432959916,12.44957792839871,-27.83368428,20.96776444650851,-1.144227758,9.711872960141724,-20.17914898,17.89069347,-91.22151986,57.22874815508458,-203.3878051,20.94476539986272
-15.2,27,-17.01838352,10.20920123947105,-37.02805026,2.99128322,-3.42484414,12.42014618992121,-27.76788336,20.91819507449471,-1.141522717,9.688913362126813,-20.13144396,17.84839852172841,-91.00586533,57.09345509,-202.9069811,20.89525039998126
-15.1,27,-16.97805583,10.18500895782863,-36.94030657,2.984194911416967,-3.416728442,12.39071473216079,-27.70208306,20.86862618,-1.138817703,9.665953983061147,-20.08373939,17.80610398032216,-90.79021286,56.95816331661455,-202.4261616,20.84573587095404
-15,27,-16.93772775,10.16081644542012,-36.85256204,2.977106535456439,-3.408612667,12.36128299374195,-27.63628214,20.81905680337965,-1.136112662,9.642994385016506,-20.03603436,17.76380903552219,-90.57455832,56.82287025260028,-201.9453375,20.79622087107261
-14.9,27,-16.89739967,10.13662393301159,-36.76481751,2.970018159,-3.400496892,12.33185125527941,-27.57048121,20.76948743139517,-1.133407622,9.620034786998263,-19.98832933,17.72151409077396,-90.35890379,56.68757718858581,-201.4645134,20.74670587
-14.8,27,-16.85707198,10.11243165136919,-36.67707381,2.962929851231575,-3.392381194,12.30241979751831,-27.50468092,20.71991853217763,-1.130702607,9.597075407932572,-19.94062476,17.67921954936767,-90.14325131,56.55228541413024,-200.983694,20.69719134216392
-14.7,27,-16.8167439,10.08823913896068,-36.58932928,2.955841475271058,-3.384265418,12.27298805907298,-27.43888,20.67034916022687,-1.127997567,9.574115809917586,-19.89291974,17.63692460462582,-89.92759678,56.41699235011597,-200.5028699,20.64767634228249
-14.6,27,-16.77641621,10.06404685731826,-36.50158559,2.948753167006714,-3.37614972,12.24355660129322,-27.3730797,20.62078026097275,-1.125292552,9.551156430857429,-19.84521517,17.59463006323037,-89.7119443,56.28170057566025,-200.0220504,20.59816181325532
-14.5,27,-16.73608814,10.03985434478836,-36.41384106,2.941664790808272,-3.368033945,12.21412486284516,-27.30727878,20.57121088901664,-1.122587511,9.528196832831878,-19.79751014,17.55233511846782,-89.49628977,56.14640751086864,-199.5412264,20.54864681185033
-14.4,27,-16.69576006,10.01566183250124,-36.32609653,2.934576415085683,-3.359918169,12.18469312441183,-27.24147786,20.52164151708942,-1.119882471,9.505237234811158,-19.74980512,17.51004017371474,-89.28063524,56.01111445,-199.0604023,20.49913181196857
-14.3,27,-16.65543237,9.991469550737428,-36.23835284,2.927488106583414,-3.351802471,12.15526166663292,-27.17567756,20.47207261783695,-1.117177456,9.482277855732198,-19.70210054,17.46774563228244,-89.06498276,55.87582267239865,-198.5795828,20.44961728294173
-14.2,27,-16.61510429,9.967277038450314,-36.15060831,2.920399730860826,-3.343686696,12.12582992820336,-27.10987664,20.42250324591711,-1.114472416,9.459318257713935,-19.65439552,17.42545068753417,-88.84932823,55.74052960838432,-198.0987587,20.40010228306019
-14.1,27,-16.5747766,9.943084756686501,-36.06286461,2.913311422358557,-3.335570998,12.09639847041267,-27.04407634,20.37293434664156,-1.111767401,9.436358878646516,-19.60669095,17.38315614612448,-88.63367575,55.60523783392859,-197.6179393,20.35058775403301
-14,27,-16.53444852,9.918892244399387,-35.97512008,2.906223046635972,-3.327455223,12.06696673,-26.97827542,20.32336497,-1.109062361,9.413399280601135,-19.55898592,17.34086120132307,-88.41802122,55.46994476991432,-197.1371152,20.30107275415156
-13.9,27,-16.49412044,9.894699731869478,-35.88737555,2.899134670437512,-3.319339447,12.03753499353127,-26.9124745,20.27379560275821,-1.10635732,9.390439682601832,-19.5112809,17.29856625661196,-88.20236669,55.33465170589988,-196.6562911,20.25155775426981
-13.8,27,-16.45379275,9.870507450348461,-35.79963186,2.892046362411119,-3.311223749,12.00810353574519,-26.8466742,20.22422670349169,-1.103652306,9.367480303534592,-19.46357633,17.25627171520263,-87.98671421,55.19935993144429,-196.1754716,20.20204323
-13.7,27,-16.41346467,9.846314937818546,-35.71188733,2.884957986212648,-3.303107974,11.97867179729713,-26.78087328,20.17465733153559,-1.100947265,9.344520705529337,-19.4158713,17.21397677047985,-87.77105968,55.06406686743001,-195.6946476,20.15252822536145
-13.6,27,-16.37313698,9.822122656176134,-35.62414364,2.877869677948322,-3.294992276,11.94924034,-26.71507298,20.12508843231937,-1.09824225,9.321561326424128,-19.36816673,17.17168222899611,-87.5554072,54.92877509375145,-195.2138281,20.10301369785749
-13.5,27,-16.3328089,9.797930143767621,-35.53639911,2.870781301987794,-3.2868765,11.91980860109787,-26.64927206,20.07551906038135,-1.09553721,9.298601728416564,-19.3204617,17.12938728426881,-87.33975267,54.79348202895999,-194.733004,20.05349869645279
-13.4,27,-16.29248083,9.773737631,-35.44865458,2.863692926265198,-3.278760725,11.89037686260949,-26.58347114,20.02594968834623,-1.09283217,9.275642130404092,-19.27275668,17.08709233953189,-87.12409813,54.65818896494557,-194.25218,20.00398369657105
-13.3,27,-16.25215313,9.749545349716689,-35.36091088,2.856604618,-3.270645027,11.86094540488479,-26.51767084,19.97638078920002,-1.090127155,9.252682751,-19.22505211,17.04479779813641,-86.90844566,54.52289719048997,-193.7713605,19.95446916754413
-13.2,27,-16.21182506,9.725352837429567,-35.27316635,2.849516242040327,-3.262529252,11.83151366647163,-26.45186992,19.92681142,-1.087422114,9.229723153315932,-19.17734708,17.00250285336908,-86.69279113,54.38760412647568,-193.2905364,19.90495416766267
-13.1,27,-16.17149736,9.701160555665762,-35.18542266,2.842427933538072,-3.254413554,11.80208220865063,-26.38606963,19.87724251797737,-1.0847171,9.206763774250181,-19.12964251,16.96020831196267,-86.47713865,54.25231235279713,-192.8097169,19.85543964015874
-13,27,-16.13116929,9.676968043257254,-35.09767813,2.835339557577562,-3.246297778,11.77265047021099,-26.3202687,19.82767314603775,-1.082012059,9.183804176218802,-19.08193749,16.91791337,-86.26148412,54.11701928800568,-192.3288929,19.80592463875405
-12.9,27,-16.09084121,9.652775530848739,-35.0099336,2.828251181617031,-3.238182003,11.74321873178399,-26.25446778,19.77810377412294,-1.079307019,9.160844578187286,-19.03423246,16.87561842241445,-86.04582958,53.98172622399122,-191.8480688,19.75640963887226
-12.8,27,-16.05051352,9.628583249084938,-34.92218991,2.821162873114787,-3.230066305,11.71378727,-26.18866748,19.72853487,-1.076602004,9.137885199,-18.98652789,16.83332388100811,-85.83017711,53.84643444953567,-191.3672493,19.70689510984542
-12.7,27,-16.01018544,9.604390736797811,-34.83444538,2.814074497,-3.221950529,11.68435553554983,-26.12286656,19.67896550290029,-1.073896964,9.114925601093512,-18.93882286,16.79102893624064,-85.61452257,53.71114138552139,-190.8864253,19.65738010996397
-12.6,27,-15.96985775,9.580198455155401,-34.74670168,2.806986189,-3.213834831,11.65492407782513,-26.05706627,19.62939660375408,-1.071191949,9.091966222033344,-18.89111829,16.74873439484518,-85.3988701,53.57584961184279,-190.4056058,19.60786558245994
-12.5,27,-15.92952967,9.556005943,-34.65895715,2.799897813167307,-3.205719056,11.62549233933676,-25.99126534,19.57982723171896,-1.068486909,9.069006624020954,-18.84341327,16.70643945010842,-85.18321556,53.44055654705137,-189.9247817,19.55835058105532
-12.4,27,-15.88920159,9.531813430338374,-34.57121262,2.792809437206797,-3.197603281,11.59606060089791,-25.92546442,19.53025785978092,-1.065781868,9.046047026013333,-18.79570824,16.66414450538101,-84.96756103,53.30526348225961,-189.4439576,19.50883557965004
-12.3,27,-15.8488739,9.507621148695959,-34.48346893,2.785721128942463,-3.189487583,11.56662914,-25.85966413,19.48068896056472,-1.063076853,9.023087646908197,-18.74800367,16.62184996,-84.75190856,53.16997170780403,-188.9631382,19.45932105062315
-12.2,27,-15.80854582,9.483428636287448,-34.3957244,2.778632752981942,-3.181371807,11.53719740468943,-25.7938632,19.43111958860859,-1.060371813,9.000128048903024,-18.70029865,16.57955501917479,-84.53625402,53.03467864378973,-188.4823141,19.40980605074164
-12.1,27,-15.76821813,9.459236354523636,-34.30798071,2.771544444479678,-3.173256109,11.50776594690334,-25.72806291,19.38155068934208,-1.057666798,8.977168669835658,-18.65259407,16.53726047776521,-84.32060155,52.89938687011117,-188.0014946,19.36029152323769
-12,27,-15.72789005,9.435043842175821,-34.22023618,2.764456068638117,-3.165140334,11.47833420845363,-25.66226198,19.33198131738273,-1.054961758,8.954209071836361,-18.60488905,16.49496553305412,-84.10494701,52.76409380531975,-187.5206705,19.31077652183306
-11.9,27,-15.68756198,9.410851329767311,-34.13249165,2.757367692677596,-3.157024558,11.44890247002195,-25.59646106,19.28241194545874,-1.052256717,8.931249473790912,-18.55718402,16.45267058825256,-83.88929248,52.62880074130529,-187.0398465,19.26126152195128
-11.8,27,-15.64723429,9.386659048064192,-34.04474795,2.750279384294288,-3.14890886,11.41947101223128,-25.53066077,19.23284304618323,-1.049551703,8.908290094723624,-18.50947945,16.41037604684314,-83.67364,52.49350896762688,-186.559027,19.21174699444761
-11.7,27,-15.60690621,9.362466535716381,-33.95700342,2.743191008452733,-3.140793085,11.39003927380171,-25.46485984,19.18327367426337,-1.046846662,8.885330496705242,-18.46177443,16.36808110209464,-83.45798547,52.35821590283543,-186.0782029,19.16223199304295
-11.6,27,-15.56657852,9.338274254013266,-33.86925973,2.736102700069432,-3.132677387,11.36060781602279,-25.39905955,19.13370477501089,-1.044141648,8.862371117626392,-18.41406986,16.32578656066255,-83.24233299,52.22292412915685,-185.5973835,19.11271746553894
-11.5,27,-15.52625044,9.314081741604765,-33.7815152,2.729014324108933,-3.124561611,11.33117607758947,-25.33325863,19.08413540308368,-1.041436607,8.839411519605564,-18.36636483,16.28349161590926,-83.02667846,52.08763106436543,-185.1165594,19.06320246413431
-11.4,27,-15.48592236,9.289889229256941,-33.69377067,2.721925948267353,-3.116445836,11.30174433914141,-25.2674577,19.03456603112757,-1.038731567,8.816451922,-18.3186598,16.24119667114675,-82.81102393,51.95233800035098,-184.6357353,19.01368746425254
-11.3,27,-15.44559467,9.265696947553829,-33.60602698,2.71483764,-3.108330138,11.27231288136164,-25.20165741,18.98499713187344,-1.036026552,8.793492542519898,-18.27095523,16.19890212975134,-82.59537145,51.81704622667253,-184.1549158,18.96417294
-11.2,27,-15.40526659,9.241504435145325,-33.51828245,2.707749263923549,-3.100214363,11.24288114291631,-25.13585649,18.93542775992268,-1.033321511,8.770532945,-18.22325021,16.15660718500967,-82.37971692,51.68175316188109,-183.6740918,18.91465793534414
-11.1,27,-15.3649389,9.217312153502904,-33.43053875,2.700660955659208,-3.092098665,11.21344968515521,-25.07005619,18.88585886070513,-1.030616497,8.747573565439216,-18.17554564,16.11431264360319,-82.16406444,51.54646138820254,-183.1932723,18.86514340784019
-11,27,-15.32461082,9.193119641094386,-33.34279422,2.693572579698669,-3.083982889,11.18401794669268,-25.00425527,18.83628948872067,-1.027911456,8.724613967420959,-18.12784061,16.07201769885493,-81.94840991,51.41116832341108,-182.7124482,18.81562840643551
-10.9,27,-15.28428275,9.168927128685882,-33.25504969,2.686484203738162,-3.075867114,11.15458620827384,-24.93845434,18.78672011682182,-1.025206416,8.701654369376426,-18.08013559,16.02972275405518,-81.73275538,51.27587525939663,-182.2316242,18.76611340655373
-10.8,27,-15.24395505,9.144734847043468,-33.167306,2.679395895473832,-3.067751416,11.12515475051341,-24.87265405,18.73715122,-1.022501401,8.678694990310648,-18.03243101,15.98742821264871,-81.5171029,51.14058348571822,-181.7508047,18.71659887905005
-10.7,27,-15.20362698,9.120542334634951,-33.07956147,2.67230752,-3.05963564,11.09572301203591,-24.80685313,18.68758184559179,-1.019796361,8.655735392295751,-17.98472599,15.94513326790704,-81.30144837,51.00529042092677,-181.2699806,18.66708387764538
-10.6,27,-15.16329928,9.096350052931829,-32.99181778,2.665219211129985,-3.051519942,11.06629155427466,-24.74105283,18.63801294637395,-1.017091346,8.632776013235555,-17.93702142,15.90283872651152,-81.08579589,50.86999864724824,-180.7891611,18.61756935014148
-10.5,27,-15.12297121,9.072157540523332,-32.90407325,2.658130835169489,-3.043404167,11.03685981582578,-24.67525191,18.58844357441623,-1.014386306,8.609816415,-17.88931639,15.86054378174911,-80.87014136,50.73470558245677,-180.3083371,18.56805434873675
-10.4,27,-15.08264313,9.047965028114813,-32.81632872,2.651042459,-3.035288392,11.00742807738209,-24.60945099,18.53887420246871,-1.011681265,8.586856817189231,-17.84161137,15.81824883699577,-80.65448683,50.59941251766517,-179.827513,18.51853934733178
-10.3,27,-15.04231544,9.023772746,-32.72858502,2.643954150944623,-3.027172694,10.97799661960718,-24.54365069,18.48930530322408,-1.00897625,8.563897438,-17.7939068,15.7759543,-80.43883435,50.46412074476391,-179.3466935,18.46902482135131
-10.2,27,-15.00198736,8.999580234063894,-32.64084049,2.636865774984109,-3.019056918,10.94856488114464,-24.47784977,18.43973593,-1.00627121,8.540937840092028,-17.74620177,15.73365935081524,-80.22317982,50.32882767919516,-178.8658695,18.41950981842315
-10.1,27,-14.96165967,8.975387952421464,-32.5530968,2.629777467,-3.01094122,10.91913342338943,-24.41204947,18.39016703,-1.003566195,8.517978461024684,-17.6984972,15.69136480940571,-80.00752734,50.19353591,-178.38505,18.36999529091921
-10,27,-14.92133159,8.951195440012965,-32.46535227,2.622689091,-3.002825445,10.88970168495042,-24.34624855,18.34059766009524,-1.000861155,8.495018862979242,-17.65079217,15.64906986460417,-79.79187281,50.05824284150233,-177.9042259,18.32048029103777
-9.9,27,-14.88100351,8.927002928,-32.37760774,2.615600714798722,-2.994709669,10.86026994648788,-24.28044763,18.29102828811074,-0.998156114,8.472059264985695,-17.60308715,15.60677491990434,-79.57621827,49.92294977671084,-177.4234018,18.27096529
-9.8,27,-14.84067582,8.902810645962026,-32.28986405,2.608512406534373,-2.986593971,10.83083848874045,-24.21464733,18.24145938891998,-0.9954511,8.449099885916189,-17.55538258,15.56448037849057,-79.3605658,49.78765800303227,-176.9425824,18.22145076212904
-9.7,27,-14.80034774,8.878618133553516,-32.20211952,2.601424030573853,-2.978478196,10.80140675,-24.14884641,18.19189001697469,-0.992746059,8.426140287893062,-17.50767755,15.52218543373277,-79.14491127,49.65236493824084,-176.4617583,18.17193576072441
-9.6,27,-14.76002005,8.854425851850404,-32.11437582,2.594335722190559,-2.970362498,10.77197529252299,-24.08304611,18.14232111773008,-0.990041045,8.403180908833063,-17.45997298,15.47989089233764,-78.92925879,49.51707316456226,-175.9809388,18.12242123322041
-9.5,27,-14.71969197,8.830233339502588,-32.02663129,2.587247346348994,-2.962246723,10.74254355405914,-24.01724519,18.09275174574303,-0.987336004,8.380221311,-17.41226796,15.43759594753704,-78.71360426,49.38178010054799,-175.5001147,18.07290623333897
-9.4,27,-14.6793639,8.806040827,-31.93888676,2.580158970388478,-2.954130947,10.71311181564159,-23.95144427,18.04318237384672,-0.984630964,8.357261713,-17.36456293,15.39530100279442,-78.49794972,49.24648703575652,-175.0192907,18.02339123193427
-9.3,27,-14.6390362,8.781848545,-31.85114307,2.573070662005186,-2.946015249,10.68368036,-23.88564397,17.99361347458881,-0.981925949,8.334302333699574,-17.31685836,15.35300646137351,-78.28229725,49.11119526207796,-174.5384712,17.97387670443028
-9.2,27,-14.59870813,8.757656033043153,-31.76339854,2.565982286163623,-2.937899474,10.65424861940238,-23.81984305,17.94404410261417,-0.979220908,8.311342735689534,-17.26915333,15.31071151664136,-78.06664271,48.97590219728652,-174.0576471,17.92436170302564
-9.1,27,-14.55838044,8.733463751279336,-31.67565485,2.558893977661347,-2.929783776,10.62481716165626,-23.75404275,17.89447520342598,-0.976515894,8.288383356606936,-17.22144876,15.26841697520193,-77.85099024,48.84061042360796,-173.5768277,17.87484717552168
-9,27,-14.51805236,8.709271238931533,-31.58791032,2.551805601819815,-2.921668,10.59538542320607,-23.68824183,17.84490583,-0.973810853,8.265423758596851,-17.17374374,15.22612203046969,-77.6353357,48.70531735959366,-173.0960036,17.82533217564018
-8.9,27,-14.47772428,8.685078726583715,-31.50016579,2.544717225978246,-2.913552225,10.56595368,-23.62244091,17.79533646,-0.971105813,8.242464160586833,-17.12603871,15.18382708573758,-77.41968117,48.57002429480221,-172.6151795,17.77581717423551
-8.8,27,-14.43739659,8.660886444819901,-31.41242209,2.537628917475978,-2.905436527,10.53652222699511,-23.55664061,17.74576756028853,-0.968400798,8.219504781504213,-17.07833414,15.14153254429811,-77.2040287,48.43473252112364,-172.13436,17.72630264673155
-8.7,27,-14.39706851,8.636693932472079,-31.32467756,2.530540541634403,-2.897320752,10.50709048852494,-23.49083969,17.69619818828907,-0.965695758,8.196545183494136,-17.03062912,15.09923759956588,-76.98837416,48.29943945633221,-171.653536,17.67678765
-8.6,27,-14.35674082,8.612501650768971,-31.23693387,2.523452233251115,-2.889205054,10.47765903,-23.4250394,17.64662928905597,-0.962990743,8.173585804420993,-16.98292454,15.05694305814498,-76.77272169,48.16414768265364,-171.1727165,17.62727311782292
-8.5,27,-14.31641274,8.588309138360463,-31.14918934,2.516363857,-2.881089278,10.44822729233202,-23.35923847,17.59705991714725,-0.960285703,8.150626206405679,-16.93521952,15.01464811340249,-76.55706715,48.02885461863933,-170.6918924,17.57775811794141
-8.4,27,-14.27608466,8.564116626012652,-31.06144481,2.509275481449048,-2.872973503,10.41879555387451,-23.29343755,17.54749054517263,-0.957580662,8.127666608360732,-16.88751449,14.97235316860192,-76.34141262,47.89356155,-170.2110684,17.52824311653677
-8.3,27,-14.23575697,8.539924344309533,-30.97370112,2.502187173065737,-2.864857805,10.38936409609326,-23.22763726,17.49792164591559,-0.954875647,8.104707229300674,-16.83980992,14.93005862720667,-76.12576014,47.75826978016933,-169.7302489,17.47872859
-8.2,27,-14.1954289,8.515731831901023,-30.88595659,2.495098797,-2.856742029,10.35993235764438,-23.16183633,17.44835227395788,-0.952170607,8.081747631277558,-16.7921049,14.88776368244889,-75.91010561,47.62297671537771,-169.2494248,17.42921359
-8.1,27,-14.1551012,8.491539550258608,-30.79821289,2.488010488840885,-2.848626331,10.33050089990328,-23.09603604,17.39878337477954,-0.949465592,8.058788252208023,-16.74440033,14.84546914103506,-75.69445313,47.48768494092202,-168.7686053,17.37969905860066
-8,27,-14.11477313,8.467347038,-30.71046836,2.480922112880371,-2.840510556,10.30106916144074,-23.03023511,17.34921400279504,-0.946760552,8.035828654197999,-16.6966953,14.80317419630294,-75.4787986,47.35239187690771,-168.2877813,17.33018405871917
-7.9,27,-14.07444524,8.443154640824623,-30.62272425,2.473833770767916,-2.832394819,10.27163756332933,-22.96443451,17.29964486719483,-0.944055524,8.012869165642815,-16.6489905,14.76087945319978,-75.2631451,47.21709945806135,-167.8069595,17.28066929502657
-7.8,27,-14.03411736,8.418962243799166,-30.53498014,2.466745428655502,-2.824279082,10.24220596524652,-22.8986339,17.25007573165068,-0.941350497,7.989909677105276,-16.6012857,14.71858471013119,-75.04749159,47.08180703843772,-167.3261377,17.23115452981057
-7.7,27,-13.99378928,8.394769731,-30.44723561,2.459657052694988,-2.816163307,10.21277422679031,-22.83283297,17.20050636,-0.938645456,7.966950079,-16.55358068,14.67628976537324,-74.83183706,46.94651397,-166.8453136,17.18163952992904
-7.6,27,-13.95346139,8.370577334365187,-30.3594915,2.452568711,-2.80804757,10.18334262868751,-22.76703236,17.15093722409527,-0.935940429,7.943990590533517,-16.50587588,14.63399502228306,-74.61618356,46.81122155557703,-166.3644919,17.13212476623644
-7.5,27,-13.91313351,8.346384937339725,-30.27174739,2.445480368470115,-2.799931834,10.15391103056538,-22.70123176,17.10136808847404,-0.933235401,7.921031101977101,-16.45817108,14.59170027917748,-74.40053005,46.67592913595336,-165.8836701,17.08261000102036
-7.4,27,-13.87280563,8.322192540253564,-30.18400328,2.438392026238725,-2.791816097,10.12447943246242,-22.63543115,17.05179895289039,-0.930530374,7.898071613443798,-16.41046628,14.54940554,-74.18487655,46.54063671710704,-165.4028483,17.03309523732786
-7.3,27,-13.83247774,8.298000143228101,-30.09625916,2.431303684,-2.78370036,10.09504783434892,-22.56963054,17.00222981728607,-0.927825346,7.875112125,-16.36276148,14.50711079301409,-73.96922304,46.40534429748337,-164.9220266,16.98358047211177
-7.2,27,-13.79214966,8.273807630819599,-30.00851463,2.424215308165794,-2.775584585,10.06561609587775,-22.50382961,16.95266044528469,-0.925120306,7.852152527,-16.31505646,14.46481584828196,-73.75356851,46.27005123346909,-164.4412025,16.93406547223032
-7.1,27,-13.75182178,8.249615233794131,-29.92077052,2.417126966053356,-2.767468848,10.03618449781995,-22.43802901,16.90309130978953,-0.922415278,7.829193038334505,-16.26735166,14.42252111,-73.537915,46.13475881384545,-163.9603807,16.88455070701428
-7,27,-13.71149389,8.225422837,-29.83302641,2.410038623940913,-2.759353111,10.00675289969848,-22.3722284,16.85352217416962,-0.91971025,7.806233549785957,-16.21964686,14.38022636211034,-73.3222615,45.99946639499906,-163.4795589,16.83503594332163
-6.9,27,-13.67116601,8.201230439743204,-29.7452823,2.402950281828501,-2.751237375,9.977321301559307,-22.30642779,16.80395303851499,-0.917005223,7.783274061237351,-16.17194206,14.33793161902007,-73.10660799,45.86417397537541,-162.9987372,16.78552117810558
-6.8,27,-13.63083812,8.177038042717736,-29.65753819,2.395861939716065,-2.743121638,9.947889703474862,-22.24062718,16.75438390296762,-0.914300195,7.760314572693247,-16.12423727,14.29563687593862,-72.89095449,45.72888155652905,-162.5179154,16.73600641441301
-6.7,27,-13.59051005,8.152845530309223,-29.56979366,2.388773563755539,-2.735005863,9.918457965035856,-22.17482626,16.70481453102926,-0.911595155,7.737354974683192,-16.07653224,14.25334193120644,-72.67529996,45.59358849251475,-162.0370913,16.68649141453152
-6.6,27,-13.55018216,8.128653133283755,-29.48204955,2.381685221643101,-2.726890126,9.889026366923831,-22.10902565,16.65524539542785,-0.908890127,7.714395486128025,-16.02882744,14.21104719,-72.45964645,45.45829607289109,-161.5562696,16.63697664931543
-6.5,27,-13.50985428,8.104460736258305,-29.39430543,2.374596879530701,-2.718774389,9.859594769,-22.04322504,16.60567625979422,-0.9061851,7.691435998,-15.98112264,14.16875244504306,-72.24399295,45.32300365404475,-161.0754478,16.58746188562291
-6.4,27,-13.46952639,8.080268339172139,-29.30656132,2.367508537299297,-2.710658652,9.830163170697094,-21.97742443,16.55610712421975,-0.903480072,7.668476509038343,-15.93341785,14.12645770193752,-72.02833944,45.18771123442109,-160.594626,16.53794712040684
-6.3,27,-13.42919851,8.056075942146673,-29.21881721,2.360420195186865,-2.702542916,9.800731572595785,-21.91162382,16.50653798863933,-0.900775045,7.645517020489768,-15.88571305,14.08416296,-71.81268594,45.05241881557473,-160.1138042,16.48843235671423
-6.2,27,-13.38887043,8.031883429798862,-29.13107268,2.353331819345312,-2.69442714,9.771299834153563,-21.8458229,16.45696861669467,-0.898070004,7.622557422466577,-15.83800802,14.04186801408938,-71.59703141,44.91712575156046,-159.6329802,16.43891735683282
-6.1,27,-13.34854255,8.007691032712696,-29.04332857,2.346243477113909,-2.686311404,9.741868236011273,-21.78002229,16.40739948103393,-0.895364976,7.599597933929062,-15.79030322,13.99957327102084,-71.3813779,44.78183333193678,-159.1521584,16.38940259
-6,27,-13.30821466,7.983498635687231,-28.95558446,2.339155135,-2.678195667,9.712436637943863,-21.71422168,16.35783034551996,-0.892659949,7.576638445373859,-15.74259843,13.95727852791764,-71.1657244,44.64654091231311,-158.6713366,16.33988782640063
-5.9,27,-13.26788678,7.959306238661768,-28.86784035,2.332066792889053,-2.67007993,9.683005039844018,-21.64842107,16.30826120994241,-0.889954921,7.553678956831866,-15.69489363,13.91498378484032,-70.95007089,44.51124849346679,-158.1905148,16.29037306
-5.8,27,-13.22755889,7.935113841575609,-28.78009623,2.324978450657664,-2.661964194,9.653573441701731,-21.58262046,16.25869207428168,-0.887249894,7.530719468294316,-15.64718883,13.87268904177172,-70.73441739,44.37595607384311,-157.7096931,16.24085829749201
-5.7,27,-13.18723082,7.910921329167102,-28.6923517,2.317890074697148,-2.653848418,9.624141703247338,-21.51681954,16.20912270231316,-0.884544853,7.507759870271159,-15.5994838,13.83039409701386,-70.51876285,44.24066301,-157.228869,16.19134329761049
-5.6,27,-13.14690293,7.886728932141635,-28.60460759,2.310801732584714,-2.645732681,9.594710105179939,-21.45101893,16.15955356679921,-0.881839826,7.484800381722544,-15.55177901,13.78809935392357,-70.30310935,44.10537059098246,-156.7480472,16.14182853391794
-5.5,27,-13.10657505,7.862536535116167,-28.51686348,2.303713390472279,-2.637616945,9.565278507054405,-21.38521832,16.10998443117131,-0.879134798,7.461840893166179,-15.50407421,13.74580461081808,-70.08745584,43.97007817135879,-156.2672255,16.09231376870186
-5.4,27,-13.06624716,7.838344138090704,-28.42911937,2.296625048359852,-2.629501208,9.535846908937781,-21.31941771,16.06041529556089,-0.876429771,7.438881404632854,-15.45636941,13.70350986775776,-69.87180234,43.83478575251246,-155.7864037,16.04279900500933
-5.3,27,-13.02591928,7.814151741065235,-28.34137526,2.289536706247413,-2.621385471,9.506415310841321,-21.2536171,16.01084615998997,-0.873724743,7.415921916077724,-15.40866461,13.66121512,-69.65614884,43.69949333,-155.3055819,15.99328423979325
-5.2,27,-12.9855912,7.789959229,-28.25363073,2.282448330286902,-2.613269696,9.476983572434488,-21.18781618,15.96127678811467,-0.871019703,7.392962318067664,-15.36095959,13.61892017992251,-69.4404943,43.56420026887452,-154.8247578,15.94376924
-5.1,27,-12.94526331,7.765766831631272,-28.16588662,2.275359988174486,-2.605153959,9.447551974270311,-21.12201557,15.91170765241104,-0.868314675,7.370002829523599,-15.31325479,13.57662543684113,-69.2248408,43.42890785002814,-154.3439361,15.89425447621919
-5,27,-12.90493543,7.741574434605806,-28.0781425,2.268271646062054,-2.597038223,9.418120376173848,-21.05621496,15.86213851684012,-0.865609647,7.347043340974951,-15.26554999,13.53433069375078,-69.00918729,43.29361543040449,-153.8631143,15.84473971100314
-4.9,27,-12.86460754,7.717382037580341,-27.99039839,2.261183303949622,-2.588922486,9.388688778077389,-20.99041435,15.81256938126921,-0.86290462,7.324083852426404,-15.21784519,13.49203595066062,-68.79353379,43.15832301078082,-153.3822925,15.79522494578704
-4.8,27,-12.82427966,7.693189640554875,-27.90265428,2.254094962,-2.580806749,9.359257179913213,-20.92461374,15.76300024556558,-0.860199592,7.301124363882307,-15.17014039,13.44974120757919,-68.57788028,43.02303059193447,-152.9014707,15.74571018
-4.7,27,-12.78395158,7.668997128146366,-27.81490975,2.247006585876672,-2.572690974,9.329825441506374,-20.85881282,15.71343087369027,-0.857494552,7.278164765872281,-15.12243537,13.40744626284706,-68.36222575,42.88773752792017,-152.4206467,15.69619518221299
-4.6,27,-12.7436237,7.644804731120897,-27.72716564,2.239918243764233,-2.564575237,9.300393843409918,-20.79301221,15.66386173811936,-0.854789524,7.255205277317141,-15.07473057,13.36515151974398,-68.14657225,42.75244510829651,-151.9398249,15.64668041699693
-4.5,27,-12.70329581,7.620612334095433,-27.63942153,2.232829901651805,-2.5564595,9.270962245,-20.7272116,15.61429260250893,-0.852084497,7.232245788783816,-15.02702577,13.32285677668366,-67.93091874,42.61715268945017,-151.4590031,15.59716565330439
-4.4,27,-12.66296793,7.596419937069974,-27.55167742,2.225741559539385,-2.548343764,9.241530647167762,-20.66141099,15.56472346688104,-0.849379469,7.209286300227421,-14.97932097,13.28056203357812,-67.71526524,42.48186026982651,-150.9781814,15.54765089
-4.3,27,-12.62264004,7.572227540044504,-27.46393331,2.218653217426944,-2.540228027,9.212099049,-20.59561039,15.51515433136711,-0.846674442,7.186326811678782,-14.93161617,13.23826729048778,-67.49961173,42.34656785098015,-150.4973596,15.49813612439573
-4.2,27,-12.58231197,7.548035027635992,-27.37618877,2.211564841466419,-2.532112251,9.182667310645972,-20.52980946,15.46558495939857,-0.843969401,7.163367213655617,-14.88391115,13.19597235,-67.2839572,42.21127478696585,-150.0165355,15.44862112451425
-4.1,27,-12.54198408,7.523842630549843,-27.28844466,2.204476499235051,-2.523996515,9.153235712503681,-20.46400885,15.41601582373784,-0.841264374,7.140407725118086,-14.83620635,13.15367760266133,-67.06830369,42.07598236734218,-149.5357137,15.39910635929816
-4,27,-12.5016562,7.499650233524367,-27.20070055,2.197388157122598,-2.515880778,9.123804114,-20.39820824,15.36644668816028,-0.838559346,7.117448236576069,-14.78850155,13.11138285958397,-66.85265019,41.94068994849583,-149.054892,15.34959159560557
-3.9,27,-12.46132831,7.475457836498907,-27.11295644,2.190299815010178,-2.507765041,9.094372516336431,-20.33240764,15.31687755264633,-0.835854318,7.094488748020962,-14.74079675,13.06908811648096,-66.63699669,41.80539752887218,-148.5740702,15.30007683038954
-3.8,27,-12.42100033,7.451265381812265,-27.02521212,2.183211456033177,-2.499649285,9.064940848046275,-20.26660687,15.26730829884775,-0.833149284,7.071529204739928,-14.69309184,13.02679327256639,-66.42134267,41.67010478744169,-148.0932473,15.25056195
-3.7,27,-12.38067245,7.427072984726104,-26.93746801,2.176123113801786,-2.491533549,9.035509249925445,-20.20080626,15.21773916322907,-0.830444257,7.048569716184767,-14.64538704,12.98449852946327,-66.20568916,41.53481237,-147.6124255,15.20104718490994
-3.6,27,-12.34034447,7.402880530039463,-26.84972369,2.169034754824787,-2.483417793,9.006077582,-20.13500549,15.16816990946051,-0.827739223,7.025610172911652,-14.59768213,12.94220368556423,-65.99003514,41.39951962638786,-147.1316026,15.15153230159939
-3.5,27,-12.30001658,7.378688132953311,-26.76197957,2.161946412593412,-2.475302056,8.976645983552327,-20.06920489,15.11860077388603,-0.825034195,7.002650684355213,-14.54997733,12.89990894,-65.77438164,41.26422720676421,-146.6507808,15.10201753638334
-3.4,27,-12.2596887,7.354495735927847,-26.67423546,2.154858070480985,-2.467186319,8.947214385423871,-20.00340428,15.06903163825241,-0.822329168,6.979691195821954,-14.50227253,12.85761419939841,-65.55872813,41.12893478791787,-146.169959,15.05250277
-3.3,27,-12.21936072,7.330303281180509,-26.58649114,2.147769711385022,-2.459070563,8.917782717161504,-19.93760351,15.01946238450829,-0.819624134,6.956731652542226,-14.45456762,12.81531936,-65.34307412,40.99364204648754,-145.6891361,15.00298789090375
-3.2,27,-12.17903283,7.306110884,-26.49874703,2.140681369272585,-2.450954826,8.888351119,-19.8718029,14.96989324888837,-0.816919106,6.933772163993607,-14.40686282,12.77302461,-65.12742061,40.85834962686389,-145.2083143,14.95347312568771
-3.1,27,-12.13870485,7.281918429468406,-26.41100271,2.133593010295602,-2.44283907,8.858919450788395,-19.80600214,14.92032399516527,-0.814214072,6.910812620712654,-14.35915791,12.73072976848169,-64.91176659,40.72305688543356,-144.7274914,14.90395824390066
-3,27,-12.09837697,7.257726032442943,-26.3232586,2.126504668183175,-2.434723334,8.829487852649216,-19.74020153,14.87075485951063,-0.811509044,6.887853132164044,-14.31145311,12.68843502539141,-64.69611309,40.58776447,-144.2466697,14.85444347868462
-2.9,27,-12.05804908,7.233533635417476,-26.23551449,2.119416326070739,-2.426607597,8.800056254527755,-19.67440092,14.82118572389072,-0.808804017,6.864893643615492,-14.26374832,12.64614028230124,-64.48045958,40.45247204696354,-143.7658479,14.80492871499202
-2.8,27,-12.0177211,7.209341180670141,-26.14777017,2.112327966974785,-2.418491841,8.770624586276099,-19.60860015,14.77161647016759,-0.806098983,6.841934100334507,-14.2160434,12.60384543838677,-64.26480556,40.31717930553322,-143.285025,14.75541383
-2.7,27,-11.97739321,7.185148783644686,-26.06002605,2.105239624862373,-2.410376104,8.741192988172473,-19.54279954,14.72204733458264,-0.803393955,6.818974612,-14.16833861,12.56155069529648,-64.04915206,40.18188688590956,-142.8042032,14.70589906798892
-2.6,27,-11.93706523,7.160956328958031,-25.97228173,2.098151265885349,-2.402260348,8.711761319885273,-19.47699878,14.67247808078985,-0.800688921,6.796015068506168,-14.12063369,12.51925585138448,-63.83349804,40.04659414409057,-142.3233803,14.65638418544014
-2.5,27,-11.89673735,7.136763931871873,-25.88453762,2.091062923653961,-2.394144611,8.682329721782313,-19.41119817,14.62290895,-0.797983894,6.773055579972858,-14.0729289,12.47696110832419,-63.61784454,39.91130172485558,-141.8425585,14.60686942098584
-2.4,27,-11.85640946,7.112571534846412,-25.79679351,2.083974582,-2.386028875,8.652898123660181,-19.34539756,14.57333980958497,-0.795278866,6.750096091,-14.0252241,12.43466636521868,-63.40219103,39.77600930600916,-141.3617367,14.55735465729313
-2.3,27,-11.81608148,7.088379080159769,-25.70904919,2.076886222564537,-2.377913119,8.623466455,-19.27959679,14.52377055584945,-0.792573832,6.727136548143284,-13.97751919,12.39237152131948,-63.18653701,39.64071656380158,-140.8809138,14.50783977398272
-2.2,27,-11.7757536,7.064186683,-25.62130508,2.069797880452118,-2.369797382,8.594034857274867,-19.21379618,14.47420142021803,-0.789868805,6.704177059588151,-13.92981439,12.35007677821641,-62.97088351,39.50542414495516,-140.400092,14.45832501029002
-2.1,27,-11.73542562,7.039994228386974,-25.53356076,2.062709521356162,-2.361681626,8.564603189018376,-19.14799542,14.42463216648543,-0.787163771,6.681217516307187,-13.88210948,12.30778193430198,-62.75522949,39.37013140274758,-139.9192691,14.40881013
-2,27,-11.69509773,7.015801831361505,-25.44581665,2.055621179243721,-2.353565889,8.535171590906952,-19.08219481,14.37506303088519,-0.784458743,6.658258027752021,-13.83440468,12.26548719119885,-62.53957598,39.23483898390118,-139.4384473,14.35929536328692
-1.9,27,-11.6547698,6.991609405444767,-25.35807243,2.048532828580068,-2.345450143,8.505739957729357,-19.01639412,14.32549383623124,-0.781753712,6.635298512,-13.78669982,12.2231924,-62.32392222,39.09954640337427,-138.957625,14.30978053978554
-1.8,27,-11.61444187,6.967416979649408,-25.27032821,2.041444478154313,-2.337334396,8.476308324521645,-18.95059343,14.27592464151826,-0.779048681,6.612338995929023,-13.73899497,12.18089760420703,-62.10826846,38.96425382284719,-138.4768026,14.26026571628383
-1.7,27,-11.57411398,6.943224582563245,-25.1825841,2.034356135922915,-2.32921866,8.446876726401001,-18.88479283,14.22635550589995,-0.776343654,6.589379507373829,-13.69129017,12.13860286110384,-61.89261496,38.82896140361218,-137.9959809,14.21075095
-1.6,27,-11.53378605,6.919032157,-25.09483988,2.027267785378198,-2.321102913,8.417445093240415,-18.81899214,14.17678631127934,-0.773638623,6.566419991469132,-13.64358531,12.09630806762126,-61.67696119,38.69366882308528,-137.5151585,14.16123612832812
-1.5,27,-11.49345812,6.894839730851146,-25.00709567,2.020179435,-2.312987167,8.388013460015685,-18.75319145,14.12721712,-0.770933592,6.543460476,-13.59588046,12.05401327409926,-61.46130743,38.55837624294686,-137.0343362,14.11172130558816
-1.4,27,-11.45313018,6.870647304934392,-24.91935145,2.013091084169815,-2.304871421,8.358581826835298,-18.68739076,14.07764792187358,-0.768228561,6.520500959642543,-13.5481756,12.01171848,-61.24565367,38.42308366,-136.5535138,14.06220648132503
-1.3,27,-11.41280225,6.846454879078335,-24.83160724,2.006002733625094,-2.296755674,8.329150193616902,-18.62159008,14.02807872713966,-0.765523531,6.497541443731259,-13.50047075,11.96942368712691,-61.02999991,38.28779108189286,-136.0726915,14.01269165858505
-1.2,27,-11.37247437,6.822262482052871,-24.74386312,1.998914391512663,-2.288639937,8.299718595534264,-18.55578947,13.97850959159584,-0.762818503,6.474581955182674,-13.45276595,11.92712894403668,-60.8143464,38.15249866265787,-135.5918697,13.96317689413075
-1.1,27,-11.33214643,6.798070056136129,-24.65611891,1.991826040849002,-2.280524191,8.270286962329337,-18.48998878,13.92894039688832,-0.760113472,6.451622439257843,-13.4050611,11.88483415051464,-60.59869264,38.01720608213095,-135.1110474,13.91366207062935
-1,27,-11.2918185,6.773877630280079,-24.56837469,1.984737690304293,-2.272408445,8.240855329141628,-18.42418809,13.87937120221455,-0.757408441,6.428662923353098,-13.35735624,11.84253935703196,-60.38303888,37.88191350160388,-134.630225,13.86414724712766
-0.9,27,-11.25149057,6.749685204424027,-24.48063048,1.977649339759582,-2.264292698,8.211423695974899,-18.3583874,13.82980200758189,-0.754703411,6.405703407448392,-13.30965138,11.80024456354937,-60.16738512,37.74662092107696,-134.1494027,13.81463242362625
-0.8,27,-11.21116266,6.725492792952922,-24.39288631,1.970560993371532,-2.256176957,8.181992080328927,-18.29258676,13.78023284245193,-0.751998382,6.382743905,-13.26194656,11.75794979522762,-59.95173149,37.61132842,-133.6685806,13.76511763
-0.7,27,-11.17083473,6.701300367036168,-24.3051421,1.963472642707847,-2.24806121,8.152560447104198,-18.22678607,13.73066365,-0.749293351,6.359784389292451,-13.2142417,11.71565500173216,-59.73607772,37.47603584086323,-133.1877583,13.71560281
-0.6,27,-11.13050682,6.677107955625759,-24.21739793,1.956384296,-2.239945469,8.123128831462614,-18.16098542,13.68109448258424,-0.746588322,6.336824887063651,-13.16653688,11.67336023344152,-59.52042409,37.34074334078797,-132.7069362,13.66608801216882
-0.5,27,-11.09017888,6.652915529709015,-24.12965372,1.949295945775093,-2.231829722,8.093697198288549,-18.09518473,13.63152528793721,-0.743883291,6.313865371161918,-13.11883202,11.63106543996475,-59.30477033,37.20545076064956,-132.2261138,13.61657319
-0.4,27,-11.04985096,6.628723111075782,-24.04190953,1.942207597368188,-2.223713979,8.064265573850033,-18.02938407,13.58195610799286,-0.741178261,6.290905862081581,-13.07112718,11.58877065905151,-59.08911663,37.07015822054273,-131.7452916,13.56705838
-0.3,27,-11.00952304,6.604530692381855,-23.95416533,1.935119248842325,-2.215598235,8.034833949428561,-17.9635834,13.53238692808191,-0.738473231,6.267946353001807,-13.02342234,11.54647587813937,-58.87346294,36.93486568004732,-131.2644694,13.51754357156869
-0.2,27,-10.96919512,6.580338270106863,-23.86642113,1.928030899307034,-2.207482489,8.005402320628381,-17.89778272,13.48281774,-0.7357682,6.244986840514644,-12.97571749,11.50418109095195,-58.65780921,36.79957312,-130.7836472,13.46802875554324
-0.1,27,-10.92886719,6.556145849652747,-23.77867694,1.920942550335928,-2.199366745,7.975970694022904,-17.83198205,13.43324855721135,-0.73306317,6.222027329737296,-12.92801265,11.46188630691417,-58.44215549,36.66428056990711,-130.3028249,13.41851394401748
0,27,-10.88853927,6.531953429198651,-23.69093274,1.913854201364861,-2.191251,7.946539067397278,-17.76618137,13.38367937358502,-0.73035814,6.199067818954205,-12.8803078,11.41959152286514,-58.22650178,36.52898801930659,-129.8220027,13.36899913
0.1,27,-10.84821134,6.507761008744532,-23.60318854,1.906765852393749,-2.183135256,7.917107440776849,-17.7003807,13.33411018996886,-0.72765311,6.176108308157997,-12.83260296,11.37729673879039,-58.01084807,36.39369546909479,-129.3411804,13.31948431868118
0.2,27,-10.80788342,6.483568588290431,-23.51544435,1.899677503422675,-2.175019511,7.887675814,-17.63458003,13.28454100638203,-0.72494808,6.153148797,-12.78489811,11.33500195475267,-57.79519435,36.25840291888291,-128.8603582,13.26996951
0.3,27,-10.76755549,6.459376166015437,-23.42770014,1.892589153887377,-2.166903766,7.858244185356906,-17.56877935,13.23497182,-0.722243049,6.130189284893512,-12.73719327,11.29270716756524,-57.57954062,36.12311035856595,-128.3795359,13.22045469036826
0.4,27,-10.72722757,6.435183747,-23.33995595,1.885500805361515,-2.158788022,7.828812560949268,-17.50297868,13.18540263918647,-0.719538019,6.107229775813668,-12.68948843,11.25041238665297,-57.36388692,35.98781782,-127.8987137,13.17093988181894
0.5,27,-10.68689965,6.410991328688276,-23.25221176,1.878412456954608,-2.150672278,7.799380936521923,-17.43717802,13.13583345926402,-0.716832989,6.084270266733366,-12.64178358,11.20811760573979,-57.14823323,35.85252527835226,-127.4178915,13.12142507326961
0.6,27,-10.64657172,6.386798902771536,-23.16446755,1.871324106290951,-2.142556532,7.769949303316999,-17.37137733,13.08626426,-0.714127958,6.061310751,-12.59407873,11.16582281,-56.93257947,35.71723269782527,-126.9370692,13.07191024976807
0.7,27,-10.60624381,6.362606491300422,-23.07672338,1.864235759902883,-2.13444079,7.740517687669722,-17.30557668,13.03669509942398,-0.711422929,6.038351248602837,-12.5463739,11.12352804,-56.71692583,35.58194019775002,-126.4562471,13.02239545540942
0.8,27,-10.56591588,6.338414065505062,-22.98897917,1.857147409477125,-2.126325044,7.711086054476347,-17.23977599,12.98712590473911,-0.708717898,6.015391732691583,-12.49866905,11.08123325047696,-56.50127207,35.44664762,-125.9754248,12.97288063266945
0.9,27,-10.52558797,6.314221653973266,-22.901235,1.850059062970123,-2.118209302,7.681654438830376,-17.17397534,12.93755673960915,-0.706012869,5.992432230446928,-12.45096422,11.03893848215525,-56.28561844,35.31135511792493,-125.4946027,12.92336584
1,27,-10.48526004,6.290029228117208,-22.81349079,1.842970712,-2.110093556,7.652222805655019,-17.10817466,12.88798754495958,-0.703307839,5.969472714542212,-12.40325937,10.99664368867263,-56.06996468,35.17606253700929,-125.0137804,12.87385101480913
1.1,27,-10.4449321,6.265836802200465,-22.72574657,1.835882361761735,-2.101977809,7.622791172435979,-17.04237397,12.83841835,-0.700602808,5.946513199,-12.35555451,10.95434889518993,-55.85431091,35.04076995687096,-124.532958,12.82433619206933
1.2,27,-10.40460417,6.241644376405106,-22.63800235,1.828794011,-2.093862063,7.593359539270528,-16.97657328,12.78884915559425,-0.697897777,5.923553682712638,-12.30784966,10.91205410166792,-55.63865715,34.90547737634397,-124.0521357,12.77482137
1.3,27,-10.36427629,6.217451979379656,-22.55025824,1.821705669223579,-2.085746326,7.563927941142731,-16.91077267,12.73928001996192,-0.695192749,5.900594194164063,-12.26014486,10.86975935857771,-55.42300365,34.77018495710897,-123.5713139,12.72530660411348
1.4,27,-10.32394835,6.193259553462899,-22.46251402,1.814617318559886,-2.07763058,7.534496308,-16.84497199,12.68971082527248,-0.692487719,5.877634678252746,-12.21244,10.82746456508216,-55.20734989,34.63489237658195,-123.0904916,12.67579178061189
1.5,27,-10.28362042,6.169067127606854,-22.37476981,1.807528968015188,-2.069514834,7.505064674758232,-16.7791713,12.64014163059658,-0.689782688,5.854675162350962,-12.16473515,10.78516977160529,-54.99169612,34.49959979605498,-122.6096692,12.62627695711038
1.6,27,-10.24329249,6.144874701690099,-22.28702559,1.800440617351498,-2.061399087,7.475633041583358,-16.71337061,12.59057243594796,-0.687077657,5.831715646426145,-12.11703029,10.74287497808327,-54.77604236,34.36430721591665,-122.1288469,12.57676213437059
1.7,27,-10.20296455,6.120682275834052,-22.19928138,1.793352266806798,-2.053283341,7.446201408378793,-16.64756992,12.54100324124115,-0.684372626,5.808756130521431,-12.06932544,10.70058018460066,-54.5603886,34.22901463500099,-121.6480245,12.52724731010726
1.8,27,-10.16263667,6.096489878747885,-22.11153726,1.786263924575394,-2.045167604,7.416769810257965,-16.58176931,12.49143410562248,-0.681667599,5.785796641966274,-12.02162064,10.65828544149755,-54.3447351,34.09372221576605,-121.1672027,12.47773254565308
1.9,27,-10.12230874,6.072297452891835,-22.02379305,1.779175574030685,-2.037051858,7.387338177088118,-16.51596863,12.44186491098371,-0.678962568,5.762837126,-11.97391578,10.61599064798836,-54.12908133,33.95842963562765,-120.6863804,12.42821772291317
2,27,-10.0819808,6.048105027035785,-21.93604883,1.772087223485977,-2.028936111,7.357906543894067,-16.45016794,12.39229571629751,-0.676257537,5.739877610130136,-11.92621093,10.57369585447997,-53.91342757,33.82313705471201,-120.205558,12.37870289864988
2.1,27,-10.04165292,6.02391263,-21.84830472,1.764998881373545,-2.020820375,7.328474945800555,-16.38436733,12.34272658073238,-0.673552509,5.716918121588153,-11.87850613,10.53140111140268,-53.69777407,33.68784463547707,-119.7247363,12.32918813
2.2,27,-10.00132494,5.999720175262983,-21.7605604,1.757910522277585,-2.012704619,7.299043277504732,-16.31856656,12.29315732692269,-0.670847475,5.693958578307162,-11.83080122,10.48910626748819,-53.48212005,33.55255189404667,-119.2439134,12.27967325240852
2.3,27,-9.960997054,5.975527778237528,-21.67281629,1.750822180165176,-2.004588882,7.269611679400285,-16.25276596,12.24358819133612,-0.668142448,5.670999089752016,-11.78309642,10.44681152,-53.26646654,33.41725947481175,-118.7630916,12.23015848795436
2.4,27,-9.920669073,5.951335323490181,-21.58507197,1.743733821069196,-1.996473126,7.240180011120247,-16.18696519,12.19401893755737,-0.665437414,5.648039546478818,-11.73539151,10.40451668048589,-53.05081253,33.28196673299269,-118.2822687,12.18064360540542
2.5,27,-9.880341188,5.927142926464721,-21.49732786,1.736645478956776,-1.988357389,7.210748413015401,-16.12116458,12.14444980197002,-0.662732386,5.625080057922432,-11.68768671,10.36222193738037,-52.83515902,33.14667431375769,-117.8014469,12.13112884095111
2.6,27,-9.840013303,5.902950529439261,-21.40958374,1.729557136844354,-1.980241652,7.181316814894323,-16.05536397,12.09488066635086,-0.660027359,5.602120569389125,-11.63998191,10.31992719432008,-52.61950552,33.01138189491133,-117.3206251,12.08161407725853
2.7,27,-9.799685322,5.878758074752614,-21.32183942,1.722468777867347,-1.972125896,7.151885146633432,-15.98956321,12.04531141260964,-0.657322325,5.579161026109392,-11.592277,10.27763235040807,-52.4038515,32.87608915,-116.8398022,12.03209919394801
2.8,27,-9.759357438,5.854565677727152,-21.23409531,1.715380435754922,-1.96401016,7.122453548512365,-15.9237626,11.99574228,-0.654617297,5.556201537560778,-11.5445722,10.23533760731778,-52.18819799,32.74079673385734,-116.3589804,11.98258443025543
2.9,27,-9.719029457,5.830373222979813,-21.14635099,1.708292076658958,-1.955894404,7.093021880260708,-15.85796183,11.94617302326737,-0.651912263,5.533241994279832,-11.49686729,10.19304276340338,-51.97254397,32.60550399203836,-115.8781575,11.93306954770666
3,27,-9.678701572,5.806180825954356,-21.05860688,1.701203734546542,-1.947778667,7.063590282130389,-15.79216122,11.89660389,-0.649207236,5.510282505731296,-11.44916249,10.15074802031325,-51.75689047,32.47021157280328,-115.3973357,11.88355478325218
3.1,27,-9.638373687,5.781988429,-20.97086277,1.694115392434108,-1.93966293,7.034158684000067,-15.72636061,11.84703475199282,-0.646502208,5.487323017182662,-11.40145769,10.10845327722292,-51.54123697,32.33491915356836,-114.9165139,11.83404001879803
3.2,27,-9.598045706,5.757795974181552,-20.88311845,1.687027033338149,-1.931547174,7.004727015748411,-15.66055985,11.79746549826969,-0.643797174,5.464363473901696,-11.35375278,10.06615843330849,-51.32558295,32.19962641174937,-114.435691,11.78452513624924
3.3,27,-9.557717822,5.733603577156085,-20.79537433,1.679938691225715,-1.923431437,6.975295417627348,-15.59475924,11.74789636265056,-0.641092146,5.441403985353103,-11.30604798,10.02386369021824,-51.10992944,32.06433399290304,-113.9548693,11.73501037
3.4,27,-9.517389841,5.709411122469451,-20.70763001,1.672850332,-1.915315681,6.945863749366456,-15.52895847,11.69832710890933,-0.638387112,5.418444442073373,-11.25834307,9.981568846306226,-50.89427542,31.92904125,-113.4740463,11.68549548924616
3.5,27,-9.477061956,5.685218725443987,-20.6198859,1.665761990136302,-1.907199945,6.916432151245371,-15.46315786,11.64875797329016,-0.635682085,5.395484953540086,-11.21063827,9.939274103245976,-50.67862192,31.79374883184903,-112.9932246,11.63598072555357
3.6,27,-9.436734071,5.661026328,-20.53214179,1.658673648023866,-1.899084208,6.887000553140529,-15.39735725,11.59918883770282,-0.632977057,5.372525464983629,-11.16293347,9.896979360140316,-50.46296841,31.65845641261404,-112.5124028,11.58646596109927
3.7,27,-9.39640609,5.636833873671185,-20.44439747,1.651585288927912,-1.890968452,6.857568884868769,-15.33155649,11.54961958394029,-0.630272023,5.349565921710485,-11.11522856,9.854684516241212,-50.24731439,31.52316367079498,-112.0315799,11.53695107855035
3.8,27,-9.356078206,5.612641476645719,-20.35665336,1.644496947,-1.882852715,6.828137286755394,-15.26575588,11.50005044833623,-0.627566996,5.326606433155365,-11.06752376,9.812389773138172,-50.03166089,31.38787125156005,-111.5507581,11.48743631409616
3.9,27,-9.315750225,5.588449021898385,-20.26890904,1.637408587719525,-1.874736959,6.798705618479881,-15.19995511,11.45048119456634,-0.624861962,5.303646889874361,-11.01981885,9.770094929223664,-49.81600687,31.25257851012966,-111.0699352,11.43792143230901
4,27,-9.27542234,5.564256624872925,-20.18116493,1.630320245607104,-1.866621222,6.769274020368069,-15.1341545,11.40091205896534,-0.622156934,5.280687401332311,-10.97211405,9.727800186,-49.60035337,31.11728609089472,-110.5891134,11.38840666785482
4.1,27,-9.235094455,5.540064227847453,-20.09342081,1.623231903494661,-1.858505486,6.739842422278438,-15.06835389,11.35134292340782,-0.619451907,5.257727912777191,-10.92440926,9.685505443043198,-49.38469986,30.98199367127106,-110.1082916,11.33889190263875
4.2,27,-9.19476657,5.515871830761298,-20.0056767,1.616143561263279,-1.850389749,6.710410824159061,-15.00255329,11.30177378779199,-0.616746879,5.234768424239672,-10.87670446,9.643210699974656,-49.16904636,30.84670125203605,-109.6274699,11.28937713818442
4.3,27,-9.154438493,5.491679318413482,-19.91793217,1.609055185421717,-1.842273974,6.680979085715946,-14.93675236,11.25220441584558,-0.614041838,5.211808826216492,-10.82899943,9.600915755216748,-48.95339182,30.71140819,-109.1466458,11.23986213754119
4.4,27,-9.114110609,5.467486921388023,-19.83018806,1.601966843309299,-1.834158237,6.651547488,-14.87095175,11.20263528022481,-0.611336811,5.188849337667904,-10.78129463,9.558621012,-48.73773832,30.57611576878668,-108.665824,11.19034737384849
4.5,27,-9.073782724,5.443294524301855,-19.74244395,1.594878501077892,-1.8260425,6.622115889496944,-14.80515115,11.15306614465263,-0.608631783,5.165889849111476,-10.73358984,9.516326269020906,-48.52208482,30.44082334955175,-108.1850022,11.14083260939431
4.6,27,-9.033454839,5.419102127276394,-19.65469984,1.587790158965468,-1.817926764,6.592684291395118,-14.73935054,11.10349700907121,-0.605926756,5.142930361,-10.68588504,9.474031526,-48.30643131,30.30553093031674,-107.7041805,11.09131784493999
4.7,27,-8.993126954,5.394909730250925,-19.56695573,1.580701816853029,-1.809811027,6.563252693280055,-14.67354993,11.05392787346384,-0.603221728,5.119970872023034,-10.63818024,9.431736782857547,-48.09077781,30.17023851108174,-107.2233587,11.04180308048569
4.8,27,-8.952798877,5.370717217842417,-19.4792112,1.573613440892514,-1.801695251,6.533820954839362,-14.607749,11.00435850152217,-0.600516688,5.097011274012999,-10.59047521,9.389441838125405,-47.87512327,30.03494544706736,-106.7425346,10.99228808060405
4.9,27,-8.912470992,5.346524820816952,-19.39146708,1.566525098780083,-1.793579515,6.504389356719755,-14.5419484,10.95478936590589,-0.59781166,5.074051785468906,-10.54277042,9.347147095043976,-47.65946977,29.89965302783236,-106.2617129,10.94277331614973
5,27,-8.872143108,5.322332423791491,-19.30372297,1.559436757,-1.785463778,6.474957759,-14.47614779,10.90522023031731,-0.595106633,5.051092296920288,-10.49506562,9.304852351953679,-47.44381626,29.76436060859743,-105.7808911,10.89325855169556
5.1,27,-8.831815223,5.298140026766019,-19.21597886,1.552348414555215,-1.777348041,6.445526161,-14.41034718,10.85565109474307,-0.592401605,5.028132808371749,-10.44736082,9.262557608863537,-47.22816276,29.62906818936242,-105.3000693,10.84374378724124
5.2,27,-8.791487338,5.273947629740565,-19.12823475,1.545260072442806,-1.769232305,6.416094562396512,-14.34454657,10.80608195912679,-0.589696577,5.005173319827623,-10.39965602,9.220262865782045,-47.01250925,29.49377576973876,-104.8192475,10.79422902202517
5.3,27,-8.751159261,5.249755117332048,-19.04049022,1.538171696482271,-1.761116529,6.386662824,-14.27874565,10.75651258718512,-0.586991537,4.982213721817573,-10.351951,9.177967921049872,-46.79685472,29.35848270572438,-104.3384235,10.74471402214353
5.4,27,-8.710831376,5.225562720306582,-18.95274611,1.531083354369841,-1.753000792,6.357231225847087,-14.21294504,10.70694345159016,-0.584286509,4.959254233262421,-10.3042462,9.135673177946767,-46.58120122,29.22319028648938,-103.8576017,10.69519925768922
5.5,27,-8.670503492,5.201370323220424,-18.865002,1.523995012138453,-1.744885056,6.327799627742101,-14.14714443,10.65737431600254,-0.581581482,4.936294744729121,-10.2565414,9.093378434886493,-46.36554771,29.08789786725445,-103.3767799,10.64568449323504
5.6,27,-8.630175607,5.177177926194962,-18.77725788,1.516906670026028,-1.736769319,6.298368029644993,-14.08134382,10.60780518043036,-0.578876454,4.913335256172696,-10.2088366,9.051083691780894,-46.14989421,28.95260544801945,-102.8959581,10.59616972878074
5.7,27,-8.589847722,5.152985529169497,-18.68951377,1.509818327913596,-1.728653582,6.268936431526266,-14.01554321,10.55823604481581,-0.576171427,4.890375767624105,-10.1611318,9.008788948690651,-45.9342407,28.81731302878444,-102.4151364,10.54665496432641
5.8,27,-8.549519645,5.128793016760987,-18.60176924,1.502729951953077,-1.720537807,6.239504693079979,-13.94974229,10.50866667286317,-0.573466386,4.867416169600958,-10.11342678,8.966494003932807,-45.71858617,28.68201996477006,-101.9343123,10.49713996444476
5.9,27,-8.50919176,5.104600619735524,-18.51402513,1.49564161,-1.71242207,6.210073094960606,-13.88394168,10.45909753724735,-0.570761359,4.844456681063407,-10.06572198,8.924199260864203,-45.50293267,28.54672754553515,-101.4534905,10.44762519999063
6,27,-8.468863876,5.080408223,-18.42628102,1.488553268,-1.704306334,6.180641496870973,-13.81814107,10.40952840168982,-0.568056331,4.821497192508253,-10.01801718,8.881904517761095,-45.28727916,28.41143512630014,-100.9726688,10.39811044
6.1,27,-8.428535991,5.056215825684593,-18.33853691,1.481464925615787,-1.696190597,6.151209898759157,-13.75234046,10.35995926608881,-0.565351304,4.798537703966286,-9.970312382,8.839609774683833,-45.07162566,28.27614270706512,-100.491847,10.34859567108196
6.2,27,-8.388208106,5.032023428659128,-18.2507928,1.474376583503357,-1.68807486,6.121778301,-13.68653985,10.31039013048638,-0.562646276,4.775578215428714,-9.922607584,8.797315031615186,-44.85597215,28.14085028783013,-100.0110252,10.29908090662766
6.3,27,-8.347880029,5.007830916250621,-18.16304827,1.467288207542842,-1.679959085,6.092346562205917,-13.62073893,10.26082075854471,-0.559941236,4.752618617405579,-9.874902558,8.755020086857368,-44.64031762,28.00555722,-99.53020114,10.24956590598428
6.4,27,-8.307552144,4.983638519225157,-18.07530415,1.460199865430413,-1.671843348,6.062914964,-13.55493832,10.21125162295855,-0.557236208,4.729659128856968,-9.82719776,8.712725343767083,-44.42466411,27.87026480419216,-99.04937937,10.20005114
6.5,27,-8.267224259,4.959446122199694,-17.98756004,1.453111523317986,-1.663727611,6.033483365990501,-13.48913771,10.16168249,-0.55453118,4.706699640300568,-9.779492961,8.670430600661534,-44.20901061,27.73497238495716,-98.5685576,10.15053637707578
6.6,27,-8.226896375,4.935253725,-17.89981593,1.446023181205559,-1.655611875,6.004051767872593,-13.4233371,10.11211335174585,-0.551826153,4.683740151767296,-9.731788163,8.628135857601315,-43.99335711,27.59967996572215,-98.08773582,10.10102161262145
6.7,27,-8.18656849,4.911061328088067,-17.81207182,1.438934838974161,-1.647496138,5.974620169768351,-13.35753649,10.06254421615968,-0.549121125,4.660780663212064,-9.684083365,8.585841114498054,-43.7777036,27.46438754687572,-97.60691405,10.05150684892875
6.8,27,-8.146240413,4.886868816,-17.72432729,1.431846463132599,-1.639380362,5.945188431304747,-13.29173557,10.01297484417311,-0.546416085,4.637821065202046,-9.636378339,8.543546169765944,-43.56204907,27.32909448247278,-97.12608998,10.00199184828553
6.9,27,-8.105912528,4.862676418714783,-17.63658318,1.424758121020163,-1.631264626,5.915756833235813,-13.22593496,9.963405708656152,-0.543711057,4.614861576657966,-9.588673541,8.501251426684542,-43.34639556,27.19380206323784,-96.64526821,9.952477083831333
7,27,-8.065584643,4.838484021628627,-17.54883907,1.417669778788781,-1.623148889,5.886325235105493,-13.16013435,9.913836573018877,-0.54100603,4.591902088109401,-9.540968743,8.458956683594348,-43.13074206,27.05850964400284,-96.16444644,9.902962319377025
7.1,27,-8.025256759,4.814291624542469,-17.46109495,1.410581436557393,-1.615033152,5.856893636981498,-13.09433374,9.864267437,-0.538301002,4.568942599560785,-9.493263945,8.416661940504055,-42.91508855,26.92321722476784,-95.68362466,9.853447555
7.2,27,-7.984928874,4.790099228,-17.37335084,1.403493094563925,-1.606917416,5.827462038912564,-13.02853313,9.814698301877039,-0.535595974,4.545983111016672,-9.445559146,8.374367197422588,-42.69943505,26.78792481,-95.20280289,9.803932791229968
7.3,27,-7.944600797,4.765906715169187,-17.28560631,1.396404718603399,-1.59880164,5.798030300448955,-12.96273221,9.765128929890459,-0.532890934,4.523023513006667,-9.397854121,8.332072252690503,-42.48378052,26.65263174112981,-94.72197882,9.75441779
7.4,27,-7.904272912,4.741714318143724,-17.1978622,1.389316376490971,-1.590685904,5.768598702344714,-12.8969316,9.715559794304296,-0.530185906,4.500064024451512,-9.350149323,8.289777509587394,-42.26812701,26.51733932189486,-94.24115705,9.704903025370818
7.5,27,-7.863945027,4.717521921,-17.11011809,1.382228034319058,-1.582570167,5.739167104226813,-12.83113099,9.665990658691364,-0.527480879,4.477104535918181,-9.302444524,8.247482766527058,-42.05247351,26.38204690265987,-93.76033527,9.655388260916531
7.6,27,-7.823617143,4.693329524032096,-17.02237398,1.375139692147144,-1.57445443,5.709735506115639,-12.76533038,9.616421523091613,-0.524775851,4.454145047361812,-9.254739726,8.205188023421568,-41.83682,26.24675448381344,-93.2795135,9.605873497223804
7.7,27,-7.783289258,4.669137127006633,-16.93462987,1.368051350034716,-1.566338693,5.680303908011395,-12.69952977,9.566852387505447,-0.522070824,4.431185558813196,-9.207034928,8.162893280331277,-41.6211665,26.11146206457843,-92.79869173,9.556358732769468
7.8,27,-7.742961181,4.644944614628471,-16.84688534,1.360962974133677,-1.558222918,5.650872169570706,-12.63372885,9.517283015563786,-0.519365783,4.408225961,-9.159329902,8.120598335573376,-41.40551196,25.97616900017549,-92.31786766,9.506843732126271
7.9,27,-7.702633296,4.620752217572663,-16.75914122,1.353874631961775,-1.550107181,5.621440571458156,-12.56792824,9.467713879961341,-0.516660756,4.385266472,-9.111625104,8.078303592504833,-41.18985846,25.84087658094055,-91.83704589,9.457328967672069
8,27,-7.662305411,4.596559820547193,-16.67139711,1.346786289849335,-1.541991445,5.592008973,-12.50212763,9.418144744360333,-0.513955728,4.362306984,-9.063920306,8.036008849427466,-40.97420496,25.70558416170554,-91.35622411,9.407814203217754
8.1,27,-7.621977334,4.572367308169031,-16.58365258,1.339697913948295,-1.533875669,5.562577234895565,-12.43632671,9.368575372398906,-0.511250688,4.339347385687288,-9.01621528,7.993713904669537,-40.75855042,25.57029109769119,-90.87540005,9.358299203336152
8.199999999999999,27,-7.581649642,4.548175026465914,-16.49590889,1.332609605564993,-1.525759971,5.533145777,-12.37052642,9.319006473186976,-0.508545673,4.316388006617777,-8.968510709,7.951419363255758,-40.54289795,25.43499932362412,-90.39458057,9.308784675
8.300000000000001,27,-7.541321565,4.523982514057407,-16.40816436,1.325521229604475,-1.517644196,5.503714038691047,-12.30472549,9.269437101234354,-0.505840633,4.293428408594615,-8.920805684,7.909124418497887,-40.32724341,25.29970625883258,-89.9137565,9.259269673665891
8.4,27,-7.500993872,4.499790232384645,-16.32042067,1.318432921280666,-1.509528498,5.474282580923385,-12.2389252,9.219868202003948,-0.503135618,4.270469029534623,-8.873101113,7.866829877102764,-40.11159094,25.16441449,-89.43293702,9.209755146162088
8.5,27,-7.460665795,4.475597720006482,-16.23267614,1.311344545379625,-1.501412722,5.444850842475212,-12.17312427,9.170298830047619,-0.500430577,4.247509431489621,-8.825396087,7.824534932302086,-39.8959364,25.02912142075116,-88.95211295,9.160240145518884
8.6,27,-7.420337718,4.451405208,-16.14493161,1.304256169419101,-1.493296947,5.415419104024433,-12.10732335,9.120729458086183,-0.497725537,4.224549833479049,-8.777691061,7.782239988,-39.68028187,24.89382836,-88.47128889,9.110725144875616
8.699999999999999,27,-7.380010026,4.427212925925202,-16.05718791,1.297167861095279,-1.485181249,5.385987646261497,-12.04152306,9.071160559,-0.495020522,4.201590454416531,-8.729986491,7.739945446168818,-39.46462939,24.75853658228113,-87.99046941,9.061210616610204
8.800000000000001,27,-7.339681949,4.403020414,-15.96944338,1.290079485194239,-1.477065474,5.356555907820796,-11.97572213,9.021591186923359,-0.492315482,4.178630856,-8.682281465,7.697650501397209,-39.24897486,24.62324351787826,-87.50964534,9.011695615967135
8.9,27,-7.299354256,4.378828131843928,-15.88169969,1.282991176810945,-1.468949776,5.327124450046981,-11.90992184,8.972022287680893,-0.489610467,4.155671477323846,-8.634576894,7.655355959997143,-39.03332239,24.48795174,-87.02882586,8.962181087701723
9,27,-7.259026179,4.354635619465767,-15.79395516,1.275902800909908,-1.460834,5.297692711603034,-11.84412092,8.922452915732848,-0.486905427,4.132711879298426,-8.586871869,7.613061015234844,-38.81766785,24.35265867979683,-86.54800179,8.912666087820092
9.1,27,-7.218698102,4.330443107087606,-15.70621063,1.268814425,-1.452718225,5.268260973145434,-11.77831999,8.872883543758043,-0.484200386,4.109752281273011,-8.539166843,7.570766070472557,-38.60201332,24.21736561539387,-86.06717773,8.863151087176853
9.199999999999999,27,-7.17837041,4.306250825384486,-15.61846694,1.261726116625558,-1.444602527,5.238829515,-11.7125197,8.823314644527986,-0.481495372,4.086792902210497,-8.491462272,7.528471529072491,-38.38636084,24.08207384132682,-85.58635825,8.813636558911462
9.300000000000001,27,-7.138042332,4.282058313006326,-15.53072241,1.254637740724524,-1.436486751,5.209397776937255,-11.64671878,8.773745272586316,-0.478790331,4.063833304180366,-8.443757246,7.486176584300962,-38.17070631,23.94678077692395,-85.10553418,8.764121558268386
9.4,27,-7.09771464,4.257866031,-15.44297871,1.247549432400704,-1.428371053,5.179966319174308,-11.58091848,8.724176373,-0.476085316,4.040873925117839,-8.396052676,7.443882043,-37.95505383,23.81148900285686,-84.6247147,8.714607030002924
9.5,27,-7.057386563,4.233673519,-15.35523418,1.240461056440186,-1.420255278,5.150534580720368,-11.51511756,8.674607001,-0.473380276,4.017914327,-8.34834765,7.401587098151471,-37.7393993,23.67619593845385,-84.14389063,8.665092029359585
9.6,27,-7.017058486,4.209481006546886,-15.26748965,1.233372680539143,-1.412139503,5.121102842272197,-11.44931663,8.625037629441195,-0.470675235,3.994954729073571,-8.300642624,7.359292153389157,-37.52374477,23.54090287,-83.66306656,8.615577028716352
9.699999999999999,27,-6.976730793,4.185288724874119,-15.17974596,1.226284372215321,-1.404023805,5.091671385,-11.38351634,8.575468730204587,-0.467970221,3.971995350011046,-8.252938054,7.316997612,-37.30809229,23.40561109998384,-83.18224708,8.5660625
9.800000000000001,27,-6.936402716,4.161096212465608,-15.09200143,1.219195996,-1.395908029,5.062239646,-11.31771542,8.525899358258162,-0.46526518,3.949035751980896,-8.205233028,7.274702667217502,-37.09243776,23.27031803558097,-82.70142302,8.516547499807864
9.9,27,-6.896075024,4.136903930762494,-15.00425774,1.212107688,-1.387792331,5.032808188300015,-11.25191512,8.476330459046233,-0.462560166,3.926076372918344,-8.157528457,7.232408125817362,-36.87678528,23.13502626,-82.22060354,8.467032971542437
10,27,-6.855746947,4.112711418,-14.91651321,1.205019311970457,-1.379676556,5.003376449849242,-11.1861142,8.426761087,-0.459855125,3.903116774892978,-8.109823431,7.190113181055172,-36.66113075,22.99973319749953,-81.73977947,8.417517971660814
10.1,27,-6.81541887,4.088518905975827,-14.82876868,1.197930936009952,-1.37156078,4.973944711400027,-11.12031328,8.377191715126438,-0.457150085,3.880157176867539,-8.062118406,7.147818236292838,-36.44547622,22.86444013309659,-81.2589554,8.368002971017596
10.2,27,-6.775091177,4.064326624303051,-14.74102498,1.190842627686114,-1.363445082,4.944513254,-11.05451298,8.327622815881362,-0.45444507,3.857197797805056,-8.014413835,7.105523694892831,-36.22982374,22.72914835902952,-80.77813592,8.318488442752177
10.3,27,-6.7347631,4.040134111924892,-14.65328045,1.183754251785079,-1.355329307,4.915081515184186,-10.98871206,8.278053443939694,-0.45174003,3.8342382,-7.966708809,7.063228750121193,-36.01416921,22.59385529501523,-80.29731186,8.268973443
10.4,27,-6.694435408,4.015941830252124,-14.56553676,1.176665943461257,-1.347213609,4.885650057407273,-10.92291176,8.228484544691156,-0.449035015,3.811278820712352,-7.919004239,7.020934209,-35.79851673,22.45856352094816,-79.81649238,8.219458914605298
10.5,27,-6.654107331,3.991749317843615,-14.47779223,1.169577568,-1.339097833,4.856218318971932,-10.85711084,8.178915172759979,-0.446329974,3.788319222686929,-7.871299213,6.978639263958818,-35.5828622,22.32327045615656,-79.33566831,8.169943913200314
10.6,27,-6.613779254,3.967556805465453,-14.3900477,1.162489191599699,-1.330982058,4.826786580528816,-10.79130992,8.129345800813562,-0.443624934,3.765359624668101,-7.823594187,6.936344319209439,-35.36720767,22.18797739175361,-78.85484424,8.120428912557081
10.7,27,-6.573451561,3.943364523762342,-14.30230401,1.155400883216407,-1.32286636,4.797355122746621,-10.72550962,8.079776901554673,-0.440919919,3.742400245605566,-7.775889616,6.894049777809333,-35.15155519,22.05268561768654,-78.37402476,8.070914384291655
10.8,27,-6.533123484,3.919172011353827,-14.21455948,1.148312507255876,-1.314750585,4.767923384279849,-10.6597087,8.030207529561892,-0.438214879,3.719440647575414,-7.728184591,6.851754833037762,-34.93590066,21.91739255367225,-77.8932007,8.021399384410195
10.9,27,-6.492795792,3.894979729711411,-14.12681578,1.141224198991542,-1.306634887,4.738491926527617,-10.5939084,7.980638630361728,-0.435509864,3.696481269,-7.68048002,6.809460291637754,-34.72024818,21.78210077960518,-77.41238122,7.971884856144769
11,27,-6.452467715,3.870787217302903,-14.03907125,1.134135823031027,-1.298519111,4.709060188086924,-10.52810748,7.931069258,-0.432804824,3.673521670487475,-7.632774994,6.767165347,-34.50459365,21.64680771520225,-76.93155715,7.922369855501572
11.1,27,-6.412139638,3.846594704894393,-13.95132672,1.127047447070505,-1.290403336,4.679628449646233,-10.46230656,7.881499886478398,-0.430099783,3.650562072462086,-7.585069969,6.724870402113154,-34.28893911,21.51151465079929,-76.45073308,7.872854854858325
11.2,27,-6.371811945,3.822402423251974,-13.86358303,1.119959138806167,-1.282287638,4.650196991894002,-10.39650626,7.831930987278235,-0.427394769,3.627602693399578,-7.537365398,6.682575860713099,-34.07328664,21.37622287673223,-75.9699136,7.823340326592927
11.3,27,-6.331483868,3.798209910843462,-13.7758385,1.112870762845644,-1.274171862,4.620765253427228,-10.33070534,7.782361615285451,-0.424689728,3.604643095369391,-7.489660372,6.640280915941459,-33.8576321,21.24092981271793,-75.48908954,7.773825326711439
11.4,27,-6.291156176,3.774017629140352,-13.68809481,1.105782454462351,-1.266056164,4.591333795645032,-10.26490504,7.732792716026559,-0.421984713,3.581683716306898,-7.441955801,6.597986374541434,-33.64197963,21.10563803865087,-75.00827005,7.724310798446041
11.5,27,-6.250828099,3.749825116762183,-13.60035028,1.098694078561299,-1.257940389,4.561902057201915,-10.19910412,7.683223344080141,-0.419279673,3.558724118288035,-7.394250776,6.555691429791987,-33.4263251,20.97034497424792,-74.52744599,7.674795797802787
11.6,27,-6.210500022,3.725632604353674,-13.51260575,1.091605703,-1.249824614,4.532470318766578,-10.1333032,7.633653972148972,-0.416574632,3.535764520262627,-7.34654575,6.513396485029713,-33.21067056,20.83505190945632,-74.04662192,7.625280796397831
11.7,27,-6.170172329,3.701440322680911,-13.42486205,1.084517394276967,-1.241708916,4.503038861,-10.0675029,7.584085072900424,-0.413869618,3.512805141200119,-7.298841179,6.471101943629661,-32.99501809,20.69976013538925,-73.56580244,7.575766268132419
11.8,27,-6.129844252,3.677247810302747,-13.33711752,1.077429018375923,-1.23359314,4.473607122548972,-10.00170198,7.534515700958766,-0.411164577,3.489845543169966,-7.251136154,6.428806998858087,-32.77936355,20.56446707137497,-73.08497837,7.526251268250945
11.9,27,-6.08951656,3.653055529,-13.24937383,1.070340710052104,-1.225477442,4.444175664773828,-9.935901686,7.484946801713694,-0.408459563,3.466886164107446,-7.203431583,6.386512457458009,-32.56371108,20.42917529730789,-72.60415889,7.476736739985519
12,27,-6.049188483,3.628863016221472,-13.1616293,1.063252334091588,-1.217361667,4.414743926324608,-9.870100763,7.435377429755316,-0.405754522,3.443926566082022,-7.155726557,6.344217512695704,-32.34805654,20.29388223290495,-72.12333483,7.427221739342308
12.1,27,-6.008860405,3.604670503843308,-13.07388477,1.056163958190544,-1.209245891,4.385312187873835,-9.804299841,7.385808057793891,-0.403049482,3.420966968056635,-7.108021531,6.301922567933471,-32.13240201,20.15858916889058,-71.64251076,7.377706739460677
12.2,27,-5.968532713,3.580478222140195,-12.98614108,1.049075649807248,-1.201130193,4.355880730115596,-9.738499545,7.336239158581955,-0.400344467,3.398007588994101,-7.060316961,6.259628026533367,-31.91674953,20.02329739462926,-71.16169128,7.328192210814528
12.3,27,-5.928204636,3.556285709731682,-12.89839655,1.041987273846721,-1.193014418,4.326448991672483,-9.672698623,7.286669786635544,-0.397639427,3.375047990963943,-7.012611935,6.217333081761783,-31.701095,19.88800433022631,-70.68086721,7.278677210171299
12.4,27,-5.887876944,3.532093428058916,-12.81065285,1.034898965522904,-1.18489872,4.297017533901651,-9.606898327,7.237100887398927,-0.394934412,3.352088611901403,-6.964907364,6.175038540361667,-31.48544253,19.75271255635354,-70.20004773,7.229162682286692
12.5,27,-5.847548866,3.507900915680752,-12.72290832,1.02781059,-1.176782945,4.267585795453476,-9.541097405,7.187531515442593,-0.392229371,3.329129013876011,-6.917202339,6.132743595599425,-31.26978799,19.61741949195059,-69.71922367,7.179647681643459
12.6,27,-5.807220789,3.483708403272245,-12.63516379,1.020722213661346,-1.168667169,4.238154056999541,-9.475296482,7.137962143474972,-0.389524331,3.306169415857157,-6.869497313,6.090448650849998,-31.05413346,19.48212642754768,-69.2383996,7.130132681000315
12.7,27,-5.766893097,3.459516121599478,-12.5474201,1.013633905337526,-1.160551471,4.208722599236595,-9.409496187,7.088393244253811,-0.386819316,3.283210036794639,-6.821792742,6.048154109449924,-30.83848098,19.34683465348062,-68.75758012,7.080618153
12.8,27,-5.72656502,3.435323609221316,-12.45967557,1.006545529436487,-1.152435696,4.179290860795902,-9.343695264,7.038823872312143,-0.384114276,3.260250438764469,-6.774087716,6.005859164678318,-30.62282645,19.21154158927199,-68.27675605,7.031103152472539
12.9,27,-5.686237327,3.411131327518205,-12.37193188,.9994572210531922,-1.144319998,4.149859403028413,-9.277894969,6.989254973082077,-0.381409261,3.237291059701972,-6.726383146,5.963564623278286,-30.40717397,19.07624981520493,-67.79593657,6.981588624207131
13,27,-5.64590925,3.386938815,-12.28418735,.9923688451521464,-1.136204222,4.120427664570814,-9.212094046,6.939685601107273,-0.378704221,3.214331461676549,-6.67867812,5.921269678515982,-30.19151944,18.94095675080194,-67.31511251,6.932073623563831
13.1,27,-5.605581173,3.362746302761877,-12.19644282,.9852804692511068,-1.128088447,4.090995926126871,-9.146293123,6.890116229159236,-0.37599918,3.191371863651126,-6.630973094,5.878974733753679,-29.97586491,18.80566368659332,-66.83428844,6.882558623301477
13.2,27,-5.565253481,3.338554021,-12.10869912,.9781921608678008,-1.119972749,4.061564468353052,-9.080492828,6.840547329916763,-0.373294166,3.168412484588644,-6.583268524,5.836680192353676,-29.76021243,18.67037191233197,-66.35346896,6.833044094655261
13.3,27,-5.524925404,3.314361508680598,-12.02095459,.9711037849667621,-1.111856974,4.032132729912355,-9.014691905,6.790977957975088,-0.370589125,3.145452886558456,-6.535563498,5.794385247582034,-29.5445579,18.53507884812334,-65.87264489,6.783529094392897
13.4,27,-5.484597711,3.290169227007834,-11.9332109,.9640154766429472,-1.103741276,4.002701272149414,-8.94889161,6.741409058753936,-0.36788411,3.122493507495953,-6.487858927,5.752090706181989,-29.32890542,18.39978707405627,-65.39182541,6.734014566127481
13.5,27,-5.444269634,3.265976714599325,-11.84546637,.9569271006824307,-1.0956255,3.973269533698639,-8.883090687,6.691839686792508,-0.36517907,3.099533909477103,-6.440153901,5.709795761432568,-29.11325089,18.26449400965329,-64.91100134,6.684499565484199
13.6,27,-5.403941557,3.241784202221162,-11.75772184,.9498387247813875,-1.087509725,3.943837795250467,-8.817289764,6.642270314836182,-0.36247403,3.076574311451681,-6.392448876,5.667500816670268,-28.89759636,18.12920094544467,-64.43017728,6.634984565221835
13.7,27,-5.363613865,3.217591920548394,-11.66997815,.9427504164575664,-1.079394027,3.914406337482801,-8.751489469,6.592701415605768,-0.359769015,3.053614932389199,-6.344744305,5.625206275270266,-28.68194388,17.99390917137761,-63.9493578,6.585470036956419
13.8,27,-5.323285788,3.193399408,-11.58223362,.9356620404970384,-1.071278251,3.884974599,-8.685688546,6.543132043653149,-0.357063974,3.030655334359007,-6.297039279,5.582911330498614,-28.46628935,17.85861611,-63.46853373,6.535955036313279
13.9,27,-5.282958095,3.169207126436767,-11.49448992,.9285737321137413,-1.063162553,3.855543141278284,-8.619888251,6.493563144441217,-0.35435896,3.007695955296518,-6.249334709,5.540616789098599,-28.25063687,17.72332433290763,-62.98771425,6.486440508047856
14,27,-5.242630018,3.145014614058604,-11.40674539,.9214853562126999,-1.055046778,3.826111403,-8.554087328,6.443993772479791,-0.351653919,2.984736357271106,-6.201629683,5.498321844336317,-28.03498234,17.58803126850465,-62.50689018,6.436925507404563
14.1,27,-5.202301941,3.120822101650096,-11.31900086,.9143969802521843,-1.046931002,3.796679664381458,-8.488286406,6.394424400527623,-0.348948879,2.961776759245663,-6.153924657,5.456026899573975,-27.8193278,17.45273820429603,-62.02606612,6.387410507
14.2,27,-5.161974249,3.096629819977331,-11.23125717,.9073086719283685,-1.038815304,3.767248207,-8.42248611,6.344855501276349,-0.346243864,2.938817380183179,-6.106220086,5.413732358173968,-27.60367533,17.31744643022897,-61.54524664,6.337895978876816
14.3,27,-5.121646172,3.072437307599168,-11.14351264,.9002202960273253,-1.030699529,3.737816468162459,-8.356685188,6.295286129334686,-0.343538824,2.915857782152995,-6.058515061,5.371437413402333,-27.3880208,17.18215336602034,-61.06442257,6.288380978614445
14.4,27,-5.081318479,3.048245025926398,-11.05576895,.8931319877034998,-1.022583831,3.708385010385538,-8.290884892,6.245717230086134,-0.340833809,2.892898403090503,-6.01081049,5.329142872002312,-27.17236832,17.04686159195327,-60.58360309,6.238866450349022
14.5,27,-5.040990402,3.024052513517892,-10.96802442,.8860436117429886,-1.014468056,3.678953271947034,-8.225083969,6.196147858148755,-0.338128769,2.869938805065068,-5.963105464,5.286847927239984,-26.95671379,16.91156853,-60.10277902,6.189351449324938
14.6,27,-5.000662325,2.999860001139728,-10.88027989,.8789552358419437,-1.00635228,3.649521534,-8.159283047,6.146578486202343,-0.335423728,2.846979207046211,-5.915400439,5.244552982490551,-26.74105925,16.77627546314738,-59.62195496,6.139836449062582
14.7,27,-4.960334633,2.975667719436616,-10.79253619,.8718669274586484,-0.998236582,3.620090075725368,-8.093482751,6.097009586950595,-0.332718713,2.824019827983709,-5.867695868,5.202258441090509,-26.52540678,16.64098368908031,-59.14113548,6.090321920797152
14.8,27,-4.920006556,2.951475207028104,-10.70479166,.8647785514981248,-0.990120807,3.590658337286142,-8.027681829,6.047440215011804,-0.330013673,2.801060229953553,-5.819990842,5.159963496318928,-26.30975224,16.50569062487169,-58.66031141,6.040806920534806
14.9,27,-4.879678863,2.927282925385684,-10.61704797,.8576902432337832,-0.982005109,3.561226879510927,-7.961881533,5.997871315766592,-0.327308658,2.778100851,-5.772286271,5.117668954918826,-26.09409977,16.37039885080463,-58.17949193,5.991292392
15,27,-4.839350786,2.903090412977178,-10.52930344,.8506018672732711,-0.973889333,3.531795141065194,-7.896080611,5.948301943815048,-0.324603618,2.755141252865648,-5.724581246,5.075374010156624,-25.87844523,16.23510578640164,-57.69866786,5.941777392
15.1,27,-4.799022709,2.878897900568666,-10.44155891,.8435134913127476,-0.965773558,3.502363402619461,-7.830279688,5.898732571863501,-0.321898577,2.732181654840212,-5.67687622,5.033079065394294,-25.6627907,16.09981272199873,-57.21784379,5.892262391
15.2,27,-4.758695017,2.854705618926245,-10.35381522,.8364251830484033,-0.95765786,3.472931944844247,-7.764479393,5.849163672618294,-0.319193563,2.709222275777691,-5.629171649,4.990784523994217,-25.44713823,15.96452094793166,-56.73702431,5.842747862717523
15.3,27,-4.718366939,2.830513106517736,-10.26607069,0.829336807,-0.949542085,3.443500206405023,-7.69867847,5.799594300679505,-0.316488522,2.686262677747524,-5.581466624,4.948489579222616,-25.23148369,15.82922788372305,-56.25620025,5.793232862455181
15.4,27,-4.678039247,2.806320824814626,-10.17832699,0.822248499,-0.941426387,3.414068748635409,-7.632878175,5.750025401445275,-0.313783508,2.663303298685014,-5.533762053,4.906195037822558,-25.01583122,15.69393610965598,-55.77538077,5.743718334189765
15.5,27,-4.63771117,2.782128312436463,-10.09058246,.8151601228035519,-0.933310611,3.384637010184035,-7.567077252,5.700456029482672,-0.311078467,2.640343700666155,-5.486057027,4.863900093,-24.80017668,15.55864304544736,-55.2945567,5.694203333927408
15.6,27,-4.597383093,2.757935800027949,-10.00283793,.8080717468430239,-0.925194836,3.355205271737088,-7.501276329,5.650886657528749,-0.308373427,2.617384102640755,-5.438352001,4.821605148310862,-24.58452215,15.42334998085008,-54.81373263,5.644688332903307
15.7,27,-4.5570554,2.733743518355184,-9.915094239,.8009834385192089,-0.917079138,3.325773813972557,-7.435476034,5.601317758,-0.305668412,2.594424723578272,-5.390647431,4.779310606910856,-24.36886967,15.28805820678302,-54.33291315,5.595173804637902
15.8,27,-4.516727323,2.709551005977023,-9.827349709,.7938950626181711,-0.908963362,3.296342075521503,-7.369675111,5.551748386342505,-0.302963371,2.571465125548086,-5.342942405,4.737015662139219,-24.15321514,15.15276514,-53.85208909,5.545658804375542
15.9,27,-4.476399631,2.685358724304256,-9.739606016,.7868067542943509,-0.900847664,3.266910617756289,-7.303874816,5.502179487116896,-0.300258357,2.548505746485572,-5.295237834,4.694721120739152,-23.93756266,15.01747336850733,-53.37126961,5.496144276
16,27,-4.436071554,2.661166211895746,-9.651861486,0.779718378,-0.892731889,3.237478879,-7.238073893,5.452610115158656,-0.297553316,2.525546148460144,-5.247532809,4.652426175976839,-23.72190813,14.88218030429871,-52.89044554,5.446629276
16.1,27,-4.395743477,2.636973699517585,-9.564116956,.7726300024327921,-0.884616114,3.208047140863235,-7.17227297,5.403040743210693,-0.294848276,2.50258655,-5.199827783,4.610131231214594,-23.5062536,14.74688723989573,-52.40962147,5.397114275
16.2,27,-4.3554154,2.612781187109069,-9.476372426,.7655416264722614,-0.876500338,3.178615402414825,-7.106472048,5.353471371,-0.292143235,2.479626952408486,-5.152122757,4.567836286450642,-23.29059907,14.61159417549282,-51.92879741,5.347599274561325
16.3,27,-4.315088092,2.588589136141703,-9.388629569,.7584533857256721,-0.868384718,3.149184225331124,-7.04067238,5.303902944756181,-0.289438246,2.456667792,-5.104418641,4.525542148413185,-23.07494865,14.47630369,-51.44798251,5.298085218673656
16.4,27,-4.274760015,2.564396623733191,-9.300885039,.7513650097651476,-0.860268942,3.119752486884014,-6.974871457,5.254333572801935,-0.286733206,2.433708194279538,-5.056713616,4.483247203642827,-22.85929411,14.34101062735868,-50.96715845,5.248570218030494
16.5,27,-4.234431938,2.540204111,-9.213140509,.7442766338641098,-0.852153167,3.090320748435487,-6.909070534,5.204764200844912,-0.284028166,2.410748596254126,-5.00900859,4.440952258880547,-22.64363958,14.20571756315007,-50.48633438,5.199055217768151
16.6,27,-4.194103861,2.516011598946518,-9.125395979,.7371882579035871,-0.844037391,3.060889009985694,-6.843269612,5.155194828885411,-0.281323125,2.387788998235294,-4.961303564,4.398657314131161,-22.42798505,14.07042449874708,-50.00551031,5.149540217124844
16.7,27,-4.153775784,2.491819086568355,-9.037651449,.7300998820025457,-0.835921616,3.031457272,-6.777468689,5.105625456930766,-0.278618085,2.364829400205758,-4.913598539,4.356362369360796,-22.21233051,13.93513143453845,-49.52468625,5.100025216862477
16.8,27,-4.113448476,2.467627035600985,-8.949908593,.7230116412559484,-0.827805995,3.002026094451061,-6.711669021,5.056057030425952,-0.275913096,2.341870240106356,-4.865894423,4.314068231323367,-21.99668009,13.79984095061296,-49.04387135,5.050511160594038
16.9,27,-4.073120399,2.443434523192477,-8.862164063,0.715923265,-0.81969022,2.972594356000062,-6.645868098,5.006487658464086,-0.273208055,2.318910642080091,-4.818189397,4.271773286559413,-21.78102556,13.66454788621003,-48.56304728,5.000996159950851
17,27,-4.032792322,2.419242010814314,-8.774419533,.7088348893943905,-0.811574445,2.943162617552746,-6.580067176,4.956918286509438,-0.270503015,2.295951044,-4.770484371,4.229478341797174,-21.56537103,13.52925482200142,-48.08222322,4.951481159688512
17.1,27,-3.992464245,2.395049498420978,-8.686675003,.7017465134636098,-0.803458669,2.913730879108594,-6.514266253,4.907348914560991,-0.267797974,2.272991446029271,-4.722779346,4.187183397034858,-21.3497165,13.39396175759843,-47.60139915,4.901966159045212
17.2,27,-3.952136168,2.370856986,-8.598930473,.6946581375328273,-0.795342894,2.884299140657594,-6.44846533,4.857779542599122,-0.265092934,2.250031848003017,-4.67507432,4.144888452270926,-21.13406196,13.25866869338982,-47.12057509,4.852451158782866
17.3,27,-3.91180886,2.346664935060272,-8.511187616,0.687569897,-0.787227273,2.854867963570277,-6.382665662,4.808211116094315,-0.262387945,2.227072687903624,-4.627370204,4.102594314233513,-20.91841154,13.12337821,-46.63976019,4.802937102514385
17.4,27,-3.871480783,2.322472422666933,-8.423443086,.6804815208554493,-0.779111498,2.825436225,-6.31686474,4.758641744139664,-0.259682905,2.204113089874084,-4.579665179,4.060299369463142,-20.70275701,12.98808514525569,-46.15893612,4.753422102252046
17.5,27,-3.831152706,2.298279910273596,-8.335698556,.6733931449246673,-0.770995722,2.796004487,-6.251063817,4.709072372180167,-0.256977864,2.181153492,-4.531960153,4.018004424713733,-20.48710248,12.85279208085277,-45.67811206,4.703907101608877
17.6,27,-3.790824629,2.274087398,-8.247954026,.6663047689938884,-0.762879947,2.766572748224641,-6.185262894,4.659503000223141,-0.254272824,2.158193893829841,-4.484255127,3.975709479951476,-20.27144794,12.71749901644982,-45.19728799,4.654392100965651
17.7,27,-3.750496551,2.249894885486922,-8.160209496,.6592163930631028,-0.754764172,2.737141009777531,-6.119461971,4.609933628268896,-0.251567783,2.135234295800288,-4.436550101,3.933414535181079,-20.05579341,12.58220595224116,-44.71646392,4.604877100703224
17.8,27,-3.710169244,2.225702834519557,-8.07246664,.6521281523165157,-0.746648551,2.707709832693831,-6.053662304,4.560365201771176,-0.248862794,2.112275135699559,-4.388845986,3.891120397,-19.84014299,12.44691546850998,-44.23564903,4.555363044815625
17.9,27,-3.669841167,2.201510322126218,-7.98472211,0.645039776,-0.738532775,2.678278094245422,-5.987861381,4.510795829814386,-0.246157754,2.089315537675037,-4.34114096,3.848825452380513,-19.62448846,12.31162240410704,-43.75482496,4.505848044172403
18,27,-3.62951309,2.177317809732883,-7.896977579,.6379514004549538,-0.730417,2.648846355801517,-5.922060458,4.461226457866424,-0.243452713,2.066355939649213,-4.293435934,3.806530507617422,-19.40883393,12.17632933989841,-43.2740009,4.456333043910046
18.1,27,-3.589185012,2.153125297339546,-7.809233049,.6308630245241709,-0.722301225,2.619414617352371,-5.856259535,4.411657085908188,-0.240747673,2.043396341623382,-4.245730909,3.764235562854318,-19.19317939,12.04103628,-42.79317683,4.406818043266888
18.2,27,-3.548856935,2.128932784946207,-7.721488519,.6237746485933844,-0.714185449,2.589982878902377,-5.790458612,4.362087713948291,-0.238042632,2.020436743598874,-4.198025883,3.721940618,-18.97752486,11.90574321109252,-42.31235276,4.357303042623599
18.3,27,-3.508529628,2.104740733978839,-7.633745663,0.616686408,-0.706069829,2.560551701820259,-5.724658945,4.312519287453674,-0.235337644,1.997477583496833,-4.150321767,3.679646480051207,-18.76187444,11.77045272736134,-41.83153787,4.307788986735996
18.4,27,-3.46820155,2.080548221585502,-7.546001133,.6095980319160099,-0.697954053,2.531119963371567,-5.658858022,4.262949915496327,-0.232632603,1.974517985472311,-4.102616741,3.637351535290671,-18.54621991,11.63515966295839,-41.3507138,4.258273986092764
18.5,27,-3.427873473,2.056355709192165,-7.458256603,.6025096559852283,-0.689838278,2.501688224924621,-5.593057099,4.213380543542405,-0.229927563,1.951558387446489,-4.054911716,3.595056590527586,-18.33056537,11.49986659874977,-40.86988974,4.208758985830407
18.6,27,-3.387545396,2.032163196798831,-7.370512073,.5954212800544521,-0.681722502,2.472256486473248,-5.527256176,4.163811171579805,-0.227222522,1.928598789420653,-4.00720669,3.552761645764473,-18.11491084,11.36457353454115,-40.38906567,4.159243985568061
18.7,27,-3.347217319,2.007970684405494,-7.282767543,.5883329041236705,-0.673606727,2.442824748027513,-5.461455254,4.114241799628255,-0.224517482,1.905639191396135,-3.959501664,3.510466701003944,-17.89925631,11.22928046994387,-39.9082416,4.109728985
18.8,27,-3.306890011,1.983778633438126,-7.195024686,.5812446633770776,-0.665491106,2.413393571,-5.395655586,4.064673373126551,-0.221812493,1.882680031294094,-3.911797549,3.468172562961341,-17.68360589,11.09398998621272,-39.42742671,4.060214928656428
18.9,27,-3.266561934,1.959586121044786,-7.107280156,.5741562874462893,-0.657375331,2.383961832489195,-5.329854663,4.015104001161575,-0.219107452,1.859720433269579,-3.864092523,3.425877618200818,-17.46795136,10.95869692180974,-38.94660264,4.010699928013132
19,27,-3.226233857,1.935393608651452,-7.019535626,.5670679115155135,-0.649259556,2.354530094043462,-5.26405374,3.965534629,-0.216402412,1.836760835243738,-3.816387497,3.383582673437695,-17.25229682,10.82340385760112,-38.46577857,3.961184927750786
19.1,27,-3.18590578,1.911201096258112,-6.931791096,.5599795355847261,-0.64114378,2.325098356,-5.198252818,3.915965257258486,-0.213697371,1.813801237217917,-3.768682471,3.341287728674613,-17.03664229,10.68811079,-37.98495451,3.911669927488425
19.2,27,-3.145577703,1.887008583864777,-6.844046566,0.55289116,-0.633028005,2.295666617145145,-5.132451895,3.866395885293511,-0.210992331,1.790841639193404,-3.720977446,3.298992783914092,-16.82098776,10.55281772898951,-37.50413044,3.862154926845125
19.3,27,-3.105250395,1.862816532897407,-6.75630371,.5458029189073526,-0.624912384,2.266235440059411,-5.066652227,3.816827458791806,-0.208287342,1.767882479091359,-3.67327333,3.256698645871484,-16.60533734,10.41752724525837,-37.02331555,3.812640870957601
19.4,27,-3.064922318,1.838624020504072,-6.66855918,.5387145429765736,-0.616796609,2.236803701613676,-5.000851304,3.767258086840256,-0.205582302,1.744922881066843,-3.625568304,3.214403701110957,-16.3896828,10.28223418,-36.54249148,3.763125869933511
19.5,27,-3.024594241,1.814431508110736,-6.58081465,.5316261670457938,-0.608680833,2.207371963162304,-4.935050382,3.717688714877658,-0.202877261,1.721963283041011,-3.577863279,3.172108756347852,-16.17402827,10.14694111645248,-36.06166741,3.713610869671154
19.6,27,-2.984266164,1.790238995717399,-6.49307012,.5245377911150126,-0.600565058,2.177940225,-4.869249459,3.668119342923738,-0.200172221,1.699003685015165,-3.530158253,3.129813811584721,-15.95837374,10.01164805214669,-35.58084335,3.664095869218361
19.7,27,-2.943938087,1.766046483324061,-6.405325589,.5174494151842293,-0.592449283,2.148508486266664,-4.803448536,3.618549970966386,-0.19746718,1.676044086990664,-3.482453227,3.087518866824224,-15.74271921,9.876354987840902,-35.10001928,3.614580868765563
19.8,27,-2.903610779,1.741854432356691,-6.317582733,.5103611744376315,-0.584333662,2.119077309184548,-4.737648868,3.568981544471771,-0.194762191,1.653084926888622,-3.434749111,3.045224728781619,-15.52706879,9.741064504109708,-34.61920439,3.565066812877937
19.9,27,-2.863282702,1.717661919963357,-6.229838203,.5032727985068552,-0.576217887,2.089645570734554,-4.671847946,3.519412172511874,-0.192057151,1.630125329,-3.387044086,3.002929784021123,-15.31141425,9.605771439706773,-34.13838032,3.515551812234738
20,27,-2.822954625,1.693469408,-6.142093673,.4961844225760732,-0.568102111,2.060213832285407,-4.606047023,3.469842800553637,-0.18935211,1.607165730838275,-3.33933906,2.960634839257991,-15.09575972,9.470478375400971,-33.65755625,3.466036811781915
20.1,27,-2.782626548,1.669276895176681,-6.054349143,.4890960466452881,-0.559986336,2.030782093841506,-4.5402461,3.420273428605682,-0.18664707,1.584206133,-3.291634034,2.918339894494881,-14.88010519,9.335185311,-33.17673219,3.416521811329153
20.2,27,-2.742298471,1.645084382783345,-5.966604613,.4820076707145091,-0.55187056,2.001350355393093,-4.474445177,3.370704056648883,-0.183942029,1.561246535,-3.243929009,2.876044949734367,-14.66445065,9.199892247,-32.69590812,3.367006810876333
20.3,27,-2.701971163,1.620892331815976,-5.878861756,.4749194299679136,-0.54375494,1.971919178309393,-4.40864551,3.321135630151165,-0.181237041,1.538287374685905,-3.196224893,2.833750811691796,-14.44880023,9.064601762961058,-32.21509322,3.317492755
20.4,27,-2.661643086,1.596699819422641,-5.791117226,.4678310540371347,-0.535639164,1.942487439862283,-4.342844587,3.271566258,-0.178532,1.515327776661384,-3.148519867,2.791455866931261,-14.2331457,8.929308698655275,-31.73426916,3.267977754345512
20.5,27,-2.621315009,1.572507307029302,-5.703372696,.4607426781063499,-0.527523389,1.913055701413755,-4.277043664,3.221996886239896,-0.17582696,1.492368178635553,-3.100814841,2.749160922168159,-14.01749117,8.794015634252323,-31.25344509,3.218462753702282
20.6,27,-2.580986932,1.548314794635968,-5.615628166,.4536543021755741,-0.519407614,1.883623962963966,-4.211242741,3.172427514,-0.173121919,1.469408580609705,-3.053109816,2.706865977405022,-13.80183664,8.658722570043698,-30.77262103,3.168947753
20.7,27,-2.540658855,1.524122282,-5.527883636,.4465659262447899,-0.511291838,1.854192224516648,-4.145441819,3.122858142325748,-0.170416879,1.446448982585197,-3.00540479,2.664571032644513,-13.5861821,8.523429505640754,-30.29179696,3.119432752796705
20.8,27,-2.500331547,1.499930231275262,-5.44014078,.4394776854981965,-0.503176218,1.824761047429332,-4.079642151,3.073289715820941,-0.16771189,1.423489822483156,-2.957700674,2.622276894601911,-13.37053168,8.388139022,-29.81098206,3.069918696718702
20.9,27,-2.46000347,1.475737718881924,-5.35239625,.4323893095674132,-0.495060442,1.795329308981756,-4.013841228,3.023720343865784,-0.165006849,1.400530224458646,-2.909995649,2.579981949841396,-13.15487715,8.252845957506629,-29.330158,3.020403696265882
21,27,-2.419675393,1.451545206488589,-5.26465172,.4253009336366356,-0.486944667,1.765897570532597,-3.948040305,2.974150971907524,-0.162301809,1.377570626432824,-2.862290623,2.537687005078312,-12.93922262,8.117552893,-28.84933393,2.970888695813045
21.1,27,-2.379347316,1.427352694095252,-5.17690719,.4182125577058531,-0.478828891,1.736465832083439,-3.882239383,2.924581599949264,-0.159596768,1.354611028406981,-2.814585597,2.495392060315186,-12.72356808,7.982259828895053,-28.36850986,2.921373695360291
21.2,27,-2.339019239,1.403160181701915,-5.08916266,.4111241817750733,-0.470713116,1.707034093634885,-3.81643846,2.875012228,-0.156891728,1.331651430382466,-2.766880571,2.453097115554661,-12.50791355,7.846966764589252,-27.8876858,2.871858694907472
21.3,27,-2.298691931,1.378968130734546,-5.001419803,.4040359410284764,-0.462597495,1.677602916552299,-3.750638792,2.825443801496654,-0.154186739,1.308692270280416,-2.719176456,2.410802977512041,-12.29226313,7.711676280760927,-27.4068709,2.822344638829469
21.4,27,-2.258363854,1.354775618341207,-4.913675273,.3969475650976921,-0.45448172,1.648171178103141,-3.684837869,2.775874429538395,-0.151481699,1.285732672255907,-2.67147143,2.368508032751531,-12.0766086,7.576383216357976,-26.92604684,2.772829638186238
21.5,27,-2.218035777,1.330583105947873,-4.825930743,0.389859189,-0.446365944,1.61873944,-3.619036947,2.726305057579328,-0.148776658,1.262773074230072,-2.623766404,2.326213088,-11.86095407,7.441090152149357,-26.44522277,2.723314638
21.6,27,-2.1777077,1.306390593554534,-4.738186213,.3827708132361307,-0.438250169,1.589307701207412,-3.553236024,2.676735686,-0.146071618,1.239813476204243,-2.576061379,2.283918143225321,-11.64529953,7.305797087746408,-25.9643987,2.673799637280663
21.7,27,-2.137379623,1.282198081161199,-4.650441683,.3756824373053522,-0.430134394,1.559875962758254,-3.487435101,2.627166314,-0.143366577,1.216853878179723,-2.528356353,2.241623198464787,-11.429645,7.170504023,-25.48357464,2.624284636827868
21.8,27,-2.097052315,1.25800603,-4.562698826,.3685941965587562,-0.422018773,1.530444785674085,-3.421635433,2.577597887170053,-0.140661588,1.193894718077694,-2.480652237,2.199329060422208,-11.21399458,7.03521354,-25.00275974,2.574770580749837
21.9,27,-2.056724238,1.233813517800493,-4.474954296,.3615058206279742,-0.413902998,1.501013047225531,-3.355834511,2.528028515212976,-0.137956548,1.170935120053178,-2.432947211,2.157034115661684,-10.99834005,6.899920475,-24.52193568,2.525255580297019
22,27,-2.016396161,1.209621005407157,-4.387209766,.3544174446971953,-0.405787222,1.471581308776373,-3.290033588,2.478459143254719,-0.135251507,1.147975522,-2.385242186,2.114739170898587,-10.78268551,6.764627411,-24.04111161,2.475740579844256
22.1,27,-1.976068084,1.185428493,-4.299465236,.3473290687664137,-0.397671447,1.442149570328797,-3.224232665,2.428889771299561,-0.132546467,1.125015924001509,-2.33753716,2.072444226135463,-10.56703098,6.629334346694908,-23.56028754,2.426225579391433
22.2,27,-1.935740007,1.161235980620483,-4.211720706,0.340240693,-0.389555671,1.412717831880244,-3.158431742,2.379320399342488,-0.129841426,1.102056325976997,-2.289832134,2.030149281374947,-10.35137645,6.494041282291973,-23.07946348,2.376710578748234
22.3,27,-1.895412699,1.137043929653115,-4.12397785,.3331524520890392,-0.381440051,1.383286654796075,-3.092632075,2.329751972843849,-0.127136438,1.079097165874953,-2.242128019,1.987855143332338,-10.13572603,6.358750799,-22.59864858,2.327196522860609
22.4,27,-1.855084622,1.112851417259778,-4.03623332,.3260640761582578,-0.373324275,1.353854916346915,-3.026831152,2.280182600885588,-0.124431397,1.056137568,-2.194422993,1.945560198570525,-9.920071496,6.223457734254992,-22.11782451,2.277681522407812
22.5,27,-1.814756545,1.088658904866442,-3.94848879,.3189757002274769,-0.3652085,1.324423177900758,-2.961030229,2.230613228933212,-0.121726357,1.033177969824606,-2.146717967,1.903265253808711,-9.704416963,6.088164669949207,-21.63700045,2.228166521955023
22.6,27,-1.774428468,1.064466392473103,-3.86074426,.3118873242966922,-0.357092725,1.294991439451188,-2.895229306,2.181043856974146,-0.119021316,1.010218371799437,-2.099012941,1.860970309046905,-9.48876243,5.952871606,-21.15617638,2.178651521311799
22.7,27,-1.734100391,1.040273880079768,-3.77299973,0.304798948,-0.348976949,1.265559701,-2.829428383,2.131474485015886,-0.116316276,.9872587737776509,-2.051307916,1.818675364,-9.273107897,5.817578541337636,-20.67535232,2.129136521049441
22.8,27,-1.693773083,1.016081829112399,-3.685256873,.2977107076193191,-0.340861329,1.236128523919444,-2.763628716,2.081906058520349,-0.113611287,.9642996136688302,-2.0036038,1.776381226,-9.057457478,5.682288057412131,-20.19453742,2.079622464780972
22.9,27,-1.653445006,0.991889317,-3.597512343,.2906223316885388,-0.332745553,1.206696785,-2.697827793,2.032336686563275,-0.110906246,.9413400156470468,-1.955898774,1.734086281,-8.841802945,5.546994993106362,-19.71371335,2.030107464328214
23,27,-1.613116929,.9676968043257258,-3.509767813,.2835339557577568,-0.324629778,1.177265047021731,-2.63202687,1.982767314605015,-0.108201206,.9183804176218688,-1.908193749,1.691791336718848,-8.626148412,5.411701928800562,-19.23288929,1.980592463875393
23.1,27,-1.572788852,.9435042919323885,-3.422023283,.2764455798269745,-0.316514002,1.147833308572572,-2.566225947,1.933197942646756,-0.105496165,.8954208195967019,-1.860488723,1.649496391957046,-8.410493879,5.276408864494756,-18.75206522,1.931077463422563
23.2,27,-1.532460775,.9193117795390516,-3.334278753,.2693572038961929,-0.308398227,1.118401570124019,-2.500425025,1.883628570689682,-0.102791125,.8724612215749211,-1.812783697,1.607201447201881,-8.194839346,5.141115800188989,-18.27124115,1.881562462969807
23.3,27,-1.492133467,.8951197285716838,-3.246535897,0.262268963,-0.300282606,1.088970393041433,-2.434625357,1.834060144194146,-0.100086136,0.849502061,-1.765079581,1.564907309145975,-7.979188926,5.005825316,-17.79042626,1.832048407
23.4,27,-1.45180539,.8709272161783455,-3.158791367,.2551805872188158,-0.292166831,1.059538654592274,-2.368824434,1.784490772235886,-0.097381096,.8265424634443108,-1.717374556,1.522612364,-7.763534393,4.870532252054854,-17.30960219,1.782533406438969
23.5,27,-1.411477313,.8467347037850099,-3.071046836,.2480922112880366,-0.284051056,1.030106916142703,-2.303023511,1.734921400276818,-0.094676055,.8035828654191373,-1.66966953,1.480317419628995,-7.54787986,4.735239187700485,-16.82877813,1.733018405890958
23.6,27,-1.371149236,.8225421913916727,-2.983302306,.2410038353572546,-0.27593528,1.000675177696546,-2.237222589,1.685352028324442,-0.091971015,.7806232673939649,-1.621964504,1.438022474867183,-7.332225327,4.599946123,-16.34795406,1.683503405438167
23.7,27,-1.330821158,.7983496789983362,-2.895557776,.2339154594264738,-0.267819505,.9712434392473887,-2.171421666,1.635782656366183,-0.089265974,.7576636693721814,-1.574259479,1.395727530112014,-7.116570794,4.464653059088916,-15.86712999,1.633988405
23.8,27,-1.290493851,.7741576280309675,-2.80781492,.2268272186798794,-0.259703884,.9418122621632186,-2.105621998,1.586214229867543,-0.086560985,.7347045092633616,-1.526555363,1.353433392056125,-6.900920375,4.329362575212001,-15.3863151,1.584474348812144
23.9,27,-1.250165774,.7499651156376309,-2.72007039,.2197388427490983,-0.251588109,.9123805237146658,-2.039821075,1.536644857910471,-0.083855945,.7117449112415781,-1.478850337,1.311138447300956,-6.685265842,4.194069510906215,-14.90549103,1.534959348359351
24,27,-1.209837697,.7257726032442945,-2.63232586,.2126504668183178,-0.243472333,.8829487852662986,-1.974020153,1.487075485953762,-0.081150904,0.688785313,-1.431145311,1.268843502539156,-6.469611309,4.058776447,-14.42466697,1.485444347906522
24.1,27,-1.169509619,.7015800908509577,-2.54458133,.2055620908875366,-0.235356558,.8535170468174423,-1.90821923,1.437506113996095,-0.078445864,.6658257151912329,-1.383440286,1.226548557777331,-6.253956776,3.923483382294626,-13.9438429,1.435929347453736
24.2,27,-1.129181542,.6773875784576207,-2.4568368,.1984737149567546,-0.227240783,.8240853083682601,-1.842418307,1.387936742037789,-0.075740824,.6428661171694541,-1.33573526,1.184253613,-6.038302243,3.788190317988841,-13.46301883,1.386414347000945
24.3,27,-1.088854235,.6531955274902518,-2.369093943,.1913854742101597,-0.219125162,.7946541312862246,-1.776618639,1.338368315543332,-0.073035835,.6199069570606286,-1.288031144,1.141959474966271,-5.822651823,3.652899834111926,-12.98220394,1.336900291
24.4,27,-1.048526157,.6290030150969148,-2.281349413,.1842970982793781,-0.211009387,.7652223928370427,-1.710817717,1.288798943585027,-0.070330794,.5969473590388468,-1.240326119,1.099664530211104,-5.60699729,3.51760677,-12.50137987,1.287385290374918
24.5,27,-1.00819808,.6048105027035784,-2.193604883,.1772087223485976,-0.202893611,.7357906543881866,-1.645016794,1.239229572,-0.067625754,.5739877610136751,-1.192621093,1.057369585449293,-5.391342757,3.382313705500355,-12.0205558,1.237870289922128
24.6,27,-0.967870003,.5806179903102417,-2.105860353,.1701203464178165,-0.194777836,.7063589159401218,-1.579215871,1.189660199671244,-0.064920713,.5510281629884987,-1.144916067,1.015074640687474,-5.175688224,3.247020641145987,-11.53973174,1.188355289374117
24.7,27,-0.927541926,.5564254779131114,-2.018115823,.1630319704795997,-0.18666206,.6769271774909391,-1.513414948,1.140090827712937,-0.062215673,0.528068565,-1.097211041,.9727796959306944,-4.960033691,3.111727576840201,-11.05890767,1.138840288921326
24.8,27,-0.887214618,0.532233427,-1.930372967,.1559437297478742,-0.17854644,.6474960004089046,-1.447615281,1.090522401218482,-0.059510684,.5051094048587128,-1.049506926,.9304855578780177,-4.744383272,2.976437093060434,-10.57809278,1.089326232938498
24.9,27,-0.846886541,.5080409145561996,-1.842628437,.1488553538096595,-0.170430664,.6180642619597219,-1.381814358,1.040953029260175,-0.056805643,.4821498068344151,-1.0018019,0.888190613,-4.528728739,2.841144028706065,-10.09726871,1.039811232390486
25,27,-0.806558464,.4838484021628629,-1.754883907,.1417669778788784,-0.162314889,.5886325235108655,-1.316013435,.9913836573025075,-0.054100603,.4591902088109344,-0.954096874,.8458956683594238,-4.313074206,2.705850964400281,-9.616444644,.9902962319376964
25.1,27,-0.766230387,.4596558897695258,-1.667139377,.1346786019480964,-0.154199114,.5592007850620094,-1.250212512,.9418142853448408,-0.051395562,.4362306107874606,-0.906391849,.8036007236009407,-4.097419673,2.570557900094494,-9.135620577,.9407812314849036
25.2,27,-0.72590231,.4354633773723957,-1.579394846,.1275902260098803,-0.146083338,.5297690466128273,-1.18441159,.8922449133865349,-0.048690522,.4132710127631595,-0.858686823,.7613057788408365,-3.88176514,2.435264835764418,-8.654796511,0.891266231
25.3,27,-0.685575002,.4112713264126138,-1.49165199,.1205019852781557,-0.137967717,.5003378695307917,-1.118611922,.8426764868920779,-0.045985533,.3903118526559797,-0.810982707,.7190116407881628,-3.66611472,2.299974351936076,-8.173981615,.8417521749064711
25.4,27,-0.645246925,.3870788140154838,-1.40390746,.1134136093399397,-0.129851942,.4709061310816093,-1.052810999,.7931071149337714,-0.043280493,.3673522546316808,-0.763277681,.6767166960280627,-3.450460187,2.164681287606001,-7.693157549,.7922371744060719
25.5,27,-0.604918848,.3628863016221472,-1.31616293,.1063252334091589,-0.121736167,.4414743926331493,-0.987010076,0.743537743,-0.040575452,0.344392657,-0.715572656,0.634421751,-3.234805654,2.029388223300205,-7.212333483,.7427221739532612
25.6,27,-0.564590771,.3386937892288103,-1.2284184,0.099236857,-0.113620391,.4120426541841301,-0.921209154,.6939683710188944,-0.037870412,0.321433059,-0.66786763,.5921268065110851,-3.019151121,1.894095159,-6.731509416,.6932071735004723
25.7,27,-0.524262694,.3145012768316801,-1.14067387,0.092148482,-0.105504616,.3826109157368985,-0.855408231,.6443989990644117,-0.035165371,0.298473461,-0.620162604,.5498318617509789,-2.803496588,1.758802094664343,-6.25068535,.6436921730000709
25.8,27,-0.483935386,.2903092258718983,-1.052931013,0.085060241,-0.097388995,0.353179739,-0.789608563,0.594830573,-0.032460382,.2755143004532462,-0.572458489,.5075377236983069,-2.587846169,1.623511610836003,-5.769870455,.5941781169220399
25.9,27,-0.443607309,.2661167134766645,-0.965186483,0.077971865,-0.08927322,.3237480002044523,-0.72380764,0.545261201,-0.029755342,.2525547024293564,-0.524753463,.4652427789390088,-2.372191636,1.488218546530217,-5.289046388,.5446631164692488
26,27,-0.403279232,.2419242010814315,-0.877441953,0.070883489,-0.081157444,.2943162617554327,-0.658006718,.4956918286512538,-0.027050301,.2295951044054672,-0.477048437,.4229478341797119,-2.156537103,1.352925482,-4.808222322,.4951481159688482
26.1,27,-0.362951155,.2177316886861979,-0.789697423,0.063795113,-0.073041669,.2648845233064137,-0.592205795,.4461224566932674,-0.024345261,.2066355063815797,-0.429343411,.3806528894204183,-1.94088257,1.217632417882209,-4.327398255,.4456331154922515
26.2,27,-0.322623078,.1935391762909645,-0.701952893,0.056706737,-0.064925894,.2354527848591825,-0.526404872,.3965530847387855,-0.021640221,.1836759083571027,-0.381638386,.3383579446599692,-1.725228037,1.082339353564275,-3.846574189,.3961181150156499
26.3,27,-0.28229577,.1693471253311824,-0.614210037,0.049618496,-0.056810273,0.206021608,-0.460605204,0.346984658,-0.018935232,.1607167482511007,-0.33393427,.2960638066096037,-1.509577617,.9470488697359351,-3.365759294,.3466040589376209
26.4,27,-0.241967693,.1451546129359492,-0.526465507,0.04253012,-0.048694498,.1765898693258415,-0.394804282,0.297415286,-0.016230191,.1377571502266231,-0.286229244,.2537688618491534,-1.293923084,.8117558054180013,-2.884935227,0.297089058
26.5,27,-0.201639616,.1209621005407157,-0.438720977,0.035441744,-0.040578722,.1471581308777164,-0.329003359,.2478459143256269,-0.013525151,.1147975522027336,-0.238524219,.2114739170898559,-1.078268551,.6764627411000702,-2.404111161,.2475740579844241
26.6,27,-0.161311539,0.096769588,-0.350976447,0.028353369,-0.032462947,.1177263924295912,-0.263202436,.1982765423693927,-0.01082011,0.091837954,-0.190819193,.1691789723299846,-0.862614019,.5411696767821373,-1.923287095,.1980590575078249
26.7,27,-0.120983462,0.072577076,-0.263231917,0.021264993,-0.024347171,0.088294654,-0.197401513,.1487071704125525,-0.00811507,0.068878356,-0.143114167,.1268840275705526,-0.646959486,.4058766124581325,-1.442463028,.1485440570193247
26.8,27,-0.080656154,0.048385025,-0.17548906,0.014176752,-0.016231551,0.058863477,-0.131601846,0.099138744,-0.005410081,0.045919196,-0.095410051,0.08458989,-0.431309066,.2705861286389006,-0.961648133,0.099030001
26.9,27,-0.040328077,0.024192512,-0.08774453,0.007088376,-0.008115775,0.029431738,-0.065800923,0.049569372,-0.00270504,0.022959598,-0.047705026,0.042294945,-0.215654533,.1352930643194503,-0.480824066,0.049515
27,27,0,0,0,0,0,0,0,0,0,0,0,0,0,0,0,0
27.1,27,0.040314789,0.024190873,-0.007098452,0.087728029,0.008112885,0.029429856,-0.049568573,0.065794342,0.002702773,0.022957727,-0.042293545,0.047699092,.2156269941002749,.1352868854900215,-0.049530429,.4807844172413114
27.2,27,0.080549846,0.048371919,-0.014257372,.1753570645147526,0.016208425,0.05884842,-0.099132358,.1315492085450409,0.005391944,0.045904235,-0.084578703,0.095362591,.4310887551345376,.2705367024612059,-0.099153438,.9613309484547297
27.3,27,0.120624673,0.072532881,-0.021537163,.2627865079255869,0.024269123,0.088243858,-0.14868566,.1972239057057209,0.008053859,0.068827884,-0.126846314,.1429540316736817,.6462159367334159,.4057098241844245,-0.148960707,1.441392580308965
27.4,27,.1604610756195678,0.096664961,-0.028998766,.3499209171927029,0.032277943,.1176060577307037,-0.198225694,.2627815808346298,0.010675017,0.091718387,-0.169089717,.1904397514954791,.8608515324728835,.5407744101061455,-0.199046835,1.920749900041821
27.5,27,.1999785548173339,.1207580758279088,-0.036702925,0.436660034,0.040217387,.1469232823216615,-0.247746955,.3281817291167499,0.013241766,.1145642000700897,-0.21129994,.2377834718371976,1.074826196076541,.6756909452118947,-0.249503721,2.399156113371681
27.6,27,.2390973789981431,.1448027470536794,-0.04471079,0.522905548,0.048070111,.1761844319275739,-0.29724503,.3933852519914385,0.015740502,.1373542951218227,-0.25346897,.2849499735134799,1.287974693741008,.8104225844427634,-0.300424384,2.876373771506694
27.7,27,.2777378181486736,.1687896702538532,-0.053083857,.6085594928086175,0.05581877,0.205378504,-0.346715702,.4583532415360836,0.018157623,.1600777390147277,-0.29558898,.3319042265556919,1.500131794330251,.9449325956805615,-0.351902061,3.35216565
27.8,27,.3158193707843513,.1927092911215603,-0.061883899,.6935226408688538,0.063445866,.2344940523448447,-0.396154032,.5230457627998343,0.020479476,.1827232770649854,-0.337651566,.3786105178862595,1.711128148720993,1.079181800567133,-0.404029313,3.826285611
27.9,27,.3532638469631572,.2165536883405958,-0.071173583,.7777012768300364,0.070934364,.2635214508608776,-0.445558189,.5874269167081703,0.02269256,.2052811054499424,-0.379651013,0.425036134,1.920806755801455,1.213138922502328,-0.456901841,4.298515352149745
28,27,.3899907420322943,.2403138411586179,-0.081015732,.8609972156896646,0.078266765,.2924495473193112,-0.494923815,.6514573448863831,0.024783222,.2277402630392286,-0.421579492,.4711459351988604,2.128998259882587,1.346765122150064,-0.510612875,4.768609394931399
28.1,27,.4259203276615594,.2639815149758925,-0.091473934,.9433145895986295,0.085425725,.3212679304132171,-0.544247848,0.715099298,0.026737859,.2500904063855321,-0.463430331,.5169060481001533,2.335537433316422,1.480024349845251,-0.565256989,5.236331855255424
28.2,27,.4609728731445817,0.287548838,-0.102612493,1.024558239093248,0.0923939,.3499663888846279,-0.593527618,0.778315418,0.028542868,0.272321392,-0.505197253,.5622829898182351,2.540259043530664,1.612880784797941,-0.620929206,5.701447293091325
28.3,27,0.495067884,.3110078800739742,-0.11449636,1.104632127978431,0.099153793,.3785343733996375,-0.642759945,.8410675321579452,0.030184598,.2944228645667306,-0.546873613,.6072428085106494,2.742993756175021,1.745296283403527,-0.677724102,6.163711613997544
28.4,27,.5281271548205476,.3343525377003749,-0.127191777,1.183446086852853,.1056883665522321,.4069632609222458,-0.691944968,.9033217009908103,0.031649545,.3163860237222731,-0.588455666,.6517547569452564,2.943584537308854,1.877240714369226,-0.735739653,6.622908727784779
28.5,27,.5600701940425078,0.357575812,-0.140765518,1.260905906345923,.1119801230025489,.4352430159379848,-0.741080513,.9650407587635915,0.032924058,.3382010314755254,-0.629937783,.6957858995645992,3.141862059147646,2.008676521108404,-0.795071579,7.078795697111328
28.6,27,.5908172671245204,.3806716916693144,-0.155285538,1.336920072730313,.1180117178470299,.4633644547881987,-0.790165925,1.026189360947937,0.033994534,.3598587816640856,-0.671315718,.7393047855046719,3.337661080911885,2.139569053729069,-0.855817207,7.531139368657303
28.7,27,.6202886425681595,.4036347428469227,-0.170820916,1.411398201457214,.1237658068867274,.4913187112707952,-0.839201172,1.086732785908119,0.034847369,.3813504908460401,-0.712585858,.7822805969625169,3.530816368387832,2.269884022814547,-0.918074565,7.979707302187236
28.8,27,.6484038450266898,.4264596916941831,-0.187441792,1.484249481605344,.1292248966406863,.5190967040748312,-0.888185948,1.146635741120802,0.035468915,.4026672908246999,-0.753744473,.8246823027486243,3.721158626619824,2.399584956993367,-0.981941467,8.424258720170917
28.9,27,.6750846370347485,.4491433072956694,-0.205220069,1.555389343231466,.1343719428523561,.5466913946475821,-0.937123501,1.205867387,0.035845664,.4238019947436968,-0.794790983,0.86648231,3.908530756009509,2.528643508645799,-1.047519451,8.864580962696269
29,27,.7002505432456007,.4716816997675335,-0.2242286,1.624729686956601,.1391894520407818,.5740944667546908,-0.986015027,1.264393930603703,0.035963966,.4447465194716967,-0.835723195,.9076511260221154,4.092763461601225,2.657024065690212,-1.114908013,9.300434936410225
29.1,27,.7238218638430495,.4940722070179092,-0.244541868,1.692185595360369,.1436600868989328,.6012985904854568,-1.034863494,1.322183668205127,0.035810224,.4654936584462602,-0.876540582,.9481610292489693,4.273691574838949,2.784694073394518,-1.184208517,9.731591666654342
29.2,27,.7457187659455348,.5163129712531348,-0.266236062,1.757673594352543,.1477664811737259,.6282968723501716,-1.08367276,1.379205722579222,0.035370818,.4860366582958858,-0.917243527,.9879851633777719,4.451149651404246,2.911621422218927,-1.255523473,10.15782277556863
29.3,27,.7658608819259013,.5384025701637852,-0.289388765,1.821110529,0.151491165,.6550823731357021,-1.132446693,1.435429023,0.034632117,.5063688631465674,-0.957832618,1.027096851669268,4.624968619577697,3.037772066258262,-1.328955224,10.57889246268571
29.4,27,.7841698982814358,.5603418611811004,-0.314079969,1.882419765226535,.1548170770307779,0.681650318,-1.181192996,1.490827150422739,0.033580601,.5264854351288342,-0.99831189,1.065473092149568,4.794991222182421,3.163120154387325,-1.404610359,10.99459280355435
29.5,27,.8005654220391994,.5821313262264812,-0.340391012,1.941521856,.1577267422539147,.7079948282329442,-1.229917622,1.545371106831107,0.032202634,.5463808304758111,-1.038684116,1.103089383445228,4.961048334972827,3.287632803718611,-1.482593555,11.40469022465374
29.6,27,.8149676773456453,0.603772931,-0.368405523,1.998340877695385,.1602028066385033,.7341111484082647,-1.278628605,1.599034218168041,0.030484606,.5660505381950385,-1.078954063,1.139923274033152,5.122974631814369,3.411280282259538,-1.563011863,11.80896112621469
29.7,27,.8272968756743342,.6252697397479303,-0.398209295,2.052803046,.1622279135801445,.7599951394626193,-1.327335188,1.651791015352374,0.028412904,.5854907013634951,-1.119127784,1.175953592,5.280604760309416,3.534033529050798,-1.645973677,12.20718319740597
29.8,27,.8374726113794355,.6466255279547162,-0.429890135,2.104835357654877,.1637845847601017,.7856427758939982,-1.376046961,1.703616130226411,0.025973891,.6046977435232315,-1.159211907,1.211159690207102,5.433769569949284,3.655861686730551,-1.731587669,12.59912680840102
29.9,27,.8454166089769111,.6678466484929858,-0.463538769,2.154371987218944,.1648557676515234,.8110523805676397,-1.424777688,1.754489223139571,0.023154054,.6236701161357282,-1.199216912,1.245525019594744,5.582311882346359,3.776742307143212,-1.819967019,12.98459078323576
30,27,.8510484628209309,.6889393744675133,-0.499247899,2.201344824,.1654239839356726,.8362213505397269,-1.473539746,1.804387714096981,0.019939753,.6424057718037601,-1.239152423,1.279031929566749,5.726062546991962,3.896646079543846,-1.911223429,13.36334852
30.1,27,.8542884097308394,.7099117676453645,-0.537113087,2.245689906516921,.1654718825216843,.8611483989426998,-1.522347965,1.853291729793706,0.016317382,.6609039200350351,-1.279030498,1.311665262808407,5.864856264014631,4.015547052,-2.005471336,13.73518386382002
30.2,27,.8550565851428464,.7307732861988893,-0.577232737,2.287345907,.1649820902645578,.8858330414327437,-1.571218767,1.901182947788312,0.012273315,0.679164645,-1.318864929,1.343411559567014,5.998527523438213,4.133420108119942,-2.102827021,14.09988206832695
30.3,27,.8532727354858233,.7515344287076361,-0.619707678,2.326253148894675,.1639371619267593,.9102751376785038,-1.620169324,1.948043647798865,0.00779394,.6971885800752577,-1.358670567,1.374258447577535,6.126907489911073,4.250238647801266,-2.203407185,14.45722216530177
30.4,27,.8488583571636801,.7722085427342779,-0.664642575,2.362359289477023,.1623199953596332,.9344770582371237,-1.669221383,1.993861373883334,0.002865705,.7149785883054879,-1.398466578,1.404197987602577,6.249838512310025,4.365984529011268,-2.307333922,14.80701094623118
30.5,27,.8417332979884214,.7928092460864564,-0.712144271,2.395610866928228,.1601131673797804,.9584405234925065,-1.71839574,2.038622074748808,-0.002524986,.7325373537296294,-1.438271816,1.433221844999838,6.367151965388133,4.480633188216489,-2.414727711,15.14903164222732
30.6,27,.8318176680504741,.8133522223855919,-0.762323395,2.425958730671847,0.157299299,.9821687507215358,-1.767716079,2.082314677483575,-0.008391761,.7498690451208165,-1.478108082,1.461324560815679,6.478682286643066,4.594163492326517,-2.525712697,15.48307727069179
30.7,27,.8190315267486984,.8338548581970741,-0.815293964,2.453357017148717,.1538610015206909,1.005665998075901,-1.817208135,2.124930138225984,-0.014748259,.7669789943975889,-1.517999465,1.488502947,6.584263808520145,4.706555414317855,-2.640415295,15.80894291182513
30.8,27,.8032947725866657,.8543358849594671,-0.871172793,2.477762337807376,.1497808617995209,1.028937128747017,-1.866898853,2.166460576499726,-0.021608066,.7838733949313279,-1.557971688,1.514755556788923,6.683728010824785,4.817787794456383,-2.758962551,16.12641857311596
30.9,27,.7845288512767193,.8748171448555297,-0.930081246,2.499138948251717,.1450417669894339,1.051989734679609,-1.916820225,2.206903759067315,-0.028984743,.8005609449585864,-1.598055362,1.540085876895779,6.776917137381447,4.927848107,-2.881487674,16.43532194860517
31,27,.7626535599392972,.8953210232173325,-0.9921434,2.517450520046818,.1396262828799633,1.074831010102792,-1.967003786,2.246256352148242,-0.036891893,.8170504732186754,-1.638281394,1.564497608,6.863662457890848,5.036717684432086,-3.008122804,16.73544771967371
31.1,27,0.737589009,.9158722283507738,-1.057487573,2.532665590672786,0.133517031,1.097469908428131,-2.017484464,2.284518525448182,-0.045343146,.8333526159700431,-1.67868426,1.587997967617603,6.943798409850658,5.144381600702005,-3.13900425,17.02660107
31.2,27,.7092556623847015,.9364974161933753,-1.126245545,2.544756869738534,0.126696709,1.119916721345937,-2.06829973,2.321693148840424,-0.054352071,.8494795307995859,-1.719301357,1.610597214688389,7.017160166124988,5.250826502284014,-3.274270667,17.30859099967008
31.3,27,0.677572254,0.957224733,-1.198553748,2.553698255782465,0.119147653,1.142182461811792,-2.119488836,2.357784141542383,-0.063932453,.8654444200147802,-1.760172347,1.632307440431446,7.083576790315226,5.356037568024462,-3.414063943,17.58121752348667
31.4,27,.6424616476763052,.9780856875576438,-1.274551074,2.559474369083383,0.110853056,1.164281367159186,-2.171096491,2.392802603797108,-0.074097611,.8812635419160934,-1.801342414,1.653147191677351,7.142893467711607,5.460009983410731,-3.558529455,17.84431639042577
31.5,27,.6038428810711849,.9991124122761171,-1.354381463,2.562067225639308,.1017953207299461,1.186227352924901,-2.223167568,2.426758209939035,-0.084861278,.8969534303714514,-1.842857698,1.673135141129229,7.194939892229613,5.562732246,-3.707814966,18.09769475032566
31.6,27,.5616362667377892,1.020339497340239,-1.4381924,2.561464933528359,0.091957111,1.208036448461498,-2.27575082,2.459665042371617,-0.096237049,.9125328395247925,-1.884768549,1.692294451227809,7.239550921576307,5.664197337316915,-3.862071861,18.34117370404513
31.7,27,.5157619147665451,1.041803522803129,-1.526135469,2.557659298,0.08132105,1.229726236938538,-2.328898086,2.491540184815392,-0.108238553,.9280223198623061,-1.927128877,1.710651770587043,7.276560993,5.764399945831653,-4.021455293,18.57457727956404
31.8,27,0.466139166,1.063542622,-1.618366069,2.550644401155611,0.069869602,1.251315383758902,-2.382663484,2.522402687333687,-0.120879472,.9434438792027448,-1.969995497,1.728236552545867,7.305800431478348,5.863334074135953,-4.186123183,18.79772404611132
31.9,27,0.412690379,1.085598154966781,-1.715042907,2.540423664178087,0.057585854,1.272825898836047,-2.437107067,2.552278773875678,-0.134173211,.9588227487981273,-2.013431266,1.745084844114508,7.327113371030013,5.961003628347396,-4.356239052,19.01046579430349
32,27,.3553348937817111,1.108012095778561,-1.816328908,2.526998695942436,0.044452271,1.294279827408019,-2.492289576,2.581194118859888,-0.148133451,.9741848324109174,-2.057500637,1.761233735,7.340330136133933,6.057406598603365,-4.531968637,19.21262891
32.1,27,.2939919506319293,1.130828284507609,-1.92239076,2.510374660966057,0.030451299,1.315700977172761,-2.54827523,2.609177829,-0.162773891,.9895580589515286,-2.102272047,1.776724264995018,7.345280840914985,6.152543078928379,-4.713482007,19.40404368894578
32.2,27,.2285844738990916,1.154093994395771,-2.03339819,2.490567137688774,0.015566134,1.337117129207837,-2.605135282,2.636267550232149,-0.178107919,1.004974084176669,-2.147820929,1.791605091285283,7.341813313198609,6.246425819328252,-4.900956325,19.58458295118308
32.3,27,.1590288885984525,1.177855319885569,-2.149525117,2.467582894573073,-0.000221355,1.358554097916808,-2.662938458,2.662495747666195,-0.194149475,1.020463734600411,-2.194221642,1.805922693,7.329744276781909,6.339051627,-5.094568608,19.75405716121426
32.4,27,0.085249598,1.202163206459787,-2.27094699,2.441446186394786,-0.016927663,1.380043917619585,-2.721764039,2.687908712597313,-0.210911774,1.036063280637848,-2.24155849,1.819734941725789,7.308927143491315,6.430440786443655,-5.294505203,19.91235949
32.5,27,0.00716323,1.227066874,-2.397843649,2.412170110239233,-0.034570875,1.401616185850105,-2.78168812,2.712546369068817,-0.228408722,1.051807798760298,-2.289914126,1.833096682,7.279179057333317,6.520595148552194,-5.500952592,20.05931070626222
32.6,27,-0.075308363,1.252619335261196,-2.530397147,2.37978042,-0.053168017,1.423305607183041,-2.842795746,2.736459711837976,-0.24665381,1.067736914930953,-2.339379708,1.846072088113615,7.240343102551176,6.609534679511573,-5.714106824,20.19479302896234
32.7,27,-0.162243129,1.278874794718896,-2.668791668,2.344305409181925,-0.07273607,1.445148782846242,-2.905175636,2.759703497,-0.265660496,1.083892322306134,-2.390050411,1.858729419,7.192262783597543,6.697282126964994,-5.93416898,20.31869454675274
32.8,27,-0.253724845,1.305886276,-2.813214914,2.305765224,-0.093293207,1.467181078486839,-2.968915279,2.782328866102552,-0.285442754,1.100315393,-2.442021296,1.871135787550876,7.134754404060117,6.783847471880327,-6.161342317,20.43085112555865
32.9,27,-0.349828701,1.333710727347829,-2.963853693,2.264196290002132,-0.114855835,1.489443989900041,-3.034112412,2.804400742372765,-0.30601373,1.117052688398674,-2.495396769,1.883369307667548,7.067672216184127,6.869264753377243,-6.395839301,20.53118373307394
33,27,-0.450638476,1.362402945633349,-3.120899182,2.219622229401831,-0.137442129,1.511976715269514,-3.100862036,2.825977778707364,-0.3273874,1.134149568016494,-2.550279706,1.895504906688859,6.990832524,6.953550037002556,-6.637875114,20.61954016077944
33.1,27,-0.556231913,1.392020553107524,-3.284542063,2.172078236489453,-0.161069025,1.534823434502293,-3.169267679,2.847129629390336,-0.349577184,1.151655588463798,-2.60678066,1.907626291528747,6.904079250841596,7.036738231314748,-6.887674251,20.69583275285458
33.2,27,-0.666687364,1.422621610961031,-3.454974485,2.121599757586238,-0.185753592,1.558030102328617,-3.23943648,2.867929294970417,-0.372596611,1.169622017702294,-2.665013641,1.919820419135585,6.807255062070967,7.118867324925351,-7.145468506,20.75997862964365
33.3,27,-0.782088605,1.454262358798605,-3.632390452,2.068213242540956,-0.211514006,1.581641459772908,-3.311474303,2.888446291970327,-0.396459654,1.188099563313185,-2.725092008,1.932172700194452,6.700176260833079,7.199963450341539,-7.411492792,20.81184531350723
33.4,27,-0.902510423,1.487001778710218,-3.816980354,2.011959508655163,-0.238366583,1.605707968567886,-3.385496371,2.908763205175128,-0.42117939,1.207143377248835,-2.787136934,1.944778153,6.582697939791957,7.280077283473355,-7.68599134,20.85138722006792
33.5,27,-1.028036595,1.520896192107319,-4.008938355,1.952865166115841,-0.266329498,1.630277763,-3.461615198,2.928956201014046,-0.446769795,1.226807070264664,-2.851267468,1.957727879,6.454636402535296,7.359242281994717,-7.969213424,20.87848623
33.6,27,-1.158745067,1.556003693166431,-4.208456265,1.890966131427835,-0.295419733,1.655403484353268,-3.539950942,2.949111475951512,-0.473244324,1.247147596972091,-2.917608697,1.971120049538707,6.315835153515751,7.437511123201076,-8.261418783,20.89308909
33.7,27,-1.294715002,1.592382060019374,-4.415726489,1.826296485062147,-0.325654533,1.681139196119467,-3.62062681,2.969317744689185,-0.500616643,1.268222889262407,-2.98628783,1.985054544167163,6.166135175929595,7.514940030474884,-8.56287663,20.89514698
33.8,27,-1.436028556,1.630086386472697,-4.630939165,1.758882053274511,-0.357051718,1.707537478885209,-3.703763679,2.989660242640352,-0.52890045,1.290089631811535,-3.057429665,1.999628765317581,6.005356135039703,7.591574951559191,-8.873857356,20.88456962603212
33.9,27,-1.58276173,1.669173680194634,-4.854282027,1.688758567,-0.389627873,1.734655881103502,-3.789490925,3.010235179656984,-0.558109029,1.312807791143715,-3.131165018,2.014946960367888,5.833350602253708,7.667485833002099,-9.194645482,20.86134668690892
34,27,-1.734997492,1.709697666845193,-5.085943343,1.615948359831469,-0.423400994,1.762549346081782,-3.877934234,3.031132244802149,-0.588256216,1.336435096810141,-3.207620874,2.031108441183005,5.649936561996904,7.742726997871979,-9.525529496,20.82540261995192
34.1,27,-1.892814597,1.751713104497443,-5.326109193,1.540479998645934,-0.45838824,1.791276553332728,-3.969225771,3.052449290523337,-0.619355607,1.361031437217994,-3.286928206,2.048216991288188,5.454955837884354,7.817371924273206,-9.866811587,20.77672326321441
34.2,27,-2.056290993,1.795273557129247,-5.574962508,1.462380520895402,-0.494606591,1.820896915544505,-4.063498965,3.074285782698665,-0.65142066,1.386656563071352,-3.369217582,2.066376262687127,5.248251934,7.891498841743054,-10.21880158,20.71530544822464
34.3,27,-2.225510863,1.840429939462497,-5.832687261,1.381665534317514,-0.53207431,1.851467915763076,-4.160884743,3.096736123537619,-0.684465417,1.413368212,-3.45461621,2.085685376411263,5.029640314618884,7.965175670379553,-10.58181713,20.64109775909748
34.4,27,-2.400548586,1.887233766277445,-6.099458799,1.298361626088248,-0.570807626,1.883050873563384,-4.261519519,3.119904267021511,-0.718502887,1.441225853275848,-3.543253653,2.106247879314639,4.798976911717681,8.038495536462518,-10.95618483,20.55413865307019
34.5,27,-2.581487535,1.935733427953096,-6.375455338,1.212480267389173,-0.610824626,1.915704083643745,-4.365535635,3.143886382602288,-0.753546974,1.470286046094585,-3.635254672,2.128160723,4.556078869671598,8.111536392256728,-11.34224032,20.45439805778074
34.6,27,-2.768406467,1.985977705415732,-6.660851243,1.124038310025012,-0.652142468,1.949488557978002,-4.47306983,3.168784894,-0.789611276,1.500606218476496,-3.730745419,2.151522867509104,4.300788012095705,8.184395744525149,-11.74033288,20.34190890658788
34.7,27,-2.961383327,2.038013858098558,-6.955817089,1.033050435,-0.694778131,1.984465180413057,-4.584258413,3.194702151,-0.826709248,1.532242604853002,-3.829849569,2.176431073401549,4.032947843442649,8.257176323197246,-12.15082036,20.21671605090611
34.8,27,-3.1605023,2.091886537394963,-7.260524573,.9395199735352517,-0.738749879,2.020692338925985,-4.699234087,3.221734329580785,-0.864854934,1.565248742741639,-3.932686097,2.202976228642031,3.752373826881339,8.329971439410764,-12.57407019,20.07881784037371
34.9,27,-3.365837358,2.147640357961589,-7.575135112,.8434603949637558,-0.784073853,2.058230975310963,-4.818132436,3.249984730832254,-0.904061273,1.599678531426417,-4.039373582,2.231251034965043,3.458922735913381,8.402899527937693,-13.0104577,19.92830317637988
35,27,-3.577473093,2.205317385563741,-7.899815743,.7448695576483244,-0.830768404,2.097138686596419,-4.9410847,3.279547892461736,-0.944342379,1.635582693606753,-4.150025552,2.261340794315257,3.152409193288888,8.476064512359223,-13.46037198,19.76519036815102
35.1,27,-3.795487853,2.264959529445748,-8.234726958,.6437512506770742,-0.878850601,2.137474617678224,-5.06822387,3.310522667267558,-0.985711777,1.673011696115851,-4.264754447,2.293330893458032,2.832675863041718,8.549590179280125,-13.92421297,19.5895647
35.2,27,-4.019957965,2.326606938,-8.580023769,.5401078386343885,-0.928337073,2.179296845457095,-5.199680402,3.343006255898713,-1.028182647,1.712014008,-4.383668443,2.327303148653312,2.499569611299703,8.62360594,-14.40238745,19.40152667018838
35.3,27,-4.250969233,2.390298098965011,-8.935867419,.4339289535679978,-0.979246434,2.222660771722649,-5.335581496,3.377088629,-1.071769311,1.752635492738894,-4.506871755,2.363333132924538,2.152902539556571,8.698231898827185,-14.89531871,19.20112379
35.4,27,-4.488593198,2.456070402,-9.302402729,0.325216334,-1.031594297,2.267622807868665,-5.476053331,3.412864736743327,-1.116484291,1.794921053022861,-4.63446491,2.401496327589528,1.792536463826693,8.773613299029064,-15.40342962,18.98850254
35.5,27,-4.732920532,2.523960955,-9.679793102,.2139520387957203,-1.085400337,2.314236680804787,-5.621220883,3.450420209448506,-1.162342739,1.838913539600439,-4.766547048,2.441861568909944,1.418273400578279,8.849880409,-15.92717347,18.76372026958023
35.6,27,-4.984024314,2.594004369861313,-10.06817945,.1001308263503091,-1.140680474,2.362555617766107,-5.771204397,3.489843447837926,-1.209357282,1.884653709266316,-4.903210675,2.484496111740524,1.029966939289498,8.927184489472008,-16.46699314,18.52692702199922
35.7,27,-5.241980058,2.666234543165423,-10.46770374,-0.01625638,-1.197451162,2.412631583685986,-5.926122174,3.531219849757774,-1.257540961,1.932180630382598,-5.044545408,2.529463486554262,0.627465627,9.005681346347284,-17.02334547,18.27827672201063
35.8,27,-5.506877625,2.740685321657259,-10.87852215,-0.135233101,-1.255731897,2.46451437,-6.086091302,3.574627507397949,-1.306908788,1.981531771841215,-5.190639695,2.576822118895342,.2105731607928867,9.085517410421208,-17.59671374,18.01786006613007
35.9,27,-5.778786932,2.817388072339451,-11.30076608,-0.25680778,-1.31553794,2.518253155,-6.251223427,3.620147547027705,-1.357473011,2.032742436132517,-5.341574976,2.626628953310271,-0.220845281,9.166863404930048,-18.18756741,17.74587684
36,27,-6.05779622,2.896374497889846,-11.73458592,-0.381006518,-1.376888434,2.573894664,-6.421629275,3.667852406326313,-1.409248366,2.085846532327635,-5.497432446,2.678935714965798,-0.666982641,9.249876007243023,-18.79640648,17.46244119492675
36.1,27,-6.343981811,2.977674873,-12.18011732,-0.507846302,-1.439800009,2.631484962847772,-6.597415762,3.717815744289715,-1.462248032,2.140876318974537,-5.658288512,2.733792448972905,-1.127992051,9.334730381490765,-19.4237274,17.16774330210107
36.2,27,-6.637417597,3.061318035913341,-12.63749069,-0.637344501,-1.504288762,2.691068106889857,-6.778685331,3.770107807770614,-1.516484774,2.197862026062795,-5.824215188,2.791245639655866,-1.604021604,9.421605969042943,-20.07002998,16.86198677222693
36.3,27,-6.938194249,3.147333981,-13.1068555,-0.769532998,-1.570374367,2.752686690948573,-6.965541142,3.824792407830637,-1.571973745,2.256833429370954,-5.995285985,2.851338495962138,-2.095269282,9.510672914540867,-20.73584566,16.54530709914168
36.4,27,-7.246380875,3.235749633903122,-13.58833362,-0.90442813,-1.638071909,2.816381692139015,-7.158078592,3.881934774777462,-1.628727051,2.317817627690184,-6.171566124,2.914112021854857,-2.601868228,9.602122955056219,-21.42168339,16.21794693912743
36.5,27,-7.562066525,3.326593385543766,-14.08206975,-1.042063298,-1.707400707,2.882192538781826,-7.356394279,3.941592865610712,-1.686759567,2.380841570703391,-6.353123299,2.979604163978934,-3.124013063,9.696134117836543,-22.12808672,15.88006059732104
36.6,27,-7.885326712,3.419891775914329,-14.58819142,-1.182462,-1.778377214,2.950157352561755,-7.560579374,4.003824945907857,-1.746084336,2.445930322930737,-6.540019677,3.047851006,-3.66185524,9.792900445097789,-22.85558742,15.53187693644266
36.7,27,-8.216236137,3.515670536945753,-15.10682377,-1.325648503,-1.851017704,3.020312551404905,-7.770721527,4.068686118373866,-1.80671426,2.513107592330039,-6.73231463,3.118886110267951,-4.215544532,9.892618491157529,-23.60472049,15.17363142367873
36.8,27,-8.554885473,3.613956988313669,-15.63811101,-1.471659934,-1.925341853,3.092693673116653,-7.986910067,4.136226361872393,-1.86866449,2.582397413555908,-6.930070415,3.192741433989576,-4.785278921,9.995475453264774,-24.37605082,14.80549297536352
36.9,27,-8.901342204,3.714774757354596,-16.18216694,-1.620517469,-2.001364389,3.167333850228775,-8.209224662,4.206495884476505,-1.931946859,2.653820716293932,-7.133339884,3.269446166,-5.371188189,10.10167623534762,-25.17010979,14.42773341601872
37,27,-9.255697815,3.818150605252193,-16.73913549,-1.772260141,-2.079105164,3.244266231995503,-8.437750135,4.279539807142556,-1.996576655,2.727399983,-7.342182394,3.349029084,-5.973471998,10.21141218661997,-25.98747212,14.04052811884264
37.1,27,-9.617947522,3.924088510563189,-17.30901967,-1.926875369,-2.158563162,3.323507986945673,-8.672519119,4.355392795,-2.062553221,2.803140911193556,-7.55660845,3.431502008840895,-6.5921154,10.32488332251318,-26.82851486,13.64428405676366
37.2,27,-9.98776455,4.032509485728299,-17.89133791,-2.08419119,-2.239667324,3.405016365884425,-8.913376768,4.434042120099754,-2.129820967,2.880988391547684,-7.776454454,3.516812520312521,-7.226436151,10.44226591321061,-27.69290126,13.24002896
37.3,27,-10.36476429,4.143314563854324,-18.48551161,-2.244016964,-2.322333934,3.488729856470129,-9.160118804,4.515450936622022,-2.198313958,2.960870656969937,-8.001513809,3.604885892,-7.875647266,10.56369969632934,-28.58011821,12.82882368274662
37.4,27,-10.74853488,4.256396449195573,-19.09091862,-2.406151133,-2.406473451,3.574577733695421,-9.412517069,4.599570167446977,-2.267962249,3.042707629021012,-8.231559617,3.695635119,-8.538885147,10.68931201153191,-29.48955171,12.41178141516827
37.5,27,-11.13869009,4.371648991381763,-19.70696467,-2.570415513,-2.492001805,3.662485406,-9.670341296,4.686337685214823,-2.338699627,3.126418174408514,-8.466366649,3.788967395446105,-9.215359447,10.81919184590726,-30.42058581,11.98986691312509
37.6,27,-11.53482609,4.488960341326467,-20.33302669,-2.736625497,-2.578831177,3.752371305113954,-9.933343792,4.775681437,-2.410457357,3.211915256028898,-8.70569558,3.884780866267922,-9.904228243,10.95341181251848,-31.3725209,11.56406441758497
37.7,27,-11.93653582,4.608215262706796,-20.96847177,-2.904599875,-2.666873041,3.844148176464773,-10.20126502,4.867518936186395,-2.48316615,3.299107866814792,-8.94929875,3.982966450261398,-10.60464289,11.09201792494864,-32.34459854,11.13531275884326
37.8,27,-12.34343466,4.729300702729658,-21.61269371,-3.074175613,-2.75604368,3.937727055586829,-10.47384689,4.961759529814582,-2.55676007,3.387905522274752,-9.196932877,4.083412736311288,-11.3158164,11.23502323368216,-33.3360573,10.70442450267366
37.9,27,-12.75511076,4.852096681008555,-22.2650455,-3.245176014,-2.846253553,4.033012022,-10.75081187,5.058304758833154,-2.631169173,3.478211422112267,-9.448338291,4.185999944967337,-12.03688518,11.38242618,-34.34603054,10.27226018362714
38,27,-13.17117788,4.976486359738368,-22.92491191,-3.417443842,-2.937418592,4.129906669945558,-11.03188692,5.157049740511632,-2.706327246,3.569930455315912,-9.703262365,4.290607874044884,-12.76705888,11.53419117314218,-35.37365817,9.839540410961849
38.1,27,-13.59123219,5.102348433,-23.59165136,-3.590813026,-3.029450976,4.228309787642001,-11.31678588,5.257883923415456,-2.782165553,3.662963354506996,-9.961441805,4.397110698540247,-13.50549558,11.69026688633708,-36.41799764,9.407006491136897
38.2,27,-14.01486663,5.229559534603648,-24.26461497,-3.765118288,-3.122262178,4.328116879138373,-11.60521538,5.360691025505269,-2.858614806,3.757208732957917,-10.2226086,4.505378993088456,-14.25134662,11.85057859243424,-37.47805386,8.975360612590606
38.3,27,-14.44169821,5.358000376089223,-24.94318597,-3.940210439,-3.215768837,4.429224752345402,-11.89688983,5.465352156967268,-2.935609346,3.852568048747645,-10.48650397,4.615285277559343,-15.0038284,12.01502531860098,-38.5528453,8.545188497826633
38.4,27,-14.87131506,5.487545056677031,-25.62670574,-4.115924386,-3.30988141,4.531524424815707,-12.19150608,5.571743257584915,-3.013079228,3.948937190082357,-10.7528539,4.726695442231246,-15.76207731,12.18349322118862,-39.64128523,8.117130612609952
38.5,27,-15.30332934,5.618071612,-26.31454736,-4.292111319,-3.404515476,4.634908449775481,-12.48876911,5.679738157114441,-3.090957962,4.046215064929678,-11.02139376,4.839477839076977,-16.52529963,12.35584208143396,-40.74230511,7.691705843859356
38.6,27,-15.73733722,5.749454677,-27.00606132,-4.468613122,-3.499583215,4.739266222679014,-12.78837432,5.789207895029262,-3.169176814,4.144297632843121,-11.29185092,4.953497288,-17.29265346,12.53192009318969,-41.8547655,7.269458578972884
38.7,27,-16.17293162,5.881567552450472,-27.7005922,-4.645271049,-3.594996099,4.844485342960256,-13.0900129,5.900020696399954,-3.247666494,4.243079716918381,-11.56394992,5.068616935181147,-18.06329014,12.71155799362563,-42.977486,6.850905714229206
38.8,27,-16.60973119,6.014288922775513,-28.39752087,-4.821941507,-3.690671121,4.950456781429587,-13.39338812,6.012045878040086,-3.32636162,4.342460453808181,-11.83742771,5.184704473679652,-18.83642941,12.89456917333429,-44.10932059,6.436461765854382
38.9,27,-17.04731919,6.147489361980016,-29.09617694,-4.998461447,-3.786517678,5.057065034245048,-13.69818301,6.125147657,-3.405191417,4.442332445143085,-12.11200302,5.301620182485272,-19.61119759,13.08075621306934,-45.24900866,6.026613479477572
39,27,-17.48531264,6.281046787019482,-29.79593813,-5.174687156,-3.882452409,5.164199698,-14.00409783,6.239193007828512,-3.484090227,4.542594293339789,-12.38741144,5.419230984,-20.38681105,13.26990666709053,-46.3953502,5.621728095
39.1,27,-17.92337422,6.414853197213426,-30.49625546,-5.350492992,-3.97840196,5.271761532891274,-14.3108647,6.354060779916271,-3.56300066,4.643155269029355,-12.66341776,5.537416442,-21.1625657,13.46181887155828,-47.54724586,5.222114451
39.2,27,-18.36142616,6.548873328636492,-31.19698202,-5.525870293,-4.074349437,5.379709173574047,-14.61838566,6.469686790767899,-3.641909605,4.743980921766668,-12.93994136,5.656122144635995,-21.93829532,13.65635894608676,-48.70426702,4.827676372891315
39.3,27,-18.79948612,6.683098237759896,-31.89811797,-5.700854265,-4.170298635,5.488022858747918,-14.92662578,6.586028514583087,-3.720819761,4.845057925501384,-13.2169588,5.775319275651585,-22.71404661,13.85341599277046,-49.86624302,4.438149796308849
39.4,27,-19.23753967,6.817512774595646,-32.59961917,-5.875460168,-4.266246465,5.596678996895768,-15.23553573,6.703042802083244,-3.799728984,4.946368327219103,-13.49443276,5.894974791726007,-23.48977959,14.05288500942683,-51.03292809,4.053368905566288
39.5,27,-19.67560125,6.952109043457918,-33.30148459,-6.04971791,-4.362196016,5.705660420824568,-15.54508495,6.820692916943009,-3.878639417,5.047900665950865,-13.77234292,6.015064086193581,-24.26553424,14.25466413875102,-52.20416257,3.673094079216021
39.6,27,-20.11366283,7.086874979572363,-34.00368256,-6.22364311,-4.458145567,5.814947519134679,-15.85523328,6.938942142581141,-3.957549849,5.149640402832095,-14.05065957,6.135559873564574,-25.0412889,14.45865679358867,-53.37973548,3.297157683150996
39.7,27,-20.55171477,7.221798778,-34.70618027,-6.397249257,-4.554093044,5.924521543315507,-16.16594189,7.057755806514009,-4.036458795,5.251573586027486,-14.32935389,6.256436295648596,-25.81701851,14.66476975507195,-54.55943908,2.925402046659649
39.8,27,-20.98977472,7.356875771089906,-35.40898627,-6.570563174,-4.650042242,6.034370041060794,-16.47719019,7.177105708,-4.115368951,5.353692485723964,-14.60841341,6.377675505224875,-26.59276981,14.87291586388466,-55.74314924,2.557609632472342
39.9,27,-21.42782828,7.492094530537726,-36.11206373,-6.74359283,-4.745990072,6.144475805,-16.78894135,7.296961210413528,-4.194278174,5.455984026300754,-14.88781037,6.499254018126909,-27.36850279,15.08301080484488,-56.93066074,2.193655170667792
40,27,-21.86588986,7.627450701057231,-36.81541853,-6.916361192,-4.841939623,6.254827786429566,-17.10117681,7.417297567734473,-4.273188606,5.558441364901625,-15.16753349,6.621156279023642,-28.14425744,15.29497465657858,-58.12185691,1.833342033432704
40.1,27,-22.30395144,7.762935336794072,-37.51902512,-7.088877767,-4.937889174,6.365411779418638,-17.41386701,7.538088660235109,-4.352099039,5.661054032543885,-15.44756106,6.743362979247252,-28.92001209,15.50873039606639,-59.31656511,1.476540931660018
40.2,27,-22.742005,7.898539944,-38.22285882,-7.261151175,-5.033837004,6.476214373442857,-17.72698393,7.659309923947354,-4.431008262,5.763812149033349,-15.72787249,6.865855964134179,-29.69574507,15.72420415179854,-60.51461889,1.123128753087961
40.3,27,-23.18006333,8.034261185646256,-38.9269259,-7.433200767,-5.129785849,6.587226743,-18.04051302,7.780941325205692,-4.509918141,5.866710425395757,-16.00845928,6.988623000649198,-30.471493,15.94132651932136,-61.71591884,0.772932844
40.4,27,-23.61811689,8.170091376971889,-39.63120174,-7.605032038,-5.225733679,6.698436946957222,-18.35442885,7.902961489326227,-4.588827363,5.969739929,-16.28930262,7.111647893906937,-31.24722598,16.16003174720426,-62.92030619,.4258542348240226
40.5,27,-24.05617847,8.306027984203199,-40.33569417,-7.776662765,-5.32168323,6.809837583790809,-18.66871964,8.025353174350311,-4.667737796,6.072896404127601,-16.57039603,7.234920437816362,-32.02298063,16.38025711223418,-64.12769463,0.081733366
40.6,27,-24.49424005,8.442064068863202,-41.04038158,-7.94809852,-5.417632781,6.921417995718645,-18.98336278,8.148097212084439,-4.746648229,6.176171977414632,-16.85172287,7.358426409228869,-32.79873528,16.60194127210127,-65.33794225,-0.259528317
40.7,27,-24.9322936,8.578192986739833,-41.74524291,-8.119344298,-5.513580611,7.033168048368391,-19.29833668,8.271175460579556,-4.825557451,6.279559153403325,-17.13326723,7.482152328078419,-33.57446826,16.82502534730547,-66.55091198,-0.598024544
40.8,27,-25.37035519,8.714414115837682,-42.450293,-8.290417372,-5.609530162,7.145082854761489,-19.61363522,8.394574899422228,-4.904467884,6.383055662377657,-17.41502709,7.606091325480938,-34.35022292,17.04945669417993,-67.76654399,-0.93390184
40.9,27,-25.80840225,8.850717590049436,-43.15548997,-8.461314538,-5.705476581,7.257150159598114,-19.92922952,8.518276362242297,-4.983376,6.486651639312202,-17.69697959,7.730227594,-35.12594245,17.27517771689941,-68.9846686,-1.267216297
41,27,-26.24646708,8.987107998817477,-43.86087508,-8.632059074,-5.801426838,7.369369896892215,-20.24512642,8.642272748936382,-5.062286986,6.590349165102031,-17.979134,7.854560023271723,-35.90170382,17.50214757282855,-70.20528272,-1.59812493
41.1,27,-26.68452866,9.123576002533781,-44.56640903,-8.802648283,-5.897376389,7.481730715667394,-20.56129913,8.766546355984591,-5.141197419,6.694139144,-18.26146905,7.979074211949607,-36.67745848,17.73031197647386,-71.42823139,-1.926685569
41.2,27,-27.12258221,9.260117127503975,-45.27207828,-8.97308615,-5.993324219,7.594225468166277,-20.87773263,8.891084189363312,-5.220106641,6.798016393696548,-18.54397394,8.103760657,-37.45319146,17.95962507806414,-72.65340979,-2.252973128
41.3,27,-27.56064379,9.396731969245989,-45.97790003,-9.143387562,-6.08927377,7.706851454239368,-21.19442505,9.015877514765306,-5.299017074,6.901980188446557,-18.82664967,8.228615517515163,-38.22894611,18.19004647503101,-73.88078208,-2.577110141
41.4,27,-27.99869086,9.533411687825312,-46.68383442,-9.313547302,-6.185220188,7.819598263655842,-21.51135116,9.140910782089207,-5.377925189,7.006021972485914,-19.10947593,8.353625552,-39.00466564,18.42152863114128,-75.1101983,-2.899132985
41.5,27,-28.43675569,9.670161949122205,-47.38992483,-9.483586541,-6.281170445,7.932467769632086,-21.82852158,9.266180691998576,-5.456836176,7.110145185205679,-19.39246466,8.478792312226794,-39.78042702,18.65404217696154,-76.34167785,-3.219176185
41.6,27,-28.87481727,9.806974305924847,-48.0961337,-9.65350083,-6.377119996,8.045450230512651,-22.14591269,9.391672695184617,-5.535746608,7.214341863825003,-19.67559683,8.604103616916566,-40.55618167,18.88754205408136,-77.57508385,-3.537279488
41.7,27,-29.31287082,9.943845138912515,-48.80244916,-9.823292481,-6.473067826,8.158540041375362,-22.46351247,9.517376821525136,-5.614655831,7.318607905138955,-19.95886374,8.729552080150885,-41.33191465,19.12199156032177,-78.81032942,-3.853499879
41.8,27,-29.75092916,10.08077495325222,-49.508885,-9.992973314,-6.569016671,8.271735257314276,-22.78131987,9.643286522695394,-5.69356571,7.422942913310305,-20.24226648,8.855135059266869,-42.10766258,19.35735843521736,-80.04738795,-4.167937211
41.9,27,-30.18897947,10.21775844277931,-50.21541802,-10.16254092,-6.664963796,8.385029102551149,-23.09931885,9.769391254793206,-5.772474379,7.527341451137869,-20.52579252,8.980843764382193,-42.88338884,19.59360718054636,-81.28615324,-4.480624435
42,27,-30.62704429,10.35479921,-50.92207781,-10.33201077,-6.760914052,8.498422479183093,-23.41751604,9.895687932320305,-5.851385365,7.631805687137837,-20.80944965,9.106678918415579,-43.65915021,19.83071311609395,-82.52663371,-4.791666716
42.1,27,-31.06510588,10.49189037458077,-51.62883314,-10.50137861,-6.856863603,8.611907558756105,-23.73589226,10.02216505,-5.930295798,7.736329183,-21.09322237,9.232630772942858,-44.43490486,20.06863971941802,-83.76871593,-5.101093796
42.2,27,-31.50315943,10.62902891644164,-52.3356733,-10.67064556,-6.952811433,8.725479828143959,-24.05443764,10.14881477771533,-6.009205021,7.840908589177818,-21.37710346,9.358693420212356,-45.21063784,20.30735735634939,-85.01232688,-5.408948804
42.3,27,-31.94121777,10.76621594968331,-53.04261328,-10.83982226,-7.048760279,8.839138445552317,-24.37315329,10.27563272907608,-6.0881149,7.945544266831518,-21.6610955,9.484865700684999,-45.98638577,20.54684120765954,-86.25745454,-5.71531701
42.4,27,-32.37926808,10.90344667562622,-53.74963087,-11.00890529,-7.144707403,8.952877558403177,-24.69202498,10.40261016966079,-6.167023569,8.050231414098953,-21.94518721,9.611140069908064,-46.76211203,20.78706186228456,-87.50400462,-6.020219435
42.5,27,-32.8173329,11.04072524349574,-54.45675674,-11.17790906,-7.24065766,9.066699059403694,-25.01106127,10.52974596,-6.245934555,8.154972874991021,-22.22938769,9.737518574745582,-47.53787341,21.02800154859727,-88.75199911,-6.323747703
42.6,27,-33.25539448,11.17804521640183,-55.16396053,-11.34682844,-7.336607211,9.180595932201097,-25.33024459,10.65703017314127,-6.324844988,8.259762767736035,-22.51368253,9.863992557756829,-48.31362806,21.26962926,-90.00133537,-6.625920746
42.7,27,-33.69344804,11.31540400959558,-55.87123237,-11.51566371,-7.432555041,9.294564451144534,-25.64956662,10.78445653567294,-6.40375421,8.364598280494821,-22.79806559,9.990557164513245,-49.08936104,21.51192082659604,-91.2519511,-6.926770979
42.8,27,-34.13150638,11.45280318,-56.57858813,-11.68442462,-7.528503886,9.408604584764385,-25.96903002,10.91202224506774,-6.48266409,8.469480324,-23.08254049,10.11721231243545,-49.86510897,21.75485727176603,-92.50384571,-7.226372225
42.9,27,-34.56955669,11.59023830035379,-57.28600633,-11.85310704,-7.62445101,9.522711146554954,-26.28862189,11.03971987234043,-6.561572759,8.574404549127898,-23.36709686,10.24395134647291,-50.64083522,21.99841386699063,-93.75693412,-7.524736326
43,27,-35.00762151,11.72771391790496,-57.99351841,-12.02172461,-7.720401267,9.636886764553665,-26.60835225,11.16754971477361,-6.640483745,8.679374297,-23.65174478,10.37077729,-51.4165966,22.24257828679733,-95.01124896,-7.821944233
43.1,27,-35.44568634,11.86522487251573,-58.70109976,-12.19027292,-7.816351524,9.751125812647087,-26.92820693,11.29550387790796,-6.719394731,8.784384838369562,-23.93647264,10.49768317845179,-52.19235797,22.48732534695409,-96.26670576,-8.118010186
43.2,27,-35.88374638,12.00276889737169,-59.40874113,-12.35875163,-7.912300765,9.865425145527212,-27.24817874,11.42357721237646,-6.798305061,8.889433752808754,-24.22127506,10.62466493784354,-52.9681044,22.73263514992597,-97.52325057,-8.412958233
43.3,27,-36.32178525,12.14033932421818,-60.11641309,-12.52715742,-8.008245376,9.979778129,-27.56825108,11.55176033041906,-6.877211619,8.994515587,-24.50613823,10.75171499053179,-53.74381199,22.97847908313635,-98.78080341,-8.706820568
43.4,27,-36.75984529,12.27794815685546,-60.82418149,-12.6955091,-8.104194617,10.09419368085364,-27.88845068,11.68006145008047,-6.956121948,9.099639112594875,-24.79108688,10.87884298454847,-54.51955842,23.22486292189584,-100.0394533,-8.999663543
43.5,27,-37.19791012,12.41558883876125,-61.53201709,-12.86380315,-8.200144874,10.20866537168888,-28.20876133,11.80847158461004,-7.035032935,9.204799011658702,-25.07610748,11.00604161313239,-55.29531979,23.47175966645623,-101.2991234,-9.291516192
43.6,27,-37.63597495,12.55325930324026,-62.23991107,-13.03203882,-8.296095131,10.32319042,-28.52917656,11.93698629761271,-7.113943921,9.309993109009804,-25.36119511,11.13330726912771,-56.07108117,23.71915222286118,-102.5597653,-9.582397068
43.7,27,-38.07403499,12.69095751968486,-62.94785466,-13.20021532,-8.392044372,10.43776611,-28.84969003,12.06560128301677,-7.19285425,9.415219273425301,-25.64634493,11.26063643208928,-56.84682759,23.96702400104682,-103.8213315,-9.872323736
43.8,27,-38.51207386,12.82867705255942,-63.65581885,-13.36832887,-8.487988983,10.55238623377659,-29.17028595,12.19430798594832,-7.271760809,9.520472335567842,-25.9315437,11.38802208484215,-57.62253518,24.21534971141689,-105.0837485,-10.16132188
43.9,27,-38.9501339,12.96643014295114,-64.36386999,-13.53639781,-8.583938225,10.66706014006107,-29.49099192,12.32311547079893,-7.350671138,9.625761353787789,-26.21681672,11.51547443899674,-58.39828161,24.46413857,-106.3471121,-10.44945109
44,27,-39.38819873,13.10421044215691,-65.07197924,-13.70441822,-8.679888481,10.78178177803585,-29.81179246,12.45201549272004,-7.429582124,9.731081263404302,-26.50215093,11.64298668250107,-59.17404299,24.71336659,-107.6113514,-10.73673454
44.1,27,-39.82626355,13.24201607094944,-65.78013814,-13.87238897,-8.775838738,10.89654870849372,-30.13268176,12.58100428627679,-7.508493111,9.836430116972416,-26.78754188,11.77055565510812,-59.94980436,24.96301937593655,-108.8764233,-11.02318544
44.2,27,-40.2643236,13.37984517694449,-66.48833826,-14.04030893,-8.87178798,11.01135854131348,-30.45365414,12.71007818224109,-7.58740344,9.941806,-27.07298514,11.89817826106892,-60.72555079,25.21308294009206,-110.1422853,-11.30881629
44.3,27,-40.70235922,13.51769054714844,-67.19654585,-14.2081726,-8.967731885,11.12620458336403,-30.77469215,12.83922838326117,-7.666309445,10.04720320146928,-27.35846587,12.02584697528549,-61.50125165,25.46353296956561,-111.4088592,-11.59364411
44.4,27,-41.14042251,13.65556747252475,-67.90484295,-14.37600208,-9.063681832,11.24109894432911,-31.09583091,12.96846724561365,-7.745220328,10.15263327196272,-27.64401589,12.15357523332981,-62.2770048,25.71438639628307,-112.676276,-11.87773358
44.5,27,-41.57848734,13.79346689728328,-68.61318568,-14.543789,-9.159632089,11.35603343717577,-31.41704863,13.09778445541758,-7.824131314,10.25808906753391,-27.92961644,12.28135380841132,-63.05276618,25.96561664334429,-113.9444396,-12.16109272
44.6,27,-42.01655216,13.93138804104117,-69.32157098,-14.71153335,-9.255582345,11.47100669284127,-31.73834233,13.22717763895039,-7.9030423,10.36356957119354,-28.21526541,12.40918081045628,-63.82852756,26.21721312,-115.213321,-12.44373406
44.7,27,-42.45461221,14.06932918730292,-70.0299907,-14.87923371,-9.351531587,11.58601656983575,-32.05970679,13.35664361429245,-7.98195263,10.46907303301466,-28.50095873,12.53705346634588,-64.60427398,26.46916387991653,-116.4828819,-12.72566608
44.8,27,-42.89264783,14.20728326032343,-70.73841134,-15.04688432,-9.447475492,11.70105662379585,-32.38112506,13.48617407166783,-8.060858635,10.57459390630636,-28.78668184,12.66496457279202,-65.37997485,26.72144668221733,-117.753048,-13.00690174
44.9,27,-43.33071112,14.3452657,-71.44691524,-15.214507,-9.543425439,11.81613923410601,-32.70263277,13.61578189595678,-8.139769518,10.68014391884144,-29.07246695,12.79292791291818,-66.155728,26.97408075637127,-119.0239548,-13.2875012
45,27,-43.76877595,14.48326756683146,-72.15545875,-15.38209314,-9.639375696,11.93125643104811,-33.02420859,13.74545719920762,-8.218680504,10.78571606966947,-29.35829555,12.92093454011251,-66.93148937,27.22704134692135,-120.2955098,-13.56746893
45.1,27,-44.20683428,14.62128627933602,-72.8640288,-15.54963977,-9.735324541,12.04640542282883,-33.34584531,13.87519623066167,-8.297590383,10.89130795608972,-29.64416172,13.04898095532929,-67.7072373,27.48031618526708,-121.5676673,-13.84680729
45.2,27,-44.64490406,14.75932693369675,-73.57265328,-15.71715483,-9.8312759,12.16158995655979,-33.66755421,14.00500240971992,-8.376502373,10.99692327828604,-29.93007594,13.17707119306684,-68.4830039,27.73390685714153,-122.8404625,-14.12554531
45.3,27,-45.08293644,14.89737393578018,-74.28125282,-15.88462006,-9.927219099,12.27679645805385,-33.989298,14.1348598,-8.455407824,11.10254977231653,-30.21600551,13.30518986584327,-69.25869804,27.98777746738499,-124.1137339,-14.4036622
45.4,27,-45.52100946,15.03545051240615,-74.98995096,-16.05206797,-10.02317116,12.39204403715052,-34.31113117,14.26478884397161,-8.534320368,11.20820539403443,-30.50199927,13.43335853570547,-70.03447136,28.24196277852736,-125.3877013,-14.68124146
45.5,27,-45.95906455,15.17353822991401,-75.698653,-16.2194761,-10.1191193,12.50731674268723,-34.63300966,14.39477105566413,-8.613229694,11.31387564054969,-30.78801847,13.56155908737254,-70.81021257,28.49642235,-126.6621741,-14.95825108
45.6,27,-46.39712289,15.31164322066278,-76.40739215,-16.38685363,-10.21506815,12.62261927,-34.95494732,14.52481102061645,-8.692139573,11.41956506317276,-31.07407582,13.68979667003404,-71.5859605,28.75116067595012,-127.9371999,-15.23472106
45.7,27,-46.83519267,15.4497678,-77.11618112,-16.55420421,-10.31101951,12.73795310338413,-35.27694883,14.65490981223273,-8.771051563,11.52527518813843,-31.36017584,13.81807271778516,-72.36172709,29.00617567033267,-129.2127867,-15.51066745
45.8,27,-47.27322505,15.58789643789603,-77.82494066,-16.72150944,-10.40696271,12.85330478573539,-35.59897717,14.78505175576365,-8.849957014,11.63099383840097,-31.64628604,13.94637201345735,-73.13742123,29.26143256285349,-130.4887752,-15.78606727
45.9,27,-47.71129483,15.72605151467173,-78.53378941,-16.88880024,-10.50291407,12.96869280623173,-35.92108489,14.91525676155339,-8.928869004,11.73673833089929,-31.93245343,14.07471542033468,-73.91318783,29.51696609776372,-131.7653783,-16.06099735
46,27,-48.14935316,15.86421753644048,-79.24264818,-17.05605815,-10.59886291,13.08410377744274,-36.24323508,15.04550926325551,-9.007778883,11.84249652453125,-32.21864556,14.20308779169679,-74.68893576,29.77274199685877,-133.0424378,-16.33543372
46.1,27,-48.5874115,16.00239783291559,-79.95153492,-17.22328808,-10.69481176,13.19954008975599,-36.56543494,15.17581143260534,-9.086688763,11.94827077564192,-32.50486916,14.33149163513885,-75.46468369,30.02876081463133,-134.3199734,-16.60939399
46.2,27,-49.02548127,16.14059574736851,-80.66046763,-17.39049492,-10.79076311,13.31500415835028,-36.88769172,15.30616548992815,-9.165600753,12.05406345582371,-32.79113099,14.45992949,-76.24045028,30.28502332416313,-135.5980053,-16.8828953
46.3,27,-49.46351366,16.27879581421732,-81.36936717,-17.55766015,-10.88670631,13.43048264351059,-37.20996859,15.43655596239796,-9.244506204,12.15986245565061,-33.07739867,14.58838626606479,-77.01614443,30.54149565700573,-136.8763759,-17.15591291
46.4,27,-49.90158343,16.41702049258625,-82.07835233,-17.72481453,-10.98265767,13.54599418545767,-37.53231841,15.56700306578247,-9.323418194,12.26568519338259,-33.36371942,14.71688303078208,-77.79191102,30.79821397155233,-138.1553012,-17.42852085
46.5,27,-50.33964177,16.55525434142543,-82.78734403,-17.89193951,-11.07860652,13.66152548932915,-37.85470445,15.69749141516526,-9.402328073,12.37151958799644,-33.6500609,14.84540475332428,-78.56765895,31.05514480223728,-139.4346243,-17.70069361
46.6,27,-50.77769362,16.69349882663536,-83.4963501,-18.05903714,-11.17455395,13.77707741376616,-38.17712949,15.82802159157851,-9.481236845,12.47736653705089,-33.93642588,14.97395218909039,-79.34339344,31.31228614878948,-140.7143466,-17.97244031
46.7,27,-51.21576988,16.83176312215402,-84.2054194,-18.22612037,-11.27050672,13.89265740201467,-38.49961488,15.95860143578402,-9.560149942,12.58323306964831,-34.22283357,15.10253368319413,-80.11917348,31.56965032671977,-141.9945511,-18.24379583
46.8,27,-51.65380227,16.97002603414132,-84.91444211,-18.39316242,-11.36644992,14.00824727207615,-38.82211006,16.08921021864856,-9.639055394,12.68910253991134,-34.50923937,15.23112858063544,-80.89486762,31.82719358629934,-143.2750208,-18.51471446
46.9,27,-52.09187204,17.10831201767307,-85.62354743,-18.56019665,-11.46240128,14.12386743494137,-39.14467277,16.21987021512056,-9.717967384,12.79499397922181,-34.79569477,15.35975999797224,-81.67063422,32.08495680741968,-144.555994,-18.78527443
47,27,-52.52993038,17.24660567206344,-86.33265635,-18.72720441,-11.55835013,14.23950466874865,-39.46726643,16.35056618336242,-9.796877263,12.90089535457476,-35.08216753,15.48841300035073,-82.44638215,32.34290717681269,-145.8373154,-19.05544892