temp,ref,yhat_comm,se_comm,lowerci_comm,upperci_comm,yhat_low,se_low,lowerci_low,upperci_low,yhat_manuft,se_manuft,lowerci_manuft,upperci_manuft,yhat_connmine,se_connmine,lowerci_connmine,upperci_connmine,yhat_agri,se_agri,lowerci_agri,upperci_agri
-20,27,-18.95412391,11.37043745088797,-41.2397718,3.331523980272603,-3.814399889,13.83286430249074,-30.92631573,23.29751594658032,-1.27136417,10.79096990708017,-22.42127655,19.87854820649195,10.817494,54.292122,-95.593109,117.2281,-155.81921,78.004524,-308.70529,-2.9331579
-19.9,27,-18.91379583,11.34624493835807,-41.15202727,3.324435604,-3.806284114,13.80343256406543,-30.8605148,23.24794657466879,-1.268659129,10.76801030903468,-22.37357152,19.83625326169031,10.794478,54.176609,-95.389717,116.97868,-155.48769,77.838562,-308.04846,-2.9269171
-19.8,27,-18.87346776,11.32205242607094,-41.06428274,3.317347228,-3.798168339,13.77400082562009,-30.79471388,23.19837720271802,-1.265954089,10.74505071,-22.32586649,19.79395831689046,10.771462,54.061092,-95.186333,116.72926,-155.15616,77.672592,-307.39163,-2.9206765
-19.7,27,-18.83314045,11.29786037507323,-40.97653989,3.310258987545474,-3.790052718,13.74456964854081,-30.72891421,23.14880877622896,-1.2632491,10.72209155089401,-22.27816238,19.75166417885952,10.748447,53.94558,-94.982941,116.47984,-154.82463,77.50663,-306.73483,-2.9144356
-19.6,27,-18.79281237,11.27366786278611,-40.88879536,3.303170611822868,-3.781936943,13.71513791006626,-30.66311329,23.09923940422093,-1.260544059,10.69913195287011,-22.23045735,19.70936923410022,10.725431,53.830063,-94.779556,116.23042,-154.4931,77.34066,-306.078,-2.908195
-19.5,27,-18.7524843,11.24947535025621,-40.80105083,3.296082235624439,-3.773821167,13.68570617163926,-30.59731237,23.04967003,-1.257839019,10.67617235484925,-22.18275233,19.66707428934685,10.702415,53.714546,-94.576164,115.981,-154.16158,77.17469,-305.42117,-2.9019542
-19.4,27,-18.71215622,11.22528283796909,-40.7133063,3.288993859901836,-3.765705392,13.65627443318486,-30.53151144,23.00010066033757,-1.255133978,10.65321275682382,-22.1350473,19.62477934458454,10.679399,53.599033,-94.372772,115.73157,-153.83003,77.00872,-304.76437,-2.8957133
-19.3,27,-18.67182814,11.20109032543918,-40.62556177,3.281905483703369,-3.757589616,13.62684269473219,-30.46571052,22.95053128837243,-1.252428938,10.63025315880558,-22.08734228,19.5824844,10.656384,53.483517,-94.16938,115.48215,-153.4985,76.842758,-304.10754,-2.8894725
-19.2,27,-18.63150083,11.17689827444147,-40.53781891,3.274817242897306,-3.749473996,13.59741151763457,-30.39991085,22.90096286184743,-1.249723949,10.607294,-22.03963816,19.54019026175698,10.633368,53.368004,-93.965996,115.23273,-153.16698,76.676788,-303.45071,-2.8832319
-19.1,27,-18.59117276,11.15270576215435,-40.45007438,3.267728867174711,-3.74135822,13.56797977919235,-30.33410993,22.85139348990277,-1.247018909,10.58433440068291,-21.99193313,19.49789531704081,10.610352,53.252487,-93.762604,114.98331,-152.83545,76.510826,-302.79391,-2.876991
-19,27,-18.55084468,11.12851324974585,-40.36232985,3.260640491214208,-3.733242445,13.53854804073614,-30.26830901,22.80182411793069,-1.244313868,10.56137480266462,-21.94422811,19.45560037229248,10.587336,53.136971,-93.559212,114.73389,-152.50392,76.344856,-302.13708,-2.8707504
-18.9,27,-18.5105166,11.10432073733733,-40.27458532,3.253552115253676,-3.725126669,13.50911630231095,-30.20250808,22.75225474601941,-1.241608828,10.53841520462011,-21.89652308,19.41330542749276,10.56432,53.021458,-93.355827,114.48447,-152.17238,76.178886,-301.48026,-2.8645096
-18.8,27,-18.47018853,11.08012822492882,-40.18684079,3.246463739293137,-3.717010894,13.47968456,-30.13670716,22.70268537400786,-1.238903787,10.51545560661832,-21.84881806,19.37101048277679,10.541304,52.905941,-93.152435,114.23504,-151.84085,76.012917,-300.82343,-2.8582687
-18.7,27,-18.42986122,11.05593617405249,-40.09909793,3.239375498724982,-3.708895273,13.45025338675546,-30.07090749,22.65311694751908,-1.236198798,10.49249644649763,-21.80111394,19.32871634469762,10.518288,52.790428,-92.949051,113.98563,-151.50932,75.846954,-300.16663,-2.8520281
-18.6,27,-18.38953314,11.03174366,-40.0113534,3.232287122526557,-3.700779498,13.42082164831812,-30.00510657,22.60354757558398,-1.233493758,10.46953684847934,-21.75340892,19.28642139994931,10.495272,52.674911,-92.745659,113.7362,-151.1778,75.680984,-299.5098,-2.8457873
-18.5,27,-18.34920506,11.00755114923547,-39.92360887,3.225198746803944,-3.692663723,13.39138990986925,-29.93930565,22.55397820362627,-1.230788717,10.44657725,-21.70570389,19.24412645518677,10.472256,52.559395,-92.542267,113.48678,-150.84627,75.515022,-298.853,-2.8395464
-18.4,27,-18.30887699,10.98335863682696,-39.83586434,3.218110370843434,-3.684547947,13.36195817143189,-29.87350473,22.50440883169115,-1.228083677,10.42361765243298,-21.65799886,19.20183151,10.44924,52.443882,-92.338875,113.23736,-150.51474,75.349052,-298.19617,-2.8333058
-18.3,27,-18.26854891,10.95916612441845,-39.74811981,3.211021994882895,-3.676432172,13.33252643298786,-29.8077038,22.45483945974294,-1.225378636,10.40065805440905,-21.61029384,19.15953656567412,10.426224,52.328365,-92.135483,112.98793,-150.1832,75.183083,-297.53934,-2.827065
-18.2,27,-18.2282216,10.93497407342074,-39.66037696,3.203933754076836,-3.668316551,13.30309525589023,-29.74190414,22.40527103321792,-1.222673648,10.37769889431309,-21.56258972,19.11724242764342,10.403208,52.212852,-91.932098,112.73852,-149.85168,75.01712,-296.88254,-2.8208244
-18.1,27,-18.18789352,10.91078156113361,-39.57263243,3.196845378354229,-3.660200776,13.27366351743922,-29.67610321,22.35570166125603,-1.219968607,10.35473929626845,-21.5148847,19.07494748284347,10.380192,52.097336,-91.728706,112.48909,-149.52014,74.851151,-296.22571,-2.8145835
-18,27,-18.14756545,10.88658904860371,-39.4848879,3.189757002155783,-3.652085,13.24423177899389,-29.61030229,22.30613228930527,-1.217263567,10.33177969822295,-21.46717967,19.03265253804181,10.357176,51.981819,-91.525322,112.23967,-149.18861,74.685188,-295.56888,-2.8083427
-17.9,27,-18.10723737,10.86239653631659,-39.39714337,3.182668626433188,-3.643969225,13.21480004053135,-29.54450137,22.25656291732078,-1.214558526,10.30882010022366,-21.41947465,18.99035759333072,10.33416,51.866306,-91.32193,111.99025,-148.85709,74.519218,-294.91208,-2.8021019
-17.8,27,-18.06690929,10.83820402390809,-39.30939884,3.175580250472684,-3.63585345,13.18536830208601,-29.47870044,22.20699354537002,-1.211853486,10.28586050219235,-21.37176962,18.94806264855688,10.311144,51.75079,-91.118538,111.74083,-148.52556,74.353249,-294.25525,-2.7958612
-17.7,27,-18.02658199,10.81401197291037,-39.22165598,3.168492009666608,-3.627737829,13.15593712499472,-29.41290078,22.15742511885742,-1.209148497,10.26290134209625,-21.3240655,18.90576851052592,10.288128,51.635277,-90.915154,111.49141,-148.19403,74.187286,-293.59842,-2.7896204
-17.6,27,-17.98625391,10.78981946050185,-39.13391145,3.161403633706058,-3.619622054,13.12650538656011,-29.34709985,22.10785574692768,-1.206443456,10.23994174404607,-21.27636048,18.86347356571509,10.265112,51.51976,-90.711761,111.24199,-147.86249,74.021317,-292.94162,-2.7833798
-17.5,27,-17.94592583,10.76562694809334,-39.04616692,3.154315257745534,-3.611506278,13.09707365,-29.28129893,22.05828637495305,-1.203738416,10.21698214603835,-21.22865545,18.82117862,10.242096,51.404243,-90.508369,110.99256,-147.53096,73.855347,-292.28479,-2.7771389
-17.4,27,-17.90559775,10.74143443568483,-38.95842239,3.147226881785027,-3.603390503,13.06764190967872,-29.21549801,22.00871700304434,-1.201033375,10.19402255,-21.18095043,18.77888367625081,10.21908,51.288727,-90.304977,110.74314,-147.19943,73.689384,-291.62796,-2.7708981
-17.3,27,-17.86526968,10.71724192327633,-38.87067786,3.140138506,-3.595274727,13.03821017122123,-29.14969709,21.95914763106973,-1.198328335,10.17106294999454,-21.1332454,18.73658873147668,10.196064,51.173214,-90.101593,110.49372,-146.8679,73.523415,-290.97113,-2.7646573
-17.2,27,-17.82494237,10.69304987239999,-38.782935,3.133050265256344,-3.587159107,13.00877899414375,-29.08389742,21.90957920458421,-1.195623346,10.14810378986065,-21.08554129,18.69429459337164,10.173049,51.057701,-89.898201,110.2443,-146.53638,73.357452,-290.31433,-2.7584167
-17.1,27,-17.78461429,10.66885735999149,-38.69519047,3.125961889295844,-3.579043331,12.97934725569971,-29.0180965,21.86000983263599,-1.192918306,10.12514419187205,-21.03783626,18.65199964868152,10.150032,50.942184,-89.694817,109.99488,-146.20485,73.191483,-289.6575,-2.7521758
-17,27,-17.74428622,10.64466484758298,-38.60744594,3.118873513,-3.570927556,12.94991551722856,-28.95229557,21.81044046063462,-1.190213265,10.10218459384058,-20.99013123,18.60970470390736,10.127016,50.826668,-89.491425,109.74545,-145.87331,73.025513,-289.0007,-2.7459352
-16.9,27,-17.70395814,10.62047233517447,-38.51970141,3.111785137374799,-3.562811781,12.92048377877837,-28.88649465,21.76087108867434,-1.187508225,10.07922499580921,-20.94242621,18.56740976,10.104,50.711151,-89.288033,109.49603,-145.54178,72.859543,-288.34387,-2.7396944
-16.8,27,-17.66363006,10.59627982276594,-38.43195688,3.104696761414242,-3.554696005,12.89105204034067,-28.82069373,21.71130171673854,-1.184803184,10.05626539782052,-20.89472118,18.52511481,10.080984,50.595638,-89.084641,109.24661,-145.21025,72.693581,-287.68704,-2.7334535
-16.7,27,-17.62330275,10.57208777176825,-38.34421403,3.097608520608212,-3.546580385,12.86162086,-28.75489406,21.66173329025303,-1.182098195,10.03330624,-20.84701707,18.48282067633821,10.057969,50.480125,-88.881256,108.99719,-144.87872,72.527611,-287.03024,-2.7272129
-16.6,27,-17.58297468,10.54789525948113,-38.2564695,3.090520144885613,-3.538464609,12.83218912479302,-28.68909314,21.61216391825358,-1.179393155,10.01034663965525,-20.79931204,18.44052573156409,10.034953,50.364609,-88.677864,108.74777,-144.5472,72.361649,-286.37341,-2.7209721
-16.5,27,-17.5426466,10.52370274707262,-38.16872497,3.083431768925088,-3.530348834,12.80275738637547,-28.62329221,21.56259454635727,-1.176688114,9.987387041642823,-20.75160702,18.39823078682726,10.011937,50.249092,-88.474472,108.49835,-144.21567,72.195679,-285.71658,-2.7147312
-16.4,27,-17.50231852,10.49951023,-38.08098044,3.076343392964542,-3.522233058,12.77332564791164,-28.55749129,21.51302517437025,-1.173983074,9.964427443635147,-20.70390199,18.35593584209974,9.9889212,50.133575,-88.271088,108.24892,-143.88412,72.029709,-285.05975,-2.7084906
-16.3,27,-17.46199045,10.47531772225559,-37.99323591,3.069255017004028,-3.514117283,12.74389390948338,-28.49169037,21.46345580245296,-1.171278034,9.941467845585024,-20.65619696,18.31364089728903,9.9659042,50.018063,-88.067696,107.9995,-143.5526,71.863747,-284.40295,-2.7022498
-16.2,27,-17.42166314,10.45112567125788,-37.90549305,3.062166776197962,-3.506001662,12.71446273238575,-28.4258907,21.41388737592792,-1.168573045,9.918508685488902,-20.60849285,18.27134675925803,9.9428892,49.90255,-87.864311,107.75008,-143.22107,71.697777,-283.74612,-2.6960092
-16.1,27,-17.38133506,10.42693315884936,-37.81774852,3.0550784,-3.497885887,12.68503099394675,-28.36008978,21.36431800398957,-1.165868004,9.895549087,-20.56078782,18.22905181448397,9.9198732,49.787033,-87.660919,107.50066,-142.88954,71.531807,-283.08932,-2.6897683
-16,27,-17.34100698,10.40274064644085,-37.73000399,3.047990024276906,-3.489770112,12.65559926,-28.29428886,21.31474863200507,-1.163162964,9.872589489458242,-20.5130828,18.18675686977299,9.8968573,49.671516,-87.457527,107.25124,-142.55801,71.365845,-282.4325,-2.6835275
-15.9,27,-17.30067891,10.37854813415373,-37.64225946,3.040901648554311,-3.481654336,12.62616752,-28.22848793,21.26517926006673,-1.160457923,9.849629891412787,-20.46537777,18.14446192497142,9.8738413,49.556,-87.254135,107.00182,-142.22647,71.199875,-281.77567,-2.6772866
-15.8,27,-17.26035121,10.35435585238992,-37.55451577,3.033813340052056,-3.473538638,12.59673605928999,-28.16268764,21.21561036086072,-1.157752909,9.826670512345391,-20.4176732,18.10216738356179,9.8508253,49.440487,-87.050751,106.7524,-141.89494,71.033913,-281.11887,-2.671046
-15.7,27,-17.22002314,10.33016334010281,-37.46677124,3.026724964329478,-3.465422863,12.56730432082744,-28.09688671,21.16604098887622,-1.155047868,9.803710914327153,-20.36996818,18.05987243881357,9.8278093,49.32497,-86.847359,106.50298,-141.56342,70.867943,-280.46204,-2.6648052
-15.6,27,-17.17969544,10.30597105833899,-37.37902754,3.019636655827192,-3.457307165,12.53787286305253,-28.03108642,21.11647208963161,-1.152342853,9.780751535248211,-20.3222636,18.0175779,9.8047934,49.209457,-86.643967,106.25356,-141.23189,70.701973,-279.80521,-2.6585646
-15.5,27,-17.13936737,10.28177854593048,-37.29128301,3.012548279866671,-3.449191389,12.50844112460885,-27.9652855,21.06690271768407,-1.149637813,9.757791937,-20.27455858,17.97528295262818,9.7817774,49.093941,-86.440582,106.00414,-140.90036,70.536011,-279.14841,-2.6523237
-15.4,27,-17.09903929,10.25758603352197,-37.20353848,3.005459903906154,-3.441075614,12.47900938615996,-27.89948457,21.01733334572635,-1.146932773,9.734832339201915,-20.22685355,17.93298800786561,9.7587614,48.978424,-86.23719,105.75471,-140.56883,70.370041,-278.49158,-2.6460829
-15.3,27,-17.0587116,10.23339375187955,-37.11579479,2.998371595641807,-3.432959916,12.44957792839871,-27.83368428,20.96776444650851,-1.144227758,9.711872960141724,-20.17914898,17.89069347,9.7357454,48.862911,-86.033798,105.50529,-140.2373,70.204071,-277.83475,-2.6398423
-15.2,27,-17.01838352,10.20920123947105,-37.02805026,2.99128322,-3.42484414,12.42014618992121,-27.76788336,20.91819507449471,-1.141522717,9.688913362126813,-20.13144396,17.84839852172841,9.7127295,48.747395,-85.830414,105.25587,-139.90576,70.038109,-277.17792,-2.6336014
-15.1,27,-16.97805583,10.18500895782863,-36.94030657,2.984194911416967,-3.416728442,12.39071473216079,-27.70208306,20.86862618,-1.138817703,9.665953983061147,-20.08373939,17.80610398032216,9.6897135,48.631882,-85.627022,105.00645,-139.57423,69.872139,-276.52112,-2.6273606
-15,27,-16.93772775,10.16081644542012,-36.85256204,2.977106535456439,-3.408612667,12.36128299374195,-27.63628214,20.81905680337965,-1.136112662,9.642994385016506,-20.03603436,17.76380903552219,9.6666975,48.516365,-85.42363,104.75703,-139.24271,69.706169,-275.86429,-2.62112
-14.9,27,-16.89739967,10.13662393301159,-36.76481751,2.970018159,-3.400496892,12.33185125527941,-27.57048121,20.76948743139517,-1.133407622,9.620034786998263,-19.98832933,17.72151409077396,9.6436815,48.400848,-85.220238,104.50761,-138.91118,69.540207,-275.20746,-2.6148791
-14.8,27,-16.85707198,10.11243165136919,-36.67707381,2.962929851231575,-3.392381194,12.30241979751831,-27.50468092,20.71991853217763,-1.130702607,9.597075407932572,-19.94062476,17.67921954936767,9.6206656,48.285336,-85.016853,104.25819,-138.57965,69.374237,-274.55066,-2.6086383
-14.7,27,-16.8167439,10.08823913896068,-36.58932928,2.955841475271058,-3.384265418,12.27298805907298,-27.43888,20.67034916022687,-1.127997567,9.574115809917586,-19.89291974,17.63692460462582,9.5976496,48.169819,-84.813461,104.00876,-138.24812,69.208267,-273.89383,-2.6023977
-14.6,27,-16.77641621,10.06404685731826,-36.50158559,2.948753167006714,-3.37614972,12.24355660129322,-27.3730797,20.62078026097275,-1.125292552,9.551156430857429,-19.84521517,17.59463006323037,9.5746336,48.054306,-84.610077,103.75934,-137.91658,69.042305,-273.23703,-2.5961568
-14.5,27,-16.73608814,10.03985434478836,-36.41384106,2.941664790808272,-3.368033945,12.21412486284516,-27.30727878,20.57121088901664,-1.122587511,9.528196832831878,-19.79751014,17.55233511846782,9.5516176,47.938789,-84.406685,103.50992,-137.58505,68.876335,-272.5802,-2.589916
-14.4,27,-16.69576006,10.01566183250124,-36.32609653,2.934576415085683,-3.359918169,12.18469312441183,-27.24147786,20.52164151708942,-1.119882471,9.505237234811158,-19.74980512,17.51004017371474,9.5286016,47.823273,-84.203293,103.2605,-137.25352,68.710373,-271.92337,-2.5836754
-14.3,27,-16.65543237,9.991469550737428,-36.23835284,2.927488106583414,-3.351802471,12.15526166663292,-27.17567756,20.47207261783695,-1.117177456,9.482277855732198,-19.70210054,17.46774563228244,9.5055857,47.70776,-83.999901,103.01108,-136.922,68.544403,-271.26657,-2.5774345
-14.2,27,-16.61510429,9.967277038450314,-36.15060831,2.920399730860826,-3.343686696,12.12582992820336,-27.10987664,20.42250324591711,-1.114472416,9.459318257713935,-19.65439552,17.42545068753417,9.4825697,47.592243,-83.796516,102.76166,-136.59047,68.378433,-270.60974,-2.5711937
-14.1,27,-16.5747766,9.943084756686501,-36.06286461,2.913311422358557,-3.335570998,12.09639847041267,-27.04407634,20.37293434664156,-1.111767401,9.436358878646516,-19.60669095,17.38315614612448,9.4595537,47.47673,-83.593124,102.51224,-136.25894,68.212471,-269.95291,-2.5649531
-14,27,-16.53444852,9.918892244399387,-35.97512008,2.906223046635972,-3.327455223,12.06696673,-26.97827542,20.32336497,-1.109062361,9.413399280601135,-19.55898592,17.34086120132307,9.4365377,47.361214,-83.389732,102.26281,-135.9274,68.046501,-269.29608,-2.5587122
-13.9,27,-16.49412044,9.894699731869478,-35.88737555,2.899134670437512,-3.319339447,12.03753499353127,-26.9124745,20.27379560275821,-1.10635732,9.390439682601832,-19.5112809,17.29856625661196,9.4135218,47.245697,-83.186348,102.01339,-135.59587,67.880531,-268.63928,-2.5524714
-13.8,27,-16.45379275,9.870507450348461,-35.79963186,2.892046362411119,-3.311223749,12.00810353574519,-26.8466742,20.22422670349169,-1.103652306,9.367480303534592,-19.46357633,17.25627171520263,9.3905058,47.130184,-82.982956,101.76397,-135.26434,67.714569,-267.98245,-2.5462308
-13.7,27,-16.41346467,9.846314937818546,-35.71188733,2.884957986212648,-3.303107974,11.97867179729713,-26.78087328,20.17465733153559,-1.100947265,9.344520705529337,-19.4158713,17.21397677047985,9.3674898,47.014668,-82.779564,101.51455,-134.93282,67.548599,-267.32562,-2.5399899
-13.6,27,-16.37313698,9.822122656176134,-35.62414364,2.877869677948322,-3.294992276,11.94924034,-26.71507298,20.12508843231937,-1.09824225,9.321561326424128,-19.36816673,17.17168222899611,9.3444748,46.899155,-82.57618,101.26513,-134.60129,67.382637,-266.66882,-2.5337493
-13.5,27,-16.3328089,9.797930143767621,-35.53639911,2.870781301987794,-3.2868765,11.91980860109787,-26.64927206,20.07551906038135,-1.09553721,9.298601728416564,-19.3204617,17.12938728426881,9.3214579,46.783638,-82.372787,101.0157,-134.26976,67.216667,-266.01199,-2.5275085
-13.4,27,-16.29248083,9.773737631,-35.44865458,2.863692926265198,-3.278760725,11.89037686260949,-26.58347114,20.02594968834623,-1.09283217,9.275642130404092,-19.27275668,17.08709233953189,9.2984419,46.668121,-82.169395,100.76628,-133.93822,67.050697,-265.35516,-2.5212677
-13.3,27,-16.25215313,9.749545349716689,-35.36091088,2.856604618,-3.270645027,11.86094540488479,-26.51767084,19.97638078920002,-1.090127155,9.252682751,-19.22505211,17.04479779813641,9.2754269,46.552608,-81.966011,100.51686,-133.60669,66.884735,-264.69836,-2.515027
-13.2,27,-16.21182506,9.725352837429567,-35.27316635,2.849516242040327,-3.262529252,11.83151366647163,-26.45186992,19.92681142,-1.087422114,9.229723153315932,-19.17734708,17.00250285336908,9.2524109,46.437092,-81.762619,100.26744,-133.27516,66.718765,-264.04153,-2.5087862
-13.1,27,-16.17149736,9.701160555665762,-35.18542266,2.842427933538072,-3.254413554,11.80208220865063,-26.38606963,19.87724251797737,-1.0847171,9.206763774250181,-19.12964251,16.96020831196267,9.2293949,46.321579,-81.559227,100.01802,-132.94363,66.552795,-263.38474,-2.5025454
-13,27,-16.13116929,9.676968043257254,-35.09767813,2.835339557577562,-3.246297778,11.77265047021099,-26.3202687,19.82767314603775,-1.082012059,9.183804176218802,-19.08193749,16.91791337,9.2063789,46.206062,-81.355843,99.768593,-132.61211,66.386833,-262.72791,-2.4963048
-12.9,27,-16.09084121,9.652775530848739,-35.0099336,2.828251181617031,-3.238182003,11.74321873178399,-26.25446778,19.77810377412294,-1.079307019,9.160844578187286,-19.03423246,16.87561842241445,9.183363,46.090546,-81.152451,99.519173,-132.28056,66.220863,-262.07108,-2.4900639
-12.8,27,-16.05051352,9.628583249084938,-34.92218991,2.821162873114787,-3.230066305,11.71378727,-26.18866748,19.72853487,-1.076602004,9.137885199,-18.98652789,16.83332388100811,9.160347,45.975033,-80.949059,99.269753,-131.94904,66.054893,-261.41428,-2.4838231
-12.7,27,-16.01018544,9.604390736797811,-34.83444538,2.814074497,-3.221950529,11.68435553554983,-26.12286656,19.67896550290029,-1.073896964,9.114925601093512,-18.93882286,16.79102893624064,9.137331,45.859516,-80.745667,99.020332,-131.61751,65.888931,-260.75745,-2.4775825
-12.6,27,-15.96985775,9.580198455155401,-34.74670168,2.806986189,-3.213834831,11.65492407782513,-26.05706627,19.62939660375408,-1.071191949,9.091966222033344,-18.89111829,16.74873439484518,9.114315,45.744003,-80.542282,98.770912,-131.28598,65.722961,-260.10062,-2.4713416
-12.5,27,-15.92952967,9.556005943,-34.65895715,2.799897813167307,-3.205719056,11.62549233933676,-25.99126534,19.57982723171896,-1.068486909,9.069006624020954,-18.84341327,16.70643945010842,9.0912991,45.628487,-80.33889,98.521492,-130.95445,65.556992,-259.44379,-2.4651008
-12.4,27,-15.88920159,9.531813430338374,-34.57121262,2.792809437206797,-3.197603281,11.59606060089791,-25.92546442,19.53025785978092,-1.065781868,9.046047026013333,-18.79570824,16.66414450538101,9.0682831,45.51297,-80.135498,98.272064,-130.62292,65.391029,-258.78699,-2.4588602
-12.3,27,-15.8488739,9.507621148695959,-34.48346893,2.785721128942463,-3.189487583,11.56662914,-25.85966413,19.48068896056472,-1.063076853,9.023087646908197,-18.74800367,16.62184996,9.0452671,45.397457,-79.932114,98.022644,-130.2914,65.22506,-258.13016,-2.4526193
-12.2,27,-15.80854582,9.483428636287448,-34.3957244,2.778632752981942,-3.181371807,11.53719740468943,-25.7938632,19.43111958860859,-1.060371813,9.000128048903024,-18.70029865,16.57955501917479,9.0222511,45.28194,-79.728722,97.773224,-129.95985,65.059097,-257.47333,-2.4463785
-12.1,27,-15.76821813,9.459236354523636,-34.30798071,2.771544444479678,-3.173256109,11.50776594690334,-25.72806291,19.38155068934208,-1.057666798,8.977168669835658,-18.65259407,16.53726047776521,8.9992352,45.166428,-79.525337,97.523804,-129.62833,64.893127,-256.81653,-2.4401379
-12,27,-15.72789005,9.435043842175821,-34.22023618,2.764456068638117,-3.165140334,11.47833420845363,-25.66226198,19.33198131738273,-1.054961758,8.954209071836361,-18.60488905,16.49496553305412,8.9762192,45.050911,-79.321945,97.274384,-129.2968,64.727158,-256.1597,-2.433897
-11.9,27,-15.68756198,9.410851329767311,-34.13249165,2.757367692677596,-3.157024558,11.44890247002195,-25.59646106,19.28241194545874,-1.052256717,8.931249473790912,-18.55718402,16.45267058825256,8.9532032,44.935394,-79.118553,97.024956,-128.96527,64.561195,-255.50288,-2.4276562
-11.8,27,-15.64723429,9.386659048064192,-34.04474795,2.750279384294288,-3.14890886,11.41947101223128,-25.53066077,19.23284304618323,-1.049551703,8.908290094723624,-18.50947945,16.41037604684314,8.9301872,44.819881,-78.915161,96.775536,-128.63374,64.395226,-254.84607,-2.4214156
-11.7,27,-15.60690621,9.362466535716381,-33.95700342,2.743191008452733,-3.140793085,11.39003927380171,-25.46485984,19.18327367426337,-1.046846662,8.885330496705242,-18.46177443,16.36808110209464,8.9071712,44.704365,-78.711777,96.526115,-128.30222,64.229256,-254.18924,-2.4151747
-11.6,27,-15.56657852,9.338274254013266,-33.86925973,2.736102700069432,-3.132677387,11.36060781602279,-25.39905955,19.13370477501089,-1.044141648,8.862371117626392,-18.41406986,16.32578656066255,8.8841553,44.588852,-78.508385,96.276695,-127.97068,64.063293,-253.53242,-2.4089341
-11.5,27,-15.52625044,9.314081741604765,-33.7815152,2.729014324108933,-3.124561611,11.33117607758947,-25.33325863,19.08413540308368,-1.041436607,8.839411519605564,-18.36636483,16.28349161590926,8.8611393,44.473335,-78.304993,96.027275,-127.63914,63.897324,-252.87561,-2.4026933
-11.4,27,-15.48592236,9.289889229256941,-33.69377067,2.721925948267353,-3.116445836,11.30174433914141,-25.2674577,19.03456603112757,-1.038731567,8.816451922,-18.3186598,16.24119667114675,8.8381233,44.357819,-78.101608,95.777855,-127.30762,63.731358,-252.21878,-2.3964524
-11.3,27,-15.44559467,9.265696947553829,-33.60602698,2.71483764,-3.108330138,11.27231288136164,-25.20165741,18.98499713187344,-1.036026552,8.793492542519898,-18.27095523,16.19890212975134,8.8151073,44.242306,-77.898216,95.528435,-126.97609,63.565392,-251.56197,-2.3902118
-11.2,27,-15.40526659,9.241504435145325,-33.51828245,2.707749263923549,-3.100214363,11.24288114291631,-25.13585649,18.93542775992268,-1.033321511,8.770532945,-18.22325021,16.15660718500967,8.7920914,44.126789,-77.694824,95.279007,-126.64455,63.399422,-250.90514,-2.383971
-11.1,27,-15.3649389,9.217312153502904,-33.43053875,2.700660955659208,-3.092098665,11.21344968515521,-25.07005619,18.88585886070513,-1.030616497,8.747573565439216,-18.17554564,16.11431264360319,8.7690754,44.011276,-77.49144,95.029587,-126.31303,63.233456,-250.24832,-2.3777301
-11,27,-15.32461082,9.193119641094386,-33.34279422,2.693572579698669,-3.083982889,11.18401794669268,-25.00425527,18.83628948872067,-1.027911456,8.724613967420959,-18.12784061,16.07201769885493,8.7460594,43.89576,-77.288048,94.780167,-125.9815,63.06749,-249.59151,-2.3714895
-10.9,27,-15.28428275,9.168927128685882,-33.25504969,2.686484203738162,-3.075867114,11.15458620827384,-24.93845434,18.78672011682182,-1.025206416,8.701654369376426,-18.08013559,16.02972275405518,8.7230434,43.780243,-77.084656,94.530746,-125.64996,62.90152,-248.93468,-2.3652487
-10.8,27,-15.24395505,9.144734847043468,-33.167306,2.679395895473832,-3.067751416,11.12515475051341,-24.87265405,18.73715122,-1.022501401,8.678694990310648,-18.03243101,15.98742821264871,8.7000275,43.66473,-76.881271,94.281326,-125.31844,62.735554,-248.27786,-2.3590078
-10.7,27,-15.20362698,9.120542334634951,-33.07956147,2.67230752,-3.05963564,11.09572301203591,-24.80685313,18.68758184559179,-1.019796361,8.655735392295751,-17.98472599,15.94513326790704,8.6770115,43.549213,-76.677879,94.031898,-124.98691,62.569588,-247.62105,-2.3527672
-10.6,27,-15.16329928,9.096350052931829,-32.99181778,2.665219211129985,-3.051519942,11.06629155427466,-24.74105283,18.63801294637395,-1.017091346,8.632776013235555,-17.93702142,15.90283872651152,8.6539955,43.433701,-76.474487,93.782478,-124.65538,62.403622,-246.96423,-2.3465264
-10.5,27,-15.12297121,9.072157540523332,-32.90407325,2.658130835169489,-3.043404167,11.03685981582578,-24.67525191,18.58844357441623,-1.014386306,8.609816415,-17.88931639,15.86054378174911,8.6309795,43.318184,-76.271103,93.533058,-124.32384,62.237656,-246.3074,-2.3402855
-10.4,27,-15.08264313,9.047965028114813,-32.81632872,2.651042459,-3.035288392,11.00742807738209,-24.60945099,18.53887420246871,-1.011681265,8.586856817189231,-17.84161137,15.81824883699577,8.6079636,43.202667,-76.067711,93.283638,-123.99232,62.071686,-245.65059,-2.3340449
-10.3,27,-15.04231544,9.023772746,-32.72858502,2.643954150944623,-3.027172694,10.97799661960718,-24.54365069,18.48930530322408,-1.00897625,8.563897438,-17.7939068,15.7759543,8.5849485,43.087154,-75.864319,93.034218,-123.66078,61.90572,-244.99377,-2.3278041
-10.2,27,-15.00198736,8.999580234063894,-32.64084049,2.636865774984109,-3.019056918,10.94856488114464,-24.47784977,18.43973593,-1.00627121,8.540937840092028,-17.74620177,15.73365935081524,8.5619316,42.971638,-75.660927,92.784798,-123.32925,61.739754,-244.33694,-2.3215632
-10.1,27,-14.96165967,8.975387952421464,-32.5530968,2.629777467,-3.01094122,10.91913342338943,-24.41204947,18.39016703,-1.003566195,8.517978461024684,-17.6984972,15.69136480940571,8.5389166,42.856125,-75.457542,92.535378,-122.99773,61.573788,-243.68013,-2.3153226
-10,27,-14.92133159,8.951195440012965,-32.46535227,2.622689091,-3.002825445,10.88970168495042,-24.34624855,18.34059766009524,-1.000861155,8.495018862979242,-17.65079217,15.64906986460417,8.5159006,42.740608,-75.25415,92.28595,-122.66619,61.407818,-243.0233,-2.3090818
-9.9,27,-14.88100351,8.927002928,-32.37760774,2.615600714798722,-2.994709669,10.86026994648788,-24.28044763,18.29102828811074,-0.998156114,8.472059264985695,-17.60308715,15.60677491990434,8.4928846,42.625092,-75.050758,92.03653,-122.33466,61.241852,-242.36649,-2.3028409
-9.8,27,-14.84067582,8.902810645962026,-32.28986405,2.608512406534373,-2.986593971,10.83083848874045,-24.21464733,18.24145938891998,-0.9954511,8.449099885916189,-17.55538258,15.56448037849057,8.4698687,42.509579,-74.847374,91.787109,-122.00314,61.075886,-241.70967,-2.2966003
-9.7,27,-14.80034774,8.878618133553516,-32.20211952,2.601424030573853,-2.978478196,10.80140675,-24.14884641,18.19189001697469,-0.992746059,8.426140287893062,-17.50767755,15.52218543373277,8.4468527,42.394062,-74.643982,91.537689,-121.6716,60.909916,-241.05284,-2.2903595
-9.6,27,-14.76002005,8.854425851850404,-32.11437582,2.594335722190559,-2.970362498,10.77197529252299,-24.08304611,18.14232111773008,-0.990041045,8.403180908833063,-17.45997298,15.47989089233764,8.4238367,42.278549,-74.440598,91.288269,-121.34007,60.74395,-240.39603,-2.2841189
-9.5,27,-14.71969197,8.830233339502588,-32.02663129,2.587247346348994,-2.962246723,10.74254355405914,-24.01724519,18.09275174574303,-0.987336004,8.380221311,-17.41226796,15.43759594753704,8.4008207,42.163033,-74.237206,91.038841,-121.00854,60.577984,-239.73921,-2.277878
-9.4,27,-14.6793639,8.806040827,-31.93888676,2.580158970388478,-2.954130947,10.71311181564159,-23.95144427,18.04318237384672,-0.984630964,8.357261713,-17.36456293,15.39530100279442,8.3778048,42.047516,-74.033813,90.789421,-120.67701,60.412014,-239.08238,-2.2716372
-9.3,27,-14.6390362,8.781848545,-31.85114307,2.573070662005186,-2.946015249,10.68368036,-23.88564397,17.99361347458881,-0.981925949,8.334302333699574,-17.31685836,15.35300646137351,8.3547888,41.932003,-73.830421,90.540001,-120.34548,60.246048,-238.42557,-2.2653966
-9.2,27,-14.59870813,8.757656033043153,-31.76339854,2.565982286163623,-2.937899474,10.65424861940238,-23.81984305,17.94404410261417,-0.979220908,8.311342735689534,-17.26915333,15.31071151664136,8.3317728,41.816486,-73.627037,90.290581,-120.01395,60.080082,-237.76875,-2.2591558
-9.1,27,-14.55838044,8.733463751279336,-31.67565485,2.558893977661347,-2.929783776,10.62481716165626,-23.75404275,17.89447520342598,-0.976515894,8.288383356606936,-17.22144876,15.26841697520193,8.3087568,41.700974,-73.423645,90.041161,-119.68243,59.914116,-237.11194,-2.2529149
-9,27,-14.51805236,8.709271238931533,-31.58791032,2.551805601819815,-2.921668,10.59538542320607,-23.68824183,17.84490583,-0.973810853,8.265423758596851,-17.17374374,15.22612203046969,8.2857409,41.585457,-73.220253,89.79174,-119.35089,59.748146,-236.45511,-2.2466741
-8.9,27,-14.47772428,8.685078726583715,-31.50016579,2.544717225978246,-2.913552225,10.56595368,-23.62244091,17.79533646,-0.971105813,8.242464160586833,-17.12603871,15.18382708573758,8.2627249,41.46994,-73.016869,89.542313,-119.01936,59.58218,-235.79829,-2.2404335
-8.8,27,-14.43739659,8.660886444819901,-31.41242209,2.537628917475978,-2.905436527,10.53652222699511,-23.55664061,17.74576756028853,-0.968400798,8.219504781504213,-17.07833414,15.14153254429811,8.2397089,41.354427,-72.813477,89.292892,-118.68783,59.416214,-235.14146,-2.2341926
-8.7,27,-14.39706851,8.636693932472079,-31.32467756,2.530540541634403,-2.897320752,10.50709048852494,-23.49083969,17.69619818828907,-0.965695758,8.196545183494136,-17.03062912,15.09923759956588,8.2166929,41.238911,-72.610085,89.043472,-118.3563,59.250248,-234.48465,-2.2279518
-8.6,27,-14.35674082,8.612501650768971,-31.23693387,2.523452233251115,-2.889205054,10.47765903,-23.4250394,17.64662928905597,-0.962990743,8.173585804420993,-16.98292454,15.05694305814498,8.1936769,41.123394,-72.4067,88.794052,-118.02477,59.084278,-233.82784,-2.2217112
-8.5,27,-14.31641274,8.588309138360463,-31.14918934,2.516363857,-2.881089278,10.44822729233202,-23.35923847,17.59705991714725,-0.960285703,8.150626206405679,-16.93521952,15.01464811340249,8.170661,41.007881,-72.203308,88.544632,-117.69324,58.918312,-233.17101,-2.2154703
-8.4,27,-14.27608466,8.564116626012652,-31.06144481,2.509275481449048,-2.872973503,10.41879555387451,-23.29343755,17.54749054517263,-0.957580662,8.127666608360732,-16.88751449,14.97235316860192,8.147645,40.892365,-71.999916,88.295204,-117.36171,58.752346,-232.51419,-2.2092295
-8.3,27,-14.23575697,8.539924344309533,-30.97370112,2.502187173065737,-2.864857805,10.38936409609326,-23.22763726,17.49792164591559,-0.954875647,8.104707229300674,-16.83980992,14.93005862720667,8.124629,40.776852,-71.796532,88.045784,-117.03018,58.58638,-231.85738,-2.2029889
-8.2,27,-14.1954289,8.515731831901023,-30.88595659,2.495098797,-2.856742029,10.35993235764438,-23.16183633,17.44835227395788,-0.952170607,8.081747631277558,-16.7921049,14.88776368244889,8.101613,40.661335,-71.59314,87.796364,-116.69865,58.42041,-231.20055,-2.196748
-8.1,27,-14.1551012,8.491539550258608,-30.79821289,2.488010488840885,-2.848626331,10.33050089990328,-23.09603604,17.39878337477954,-0.949465592,8.058788252208023,-16.74440033,14.84546914103506,8.0785971,40.545818,-71.389748,87.546944,-116.36712,58.254444,-230.54373,-2.1905074
-8,27,-14.11477313,8.467347038,-30.71046836,2.480922112880371,-2.840510556,10.30106916144074,-23.03023511,17.34921400279504,-0.946760552,8.035828654197999,-16.6966953,14.80317419630294,8.0555811,40.430305,-71.186363,87.297523,-116.03559,58.088478,-229.88692,-2.1842666
-7.9,27,-14.07444524,8.443154640824623,-30.62272425,2.473833770767916,-2.832394819,10.27163756332933,-22.96443451,17.29964486719483,-0.944055524,8.012869165642815,-16.6489905,14.76087945319978,8.0325651,40.314789,-70.982971,87.048103,-115.70406,57.922508,-229.23009,-2.1780257
-7.8,27,-14.03411736,8.418962243799166,-30.53498014,2.466745428655502,-2.824279082,10.24220596524652,-22.8986339,17.25007573165068,-0.941350497,7.989909677105276,-16.6012857,14.71858471013119,8.0095491,40.199276,-70.779579,86.798683,-115.37253,57.756542,-228.57327,-2.1717851
-7.7,27,-13.99378928,8.394769731,-30.44723561,2.459657052694988,-2.816163307,10.21277422679031,-22.83283297,17.20050636,-0.938645456,7.966950079,-16.55358068,14.67628976537324,7.9865332,40.083759,-70.576187,86.549255,-115.041,57.590576,-227.91646,-2.1655443
-7.6,27,-13.95346139,8.370577334365187,-30.3594915,2.452568711,-2.80804757,10.18334262868751,-22.76703236,17.15093722409527,-0.935940429,7.943990590533517,-16.50587588,14.63399502228306,7.9635177,39.968243,-70.372803,86.299835,-114.70947,57.42461,-227.25963,-2.1593034
-7.5,27,-13.91313351,8.346384937339725,-30.27174739,2.445480368470115,-2.799931834,10.15391103056538,-22.70123176,17.10136808847404,-0.933235401,7.921031101977101,-16.45817108,14.59170027917748,7.9405017,39.85273,-70.169411,86.050415,-114.37794,57.25864,-226.60281,-2.1530628
-7.4,27,-13.87280563,8.322192540253564,-30.18400328,2.438392026238725,-2.791816097,10.12447943246242,-22.63543115,17.05179895289039,-0.930530374,7.898071613443798,-16.41046628,14.54940554,7.9174857,39.737213,-69.966019,85.800995,-114.04641,57.092674,-225.946,-2.146822
-7.3,27,-13.83247774,8.298000143228101,-30.09625916,2.431303684,-2.78370036,10.09504783434892,-22.56963054,17.00222981728607,-0.927825346,7.875112125,-16.36276148,14.50711079301409,7.8944697,39.6217,-69.762634,85.551575,-113.71487,56.926708,-225.28917,-2.1405811
-7.2,27,-13.79214966,8.273807630819599,-30.00851463,2.424215308165794,-2.775584585,10.06561609587775,-22.50382961,16.95266044528469,-0.925120306,7.852152527,-16.31505646,14.46481584828196,7.8714538,39.506184,-69.559242,85.302147,-113.38335,56.760738,-224.63235,-2.1343405
-7.1,27,-13.75182178,8.249615233794131,-29.92077052,2.417126966053356,-2.767468848,10.03618449781995,-22.43802901,16.90309130978953,-0.922415278,7.829193038334505,-16.26735166,14.42252111,7.8484378,39.390667,-69.35585,85.052727,-113.05182,56.594772,-223.97554,-2.1280997
-7,27,-13.71149389,8.225422837,-29.83302641,2.410038623940913,-2.759353111,10.00675289969848,-22.3722284,16.85352217416962,-0.91971025,7.806233549785957,-16.21964686,14.38022636211034,7.8254218,39.275154,-69.152466,84.803307,-112.72028,56.428806,-223.31871,-2.1218588
-6.9,27,-13.67116601,8.201230439743204,-29.7452823,2.402950281828501,-2.751237375,9.977321301559307,-22.30642779,16.80395303851499,-0.917005223,7.783274061237351,-16.17194206,14.33793161902007,7.8024058,39.159637,-68.949074,84.553886,-112.38876,56.26284,-222.6619,-2.1156182
-6.8,27,-13.63083812,8.177038042717736,-29.65753819,2.395861939716065,-2.743121638,9.947889703474862,-22.24062718,16.75438390296762,-0.914300195,7.760314572693247,-16.12423727,14.29563687593862,7.7793899,39.044125,-68.745682,84.304466,-112.05723,56.09687,-222.00508,-2.1093774
-6.7,27,-13.59051005,8.152845530309223,-29.56979366,2.388773563755539,-2.735005863,9.918457965035856,-22.17482626,16.70481453102926,-0.911595155,7.737354974683192,-16.07653224,14.25334193120644,7.7563739,38.928608,-68.542297,84.055038,-111.72569,55.930904,-221.34825,-2.1031365
-6.6,27,-13.55018216,8.128653133283755,-29.48204955,2.381685221643101,-2.726890126,9.889026366923831,-22.10902565,16.65524539542785,-0.908890127,7.714395486128025,-16.02882744,14.21104719,7.7333579,38.813091,-68.338905,83.805618,-111.39417,55.764938,-220.69144,-2.0968959
-6.5,27,-13.50985428,8.104460736258305,-29.39430543,2.374596879530701,-2.718774389,9.859594769,-22.04322504,16.60567625979422,-0.9061851,7.691435998,-15.98112264,14.16875244504306,7.7103419,38.697578,-68.135513,83.556198,-111.06264,55.598972,-220.03462,-2.0906551
-6.4,27,-13.46952639,8.080268339172139,-29.30656132,2.367508537299297,-2.710658652,9.830163170697094,-21.97742443,16.55610712421975,-0.903480072,7.668476509038343,-15.93341785,14.12645770193752,7.687326,38.582062,-67.932129,83.306778,-110.7311,55.433002,-219.37779,-2.0844145
-6.3,27,-13.42919851,8.056075942146673,-29.21881721,2.360420195186865,-2.702542916,9.800731572595785,-21.91162382,16.50653798863933,-0.900775045,7.645517020489768,-15.88571305,14.08416296,7.6643105,38.466549,-67.728737,83.057358,-110.39957,55.267036,-218.72098,-2.0781736
-6.2,27,-13.38887043,8.031883429798862,-29.13107268,2.353331819345312,-2.69442714,9.771299834153563,-21.8458229,16.45696861669467,-0.898070004,7.622557422466577,-15.83800802,14.04186801408938,7.641294,38.351032,-67.525345,82.807938,-110.06805,55.10107,-218.06415,-2.0719328
-6.1,27,-13.34854255,8.007691032712696,-29.04332857,2.346243477113909,-2.686311404,9.741868236011273,-21.78002229,16.40739948103393,-0.895364976,7.599597933929062,-15.79030322,13.99957327102084,7.6182785,38.235516,-67.32196,82.55851,-109.73651,54.935101,-217.40733,-2.0656922
-6,27,-13.30821466,7.983498635687231,-28.95558446,2.339155135,-2.678195667,9.712436637943863,-21.71422168,16.35783034551996,-0.892659949,7.576638445373859,-15.74259843,13.95727852791764,7.5952625,38.120003,-67.118568,82.30909,-109.40498,54.769135,-216.75052,-2.0594513
-5.9,27,-13.26788678,7.959306238661768,-28.86784035,2.332066792889053,-2.67007993,9.683005039844018,-21.64842107,16.30826120994241,-0.889954921,7.553678956831866,-15.69489363,13.91498378484032,7.5722466,38.004486,-66.915176,82.059669,-109.07346,54.603168,-216.0937,-2.0532105
-5.8,27,-13.22755889,7.935113841575609,-28.78009623,2.324978450657664,-2.661964194,9.653573441701731,-21.58262046,16.25869207428168,-0.887249894,7.530719468294316,-15.64718883,13.87268904177172,7.5492306,37.888969,-66.711792,81.810249,-108.74192,54.437202,-215.43687,-2.0469699
-5.7,27,-13.18723082,7.910921329167102,-28.6923517,2.317890074697148,-2.653848418,9.624141703247338,-21.51681954,16.20912270231316,-0.884544853,7.507759870271159,-15.5994838,13.83039409701386,7.5262146,37.773457,-66.5084,81.560829,-108.41039,54.271233,-214.78006,-2.040729
-5.6,27,-13.14690293,7.886728932141635,-28.60460759,2.310801732584714,-2.645732681,9.594710105179939,-21.45101893,16.15955356679921,-0.881839826,7.484800381722544,-15.55177901,13.78809935392357,7.5031986,37.65794,-66.305008,81.311409,-108.07887,54.105267,-214.12323,-2.0344882
-5.5,27,-13.10657505,7.862536535116167,-28.51686348,2.303713390472279,-2.637616945,9.565278507054405,-21.38521832,16.10998443117131,-0.879134798,7.461840893166179,-15.50407421,13.74580461081808,7.4801826,37.542427,-66.101616,81.061981,-107.74733,53.939301,-213.46642,-2.0282476
-5.4,27,-13.06624716,7.838344138090704,-28.42911937,2.296625048359852,-2.629501208,9.535846908937781,-21.31941771,16.06041529556089,-0.876429771,7.438881404632854,-15.45636941,13.70350986775776,7.4571667,37.42691,-65.898232,80.812561,-107.4158,53.773335,-212.8096,-2.0220068
-5.3,27,-13.02591928,7.814151741065235,-28.34137526,2.289536706247413,-2.621385471,9.506415310841321,-21.2536171,16.01084615998997,-0.873724743,7.415921916077724,-15.40866461,13.66121512,7.4341507,37.311394,-65.694839,80.563141,-107.08427,53.607365,-212.15279,-2.0157659
-5.2,27,-12.9855912,7.789959229,-28.25363073,2.282448330286902,-2.613269696,9.476983572434488,-21.18781618,15.96127678811467,-0.871019703,7.392962318067664,-15.36095959,13.61892017992251,7.4111347,37.195881,-65.491447,80.313721,-106.75274,53.441399,-211.49596,-2.0095253
-5.1,27,-12.94526331,7.765766831631272,-28.16588662,2.275359988174486,-2.605153959,9.447551974270311,-21.12201557,15.91170765241104,-0.868314675,7.370002829523599,-15.31325479,13.57662543684113,7.3881187,37.080364,-65.288063,80.064301,-106.42121,53.275433,-210.83914,-2.0032845
-5,27,-12.90493543,7.741574434605806,-28.0781425,2.268271646062054,-2.597038223,9.418120376173848,-21.05621496,15.86213851684012,-0.865609647,7.347043340974951,-15.26554999,13.53433069375078,7.3651028,36.964851,-65.084671,79.81488,-106.08968,53.109463,-210.18231,-1.9970437
-4.9,27,-12.86460754,7.717382037580341,-27.99039839,2.261183303949622,-2.588922486,9.388688778077389,-20.99041435,15.81256938126921,-0.86290462,7.324083852426404,-15.21784519,13.49203595066062,7.3420868,36.849335,-64.881279,79.565453,-105.75815,52.943497,-209.5255,-1.990803
-4.8,27,-12.82427966,7.693189640554875,-27.90265428,2.254094962,-2.580806749,9.359257179913213,-20.92461374,15.76300024556558,-0.860199592,7.301124363882307,-15.17014039,13.44974120757919,7.3190708,36.733818,-64.677895,79.316032,-105.42662,52.777531,-208.86868,-1.9845622
-4.7,27,-12.78395158,7.668997128146366,-27.81490975,2.247006585876672,-2.572690974,9.329825441506374,-20.85881282,15.71343087369027,-0.857494552,7.278164765872281,-15.12243537,13.40744626284706,7.2960548,36.618305,-64.474503,79.066612,-105.09509,52.611565,-208.21185,-1.9783214
-4.6,27,-12.7436237,7.644804731120897,-27.72716564,2.239918243764233,-2.564575237,9.300393843409918,-20.79301221,15.66386173811936,-0.854789524,7.255205277317141,-15.07473057,13.36515151974398,7.2730389,36.502789,-64.271111,78.817192,-104.76356,52.445595,-207.55504,-1.9720807
-4.5,27,-12.70329581,7.620612334095433,-27.63942153,2.232829901651805,-2.5564595,9.270962245,-20.7272116,15.61429260250893,-0.852084497,7.232245788783816,-15.02702577,13.32285677668366,7.2500234,36.387276,-64.067726,78.567772,-104.43203,52.279629,-206.89822,-1.9658399
-4.4,27,-12.66296793,7.596419937069974,-27.55167742,2.225741559539385,-2.548343764,9.241530647167762,-20.66141099,15.56472346688104,-0.849379469,7.209286300227421,-14.97932097,13.28056203357812,7.2270074,36.271759,-63.864334,78.318352,-104.1005,52.113663,-206.24139,-1.9595991
-4.3,27,-12.62264004,7.572227540044504,-27.46393331,2.218653217426944,-2.540228027,9.212099049,-20.59561039,15.51515433136711,-0.846674442,7.186326811678782,-14.93161617,13.23826729048778,7.2039914,36.156242,-63.660946,78.068924,-103.76897,51.947697,-205.58458,-1.9533584
-4.2,27,-12.58231197,7.548035027635992,-27.37618877,2.211564841466419,-2.532112251,9.182667310645972,-20.52980946,15.46558495939857,-0.843969401,7.163367213655617,-14.88391115,13.19597235,7.1809754,36.04073,-63.457554,77.819504,-103.43744,51.781727,-204.92776,-1.9471176
-4.1,27,-12.54198408,7.523842630549843,-27.28844466,2.204476499235051,-2.523996515,9.153235712503681,-20.46400885,15.41601582373784,-0.841264374,7.140407725118086,-14.83620635,13.15367760266133,7.1579595,35.925213,-63.254166,77.570084,-103.10591,51.615761,-204.27094,-1.9408768
-4,27,-12.5016562,7.499650233524367,-27.20070055,2.197388157122598,-2.515880778,9.123804114,-20.39820824,15.36644668816028,-0.838559346,7.117448236576069,-14.78850155,13.11138285958397,7.1349435,35.8097,-63.050774,77.320663,-102.77438,51.449795,-203.61412,-1.9346361
-3.9,27,-12.46132831,7.475457836498907,-27.11295644,2.190299815010178,-2.507765041,9.094372516336431,-20.33240764,15.31687755264633,-0.835854318,7.094488748020962,-14.74079675,13.06908811648096,7.1119275,35.694183,-62.847385,77.071243,-102.44285,51.283829,-202.95731,-1.9283954
-3.8,27,-12.42100033,7.451265381812265,-27.02521212,2.183211456033177,-2.499649285,9.064940848046275,-20.26660687,15.26730829884775,-0.833149284,7.071529204739928,-14.69309184,13.02679327256639,7.0889115,35.578667,-62.643997,76.821815,-102.11132,51.117859,-202.30048,-1.9221545
-3.7,27,-12.38067245,7.427072984726104,-26.93746801,2.176123113801786,-2.491533549,9.035509249925445,-20.20080626,15.21773916322907,-0.830444257,7.048569716184767,-14.64538704,12.98449852946327,7.0658956,35.463154,-62.440605,76.572395,-101.77979,50.951893,-201.64366,-1.9159138
-3.6,27,-12.34034447,7.402880530039463,-26.84972369,2.169034754824787,-2.483417793,9.006077582,-20.13500549,15.16816990946051,-0.827739223,7.025610172911652,-14.59768213,12.94220368556423,7.0428796,35.347637,-62.237217,76.322975,-101.44826,50.785927,-200.98685,-1.9096731
-3.5,27,-12.30001658,7.378688132953311,-26.76197957,2.161946412593412,-2.475302056,8.976645983552327,-20.06920489,15.11860077388603,-0.825034195,7.002650684355213,-14.54997733,12.89990894,7.0198636,35.232124,-62.033829,76.073555,-101.11673,50.619957,-200.33002,-1.9034323
-3.4,27,-12.2596887,7.354495735927847,-26.67423546,2.154858070480985,-2.467186319,8.947214385423871,-20.00340428,15.06903163825241,-0.822329168,6.979691195821954,-14.50227253,12.85761419939841,6.9968476,35.116608,-61.830437,75.824135,-100.78519,50.453991,-199.6732,-1.8971915
-3.3,27,-12.21936072,7.330303281180509,-26.58649114,2.147769711385022,-2.459070563,8.917782717161504,-19.93760351,15.01946238450829,-0.819624134,6.956731652542226,-14.45456762,12.81531936,6.9738317,35.001091,-61.627048,75.574715,-100.45367,50.288025,-199.01639,-1.8909508
-3.2,27,-12.17903283,7.306110884,-26.49874703,2.140681369272585,-2.450954826,8.888351119,-19.8718029,14.96989324888837,-0.816919106,6.933772163993607,-14.40686282,12.77302461,6.9508157,34.885578,-61.42366,75.325287,-100.12214,50.122059,-198.35956,-1.88471
-3.1,27,-12.13870485,7.281918429468406,-26.41100271,2.133593010295602,-2.44283907,8.858919450788395,-19.80600214,14.92032399516527,-0.814214072,6.910812620712654,-14.35915791,12.73072976848169,6.9277997,34.770061,-61.220268,75.075867,-99.790604,49.956089,-197.70274,-1.8784692
-3,27,-12.09837697,7.257726032442943,-26.3232586,2.126504668183175,-2.434723334,8.829487852649216,-19.74020153,14.87075485951063,-0.811509044,6.887853132164044,-14.31145311,12.68843502539141,6.9047837,34.654545,-61.01688,74.826447,-99.459076,49.790123,-197.04593,-1.8722285
-2.9,27,-12.05804908,7.233533635417476,-26.23551449,2.119416326070739,-2.426607597,8.800056254527755,-19.67440092,14.82118572389072,-0.808804017,6.864893643615492,-14.26374832,12.64614028230124,6.8817682,34.539032,-60.813492,74.577026,-99.127548,49.624157,-196.3891,-1.8659878
-2.8,27,-12.0177211,7.209341180670141,-26.14777017,2.112327966974785,-2.418491841,8.770624586276099,-19.60860015,14.77161647016759,-0.806098983,6.841934100334507,-14.2160434,12.60384543838677,6.8587523,34.423515,-60.6101,74.327606,-98.796013,49.458187,-195.73228,-1.8597469
-2.7,27,-11.97739321,7.185148783644686,-26.06002605,2.105239624862373,-2.410376104,8.741192988172473,-19.54279954,14.72204733458264,-0.803393955,6.818974612,-14.16833861,12.56155069529648,6.8357363,34.308002,-60.406712,74.078186,-98.464485,49.292221,-195.07547,-1.8535062
-2.6,27,-11.93706523,7.160956328958031,-25.97228173,2.098151265885349,-2.402260348,8.711761319885273,-19.47699878,14.67247808078985,-0.800688921,6.796015068506168,-14.12063369,12.51925585138448,6.8127203,34.192486,-60.20332,73.828758,-98.132957,49.126255,-194.41864,-1.8472655
-2.5,27,-11.89673735,7.136763931871873,-25.88453762,2.091062923653961,-2.394144611,8.682329721782313,-19.41119817,14.62290895,-0.797983894,6.773055579972858,-14.0729289,12.47696110832419,6.7897043,34.076969,-59.999931,73.579338,-97.801422,48.960289,-193.76183,-1.8410246
-2.4,27,-11.85640946,7.112571534846412,-25.79679351,2.083974582,-2.386028875,8.652898123660181,-19.34539756,14.57333980958497,-0.795278866,6.750096091,-14.0252241,12.43466636521868,6.7666883,33.961456,-59.796543,73.329918,-97.469894,48.794319,-193.10501,-1.8347839
-2.3,27,-11.81608148,7.088379080159769,-25.70904919,2.076886222564537,-2.377913119,8.623466455,-19.27959679,14.52377055584945,-0.792573832,6.727136548143284,-13.97751919,12.39237152131948,6.7436724,33.84594,-59.593151,73.080498,-97.138367,48.628353,-192.44818,-1.8285432
-2.2,27,-11.7757536,7.064186683,-25.62130508,2.069797880452118,-2.369797382,8.594034857274867,-19.21379618,14.47420142021803,-0.789868805,6.704177059588151,-13.92981439,12.35007677821641,6.7206564,33.730427,-59.389763,72.831078,-96.806831,48.462387,-191.79137,-1.8223023
-2.1,27,-11.73542562,7.039994228386974,-25.53356076,2.062709521356162,-2.361681626,8.564603189018376,-19.14799542,14.42463216648543,-0.787163771,6.681217516307187,-13.88210948,12.30778193430198,6.6976404,33.61491,-59.186375,72.581657,-96.475304,48.296421,-191.13455,-1.8160616
-2,27,-11.69509773,7.015801831361505,-25.44581665,2.055621179243721,-2.353565889,8.535171590906952,-19.08219481,14.37506303088519,-0.784458743,6.658258027752021,-13.83440468,12.26548719119885,6.6746244,33.499393,-58.982983,72.33223,-96.143776,48.130451,-190.47772,-1.8098209
-1.9,27,-11.6547698,6.991609405444767,-25.35807243,2.048532828580068,-2.345450143,8.505739957729357,-19.01639412,14.32549383623124,-0.781753712,6.635298512,-13.78669982,12.2231924,6.6516085,33.383881,-58.779594,72.082809,-95.812241,47.964485,-189.82091,-1.80358
-1.8,27,-11.61444187,6.967416979649408,-25.27032821,2.041444478154313,-2.337334396,8.476308324521645,-18.95059343,14.27592464151826,-0.779048681,6.612338995929023,-13.73899497,12.18089760420703,6.6285925,33.268364,-58.576202,71.833389,-95.480713,47.798519,-189.16409,-1.7973393
-1.7,27,-11.57411398,6.943224582563245,-25.1825841,2.034356135922915,-2.32921866,8.446876726401001,-18.88479283,14.22635550589995,-0.776343654,6.589379507373829,-13.69129017,12.13860286110384,6.6055765,33.152851,-58.372814,71.583969,-95.149185,47.632549,-188.50726,-1.7910986
-1.6,27,-11.53378605,6.919032157,-25.09483988,2.027267785378198,-2.321102913,8.417445093240415,-18.81899214,14.17678631127934,-0.773638623,6.566419991469132,-13.64358531,12.09630806762126,6.5825605,33.037334,-58.169426,71.334549,-94.81765,47.466583,-187.85045,-1.7848579
-1.5,27,-11.49345812,6.894839730851146,-25.00709567,2.020179435,-2.312987167,8.388013460015685,-18.75319145,14.12721712,-0.770933592,6.543460476,-13.59588046,12.05401327409926,6.5595446,32.921818,-57.966034,71.085129,-94.486122,47.300617,-187.19363,-1.778617
-1.4,27,-11.45313018,6.870647304934392,-24.91935145,2.013091084169815,-2.304871421,8.358581826835298,-18.68739076,14.07764792187358,-0.768228561,6.520500959642543,-13.5481756,12.01171848,6.5365286,32.806305,-57.762646,70.835701,-94.154594,47.134651,-186.5368,-1.7723763
-1.3,27,-11.41280225,6.846454879078335,-24.83160724,2.006002733625094,-2.296755674,8.329150193616902,-18.62159008,14.02807872713966,-0.765523531,6.497541443731259,-13.50047075,11.96942368712691,6.5135126,32.690788,-57.559258,70.586281,-93.823059,46.968681,-185.87999,-1.7661356
-1.2,27,-11.37247437,6.822262482052871,-24.74386312,1.998914391512663,-2.288639937,8.299718595534264,-18.55578947,13.97850959159584,-0.762818503,6.474581955182674,-13.45276595,11.92712894403668,6.4904971,32.575275,-57.355865,70.336861,-93.491531,46.802715,-185.22318,-1.7598947
-1.1,27,-11.33214643,6.798070056136129,-24.65611891,1.991826040849002,-2.280524191,8.270286962329337,-18.48998878,13.92894039688832,-0.760113472,6.451622439257843,-13.4050611,11.88483415051464,6.4674811,32.459759,-57.152477,70.08744,-93.160004,46.636749,-184.56635,-1.753654
-1,27,-11.2918185,6.773877630280079,-24.56837469,1.984737690304293,-2.272408445,8.240855329141628,-18.42418809,13.87937120221455,-0.757408441,6.428662923353098,-13.35735624,11.84253935703196,6.4444652,32.344242,-56.949089,69.83802,-92.828468,46.470783,-183.90953,-1.7474133
-0.9,27,-11.25149057,6.749685204424027,-24.48063048,1.977649339759582,-2.264292698,8.211423695974899,-18.3583874,13.82980200758189,-0.754703411,6.405703407448392,-13.30965138,11.80024456354937,6.4214492,32.228729,-56.745697,69.588593,-92.496941,46.304813,-183.25272,-1.7411724
-0.8,27,-11.21116266,6.725492792952922,-24.39288631,1.970560993371532,-2.256176957,8.181992080328927,-18.29258676,13.78023284245193,-0.751998382,6.382743905,-13.26194656,11.75794979522762,6.3984332,32.113213,-56.542309,69.339172,-92.165413,46.138847,-182.59589,-1.7349317
-0.7,27,-11.17083473,6.701300367036168,-24.3051421,1.963472642707847,-2.24806121,8.152560447104198,-18.22678607,13.73066365,-0.749293351,6.359784389292451,-13.2142417,11.71565500173216,6.3754172,31.997698,-56.338921,69.089752,-91.833878,45.972881,-181.93907,-1.728691
-0.6,27,-11.13050682,6.677107955625759,-24.21739793,1.956384296,-2.239945469,8.123128831462614,-18.16098542,13.68109448258424,-0.746588322,6.336824887063651,-13.16653688,11.67336023344152,6.3524013,31.882183,-56.135529,68.840332,-91.50235,45.806911,-181.28226,-1.7224503
-0.5,27,-11.09017888,6.652915529709015,-24.12965372,1.949295945775093,-2.231829722,8.093697198288549,-18.09518473,13.63152528793721,-0.743883291,6.313865371161918,-13.11883202,11.63106543996475,6.3293853,31.766668,-55.93214,68.590912,-91.170822,45.640945,-180.62543,-1.7162094
-0.4,27,-11.04985096,6.628723111075782,-24.04190953,1.942207597368188,-2.223713979,8.064265573850033,-18.02938407,13.58195610799286,-0.741178261,6.290905862081581,-13.07112718,11.58877065905151,6.3063693,31.651154,-55.728748,68.341492,-90.839287,45.474979,-179.96861,-1.7099687
-0.3,27,-11.00952304,6.604530692381855,-23.95416533,1.935119248842325,-2.215598235,8.034833949428561,-17.9635834,13.53238692808191,-0.738473231,6.267946353001807,-13.02342234,11.54647587813937,6.2833533,31.535637,-55.52536,68.092064,-90.507759,45.309013,-179.3118,-1.703728
-0.2,27,-10.96919512,6.580338270106863,-23.86642113,1.928030899307034,-2.207482489,8.005402320628381,-17.89778272,13.48281774,-0.7357682,6.244986840514644,-12.97571749,11.50418109095195,6.2603374,31.420122,-55.321972,67.842644,-90.176231,45.143044,-178.65497,-1.6974871
-0.1,27,-10.92886719,6.556145849652747,-23.77867694,1.920942550335928,-2.199366745,7.975970694022904,-17.83198205,13.43324855721135,-0.73306317,6.222027329737296,-12.92801265,11.46188630691417,6.2373214,31.304607,-55.11858,67.593224,-89.844696,44.977077,-177.99815,-1.6912464
0,27,-10.88853927,6.531953429198651,-23.69093274,1.913854201364861,-2.191251,7.946539067397278,-17.76618137,13.38367937358502,-0.73035814,6.199067818954205,-12.8803078,11.41959152286514,6.2143054,31.189093,-54.915192,67.343803,-89.513168,44.811111,-177.34134,-1.6850057
0.1,27,-10.84821134,6.507761008744532,-23.60318854,1.906765852393749,-2.183135256,7.917107440776849,-17.7003807,13.33411018996886,-0.72765311,6.176108308157997,-12.83260296,11.37729673879039,6.1912894,31.073576,-54.711803,67.094383,-89.181641,44.645145,-176.68451,-1.6787648
0.2,27,-10.80788342,6.483568588290431,-23.51544435,1.899677503422675,-2.175019511,7.887675814,-17.63458003,13.28454100638203,-0.72494808,6.153148797,-12.78489811,11.33500195475267,6.1682734,30.958061,-54.508411,66.844963,-88.850105,44.479176,-176.02769,-1.6725241
0.3,27,-10.76755549,6.459376166015437,-23.42770014,1.892589153887377,-2.166903766,7.858244185356906,-17.56877935,13.23497182,-0.722243049,6.130189284893512,-12.73719327,11.29270716756524,6.1452579,30.842546,-54.305023,66.595535,-88.518578,44.31321,-175.37088,-1.6662834
0.4,27,-10.72722757,6.435183747,-23.33995595,1.885500805361515,-2.158788022,7.828812560949268,-17.50297868,13.18540263918647,-0.719538019,6.107229775813668,-12.68948843,11.25041238665297,6.122242,30.727032,-54.101635,66.346115,-88.18705,44.147243,-174.71405,-1.6600426
0.5,27,-10.68689965,6.410991328688276,-23.25221176,1.878412456954608,-2.150672278,7.799380936521923,-17.43717802,13.13583345926402,-0.716832989,6.084270266733366,-12.64178358,11.20811760573979,6.099226,30.611517,-53.898243,66.096695,-87.855515,43.981274,-174.05724,-1.6538018
0.6,27,-10.64657172,6.386798902771536,-23.16446755,1.871324106290951,-2.142556532,7.769949303316999,-17.37137733,13.08626426,-0.714127958,6.061310751,-12.59407873,11.16582281,6.07621,30.496,-53.694855,65.847275,-87.523987,43.815308,-173.40041,-1.6475611
0.7,27,-10.60624381,6.362606491300422,-23.07672338,1.864235759902883,-2.13444079,7.740517687669722,-17.30557668,13.03669509942398,-0.711422929,6.038351248602837,-12.5463739,11.12352804,6.053194,30.380486,-53.491463,65.597855,-87.192459,43.649342,-172.74359,-1.6413203
0.8,27,-10.56591588,6.338414065505062,-22.98897917,1.857147409477125,-2.126325044,7.711086054476347,-17.23977599,12.98712590473911,-0.708717898,6.015391732691583,-12.49866905,11.08123325047696,6.0301781,30.264971,-53.288074,65.348434,-86.860924,43.483376,-172.08678,-1.6350795
0.9,27,-10.52558797,6.314221653973266,-22.901235,1.850059062970123,-2.118209302,7.681654438830376,-17.17397534,12.93755673960915,-0.706012869,5.992432230446928,-12.45096422,11.03893848215525,6.0071621,30.149456,-53.084686,65.099007,-86.529396,43.317406,-171.42995,-1.6288388
1,27,-10.48526004,6.290029228117208,-22.81349079,1.842970712,-2.110093556,7.652222805655019,-17.10817466,12.88798754495958,-0.703307839,5.969472714542212,-12.40325937,10.99664368867263,5.9841461,30.033941,-52.881294,64.849586,-86.197868,43.15144,-170.77313,-1.6225981
1.1,27,-10.4449321,6.265836802200465,-22.72574657,1.835882361761735,-2.101977809,7.622791172435979,-17.04237397,12.83841835,-0.700602808,5.946513199,-12.35555451,10.95434889518993,5.9611301,29.918425,-52.677906,64.600166,-85.866333,42.985474,-170.11632,-1.6163572
1.2,27,-10.40460417,6.241644376405106,-22.63800235,1.828794011,-2.093862063,7.593359539270528,-16.97657328,12.78884915559425,-0.697897777,5.923553682712638,-12.30784966,10.91205410166792,5.9381142,29.80291,-52.474518,64.350746,-85.534805,42.819508,-169.45949,-1.6101165
1.3,27,-10.36427629,6.217451979379656,-22.55025824,1.821705669223579,-2.085746326,7.563927941142731,-16.91077267,12.73928001996192,-0.695192749,5.900594194164063,-12.26014486,10.86975935857771,5.9150982,29.687395,-52.271126,64.101326,-85.203278,42.653538,-168.80267,-1.6038758
1.4,27,-10.32394835,6.193259553462899,-22.46251402,1.814617318559886,-2.07763058,7.534496308,-16.84497199,12.68971082527248,-0.692487719,5.877634678252746,-12.21244,10.82746456508216,5.8920822,29.57188,-52.067738,63.851902,-84.871742,42.487572,-168.14586,-1.597635
1.5,27,-10.28362042,6.169067127606854,-22.37476981,1.807528968015188,-2.069514834,7.505064674758232,-16.7791713,12.64014163059658,-0.689782688,5.854675162350962,-12.16473515,10.78516977160529,5.8690662,29.456366,-51.864349,63.602482,-84.540215,42.321606,-167.48903,-1.5913942
1.6,27,-10.24329249,6.144874701690099,-22.28702559,1.800440617351498,-2.061399087,7.475633041583358,-16.71337061,12.59057243594796,-0.687077657,5.831715646426145,-12.11703029,10.74287497808327,5.8460503,29.340849,-51.660957,63.353058,-84.208687,42.155636,-166.83221,-1.5851535
1.7,27,-10.20296455,6.120682275834052,-22.19928138,1.793352266806798,-2.053283341,7.446201408378793,-16.64756992,12.54100324124115,-0.684372626,5.808756130521431,-12.06932544,10.70058018460066,5.8230343,29.225334,-51.457569,63.103638,-83.877151,41.98967,-166.1754,-1.5789127
1.8,27,-10.16263667,6.096489878747885,-22.11153726,1.786263924575394,-2.045167604,7.416769810257965,-16.58176931,12.49143410562248,-0.681667599,5.785796641966274,-12.02162064,10.65828544149755,5.8000183,29.109819,-51.254177,62.854218,-83.545624,41.823704,-165.51857,-1.5726719
1.9,27,-10.12230874,6.072297452891835,-22.02379305,1.779175574030685,-2.037051858,7.387338177088118,-16.51596863,12.44186491098371,-0.678962568,5.762837126,-11.97391578,10.61599064798836,5.7770028,28.994305,-51.050789,62.604794,-83.214096,41.657738,-164.86176,-1.5664312
2,27,-10.0819808,6.048105027035785,-21.93604883,1.772087223485977,-2.028936111,7.357906543894067,-16.45016794,12.39229571629751,-0.676257537,5.739877610130136,-11.92621093,10.57369585447997,5.7539868,28.878788,-50.847401,62.355373,-82.882561,41.491768,-164.20494,-1.5601904
2.1,27,-10.04165292,6.02391263,-21.84830472,1.764998881373545,-2.020820375,7.328474945800555,-16.38436733,12.34272658073238,-0.673552509,5.716918121588153,-11.87850613,10.53140111140268,5.7309709,28.763273,-50.644009,62.105953,-82.551033,41.325802,-163.54811,-1.5539496
2.2,27,-10.00132494,5.999720175262983,-21.7605604,1.757910522277585,-2.012704619,7.299043277504732,-16.31856656,12.29315732692269,-0.670847475,5.693958578307162,-11.83080122,10.48910626748819,5.7079549,28.647758,-50.44062,61.856529,-82.219505,41.159836,-162.8913,-1.5477089
2.3,27,-9.960997054,5.975527778237528,-21.67281629,1.750822180165176,-2.004588882,7.269611679400285,-16.25276596,12.24358819133612,-0.668142448,5.670999089752016,-11.78309642,10.44681152,5.6849389,28.532244,-50.237232,61.607109,-81.88797,40.99387,-162.23448,-1.5414681
2.4,27,-9.920669073,5.951335323490181,-21.58507197,1.743733821069196,-1.996473126,7.240180011120247,-16.18696519,12.19401893755737,-0.665437414,5.648039546478818,-11.73539151,10.40451668048589,5.6619229,28.416729,-50.03384,61.357685,-81.556442,40.8279,-161.57765,-1.5352273
2.5,27,-9.880341188,5.927142926464721,-21.49732786,1.736645478956776,-1.988357389,7.210748413015401,-16.12116458,12.14444980197002,-0.662732386,5.625080057922432,-11.68768671,10.36222193738037,5.638907,28.301212,-49.830452,61.108265,-81.224915,40.661934,-160.92084,-1.5289866
2.6,27,-9.840013303,5.902950529439261,-21.40958374,1.729557136844354,-1.980241652,7.181316814894323,-16.05536397,12.09488066635086,-0.660027359,5.602120569389125,-11.63998191,10.31992719432008,5.615891,28.185698,-49.627064,60.858845,-80.893379,40.495968,-160.26402,-1.5227458
2.7,27,-9.799685322,5.878758074752614,-21.32183942,1.722468777867347,-1.972125896,7.151885146633432,-15.98956321,12.04531141260964,-0.657322325,5.579161026109392,-11.592277,10.27763235040807,5.592875,28.070183,-49.423672,60.609421,-80.561852,40.329998,-159.60719,-1.5165051
2.8,27,-9.759357438,5.854565677727152,-21.23409531,1.715380435754922,-1.96401016,7.122453548512365,-15.9237626,11.99574228,-0.654617297,5.556201537560778,-11.5445722,10.23533760731778,5.569859,27.954668,-49.220284,60.360001,-80.230324,40.164032,-158.95038,-1.5102643
2.9,27,-9.719029457,5.830373222979813,-21.14635099,1.708292076658958,-1.955894404,7.093021880260708,-15.85796183,11.94617302326737,-0.651912263,5.533241994279832,-11.49686729,10.19304276340338,5.5468431,27.839153,-49.016891,60.11058,-79.898788,39.998066,-158.29356,-1.5040236
3,27,-9.678701572,5.806180825954356,-21.05860688,1.701203734546542,-1.947778667,7.063590282130389,-15.79216122,11.89660389,-0.649207236,5.510282505731296,-11.44916249,10.15074802031325,5.5238271,27.723637,-48.813503,59.861156,-79.567261,39.8321,-157.63673,-1.4977828
3.1,27,-9.638373687,5.781988429,-20.97086277,1.694115392434108,-1.93966293,7.034158684000067,-15.72636061,11.84703475199282,-0.646502208,5.487323017182662,-11.40145769,10.10845327722292,5.5008111,27.608122,-48.610115,59.611736,-79.235733,39.66613,-156.97992,-1.491542
3.2,27,-9.598045706,5.757795974181552,-20.88311845,1.687027033338149,-1.931547174,7.004727015748411,-15.66055985,11.79746549826969,-0.643797174,5.464363473901696,-11.35375278,10.06615843330849,5.4777951,27.492607,-48.406723,59.362316,-78.904198,39.500164,-156.3231,-1.4853013
3.3,27,-9.557717822,5.733603577156085,-20.79537433,1.679938691225715,-1.923431437,6.975295417627348,-15.59475924,11.74789636265056,-0.641092146,5.441403985353103,-11.30604798,10.02386369021824,5.4547791,27.377092,-48.203335,59.112892,-78.57267,39.334198,-155.66628,-1.4790605
3.4,27,-9.517389841,5.709411122469451,-20.70763001,1.672850332,-1.915315681,6.945863749366456,-15.52895847,11.69832710890933,-0.638387112,5.418444442073373,-11.25834307,9.981568846306226,5.4317632,27.261576,-47.999947,58.863472,-78.241142,39.168228,-155.00946,-1.4728197
3.5,27,-9.477061956,5.685218725443987,-20.6198859,1.665761990136302,-1.907199945,6.916432151245371,-15.46315786,11.64875797329016,-0.635682085,5.395484953540086,-11.21063827,9.939274103245976,5.4087472,27.146061,-47.796555,58.614052,-77.909607,39.002262,-154.35265,-1.466579
3.6,27,-9.436734071,5.661026328,-20.53214179,1.658673648023866,-1.899084208,6.887000553140529,-15.39735725,11.59918883770282,-0.632977057,5.372525464983629,-11.16293347,9.896979360140316,5.3857317,27.030546,-47.593166,58.364628,-77.578079,38.836296,-153.69582,-1.4603382
3.7,27,-9.39640609,5.636833873671185,-20.44439747,1.651585288927912,-1.890968452,6.857568884868769,-15.33155649,11.54961958394029,-0.630272023,5.349565921710485,-11.11522856,9.854684516241212,5.3627157,26.915031,-47.389778,58.115208,-77.246552,38.67033,-153.039,-1.4540975
3.8,27,-9.356078206,5.612641476645719,-20.35665336,1.644496947,-1.882852715,6.828137286755394,-15.26575588,11.50005044833623,-0.627566996,5.326606433155365,-11.06752376,9.812389773138172,5.3396997,26.799517,-47.186386,57.865788,-76.915016,38.50436,-152.38219,-1.4478567
3.9,27,-9.315750225,5.588449021898385,-20.26890904,1.637408587719525,-1.874736959,6.798705618479881,-15.19995511,11.45048119456634,-0.624861962,5.303646889874361,-11.01981885,9.770094929223664,5.3166838,26.684,-46.982998,57.616364,-76.583488,38.338394,-151.72536,-1.4416159
4,27,-9.27542234,5.564256624872925,-20.18116493,1.630320245607104,-1.866621222,6.769274020368069,-15.1341545,11.40091205896534,-0.622156934,5.280687401332311,-10.97211405,9.727800186,5.2936678,26.568485,-46.779606,57.366943,-76.251961,38.172428,-151.06854,-1.4353752
4.1,27,-9.235094455,5.540064227847453,-20.09342081,1.623231903494661,-1.858505486,6.739842422278438,-15.06835389,11.35134292340782,-0.619451907,5.257727912777191,-10.92440926,9.685505443043198,5.2706518,26.452971,-46.576218,57.117523,-75.920425,38.006462,-150.41173,-1.4291344
4.2,27,-9.19476657,5.515871830761298,-20.0056767,1.616143561263279,-1.850389749,6.710410824159061,-15.00255329,11.30177378779199,-0.616746879,5.234768424239672,-10.87670446,9.643210699974656,5.2476358,26.337456,-46.372829,56.868099,-75.588898,37.840492,-149.7549,-1.4228936
4.3,27,-9.154438493,5.491679318413482,-19.91793217,1.609055185421717,-1.842273974,6.680979085715946,-14.93675236,11.25220441584558,-0.614041838,5.211808826216492,-10.82899943,9.600915755216748,5.2246199,26.221941,-46.169437,56.618679,-75.25737,37.674526,-149.09808,-1.4166529
4.4,27,-9.114110609,5.467486921388023,-19.83018806,1.601966843309299,-1.834158237,6.651547488,-14.87095175,11.20263528022481,-0.611336811,5.188849337667904,-10.78129463,9.558621012,5.2016039,26.106424,-45.966049,56.369255,-74.925835,37.50856,-148.44127,-1.4104121
4.5,27,-9.073782724,5.443294524301855,-19.74244395,1.594878501077892,-1.8260425,6.622115889496944,-14.80515115,11.15306614465263,-0.608631783,5.165889849111476,-10.73358984,9.516326269020906,5.1785879,25.99091,-45.762661,56.119835,-74.594307,37.342594,-147.78444,-1.4041713
4.6,27,-9.033454839,5.419102127276394,-19.65469984,1.587790158965468,-1.817926764,6.592684291395118,-14.73935054,11.10349700907121,-0.605926756,5.142930361,-10.68588504,9.474031526,5.1555719,25.875395,-45.559269,55.870415,-74.262779,37.176624,-147.12762,-1.3979306
4.7,27,-8.993126954,5.394909730250925,-19.56695573,1.580701816853029,-1.809811027,6.563252693280055,-14.67354993,11.05392787346384,-0.603221728,5.119970872023034,-10.63818024,9.431736782857547,5.132556,25.75988,-45.355881,55.620995,-73.931244,37.010658,-146.47081,-1.3916899
4.8,27,-8.952798877,5.370717217842417,-19.4792112,1.573613440892514,-1.801695251,6.533820954839362,-14.607749,11.00435850152217,-0.600516688,5.097011274012999,-10.59047521,9.389441838125405,5.10954,25.644363,-45.152489,55.371571,-73.599716,36.844692,-145.81398,-1.3854491
4.9,27,-8.912470992,5.346524820816952,-19.39146708,1.566525098780083,-1.793579515,6.504389356719755,-14.5419484,10.95478936590589,-0.59781166,5.074051785468906,-10.54277042,9.347147095043976,5.086524,25.528849,-44.9491,55.12215,-73.268188,36.678722,-145.15717,-1.3792083
5,27,-8.872143108,5.322332423791491,-19.30372297,1.559436757,-1.785463778,6.474957759,-14.47614779,10.90522023031731,-0.595106633,5.051092296920288,-10.49506562,9.304852351953679,5.063508,25.413334,-44.745712,54.872726,-72.936653,36.512756,-144.50035,-1.3729676
5.1,27,-8.831815223,5.298140026766019,-19.21597886,1.552348414555215,-1.777348041,6.445526161,-14.41034718,10.85565109474307,-0.592401605,5.028132808371749,-10.44736082,9.262557608863537,5.0404925,25.297819,-44.542324,54.623306,-72.605125,36.34679,-143.84352,-1.3667268
5.2,27,-8.791487338,5.273947629740565,-19.12823475,1.545260072442806,-1.769232305,6.416094562396512,-14.34454657,10.80608195912679,-0.589696577,5.005173319827623,-10.39965602,9.220262865782045,5.0174766,25.182304,-44.338932,54.373886,-72.273598,36.180824,-143.18671,-1.360486
5.3,27,-8.751159261,5.249755117332048,-19.04049022,1.538171696482271,-1.761116529,6.386662824,-14.27874565,10.75651258718512,-0.586991537,4.982213721817573,-10.351951,9.177967921049872,4.9944606,25.066788,-44.135544,54.124462,-71.942062,36.014854,-142.52988,-1.3542453
5.4,27,-8.710831376,5.225562720306582,-18.95274611,1.531083354369841,-1.753000792,6.357231225847087,-14.21294504,10.70694345159016,-0.584286509,4.959254233262421,-10.3042462,9.135673177946767,4.9714446,24.951273,-43.932152,53.875042,-71.610535,35.848888,-141.87306,-1.3480045
5.5,27,-8.670503492,5.201370323220424,-18.865002,1.523995012138453,-1.744885056,6.327799627742101,-14.14714443,10.65737431600254,-0.581581482,4.936294744729121,-10.2565414,9.093378434886493,4.9484286,24.835758,-43.728764,53.625622,-71.279007,35.682922,-141.21625,-1.3417637
5.6,27,-8.630175607,5.177177926194962,-18.77725788,1.516906670026028,-1.736769319,6.298368029644993,-14.08134382,10.60780518043036,-0.578876454,4.913335256172696,-10.2088366,9.051083691780894,4.9254127,24.720243,-43.525375,53.376198,-70.947472,35.516956,-140.55943,-1.335523
5.7,27,-8.589847722,5.152985529169497,-18.68951377,1.509818327913596,-1.728653582,6.268936431526266,-14.01554321,10.55823604481581,-0.576171427,4.890375767624105,-10.1611318,9.008788948690651,4.9023967,24.604729,-43.321983,53.126778,-70.615944,35.350986,-139.9026,-1.3292823
5.8,27,-8.549519645,5.128793016760987,-18.60176924,1.502729951953077,-1.720537807,6.239504693079979,-13.94974229,10.50866667286317,-0.573466386,4.867416169600958,-10.11342678,8.966494003932807,4.8793807,24.489212,-43.118595,52.877357,-70.284416,35.18502,-139.24579,-1.3230414
5.9,27,-8.50919176,5.104600619735524,-18.51402513,1.49564161,-1.71242207,6.210073094960606,-13.88394168,10.45909753724735,-0.570761359,4.844456681063407,-10.06572198,8.924199260864203,4.8563647,24.373697,-42.915207,52.627934,-69.952881,35.019054,-138.58896,-1.3168007
6,27,-8.468863876,5.080408223,-18.42628102,1.488553268,-1.704306334,6.180641496870973,-13.81814107,10.40952840168982,-0.568056331,4.821497192508253,-10.01801718,8.881904517761095,4.8333488,24.258183,-42.711815,52.378513,-69.621353,34.853085,-137.93214,-1.31056
6.1,27,-8.428535991,5.056215825684593,-18.33853691,1.481464925615787,-1.696190597,6.151209898759157,-13.75234046,10.35995926608881,-0.565351304,4.798537703966286,-9.970312382,8.839609774683833,4.8103328,24.142668,-42.508427,52.129093,-69.289825,34.687119,-137.27533,-1.3043191
6.2,27,-8.388208106,5.032023428659128,-18.2507928,1.474376583503357,-1.68807486,6.121778301,-13.68653985,10.31039013048638,-0.562646276,4.775578215428714,-9.922607584,8.797315031615186,4.7873168,24.027153,-42.305038,51.879669,-68.95829,34.521152,-136.61852,-1.2980784
6.3,27,-8.347880029,5.007830916250621,-18.16304827,1.467288207542842,-1.679959085,6.092346562205917,-13.62073893,10.26082075854471,-0.559941236,4.752618617405579,-9.874902558,8.755020086857368,4.7643008,23.911636,-42.101646,51.630249,-68.626762,34.355186,-135.96169,-1.2918377
6.4,27,-8.307552144,4.983638519225157,-18.07530415,1.460199865430413,-1.671843348,6.062914964,-13.55493832,10.21125162295855,-0.557236208,4.729659128856968,-9.82719776,8.712725343767083,4.7412848,23.796122,-41.898258,51.380829,-68.295235,34.189217,-135.30487,-1.2855968
6.5,27,-8.267224259,4.959446122199694,-17.98756004,1.453111523317986,-1.663727611,6.033483365990501,-13.48913771,10.16168249,-0.55453118,4.706699640300568,-9.779492961,8.670430600661534,4.7182689,23.680607,-41.694866,51.131405,-67.963699,34.023251,-134.64804,-1.2793561
6.6,27,-8.226896375,4.935253725,-17.89981593,1.446023181205559,-1.655611875,6.004051767872593,-13.4233371,10.11211335174585,-0.551826153,4.683740151767296,-9.731788163,8.628135857601315,4.6952529,23.565092,-41.491478,50.881985,-67.632172,33.857285,-133.99123,-1.2731154
6.7,27,-8.18656849,4.911061328088067,-17.81207182,1.438934838974161,-1.647496138,5.974620169768351,-13.35753649,10.06254421615968,-0.549121125,4.660780663212064,-9.684083365,8.585841114498054,4.6722374,23.449577,-41.28809,50.632565,-67.300644,33.691319,-133.33441,-1.2668747
6.8,27,-8.146240413,4.886868816,-17.72432729,1.431846463132599,-1.639380362,5.945188431304747,-13.29173557,10.01297484417311,-0.546416085,4.637821065202046,-9.636378339,8.543546169765944,4.6492209,23.334061,-41.084698,50.383141,-66.969109,33.525349,-132.67758,-1.2606338
6.9,27,-8.105912528,4.862676418714783,-17.63658318,1.424758121020163,-1.631264626,5.915756833235813,-13.22593496,9.963405708656152,-0.543711057,4.614861576657966,-9.588673541,8.501251426684542,4.6262054,23.218546,-40.88131,50.13372,-66.637581,33.359383,-132.02077,-1.2543931
7,27,-8.065584643,4.838484021628627,-17.54883907,1.417669778788781,-1.623148889,5.886325235105493,-13.16013435,9.913836573018877,-0.54100603,4.591902088109401,-9.540968743,8.458956683594348,4.6031895,23.103031,-40.677921,49.884296,-66.306053,33.193417,-131.36395,-1.2481524
7.1,27,-8.025256759,4.814291624542469,-17.46109495,1.410581436557393,-1.615033152,5.856893636981498,-13.09433374,9.864267437,-0.538301002,4.568942599560785,-9.493263945,8.416661940504055,4.5801735,22.987516,-40.474529,49.634876,-65.974518,33.027447,-130.70714,-1.2419115
7.2,27,-7.984928874,4.790099228,-17.37335084,1.403493094563925,-1.606917416,5.827462038912564,-13.02853313,9.814698301877039,-0.535595974,4.545983111016672,-9.445559146,8.374367197422588,4.5571575,22.872002,-40.271141,49.385456,-65.64299,32.861481,-130.05031,-1.2356708
7.3,27,-7.944600797,4.765906715169187,-17.28560631,1.396404718603399,-1.59880164,5.798030300448955,-12.96273221,9.765128929890459,-0.532890934,4.523023513006667,-9.397854121,8.332072252690503,4.5341415,22.756485,-40.067749,49.136032,-65.311462,32.695515,-129.39349,-1.2294301
7.4,27,-7.904272912,4.741714318143724,-17.1978622,1.389316376490971,-1.590685904,5.768598702344714,-12.8969316,9.715559794304296,-0.530185906,4.500064024451512,-9.350149323,8.289777509587394,4.5111256,22.64097,-39.864361,48.886612,-64.979927,32.529549,-128.73666,-1.2231892
7.5,27,-7.863945027,4.717521921,-17.11011809,1.382228034319058,-1.582570167,5.739167104226813,-12.83113099,9.665990658691364,-0.527480879,4.477104535918181,-9.302444524,8.247482766527058,4.4881096,22.525455,-39.660973,48.637192,-64.648399,32.363579,-128.07985,-1.2169485
7.6,27,-7.823617143,4.693329524032096,-17.02237398,1.375139692147144,-1.57445443,5.709735506115639,-12.76533038,9.616421523091613,-0.524775851,4.454145047361812,-9.254739726,8.205188023421568,4.4650936,22.409941,-39.457581,48.387768,-64.316872,32.197613,-127.42303,-1.2107078
7.7,27,-7.783289258,4.669137127006633,-16.93462987,1.368051350034716,-1.566338693,5.680303908011395,-12.69952977,9.566852387505447,-0.522070824,4.431185558813196,-9.207034928,8.162893280331277,4.4420776,22.294426,-39.254192,48.138348,-63.98534,32.031647,-126.76621,-1.2044671
7.8,27,-7.742961181,4.644944614628471,-16.84688534,1.360962974133677,-1.558222918,5.650872169570706,-12.63372885,9.517283015563786,-0.519365783,4.408225961,-9.159329902,8.120598335573376,4.4190617,22.178909,-39.050804,47.888927,-63.653809,31.865679,-126.10939,-1.1982262
7.9,27,-7.702633296,4.620752217572663,-16.75914122,1.353874631961775,-1.550107181,5.621440571458156,-12.56792824,9.467713879961341,-0.516660756,4.385266472,-9.111625104,8.078303592504833,4.3960457,22.063395,-38.847412,47.639503,-63.322277,31.699711,-125.45257,-1.1919855
8,27,-7.662305411,4.596559820547193,-16.67139711,1.346786289849335,-1.541991445,5.592008973,-12.50212763,9.418144744360333,-0.513955728,4.362306984,-9.063920306,8.036008849427466,4.3730297,21.94788,-38.644024,47.390083,-62.990749,31.533745,-124.79575,-1.1857448
8.1,27,-7.621977334,4.572367308169031,-16.58365258,1.339697913948295,-1.533875669,5.562577234895565,-12.43632671,9.368575372398906,-0.511250688,4.339347385687288,-9.01621528,7.993713904669537,4.3500137,21.832363,-38.440632,47.140659,-62.659218,31.367777,-124.13893,-1.1795039
8.199999999999999,27,-7.581649642,4.548175026465914,-16.49590889,1.332609605564993,-1.525759971,5.533145777,-12.37052642,9.319006473186976,-0.508545673,4.316388006617777,-8.968510709,7.951419363255758,4.3269978,21.71685,-38.237244,46.891239,-62.32769,31.201811,-123.48212,-1.1732632
8.300000000000001,27,-7.541321565,4.523982514057407,-16.40816436,1.325521229604475,-1.517644196,5.503714038691047,-12.30472549,9.269437101234354,-0.505840633,4.293428408594615,-8.920805684,7.909124418497887,4.3039818,21.601334,-38.033855,46.641819,-61.996159,31.035843,-122.82529,-1.1670225
8.4,27,-7.500993872,4.499790232384645,-16.32042067,1.318432921280666,-1.509528498,5.474282580923385,-12.2389252,9.219868202003948,-0.503135618,4.270469029534623,-8.873101113,7.866829877102764,4.2809663,21.485819,-37.830467,46.392399,-61.664627,30.869877,-122.16847,-1.1607817
8.5,27,-7.460665795,4.475597720006482,-16.23267614,1.311344545379625,-1.501412722,5.444850842475212,-12.17312427,9.170298830047619,-0.500430577,4.247509431489621,-8.825396087,7.824534932302086,4.2579503,21.370304,-37.627075,46.142975,-61.333096,30.703909,-121.51165,-1.1545409
8.6,27,-7.420337718,4.451405208,-16.14493161,1.304256169419101,-1.493296947,5.415419104024433,-12.10732335,9.120729458086183,-0.497725537,4.224549833479049,-8.777691061,7.782239988,4.2349339,21.254787,-37.423687,45.893555,-61.001564,30.537941,-120.85483,-1.1483002
8.699999999999999,27,-7.380010026,4.427212925925202,-16.05718791,1.297167861095279,-1.485181249,5.385987646261497,-12.04152306,9.071160559,-0.495020522,4.201590454416531,-8.729986491,7.739945446168818,4.2119184,21.139275,-37.220299,45.644135,-60.670036,30.371975,-120.19801,-1.1420594
8.800000000000001,27,-7.339681949,4.403020414,-15.96944338,1.290079485194239,-1.477065474,5.356555907820796,-11.97572213,9.021591186923359,-0.492315482,4.178630856,-8.682281465,7.697650501397209,4.1889024,21.023758,-37.016907,45.394711,-60.338505,30.206007,-119.54119,-1.1358186
8.9,27,-7.299354256,4.378828131843928,-15.88169969,1.282991176810945,-1.468949776,5.327124450046981,-11.90992184,8.972022287680893,-0.489610467,4.155671477323846,-8.634576894,7.655355959997143,4.1658864,20.908243,-36.813519,45.14529,-60.006977,30.040041,-118.88438,-1.1295779
9,27,-7.259026179,4.354635619465767,-15.79395516,1.275902800909908,-1.460834,5.297692711603034,-11.84412092,8.922452915732848,-0.486905427,4.132711879298426,-8.586871869,7.613061015234844,4.1428704,20.792728,-36.610126,44.89587,-59.675446,29.874073,-118.22755,-1.123337
9.1,27,-7.218698102,4.330443107087606,-15.70621063,1.268814425,-1.452718225,5.268260973145434,-11.77831999,8.872883543758043,-0.484200386,4.109752281273011,-8.539166843,7.570766070472557,4.1198545,20.677212,-36.406738,44.646446,-59.343914,29.708107,-117.57073,-1.1170963
9.199999999999999,27,-7.17837041,4.306250825384486,-15.61846694,1.261726116625558,-1.444602527,5.238829515,-11.7125197,8.823314644527986,-0.481495372,4.086792902210497,-8.491462272,7.528471529072491,4.0968385,20.561697,-36.20335,44.397026,-59.012386,29.542139,-116.91392,-1.1108556
9.300000000000001,27,-7.138042332,4.282058313006326,-15.53072241,1.254637740724524,-1.436486751,5.209397776937255,-11.64671878,8.773745272586316,-0.478790331,4.063833304180366,-8.443757246,7.486176584300962,4.0738225,20.446182,-35.999958,44.147602,-58.680855,29.376173,-116.2571,-1.1046147
9.4,27,-7.09771464,4.257866031,-15.44297871,1.247549432400704,-1.428371053,5.179966319174308,-11.58091848,8.724176373,-0.476085316,4.040873925117839,-8.396052676,7.443882043,4.0508065,20.330667,-35.79657,43.898182,-58.349327,29.210207,-115.60028,-1.098374
9.5,27,-7.057386563,4.233673519,-15.35523418,1.240461056440186,-1.420255278,5.150534580720368,-11.51511756,8.674607001,-0.473380276,4.017914327,-8.34834765,7.401587098151471,4.0277905,20.215153,-35.593182,43.648762,-58.017796,29.044239,-114.94346,-1.0921333
9.6,27,-7.017058486,4.209481006546886,-15.26748965,1.233372680539143,-1.412139503,5.121102842272197,-11.44931663,8.625037629441195,-0.470675235,3.994954729073571,-8.300642624,7.359292153389157,4.0047746,20.099636,-35.38979,43.399338,-57.686264,28.878271,-114.28664,-1.0858924
9.699999999999999,27,-6.976730793,4.185288724874119,-15.17974596,1.226284372215321,-1.404023805,5.091671385,-11.38351634,8.575468730204587,-0.467970221,3.971995350011046,-8.252938054,7.316997612,3.9817588,19.984121,-35.186401,43.149918,-57.354736,28.712305,-113.62981,-1.0796517
9.800000000000001,27,-6.936402716,4.161096212465608,-15.09200143,1.219195996,-1.395908029,5.062239646,-11.31771542,8.525899358258162,-0.46526518,3.949035751980896,-8.205233028,7.274702667217502,3.9587429,19.868607,-34.983009,42.900497,-57.023205,28.546337,-112.97299,-1.073411
9.9,27,-6.896075024,4.136903930762494,-15.00425774,1.212107688,-1.387792331,5.032808188300015,-11.25191512,8.476330459046233,-0.462560166,3.926076372918344,-8.157528457,7.232408125817362,3.9357269,19.753092,-34.779621,42.651077,-56.691673,28.380371,-112.31618,-1.0671703
10,27,-6.855746947,4.112711418,-14.91651321,1.205019311970457,-1.379676556,5.003376449849242,-11.1861142,8.426761087,-0.459855125,3.903116774892978,-8.109823431,7.190113181055172,3.9127109,19.637577,-34.576233,42.401653,-56.360142,28.214403,-111.65936,-1.0609294
10.1,27,-6.81541887,4.088518905975827,-14.82876868,1.197930936009952,-1.37156078,4.973944711400027,-11.12031328,8.377191715126438,-0.457150085,3.880157176867539,-8.062118406,7.147818236292838,3.8896949,19.52206,-34.372841,42.152229,-56.02861,28.048435,-111.00253,-1.0546887
10.2,27,-6.775091177,4.064326624303051,-14.74102498,1.190842627686114,-1.363445082,4.944513254,-11.05451298,8.327622815881362,-0.45444507,3.857197797805056,-8.014413835,7.105523694892831,3.866679,19.406546,-34.169453,41.902809,-55.697083,27.882469,-110.34572,-1.048448
10.3,27,-6.7347631,4.040134111924892,-14.65328045,1.183754251785079,-1.355329307,4.915081515184186,-10.98871206,8.278053443939694,-0.45174003,3.8342382,-7.966708809,7.063228750121193,3.843663,19.291031,-33.966061,41.653389,-55.365551,27.716501,-109.6889,-1.0422071
10.4,27,-6.694435408,4.015941830252124,-14.56553676,1.176665943461257,-1.347213609,4.885650057407273,-10.92291176,8.228484544691156,-0.449035015,3.811278820712352,-7.919004239,7.020934209,3.8206472,19.175516,-33.762672,41.403969,-55.034023,27.550535,-109.03208,-1.0359664
10.5,27,-6.654107331,3.991749317843615,-14.47779223,1.169577568,-1.339097833,4.856218318971932,-10.85711084,8.178915172759979,-0.446329974,3.788319222686929,-7.871299213,6.978639263958818,3.7976313,19.060001,-33.559284,41.154545,-54.702492,27.384567,-108.37526,-1.0297257
10.6,27,-6.613779254,3.967556805465453,-14.3900477,1.162489191599699,-1.330982058,4.826786580528816,-10.79130992,8.129345800813562,-0.443624934,3.765359624668101,-7.823594187,6.936344319209439,3.774615,18.944485,-33.355892,40.905125,-54.37096,27.218599,-107.71844,-1.0234848
10.7,27,-6.573451561,3.943364523762342,-14.30230401,1.155400883216407,-1.32286636,4.797355122746621,-10.72550962,8.079776901554673,-0.440919919,3.742400245605566,-7.775889616,6.894049777809333,3.7515993,18.82897,-33.152504,40.655704,-54.039433,27.052633,-107.06162,-1.0172441
10.8,27,-6.533123484,3.919172011353827,-14.21455948,1.148312507255876,-1.314750585,4.767923384279849,-10.6597087,8.030207529561892,-0.438214879,3.719440647575414,-7.728184591,6.851754833037762,3.7285833,18.713455,-32.949116,40.406281,-53.707901,26.886665,-106.4048,-1.0110034
10.9,27,-6.492795792,3.894979729711411,-14.12681578,1.141224198991542,-1.306634887,4.738491926527617,-10.5939084,7.980638630361728,-0.435509864,3.696481269,-7.68048002,6.809460291637754,3.7055674,18.59794,-32.745728,40.15686,-53.376373,26.720699,-105.74798,-1.0047626
11,27,-6.452467715,3.870787217302903,-14.03907125,1.134135823031027,-1.298519111,4.709060188086924,-10.52810748,7.931069258,-0.432804824,3.673521670487475,-7.632774994,6.767165347,3.6825514,18.482426,-32.542336,39.90744,-53.044842,26.554731,-105.09116,-0.99852186
11.1,27,-6.412139638,3.846594704894393,-13.95132672,1.127047447070505,-1.290403336,4.679628449646233,-10.46230656,7.881499886478398,-0.430099783,3.650562072462086,-7.585069969,6.724870402113154,3.6595354,18.366909,-32.338943,39.658016,-52.71331,26.388765,-104.43433,-0.99228108
11.2,27,-6.371811945,3.822402423251974,-13.86358303,1.119959138806167,-1.282287638,4.650196991894002,-10.39650626,7.831930987278235,-0.427394769,3.627602693399578,-7.537365398,6.682575860713099,3.6365197,18.251394,-32.135555,39.408596,-52.381783,26.222799,-103.77752,-0.98604035
11.3,27,-6.331483868,3.798209910843462,-13.7758385,1.112870762845644,-1.274171862,4.620765253427228,-10.33070534,7.782361615285451,-0.424689728,3.604643095369391,-7.489660372,6.640280915941459,3.6135035,18.13588,-31.932167,39.159172,-52.050251,26.056831,-103.1207,-0.97979957
11.4,27,-6.291156176,3.774017629140352,-13.68809481,1.105782454462351,-1.266056164,4.591333795645032,-10.26490504,7.732792716026559,-0.421984713,3.581683716306898,-7.441955801,6.597986374541434,3.5904877,18.020365,-31.728779,38.909752,-51.718719,25.890865,-102.46388,-0.97355884
11.5,27,-6.250828099,3.749825116762183,-13.60035028,1.098694078561299,-1.257940389,4.561902057201915,-10.19910412,7.683223344080141,-0.419279673,3.558724118288035,-7.394250776,6.555691429791987,3.5674717,17.90485,-31.525387,38.660332,-51.387188,25.724897,-101.80706,-0.96731806
11.6,27,-6.210500022,3.725632604353674,-13.51260575,1.091605703,-1.249824614,4.532470318766578,-10.1333032,7.633653972148972,-0.416574632,3.535764520262627,-7.34654575,6.513396485029713,3.5444558,17.789333,-31.321997,38.410908,-51.055656,25.558929,-101.15024,-0.96107727
11.7,27,-6.170172329,3.701440322680911,-13.42486205,1.084517394276967,-1.241708916,4.503038861,-10.0675029,7.584085072900424,-0.413869618,3.512805141200119,-7.298841179,6.471101943629661,3.5214398,17.673819,-31.118608,38.161488,-50.724129,25.392963,-100.49342,-0.95483655
11.8,27,-6.129844252,3.677247810302747,-13.33711752,1.077429018375923,-1.23359314,4.473607122548972,-10.00170198,7.534515700958766,-0.411164577,3.489845543169966,-7.251136154,6.428806998858087,3.4984238,17.558304,-30.915218,37.912067,-50.392597,25.226995,-99.836601,-0.94859576
11.9,27,-6.08951656,3.653055529,-13.24937383,1.070340710052104,-1.225477442,4.444175664773828,-9.935901686,7.484946801713694,-0.408459563,3.466886164107446,-7.203431583,6.386512457458009,3.4754081,17.442789,-30.71183,37.662647,-50.061069,25.061029,-99.179787,-0.94235504
12,27,-6.049188483,3.628863016221472,-13.1616293,1.063252334091588,-1.217361667,4.414743926324608,-9.870100763,7.435377429755316,-0.405754522,3.443926566082022,-7.155726557,6.344217512695704,3.4523919,17.327272,-30.50844,37.413223,-49.729538,24.895061,-98.522964,-0.93611425
12.1,27,-6.008860405,3.604670503843308,-13.07388477,1.056163958190544,-1.209245891,4.385312187873835,-9.804299841,7.385808057793891,-0.403049482,3.420966968056635,-7.108021531,6.301922567933471,3.4293759,17.211758,-30.30505,37.163803,-49.398006,24.729094,-97.866142,-0.92987347
12.2,27,-5.968532713,3.580478222140195,-12.98614108,1.049075649807248,-1.201130193,4.355880730115596,-9.738499545,7.336239158581955,-0.400344467,3.398007588994101,-7.060316961,6.259628026533367,3.4063601,17.096243,-30.101662,36.914383,-49.066479,24.563128,-97.209328,-0.92363274
12.3,27,-5.928204636,3.556285709731682,-12.89839655,1.041987273846721,-1.193014418,4.326448991672483,-9.672698623,7.286669786635544,-0.397639427,3.375047990963943,-7.012611935,6.217333081761783,3.3833442,16.980728,-29.89827,36.664959,-48.734947,24.39716,-96.552505,-0.91739196
12.4,27,-5.887876944,3.532093428058916,-12.81065285,1.034898965522904,-1.18489872,4.297017533901651,-9.606898327,7.237100887398927,-0.394934412,3.352088611901403,-6.964907364,6.175038540361667,3.3603282,16.865213,-29.694881,36.415539,-48.403419,24.231194,-95.895683,-0.91115123
12.5,27,-5.847548866,3.507900915680752,-12.72290832,1.02781059,-1.176782945,4.267585795453476,-9.541097405,7.187531515442593,-0.392229371,3.329129013876011,-6.917202339,6.132743595599425,3.3373122,16.749697,-29.491491,36.166115,-48.071888,24.065226,-95.238861,-0.90491045
12.6,27,-5.807220789,3.483708403272245,-12.63516379,1.020722213661346,-1.168667169,4.238154056999541,-9.475296482,7.137962143474972,-0.389524331,3.306169415857157,-6.869497313,6.090448650849998,3.3142962,16.634182,-29.288101,35.916695,-47.740356,23.899258,-94.582039,-0.89866966
12.7,27,-5.766893097,3.459516121599478,-12.5474201,1.013633905337526,-1.160551471,4.208722599236595,-9.409496187,7.088393244253811,-0.386819316,3.283210036794639,-6.821792742,6.048154109449924,3.2912805,16.518667,-29.084713,35.667274,-47.408829,23.733292,-93.925224,-0.89242893
12.8,27,-5.72656502,3.435323609221316,-12.45967557,1.006545529436487,-1.152435696,4.179290860795902,-9.343695264,7.038823872312143,-0.384114276,3.260250438764469,-6.774087716,6.005859164678318,3.2682643,16.403152,-28.881323,35.41785,-47.077297,23.567324,-93.268402,-0.88618815
12.9,27,-5.686237327,3.411131327518205,-12.37193188,.9994572210531922,-1.144319998,4.149859403028413,-9.277894969,6.989254973082077,-0.381409261,3.237291059701972,-6.726383146,5.963564623278286,3.2452486,16.287638,-28.677935,35.16843,-46.745766,23.401358,-92.611588,-0.87994742
13,27,-5.64590925,3.386938815,-12.28418735,.9923688451521464,-1.136204222,4.120427664570814,-9.212094046,6.939685601107273,-0.378704221,3.214331461676549,-6.67867812,5.921269678515982,3.2222326,16.172121,-28.474545,34.91901,-46.414234,23.235392,-91.954765,-0.87370664
13.1,27,-5.605581173,3.362746302761877,-12.19644282,.9852804692511068,-1.128088447,4.090995926126871,-9.146293123,6.890116229159236,-0.37599918,3.191371863651126,-6.630973094,5.878974733753679,3.1992164,16.056606,-28.271152,34.669586,-46.082703,23.069424,-91.297943,-0.86746585
13.2,27,-5.565253481,3.338554021,-12.10869912,.9781921608678008,-1.119972749,4.061564468353052,-9.080492828,6.840547329916763,-0.373294166,3.168412484588644,-6.583268524,5.836680192353676,3.1762006,15.941092,-28.067764,34.420166,-45.751175,22.903458,-90.641129,-0.86122513
13.3,27,-5.524925404,3.314361508680598,-12.02095459,.9711037849667621,-1.111856974,4.032132729912355,-9.014691905,6.790977957975088,-0.370589125,3.145452886558456,-6.535563498,5.794385247582034,3.1531847,15.825576,-27.864374,34.170742,-45.419643,22.73749,-89.984306,-0.85498434
13.4,27,-5.484597711,3.290169227007834,-11.9332109,.9640154766429472,-1.103741276,4.002701272149414,-8.94889161,6.741409058753936,-0.36788411,3.122493507495953,-6.487858927,5.752090706181989,3.1301689,15.710062,-27.660986,33.921326,-45.088116,22.571524,-89.327492,-0.84874362
13.5,27,-5.444269634,3.265976714599325,-11.84546637,.9569271006824307,-1.0956255,3.973269533698639,-8.883090687,6.691839686792508,-0.36517907,3.099533909477103,-6.440153901,5.709795761432568,3.1071527,15.594546,-27.457596,33.671902,-44.756584,22.405556,-88.67067,-0.84250283
13.6,27,-5.403941557,3.241784202221162,-11.75772184,.9498387247813875,-1.087509725,3.943837795250467,-8.817289764,6.642270314836182,-0.36247403,3.076574311451681,-6.392448876,5.667500816670268,3.0841367,15.479031,-27.254206,33.422478,-44.425053,22.239588,-88.013847,-0.83626205
13.7,27,-5.363613865,3.217591920548394,-11.66997815,.9427504164575664,-1.079394027,3.914406337482801,-8.751489469,6.592701415605768,-0.359769015,3.053614932389199,-6.344744305,5.625206275270266,3.061121,15.363516,-27.050817,33.173058,-44.093525,22.073622,-87.357025,-0.83002132
13.8,27,-5.323285788,3.193399408,-11.58223362,.9356620404970384,-1.071278251,3.884974599,-8.685688546,6.543132043653149,-0.357063974,3.030655334359007,-6.297039279,5.582911330498614,3.038105,15.248,-26.847427,32.923637,-43.761993,21.907654,-86.700203,-0.82378054
13.9,27,-5.282958095,3.169207126436767,-11.49448992,.9285737321137413,-1.063162553,3.855543141278284,-8.619888251,6.493563144441217,-0.35435896,3.007695955296518,-6.249334709,5.540616789098599,3.015089,15.132485,-26.644037,32.674217,-43.430466,21.741688,-86.043388,-0.81753981
14,27,-5.242630018,3.145014614058604,-11.40674539,.9214853562126999,-1.055046778,3.826111403,-8.554087328,6.443993772479791,-0.351653919,2.984736357271106,-6.201629683,5.498321844336317,2.9920731,15.016971,-26.440647,32.424793,-43.098934,21.57572,-85.386566,-0.81129903
14.1,27,-5.202301941,3.120822101650096,-11.31900086,.9143969802521843,-1.046931002,3.796679664381458,-8.488286406,6.394424400527623,-0.348948879,2.961776759245663,-6.153924657,5.456026899573975,2.9690571,14.901455,-26.237257,32.175373,-42.767403,21.409752,-84.729744,-0.80505824
14.2,27,-5.161974249,3.096629819977331,-11.23125717,.9073086719283685,-1.038815304,3.767248207,-8.42248611,6.344855501276349,-0.346243864,2.938817380183179,-6.106220086,5.413732358173968,2.9460411,14.78594,-26.033869,31.925951,-42.435875,21.243786,-84.072929,-0.79881752
14.3,27,-5.121646172,3.072437307599168,-11.14351264,.9002202960273253,-1.030699529,3.737816468162459,-8.356685188,6.295286129334686,-0.343538824,2.915857782152995,-6.058515061,5.371437413402333,2.9230251,14.670424,-25.830479,31.676529,-42.104343,21.077818,-83.416107,-0.79257673
14.4,27,-5.081318479,3.048245025926398,-11.05576895,.8931319877034998,-1.022583831,3.708385010385538,-8.290884892,6.245717230086134,-0.340833809,2.892898403090503,-6.01081049,5.329142872002312,2.9000094,14.55491,-25.62709,31.427109,-41.772812,20.911852,-82.759293,-0.786336
14.5,27,-5.040990402,3.024052513517892,-10.96802442,.8860436117429886,-1.014468056,3.678953271947034,-8.225083969,6.196147858148755,-0.338128769,2.869938805065068,-5.963105464,5.286847927239984,2.8769934,14.439394,-25.4237,31.177687,-41.44128,20.745884,-82.10247,-0.78009522
14.6,27,-5.000662325,2.999860001139728,-10.88027989,.8789552358419437,-1.00635228,3.649521534,-8.159283047,6.146578486202343,-0.335423728,2.846979207046211,-5.915400439,5.244552982490551,2.8539772,14.323879,-25.22031,30.928265,-41.109749,20.579916,-81.445648,-0.77385443
14.7,27,-4.960334633,2.975667719436616,-10.79253619,.8718669274586484,-0.998236582,3.620090075725368,-8.093482751,6.097009586950595,-0.332718713,2.824019827983709,-5.867695868,5.202258441090509,2.8309615,14.208364,-25.01692,30.678844,-40.778221,20.41395,-80.788834,-0.76761371
14.8,27,-4.920006556,2.951475207028104,-10.70479166,.8647785514981248,-0.990120807,3.590658337286142,-8.027681829,6.047440215011804,-0.330013673,2.801060229953553,-5.819990842,5.159963496318928,2.8079455,14.092849,-24.81353,30.429422,-40.44669,20.247984,-80.132011,-0.76137292
14.9,27,-4.879678863,2.927282925385684,-10.61704797,.8576902432337832,-0.982005109,3.561226879510927,-7.961881533,5.997871315766592,-0.327308658,2.778100851,-5.772286271,5.117668954918826,2.7849295,13.977334,-24.610142,30.180002,-40.115162,20.082016,-79.475189,-0.7551322
15,27,-4.839350786,2.903090412977178,-10.52930344,.8506018672732711,-0.973889333,3.531795141065194,-7.896080611,5.948301943815048,-0.324603618,2.755141252865648,-5.724581246,5.075374010156624,2.7619135,13.861818,-24.406752,29.930578,-39.78363,19.91605,-78.818367,-0.74889141
15.1,27,-4.799022709,2.878897900568666,-10.44155891,.8435134913127476,-0.965773558,3.502363402619461,-7.830279688,5.898732571863501,-0.321898577,2.732181654840212,-5.67687622,5.033079065394294,2.7388976,13.746304,-24.203362,29.681156,-39.452099,19.750082,-78.161545,-0.74265063
15.2,27,-4.758695017,2.854705618926245,-10.35381522,.8364251830484033,-0.95765786,3.472931944844247,-7.764479393,5.849163672618294,-0.319193563,2.709222275777691,-5.629171649,4.990784523994217,2.7158818,13.630789,-23.999973,29.431736,-39.120571,19.584116,-77.50473,-0.7364099
15.3,27,-4.718366939,2.830513106517736,-10.26607069,0.829336807,-0.949542085,3.443500206405023,-7.69867847,5.799594300679505,-0.316488522,2.686262677747524,-5.581466624,4.948489579222616,2.6928656,13.515273,-23.796583,29.182314,-38.78904,19.418148,-76.847908,-0.73016912
15.4,27,-4.678039247,2.806320824814626,-10.17832699,0.822248499,-0.941426387,3.414068748635409,-7.632878175,5.750025401445275,-0.313783508,2.663303298685014,-5.533762053,4.906195037822558,2.6698499,13.399758,-23.593195,28.932894,-38.457512,19.252182,-76.191093,-0.72392839
15.5,27,-4.63771117,2.782128312436463,-10.09058246,.8151601228035519,-0.933310611,3.384637010184035,-7.567077252,5.700456029482672,-0.311078467,2.640343700666155,-5.486057027,4.863900093,2.6468339,13.284243,-23.389803,28.683472,-38.12598,19.086214,-75.534271,-0.71768761
15.6,27,-4.597383093,2.757935800027949,-10.00283793,.8080717468430239,-0.925194836,3.355205271737088,-7.501276329,5.650886657528749,-0.308373427,2.617384102640755,-5.438352001,4.821605148310862,2.6238179,13.168727,-23.186413,28.43405,-37.794449,18.920246,-74.877449,-0.71144682
15.7,27,-4.5570554,2.733743518355184,-9.915094239,.8009834385192089,-0.917079138,3.325773813972557,-7.435476034,5.601317758,-0.305668412,2.594424723578272,-5.390647431,4.779310606910856,2.6008019,13.053213,-22.983025,28.184629,-37.462921,18.75428,-74.220634,-0.7052061
15.8,27,-4.516727323,2.709551005977023,-9.827349709,.7938950626181711,-0.908963362,3.296342075521503,-7.369675111,5.551748386342505,-0.302963371,2.571465125548086,-5.342942405,4.737015662139219,2.577786,12.937697,-22.779634,27.935207,-37.13139,18.588312,-73.563812,-0.69896531
15.9,27,-4.476399631,2.685358724304256,-9.739606016,.7868067542943509,-0.900847664,3.266910617756289,-7.303874816,5.502179487116896,-0.300258357,2.548505746485572,-5.295237834,4.694721120739152,2.5547702,12.822183,-22.576246,27.685787,-36.799858,18.422346,-72.906998,-0.69272459
16,27,-4.436071554,2.661166211895746,-9.651861486,0.779718378,-0.892731889,3.237478879,-7.238073893,5.452610115158656,-0.297553316,2.525546148460144,-5.247532809,4.652426175976839,2.531754,12.706667,-22.372856,27.436363,-36.468327,18.256378,-72.250175,-0.6864838
16.1,27,-4.395743477,2.636973699517585,-9.564116956,.7726300024327921,-0.884616114,3.208047140863235,-7.17227297,5.403040743210693,-0.294848276,2.50258655,-5.199827783,4.610131231214594,2.508738,12.591151,-22.169466,27.186941,-36.136795,18.09041,-71.593353,-0.68024302
16.2,27,-4.3554154,2.612781187109069,-9.476372426,.7655416264722614,-0.876500338,3.178615402414825,-7.106472048,5.353471371,-0.292143235,2.479626952408486,-5.152122757,4.567836286450642,2.4857221,12.475636,-21.966076,26.937519,-35.805264,17.924442,-70.936531,-0.67400223
16.3,27,-4.315088092,2.588589136141703,-9.388629569,.7584533857256721,-0.868384718,3.149184225331124,-7.04067238,5.303902944756181,-0.289438246,2.456667792,-5.104418641,4.525542148413185,2.4627066,12.360123,-21.762688,26.688101,-35.47374,17.758478,-70.279716,-0.66776156
16.4,27,-4.274760015,2.564396623733191,-9.300885039,.7513650097651476,-0.860268942,3.119752486884014,-6.974871457,5.254333572801935,-0.286733206,2.433708194279538,-5.056713616,4.483247203642827,2.4396904,12.244607,-21.559298,26.438679,-35.142208,17.59251,-69.622894,-0.66152078
16.5,27,-4.234431938,2.540204111,-9.213140509,.7442766338641098,-0.852153167,3.090320748435487,-6.909070534,5.204764200844912,-0.284028166,2.410748596254126,-5.00900859,4.440952258880547,2.4166744,12.129091,-21.355907,26.189257,-34.810677,17.426542,-68.966072,-0.65527999
16.6,27,-4.194103861,2.516011598946518,-9.125395979,.7371882579035871,-0.844037391,3.060889009985694,-6.843269612,5.155194828885411,-0.281323125,2.387788998235294,-4.961303564,4.398657314131161,2.3936584,12.013576,-21.152517,25.939835,-34.479145,17.260576,-68.30925,-0.64903921
16.7,27,-4.153775784,2.491819086568355,-9.037651449,.7300998820025457,-0.835921616,3.031457272,-6.777468689,5.105625456930766,-0.278618085,2.364829400205758,-4.913598539,4.356362369360796,2.3706424,11.89806,-20.949127,25.690413,-34.147614,17.094608,-67.652428,-0.64279842
16.8,27,-4.113448476,2.467627035600985,-8.949908593,.7230116412559484,-0.827805995,3.002026094451061,-6.711669021,5.056057030425952,-0.275913096,2.341870240106356,-4.865894423,4.314068231323367,2.3476267,11.782547,-20.745741,25.440994,-33.81609,16.928642,-66.995621,-0.63655776
16.9,27,-4.073120399,2.443434523192477,-8.862164063,0.715923265,-0.81969022,2.972594356000062,-6.645868098,5.006487658464086,-0.273208055,2.318910642080091,-4.818189397,4.271773286559413,2.3246107,11.667031,-20.542351,25.191572,-33.484558,16.762676,-66.338799,-0.63031697
17,27,-4.032792322,2.419242010814314,-8.774419533,.7088348893943905,-0.811574445,2.943162617552746,-6.580067176,4.956918286509438,-0.270503015,2.295951044,-4.770484371,4.229478341797174,2.3015947,11.551516,-20.338961,24.942148,-33.153027,16.596708,-65.681976,-0.62407619
17.1,27,-3.992464245,2.395049498420978,-8.686675003,.7017465134636098,-0.803458669,2.913730879108594,-6.514266253,4.907348914560991,-0.267797974,2.272991446029271,-4.722779346,4.187183397034858,2.2785785,11.436,-20.135569,24.692726,-32.821495,16.43074,-65.025154,-0.6178354
17.2,27,-3.952136168,2.370856986,-8.598930473,.6946581375328273,-0.795342894,2.884299140657594,-6.44846533,4.857779542599122,-0.265092934,2.250031848003017,-4.67507432,4.144888452270926,2.2555625,11.320484,-19.932178,24.443304,-32.489964,16.264772,-64.368332,-0.61159462
17.3,27,-3.91180886,2.346664935060272,-8.511187616,0.687569897,-0.787227273,2.854867963570277,-6.382665662,4.808211116094315,-0.262387945,2.227072687903624,-4.627370204,4.102594314233513,2.232547,11.204971,-19.728792,24.193886,-32.158436,16.098808,-63.711521,-0.60535395
17.4,27,-3.871480783,2.322472422666933,-8.423443086,.6804815208554493,-0.779111498,2.825436225,-6.31686474,4.758641744139664,-0.259682905,2.204113089874084,-4.579665179,4.060299369463142,2.2095311,11.089456,-19.525402,23.944464,-31.826906,15.93284,-63.054699,-0.59911317
17.5,27,-3.831152706,2.298279910273596,-8.335698556,.6733931449246673,-0.770995722,2.796004487,-6.251063817,4.709072372180167,-0.256977864,2.181153492,-4.531960153,4.018004424713733,2.1865149,10.97394,-19.322012,23.695042,-31.495375,15.766872,-62.397877,-0.59287238
17.6,27,-3.790824629,2.274087398,-8.247954026,.6663047689938884,-0.762879947,2.766572748224641,-6.185262894,4.659503000223141,-0.254272824,2.158193893829841,-4.484255127,3.975709479951476,2.1634989,10.858424,-19.118622,23.44562,-31.163843,15.600904,-61.741055,-0.5866316
17.7,27,-3.750496551,2.249894885486922,-8.160209496,.6592163930631028,-0.754764172,2.737141009777531,-6.119461971,4.609933628268896,-0.251567783,2.135234295800288,-4.436550101,3.933414535181079,2.1404829,10.742908,-18.915232,23.196198,-30.832312,15.434937,-61.084232,-0.58039081
17.8,27,-3.710169244,2.225702834519557,-8.07246664,.6521281523165157,-0.746648551,2.707709832693831,-6.053662304,4.560365201771176,-0.248862794,2.112275135699559,-4.388845986,3.891120397,2.1174672,10.627396,-18.711845,22.946779,-30.500786,15.268972,-60.427422,-0.57415015
17.9,27,-3.669841167,2.201510322126218,-7.98472211,0.645039776,-0.738532775,2.678278094245422,-5.987861381,4.510795829814386,-0.246157754,2.089315537675037,-4.34114096,3.848825452380513,2.0944512,10.51188,-18.508453,22.697357,-30.169254,15.103004,-59.770599,-0.56790936
18,27,-3.62951309,2.177317809732883,-7.896977579,.6379514004549538,-0.730417,2.648846355801517,-5.922060458,4.461226457866424,-0.243452713,2.066355939649213,-4.293435934,3.806530507617422,2.0714352,10.396364,-18.305063,22.447935,-29.837723,14.937037,-59.113777,-0.56166852
18.1,27,-3.589185012,2.153125297339546,-7.809233049,.6308630245241709,-0.722301225,2.619414617352371,-5.856259535,4.411657085908188,-0.240747673,2.043396341623382,-4.245730909,3.764235562854318,2.0484192,10.280849,-18.101673,22.198511,-29.506191,14.77107,-58.456955,-0.55542773
18.2,27,-3.548856935,2.128932784946207,-7.721488519,.6237746485933844,-0.714185449,2.589982878902377,-5.790458612,4.362087713948291,-0.238042632,2.020436743598874,-4.198025883,3.721940618,2.025403,10.165333,-17.898283,21.949089,-29.17466,14.605102,-57.800133,-0.54918694
18.3,27,-3.508529628,2.104740733978839,-7.633745663,0.616686408,-0.706069829,2.560551701820259,-5.724658945,4.312519287453674,-0.235337644,1.997477583496833,-4.150321767,3.679646480051207,2.0023875,10.049819,-17.694897,21.699671,-28.843134,14.439137,-57.143322,-0.54294628
18.4,27,-3.46820155,2.080548221585502,-7.546001133,.6095980319160099,-0.697954053,2.531119963371567,-5.658858022,4.262949915496327,-0.232632603,1.974517985472311,-4.102616741,3.637351535290671,1.9793714,9.9343042,-17.491507,21.450249,-28.511602,14.27317,-56.4865,-0.53670549
18.5,27,-3.427873473,2.056355709192165,-7.458256603,.6025096559852283,-0.689838278,2.501688224924621,-5.593057099,4.213380543542405,-0.229927563,1.951558387446489,-4.054911716,3.595056590527586,1.9563555,9.8187885,-17.288116,21.200827,-28.180071,14.107202,-55.829678,-0.53046471
18.6,27,-3.387545396,2.032163196798831,-7.370512073,.5954212800544521,-0.681722502,2.472256486473248,-5.527256176,4.163811171579805,-0.227222522,1.928598789420653,-4.00720669,3.552761645764473,1.9333395,9.7032728,-17.084726,20.951405,-27.848539,13.941234,-55.172855,-0.52422392
18.7,27,-3.347217319,2.007970684405494,-7.282767543,.5883329041236705,-0.673606727,2.442824748027513,-5.461455254,4.114241799628255,-0.224517482,1.905639191396135,-3.959501664,3.510466701003944,1.9103234,9.5877571,-16.881334,20.701982,-27.517008,13.775266,-54.516033,-0.51798314
18.8,27,-3.306890011,1.983778633438126,-7.195024686,.5812446633770776,-0.665491106,2.413393571,-5.395655586,4.064673373126551,-0.221812493,1.882680031294094,-3.911797549,3.468172562961341,1.8873078,9.4722433,-16.677948,20.452564,-27.185484,13.609302,-53.859226,-0.51174247
18.9,27,-3.266561934,1.959586121044786,-7.107280156,.5741562874462893,-0.657375331,2.383961832489195,-5.329854663,4.015104001161575,-0.219107452,1.859720433269579,-3.864092523,3.425877618200818,1.8642918,9.3567276,-16.474558,20.203142,-26.853952,13.443334,-53.2024,-0.50550169
19,27,-3.226233857,1.935393608651452,-7.019535626,.5670679115155135,-0.649259556,2.354530094043462,-5.26405374,3.965534629,-0.216402412,1.836760835243738,-3.816387497,3.383582673437695,1.8412757,9.2412128,-16.271168,19.95372,-26.522421,13.277366,-52.545578,-0.49926093
19.1,27,-3.18590578,1.911201096258112,-6.931791096,.5599795355847261,-0.64114378,2.325098356,-5.198252818,3.915965257258486,-0.213697371,1.813801237217917,-3.768682471,3.341287728674613,1.8182597,9.1256971,-16.067778,19.704296,-26.190889,13.111399,-51.888756,-0.49302015
19.2,27,-3.145577703,1.887008583864777,-6.844046566,0.55289116,-0.633028005,2.295666617145145,-5.132451895,3.866395885293511,-0.210992331,1.790841639193404,-3.720977446,3.298992783914092,1.7952436,9.0101814,-15.864388,19.454874,-25.859358,12.945431,-51.231934,-0.48677936
19.3,27,-3.105250395,1.862816532897407,-6.75630371,.5458029189073526,-0.624912384,2.266235440059411,-5.066652227,3.816827458791806,-0.208287342,1.767882479091359,-3.67327333,3.256698645871484,1.772228,8.8946676,-15.661,19.205458,-25.527832,12.779467,-50.575127,-0.4805387
19.4,27,-3.064922318,1.838624020504072,-6.66855918,.5387145429765736,-0.616796609,2.236803701613676,-5.000851304,3.767258086840256,-0.205582302,1.744922881066843,-3.625568304,3.214403701110957,1.749212,8.7791519,-15.45761,18.956034,-25.196301,12.613499,-49.918304,-0.47429791
19.5,27,-3.024594241,1.814431508110736,-6.58081465,.5316261670457938,-0.608680833,2.207371963162304,-4.935050382,3.717688714877658,-0.202877261,1.721963283041011,-3.577863279,3.172108756347852,1.7261959,8.6636362,-15.25422,18.706612,-24.864769,12.447531,-49.261482,-0.46805713
19.6,27,-2.984266164,1.790238995717399,-6.49307012,.5245377911150126,-0.600565058,2.177940225,-4.869249459,3.668119342923738,-0.200172221,1.699003685015165,-3.530158253,3.129813811584721,1.70318,8.5481215,-15.05083,18.45719,-24.533237,12.281563,-48.60466,-0.46181634
19.7,27,-2.943938087,1.766046483324061,-6.405325589,.5174494151842293,-0.592449283,2.148508486266664,-4.803448536,3.618549970966386,-0.19746718,1.676044086990664,-3.482453227,3.087518866824224,1.6801639,8.4326057,-14.847439,18.207767,-24.201706,12.115595,-47.947838,-0.45557556
19.8,27,-2.903610779,1.741854432356691,-6.317582733,.5103611744376315,-0.584333662,2.119077309184548,-4.737648868,3.568981544471771,-0.194762191,1.653084926888622,-3.434749111,3.045224728781619,1.6571484,8.3170919,-14.644053,17.958349,-23.87018,11.949631,-47.291027,-0.44933489
19.9,27,-2.863282702,1.717661919963357,-6.229838203,.5032727985068552,-0.576217887,2.089645570734554,-4.671847946,3.519412172511874,-0.192057151,1.630125329,-3.387044086,3.002929784021123,1.6341323,8.2015762,-14.440662,17.708927,-23.538649,11.783663,-46.634205,-0.4430941
20,27,-2.822954625,1.693469408,-6.142093673,.4961844225760732,-0.568102111,2.060213832285407,-4.606047023,3.469842800553637,-0.18935211,1.607165730838275,-3.33933906,2.960634839257991,1.6111163,8.0860605,-14.237272,17.459505,-23.207117,11.617696,-45.977383,-0.43685332
20.1,27,-2.782626548,1.669276895176681,-6.054349143,.4890960466452881,-0.559986336,2.030782093841506,-4.5402461,3.420273428605682,-0.18664707,1.584206133,-3.291634034,2.918339894494881,1.5881002,7.9705453,-14.033881,17.210081,-22.875586,11.451728,-45.32056,-0.43061253
20.2,27,-2.742298471,1.645084382783345,-5.966604613,.4820076707145091,-0.55187056,2.001350355393093,-4.474445177,3.370704056648883,-0.183942029,1.561246535,-3.243929009,2.876044949734367,1.5650842,7.8550296,-13.830491,16.960659,-22.544054,11.28576,-44.663738,-0.42437175
20.3,27,-2.701971163,1.620892331815976,-5.878861756,.4749194299679136,-0.54375494,1.971919178309393,-4.40864551,3.321135630151165,-0.181237041,1.538287374685905,-3.196224893,2.833750811691796,1.5420686,7.7395163,-13.627105,16.711243,-22.21253,11.119796,-44.006927,-0.41813108
20.4,27,-2.661643086,1.596699819422641,-5.791117226,.4678310540371347,-0.535639164,1.942487439862283,-4.342844587,3.271566258,-0.178532,1.515327776661384,-3.148519867,2.791455866931261,1.5190525,7.6240005,-13.423715,16.461819,-21.880999,10.953828,-43.350105,-0.4118903
20.5,27,-2.621315009,1.572507307029302,-5.703372696,.4607426781063499,-0.527523389,1.913055701413755,-4.277043664,3.221996886239896,-0.17582696,1.492368178635553,-3.100814841,2.749160922168159,1.4960365,7.5084853,-13.220324,16.212397,-21.549467,10.78786,-42.693283,-0.40564951
20.6,27,-2.580986932,1.548314794635968,-5.615628166,.4536543021755741,-0.519407614,1.883623962963966,-4.211242741,3.172427514,-0.173121919,1.469408580609705,-3.053109816,2.706865977405022,1.4730204,7.3929696,-13.016933,15.962975,-21.217936,10.621892,-42.036461,-0.39940873
20.7,27,-2.540658855,1.524122282,-5.527883636,.4465659262447899,-0.511291838,1.854192224516648,-4.145441819,3.122858142325748,-0.170416879,1.446448982585197,-3.00540479,2.664571032644513,1.4500045,7.2774539,-12.813543,15.713552,-20.886404,10.455925,-41.379639,-0.39316794
20.8,27,-2.500331547,1.499930231275262,-5.44014078,.4394776854981965,-0.503176218,1.824761047429332,-4.079642151,3.073289715820941,-0.16771189,1.423489822483156,-2.957700674,2.622276894601911,1.4269888,7.1619406,-12.610157,15.464134,-20.554878,10.28996,-40.722828,-0.38692728
20.9,27,-2.46000347,1.475737718881924,-5.35239625,.4323893095674132,-0.495060442,1.795329308981756,-4.013841228,3.023720343865784,-0.165006849,1.400530224458646,-2.909995649,2.579981949841396,1.4039729,7.0464249,-12.406766,15.214712,-20.223347,10.123992,-40.066006,-0.38068649
21,27,-2.419675393,1.451545206488589,-5.26465172,.4253009336366356,-0.486944667,1.765897570532597,-3.948040305,2.974150971907524,-0.162301809,1.377570626432824,-2.862290623,2.537687005078312,1.3809568,6.9309092,-12.203376,14.965289,-19.891815,9.958025,-39.409184,-0.37444571
21.1,27,-2.379347316,1.427352694095252,-5.17690719,.4182125577058531,-0.478828891,1.736465832083439,-3.882239383,2.924581599949264,-0.159596768,1.354611028406981,-2.814585597,2.495392060315186,1.3579408,6.8153939,-11.999986,14.715867,-19.560284,9.792057,-38.752361,-0.36820492
21.2,27,-2.339019239,1.403160181701915,-5.08916266,.4111241817750733,-0.470713116,1.707034093634885,-3.81643846,2.875012228,-0.156891728,1.331651430382466,-2.766880571,2.453097115554661,1.3349247,6.6998782,-11.796596,14.466445,-19.228752,9.6260891,-38.095539,-0.36196414
21.3,27,-2.298691931,1.378968130734546,-5.001419803,.4040359410284764,-0.462597495,1.677602916552299,-3.750638792,2.825443801496654,-0.154186739,1.308692270280416,-2.719176456,2.410802977512041,1.3119091,6.5843649,-11.593208,14.217027,-18.897226,9.460125,-37.438732,-0.35572347
21.4,27,-2.258363854,1.354775618341207,-4.913675273,.3969475650976921,-0.45448172,1.648171178103141,-3.684837869,2.775874429538395,-0.151481699,1.285732672255907,-2.67147143,2.368508032751531,1.2888931,6.4688492,-11.389818,13.967605,-18.565695,9.294157,-36.78191,-0.34948269
21.5,27,-2.218035777,1.330583105947873,-4.825930743,0.389859189,-0.446365944,1.61873944,-3.619036947,2.726305057579328,-0.148776658,1.262773074230072,-2.623766404,2.326213088,1.265877,6.3533335,-11.186428,13.718182,-18.234163,9.1281891,-36.125088,-0.3432419
21.6,27,-2.1777077,1.306390593554534,-4.738186213,.3827708132361307,-0.438250169,1.589307701207412,-3.553236024,2.676735686,-0.146071618,1.239813476204243,-2.576061379,2.283918143225321,1.242861,6.2378178,-10.983038,13.46876,-17.902632,8.9622211,-35.468266,-0.33700112
21.7,27,-2.137379623,1.282198081161199,-4.650441683,.3756824373053522,-0.430134394,1.559875962758254,-3.487435101,2.627166314,-0.143366577,1.216853878179723,-2.528356353,2.241623198464787,1.2198449,6.1223025,-10.779647,13.219337,-17.5711,8.7962542,-34.811443,-0.33076033
21.8,27,-2.097052315,1.25800603,-4.562698826,.3685941965587562,-0.422018773,1.530444785674085,-3.421635433,2.577597887170053,-0.140661588,1.193894718077694,-2.480652237,2.199329060422208,1.1968294,6.0067892,-10.576261,12.969919,-17.239576,8.6302891,-34.154633,-0.32451966
21.9,27,-2.056724238,1.233813517800493,-4.474954296,.3615058206279742,-0.413902998,1.501013047225531,-3.355834511,2.528028515212976,-0.137956548,1.170935120053178,-2.432947211,2.157034115661684,1.1738133,5.8912735,-10.37287,12.720497,-16.908045,8.4643211,-33.49781,-0.31827888
22,27,-2.016396161,1.209621005407157,-4.387209766,.3544174446971953,-0.405787222,1.471581308776373,-3.290033588,2.478459143254719,-0.135251507,1.147975522,-2.385242186,2.114739170898587,1.1507974,5.7757578,-10.16948,12.471074,-16.576513,8.2983541,-32.840988,-0.31203809
22.1,27,-1.976068084,1.185428493,-4.299465236,.3473290687664137,-0.397671447,1.442149570328797,-3.224232665,2.428889771299561,-0.132546467,1.125015924001509,-2.33753716,2.072444226135463,1.1277813,5.6602421,-9.9660892,12.221652,-16.244982,8.1323862,-32.184166,-0.30579731
22.2,27,-1.935740007,1.161235980620483,-4.211720706,0.340240693,-0.389555671,1.412717831880244,-3.158431742,2.379320399342488,-0.129841426,1.102056325976997,-2.289832134,2.030149281374947,1.1047653,5.5447264,-9.7626991,11.97223,-15.913449,7.9664183,-31.527344,-0.29955652
22.3,27,-1.895412699,1.137043929653115,-4.12397785,.3331524520890392,-0.381440051,1.383286654796075,-3.092632075,2.329751972843849,-0.127136438,1.079097165874953,-2.242128019,1.987855143332338,1.0817497,5.429213,-9.5593128,11.722812,-15.581924,7.8004537,-30.870533,-0.29331586
22.4,27,-1.855084622,1.112851417259778,-4.03623332,.3260640761582578,-0.373324275,1.353854916346915,-3.026831152,2.280182600885588,-0.124431397,1.056137568,-2.194422993,1.945560198570525,1.0587336,5.3136978,-9.3559227,11.47339,-15.250393,7.6344862,-30.213711,-0.28707507
22.5,27,-1.814756545,1.088658904866442,-3.94848879,.3189757002274769,-0.3652085,1.324423177900758,-2.961030229,2.230613228933212,-0.121726357,1.033177969824606,-2.146717967,1.903265253808711,1.0357176,5.1981821,-9.1525316,11.223968,-14.918861,7.4685183,-29.556889,-0.28083426
22.6,27,-1.774428468,1.064466392473103,-3.86074426,.3118873242966922,-0.357092725,1.294991439451188,-2.895229306,2.181043856974146,-0.119021316,1.010218371799437,-2.099012941,1.860970309046905,1.0127015,5.0826664,-8.9491415,10.974545,-14.58733,7.3025508,-28.900066,-0.27459347
22.7,27,-1.734100391,1.040273880079768,-3.77299973,0.304798948,-0.348976949,1.265559701,-2.829428383,2.131474485015886,-0.116316276,.9872587737776509,-2.051307916,1.818675364,0.98968554,4.9671507,-8.7457514,10.725122,-14.255798,7.1365829,-28.243244,-0.26835269
22.8,27,-1.693773083,1.016081829112399,-3.685256873,.2977107076193191,-0.340861329,1.236128523919444,-2.763628716,2.081906058520349,-0.113611287,.9642996136688302,-2.0036038,1.776381226,0.96666992,4.8516374,-8.5423651,10.475704,-13.924273,6.9706187,-27.586435,-0.26211202
22.9,27,-1.653445006,0.991889317,-3.597512343,.2906223316885388,-0.332745553,1.206696785,-2.697827793,2.032336686563275,-0.110906246,.9413400156470468,-1.955898774,1.734086281,0.94365388,4.7361217,-8.338974,10.226282,-13.592742,6.8046508,-26.929613,-0.25587124
23,27,-1.613116929,.9676968043257258,-3.509767813,.2835339557577568,-0.324629778,1.177265047021731,-2.63202687,1.982767314605015,-0.108201206,.9183804176218688,-1.908193749,1.691791336718848,0.92063785,4.6206064,-8.1355839,9.97686,-13.26121,6.6386828,-26.272789,-0.24963047
23.1,27,-1.572788852,.9435042919323885,-3.422023283,.2764455798269745,-0.316514002,1.147833308572572,-2.566225947,1.933197942646756,-0.105496165,.8954208195967019,-1.860488723,1.649496391957046,0.89762181,4.5050907,-7.9321938,9.727437,-12.929679,6.4727154,-25.615967,-0.24338968
23.2,27,-1.532460775,.9193117795390516,-3.334278753,.2693572038961929,-0.308398227,1.118401570124019,-2.500425025,1.883628570689682,-0.102791125,.8724612215749211,-1.812783697,1.607201447201881,0.87460577,4.389575,-7.7288032,9.4780149,-12.598147,6.3067474,-24.959145,-0.2371489
23.3,27,-1.492133467,.8951197285716838,-3.246535897,0.262268963,-0.300282606,1.088970393041433,-2.434625357,1.834060144194146,-0.100086136,0.849502061,-1.765079581,1.564907309145975,0.85159022,4.2740617,-7.5254169,9.2285967,-12.266622,6.1407833,-24.302336,-0.23090823
23.4,27,-1.45180539,.8709272161783455,-3.158791367,.2551805872188158,-0.292166831,1.059538654592274,-2.368824434,1.784490772235886,-0.097381096,.8265424634443108,-1.717374556,1.522612364,0.82857418,4.158546,-7.3220263,8.9791746,-11.93509,5.9748154,-23.645514,-0.22466744
23.5,27,-1.411477313,.8467347037850099,-3.071046836,.2480922112880366,-0.284051056,1.030106916142703,-2.303023511,1.734921400276818,-0.094676055,.8035828654191373,-1.66966953,1.480317419628995,0.80555815,4.0430303,-7.1186361,8.7297525,-11.603559,5.8088479,-22.988691,-0.21842666
23.6,27,-1.371149236,.8225421913916727,-2.983302306,.2410038353572546,-0.27593528,1.000675177696546,-2.237222589,1.685352028324442,-0.091971015,.7806232673939649,-1.621964504,1.438022474867183,0.78254211,3.9275148,-6.9152455,8.4803295,-11.272027,5.64288,-22.331869,-0.21218587
23.7,27,-1.330821158,.7983496789983362,-2.895557776,.2339154594264738,-0.267819505,.9712434392473887,-2.171421666,1.635782656366183,-0.089265974,.7576636693721814,-1.574259479,1.395727530112014,0.75952607,3.8119993,-6.7118554,8.2309074,-10.940495,5.4769125,-21.675047,-0.20594509
23.8,27,-1.290493851,.7741576280309675,-2.80781492,.2268272186798794,-0.259703884,.9418122621632186,-2.105621998,1.586214229867543,-0.086560985,.7347045092633616,-1.526555363,1.353433392056125,0.73651046,3.6964858,-6.5084686,7.9814897,-10.608971,5.3109479,-21.018236,-0.19970442
23.9,27,-1.250165774,.7499651156376309,-2.72007039,.2197388427490983,-0.251588109,.9123805237146658,-2.039821075,1.536644857910471,-0.083855945,.7117449112415781,-1.478850337,1.311138447300956,0.71349442,3.5809703,-6.3050785,7.7320671,-10.277439,5.14498,-20.361414,-0.19346364
24,27,-1.209837697,.7257726032442945,-2.63232586,.2126504668183178,-0.243472333,.8829487852662986,-1.974020153,1.487075485953762,-0.081150904,0.688785313,-1.431145311,1.268843502539156,0.69047838,3.4654546,-6.1016879,7.4826446,-9.9459076,4.9790125,-19.704592,-0.18722285
24.1,27,-1.169509619,.7015800908509577,-2.54458133,.2055620908875366,-0.235356558,.8535170468174423,-1.90821923,1.437506113996095,-0.078445864,.6658257151912329,-1.383440286,1.226548557777331,0.66746235,3.3499391,-5.8982978,7.2332225,-9.6143761,4.8130445,-19.04777,-0.18098207
24.2,27,-1.129181542,.6773875784576207,-2.4568368,.1984737149567546,-0.227240783,.8240853083682601,-1.842418307,1.387936742037789,-0.075740824,.6428661171694541,-1.33573526,1.184253613,0.64444631,3.2344234,-5.6949072,6.9837999,-9.2828445,4.6470771,-18.390947,-0.17474128
24.3,27,-1.088854235,.6531955274902518,-2.369093943,.1913854742101597,-0.219125162,.7946541312862246,-1.776618639,1.338368315543332,-0.073035835,.6199069570606286,-1.288031144,1.141959474966271,0.62143075,3.1189101,-5.4915209,6.7343822,-8.9513197,4.4811125,-17.734138,-0.16850062
24.4,27,-1.048526157,.6290030150969148,-2.281349413,.1842970982793781,-0.211009387,.7652223928370427,-1.710817717,1.288798943585027,-0.070330794,.5969473590388468,-1.240326119,1.099664530211104,0.59841472,3.0033946,-5.2881303,6.4849596,-8.6197882,4.3151445,-17.077316,-0.16225983
24.5,27,-1.00819808,.6048105027035784,-2.193604883,.1772087223485976,-0.202893611,.7357906543881866,-1.645016794,1.239229572,-0.067625754,.5739877610136751,-1.192621093,1.057369585449293,0.57539868,2.8878789,-5.0847402,6.2355371,-8.2882566,4.1491771,-16.420494,-0.15601905
24.6,27,-0.967870003,.5806179903102417,-2.105860353,.1701203464178165,-0.194777836,.7063589159401218,-1.579215871,1.189660199671244,-0.064920713,.5510281629884987,-1.144916067,1.015074640687474,0.55238265,2.7723632,-4.8813496,5.986115,-7.9567246,3.9832091,-15.763672,-0.14977826
24.7,27,-0.927541926,.5564254779131114,-2.018115823,.1630319704795997,-0.18666206,.6769271774909391,-1.513414948,1.140090827712937,-0.062215673,0.528068565,-1.097211041,.9727796959306944,0.52936661,2.6568477,-4.6779594,5.7366924,-7.6251931,3.8172414,-15.106849,-0.14353748
24.8,27,-0.887214618,0.532233427,-1.930372967,.1559437297478742,-0.17854644,.6474960004089046,-1.447615281,1.090522401218482,-0.059510684,.5051094048587128,-1.049506926,.9304855578780177,0.50635099,2.5413344,-4.4745727,5.4872746,-7.2936683,3.6512771,-14.45004,-0.1372968
24.9,27,-0.846886541,.5080409145561996,-1.842628437,.1488553538096595,-0.170430664,.6180642619597219,-1.381814358,1.040953029260175,-0.056805643,.4821498068344151,-1.0018019,0.888190613,0.48333496,2.4258187,-4.2711825,5.2378521,-6.9621367,3.4853094,-13.793218,-0.13105601
25,27,-0.806558464,.4838484021628629,-1.754883907,.1417669778788784,-0.162314889,.5886325235108655,-1.316013435,.9913836573025075,-0.054100603,.4591902088109344,-0.954096874,.8458956683594238,0.46031892,2.3103032,-4.0677919,4.98843,-6.6306052,3.3193414,-13.136395,-0.12481523
25.1,27,-0.766230387,.4596558897695258,-1.667139377,.1346786019480964,-0.154199114,.5592007850620094,-1.250212512,.9418142853448408,-0.051395562,.4362306107874606,-0.906391849,.8036007236009407,0.43730289,2.1947875,-3.8644016,4.7390075,-6.2990737,3.1533737,-12.479572,-0.11857445
25.2,27,-0.72590231,.4354633773723957,-1.579394846,.1275902260098803,-0.146083338,.5297690466128273,-1.18441159,.8922449133865349,-0.048690522,.4132710127631595,-0.858686823,.7613057788408365,0.41428685,2.079272,-3.6610112,4.4895849,-5.9675422,2.987406,-11.82275,-0.11233366
25.3,27,-0.685575002,.4112713264126138,-1.49165199,.1205019852781557,-0.137967717,.5003378695307917,-1.118611922,.8426764868920779,-0.045985533,.3903118526559797,-0.810982707,.7190116407881628,0.39127126,1.9637586,-3.4576247,4.2401671,-5.6360168,2.8214417,-11.16594,-0.106093
25.4,27,-0.645246925,.3870788140154838,-1.40390746,.1134136093399397,-0.129851942,.4709061310816093,-1.052810999,.7931071149337714,-0.043280493,.3673522546316808,-0.763277681,.6767166960280627,0.36825523,1.8482429,-3.2542343,3.9907448,-5.3044853,2.6554739,-10.509118,-0.099852212
25.5,27,-0.604918848,.3628863016221472,-1.31616293,.1063252334091589,-0.121736167,.4414743926331493,-0.987010076,0.743537743,-0.040575452,0.344392657,-0.715572656,0.634421751,0.34523919,1.7327273,-3.050844,3.7413223,-4.9729538,2.4895062,-9.8522959,-0.093611427
25.6,27,-0.564590771,.3386937892288103,-1.2284184,0.099236857,-0.113620391,.4120426541841301,-0.921209154,.6939683710188944,-0.037870412,0.321433059,-0.66786763,.5921268065110851,0.32222316,1.6172117,-2.8474536,3.4919,-4.6414223,2.3235385,-9.1954737,-0.087370642
25.7,27,-0.524262694,.3145012768316801,-1.14067387,0.092148482,-0.105504616,.3826109157368985,-0.855408231,.6443989990644117,-0.035165371,0.298473461,-0.620162604,.5498318617509789,0.29920712,1.5016961,-2.6440632,3.2424774,-4.3098907,2.1575708,-8.5386515,-0.081129856
25.8,27,-0.483935386,.2903092258718983,-1.052931013,0.085060241,-0.097388995,0.353179739,-0.789608563,0.594830573,-0.032460382,.2755143004532462,-0.572458489,.5075377236983069,0.27619153,1.3861828,-2.4406767,2.9930599,-3.9783657,1.9916062,-7.8818421,-0.07488919
25.9,27,-0.443607309,.2661167134766645,-0.965186483,0.077971865,-0.08927322,.3237480002044523,-0.72380764,0.545261201,-0.029755342,.2525547024293564,-0.524753463,.4652427789390088,0.2531755,1.2706672,-2.2372863,2.7436373,-3.6468341,1.8256385,-7.2250199,-0.068648398
26,27,-0.403279232,.2419242010814315,-0.877441953,0.070883489,-0.081157444,.2943162617554327,-0.658006718,.4956918286512538,-0.027050301,.2295951044054672,-0.477048437,.4229478341797119,0.23015946,1.1551516,-2.033896,2.494215,-3.3153026,1.6596707,-6.5681973,-0.062407617
26.1,27,-0.362951155,.2177316886861979,-0.789697423,0.063795113,-0.073041669,.2648845233064137,-0.592205795,.4461224566932674,-0.024345261,.2066355063815797,-0.429343411,.3806528894204183,0.20714343,1.039636,-1.8305056,2.2447925,-2.9837711,1.493703,-5.911375,-0.056166831
26.2,27,-0.322623078,.1935391762909645,-0.701952893,0.056706737,-0.064925894,.2354527848591825,-0.526404872,.3965530847387855,-0.021640221,.1836759083571027,-0.381638386,.3383579446599692,0.18412739,0.92412037,-1.6271152,1.99537,-2.6522396,1.3277353,-5.2545528,-0.049926046
26.3,27,-0.28229577,.1693471253311824,-0.614210037,0.049618496,-0.056810273,0.206021608,-0.460605204,0.346984658,-0.018935232,.1607167482511007,-0.33393427,.2960638066096037,0.1611118,0.80860698,-1.4237287,1.7459524,-2.3207142,1.1617708,-4.597743,-0.04368538
26.4,27,-0.241967693,.1451546129359492,-0.526465507,0.04253012,-0.048694498,.1765898693258415,-0.394804282,0.297415286,-0.016230191,.1377571502266231,-0.286229244,.2537688618491534,0.13809577,0.69309139,-1.2203383,1.4965299,-1.9891828,0.99580312,-3.9409211,-0.037444595
26.5,27,-0.201639616,.1209621005407157,-0.438720977,0.035441744,-0.040578722,.1471581308777164,-0.329003359,.2478459143256269,-0.013525151,.1147975522027336,-0.238524219,.2114739170898559,0.11507973,0.5775758,-1.016948,1.2471075,-1.6576513,0.82983536,-3.2840986,-0.031203808
26.6,27,-0.161311539,0.096769588,-0.350976447,0.028353369,-0.032462947,.1177263924295912,-0.263202436,.1982765423693927,-0.01082011,0.091837954,-0.190819193,.1691789723299846,0.092063695,0.46206018,-0.81355762,0.99768502,-1.3261198,0.66386765,-2.6272764,-0.024963023
26.7,27,-0.120983462,0.072577076,-0.263231917,0.021264993,-0.024347171,0.088294654,-0.197401513,.1487071704125525,-0.00811507,0.068878356,-0.143114167,.1268840275705526,0.069047667,0.34654459,-0.61016726,0.74826258,-0.99458826,0.49789995,-1.9704542,-0.018722238
26.8,27,-0.080656154,0.048385025,-0.17548906,0.014176752,-0.016231551,0.058863477,-0.131601846,0.099138744,-0.005410081,0.045919196,-0.095410051,0.08458989,0.046032067,0.23103119,-0.40678075,0.49884489,-0.66306305,0.33193541,-1.3136445,-0.012481571
26.9,27,-0.040328077,0.024192512,-0.08774453,0.007088376,-0.008115775,0.029431738,-0.065800923,0.049569372,-0.00270504,0.022959598,-0.047705026,0.042294945,0.023016034,0.1155156,-0.20339037,0.24942245,-0.33153152,0.1659677,-0.65682226,-0.006240786
27,27,0,0,0,0,0,0,0,0,0,0,0,0,0,0,0,0,0,0,0,0
27.1,27,0.040314789,0.024190873,-0.007098452,0.087728029,0.008112885,0.029429856,-0.049568573,0.065794342,0.002702773,0.022957727,-0.042293545,0.047699092,-0.023018353,0.11550862,-0.24941109,0.20337439,0.33149737,0.16596034,0.006221068,0.65677363
27.2,27,0.080549846,0.048371919,-0.014257372,.1753570645147526,0.016208425,0.05884842,-0.099132358,.1315492085450409,0.005391944,0.045904235,-0.084578703,0.095362591,-0.046050616,0.23097539,-0.49875405,0.40665281,0.66278976,0.33187649,0.012323824,1.3132557
27.3,27,0.120624673,0.072532881,-0.021537163,.2627865079255869,0.024269123,0.088243858,-0.14868566,.1972239057057209,0.008053859,0.068827884,-0.126846314,.1429540316736817,-0.069110259,0.34635627,-0.7479561,0.60973555,0.99366593,0.49770105,0.018189797,1.9691421
27.4,27,.1604610756195678,0.096664961,-0.028998766,.3499209171927029,0.032277943,.1176060577307037,-0.198225694,.2627815808346298,0.010675017,0.091718387,-0.169089717,.1904397514954791,-0.092212081,0.46161395,-0.99695879,0.81253463,1.3239335,0.66339624,0.023700796,2.6241663
27.5,27,.1999785548173339,.1207580758279088,-0.036702925,0.436660034,0.040217387,.1469232823216615,-0.247746955,.3281817291167499,0.013241766,.1145642000700897,-0.21129994,.2377834718371976,-0.11536954,0.57670456,-1.2456896,1.0149506,1.6533813,0.82891482,0.02873815,3.2780244
27.6,27,.2390973789981431,.1448027470536794,-0.04471079,0.522905548,0.048070111,.1761844319275739,-0.29724503,.3933852519914385,0.015740502,.1373542951218227,-0.25346897,.2849499735134799,-0.13859655,0.69158655,-1.4940813,1.2168882,1.9818043,0.99421275,0.033183154,3.9304254
27.7,27,.2777378181486736,.1687896702538532,-0.053083857,.6085594928086175,0.05581877,0.205378504,-0.346715702,.4583532415360836,0.018157623,.1600777390147277,-0.29558898,.3319042265556919,-0.16190703,0.80621862,-1.7420665,1.4182523,2.3089976,1.1592461,0.036916897,4.5810781
27.8,27,.3158193707843513,.1927092911215603,-0.061883899,.6935226408688538,0.063445866,.2344940523448447,-0.396154032,.5230457627998343,0.020479476,.1827232770649854,-0.337651566,.3786105178862595,-0.18531445,0.92055738,-1.9895737,1.6189449,2.6347497,1.3239681,0.03982012,5.2296791
27.9,27,.3532638469631572,.2165536883405958,-0.071173583,.7777012768300364,0.070934364,.2635214508608776,-0.445558189,.5874269167081703,0.02269256,.2052811054499424,-0.379651013,0.425036134,-0.20883359,1.0345664,-2.2365465,1.8188792,2.9588685,1.4883411,0.041773632,5.8759637
28,27,.3899907420322943,.2403138411586179,-0.081015732,.8609972156896646,0.078266765,.2924495473193112,-0.494923815,.6514573448863831,0.024783222,.2277402630392286,-0.421579492,.4711459351988604,-0.23247792,1.1482028,-2.482914,2.0179582,3.2811427,1.6523187,0.042657562,6.519628
28.1,27,.4259203276615594,.2639815149758925,-0.091473934,.9433145895986295,0.085425725,.3212679304132171,-0.544247848,0.715099298,0.026737859,.2500904063855321,-0.463430331,.5169060481001533,-0.25626138,1.2614263,-2.7286115,2.2160888,3.6013675,1.8158576,0.042351801,7.1603832
28.2,27,.4609728731445817,0.287548838,-0.102612493,1.024558239093248,0.0923939,.3499663888846279,-0.593527618,0.778315418,0.028542868,0.272321392,-0.505197253,.5622829898182351,-0.28019783,1.3741969,-2.9735742,2.4131787,3.9193375,1.9789147,0.040735833,7.7979393
28.3,27,0.495067884,.3110078800739742,-0.11449636,1.104632127978431,0.099153793,.3785343733996375,-0.642759945,.8410675321579452,0.030184598,.2944228645667306,-0.546873613,.6072428085106494,-0.30430079,1.4864728,-3.2177341,2.6091325,4.2348418,2.141444,0.037688572,8.4319954
28.4,27,.5281271548205476,.3343525377003749,-0.127191777,1.183446086852853,.1056883665522321,.4069632609222458,-0.691944968,.9033217009908103,0.031649545,.3163860237222731,-0.588455666,.6517547569452564,-0.32858503,1.5982194,-3.4610376,2.8038676,4.547688,2.3034093,0.033088773,9.0622873
28.5,27,.5600701940425078,0.357575812,-0.140765518,1.260905906345923,.1119801230025489,.4352430159379848,-0.741080513,.9650407587635915,0.032924058,.3382010314755254,-0.629937783,.6957858995645992,-0.353064,1.7093958,-3.7034183,2.9972901,4.8576646,2.4647648,0.026814329,9.6885147
28.6,27,.5908172671245204,.3806716916693144,-0.155285538,1.336920072730313,.1180117178470299,.4633644547881987,-0.790165925,1.026189360947937,0.033994534,.3598587816640856,-0.671315718,.7393047855046719,-0.37775165,1.8199637,-3.9448149,3.1893115,5.164567,2.6254687,0.018742638,10.310391
28.7,27,.6202886425681595,.4036347428469227,-0.170820916,1.411398201457214,.1237658068867274,.4913187112707952,-0.839201172,1.086732785908119,0.034847369,.3813504908460401,-0.712585858,.7822805969625169,-0.40266186,1.9298855,-4.1851678,3.3798442,5.4681902,2.7854795,0.008750475,10.927629
28.8,27,.6484038450266898,.4264596916941831,-0.187441792,1.484249481605344,.1292248966406863,.5190967040748312,-0.888185948,1.146635741120802,0.035468915,.4026672908246999,-0.753744473,.8246823027486243,-0.42780811,2.0391221,-4.4244142,3.5687978,5.7683225,2.9447525,-0.003286151,11.539931
28.9,27,.6750846370347485,.4491433072956694,-0.205220069,1.555389343231466,.1343719428523561,.5466913946475821,-0.937123501,1.205867387,0.035845664,.4238019947436968,-0.794790983,0.86648231,-0.45320523,2.1476417,-4.6625056,3.7560949,6.0647717,3.1032526,-0.017491711,12.147036
29,27,.7002505432456007,.4716816997675335,-0.2242286,1.624729686956601,.1391894520407818,.5740944667546908,-0.986015027,1.264393930603703,0.035963966,.4447465194716967,-0.835723195,.9076511260221154,-0.47886661,2.2554059,-4.8993812,3.9416478,6.357327,3.260937,-0.033991713,12.748646
29.1,27,.7238218638430495,.4940722070179092,-0.244541868,1.692185595360369,.1436600868989328,.6012985904854568,-1.034863494,1.322183668205127,0.035810224,.4654936584462602,-0.876540582,.9481610292489693,-0.50480622,2.3623803,-5.1349864,4.1253743,6.6457834,3.4177647,-0.052912373,13.344479
29.2,27,.7457187659455348,.5163129712531348,-0.266236062,1.757673594352543,.1477664811737259,.6282968723501716,-1.08367276,1.379205722579222,0.035370818,.4860366582958858,-0.917243527,.9879851633777719,-0.53103799,2.4685304,-5.3692689,4.3071928,6.929935,3.5736964,-0.074381009,13.934251
29.3,27,.7658608819259013,.5384025701637852,-0.289388765,1.821110529,0.151491165,.6550823731357021,-1.132446693,1.435429023,0.034632117,.5063688631465674,-0.957832618,1.027096851669268,-0.55757529,2.5738211,-5.6021719,4.4870214,7.2095718,3.7286897,-0.098525628,14.517669
29.4,27,.7841698982814358,.5603418611811004,-0.314079969,1.882419765226535,.1548170770307779,0.681650318,-1.181192996,1.490827150422739,0.033580601,.5264854351288342,-0.99831189,1.065473092149568,-0.58443302,2.6782238,-5.8336554,4.6647892,7.4845004,3.8827121,-0.1254753,15.094477
29.5,27,.8005654220391994,.5821313262264812,-0.340391012,1.941521856,.1577267422539147,.7079948282329442,-1.229917622,1.545371106831107,0.032202634,.5463808304758111,-1.038684116,1.103089383445228,-0.6116246,2.7817056,-6.0636673,4.8404183,7.7545104,4.0357223,-0.15536015,15.664381
29.6,27,.8149676773456453,0.603772931,-0.368405523,1.998340877695385,.1602028066385033,.7341111484082647,-1.278628605,1.599034218168041,0.030484606,.5660505381950385,-1.078954063,1.139923274033152,-0.63916397,2.8842356,-6.2921619,5.013834,8.0193958,4.1876831,-0.18831155,16.227104
29.7,27,.8272968756743342,.6252697397479303,-0.398209295,2.052803046,.1622279135801445,.7599951394626193,-1.327335188,1.651791015352374,0.028412904,.5854907013634951,-1.119127784,1.175953592,-0.66706496,2.9857845,-6.5190954,5.1849651,8.2789536,4.3385568,-0.22446208,16.782368
29.8,27,.8374726113794355,.6466255279547162,-0.429890135,2.104835357654877,.1637845847601017,.7856427758939982,-1.376046961,1.703616130226411,0.025973891,.6046977435232315,-1.159211907,1.211159690207102,-0.69534117,3.0863221,-6.7444215,5.3537393,8.5329695,4.4883046,-0.26394549,17.329885
29.9,27,.8454166089769111,.6678466484929858,-0.463538769,2.154371987218944,.1648557676515234,.8110523805676397,-1.424777688,1.754489223139571,0.023154054,.6236701161357282,-1.199216912,1.245525019594744,-0.72400731,3.1858258,-6.968111,5.5200968,8.7812538,4.6368966,-0.30689672,17.869404
30,27,.8510484628209309,.6889393744675133,-0.499247899,2.201344824,.1654239839356726,.8362213505397269,-1.473539746,1.804387714096981,0.019939753,.6424057718037601,-1.239152423,1.279031929566749,-0.75307679,3.2842677,-7.1901231,5.6839695,9.0235949,4.7842956,-0.35345227,18.40064
30.1,27,.8542884097308394,.7099117676453645,-0.537113087,2.245689906516921,.1654718825216843,.8611483989426998,-1.522347965,1.853291729793706,0.016317382,.6609039200350351,-1.279030498,1.311665262808407,-0.78256369,3.3816235,-7.4104238,5.8452964,9.2597866,4.9304662,-0.40375009,18.923323
30.2,27,.8550565851428464,.7307732861988893,-0.577232737,2.287345907,.1649820902645578,.8858330414327437,-1.571218767,1.901182947788312,0.012273315,0.679164645,-1.318864929,1.343411559567014,-0.81248176,3.4778702,-7.6289821,6.0040183,9.489624,5.075376,-0.45792994,19.437178
30.3,27,.8532727354858233,.7515344287076361,-0.619707678,2.326253148894675,.1639371619267593,.9102751376785038,-1.620169324,1.948043647798865,0.00779394,.6971885800752577,-1.358670567,1.374258447577535,-0.84284455,3.5729845,-7.8457651,6.1600761,9.7128973,5.2189889,-0.51613271,19.941927
30.4,27,.8488583571636801,.7722085427342779,-0.664642575,2.362359289477023,.1623199953596332,.9344770582371237,-1.669221383,1.993861373883334,0.002865705,.7149785883054879,-1.398466578,1.404197987602577,-0.87366688,3.6669507,-8.0607576,6.3134241,9.9294128,5.361279,-0.5785014,20.437326
30.5,27,.8417332979884214,.7928092460864564,-0.712144271,2.395610866928228,.1601131673797804,.9584405234925065,-1.71839574,2.038622074748808,-0.002524986,.7325373537296294,-1.438271816,1.433221844999838,-0.90496212,3.7597489,-8.2739344,6.4640102,10.13896,5.5022135,-0.64518034,20.9231
30.6,27,.8318176680504741,.8133522223855919,-0.762323395,2.425958730671847,0.157299299,.9821687507215358,-1.767716079,2.082314677483575,-0.008391761,.7498690451208165,-1.478108082,1.461324560815679,-0.93674421,3.8513627,-8.4852762,6.6117878,10.341333,5.6417618,-0.71631634,21.398983
30.7,27,.8190315267486984,.8338548581970741,-0.815293964,2.453357017148717,.1538610015206909,1.005665998075901,-1.817208135,2.124930138225984,-0.014748259,.7669789943975889,-1.517999465,1.488502947,-0.96902716,3.9417777,-8.6947699,6.7567153,10.536328,5.7798953,-0.79205817,21.864714
30.8,27,.8032947725866657,.8543358849594671,-0.871172793,2.477762337807376,.1497808617995209,1.028937128747017,-1.866898853,2.166460576499726,-0.021608066,.7838733949313279,-1.557971688,1.514755556788923,-1.0018244,4.0309796,-8.9023991,6.8987508,10.723734,5.9165831,-0.87255603,22.320023
30.9,27,.7845288512767193,.8748171448555297,-0.930081246,2.499138948251717,.1450417669894339,1.051989734679609,-1.916820225,2.206903759067315,-0.028984743,.8005609449585864,-1.598055362,1.540085876895779,-1.0351505,4.1189623,-9.1081686,7.0378675,10.903357,6.051805,-0.95796293,22.764675
31,27,.7626535599392972,.8953210232173325,-0.9921434,2.517450520046818,.1396262828799633,1.074831010102792,-1.967003786,2.246256352148242,-0.036891893,.8170504732186754,-1.638281394,1.564497608,-1.0690193,4.2057157,-9.3120708,7.1740322,11.074986,6.1855321,-1.0484338,23.198406
31.1,27,0.737589009,.9158722283507738,-1.057487573,2.532665590672786,0.133517031,1.097469908428131,-2.017484464,2.284518525448182,-0.045343146,.8333526159700431,-1.67868426,1.587997967617603,-1.1034445,4.291234,-9.5141087,7.30722,11.238418,6.3177404,-1.1441262,23.620962
31.2,27,.7092556623847015,.9364974161933753,-1.126245545,2.544756869738534,0.126696709,1.119916721345937,-2.06829973,2.321693148840424,-0.054352071,.8494795307995859,-1.719301357,1.610597214688389,-1.13844,4.375514,-9.7142897,7.4374099,11.393447,6.4484076,-1.2451998,24.032093
31.3,27,0.677572254,0.957224733,-1.198553748,2.553698255782465,0.119147653,1.142182461811792,-2.119488836,2.357784141542383,-0.063932453,.8654444200147802,-1.760172347,1.632307440431446,-1.1740193,4.4585524,-9.9126215,7.5645828,11.539859,6.5775075,-1.3518188,24.431538
31.4,27,.6424616476763052,.9780856875576438,-1.274551074,2.559474369083383,0.110853056,1.164281367159186,-2.171096491,2.392802603797108,-0.074097611,.8812635419160934,-1.801342414,1.653147191677351,-1.2101973,4.5403562,-10.109132,7.6887374,11.677465,6.7050276,-1.4641466,24.819078
31.5,27,.6038428810711849,.9991124122761171,-1.354381463,2.562067225639308,.1017953207299461,1.186227352924901,-2.223167568,2.426758209939035,-0.084861278,.8969534303714514,-1.842857698,1.673135141129229,-1.2469872,4.6209278,-10.30384,7.809865,11.806054,6.8309455,-1.5823524,25.194462
31.6,27,.5616362667377892,1.020339497340239,-1.4381924,2.561464933528359,0.091957111,1.208036448461498,-2.27575082,2.459665042371617,-0.096237049,.9125328395247925,-1.884768549,1.692294451227809,-1.2844032,4.7002749,-10.496773,7.9279666,11.92542,6.9552441,-1.7066072,25.557447
31.7,27,.5157619147665451,1.041803522803129,-1.526135469,2.557659298,0.08132105,1.229726236938538,-2.328898086,2.491540184815392,-0.108238553,.9280223198623061,-1.927128877,1.710651770587043,-1.3224591,4.778409,-10.687968,8.0430508,12.035357,7.0779076,-1.8370862,25.907801
31.8,27,0.466139166,1.063542622,-1.618366069,2.550644401155611,0.069869602,1.251315383758902,-2.382663484,2.522402687333687,-0.120879472,.9434438792027448,-1.969995497,1.728236552545867,-1.3611684,4.8553414,-10.877462,8.1551256,12.135654,7.1989188,-1.9739673,26.245277
31.9,27,0.412690379,1.085598154966781,-1.715042907,2.540423664178087,0.057585854,1.272825898836047,-2.437107067,2.552278773875678,-0.134173211,.9588227487981273,-2.013431266,1.745084844114508,-1.4005458,4.9310946,-11.065314,8.2642221,12.226121,7.3182731,-2.1174307,26.569672
32,27,.3553348937817111,1.108012095778561,-1.816328908,2.526998695942436,0.044452271,1.294279827408019,-2.492289576,2.581194118859888,-0.148133451,.9741848324109174,-2.057500637,1.761233735,-1.4406048,5.0056882,-11.251574,8.3703632,12.306544,7.435956,-2.2676618,26.880751
32.1,27,.2939919506319293,1.130828284507609,-1.92239076,2.510374660966057,0.030451299,1.315700977172761,-2.54827523,2.609177829,-0.162773891,.9895580589515286,-2.102272047,1.776724264995018,-1.481359,5.0791445,-11.436298,8.4735804,12.376714,7.5519567,-2.42485,27.178276
32.2,27,.2285844738990916,1.154093994395771,-2.03339819,2.490567137688774,0.015566134,1.337117129207837,-2.605135282,2.636267550232149,-0.178107919,1.004974084176669,-2.147820929,1.791605091285283,-1.5228235,5.1514988,-11.619576,8.5739288,12.436442,7.6662784,-2.5891867,27.462072
32.3,27,.1590288885984525,1.177855319885569,-2.149525117,2.467582894573073,-0.000221355,1.358554097916808,-2.662938458,2.662495747666195,-0.194149475,1.020463734600411,-2.194221642,1.805922693,-1.5650104,5.2227769,-11.801465,8.6714439,12.4855,7.7789035,-2.7608707,27.731871
32.4,27,0.085249598,1.202163206459787,-2.27094699,2.441446186394786,-0.016927663,1.380043917619585,-2.721764039,2.687908712597313,-0.210911774,1.036063280637848,-2.24155849,1.819734941725789,-1.6079355,5.2930236,-11.982071,8.7662001,12.523708,7.8898435,-2.9401009,27.987518
32.5,27,0.00716323,1.227066874,-2.397843649,2.412170110239233,-0.034570875,1.401616185850105,-2.78168812,2.712546369068817,-0.228408722,1.051807798760298,-2.289914126,1.833096682,-1.6516109,5.3622732,-12.161473,8.8582516,12.550837,7.9990864,-3.1270847,28.228758
32.6,27,-0.075308363,1.252619335261196,-2.530397147,2.37978042,-0.053168017,1.423305607183041,-2.842795746,2.736459711837976,-0.24665381,1.067736914930953,-2.339379708,1.846072088113615,-1.6960514,5.4305768,-12.339787,8.9476833,12.566691,8.1066408,-3.3220325,28.455416
32.7,27,-0.162243129,1.278874794718896,-2.668791668,2.344305409181925,-0.07273607,1.445148782846242,-2.905175636,2.759703497,-0.265660496,1.083892322306134,-2.390050411,1.858729419,-1.7412717,5.4979897,-12.517134,9.0345907,12.571082,8.2125187,-3.5251582,28.667322
32.8,27,-0.253724845,1.305886276,-2.813214914,2.305765224,-0.093293207,1.467181078486839,-2.968915279,2.782328866102552,-0.285442754,1.100315393,-2.442021296,1.871135787550876,-1.7872841,5.5645604,-12.693622,9.1190538,12.563775,8.3167143,-3.7366853,28.864235
32.9,27,-0.349828701,1.333710727347829,-2.963853693,2.264196290002132,-0.114855835,1.489443989900041,-3.034112412,2.804400742372765,-0.30601373,1.117052688398674,-2.495396769,1.883369307667548,-1.8341042,5.6303592,-12.869406,9.2011976,12.544596,8.4192524,-3.9568365,29.046028
33,27,-0.450638476,1.362402945633349,-3.120899182,2.219622229401831,-0.137442129,1.511976715269514,-3.100862036,2.825977778707364,-0.3273874,1.134149568016494,-2.550279706,1.895504906688859,-1.8817441,5.6954455,-13.044612,9.2811241,12.51331,8.520134,-4.1858459,29.212465
33.1,27,-0.556231913,1.392020553107524,-3.284542063,2.172078236489453,-0.161069025,1.534823434502293,-3.169267679,2.847129629390336,-0.349577184,1.151655588463798,-2.60678066,1.907626291528747,-1.9302188,5.7598963,-13.219408,9.3589706,12.469728,8.619381,-4.4239497,29.363405
33.2,27,-0.666687364,1.422621610961031,-3.454974485,2.121599757586238,-0.185753592,1.558030102328617,-3.23943648,2.867929294970417,-0.372596611,1.169622017702294,-2.665013641,1.919820419135585,-1.9795427,5.8237944,-13.39397,9.434885,12.413655,8.717021,-4.671391,29.498701
33.3,27,-0.782088605,1.454262358798605,-3.632390452,2.068213242540956,-0.211514006,1.581641459772908,-3.311474303,2.888446291970327,-0.396459654,1.188099563313185,-2.725092008,1.932172700194452,-2.0297287,5.8872166,-13.568461,9.5090046,12.34486,8.8130617,-4.9284234,29.618145
33.4,27,-0.902510423,1.487001778710218,-3.816980354,2.011959508655163,-0.238366583,1.605707968567886,-3.385496371,2.908763205175128,-0.42117939,1.207143377248835,-2.787136934,1.944778153,-2.0807915,5.950263,-13.743093,9.5815096,12.263168,8.9075451,-5.1952991,29.721636
33.5,27,-1.028036595,1.520896192107319,-4.008938355,1.952865166115841,-0.266329498,1.630277763,-3.461615198,2.928956201014046,-0.446769795,1.226807070264664,-2.851267468,1.957727879,-2.1327436,6.0130219,-13.91805,9.6525631,12.168346,9.0004864,-5.4722838,29.808975
33.6,27,-1.158745067,1.556003693166431,-4.208456265,1.890966131427835,-0.295419733,1.655403484353268,-3.539950942,2.949111475951512,-0.473244324,1.247147596972091,-2.917608697,1.971120049538707,-2.1856,6.0756021,-14.093561,9.7223606,12.060203,9.0919275,-5.7596478,29.880053
33.7,27,-1.294715002,1.592382060019374,-4.415726489,1.826296485062147,-0.325654533,1.681139196119467,-3.62062681,2.969317744689185,-0.500616643,1.268222889262407,-2.98628783,1.985054544167163,-2.2393756,6.1381173,-14.269865,9.7911139,11.938541,9.1819096,-6.0576706,29.934753
33.8,27,-1.436028556,1.630086386472697,-4.630939165,1.758882053274511,-0.357051718,1.707537478885209,-3.703763679,2.989660242640352,-0.52890045,1.290089631811535,-3.057429665,1.999628765317581,-2.2940824,6.2006779,-14.447187,9.8590231,11.803136,9.270463,-6.3666382,29.97291
33.9,27,-1.58276173,1.669173680194634,-4.854282027,1.688758567,-0.389627873,1.734655881103502,-3.789490925,3.010235179656984,-0.558109029,1.312807791143715,-3.131165018,2.014946960367888,-2.3497357,6.2634153,-14.625805,9.9263325,11.653808,9.357646,-6.6868424,29.994457
34,27,-1.734997492,1.709697666845193,-5.085943343,1.615948359831469,-0.423400994,1.762549346081782,-3.877934234,3.031132244802149,-0.588256216,1.336435096810141,-3.207620874,2.031108441183005,-2.4063482,6.3264537,-14.805969,9.9932728,11.490325,9.4434958,-7.0185871,29.999237
34.1,27,-1.892814597,1.751713104497443,-5.326109193,1.540479998645934,-0.45838824,1.791276553332728,-3.969225771,3.052449290523337,-0.619355607,1.361031437217994,-3.286928206,2.048216991288188,-2.4639342,6.3899341,-14.987974,10.060106,11.312494,9.5280724,-7.3621845,29.987173
34.2,27,-2.056290993,1.795273557129247,-5.574962508,1.462380520895402,-0.494606591,1.820896915544505,-4.063498965,3.074285782698665,-0.65142066,1.386656563071352,-3.369217582,2.066376262687127,-2.5225089,6.4540057,-15.172128,10.12711,11.120125,9.6114416,-7.7179537,29.958204
34.3,27,-2.225510863,1.840429939462497,-5.832687261,1.381665534317514,-0.53207431,1.851467915763076,-4.160884743,3.096736123537619,-0.684465417,1.413368212,-3.45461621,2.085685376411263,-2.5820844,6.5188131,-15.358724,10.194554,10.912983,9.6936531,-8.0862284,29.912195
34.4,27,-2.400548586,1.887233766277445,-6.099458799,1.298361626088248,-0.570807626,1.883050873563384,-4.261519519,3.119904267021511,-0.718502887,1.441225853275848,-3.543253653,2.106247879314639,-2.6426761,6.5845232,-15.548104,10.262752,10.690894,9.7747898,-8.4673424,29.849129
34.5,27,-2.581487535,1.935733427953096,-6.375455338,1.212480267389173,-0.610824626,1.915704083643745,-4.365535635,3.143886382602288,-0.753546974,1.470286046094585,-3.635254672,2.128160723,-2.7042964,6.6512938,-15.740593,10.332,10.453626,9.8549118,-8.8616467,29.768898
34.6,27,-2.768406467,1.985977705415732,-6.660851243,1.124038310025012,-0.652142468,1.949488557978002,-4.47306983,3.168784894,-0.789611276,1.500606218476496,-3.730745419,2.151522867509104,-2.7669599,6.7193017,-15.936549,10.402629,10.200986,9.9341049,-9.2695017,29.671474
34.7,27,-2.961383327,2.038013858098558,-6.955817089,1.033050435,-0.694778131,1.984465180413057,-4.584258413,3.194702151,-0.826709248,1.532242604853002,-3.829849569,2.176431073401549,-2.8306816,6.7887292,-16.136347,10.474983,9.9327822,10.012459,-9.6912775,29.556841
34.8,27,-3.1605023,2.091886537394963,-7.260524573,.9395199735352517,-0.738749879,2.020692338925985,-4.699234087,3.221734329580785,-0.864854934,1.565248742741639,-3.932686097,2.202976228642031,-2.8954737,6.8597546,-16.340345,10.549398,9.6487799,10.090052,-10.127358,29.424919
34.9,27,-3.365837358,2.147640357961589,-7.575135112,.8434603949637558,-0.784073853,2.058230975310963,-4.818132436,3.249984730832254,-0.904061273,1.599678531426417,-4.039373582,2.231251034965043,-2.9613514,6.9325767,-16.548952,10.626249,9.3488073,10.166991,-10.57813,29.275745
35,27,-3.577473093,2.205317385563741,-7.899815743,.7448695576483244,-0.830768404,2.097138686596419,-4.9410847,3.279547892461736,-0.944342379,1.635582693606753,-4.150025552,2.261340794315257,-3.0283275,7.0073853,-16.76255,10.705895,9.03263,10.243367,-11.044002,29.109261
35.1,27,-3.795487853,2.264959529445748,-8.234726958,.6437512506770742,-0.878850601,2.137474617678224,-5.06822387,3.310522667267558,-0.985711777,1.673011696115851,-4.264754447,2.293330893458032,-3.0964162,7.0843863,-16.981558,10.788726,8.7000542,10.319293,-11.525389,28.925497
35.2,27,-4.019957965,2.326606938,-8.580023769,.5401078386343885,-0.928337073,2.179296845457095,-5.199680402,3.343006255898713,-1.028182647,1.712014008,-4.383668443,2.327303148653312,-3.1656325,7.1637912,-17.206406,10.87514,8.350893,10.394888,-12.022714,28.724499
35.3,27,-4.250969233,2.390298098965011,-8.935867419,.4339289535679978,-0.979246434,2.222660771722649,-5.335581496,3.377088629,-1.071769311,1.752635492738894,-4.506871755,2.363333132924538,-3.2359889,7.2458043,-17.437504,10.965527,7.9849076,10.470261,-12.536426,28.506241
35.4,27,-4.488593198,2.456070402,-9.302402729,0.325216334,-1.031594297,2.267622807868665,-5.476053331,3.412864736743327,-1.116484291,1.794921053022861,-4.63446491,2.401496327589528,-3.3075001,7.3306489,-17.675308,11.060308,7.601933,10.545549,-13.066963,28.270828
35.5,27,-4.732920532,2.523960955,-9.679793102,.2139520387957203,-1.085400337,2.314236680804787,-5.621220883,3.450420209448506,-1.162342739,1.838913539600439,-4.766547048,2.441861568909944,-3.3801799,7.4185371,-17.920246,11.159886,7.2017174,10.620873,-13.614812,28.018246
35.6,27,-4.984024314,2.594004369861313,-10.06817945,.1001308263503091,-1.140680474,2.362555617766107,-5.771204397,3.489843447837926,-1.209357282,1.884653709266316,-4.903210675,2.484496111740524,-3.4540417,7.5096951,-18.172773,11.264689,6.7840819,10.69638,-14.180438,27.748602
35.7,27,-5.241980058,2.666234543165423,-10.46770374,-0.01625638,-1.197451162,2.412631583685986,-5.926122174,3.531219849757774,-1.257540961,1.932180630382598,-5.044545408,2.529463486554262,-3.5291004,7.6043491,-18.433352,11.37515,6.3488412,10.772222,-14.764324,27.462008
35.8,27,-5.506877625,2.740685321657259,-10.87852215,-0.135233101,-1.255731897,2.46451437,-6.086091302,3.574627507397949,-1.306908788,1.981531771841215,-5.190639695,2.576822118895342,-3.6053689,7.7027192,-18.702421,11.491684,5.8957472,10.848536,-15.366994,27.158489
35.9,27,-5.778786932,2.817388072339451,-11.30076608,-0.25680778,-1.31553794,2.518253155,-6.251223427,3.620147547027705,-1.357473011,2.032742436132517,-5.341574976,2.626628953310271,-3.682862,7.8050385,-18.980455,11.614732,5.4246373,10.925499,-15.988947,26.838223
36,27,-6.05779622,2.896374497889846,-11.73458592,-0.381006518,-1.376888434,2.573894664,-6.421629275,3.667852406326313,-1.409248366,2.085846532327635,-5.497432446,2.678935714965798,-3.7615926,7.9115272,-19.2679,11.744716,4.9352674,11.003261,-16.630728,26.501263
36.1,27,-6.343981811,2.977674873,-12.18011732,-0.507846302,-1.439800009,2.631484962847772,-6.597415762,3.717815744289715,-1.462248032,2.140876318974537,-5.658288512,2.733792448972905,-3.8415754,8.0224142,-19.565218,11.882068,4.4274502,11.082003,-17.292875,26.147776
36.2,27,-6.637417597,3.061318035913341,-12.63749069,-0.637344501,-1.504288762,2.691068106889857,-6.778685331,3.770107807770614,-1.516484774,2.197862026062795,-5.824215188,2.791245639655866,-3.9228241,8.137928,-19.872869,12.027221,3.9010036,11.161909,-17.975935,25.777943
36.3,27,-6.938194249,3.147333981,-13.1068555,-0.769532998,-1.570374367,2.752686690948573,-6.965541142,3.824792407830637,-1.571973745,2.256833429370954,-5.995285985,2.851338495962138,-4.0053525,8.2582846,-20.191294,12.180589,3.3556778,11.243154,-18.680498,25.391855
36.4,27,-7.246380875,3.235749633903122,-13.58833362,-0.90442813,-1.638071909,2.816381692139015,-7.158078592,3.881934774777462,-1.628727051,2.317817627690184,-6.171566124,2.914112021854857,-4.0891752,8.3837109,-20.520947,12.342596,2.7913125,11.325942,-19.407125,24.98975
36.5,27,-7.562066525,3.326593385543766,-14.08206975,-1.042063298,-1.707400707,2.882192538781826,-7.356394279,3.941592865610712,-1.686759567,2.380841570703391,-6.353123299,2.979604163978934,-4.174305,8.5144186,-20.862257,12.513648,2.2076614,11.41046,-20.156429,24.571751
36.6,27,-7.885326712,3.419891775914329,-14.58819142,-1.182462,-1.778377214,2.950157352561755,-7.560579374,4.003824945907857,-1.746084336,2.445930322930737,-6.540019677,3.047851006,-4.260756,8.6506224,-21.215664,12.694152,1.6045388,11.496918,-20.929007,24.138084
36.7,27,-8.216236137,3.515670536945753,-15.10682377,-1.325648503,-1.851017704,3.020312551404905,-7.770721527,4.068686118373866,-1.80671426,2.513107592330039,-6.73231463,3.118886110267951,-4.3485427,8.7925329,-21.581591,12.884504,0.98176169,11.585533,-21.725466,23.68899
36.8,27,-8.554885473,3.613956988313669,-15.63811101,-1.471659934,-1.925341853,3.092693673116653,-7.986910067,4.136226361872393,-1.86866449,2.582397413555908,-6.930070415,3.192741433989576,-4.4376788,8.9403505,-21.960443,13.085086,0.33907944,11.676511,-22.546461,23.224621
36.9,27,-8.901342204,3.714774757354596,-16.18216694,-1.620517469,-2.001364389,3.167333850228775,-8.209224662,4.206495884476505,-1.931946859,2.653820716293932,-7.133339884,3.269446166,-4.5281782,9.0942755,-22.352631,13.296274,-0.32366404,11.770082,-23.392601,22.745274
37,27,-9.255697815,3.818150605252193,-16.73913549,-1.772260141,-2.079105164,3.244266231995503,-8.437750135,4.279539807142556,-1.996576655,2.727399983,-7.342182394,3.349029084,-4.6200547,9.2544985,-22.758539,13.518429,-1.0067213,11.866465,-24.264565,22.251122
37.1,27,-9.617947522,3.924088510563189,-17.30901967,-1.926875369,-2.158563162,3.323507986945673,-8.672519119,4.355392795,-2.062553221,2.803140911193556,-7.55660845,3.431502008840895,-4.7133088,9.4211836,-23.178488,13.751871,-1.7100712,11.965898,-25.1628,21.742659
37.2,27,-9.98776455,4.032509485728299,-17.89133791,-2.08419119,-2.239667324,3.405016365884425,-8.913376768,4.434042120099754,-2.129820967,2.880988391547684,-7.776454454,3.516812520312521,-4.8078837,9.5943871,-23.612535,13.996768,-2.4328654,12.068641,-26.086966,21.221235
37.3,27,-10.36476429,4.143314563854324,-18.48551161,-2.244016964,-2.322333934,3.488729856470129,-9.160118804,4.515450936622022,-2.198313958,2.960870656969937,-8.001513809,3.604885892,-4.9037108,9.774107,-24.060608,14.253186,-3.1741321,12.174917,-27.036531,20.688267
37.4,27,-10.74853488,4.256396449195573,-19.09091862,-2.406151133,-2.406473451,3.574577733695421,-9.412517069,4.599570167446977,-2.267962249,3.042707629021012,-8.231559617,3.695635119,-5.0007205,9.960309,-24.522568,14.521126,-3.9327955,12.284948,-28.010853,20.145262
37.5,27,-11.13869009,4.371648991381763,-19.70696467,-2.570415513,-2.492001805,3.662485406,-9.670341296,4.686337685214823,-2.338699627,3.126418174408514,-8.466366649,3.788967395446105,-5.0988431,10.152921,-24.998203,14.800516,-4.70788,12.398911,-29.009298,19.593538
37.6,27,-11.53482609,4.488960341326467,-20.33302669,-2.736625497,-2.578831177,3.752371305113954,-9.933343792,4.775681437,-2.410457357,3.211915256028898,-8.70569558,3.884780866267922,-5.198009,10.351842,-25.487247,15.091229,-5.4983392,12.516968,-30.031145,19.034466
37.7,27,-11.93653582,4.608215262706796,-20.96847177,-2.904599875,-2.666873041,3.844148176464773,-10.20126502,4.867518936186395,-2.48316615,3.299107866814792,-8.94929875,3.982966450261398,-5.2981486,10.556939,-25.989368,15.393072,-6.3031178,12.639255,-31.075602,18.469366
37.8,27,-12.34343466,4.729300702729658,-21.61269371,-3.074175613,-2.75604368,3.937727055586829,-10.47384689,4.961759529814582,-2.55676007,3.387905522274752,-9.196932877,4.083412736311288,-5.3991923,10.768052,-26.504187,15.705802,-7.121244,12.765867,-32.141884,17.899397
37.9,27,-12.75511076,4.852096681008555,-22.2650455,-3.245176014,-2.846253553,4.033012022,-10.75081187,5.058304758833154,-2.631169173,3.478211422112267,-9.448338291,4.185999944967337,-5.5010705,10.984994,-27.031263,16.029123,-7.951642,12.896893,-33.229088,17.325802
38,27,-13.17117788,4.976486359738368,-22.92491191,-3.417443842,-2.937418592,4.129906669945558,-11.03188692,5.157049740511632,-2.706327246,3.569930455315912,-9.703262365,4.290607874044884,-5.603714,11.207557,-27.570122,16.362694,-8.7933369,13.032371,-34.336315,16.749641
38.1,27,-13.59123219,5.102348433,-23.59165136,-3.590813026,-3.029450976,4.228309787642001,-11.31678588,5.257883923415456,-2.782165553,3.662963354506996,-9.961441805,4.397110698540247,-5.7070527,11.43551,-28.120241,16.706135,-9.6452808,13.17233,-35.462574,16.172012
38.2,27,-14.01486663,5.229559534603648,-24.26461497,-3.765118288,-3.122262178,4.328116879138373,-11.60521538,5.360691025505269,-2.858614806,3.757208732957917,-10.2226086,4.505378993088456,-5.8110175,11.668602,-28.681057,17.059021,-10.506419,13.316771,-36.606808,15.593971
38.3,27,-14.44169821,5.358000376089223,-24.94318597,-3.940210439,-3.215768837,4.429224752345402,-11.89688983,5.465352156967268,-2.935609346,3.852568048747645,-10.48650397,4.615285277559343,-5.9155393,11.906569,-29.251986,17.420908,-11.375785,13.465655,-37.767982,15.016415
38.4,27,-14.87131506,5.487545056677031,-25.62670574,-4.115924386,-3.30988141,4.531524424815707,-12.19150608,5.571743257584915,-3.013079228,3.948937190082357,-10.7528539,4.726695442231246,-6.0205474,12.149128,-29.832401,17.791306,-12.252302,13.618937,-38.944931,14.440326
38.5,27,-15.30332934,5.618071612,-26.31454736,-4.292111319,-3.404515476,4.634908449775481,-12.48876911,5.679738157114441,-3.090957962,4.046215064929678,-11.02139376,4.839477839076977,-6.1259732,12.395987,-30.421661,18.169714,-13.134991,13.776534,-40.136501,13.86652
38.6,27,-15.73733722,5.749454677,-27.00606132,-4.468613122,-3.499583215,4.739266222679014,-12.78837432,5.789207895029262,-3.169176814,4.144297632843121,-11.29185092,4.953497288,-6.2317467,12.646838,-31.019094,18.555601,-14.022804,13.938346,-41.341461,13.295852
38.7,27,-16.17293162,5.881567552450472,-27.7005922,-4.645271049,-3.594996099,4.844485342960256,-13.0900129,5.900020696399954,-3.247666494,4.243079716918381,-11.56394992,5.068616935181147,-6.3377981,12.901365,-31.624008,18.948412,-14.914687,14.104254,-42.558517,12.729143
38.8,27,-16.60973119,6.014288922775513,-28.39752087,-4.821941507,-3.690671121,4.950456781429587,-13.39338812,6.012045878040086,-3.32636162,4.342460453808181,-11.83742771,5.184704473679652,-6.4440589,13.159249,-32.235714,19.347595,-15.809677,14.274111,-43.786419,12.167067
38.9,27,-17.04731919,6.147489361980016,-29.09617694,-4.998461447,-3.786517678,5.057065034245048,-13.69818301,6.125147657,-3.405191417,4.442332445143085,-12.11200302,5.301620182485272,-6.550458,13.420156,-32.853477,19.752563,-16.706684,14.44776,-45.023773,11.610404
39,27,-17.48531264,6.281046787019482,-29.79593813,-5.174687156,-3.882452409,5.164199698,-14.00409783,6.239193007828512,-3.484090227,4.542594293339789,-12.38741144,5.419230984,-6.6569266,13.683752,-33.476589,20.162735,-17.604744,14.625016,-46.269249,11.059761
39.1,27,-17.92337422,6.414853197213426,-30.49625546,-5.350492992,-3.97840196,5.271761532891274,-14.3108647,6.354060779916271,-3.56300066,4.643155269029355,-12.66341776,5.537416442,-6.7634077,13.949733,-34.104382,20.577566,-18.502977,14.805701,-47.521618,10.515663
39.2,27,-18.36142616,6.548873328636492,-31.19698202,-5.525870293,-4.074349437,5.379709173574047,-14.61838566,6.469686790767899,-3.641909605,4.743980921766668,-12.93994136,5.656122144635995,-6.8698878,14.217929,-34.736515,20.99674,-19.401178,14.98968,-48.780411,9.978055
39.3,27,-18.79948612,6.683098237759896,-31.89811797,-5.700854265,-4.170298635,5.488022858747918,-14.92662578,6.586028514583087,-3.720819761,4.845057925501384,-13.2169588,5.775319275651585,-6.976368,14.488222,-35.372761,21.420025,-20.299408,15.176831,-50.045452,9.4466343
39.4,27,-19.23753967,6.817512774595646,-32.59961917,-5.875460168,-4.266246465,5.596678996895768,-15.23553573,6.703042802083244,-3.799728984,4.946368327219103,-13.49443276,5.894974791726007,-7.0828485,14.760492,-36.012882,21.847185,-21.197613,15.367041,-51.31646,8.9212332
39.5,27,-19.67560125,6.952109043457918,-33.30148459,-6.04971791,-4.362196016,5.705660420824568,-15.54508495,6.820692916943009,-3.878639417,5.047900665950865,-13.77234292,6.015064086193581,-7.1893291,15.034638,-36.656681,22.278021,-22.095846,15.560193,-52.593266,8.4015713
39.6,27,-20.11366283,7.086874979572363,-34.00368256,-6.22364311,-4.458145567,5.814947519134679,-15.85523328,6.938942142581141,-3.957549849,5.149640402832095,-14.05065957,6.135559873564574,-7.2958102,15.310556,-37.303951,22.71233,-22.994081,15.756183,-53.875633,7.8874698
39.7,27,-20.55171477,7.221798778,-34.70618027,-6.397249257,-4.554093044,5.924521543315507,-16.16594189,7.057755806514009,-4.036458795,5.251573586027486,-14.32935389,6.256436295648596,-7.4022903,15.588148,-37.954498,23.149918,-23.892282,15.954906,-55.163322,7.378758
39.8,27,-20.98977472,7.356875771089906,-35.40898627,-6.570563174,-4.650042242,6.034370041060794,-16.47719019,7.177105708,-4.115368951,5.353692485723964,-14.60841341,6.377675505224875,-7.5087709,15.867332,-38.60817,23.590628,-24.790512,16.156258,-56.456196,6.8751717
39.9,27,-21.42782828,7.492094530537726,-36.11206373,-6.74359283,-4.745990072,6.144475805,-16.78894135,7.296961210413528,-4.194278174,5.455984026300754,-14.88781037,6.499254018126909,-7.6152511,16.14802,-39.26479,24.034286,-25.688717,16.360146,-57.754013,6.3765802
40,27,-21.86588986,7.627450701057231,-36.81541853,-6.916361192,-4.841939623,6.254827786429566,-17.10117681,7.417297567734473,-4.273188606,5.558441364901625,-15.16753349,6.621156279023642,-7.7217321,16.430141,-39.924217,24.480755,-26.58695,16.566473,-59.056641,5.882741
40.1,27,-22.30395144,7.762935336794072,-37.51902512,-7.088877767,-4.937889174,6.365411779418638,-17.41386701,7.538088660235109,-4.352099039,5.661054032543885,-15.44756106,6.743362979247252,-7.8282127,16.713621,-40.586308,24.929884,-27.485184,16.775152,-60.363876,5.3935089
40.2,27,-22.742005,7.898539944,-38.22285882,-7.261151175,-5.033837004,6.476214373442857,-17.72698393,7.659309923947354,-4.431008262,5.763812149033349,-15.72787249,6.865855964134179,-7.9346933,16.998386,-41.250919,25.381533,-28.383389,16.986094,-61.675522,4.9087443
40.3,27,-23.18006333,8.034261185646256,-38.9269259,-7.433200767,-5.129785849,6.587226743,-18.04051302,7.780941325205692,-4.509918141,5.866710425395757,-16.00845928,6.988623000649198,-8.041173,17.28438,-41.917934,25.835588,-29.281614,17.199217,-62.991459,4.4282293
40.4,27,-23.61811689,8.170091376971889,-39.63120174,-7.605032038,-5.225733679,6.698436946957222,-18.35442885,7.902961489326227,-4.588827363,5.969739929,-16.28930262,7.111647893906937,-8.1476536,17.571537,-42.587231,26.291925,-30.179819,17.41444,-64.311493,3.9518549
40.5,27,-24.05617847,8.306027984203199,-40.33569417,-7.776662765,-5.32168323,6.809837583790809,-18.66871964,8.025353174350311,-4.667737796,6.072896404127601,-16.57039603,7.234920437816362,-8.2541342,17.859806,-43.258713,26.750443,-31.078053,17.631687,-65.635521,3.4794171
40.6,27,-24.49424005,8.442064068863202,-41.04038158,-7.94809852,-5.417632781,6.921417995718645,-18.98336278,8.148097212084439,-4.746648229,6.176171977414632,-16.85172287,7.358426409228869,-8.3606148,18.149134,-43.932262,27.211033,-31.976288,17.850883,-66.963379,3.0108008
40.7,27,-24.9322936,8.578192986739833,-41.74524291,-8.119344298,-5.513580611,7.033168048368391,-19.29833668,8.271175460579556,-4.825557451,6.279559153403325,-17.13326723,7.482152328078419,-8.4670954,18.439465,-44.60778,27.67359,-32.874493,18.071959,-68.294884,2.5458958
40.8,27,-25.37035519,8.714414115837682,-42.450293,-8.290417372,-5.609530162,7.145082854761489,-19.61363522,8.394574899422228,-4.904467884,6.383055662377657,-17.41502709,7.606091325480938,-8.5735769,18.730759,-45.285191,28.138037,-33.772728,18.294846,-69.629967,2.0845108
40.9,27,-25.80840225,8.850717590049436,-43.15548997,-8.461314538,-5.705476581,7.257150159598114,-19.92922952,8.518276362242297,-4.983376,6.486651639312202,-17.69697959,7.730227594,-8.6800556,19.022961,-45.964375,28.604263,-34.670914,18.519474,-70.968414,1.626587
41,27,-26.24646708,8.987107998817477,-43.86087508,-8.632059074,-5.801426838,7.369369896892215,-20.24512642,8.642272748936382,-5.062286986,6.590349165102031,-17.979134,7.854560023271723,-8.7865372,19.316048,-46.645298,29.072222,-35.569157,18.745789,-72.310226,1.1719145
41.1,27,-26.68452866,9.123576002533781,-44.56640903,-8.802648283,-5.897376389,7.481730715667394,-20.56129913,8.766546355984591,-5.141197419,6.694139144,-18.26146905,7.979074211949607,-8.8930178,19.609968,-47.32785,29.541815,-36.467392,18.973724,-73.655212,0.72042769
41.2,27,-27.12258221,9.260117127503975,-45.27207828,-8.97308615,-5.993324219,7.594225468166277,-20.87773263,8.891084189363312,-5.220106641,6.798016393696548,-18.54397394,8.103760657,-8.9994984,19.904684,-48.011963,30.012964,-37.365597,19.203226,-75.003227,0.27203548
41.3,27,-27.56064379,9.396731969245989,-45.97790003,-9.143387562,-6.08927377,7.706851454239368,-21.19442505,9.015877514765306,-5.299017074,6.901980188446557,-18.82664967,8.228615517515163,-9.105979,20.200167,-48.697578,30.485619,-38.263828,19.434237,-76.354233,-0.17342684
41.4,27,-27.99869086,9.533411687825312,-46.68383442,-9.313547302,-6.185220188,7.819598263655842,-21.51135116,9.140910782089207,-5.377925189,7.006021972485914,-19.10947593,8.353625552,-9.2124586,20.49637,-49.384605,30.95969,-39.162018,19.666698,-77.708038,-0.61599618
41.5,27,-28.43675569,9.670161949122205,-47.38992483,-9.483586541,-6.281170445,7.932467769632086,-21.82852158,9.266180691998576,-5.456836176,7.110145185205679,-19.39246466,8.478792312226794,-9.3189392,20.793283,-50.073029,31.435148,-40.060261,19.900572,-79.064659,-1.0558571
41.6,27,-28.87481727,9.806974305924847,-48.0961337,-9.65350083,-6.377119996,8.045450230512651,-22.14591269,9.391672695184617,-5.535746608,7.214341863825003,-19.67559683,8.604103616916566,-9.4254208,21.090866,-50.762756,31.911917,-40.958492,20.135798,-80.423935,-1.4930543
41.7,27,-29.31287082,9.943845138912515,-48.80244916,-9.823292481,-6.473067826,8.158540041375362,-22.46351247,9.517376821525136,-5.614655831,7.318607905138955,-19.95886374,8.729552080150885,-9.5319004,21.389084,-51.453735,32.389935,-41.856697,20.372334,-81.785736,-1.9276587
41.8,27,-29.75092916,10.08077495325222,-49.508885,-9.992973314,-6.569016671,8.271735257314276,-22.78131987,9.643286522695394,-5.69356571,7.422942913310305,-20.24226648,8.855135059266869,-9.638381,21.687922,-52.145924,32.869164,-42.754925,20.610132,-83.15004,-2.3598073
41.9,27,-30.18897947,10.21775844277931,-50.21541802,-10.16254092,-6.664963796,8.385029102551149,-23.09931885,9.769391254793206,-5.772474379,7.527341451137869,-20.52579252,8.980843764382193,-9.7448606,21.987343,-52.83926,33.349541,-43.653122,20.84915,-84.516701,-2.7895365
42,27,-30.62704429,10.35479921,-50.92207781,-10.33201077,-6.760914052,8.498422479183093,-23.41751604,9.895687932320305,-5.851385365,7.631805687137837,-20.80944965,9.106678918415579,-9.8513422,22.28734,-53.533726,33.831039,-44.551361,21.089352,-85.885735,-3.2169926
42.1,27,-31.06510588,10.49189037458077,-51.62883314,-10.50137861,-6.856863603,8.611907558756105,-23.73589226,10.02216505,-5.930295798,7.736329183,-21.09322237,9.232630772942858,-9.9578228,22.587879,-54.229252,34.313606,-45.449596,21.330692,-87.256981,-3.6422098
42.2,27,-31.50315943,10.62902891644164,-52.3356733,-10.67064556,-6.952811433,8.725479828143959,-24.05443764,10.14881477771533,-6.009205021,7.840908589177818,-21.37710346,9.358693420212356,-10.064303,22.888935,-54.925793,34.797184,-46.347801,21.57313,-88.630363,-4.0652428
42.3,27,-31.94121777,10.76621594968331,-53.04261328,-10.83982226,-7.048760279,8.839138445552317,-24.37315329,10.27563272907608,-6.0881149,7.945544266831518,-21.6610955,9.484865700684999,-10.170784,23.190496,-55.623322,35.281754,-47.246029,21.816633,-90.005844,-4.4862099
42.4,27,-32.37926808,10.90344667562622,-53.74963087,-11.00890529,-7.144707403,8.952877558403177,-24.69202498,10.40261016966079,-6.167023569,8.050231414098953,-21.94518721,9.611140069908064,-10.277264,23.492535,-56.321785,35.767258,-48.144222,22.061165,-91.383316,-4.9051342
42.5,27,-32.8173329,11.04072524349574,-54.45675674,-11.17790906,-7.24065766,9.066699059403694,-25.01106127,10.52974596,-6.245934555,8.154972874991021,-22.22938769,9.737518574745582,-10.383745,23.795048,-57.021179,36.253693,-49.042465,22.306696,-92.762787,-5.3221445
42.6,27,-33.25539448,11.17804521640183,-55.16396053,-11.34682844,-7.336607211,9.180595932201097,-25.33024459,10.65703017314127,-6.324844988,8.259762767736035,-22.51368253,9.863992557756829,-10.490226,24.098005,-57.721447,36.740993,-49.940701,22.553188,-94.144135,-5.7372622
42.7,27,-33.69344804,11.31540400959558,-55.87123237,-11.51566371,-7.432555041,9.294564451144534,-25.64956662,10.78445653567294,-6.40375421,8.364598280494821,-22.79806559,9.990557164513245,-10.596706,24.401386,-58.422546,37.229134,-50.838905,22.800611,-95.527283,-6.1505284
42.8,27,-34.13150638,11.45280318,-56.57858813,-11.68442462,-7.528503886,9.408604584764385,-25.96903002,10.91202224506774,-6.48266409,8.469480324,-23.08254049,10.11721231243545,-10.703186,24.705187,-59.124462,37.71809,-51.737129,23.048935,-96.912216,-6.562048
42.9,27,-34.56955669,11.59023830035379,-57.28600633,-11.85310704,-7.62445101,9.522711146554954,-26.28862189,11.03971987234043,-6.561572759,8.574404549127898,-23.36709686,10.24395134647291,-10.809666,25.00938,-59.827148,38.207817,-52.635326,23.29813,-98.29882,-6.9718313
43,27,-35.00762151,11.72771391790496,-57.99351841,-12.02172461,-7.720401267,9.636886764553665,-26.60835225,11.16754971477361,-6.640483745,8.679374297,-23.65174478,10.37077729,-10.916147,25.313967,-60.530613,38.698318,-53.533569,23.548174,-99.687141,-7.3799944
43.1,27,-35.44568634,11.86522487251573,-58.70109976,-12.19027292,-7.816351524,9.751125812647087,-26.92820693,11.29550387790796,-6.719394731,8.784384838369562,-23.93647264,10.49768317845179,-11.022629,25.618927,-61.234802,39.189545,-54.431812,23.799038,-101.07707,-7.7865534
43.2,27,-35.88374638,12.00276889737169,-59.40874113,-12.35875163,-7.912300765,9.865425145527212,-27.24817874,11.42357721237646,-6.798305061,8.889433752808754,-24.22127506,10.62466493784354,-11.12911,25.92424,-61.93969,39.681469,-55.330032,24.050694,-102.46853,-8.1915388
43.3,27,-36.32178525,12.14033932421818,-60.11641309,-12.52715742,-8.008245376,9.979778129,-27.56825108,11.55176033041906,-6.877211619,8.994515587,-24.50613823,10.75171499053179,-11.235587,26.229885,-62.645218,40.174046,-56.228207,24.303106,-103.86142,-8.5949965
43.4,27,-36.75984529,12.27794815685546,-60.82418149,-12.6955091,-8.104194617,10.09419368085364,-27.88845068,11.68006145008047,-6.956121948,9.099639112594875,-24.79108688,10.87884298454847,-11.342069,26.535879,-63.351437,40.667297,-57.126431,24.556274,-105.25584,-8.9970169
43.5,27,-37.19791012,12.41558883876125,-61.53201709,-12.86380315,-8.200144874,10.20866537168888,-28.20876133,11.80847158461004,-7.035032935,9.204799011658702,-25.07610748,11.00604161313239,-11.44855,26.842197,-64.058289,41.16119,-58.024673,24.810165,-106.6517,-9.3976431
43.6,27,-37.63597495,12.55325930324026,-62.23991107,-13.03203882,-8.296095131,10.32319042,-28.52917656,11.93698629761271,-7.113943921,9.309993109009804,-25.36119511,11.13330726912771,-11.555031,27.148827,-64.765755,41.655689,-58.922916,25.064754,-108.04893,-9.7968969
43.7,27,-38.07403499,12.69095751968486,-62.94785466,-13.20021532,-8.392044372,10.43776611,-28.84969003,12.06560128301677,-7.19285425,9.415219273425301,-25.64634493,11.26063643208928,-11.661513,27.455753,-65.473801,42.150776,-59.821136,25.320024,-109.44747,-10.194801
43.8,27,-38.51207386,12.82867705255942,-63.65581885,-13.36832887,-8.487988983,10.55238623377659,-29.17028595,12.19430798594832,-7.271760809,9.520472335567842,-25.9315437,11.38802208484215,-11.76799,27.762957,-66.182388,42.646408,-60.719311,25.575939,-110.84723,-10.591393
43.9,27,-38.9501339,12.96643014295114,-64.36386999,-13.53639781,-8.583938225,10.66706014006107,-29.49099192,12.32311547079893,-7.350671138,9.625761353787789,-26.21681672,11.51547443899674,-11.874472,28.070457,-66.891556,43.142612,-61.617535,25.832504,-112.24831,-10.986756
44,27,-39.38819873,13.10421044215691,-65.07197924,-13.70441822,-8.679888481,10.78178177803585,-29.81179246,12.45201549272004,-7.429582124,9.731081263404302,-26.50215093,11.64298668250107,-11.980952,28.378231,-67.601265,43.639359,-62.515774,26.089689,-113.65063,-11.380922
44.1,27,-39.82626355,13.24201607094944,-65.78013814,-13.87238897,-8.775838738,10.89654870849372,-30.13268176,12.58100428627679,-7.508493111,9.836430116972416,-26.78754188,11.77055565510812,-12.087434,28.68627,-68.311493,44.136623,-63.414017,26.347479,-115.05412,-11.77391
44.2,27,-40.2643236,13.37984517694449,-66.48833826,-14.04030893,-8.87178798,11.01135854131348,-30.45365414,12.71007818224109,-7.58740344,9.941806,-27.07298514,11.89817826106892,-12.193915,28.99456,-69.022209,44.634377,-64.312241,26.60585,-116.45875,-12.165732
44.3,27,-40.70235922,13.51769054714844,-67.19654585,-14.2081726,-8.967731885,11.12620458336403,-30.77469215,12.83922838326117,-7.666309445,10.04720320146928,-27.35846587,12.02584697528549,-12.300391,29.30308,-69.733376,45.132591,-65.210403,26.864775,-117.8644,-12.556417
44.4,27,-41.14042251,13.65556747252475,-67.90484295,-14.37600208,-9.063681832,11.24109894432911,-31.09583091,12.96846724561365,-7.745220328,10.15263327196272,-27.64401589,12.15357523332981,-12.406874,29.611858,-70.445053,45.631302,-66.108635,27.124266,-119.27122,-12.946053
44.5,27,-41.57848734,13.79346689728328,-68.61318568,-14.543789,-9.159632089,11.35603343717577,-31.41704863,13.09778445541758,-7.824131314,10.25808906753391,-27.92961644,12.28135380841132,-12.513355,29.92087,-71.157181,46.13047,-67.006882,27.384293,-120.67911,-13.334652
44.6,27,-42.01655216,13.93138804104117,-69.32157098,-14.71153335,-9.255582345,11.47100669284127,-31.73834233,13.22717763895039,-7.9030423,10.36356957119354,-28.21526541,12.40918081045628,-12.619837,30.230106,-71.869751,46.630081,-67.905121,27.644838,-122.08801,-13.722232
44.7,27,-42.45461221,14.06932918730292,-70.0299907,-14.87923371,-9.351531587,11.58601656983575,-32.05970679,13.35664361429245,-7.98195263,10.46907303301466,-28.50095873,12.53705346634588,-12.726318,30.539557,-72.582748,47.130112,-68.803345,27.905891,-123.49789,-14.108801
44.8,27,-42.89264783,14.20728326032343,-70.73841134,-15.04688432,-9.447475492,11.70105662379585,-32.38112506,13.48617407166783,-8.060858635,10.57459390630636,-28.78668184,12.66496457279202,-12.832794,30.849201,-73.29612,47.630527,-69.701508,28.167419,-124.90864,-14.494381
44.9,27,-43.33071112,14.3452657,-71.44691524,-15.214507,-9.543425439,11.81613923410601,-32.70263277,13.61578189595678,-8.139769518,10.68014391884144,-29.07246695,12.79292791291818,-12.939277,31.159071,-74.009933,48.131378,-70.599739,28.429443,-126.32043,-14.879054
45,27,-43.76877595,14.48326756683146,-72.15545875,-15.38209314,-9.639375696,11.93125643104811,-33.02420859,13.74545719920762,-8.218680504,10.78571606966947,-29.35829555,12.92093454011251,-13.045757,31.469139,-74.724136,48.632622,-71.497978,28.691931,-127.73313,-15.26283
45.1,27,-44.20683428,14.62128627933602,-72.8640288,-15.54963977,-9.735324541,12.04640542282883,-33.34584531,13.87519623066167,-8.297590383,10.89130795608972,-29.64416172,13.04898095532929,-13.152238,31.779398,-75.438713,49.134235,-72.39621,28.954868,-129.14671,-15.645709
45.2,27,-44.64490406,14.75932693369675,-73.57265328,-15.71715483,-9.8312759,12.16158995655979,-33.66755421,14.00500240971992,-8.376502373,10.99692327828604,-29.93007594,13.17707119306684,-13.258721,32.089851,-76.153671,49.63623,-73.294456,29.218252,-130.56117,-16.027731
45.3,27,-45.08293644,14.89737393578018,-74.28125282,-15.88462006,-9.927219099,12.27679645805385,-33.989298,14.1348598,-8.455407824,11.10254977231653,-30.21600551,13.30518986584327,-13.365197,32.400459,-76.868935,50.138538,-74.192612,29.482044,-131.97636,-16.408869
45.4,27,-45.52100946,15.03545051240615,-74.98995096,-16.05206797,-10.02317116,12.39204403715052,-34.31113117,14.26478884397161,-8.534320368,11.20820539403443,-30.50199927,13.43335853570547,-13.471681,32.711277,-77.584602,50.641243,-75.090866,29.746275,-133.3925,-16.789238
45.5,27,-45.95906455,15.17353822991401,-75.698653,-16.2194761,-10.1191193,12.50731674268723,-34.63300966,14.39477105566413,-8.613229694,11.31387564054969,-30.78801847,13.56155908737254,-13.57816,33.022251,-78.300583,51.14426,-75.989082,30.010902,-134.80937,-17.168797
45.6,27,-46.39712289,15.31164322066278,-76.40739215,-16.38685363,-10.21506815,12.62261927,-34.95494732,14.52481102061645,-8.692139573,11.41956506317276,-31.07407582,13.68979667003404,-13.684641,33.333393,-79.016891,51.64761,-76.887314,30.275927,-136.22704,-17.547585
45.7,27,-46.83519267,15.4497678,-77.11618112,-16.55420421,-10.31101951,12.73795310338413,-35.27694883,14.65490981223273,-8.771051563,11.52527518813843,-31.36017584,13.81807271778516,-13.791123,33.644707,-79.733536,52.151291,-77.785561,30.541342,-137.64549,-17.925625
45.8,27,-47.27322505,15.58789643789603,-77.82494066,-16.72150944,-10.40696271,12.85330478573539,-35.59897717,14.78505175576365,-8.849957014,11.63099383840097,-31.64628604,13.94637201345735,-13.897599,33.956154,-80.450439,52.655239,-78.683716,30.807112,-139.06454,-18.302885
45.9,27,-47.71129483,15.72605151467173,-78.53378941,-16.88880024,-10.50291407,12.96869280623173,-35.92108489,14.91525676155339,-8.928869004,11.73673833089929,-31.93245343,14.07471542033468,-14.004083,34.26778,-81.167694,53.159531,-79.581963,31.073269,-140.48445,-18.679474
46,27,-48.14935316,15.86421753644048,-79.24264818,-17.05605815,-10.59886291,13.08410377744274,-36.24323508,15.04550926325551,-9.007778883,11.84249652453125,-32.21864556,14.20308779169679,-14.110563,34.579548,-81.885231,53.664104,-80.480186,31.339775,-141.90501,-19.055357
46.1,27,-48.5874115,16.00239783291559,-79.95153492,-17.22328808,-10.69481176,13.19954008975599,-36.56543494,15.17581143260534,-9.086688763,11.94827077564192,-32.50486916,14.33149163513885,-14.217043,34.89146,-82.60305,54.168964,-81.37841,31.606628,-143.32626,-19.430561
46.2,27,-49.02548127,16.14059574736851,-80.66046763,-17.39049492,-10.79076311,13.31500415835028,-36.88769172,15.30616548992815,-9.165600753,12.05406345582371,-32.79113099,14.45992949,-14.323526,35.203526,-83.321167,54.674114,-82.276657,31.873827,-144.74821,-19.805107
46.3,27,-49.46351366,16.27879581421732,-81.36936717,-17.55766015,-10.88670631,13.43048264351059,-37.20996859,15.43655596239796,-9.244506204,12.15986245565061,-33.07739867,14.58838626606479,-14.430002,35.515697,-84.03949,55.179489,-83.17482,32.141335,-146.17067,-20.178963
46.4,27,-49.90158343,16.41702049258625,-82.07835233,-17.72481453,-10.98265767,13.54599418545767,-37.53231841,15.56700306578247,-9.323418194,12.26568519338259,-33.36371942,14.71688303078208,-14.536486,35.828033,-84.758141,55.685169,-84.073067,32.409184,-147.5939,-20.552231
46.5,27,-50.33964177,16.55525434142543,-82.78734403,-17.89193951,-11.07860652,13.66152548932915,-37.85470445,15.69749141516526,-9.402328073,12.37151958799644,-33.6500609,14.84540475332428,-14.642965,36.140491,-85.477028,56.191097,-84.971291,32.677341,-149.0177,-20.924877
46.6,27,-50.77769362,16.69349882663536,-83.4963501,-18.05903714,-11.17455395,13.77707741376616,-38.17712949,15.82802159157851,-9.481236845,12.47736653705089,-33.93642588,14.97395218909039,-14.749444,36.453072,-86.196152,56.697266,-85.869499,32.945801,-150.44208,-21.296915
46.7,27,-51.21576988,16.83176312215402,-84.2054194,-18.22612037,-11.27050672,13.89265740201467,-38.49961488,15.95860143578402,-9.560149942,12.58323306964831,-34.22283357,15.10253368319413,-14.855929,36.765797,-86.915565,57.203705,-86.767761,33.214577,-151.86713,-21.668392
46.8,27,-51.65380227,16.97002603414132,-84.91444211,-18.39316242,-11.36644992,14.00824727207615,-38.82211006,16.08921021864856,-9.639055394,12.68910253991134,-34.50923937,15.23112858063544,-14.962404,37.078609,-87.635139,57.710331,-87.665924,33.483616,-153.2926,-22.039244
46.9,27,-52.09187204,17.10831201767307,-85.62354743,-18.56019665,-11.46240128,14.12386743494137,-39.14467277,16.21987021512056,-9.717967384,12.79499397922181,-34.79569477,15.35975999797224,-15.068888,37.391567,-88.355011,58.217236,-88.564171,33.75296,-154.71875,-22.409582
47,27,-52.52993038,17.24660567206344,-86.33265635,-18.72720441,-11.55835013,14.23950466874865,-39.46726643,16.35056618336242,-9.796877263,12.90089535457476,-35.08216753,15.48841300035073,-15.175368,37.704632,-89.075089,58.72435,-89.462395,34.022575,-156.14542,-22.779369