temp,no_wgt_comm,no_wgt_low,no_wgt_ag,no_wgt_nonag,pop_wgt_comm,risk_wgt_sector_low,risk_wgt_sector_ag,risk_wgt_sector_nonag,frac_no_wgt_comm,frac_no_wgt_low,frac_no_wgt_ag,frac_no_wgt_nonag,frac_pop_wgt_comm,frac_risk_wgt_sector_low,frac_risk_wgt_sector_ag,frac_risk_wgt_sector_nonag
-19.2,2,0,0,2,5.06608332818e-06,0,0,.0000108563281174,3.03220826783e-07,0,0,9.80508472083e-07,5.20007069553e-06,0,0,.0000378549467008
-17.3,3,3,0,0,.000014554274927,.0000291145706797,0,0,4.54831240175e-07,7.18420394710e-07,0,0,.0000149392052281,.0000478704442554,0,0
-17.1,1,1,0,0,2.62646161659e-06,5.25400946572e-06,0,0,1.51610413392e-07,2.39473464903e-07,0,0,2.69592606371e-06,8.63869057226e-06,0,0
-15.8,1,0,0,1,1.46259403619e-06,0,0,3.13425584864e-06,1.51610413392e-07,0,0,4.90254236042e-07,1.50127660648e-06,0,0,.0000109288413922
-15.3,1,1,0,0,6.74032927620e-07,1.34834465371e-06,0,0,1.51610413392e-07,2.39473464903e-07,0,0,6.91859696671e-07,2.21696065151e-06,0,0
-15,2,2,0,0,7.13746181366e-06,.0000142778753798,0,0,3.03220826783e-07,4.78946929806e-07,0,0,7.32623283381e-06,.0000234758137076,0,0
-14.3,2,2,0,0,5.54671754321e-06,.0000110957289507,0,0,3.03220826783e-07,4.78946929806e-07,0,0,5.69341668591e-06,.0000182436993509,0,0
-14,2,2,0,0,3.31955909558e-06,6.64049139232e-06,0,0,3.03220826783e-07,4.78946929806e-07,0,0,3.40735452949e-06,.0000109183568778,0,0
-13.9,2,0,0,2,2.60242094121e-06,0,0,5.57683961233e-06,3.03220826783e-07,0,0,9.80508472083e-07,2.67124956247e-06,0,0,.0000194458903601
-13.7,1,1,0,0,2.57021854200e-06,5.14149996889e-06,0,0,1.51610413392e-07,2.39473464903e-07,0,0,2.63819547678e-06,8.45370142523e-06,0,0
-13,1,1,0,0,3.58615456681e-07,7.17379236903e-07,0,0,1.51610413392e-07,2.39473464903e-07,0,0,3.68100089645e-07,1.17952152371e-06,0,0
-12.6,3,3,0,0,2.53303357102e-06,5.06711455728e-06,0,0,4.54831240175e-07,7.18420394710e-07,0,0,2.60002704066e-06,8.33139624893e-06,0,0
-12.5,1,0,0,1,5.98573223168e-07,0,0,1.28270835376e-06,1.51610413392e-07,0,0,4.90254236042e-07,6.14404239981e-07,0,0,4.47267767141e-06
-12.4,1,1,0,0,3.20911217675e-07,6.41955125502e-07,0,0,1.51610413392e-07,2.39473464903e-07,0,0,3.29398651937e-07,1.05550850768e-06,0,0
-12.3,2,2,0,0,1.29955610558e-06,2.59964963334e-06,0,0,3.03220826783e-07,4.78946929806e-07,0,0,1.33392666170e-06,4.27436778050e-06,0,0
-11.9,1,0,0,1,4.49534384931e-07,0,0,9.63326669989e-07,1.51610413392e-07,0,0,4.90254236042e-07,4.61423634450e-07,0,0,3.35902520204e-06
-11.7,1,1,0,0,6.35644286468e-06,.0000127155153677,0,0,1.51610413392e-07,2.39473464903e-07,0,0,6.52455755803e-06,.0000209069670402,0,0
-11.6,4,2,0,2,8.73079373085e-06,8.60287218529e-06,0,9.49376681092e-06,6.06441653566e-07,4.78946929806e-07,0,9.80508472083e-07,8.96170506632e-06,.0000141449213836,0,.0000331038296496
-11.5,4,2,0,2,.0000106937283314,.0000140869206007,0,7.82543702371e-06,6.06441653566e-07,4.78946929806e-07,0,9.80508472083e-07,.0000109765552044,.0000231618441077,0,.0000272865280268
-11.4,3,3,0,0,3.49494604464e-06,6.99133772741e-06,0,0,4.54831240175e-07,7.18420394710e-07,0,0,3.58738009857e-06,.0000114952216412,0,0
-11.2,3,0,0,3,3.89068552973e-06,0,0,8.33751755636e-06,4.54831240175e-07,0,0,1.47076270813e-06,3.99358606997e-06,0,0,.0000290721023997
-10.8,3,3,0,0,2.76001721863e-06,5.52117603547e-06,0,0,4.54831240175e-07,7.18420394710e-07,0,0,2.83301393365e-06,9.07796829767e-06,0,0
-10.7,9,9,0,0,.000024971559415,.0000499534462506,0,0,1.36449372052e-06,2.15526118413e-06,0,0,.0000256320052245,.0000821339146785,0,0
-10.3,9,6,3,0,.0000103445466773,.000015205966065,5.08272823829e-09,0,1.36449372052e-06,1.43684078942e-06,7.88919364552e-06,0,.0000106181384219,.000025001788928,9.14803351404e-08,0
-10.1,2,2,0,0,4.37066980930e-06,8.74314719113e-06,0,0,3.03220826783e-07,4.78946929806e-07,0,0,4.48626493544e-06,.0000143755628353,0,0
-10,3,3,0,0,8.30221874199e-06,.0000166078712027,0,0,4.54831240175e-07,7.18420394710e-07,0,0,8.52179516038e-06,.0000273068142188,0,0
-9.9,4,4,0,0,8.54027690577e-06,.0000170840862666,0,0,6.06441653566e-07,9.57893859613e-07,0,0,8.76614946747e-06,.0000280898113963,0,0
-9.699999999999999,2,2,0,0,6.80424591153e-06,.0000136113058034,0,0,3.03220826783e-07,4.78946929806e-07,0,0,6.98420406411e-06,.0000223798338939,0,0
-9.6,2,2,0,0,4.92546176789e-06,9.85295991995e-06,0,0,3.03220826783e-07,4.78946929806e-07,0,0,5.05572998745e-06,.0000162003271073,0,0
-9.300000000000001,1,0,0,1,2.38850964095e-06,0,0,5.11844018547e-06,1.51610413392e-07,0,0,4.90254236042e-07,2.45168075322e-06,0,0,.000017847496715
-9.1,6,6,0,0,.0000234654785773,.0000469406622869,0,0,9.09662480349e-07,1.43684078942e-06,0,0,.0000240860916811,.0000771802676413,0,0
-8.9,10,10,0,0,.0000167640901117,.0000335351135163,0,0,1.51610413392e-06,2.39473464903e-06,0,0,.0000172074654284,.0000551387413486,0,0
-8.800000000000001,4,4,0,0,4.22104911518e-06,8.44384430820e-06,0,0,6.06441653566e-07,9.57893859613e-07,0,0,4.33268708515e-06,.000013883446289,0,0
-8.699999999999999,4,3,0,1,4.86991558635e-06,6.29425085208e-06,0,3.69323515770e-06,6.06441653566e-07,7.18420394710e-07,0,4.90254236042e-07,4.99871472493e-06,.0000103490650046,0,.0000128779471785
-8.6,9,6,0,3,.0000289215157154,.0000268687817879,0,.0000331939791067,1.36449372052e-06,1.43684078942e-06,0,1.47076270813e-06,.0000296864296537,.0000441778975531,0,.0001157441352442
-8.5,4,3,0,1,.0000143372098211,.0000206117272228,0,8.64351204655e-06,6.06441653566e-07,7.18420394710e-07,0,4.90254236042e-07,.0000147163992017,.0000338899910248,0,.0000301390750438
-8.300000000000001,9,9,0,0,.0000392950560246,.0000786063610576,0,0,1.36449372052e-06,2.15526118413e-06,0,0,.0000403343285288,.0001292453001121,0,0
-8.199999999999999,5,3,0,2,4.61566444226e-06,5.74052955926e-06,0,3.74156365979e-06,7.58052066958e-07,7.18420394710e-07,0,9.80508472083e-07,4.73773916689e-06,9.43863137419e-06,0,.0000130464639045
-8.1,5,3,0,2,.0000138840346681,9.65189474300e-06,0,.0000194131043827,7.58052066958e-07,7.18420394710e-07,0,9.80508472083e-07,.0000142512385084,.0000158697338984,0,.0000676915826197
-8,4,4,0,0,.0000172504655123,.0000345080661646,0,0,6.06441653566e-07,9.57893859613e-07,0,0,.0000177067044468,.0000567384790203,0,0
-7.9,2,2,0,0,3.57506982314e-06,7.15161831977e-06,0,0,3.03220826783e-07,4.78946929806e-07,0,0,3.66962298437e-06,.0000117587564618,0,0
-7.8,6,6,0,0,.0000130777126143,.0000261608342953,0,0,9.09662480349e-07,1.43684078942e-06,0,0,.0000134235909134,.0000430138837899,0,0
-7.7,2,2,0,0,7.15462195985e-06,.0000143122033478,0,0,3.03220826783e-07,4.78946929806e-07,0,0,7.34384683017e-06,.0000235322560676,0,0
-7.6,7,6,0,1,.0000200723999342,.0000287067789486,0,.0000122618730529,1.06127289374e-06,1.43684078942e-06,0,4.90254236042e-07,.000020603273165,.0000471999493495,0,.0000427559434324
-7.5,11,11,0,0,.0000317567404638,.0000635266155768,0,0,1.66771454731e-06,2.63420811394e-06,0,0,.0000325966402,.0001044510442268,0,0
-7.4,3,3,0,0,5.49944638842e-06,.0000110011669676,0,0,4.54831240175e-07,7.18420394710e-07,0,0,5.64489530739e-06,.0000180882196706,0,0
-7.3,5,0,0,5,.0000248524725255,0,0,.0000532574322278,7.58052066958e-07,0,0,2.45127118021e-06,.0000255097687344,0,0,.0001857034198497
-7.2,3,3,0,0,3.99447350040e-06,7.99059921519e-06,0,0,4.54831240175e-07,7.18420394710e-07,0,0,4.10011901660e-06,.0000131382165482,0,0
-7.1,7,5,0,2,.0000123328611334,.0000209635827559,0,3.97138137487e-06,1.06127289374e-06,1.19736732452e-06,0,9.80508472083e-07,.0000126590396599,.0000344685151209,0,.0000138478156379
-7,4,4,0,0,.0000101809493914,.0000203661101068,0,0,6.06441653566e-07,9.57893859613e-07,0,0,.0000104502143279,.0000334861451091,0,0
-6.9,5,3,0,2,.0000107636974241,.0000145506871831,0,7.47856665839e-06,7.58052066958e-07,7.18420394710e-07,0,9.80508472083e-07,.0000110483748341,.0000239243733779,0,.0000260770252328
-6.8,3,2,0,1,6.81515429750e-06,7.93995695858e-06,0,6.09880862612e-06,4.54831240175e-07,4.78946929806e-07,0,4.90254236042e-07,6.99540095420e-06,.0000130549500852,0,.0000212659448926
-6.7,7,6,0,1,.0000265027609521,.0000493569609716,0,3.92026367990e-06,1.06127289374e-06,1.43684078942e-06,0,4.90254236042e-07,.0000272037038577,.0000811531681097,0,.0000136695732711
-6.6,6,6,0,0,.0000140625171038,.000028130850751,0,0,9.09662480349e-07,1.43684078942e-06,0,0,.0000144344414333,.0000462530029225,0,0
-6.5,8,8,0,0,.000021052761775,.0000421142299274,0,0,1.21288330713e-06,1.91578771923e-06,0,0,.0000216095635375,.0000692446032703,0,0
-6.4,8,8,0,0,8.48574333578e-06,.0000169749959014,0,0,1.21288330713e-06,1.91578771923e-06,0,0,8.71017359797e-06,.0000279104440169,0,0
-6.3,10,8,0,2,.0000228194986627,.0000356794555501,0,.0000106792695078,1.51610413392e-06,1.91578771923e-06,0,9.80508472083e-07,.0000234230269413,.0000586644881961,0,.0000372375607711
-6.2,9,9,0,0,.0000347482231101,.0000695108192303,0,0,1.36449372052e-06,2.15526118413e-06,0,0,.0000356672413404,.0001142903267826,0,0
-6.1,7,7,0,0,8.24540790769e-06,.0000164942262018,0,0,1.06127289374e-06,1.67631425432e-06,0,0,8.46348179767e-06,.0000271199580655,0,0
-6,21,15,0,6,.0001197150658733,.0002137170282595,0,.000027598201541,3.18381868122e-06,3.59210197355e-06,0,2.94152541625e-06,.0001228812803768,.0003513954988479,0,.0000962322101061
-5.9,5,4,0,1,.0000133278914342,.000024409006528,0,2.41276484303e-06,7.58052066958e-07,9.57893859613e-07,0,4.90254236042e-07,.0000136803864427,.0000401335125008,0,8.41307332894e-06
-5.8,8,5,0,3,.0000133706500376,.0000171564324773,0,.0000102737133147,1.21288330713e-06,1.19736732452e-06,0,1.47076270813e-06,.0000137242759222,.0000282087637,0,.0000358234262768
-5.7,14,10,0,4,.0000544570435587,.0000594393820847,0,.0000530239030923,2.12254578748e-06,2.39473464903e-06,0,1.96101694417e-06,.0000558973190986,.0000977307774162,0,.0001848891267586
-5.6,14,13,0,1,.0000598848517263,.0001147162265625,0,5.44007343706e-06,2.12254578748e-06,3.11315504374e-06,0,4.90254236042e-07,.0000614686815032,.0001886174723051,0,.0000189690001796
-5.5,19,16,0,3,.0000314116227741,.0000502371899529,0,.0000134967290251,2.88059785444e-06,3.83157543845e-06,0,1.47076270813e-06,.0000322423948651,.0000826004486773,0,.000047061764563
-5.4,12,6,0,6,.0000302351614045,.0000428418043157,0,.0000188979456652,1.81932496070e-06,1.43684078942e-06,0,2.94152541625e-06,.0000310348185391,.0000704408877555,0,.0000658952749196
-5.3,10,9,0,1,.0000210030718607,.0000333088042908,0,9.32632974582e-06,1.51610413392e-06,2.15526118413e-06,0,4.90254236042e-07,.0000215585594282,.0000547666416434,0,.0000325199930976
-5.2,13,4,0,9,.0000326022019641,.0000103094878341,0,.0000588206237353,1.97093537409e-06,9.57893859613e-07,0,4.41228812438e-06,.0000334644623984,.0000169509544926,0,.0002051017206126
-5.1,13,13,0,0,.0000421174624235,.0000842523423898,0,0,1.97093537409e-06,3.11315504374e-06,0,0,.0000432313817067,.0001385284744239,0,0
-5,16,10,0,6,.0000363189738163,.0000401916183819,0,.0000347742209215,2.42576661427e-06,2.39473464903e-06,0,2.94152541625e-06,.0000372795351359,.000066083427726,0,.0001212542827844
-4.9,17,13,0,4,.0000586724051605,.0000883042314399,0,.0000311357116516,2.57737702766e-06,3.11315504374e-06,0,1.96101694417e-06,.0000602241682474,.0001451906275785,0,.0001085671593857
-4.8,20,18,0,2,.0000414850840183,.0000746965083636,0,8.88153863343e-06,3.03220826783e-06,4.31052236826e-06,0,9.80508472083e-07,.000042582278208,.0001228166844373,0,.0000309690503046
-4.7,12,10,0,2,.0000343288569633,.0000600124367338,0,9.27646306081e-06,1.81932496070e-06,2.39473464903e-06,0,9.80508472083e-07,.0000352367838312,.0000986729991283,0,.0000323461128793
-4.6,14,8,0,6,.0000349238551856,.0000292081692805,0,.0000435505808127,2.12254578748e-06,1.91578771923e-06,0,2.94152541625e-06,.0000358475185191,.0000480243399338,0,.0001518565851761
-4.5,16,10,0,6,.0000326851630515,.0000452509736988,0,.0000215673364892,2.42576661427e-06,2.39473464903e-06,0,2.94152541625e-06,.0000335496176341,.0000744020661607,0,.0000752031777641
-4.4,14,7,0,7,.0000254601758834,.0000299232533507,0,.0000225044211675,2.12254578748e-06,1.67631425432e-06,0,3.43177965229e-06,.0000261335445823,.0000492000877233,0,.0000784706997262
-4.3,17,14,0,3,.0000499911644289,.0000823483721888,0,.0000189125216821,2.57737702766e-06,3.35262850865e-06,0,1.47076270813e-06,.0000513133267541,.0001353979491492,0,.0000659461000545
-4.2,25,22,0,3,.0000528031838665,.0000976173928393,0,8.58158364281e-06,3.79026033479e-06,5.26841622787e-06,0,1.47076270813e-06,.0000541997182573,.0001605034130053,0,.0000299231368005
-4.1,24,18,2,4,.0000882969345398,.0001472185467719,1.54864512325e-08,.0000135967216011,3.63864992140e-06,4.31052236826e-06,5.25946243034e-06,1.96101694417e-06,.0000906322048144,.0002420580854221,2.78729391474e-07,.0000474104288254
-4,21,16,0,5,.0000665526525443,.0001116746992125,0,.0000229870236126,3.18381868122e-06,3.83157543845e-06,0,2.45127118021e-06,.0000683128317849,.0001836165651284,0,.0000801534869117
-3.9,15,15,0,0,.000030712999732,.0000614387004134,0,0,2.27415620087e-06,3.59210197355e-06,0,0,.0000315252946966,.0001010180749572,0,0
-3.8,10,10,0,0,.000021724903193,.0000434587893778,0,0,1.51610413392e-06,2.39473464903e-06,0,0,.000022299481698,.0000714553402559,0,0
-3.7,23,18,0,5,.0000836059499763,.0001141702342693,0,.0000568579262108,3.48703950801e-06,4.31052236826e-06,0,2.45127118021e-06,.0000858171534656,.0001877197467669,0,.0001982579876877
-3.6,27,14,0,13,.0000800852868799,.0000576903889851,0,.0001098173788705,4.09348116157e-06,3.35262850865e-06,0,6.37330506854e-06,.0000822033761528,.0000948550669136,0,.000382922382137
-3.5,14,11,0,3,.0000561426005895,.0000921274689745,0,.000021618845949,2.12254578748e-06,2.63420811394e-06,0,1.47076270813e-06,.0000576274556071,.0001514768298134,0,.0000753827861763
-3.4,24,21,0,3,.0000447187996942,.000076345725347,0,.0000140444822136,3.63864992140e-06,5.02894276297e-06,0,1.47076270813e-06,.0000459015189379,.000125528342134,0,.0000489717259731
-3.3,16,13,0,3,.0000563156632944,.0000502267612319,0,.0000668758384563,2.42576661427e-06,3.11315504374e-06,0,1.47076270813e-06,.0000578050954607,.0000825833016786,0,.0002331894608348
-3.2,11,9,0,2,.0000348389459815,.0000651934692542,0,4.81937468066e-06,1.66771454731e-06,2.15526118413e-06,0,9.80508472083e-07,.0000357603636431,.0001071917003374,0,.0000168046847604
-3.1,32,18,0,14,.0000743637232001,.0000690073577516,0,.0000854330930906,4.85153322853e-06,4.31052236826e-06,0,6.86355930458e-06,.0000763304890136,.0001134625307997,0,.0002978967796906
-3,15,10,0,5,.0000441589746044,.0000539150443046,0,.0000368736750715,2.27415620087e-06,2.39473464903e-06,0,2.45127118021e-06,.0000453268876389,.000088647610549,0,.0001285748725909
-2.9,25,22,0,3,.0000568382980771,.0000950040513317,0,.0000200281467642,3.79026033479e-06,5.26841622787e-06,0,1.47076270813e-06,.0000583415528464,.0001562065329195,0,.0000698361748168
-2.8,25,17,0,8,.0000393589445565,.0000576648282049,0,.0000225705291541,3.79026033479e-06,4.07104890336e-06,0,3.92203388833e-06,.0000403999067795,.0000948130396444,0,.0000787012117633
-2.7,23,13,0,10,.0000906482563864,.0001195543766244,0,.0000658052094877,3.48703950801e-06,3.11315504374e-06,0,4.90254236042e-06,.0000930457142335,.0001965724030299,0,.0002294562830877
-2.6,20,18,0,2,.000046245371375,.0000861281298512,0,6.83643884258e-06,3.03220826783e-06,4.31052236826e-06,0,9.80508472083e-07,.0000474684652646,.0001416126613793,0,.0000238379887943
-2.5,36,28,0,8,.0001721365771377,.0001921614338016,0,.0001630259453123,5.45797488210e-06,6.70525701729e-06,0,3.92203388833e-06,.0001766892315854,.0003159535926546,0,.0005684554118043
-2.4,35,31,0,4,.0000787341921946,.0001390741231262,0,.0000197397371267,5.30636446870e-06,7.42367741200e-06,0,1.96101694417e-06,.0000808165478232,.0002286669493337,0,.0000688305188217
-2.3,51,49,0,2,.0001516513113007,.000295709722991,0,8.20108380140e-06,7.73213108297e-06,.0000117341997803,0,9.80508472083e-07,.0001556621730732,.0004862086398583,0,.0000285963713361
-2.2,30,25,0,5,.0000848724768114,.0001475590843256,0,.0000238042210867,4.54831240175e-06,5.98683662258e-06,0,2.45127118021e-06,.0000871171773014,.0002426180003925,0,.0000830029740028
-2.1,39,28,1,10,.0001230708251205,.0001984213420201,3.34279226522e-09,.0000473088296076,5.91280612227e-06,6.70525701729e-06,2.62973121517e-06,4.90254236042e-06,.0001263257924766,.0003262461911859,6.01644908777e-08,.0001649612285029
-2,40,23,4,13,.0000917607733505,.0001206098819466,1.27396804217e-08,.0000527008160134,6.06441653566e-06,5.50788969277e-06,.0000105189248607,6.37330506854e-06,.0000941876549574,.0001983078745656,2.29292258000e-07,.0001837625539415
-1.9,48,38,0,10,.0001104270994662,.0001942960743122,0,.0000284993164996,7.27729984280e-06,9.09999166632e-06,0,4.90254236042e-06,.0001133476665757,.0003194633881688,0,.0000993743091991
-1.8,33,29,0,4,.0000890605898657,.0001631924948242,0,.000013069657598,5.00314364192e-06,6.94473048219e-06,0,1.96101694417e-06,.0000914160572353,.0002683225973804,0,.000045572608567
-1.7,35,30,0,5,.0000793566623745,.0001058779403138,0,.0000566350640838,5.30636446870e-06,7.18420394710e-06,0,2.45127118021e-06,.0000814554810447,.0001740854809584,0,.0001974808894048
-1.6,22,22,0,0,.0000430374313366,.0000860926639916,0,0,3.33542909461e-06,5.26841622787e-06,0,0,.0000441756818842,.0001415543480876,0,0
-1.5,37,22,0,15,.0000824779308548,.0001091378123874,0,.0000598316269134,5.60958529549e-06,5.26841622787e-06,0,7.35381354063e-06,.0000846593005845,.0001794453925332,0,.0002086269891017
-1.4,36,30,2,4,.0001059382247338,.0001392755864345,1.29773894741e-07,.0000474930106975,5.45797488210e-06,7.18420394710e-06,5.25946243034e-06,1.96101694417e-06,.0001087400704429,.0002289981971537,2.33570610641e-06,.00016560344982
-1.3,44,33,2,9,.0000980447697549,.0001390891534356,3.96699961769e-09,.0000565171067137,6.67085818923e-06,7.90262434181e-06,5.25946243034e-06,4.41228812438e-06,.0001006378499969,.0002286916623064,7.13991457961e-08,.0001970695836752
-1.2,26,16,0,10,.0000597978877728,.0000605882811442,0,.0000632382722188,3.94187074818e-06,3.83157543845e-06,0,4.90254236042e-06,.0000613794175339,.0000996198077916,0,.0002205056256969
-1.1,32,31,0,1,.0000576163501837,.0001138934206324,0,1.46022773606e-06,4.85153322853e-06,7.42367741200e-06,0,4.90254236042e-07,.0000591401828129,.0001872646072452,0,5.09167027028e-06
-1,29,20,0,9,.0000902849822804,.0001142030671417,0,.0000711355364729,4.39670198836e-06,4.78946929806e-06,0,4.41228812438e-06,.0000926728322829,.000187773730877,0,.0002480426082005
-.9,27,27,0,0,.0000555508087777,.0001111245925358,0,0,4.09348116157e-06,6.46578355239e-06,0,0,.0000570200121327,.0001827120746831,0,0
-.8,31,25,0,6,.0000954828980101,.0001538085715538,0,.0000398469805987,4.69992281514e-06,5.98683662258e-06,0,2.94152541625e-06,.0000980082220727,.0002528934646359,0,.000138942496067
-.7,41,37,0,4,.0001172648692813,.0001978277473427,0,.0000393689604152,6.21602694905e-06,8.86051820142e-06,0,1.96101694417e-06,.0001203662811809,.0003252701973707,0,.0001372756867766
-.6,34,26,2,6,.0001015099614417,.0001742271000467,6.67785027275e-09,.000023166074925,5.15475405531e-06,6.22631008748e-06,5.25946243034e-06,2.94152541625e-06,.0001041946887968,.0002864657965363,1.20189778467e-07,.0000807778212
-.5,49,30,0,19,.0001325404858156,.0001268668507919,0,.0001507766592113,7.42891025619e-06,7.18420394710e-06,0,9.31483048479e-06,.0001360459060017,.0002085956401525,0,.0005257433578333
-.4,49,34,4,11,.0001706615169337,.0002558332156468,3.49080337969e-08,.0000512840019837,7.42891025619e-06,8.14209780671e-06,.0000105189248607,5.39279659646e-06,.0001751751591069,.0004206433205918,6.28284354606e-07,.0001788222629888
-.3,51,40,0,11,.0001081965238103,.0001696476601865,0,.0000501239319419,7.73213108297e-06,9.57893859613e-06,0,5.39279659646e-06,.000111058096833,.000278936239499,0,.0001747772130302
-.2,40,33,0,7,.000086507671892,.0001476083962189,0,.0000272555170682,6.06441653566e-06,7.90262434181e-06,0,3.43177965229e-06,.0000887956198909,.0002426990794598,0,.0000950373031069
-.1,44,35,0,9,.000084472059334,.0001237388644313,0,.0000484635538669,6.67085818923e-06,8.38157127161e-06,0,4.41228812438e-06,.0000867061696145,.0002034525762773,0,.0001689876382446
0,70,45,0,25,.0002043765166724,.0002662896931724,0,.0001442065424726,.0000106127289374,.0000107763059206,0,.000012256355901,.0002097818504667,.000437835956884,0,.0005028340079803
.1,48,32,0,16,.0001254235033637,.0001372069507397,0,.0001285768623802,7.27729984280e-06,7.66315087690e-06,0,7.84406777667e-06,.0001287406941661,.0002255969273634,0,.00044833485316
.2,64,53,0,11,.0001818922500967,.0002968304980868,0,.0000658204088495,9.70306645706e-06,.0000126920936399,0,5.39279659646e-06,.0001867029218039,.0004880514285547,0,.000229509281765
.3,47,37,0,10,.0001565751534103,.0002789785135064,0,.0000366759010149,7.12568942940e-06,8.86051820142e-06,0,4.90254236042e-06,.0001607162405659,.0004586990317048,0,.0001278852539377
.4,41,25,6,10,.0001227256127694,.0001035752098915,2.18343105818e-07,.0000934848087581,6.21602694905e-06,5.98683662258e-06,.000015778387291,4.90254236042e-06,.0001259714499768,.0001702993104691,3.92979902906e-06,.000325972319058
.5,81,52,4,25,.0002082743874183,.000298938335618,1.88054833927e-08,.0001071617045909,.0000122804434847,.000012452620175,.0000105189248607,.000012256355901,.0002137828117869,.0004915171543641,3.38466241473e-07,.0003736623075314
.6,50,37,0,13,.0001652127977872,.000268848173846,0,.0000589549065353,7.58052066958e-06,8.86051820142e-06,0,6.37330506854e-06,.0001695823326715,.000442042634283,0,.0002055699515081
.7,89,68,1,20,.0002365314685856,.0003511542587376,2.24163376750e-09,.0001273556825936,.0000134933267918,.0000162841956134,2.62973121517e-06,9.80508472083e-06,.0002427872339807,.0005773710542701,4.03455385963e-08,.0004440767195411
.8,70,58,1,11,.0001797438685963,.0003136417600444,3.96460109187e-09,.000038566991293,.0000106127289374,.0000138894609644,2.62973121517e-06,5.39279659646e-06,.0001844977200811,.000515692659719,7.13559764713e-08,.0001344792994485
.9,64,47,1,16,.0002260231716912,.0003513864730849,2.26548624305e-09,.0000996055241558,9.70306645706e-06,.0000112552528505,2.62973121517e-06,7.84406777667e-06,.0002320010144891,.0005777528632307,4.07748419852e-08,.0003473146507048
1,58,41,0,17,.0001819691686335,.0001700434283975,0,.0002077905514852,8.79340397671e-06,9.81841206103e-06,0,8.33432201271e-06,.000186781874676,.0002795869652231,0,.0007245451838192
1.1,42,24,2,16,.0000959337967434,.0001259140542516,4.20003676282e-09,.000066006054567,6.36763736245e-06,5.74736315768e-06,5.25946243034e-06,7.84406777667e-06,.0000984710461397,.0002070290433384,7.55934121699e-08,.000230156610094
1.2,72,48,2,22,.0002095871535336,.0002626939186712,6.06534511505e-09,.0001616110828309,.0000109159497642,.0000114947263154,5.25946243034e-06,.0000107855931929,.0002151302978356,.0004319237514556,1.09165742856e-07,.0005635219257081
1.3,66,51,5,10,.0001785239694399,.0002991509953745,1.74058287783e-08,.0000392781096252,.0000100062872838,.0000122131467101,.0000131486560759,4.90254236042e-06,.0001832455571292,.000491866811487,3.13274874316e-07,.0001369588990215
1.4,43,24,2,17,.0000810291870082,.0000922420604184,7.38262651012e-09,.0000637953173737,6.51924777584e-06,5.74736315768e-06,5.25946243034e-06,8.33432201271e-06,.0000831722404763,.0001516652421169,1.32874534246e-07,.0002224479872781
1.5,79,69,1,9,.0001857852572309,.0003389917784489,7.10064118614e-10,.0000329473209604,.0000119772226579,.0000165236690783,2.62973121517e-06,4.41228812438e-06,.00019069889088,.0005573733925813,1.27799285141e-08,.0001148840625859
1.6,79,65,2,12,.0003154079132264,.0005646593320989,1.27805186878e-07,.0000460763519641,.0000119772226579,.0000155657752187,5.25946243034e-06,5.88305083250e-06,.0003237497965314,.0009284180549298,2.30027276300e-06,.00016066370037
1.7,49,36,2,11,.0002085181081258,.0002883850746684,9.31853170183e-08,.0001175898760266,7.42891025619e-06,8.62104473652e-06,5.25946243034e-06,5.39279659646e-06,.0002140329784002,.0004741653858783,1.67717486187e-06,.0004100243140605
1.8,59,48,1,10,.0001777268345983,.0001908720847723,2.11940154315e-09,.0001720234879485,8.94501439010e-06,.0000114947263154,2.62973121517e-06,4.90254236042e-06,.000182427339729,.0003138336331501,3.81455695396e-08,.0005998289566393
1.9,56,43,2,11,.0001433897719664,.0002159463381304,9.19024856216e-09,.0000655371446783,8.49018314993e-06,.0000102973589908,5.25946243034e-06,5.39279659646e-06,.0001471821332062,.0003550609505929,1.65408611099e-07,.0002285215675039
2,74,58,1,15,.0002831407404206,.0004651767870882,2.52132936751e-09,.0001009727120618,.000011219170591,.0000138894609644,2.62973121517e-06,7.35381354063e-06,.0002906292241156,.0007648479416104,4.53795766221e-08,.0003520819002529
2.1,54,37,3,14,.0001716045661754,.0001835808446913,1.89751121482e-08,.0001507775600658,8.18696232314e-06,8.86051820142e-06,7.88919364552e-06,6.86355930458e-06,.0001761431500397,.0003018453093073,3.41519266280e-07,.0005257464990242
2.2,99,68,4,27,.0002501291256666,.000336584567151,2.74552203194e-08,.0001643324669658,.0000150094309258,.0000162841956134,.0000105189248607,.0000132368643731,.0002567445208105,.0005534154336778,4.94146576095e-07,.0005730111241062
2.3,101,88,1,12,.0001787381760488,.0003043596836392,7.36159178061e-09,.0000553253599946,.0000153126517525,.0000210736649115,2.62973121517e-06,5.88305083250e-06,.0001834654290575,.0005004309845247,1.32495945422e-07,.0001929140802633
2.4,99,76,4,19,.0002242236362259,.0003218450997338,1.37060291783e-07,.0001038728737512,.0000150094309258,.0000181999833326,.0000105189248607,9.31483048479e-06,.0002301538850534,.0005291806661068,2.46684867632e-06,.0003621944783725
2.5,54,44,0,10,.0001333410709942,.0002239292872446,0,.0000468265330937,8.18696232314e-06,.0000105368324557,0,4.90254236042e-06,.0001368676649931,.0003681865887749,0,.0001632795080696
2.6,64,47,0,17,.00018062169661,.0002440132312813,0,.0001265490088826,9.70306645706e-06,.0000112552528505,0,8.33432201271e-06,.00018539876482,.0004012087938425,0,.0004412639277756
2.7,83,66,0,17,.0002174801662077,.0003725146877969,0,.0000654858905591,.0000125836643115,.0000158052486836,0,8.33432201271e-06,.0002232320642787,.0006124920677244,0,.0002283428494394
2.8,112,94,0,18,.000346704758776,.0006054850682062,0,.0000846268457053,.0000169803662999,.0000225105057009,0,8.82457624875e-06,.0003558743785532,.0009955441048384,0,.0002950854744806
2.9,57,42,0,15,.0001814443938146,.0002551302524125,0,.0001145003861893,8.64179356332e-06,.0000100578855259,0,7.35381354063e-06,.0001862432206546,.0004194875019919,0,.00039925156734
3,77,58,0,19,.000208635470814,.0003212422984689,0,.000103648728043,.0000116740018312,.0000138894609644,0,9.31483048479e-06,.0002141534450874,.0005281895347359,0,.0003614129043683
3.1,130,106,1,23,.000342307641007,.0005554343856602,2.25749019478e-09,.0001258945973177,.0000197093537409,.0000253841872797,2.62973121517e-06,.000011275847429,.0003513609661645,.0009132503133507,4.06309269181e-08,.0004389820591139
3.2,163,130,1,32,.0004795855758744,.0006704092588166,7.20685244815e-09,.0003108117784905,.0000247124973828,.0000311315504374,2.62973121517e-06,.0000156881355533,.0004922696168922,.0011022930547588,1.29710904529e-07,.0010837700538831
3.3,105,80,3,22,.0003316679927099,.0005048012287716,1.38076241551e-08,.0001438770959794,.0000159190934061,.0000191578771923,7.88919364552e-06,.0000107855931929,.0003404399212987,.0008299988122045,2.48513401856e-07,.0005016852605119
3.4,113,71,2,40,.0003287452796927,.0003908547322453,1.01326245172e-08,.0002690134288059,.0000171319767132,.0000170026160081,5.25946243034e-06,.0000196101694417,.0003374399086011,.0006426469370876,1.82369751682e-07,.0009380233260408
3.5,85,67,1,17,.0001816703445567,.0002895752051018,4.48144943377e-09,.000081610811776,.0000128868851383,.0000160447221485,2.62973121517e-06,8.33432201271e-06,.0001864751473239,.0004761222092569,8.06583545087e-08,.0002845688612753
3.6,121,83,0,38,.0003760817459624,.0004974146711447,0,.0002714196845091,.0000183448600204,.000019876297587,0,.0000186296609696,.000386028325951,.0008178537663782,0,.0009464137026401
3.7,91,78,1,12,.0002926627666859,.00048480181988,1.30998056846e-09,.0001126902794795,.0000137965476186,.0000186789302625,2.62973121517e-06,5.88305083250e-06,.0003004030881713,.0007971156005982,2.35773891131e-08,.0003929399035543
3.8,76,67,0,9,.0002295389645422,.0004142806087657,0,.000045743575356,.0000115223914178,.0000160447221485,0,4.41228812438e-06,.0002356097927487,.0006811639782091,0,.0001595033411191
3.9,85,59,2,24,.0002716859003262,.0003706452831693,5.09899633627e-09,.0001703294790332,.0000128868851383,.0000141289344293,5.25946243034e-06,.000011766101665,.000278871427325,.0006094183754829,9.17731328241e-08,.0005939221144263
4,116,81,5,30,.000317695980903,.0003523792667011,9.64185407071e-08,.0002505091172793,.0000175868079534,.0000193973506572,.0000131486560759,.0000147076270813,.0003260983788392,.0005793852236039,1.73536730750e-06,.0008735006145861
4.1,104,77,0,27,.0003595757816359,.0005227391711742,0,.0002266352485663,.0000157674829927,.0000184394567976,0,.0000132368643731,.000369085813198,.0008594925416944,0,.0007902547861712
4.2,125,100,4,21,.000420863102494,.0006679179839466,1.16666074579e-08,.0001815786748693,.0000189513016739,.0000239473464903,.0000105189248607,.0000102953389569,.0004319940562246,.0010981968777587,2.09978796851e-07,.0006331469521616
4.3,102,71,2,29,.0003345935225882,.0004847290136922,6.01131899813e-09,.0001977157866122,.0000154642621659,.0000170026160081,5.25946243034e-06,.0000142173728452,.0003434428253577,.0007969958919962,1.08193366004e-07,.0006894154711606
4.4,115,96,1,18,.0003519190832744,.0005831050032157,1.94852933788e-08,.0001214925238173,.00001743519754,.0000229894526307,2.62973121517e-06,8.82457624875e-06,.0003612266110896,.0009587465966302,3.50701647822e-07,.0004236324624613
4.5,148,113,2,33,.0004083843206326,.0005905085221229,6.78546618893e-09,.0002260562054062,.000022438341182,.0000270605015341,5.25946243034e-06,.0000161783897894,.0004191852365369,.0009709195303493,1.22126679206e-07,.0007882357197128
4.6,104,94,1,9,.0003308792181558,.0005472645248119,9.73997345000e-08,.000112026525585,.0000157674829927,.0000225105057009,2.62973121517e-06,4.41228812438e-06,.0003396302852982,.0008998173531805,1.75302710216e-06,.0003906254591097
4.7,129,94,4,31,.0004521832799963,.0006495558344568,3.64715369017e-08,.0002207007144079,.0000195577433275,.0000225105057009,.0000105189248607,.0000151978813173,.0004641425872806,.0010680056630837,6.56424711774e-07,.0007695616501653
4.8,102,88,0,14,.0004290323446175,.0007501244714376,0,.0001160422377779,.0000154642621659,.0000210736649115,0,6.86355930458e-06,.0004403793578114,.0012333615387859,0,.0004046278519435
4.9,155,118,1,36,.0005477853825904,.0008148285953666,7.76815767267e-08,.00027793628567,.0000234996140757,.0000282578688586,2.62973121517e-06,.0000176491524975,.0005622731666507,.0013397486530497,1.39813429718e-06,.0009691364489453
5,134,105,1,28,.0004287915072398,.0006284667103955,7.70327375221e-08,.0002374186543648,.0000203157953945,.0000251447138148,2.62973121517e-06,.0000137271186092,.000440132150786,.0010333307317965,1.38645631144e-06,.0008278554599296
5.1,163,134,1,28,.0004181069358237,.0006299338289182,2.32607835216e-08,.0001951871121264,.0000247124973828,.000032089444297,2.62973121517e-06,.0000137271186092,.0004291649946783,.0010357429815332,4.18653953628e-07,.0006805982323254
5.2,161,134,5,22,.0004738805572355,.000729483241912,2.96837249225e-08,.0001988958247239,.000024409276556,.000032089444297,.0000131486560759,.0000107855931929,.0004864137123759,.0011994230398041,5.34255812394e-07,.0006935301478118
5.3,136,92,1,43,.0004758733149709,.0006255904021941,2.02971790486e-08,.0003194431229758,.0000206190162213,.0000220315587711,2.62973121517e-06,.0000210809321498,.0004884591744088,.0010286014794599,3.65314188507e-07,.0011138667018397
5.4,151,114,2,35,.0005009690009208,.0007431458749352,2.97638602653e-09,.000279441044313,.0000228931724221,.000027299974999,5.25946243034e-06,.0000171588982615,.0005142185890569,.0012218872663837,5.35698110245e-08,.0009743833941015
5.5,156,115,5,36,.0006420002646766,.0009968660448862,2.51070256141e-07,.0002419851872446,.0000236512244891,.0000275394484639,.0000131486560759,.0000176491524975,.0006589798364157,.0016390562978541,4.51883124549e-06,.0008437785102377
5.6,136,107,8,21,.0005075386822675,.0007034302350348,2.46566388640e-07,.0002500353047026,.0000206190162213,.0000256236607446,.0000210378497214,.0000102953389569,.0005209620248112,.0011565864468444,4.43776940447e-06,.0008718484768058
5.7,240,189,3,48,.0006976389439188,.0010362528448695,2.76800942167e-08,.0003435562186951,.000036386499214,.0000452604848667,7.88919364552e-06,.00002353220333,.000716090043004,.0017038164357845,4.98193918098e-07,.0011979466912593
5.8,150,121,1,28,.0004280655928069,.0006956261497066,2.10649386823e-09,.0001783629978718,.0000227415620087,.0000289762892533,2.62973121517e-06,.0000137271186092,.0004393870374262,.0011437548981406,3.79132536705e-08,.0006219342032438
5.9,143,115,1,27,.0005100006900887,.0008354622916613,5.73278846616e-08,.0001936227016586,.000021680289115,.0000275394484639,2.62973121517e-06,.0000132368643731,.0005234891476187,.0013736747658241,1.03180297192e-06,.0006751432871324
6,122,103,0,19,.0004190590597884,.000700271213077,0,.0001582661964221,.0000184964704338,.000024665766885,0,9.31483048479e-06,.0004301423003415,.0011513923539555,0,.0005518586363018
6.1,147,113,2,32,.0006230737260313,.0009575453977391,1.27805186878e-07,.0002800765682878,.0000222867307686,.0000270605015341,5.25946243034e-06,.0000156881355533,.0006395527301875,.0015744049290239,2.30027276300e-06,.0009765994035968
6.2,212,166,2,44,.0006532131605234,.0010258927930522,5.46156586623e-09,.0003057869656686,.000032141407639,.0000397525951739,5.25946243034e-06,.0000215711863858,.0006704892900366,.0016867823435267,9.82987585426e-08,.001066249026562
6.3,203,151,4,48,.0007015584636188,.0009978068472947,3.27250628818e-08,.0003929102821303,.0000307769139185,.0000361604932004,.0000105189248607,.00002353220333,.0007201132258481,.0016406031738065,5.88994646096e-07,.0013700394486454
6.4,208,170,8,30,.000737907094124,.0012016932518009,2.33281865381e-07,.0002206110447105,.0000315349659854,.0000407104890336,.0000210378497214,.0000147076270813,.0007574232020305,.0019758350708773,4.19867091583e-06,.0007692489807636
6.5,177,146,0,31,.0006019854785462,.0009934833328771,0,.0002351728995791,.0000268350431703,.0000349631258759,0,.0000151978813173,.0006179067424168,.0016334944117302,0,.0008200247342187
6.6,150,118,0,32,.0003626898686901,.0005850550857076,0,.0001435189512904,.0000227415620087,.0000282578688586,0,.0000156881355533,.0003722822613779,.0009619529401566,0,.0005004364452617
6.7,155,133,2,20,.0004589713792448,.0007858035403387,7.90402090445e-08,.0001175733696073,.0000234996140757,.0000318499708321,5.25946243034e-06,9.80508472083e-06,.0004711102176361,.0012920253912503,1.42258733380e-06,.0004099667578023
6.8,183,141,0,42,.0005614802571632,.0008605333652554,0,.0002645409767865,.0000277447056507,.0000337657585514,0,.0000205906779138,.0005763302421728,.0014148968550698,0,.0009224283264253
6.9,240,186,5,49,.0006273539989823,.0009403330087139,1.37658499932e-07,.0002822747153459,.000036386499214,.000044542064472,.0000131486560759,.000024022457566,.0006439462074558,.0015461041610545,2.47761539046e-06,.0009842641258516
7,208,155,2,51,.0005474995068519,.0007040393869602,4.30638968929e-09,.0004093400372085,.0000315349659854,.00003711838706,5.25946243034e-06,.0000250029660381,.0005619797300935,.0011575880200294,7.75075812736e-08,.0014273283861268
7.1,98,88,0,10,.0003283315292081,.0005927902841449,0,.0000648821062441,.0000148578205124,.0000210736649115,0,4.90254236042e-06,.0003370152152767,.0009746712244024,0,.0002262375130111
7.2,140,111,0,29,.000515721385118,.0008612970673312,0,.0001916350351507,.0000212254578748,.0000265815546043,0,.0000142173728452,.0005293611431334,.0014161525410303,0,.0006682124898223
7.3,176,140,2,34,.0005194185884197,.000727986762513,1.34569624777e-07,.000308588665348,.0000266834327569,.0000335262850865,5.25946243034e-06,.0000166686440254,.0005331561297728,.001196962514645,2.42202096928e-06,.0010760182773517
7.4,235,182,2,51,.000689809365651,.0010259615490895,5.64026603200e-09,.0003522182761913,.000035628447147,.0000435841706124,5.25946243034e-06,.0000250029660381,.0007080533886753,.0016868953928341,1.01515053077e-07,.001228150432459
7.5,138,103,0,35,.0004648169605969,.0007032285915329,0,.0002445882990969,.000020922237048,.000024665766885,0,.0000171588982615,.000477110402457,.0011562549027484,0,.0008528553048371
7.6,262,213,3,46,.0007194619359018,.0010660942231766,2.18650129113e-08,.0003588494809037,.0000397219283086,.0000510078480244,7.88919364552e-06,.0000225516948579,.0007384902077364,.0017528819038098,3.93532491844e-07,.0012512727900589
7.7,183,138,2,43,.0007379791801016,.0010443522006653,6.53848664101e-09,.0004092868113048,.0000277447056507,.0000330473381566,5.25946243034e-06,.0000210809321498,.0007574971945324,.0017171334709005,1.17681473647e-07,.0014271427926438
7.8,286,221,6,59,.0008180368050337,.0012948928066407,1.93287272854e-08,.0003338508241768,.00004336057823,.0000529236357436,.000015778387291,.0000289249999265,.0008396721771363,.0021290746341076,3.47883728385e-07,.0011641049366414
7.9,163,136,6,21,.0005667791861319,.0009482316169738,5.56516646100e-08,.0001678910214196,.0000247124973828,.0000325683912268,.000015778387291,.0000102953389569,.0005817693167918,.00155909112523,1.00163390427e-06,.0005854194529374
8,183,121,5,57,.0004588982247557,.0005804805884964,1.55224722409e-07,.0003211662037756,.0000277447056507,.0000289762892533,.0000131486560759,.0000279444914544,.0004710351283629,.0009544315098681,2.79377707450e-06,.00111987491485
8.1,229,180,2,47,.000781135426944,.0011393267872108,4.23454582510e-09,.0004357129324717,.0000347187846667,.0000431052236826,5.25946243034e-06,.000023041949094,.0008017948343454,.0018732915575482,7.62145157258e-08,.0015192880739457
8.199999999999999,219,180,8,31,.0006434245734195,.0010408556029802,1.22903002220e-07,.0002142668561191,.0000332026805328,.0000431052236826,.0000210378497214,.0000151978813173,.0006604418151625,.0017113843329031,2.21204190067e-06,.0007471274201043
8.300000000000001,350,259,6,85,.0008271399811006,.0012137201963469,9.87403616648e-08,.0004150353522618,.000053063644687,.0000620236274099,.000015778387291,.0000416716100635,.000849016113277,.0019956098834545,1.77715607711e-06,.0014471873886788
8.4,226,178,3,45,.0006409981398056,.0010237600063761,6.57866472409e-09,.0002580143578825,.0000342639534265,.0000426262767528,7.88919364552e-06,.0000220614406219,.0006579512074262,.0016832755961041,1.18404609792e-07,.0008996706492368
8.5,134,105,2,27,.000527150233434,.0008702669623517,1.29773894741e-07,.0001585267002611,.0000203157953945,.0000251447138148,5.25946243034e-06,.0000132368643731,.0005410922607171,.0014309009247273,2.33570610641e-06,.0005527669875263
8.6,220,179,4,37,.0007812059165261,.0012140626143662,6.83822920511e-08,.0003393911223384,.0000333542909461,.0000428657502177,.0000105189248607,.0000181394067335,.0008018671882303,.0019961728903036,1.23076322424e-06,.0011834234105623
8.699999999999999,218,177,5,36,.0006941913094009,.0011245584870494,1.53552906612e-07,.0002341757041222,.0000330510701194,.0000423868032879,.0000131486560759,.0000176491524975,.0007125512257236,.0018490093829146,2.76368727583e-06,.0008165476118931
8.800000000000001,230,178,7,45,.0007745111924809,.0011363573301537,3.43792715185e-07,.0003619498872922,.0000348703950801,.0000426262767528,.0000184081185062,.0000220614406219,.0007949954026581,.0018684091490083,6.18767546276e-06,.0012620836017182
8.9,184,139,6,39,.0006506891775446,.0010187718968382,7.10378098567e-08,.0002775350696993,.000027896316064,.0000332868116216,.000015778387291,.0000191199152056,.0006678985529575,.001675074100633,1.27855796113e-06,.0009677374483789
9,269,190,7,72,.0008025493436259,.0010748022172038,2.23649900377e-07,.0004967914686631,.0000407832012023,.0000454999583316,.0000184081185062,.000035298304995,.0008237751045859,.0017671996674904,4.02531217122e-06,.0017322629128684
9.1,206,148,5,53,.0007711604717273,.0009180684317016,1.88397466516e-07,.0006341771362486,.0000312317451587,.0000354420728057,.0000131486560759,.0000259834745102,.0007915560623095,.0015094965392399,3.39082920992e-06,.0022113132020339
9.199999999999999,272,212,4,56,.0009018473364169,.0012966320949221,4.14990353192e-08,.0005144244573945,.0000412380324425,.0000507683745595,.0000105189248607,.0000274542372183,.0009256993227617,.0021319343878589,7.46911005473e-07,.0017937474075691
9.300000000000001,242,196,7,39,.0007708579227729,.0012533549871705,9.06238164511e-08,.0002701690369804,.0000366897200408,.000046936799121,.0000184081185062,.0000191199152056,.0007912455115645,.0020607777701999,1.63107227299e-06,.0009420528179076
9.4,259,209,2,48,.0007002434700925,.0009500985102022,5.99231619880e-09,.0004804122319229,.0000392670970684,.0000500499541648,5.25946243034e-06,.00002353220333,.0007187634534779,.0015621606882061,1.07851348416e-07,.0016751501278551
9.5,235,192,3,40,.0006669093693629,.0009981920593418,8.52075707769e-08,.0003334224880973,.000035628447147,.0000459789052614,7.88919364552e-06,.0000196101694417,.0006845477351138,.001641236542989,1.53358919968e-06,.0011626113709271
9.6,217,166,1,50,.000855645703579,.0013426639927729,9.03727865875e-08,.0003861837835757,.000032899459706,.0000397525951739,2.62973121517e-06,.0000245127118021,.0008782757528275,.0022076204566759,1.62655416875e-06,.0013465848108052
9.699999999999999,195,142,2,51,.0006428411450805,.0008919806002723,1.30975671198e-07,.0004005424889328,.0000295640306114,.0000340052320163,5.25946243034e-06,.0000250029660381,.0006598429563574,.0014666026874321,2.35733600827e-06,.001396652201926
9.800000000000001,210,164,1,45,.0006712041928301,.0010681376046477,1.45361944703e-08,.0002599333357693,.0000318381868122,.0000392736482441,2.62973121517e-06,.0000220614406219,.0006889561477292,.0017562416503739,2.61626409965e-07,.0009063619360919
9.9,199,160,6,33,.0005326417087715,.0008217201761909,1.84952142934e-07,.000208625733535,.0000301704722649,.0000383157543845,.000015778387291,.0000161783897894,.0005467289741558,.0013510798534753,3.32881933232e-06,.0007274573813539
10,203,154,0,49,.0007229771000109,.0010429674659918,0,.0004253085273831,.0000307769139185,.0000368789135951,0,.000024022457566,.0007420983406252,.0017148566774444,0,.0014830089383279
10.1,211,167,7,37,.0008415392584831,.0013506382937862,3.29677165567e-07,.0002596901679226,.0000319897972256,.0000399920686388,.0000184081185062,.0000181394067335,.000863796221598,.002220731875571,5.93361993407e-06,.0009055140337644
10.2,205,155,4,46,.0007607526569041,.0011646067863467,8.38077029996e-08,.000332905139885,.0000310801347453,.00003711838706,.0000105189248607,.0000225516948579,.0007808729824309,.0019148571640867,1.50839399596e-06,.0011608074286743
10.3,246,174,4,68,.0007235195161858,.0009961185716065,6.29743839298e-08,.0004518919605516,.0000372961616943,.0000416683828932,.0000105189248607,.0000333372880508,.0007426551025798,.0016378272954291,1.13343021249e-06,.0015757027510829
10.4,187,133,8,46,.000654987269272,.0008134718677866,2.30765548892e-07,.000445622721486,.0000283511473042,.0000318499708321,.0000210378497214,.0000225516948579,.0006723103202717,.0013375179091137,4.15338156238e-06,.0015538425320365
10.5,217,176,0,41,.0009514254155164,.0014721948328997,0,.0004467904387866,.000032899459706,.000042147329823,0,.0000201004236777,.0009765886389385,.0024205962525366,0,.0015579142472333
10.6,204,154,6,44,.0006487588105056,.0009938262827518,5.59008581646e-08,.0003102812855786,.0000309285243319,.0000368789135951,.000015778387291,.0000215711863858,.0006659171317251,.001634058293061,1.00611895812e-06,.0010819202773579
10.7,227,184,5,38,.0006435012482218,.0009911457076441,1.67343157109e-07,.0002750353778538,.0000344155638399,.0000440631175422,.0000131486560759,.0000186296609696,.0006605205178539,.0016296508668731,3.01188798183e-06,.0009590212691554
10.8,238,180,5,53,.0007540228808336,.0010140906042011,2.81542899216e-07,.0004485977469812,.0000360832783872,.0000431052236826,.0000131486560759,.0000259834745102,.0007739652177802,.0016673770763254,5.06728622291e-06,.0015642161528722
10.9,252,196,11,45,.0007980868445863,.0012364586402782,3.30257037495e-07,.0003058994155936,.0000382058241747,.000046936799121,.0000289270433669,.0000220614406219,.000819194581728,.0020329966416054,5.94405662788e-06,.0010666411283729
11,199,145,7,47,.0006891150296068,.0009955796507484,2.50075382180e-07,.0003437351092543,.0000301704722649,.000034723652411,.0000184081185062,.000023041949094,.0007073406888869,.0016369411968092,4.50092523142e-06,.0011985704650171
11.1,233,185,6,42,.0008511470286544,.0012318880742441,4.37151982169e-07,.0003837224987819,.0000353252263202,.0000443025910071,.000015778387291,.0000205906779138,.0008736580973076,.0020254816749944,7.86798112376e-06,.0013380025531878
11.2,257,185,8,64,.0007184026805998,.0010279055895808,2.57356091993e-07,.0003740135844055,.0000389638762416,.0000443025910071,.0000210378497214,.0000313762711067,.0007374029373348,.0016900918020476,4.63196544103e-06,.0013041485251711
11.3,196,152,2,42,.0006436347326487,.0009645822259472,9.10753872319e-08,.000306380532038,.0000297156410247,.0000363999666653,5.25946243034e-06,.0000205906779138,.0006606575326662,.0015859749465309,1.63919976761e-06,.0010683187340205
11.4,197,163,3,31,.0005930756101057,.0009391178993496,8.09622731079e-08,.0002324099880298,.0000298672514381,.0000390341747792,7.88919364552e-06,.0000151978813173,.0006087612264871,.0015441062670885,1.45718116933e-06,.0008103907338174
11.5,259,205,10,44,.0007784337109001,.0011247305118758,4.98571065322e-07,.0003202936278512,.0000392670970684,.0000490920603052,.0000262973121517,.0000215711863858,.0007990216635312,.0018492922277126,8.97341860682e-06,.001116832328558
11.6,264,195,9,60,.0009849279222535,.0013619312688888,2.85987852067e-07,.000511711081117,.0000400251491354,.0000466973256561,.0000236675809366,.0000294152541625,.0010109772172988,.0022392998888546,5.14728770191e-06,.0017842861317813
11.7,173,142,4,27,.0004863104106219,.0007815195068588,1.06317331827e-07,.0001368453134774,.0000262286015167,.0000340052320163,.0000105189248607,.0000132368643731,.0004991723095321,.0012849815440939,1.91352846165e-06,.0004771661276201
11.8,219,150,7,62,.0006516201975226,.0008801812055435,3.17558322527e-07,.0003794273403415,.0000332026805328,.0000359210197355,.0000184081185062,.0000303957626346,.0006688541964775,.0014472020143523,5.71550167733e-06,.001323025758817
11.9,190,126,21,43,.0005662035998192,.0007459010955184,5.11023359490e-07,.0002969763033889,.0000288059785444,.0000301736565778,.0000552243555186,.0000210809321498,.0005811785074182,.0012264174253475,9.19753840830e-06,.0010355271151207
12,212,160,6,46,.0007338704075648,.0010331878409282,3.99879603208e-07,.0003843677361601,.000032141407639,.0000383157543845,.000015778387291,.0000225516948579,.0007532797535076,.0016987769281809,7.19714263723e-06,.0013402524323639
12.1,397,241,7,149,.0006898240582147,.0009193861127894,6.55733702892e-08,.0004450375253366,.0000601893341165,.0000577131050417,.0000184081185062,.0000730478811702,.0007080684698268,.001511663082575,1.18020748093e-06,.0015518020107109
12.2,272,189,1,82,.0007117149660805,.0010499177873697,5.73278846616e-08,.0003868441471511,.0000412380324425,.0000452604848667,2.62973121517e-06,.0000402008473554,.0007305383466759,.0017262844596275,1.03180297192e-06,.0013488874335409
12.3,216,154,9,53,.0005864410861013,.0007723624541995,2.49097475979e-07,.000366431250427,.0000327478492926,.0000368789135951,.0000236675809366,.0000259834745102,.0006019512331216,.0012699254340901,4.48332460775e-06,.0012777096735153
12.4,206,160,4,42,.0006955590589835,.0010852537653818,3.60848009251e-07,.0003007461817219,.0000312317451587,.0000383157543845,.0000105189248607,.0000205906779138,.0007139551494379,.001784384198904,6.49464131730e-06,.0010486723095017
12.5,218,161,3,54,.0007083479497058,.0010112595726923,4.97816365908e-08,.0004187564359199,.0000330510701194,.0000385552278494,7.88919364552e-06,.0000264737287463,.0007270822797209,.0016627222683422,8.95983532003e-07,.0014601624408349
12.6,203,154,4,45,.0007053687400436,.0009814239664365,1.31828710170e-07,.0004242314130352,.0000307769139185,.0000368789135951,.0000105189248607,.0000220614406219,.0007240242761594,.0016136662907766,2.37268923738e-06,.0014792531467019
12.7,287,191,9,87,.0005139680016399,.0007069792656011,1.06430605828e-07,.0003149133884808,.0000435121886434,.0000457394317965,.0000236675809366,.0000426521185356,.0005275613863091,.0011624217954661,1.91556719815e-06,.0010980719638745
12.8,238,160,29,49,.0007276747750011,.0009752731722301,3.34100038885e-07,.0004159688239724,.0000360832783872,.0000383157543845,.00007626220524,.000024022457566,.0007469202593485,.0016035530985052,6.01322401959e-06,.0014504423125784
12.9,236,166,8,62,.0007102455138346,.0010242907795828,2.86068043032e-07,.0003895820503885,.0000357800575604,.0000397525951739,.0000210378497214,.0000303957626346,.0007290300304743,.0016841482982808,5.14873100087e-06,.0013584342324222
13,255,189,3,63,.000929065502446,.0013573062558621,5.98136136176e-08,.0005198438150273,.0000386606554148,.0000452604848667,7.88919364552e-06,.0000308860168706,.0009536373526726,.0022316953999987,1.07654180258e-06,.0018126441737802
13.1,243,178,10,55,.0005789616897777,.0008274368265848,2.18650623954e-07,.0002923510661308,.0000368413304542,.0000426262767528,.0000262973121517,.0000269639829823,.0005942740223212,.0013604792225068,3.93533382471e-06,.0010193993684286
13.2,195,163,1,31,.0006368121279084,.0009913214532844,6.12692829804e-08,.0002598073133413,.0000295640306114,.0000390341747792,2.62973121517e-06,.0000151978813173,.0006536544842205,.0016299398294674,1.10274133853e-06,.0009059225082996
13.3,200,149,1,50,.0005300441513477,.0006968951248609,2.20365343750e-08,.0003609279713146,.0000303220826783,.0000356815462706,2.62973121517e-06,.0000245127118021,.0005440627167407,.0011458413587329,3.96619582132e-07,.001258520281372
13.4,249,180,15,54,.0008588608450879,.0012517093012896,3.59979098974e-07,.0004025906758436,.0000377509929345,.0000431052236826,.0000394459682276,.0000264737287463,.0008815759281423,.0020580719183744,6.47900243211e-06,.0014037940279192
13.5,324,200,16,108,.0007751431148288,.0009802107755279,3.70860178692e-07,.0005261977633637,.0000491217739389,.0000478946929806,.0000420756994428,.0000529474574925,.0007956440380378,.0016116715511529,6.67484308552e-06,.0018347997657089
13.6,195,146,4,45,.0005151790975215,.000744549282798,4.40985803707e-08,.0002876379848402,.0000295640306114,.0000349631258759,.0000105189248607,.0000220614406219,.0005288045131578,.0012241947624689,7.93698329400e-07,.0010029653182487
13.7,303,208,9,86,.0007123851045066,.0009458422552675,2.07435890617e-07,.0004714461966664,.0000459379552576,.0000498104806999,.0000236675809366,.0000421618642996,.0007312262088696,.0015551625147887,3.73348798207e-06,.0016438864461496
13.8,252,183,19,50,.0007142583058219,.0009669206352552,1.66276299673e-07,.0004307238343699,.0000382058241747,.0000438236440773,.0000499648930883,.0000245127118021,.0007331489524637,.0015898197805714,2.99268638945e-06,.0015018915803353
13.9,213,153,12,48,.0005342469069319,.0008207228447663,2.01850608172e-07,.0002140484961526,.0000322930180524,.0000366394401302,.0000315567745821,.00002353220333,.000548376626469,.0013494400319959,3.63296253866e-06,.0007463660204113
14,229,136,17,76,.0007283437674706,.0008654918079971,3.49507731215e-07,.0005551010131413,.0000347187846667,.0000325683912268,.0000447054306579,.0000372593219392,.0007476069452774,.0014230495721225,6.29053588677e-06,.0019355825504572
14.1,235,164,8,63,.0006415177303597,.0009065809510824,7.30545103023e-08,.0003281770292389,.000035628447147,.0000392736482441,.0000210378497214,.0000308860168706,.0006584845400697,.0014906087182012,1.31485508818e-06,.001144320972612
14.2,347,264,3,80,.0009768333561197,.0014586102367176,3.14319610339e-08,.0004739941721255,.0000526088134469,.0000632209947345,7.88919364552e-06,.0000392203388833,.0010026685667262,.0023982603348469,5.65721044820e-07,.0016527709855773
14.3,336,220,8,108,.0009329631350128,.0012261978133079,1.90015757490e-07,.0006133545246527,.0000509410988996,.0000526841622787,.0000210378497214,.0000529474574925,.0009576380695143,.0020161256957515,3.41995565416e-06,.0021387068066108
14.4,310,214,15,81,.0009370454564974,.0015292661655888,1.65380078312e-07,.0003191077598288,.0000469992281514,.0000512473214893,.0000394459682276,.0000397105931194,.0009618283599116,.0025144334614081,2.97655595190e-06,.0011126973235823
14.5,586,329,33,224,.0006918487414688,.0008651131089308,3.49470977809e-07,.0004521586167128,.0000888437022475,.0000787867699532,.0000867811301007,.0001098169488733,.0007101467017419,.0014224269116428,6.28987438891e-06,.0015766325548488
14.6,238,165,1,72,.00063934475226,.0008514479669746,1.54055967982e-08,.0004496134364622,.0000360832783872,.000039513121709,2.62973121517e-06,.000035298304995,.0006562540912187,.0013999585598524,2.77274151217e-07,.0015677577620379
14.7,490,315,20,155,.0008881414254579,.0013320842878208,1.03783661942e-08,.0004584388002558,.0000742891025619,.0000754341414445,.0000525946243034,.0000759894065865,.0009116309189639,.0021902252087184,1.86792677701e-07,.0015985309362095
14.8,269,194,4,71,.0009668132115462,.0014064349277305,1.19523399178e-07,.0005260052603262,.0000407832012023,.0000464578521912,.0000105189248607,.000034808050759,.0009923834101691,.0023124732130702,2.15121487935e-06,.0018341285265804
14.9,643,408,16,219,.0006308297310154,.0009078701731835,7.09268733121e-08,.0003420113392378,.0000974854958108,.0000977051736805,.0000420756994428,.0001073656776931,.0006475138653722,.0014927284690092,1.27656129481e-06,.0011925598487762
15,486,294,31,161,.0006762059337484,.0008827165642176,4.37804526410e-07,.0003947730242135,.0000736826609083,.0000704051986816,.0000815216676703,.0000789309320027,.0006940901742919,.0014513706743478,7.87972579376e-06,.0013765346467931
15.1,330,230,31,69,.0008458127849632,.0012385840930156,7.30931289661e-08,.0004043438561121,.0000500314364192,.0000550788969277,.0000815216676703,.0000338275422869,.0008681827739652,.0020364913304985,1.31555015747e-06,.0014099071948117
15.2,244,155,22,67,.0005007397675716,.0006502689042316,1.18492525542e-07,.0003392629301935,.0000369929408675,.00003711838706,.0000578540867338,.0000328470338148,.0005139832929623,.0010691780989502,2.13266093326e-06,.0011829764171811
15.3,567,390,36,141,.0007349110752479,.0011370586877986,2.21894073005e-07,.0002886544971457,.000085963104393,.0000933946513123,.0000946703237462,.0000691258472819,.0007543479446864,.0018695623276833,3.99371030920e-06,.0010065097965223
15.4,511,306,17,188,.0008299006173253,.0009410244762109,1.26459422746e-07,.0007539845232563,.0000774729212431,.0000732788802604,.0000447054306579,.0000921677963758,.0008518497625882,.0015472410782578,2.27605133151e-06,.0026290697584408
15.5,667,409,35,223,.0008318731080675,.0013555612832752,2.68380510274e-07,.0002435683533104,.0001011241457322,.0000979446471454,.000092040592531,.0001093266946373,.000853874421608,.0022288263000602,4.83038594116e-06,.0008492988543533
15.6,681,381,20,280,.0008153048064515,.0012018091321311,6.44183846377e-07,.0004321618546435,.0001032466915197,.0000912393901281,.0000525946243034,.0001372711860917,.0008368679228738,.0019760256023795,.0000115941973278,.0015069058153713
15.7,392,249,35,108,.0010028603691364,.0014429933813771,4.11721228166e-07,.000472549382188,.0000594312820495,.0000596288927609,.000092040592531,.0000529474574925,.0010293839401051,.002372582958002,7.41027144699e-06,.0016477331453899
15.8,519,336,18,165,.0010298963566527,.0015000715107814,3.17872073580e-07,.0004912219429318,.0000786858045502,.0000804630842075,.0000473351618731,.0000808919489469,.0010571349732605,.002466431342095,5.72114865472e-06,.0017128425252911
15.9,794,490,67,237,.0009115887794281,.0014054897621443,1.28441597025e-07,.0003869576795799,.0001203786682329,.0001173419978026,.0001761919914166,.0001161902539419,.0009356984066797,.0023109191631409,2.31172704715e-06,.0013492833099362
16,2357,1451,64,842,.0009766068898456,.0014513354198233,9.60288243082e-08,.0004665563702861,.0003573457443639,.0003474759975746,.000168302797771,.0004127940667471,.0010024361108902,.0023862990141586,1.72835308500e-06,.0016268361032529
16.1,763,472,80,211,.0009735034512266,.0014720868848865,1.81944007721e-07,.0004333127922056,.0001156787454178,.0001130314754343,.0002103784972138,.0001034436438048,.0009992505927743,.0024204187634228,3.27467809074e-06,.001510919021273
16.2,355,200,47,108,.0007900906512886,.0010564082883042,2.90231804229e-07,.0004610590379368,.000053821696754,.0000478946929806,.0001235973671131,.0000529474574925,.0008109869057483,.0017369562008183,5.22367151547e-06,.0016076674468867
16.3,722,422,40,260,.0008787815637513,.0011932083752271,2.24825892001e-08,.0005804319777569,.0001094627184687,.0001010578021892,.0001051892486069,.0001274661013708,.0009020235083823,.0019618841589608,4.04647799060e-07,.0020239091287476
16.4,559,345,37,177,.0008554372805745,.0011814203996754,1.93128305764e-07,.0004897322325554,.0000847502210859,.0000826183453916,.0000973000549614,.0000867749997794,.000878061817468,.0019425022613969,3.47597615063e-06,.0017076480519583
16.5,1102,602,88,412,.0009946826568729,.0014027548736686,3.05193152972e-07,.0005510341225357,.0001670746755575,.0001441630258718,.0002314163469352,.0002019847452492,.0010209899443605,.0023064224344149,5.49294996850e-06,.0019214017035401
16.6,1136,709,20,407,.0010892640742607,.0015632743257363,1.88376804979e-06,.0005729420097476,.0001722294296128,.0001697866866164,.0000525946243034,.000199533474069,.0011180728435234,.0025703499903682,.0000339045733792,.0019977923481271
16.7,2639,1670,47,922,.0011299513153109,.0016173844664324,2.53494925284e-07,.0006190863336482,.0004000998809403,.0003999206863884,.0001235973671131,.0004520144056305,.0011598361774762,.0026593183801942,4.56247110492e-06,.0021586930599439
16.8,882,539,53,290,.0009157014318846,.001361494500721,2.64140954123e-07,.0004248661431294,.0001337203846114,.0001290761975829,.0001393757544041,.0001421737284521,.0009399198302401,.0022385817506254,4.75408124822e-06,.0014814663880141
16.9,2562,1605,32,925,.0008921087770783,.0012280161878893,3.19830863655e-07,.0005497586544565,.0003884258791092,.0003843549111697,.0000841513988855,.0004534851683386,.0009157031987833,.0020191154839228,5.75640349507e-06,.001916954271993
17,1441,800,65,576,.0008890844863549,.001208820302264,3.19407155100e-07,.0005606275372374,.0002184706056972,.0001915787719226,.0001709325289862,.00028238643996,.0009125989218603,.0019875534326438,5.74877747243e-06,.0019548529955688
17.1,3201,2028,112,1061,.000937875773792,.0013449396364545,1.53238358985e-07,.0005103810025608,.0004853049332664,.0004856521868238,.0002945298960993,.0005201597444403,.0009626806373717,.0022113620908976,2.75802596146e-06,.0017796482788804
17.2,2196,1376,112,708,.0006176471530603,.0010440149496049,7.64933064442e-08,.0001952169311998,.0003329364678079,.0003295154877069,.0002945298960993,.0003470999991175,.0006339826356479,.0017165789596125,1.37674748313e-06,.000680702208497
17.3,1161,642,128,391,.0014458412480575,.0015982972020598,.0000149569180117,.00085361676249,.0001760196899476,.0001537419644679,.0003366055955421,.0001916894062923,.0014840807419417,.0026279349249755,.0002691987075109,.0029764775619907
17.4,4553,2903,129,1521,.0011038484035117,.0017526304007545,3.40176422614e-07,.0003810526570254,.0006902822121718,.0006951914686141,.0003392353267573,.0007456766930195,.00113304289795,.0028816909863702,6.12258843845e-06,.0013286930779857
17.5,2884,1760,155,969,.0010028978370853,.0013543442056109,4.67104346633e-07,.0005617458483427,.0004372444322213,.0004214732982297,.0004076083383517,.0004750563547244,.0010294223990033,.0022268251697971,8.40707198420e-06,.0019587524362294
17.6,1475,905,106,464,.0008358369407189,.0012485728076417,1.08352707001e-07,.0004189865408959,.0002236253597526,.0002167234857374,.0002787515088083,.0002274779655234,.0008579430893889,.0020529148667392,1.95016170158e-06,.0014609647942187
17.7,869,495,91,283,.0009860311162628,.0014301706995503,1.47729113158e-07,.0004993526042538,.0001317494492373,.0001185393651271,.0002393055405807,.0001387419487998,.0010121095884952,.0023514997868865,2.65886904593e-06,.0017411933403787
17.8,1150,718,82,350,.0011154921516698,.0016843157219919,1.68611068593e-07,.0005409531242799,.0001743519754003,.0001719419478005,.0002156379596441,.0001715889826146,.0011449945990297,.0027693673647201,3.03470820003e-06,.0018862502556901
17.9,4461,2752,189,1520,.0008242578982264,.0011412654938698,1.96773045337e-07,.0005095896364509,.0006763340541398,.0006590309754137,.0004970191996676,.0007451864387834,.0008460578053051,.0018764791968257,3.54157517185e-06,.0017768888632115
18,7070,4452,127,2491,.0012366543727468,.0014261929633184,.0000148673903522,.0007683941759384,.0010718856226784,.0010661358657493,.0003339758643269,.0012212233019799,.0012693613088554,.0023449595564758,.000267587364171,.0026793147978652
18.1,4082,2457,162,1463,.0012939185313564,.0016698366474807,4.26220245487e-06,.0008218958953001,.0006188737074644,.0005883863032673,.0004260164568579,.000717241947329,.0013281399853596,.0027455607375544,.0000767122873244,.0028658700228862
18.2,6441,4051,214,2176,.0013844787504712,.0018464205238747,.0000102942289265,.0007398637508622,.0009765226726551,.0009701070063231,.0005627624800469,.0010667932176268,.0014210953339187,.003035901567386,.0001852783521085,.002579832016124
18.3,2527,1488,160,879,.0007750423312925,.0011190735674562,2.86829949073e-07,.0004037598237385,.0003831195146405,.000356336515776,.0004207569944276,.0004309334734807,.0007955405889866,.001839991027792,5.16244399452e-06,.0014078707314574
18.4,5462,3314,308,1840,.0010487812469752,.0016386707900369,1.73614538616e-06,.0004001511941678,.0008280960779447,.0007936150626894,.0008099572142731,.0009020677943168,.0010765193296543,.0026943175487796,.000031247620241,.0013952877956263
18.5,5479,3243,236,2000,.0015314812764736,.0019346249777173,.0000160812568878,.0008897085455506,.0008306734549724,.0007766124466812,.0006206165667807,.0009805084720835,.0015719857709912,.0031809281397235,.0002894348665914,.0031023260541629
18.6,10666,6590,314,3762,.0012794712160916,.0015301128326337,.0000236328769282,.0006432533092964,.0016170766692344,.0015781301337124,.0008257356015642,.001844336435989,.0013133105686542,.0025158255591321,.000425350992688,.0022429609233681
18.7,8697,5234,250,3213,.0010666926249995,.0014624411546952,2.20501176071e-06,.0005690367087003,.0013185557652664,.0012534041153036,.0006574328037931,.0015751868604021,.0010949044263744,.0024045591653367,.0000396864056862,.0019841749480822
18.8,2509,1352,228,929,.0012841364309757,.0017675087808939,7.50385434479e-06,.0006805124137714,.0003803905271994,.0003237681245492,.0005995787170593,.0004554461852828,.0013180991687691,.0029061541555137,.0001350564260222,.0023728797503208
18.9,2849,1769,133,947,.001351267669092,.0018735238590113,.0000112370061494,.000557594005806,.0004319380677526,.0004236285594138,.0003497542516179,.0004642707615315,.001387005888511,.0030804651197071,.0002022467148211,.0019442753702973
19,11308,7058,279,3971,.0015888607367336,.0020158023360588,5.01177795854e-06,.0010880326535232,.0017144105546318,.0016902037152871,.0007336950090331,.0019467995713217,.0016308827986347,.0033144006971601,.0000902033525701,.0037938626819821
19.1,2908,1583,275,1050,.001339669867517,.0015447219007875,.000027317178521,.0007077110492901,.0004408830821427,.0003790864949418,.0007231760841724,.0005147669478438,.0013751013492059,.0025398459230376,.0004916620619925,.002467718713068
19.2,4933,3012,329,1592,.001644453676221,.0020794923884442,.0000158058115279,.0008006098588904,.0007478941692606,.0007212940762886,.0008651815697918,.0007804847437784,.0016879460557468,.0034191204656871,.0002844773255515,.0027916477107886
19.3,6024,3762,215,2047,.0015672009890343,.0024927262684512,3.07592885715e-06,.0005562824536995,.0009133011302708,.000900899174966,.0005653922112621,.0010035504211774,.0016086501956577,.0040985634028668,.0000553614101577,.0019397021173015
19.4,5194,3136,304,1754,.0010090065253338,.0015647651754893,1.16820994027e-06,.0004295954243889,.0007874644871558,.0007509887859366,.0007994382894124,.0008599059300172,.0010356926493508,.0025728012592116,.0000210257625118,.0014979569258898
19.5,8072,5061,357,2654,.0017015212876667,.0022094401419809,.0000196090432762,.0008619434462633,.0012237992568967,.0012119752058753,.0009388140438166,.0013011347424547,.0017465229868235,.0036327817544018,.000352928932375,.0030055118880564
19.6,14293,8794,508,4991,.0016634083898008,.0022404904701868,7.70402625406e-06,.00098800029996,.0021669676386057,.0021059296503592,.0013359034573076,.0024468588920843,.0017074020820779,.0036838349889437,.0001386591748781,.0034450597191802
19.7,8254,5012,360,2882,.0012645068766861,.0016341311312421,.000016360233171,.0006362088905889,.001251392352134,.0012002410060951,.0009467032374621,.0014129127082723,.001297950453595,.0026868534001351,.0002944559581578,.0022183977292728
19.8,12254,7589,607,4058,.0014952034282508,.0015693277821913,.0000380496390394,.0007325086366565,.0018578340057002,.0018173641251507,.0015962468476097,.0019894516898573,.0015347484491353,.0025803031390157,.0006848278263383,.0025541854574326
19.9,9907,6107,348,3452,.0014248748918946,.0017345880692518,1.02998803498e-06,.0010364233067559,.0015020043654702,.0014624644501641,.00091514646288,.001692357622816,.001462559869265,.0028520256193642,.0000185380067973,.0036139059737823
20,10449,6292,499,3658,.0012233580729214,.0018618614745775,2.19875111795e-06,.0005235918039885,.0015841772095285,.0015067670411712,.0013122358763711,.0017933499954406,.0012557133495539,.0030612897202115,.000039573724923,.0018257130420778
20.1,5109,2927,486,1696,.0010823238524067,.0014328725758306,3.81562676816e-07,.0007288137175658,.0007745776020175,.0007009388317718,.0012780493705738,.0008314711843268,.001110949067236,.0023559422366579,6.86746957848e-06,.0025413016385456
20.2,12888,7999,510,4379,.0010908229685067,.0016334504506684,3.09528641008e-07,.0005775416939477,.0019539550077905,.0019155482457611,.001341162919738,.0021468232996267,.00111967296728,.0026857342188902,5.57098126979e-06,.0020138309938235
20.3,7541,4503,450,2588,.0011756769973273,.0014521808993357,6.85724210422e-06,.0007190495648808,.0011432941273858,.0010783490124593,.0011833790468276,.001268777962876,.0012067712086796,.0023876891593307,.0001234185217905,.0025072549999884
20.4,17959,11430,575,5954,.0016968280101863,.0023279820413701,3.09681638959e-06,.0010053039404136,.0027227714140991,.0027371817038441,.0015120954487242,.0029189737213924,.0017417055819149,.0038276894330716,.0000557373496882,.0035053958088801
20.5,9680,5635,512,3533,.0014436252773004,.0018534571107294,.0000155477550742,.0006536539623339,.0014675888016304,.0013494329747298,.0013464223821683,.0017320682159354,.0014818061633669,.0030474711880573,.0002798327548096,.0022792269759533
20.6,18548,11566,652,6330,.0013776373825256,.0015858790223089,.0000183150343711,.0009112509465357,.0028120699475868,.002769750095071,.0017145847522925,.0031033093141441,.0014140730260199,.0026075168398847,.0003296390056328,.0031774422842805
20.7,14781,8870,788,5123,.0018356481700811,.002345828935856,.0000147750286416,.0011115932456283,.0022409535203407,.0021241296336918,.0020722281975559,.0025115724512418,.0018841972463144,.0038570334607414,.0002659250128036,.0038760161457255
20.8,15797,9720,740,5337,.0015427795199117,.002147734810395,3.44543453258e-06,.0009295443358757,.0023949897003466,.0023276820788596,.0019460010992276,.0026164868577547,.0015835828294697,.0035313252820244,.0000620118745225,.0032412295308482
20.9,16206,9984,603,5619,.0011984358757517,.0014999164918226,5.20412473190e-07,.0009228388036142,.0024569983594237,.002390903073594,.001585727922749,.0027547385523185,.0012301320121033,.0024661764585006,9.36652624864e-06,.0032178480004068
21,11792,6925,736,4131,.0011298074858055,.0012561012040802,.0000191675297028,.000655329470225,.0017877899947133,.001658353744455,.001935482174367,.0020252402490884,.0011596885439796,.002065293125241,.0003449824501359,.0022850693069172
21.1,23062,14456,751,7855,.0015999472267608,.0019331424043194,.0000187850465788,.0009782509504488,.0034964393536363,.0034618284086414,.0019749281425945,.0038509470241078,.001642262503265,.0031784904789391,.0003380984140982,.0034110646978318
21.2,10455,5917,860,3678,.0009753239800218,.001265904807604,5.62428107012e-06,.0005228269518314,.0015850868720088,.0014169644918325,.0022615688450483,.0018031550801615,.0010011192707698,.0020814123001089,.0001012273513547,.0018230460779504
21.3,18221,10914,932,6375,.0018296564249354,.0020609658495618,.000031275327943,.001158542017033,.0027624933424077,.002613613395954,.0024509094925408,.003125370754766,.0018780470319715,.0033886589604645,.0005629019195426,.0040397218867441
21.4,12662,7498,816,4348,.0013583364641563,.0016826599211753,.0000192535988338,.0007157233469008,.001919691054364,.0017955720398446,.0021458606715808,.0021316254183094,.0013942616385027,.0027666448818245,.000346531545933,.0024956568055543
21.5,19988,12044,877,7067,.0018786806489338,.002361135576515,.0000135003911334,.0012772907112855,.0030303889428706,.0028842184112947,.0023062742757063,.0034646266861069,.0019283678447319,.0038822007797606,.0002429837377701,.0044537868858041
21.6,22169,13376,1092,7701,.0019411184783003,.0023933201457572,.0000138699397349,.00129747472922,.0033610512544776,.0032031970665458,.0028716664869684,.0037754478717573,.001992457024824,.0039351189438217,.0002496349747306,.0045241665680375
21.7,30854,19252,1062,10540,.0018583023351263,.002260375215456,.0000202793689664,.0011394162418406,.0046777876947834,.0046103431463173,.0027927745505132,.0051672796478798,.0019074505669079,.0037165296695698,.0003649936377679,.0039730321927062
21.8,24454,14829,1241,8384,.0014974384152038,.0019064557761129,8.28699051098e-07,.0010290502373052,.0037074810490774,.0035511520110503,.0032634964380291,.0041102915149738,.0015370425468448,.0031346120799759,.0000149151525265,.0035881968069202
21.9,23618,14252,1203,8163,.0016637842868052,.0018416474401315,.0000208558651604,.0011956669663105,.003580734743482,.0034129758218011,.0031635666518525,.0040019453288086,.0017077879207763,.0030280536192994,.0003753695741861,.0041691729277381
22,29506,18479,991,10036,.0020453124687849,.0021891746126823,.0000411273797213,.0012091828645677,.0044734168575315,.0044252301579471,.0026060636342359,.0049201915129148,.0020994067296495,.0035994609851806,.0007402218462135,.0042163015335255
22.1,30143,18516,1321,10306,.0021062925324255,.0024635552373727,.0000307456028915,.0013370528988383,.004569992690862,.0044340906761485,.0034738749352429,.005052560156646,.0021619995891443,.0040506001259057,.0005533677829588,.0046621717466962
22.2,27386,16496,1322,9568,.001747286432227,.0020428719326476,.0000119087473673,.001288829433032,.0041520027811414,.003950354277044,.003476504666458,.0046907525304472,.0017934985242728,.0033589087762514,.0002143368972702,.004494021271868
22.3,22509,13350,1389,7770,.0021977838081243,.0021729532087204,.0000541509322468,.0013691404057774,.0034125987950308,.0031969707564584,.0036526966578746,.0038092754140442,.0022559106187976,.0035727896039451,.0009746233120982,.0047740577224891
22.4,27083,16274,1604,9205,.0021018702201041,.0025343451923102,.0000242911451055,.0012559820501485,.0041060648258838,.0038971911678355,.0042180888691367,.0045127902427641,.0021574603158597,.0041669936193547,.0004371986836618,.0043794856835116
22.5,26289,15655,1379,9255,.0019026751220718,.0020914309284876,.0000292146873003,.0013171498492766,.0039856861576509,.0037489570930603,.0036263993457229,.0045373029545662,.0019529969217795,.0034387499227699,.0005258139447853,.004592771773501
22.6,26215,15805,1333,9077,.001933548007246,.0020618942787165,.0000327043389545,.0013477615381949,.0039744669870599,.0037848781127958,.0035054317098249,.0044500377005508,.0019846863305558,.0033901854921995,.0005886216511753,.0046995117172369
22.7,28824,17466,1548,9810,.0021402898864383,.0023228691732893,.0000262494332187,.0015738181414853,.0043700185555985,.0041826435380001,.004070823921087,.0048093940555693,.0021968961024615,.0038192828084594,.0004724444895558,.0054877488243326
22.8,31890,19565,1644,10681,.0024114229528351,.0023777301403439,.0000639002282738,.001418063324419,.004834856083057,.004685298340832,.0043232781177436,.0052364054951617,.0024752000745494,.0039094857138733,.0011500938126086,.0049446471204514
22.9,26050,15797,1512,8741,.0019785547721536,.0019045368574848,.0000488790774386,.0011038057424868,.0039494512688503,.0037829623250766,.0039761535973408,.0042853122772407,.002030883430788,.0031314569763604,.0008797390251457,.0038488618894092
23,35599,21856,1611,12132,.0022988725125148,.0027208180940392,.0000128968146521,.0015723324473647,.0053971791063264,.0052339320489254,.0042364969876429,.0059477643916582,.0023596729091703,.0044735940753799,.0002321204029221,.005482568355288
23.1,40329,24981,1524,13824,.0028285568603026,.0026670270472954,.0000878628380131,.0017825185292173,.0061142963616685,.005982286626748,.0040077103719229,.0067772745590408,.0029033663062952,.0043851503427581,.001581379426755,.0062154665175175
23.2,25396,15104,1560,8732,.0018687734427598,.0018622732316859,.0000239360592944,.0014336623329183,.0038502980584922,.0036170072138987,.0041023806956691,.0042808999891164,.00191819861356,.0030619667350273,.0004308077519663,.0049990393264481
23.3,22158,13067,1474,7617,.0018340518589268,.0017921048945602,.0000510065864823,.0010695833646712,.0033593835399303,.0031291997658907,.0038762238111643,.0037342665159298,.0018825587160502,.0029465953112881,.0009180305157005,.0037295318291736
23.4,31217,19342,1422,10453,.001983535591428,.0020543310526311,.000030419722367,.0011396673485347,.0047328222748445,.0046318957581586,.0037394777879753,.0051246275293442,.0020359959823729,.0033777499664728,.0005475024960104,.0039739077770123
23.5,31814,19406,1801,10607,.0019980824338,.0021629415643939,.0000299362543637,.0012293374554815,.0048233336916393,.0046472220599124,.0047361459185257,.0052001266816946,.0020509275584704,.0035563283664806,.0005388009064517,.0042865786066361
23.6,32377,19282,1944,11151,.0023951809284854,.0021402744565256,.0000478230978692,.0017564810648827,.0049086903543787,.0046175273502644,.0051121974822953,.0054668249861013,.0024585284824366,.0035190588997391,.0008607332155926,.0061246764443036
23.7,33320,20480,1537,11303,.0026433044253954,.0024401481690633,.0000865890795535,.0014118602043933,.005051658974207,.0049044165612185,.0040418968777201,.0055413436299796,.0027132143297813,.0040121140094173,.0015584539730796,.0049230174519843
23.8,40280,24463,2122,13695,.0025813965616512,.002565535874572,.0000654959818123,.0015887078448094,.0061068674514123,.0058582393719282,.005580289638596,.0067140317625914,.0026496691317998,.0042182776253231,.0011788146219192,.005539667753056
23.9,32735,20405,1420,10910,.0030893966078669,.0029165802680425,.0000946275987231,.001648182948587,.0049629668823729,.0048864560513508,.0037342183255449,.0053486737152152,.0031711047226761,.004795468038113,.0017031334430786,.0057470515811043
24,31613,19190,1774,10649,.0027114758841053,.0026435252510645,.0000729832523758,.0015218979966376,.0047928599985476,.0045954957914933,.004665143175716,.0052207173596083,.0027831887817879,.0043465084737519,.0013135725685014,.0053067083938429
24.1,27635,17052,1685,8898,.0023824873133518,.0023670861737805,.0000486876348909,.0014697124113228,.0041897537740759,.0040835015235302,.0044310970975657,.0043622821922993,.0024454991475835,.003891984806385,.0008762933897303,.0051247423985924
24.2,42308,26157,2038,14113,.0031954560906125,.0032728027108818,.0000814210844161,.0018113058260399,.0064143333697704,.0062639074214743,.0053593922165215,.0069189580332569,.003279969258153,.005381172247187,.0014654389809319,.0063158449857343
24.3,42047,25988,2186,13873,.0035784372127538,.0028335166882451,.0001278362227549,.0019867860016516,.0063747630518752,.0062234364059056,.0057485924363671,.0068012970166069,.0036730794344331,.0046588941380513,.0023008313552147,.0069277270717406
24.4,31273,18503,2118,10652,.0027856987632131,.002474389593241,.0000568230281029,.0019530576763931,.0047413124579944,.0044309775211048,.0055697707137353,.0052221881223165,.002859374701676,.0040684140732361,.0010227164252809,.006810119724103
24.5,32180,19104,2018,11058,.00264835721127,.0023178011681181,.0000897026459292,.0012936424584351,.0048788231029406,.0045749010735116,.0053067975922181,.0054212313421494,.0027184007513332,.0038109499478549,.0016144927936062,.004510803817323
24.6,48036,30317,1837,15882,.0036178290748939,.0034649775012008,.0000932501966851,.0022191401189193,.0072827578176773,.0072601170354718,.0048308162422719,.0077862177768147,.0037135131293979,.00569714780075,.0016783425838877,.0077379229897146
24.7,40917,25497,2355,13065,.0028978888173494,.0025424476672022,.0000780004379024,.0017409141777891,.0062034432847427,.0061058549346381,.0061930170117312,.0064051715938852,.0029745319494061,.0041803157829173,.0014038732479636,.0060703962424845
24.8,36874,22442,1975,12457,.0030139294677352,.0021439324147271,.0001240559903791,.0013722749244729,.0055904823834006,.0053742634993587,.0051937191499657,.0061070970183718,.0030936416336479,.0035250733481779,.002232793697399,.0047849874804024
24.9,42578,26385,2314,13879,.0025424784110442,.0026618232959275,.0000412671801659,.0017920476394786,.0064552681813861,.0063185073714722,.0060851980319092,.0068042385420231,.002609721677053,.0043765942870113,.0007427380129105,.0062486935862969
25,35316,21962,2156,11198,.0024764133302935,.0022786136876947,.0000584217213166,.0014514474080152,.0053542733593365,.0052593162362051,.0056697004999119,.0054898669351953,.0025419093123216,.0037465175329739,.0010514901436696,.0050610541313235
25.1,48749,30716,2057,15976,.0030638046689147,.0030157105053263,.000055681577368,.0020741065779331,.0073908560424254,.0073556669479682,.0054093571096098,.0078323016750026,.0031448359301659,.0049584588838353,.0010021722822774,.0072322053193839
25.2,33430,20453,2250,10727,.0027371630409513,.0025573513260042,.0000889034134644,.001403996302122,.00506833611968,.0048979507776661,.0059168952341381,.0052589571900196,.0028095553105072,.0042048205154696,.0016001079887721,.004895596799428
25.3,49997,31508,2117,16372,.0036017128549969,.0032255375266652,.0001128857645573,.0019861099636131,.0075800658383381,.0075453299321715,.0055671409825202,.0080264423524751,.0036969706690038,.0053034583976111,.0020317489132075,.0069253697936963
25.4,46104,29213,2347,14544,.0033169480746934,.0023276919742746,.0001444789824019,.0014412086581101,.0069898464990048,.0069957383302186,.0061719791620099,.0071302576089909,.0034046744525282,.0038272125020917,.0026003723022779,.0050253526190122
25.5,45043,28181,2112,14750,.0029924508690981,.0022668559636984,.0001151934630425,.0016749025510674,.0068289878503963,.0067486017144384,.0055539923264443,.0072312499816155,.0030715949707491,.0037271853752948,.0020732835026903,.0058402202028358
25.6,51381,32090,2478,16813,.0030943611760387,.0026870181320677,.0000876928228565,.0017042667751594,.007789894650472,.0076847034887452,.0065164739511974,.0082426444705695,.0031762005933505,.0044180198677711,.0015783194473947,.0059426103596086
25.7,55417,35068,2013,18336,.0043521620572396,.003503982110165,.000159777810911,.0020346192115066,.0084017942789204,.0083978554672271,.0052936489361422,.0089893016720611,.0044672676918272,.0057612795366999,.0028757248085808,.0070945167625102
25.8,44948,28666,2118,14164,.0028282032735491,.0024830851108114,.0000890572000052,.0016096048986107,.0068145848611241,.0068647463449165,.0055697707137353,.006943960999295,.0029030033679075,.004082711323012,.0016028758810601,.0056125337211165
25.9,65168,42381,2170,20617,.0036016963561705,.0037960927669156,.0000443217256253,.0025906218055569,.0098801474199016,.0101491249160646,.0057065167369243,.0101075715844723,.0036969537338178,.0062415705588222,.0007977145588189,.0090332430367835
26,42034,26520,2262,13252,.0024154273078822,.0022667702501084,.0000808262372251,.0013567945587456,.0063727921165011,.0063508362892341,.0059484520087202,.006496849136025,.0024793103364591,.0037270444442236,.0014547327582418,.0047310089700645
26.1,61417,40075,2394,18948,.0035586267014326,.0030936076154335,.0001116150463603,.0020045476678707,.0093114567592698,.0095968991059977,.006295576529123,.0092893372645186,.0036527449762904,.0050865380270269,.0020088781790108,.0069896602521653
26.2,65262,41460,2726,21076,.004042307554949,.0040048906645059,.0001125340232882,.0022404953571,.0098943987987604,.0099285698548887,.0071686472925602,.0103325982788154,.0041492181824006,.0065848779778879,.0020254181774944,.0078123866015706
26.3,56572,36007,2554,18011,.0033451220498426,.0027557475240317,.0001118640800377,.0017941951324034,.0085769043063877,.0086227210507712,.0067163335235506,.0088299690453475,.0034335935707225,.0045310253646723,.0020133603553545,.0062561816825787
26.4,71141,46029,2627,22485,.0056949393310214,.0038127931420563,.0002663922965944,.0027838506173358,.0107857164190894,.0110227241160316,.0069083039022582,.0110233664973982,.0058455586317307,.0062690294688647,.0047946015267293,.0097070128687069
26.5,80240,52254,2682,25304,.0044839121195492,.0038472958835314,.0001645793454405,.0025153796371816,.0121652195705392,.0125134464350543,.0070529391190926,.0124053931887998,.0046025022692651,.0063257591929817,.0029621441423225,.0087708810076789
26.6,64199,41588,2648,19963,.0028518676206975,.0027817957766108,.0000694449818517,.0018350852015099,.0097332369293251,.0099592224583963,.0069635282577768,.009786945314101,.0029272935878198,.0045738541405713,.0012498898063742,.0063987613255189
26.7,73556,47906,2697,22953,.0042113713997663,.0036091242330366,.0001489411065601,.0021771628766034,.01115185556743,.011472215809655,.0070923850873202,.0112528054798657,.0043227534142866,.0059341551798684,.0026806828351844,.007591552480889
26.8,72380,46994,2607,22779,.0045658239306292,.0037302797748291,.0001738078396256,.0024159907660095,.0109735617212815,.0112538160096632,.0068557092779547,.0111675012427945,.0046865804773842,.0061333602333593,.0031282411086202,.0084243218045858
26.9,74523,48379,2710,23434,.004463203555249,.0038390443830187,.0001715292643776,.0023602557013076,.0112984628371797,.0115854867585542,.0071265715931175,.0114886177674018,.0045812460065097,.0063121920001262,.0030872306871384,.0082299791243678
27,58925,37951,2592,18382,.0032723717035563,.002701388673722,.0001169199569013,.0017712931229893,.008933643609098,.0090882574665432,.0068162633097271,.009011853366919,.0033589191290865,.0044416480442176,.0021043574120974,.0061763246318024
27.1,84847,56073,2771,26003,.0048838014593732,.0038085922386136,.0002310227945879,.0021422577135899,.0128636887450342,.0134279955975198,.007286985197243,.012748080899793,.0050129678504191,.0062621223048783,.0041580115408773,.0074698416159288
27.2,50867,32512,2732,15623,.0034298250355176,.0026348923377276,.0001441307169353,.0014779229852969,.0077119668979888,.0077857612909344,.0071844256798513,.0076592419296799,.0035205367741995,.0043323141584312,.0025941041250114,.0051533718612261
27.3,74368,48443,2959,22966,.0040052236840211,.0036998193857229,.0000971179011945,.0023174332954352,.011274963223104,.011600813060308,.0077813746656954,.0112591787849343,.0041111535202154,.0060832769820984,.0017479545891262,.008080661613477
27.4,77640,51976,2265,23399,.0046839932663416,.003935515116512,.0001608438271921,.0024459663773413,.0117710324957212,.0124468728118112,.0059563412023657,.0114714588691404,.0048078751462521,.0064708100653135,.0028949112616216,.0085288438084365
27.5,69502,45438,2422,21642,.0044701366930157,.0038088789120848,.000150271641973,.0020974764703019,.0105372269515406,.0108811952982738,.0063692090031478,.010610082176415,.0045883625113505,.0062625936560301,.0027046301760178,.0073136938319326
27.6,67237,44359,2539,20339,.0061448422719265,.0036085933367374,.0003593669290555,.0019433912699798,.0101938293652087,.0106228034296432,.006676887555323,.0099712809068527,.0063073605696939,.0059332822753018,.006467984430229,.0067764139171664
27.7,69177,45803,2321,21053,.0046967738438013,.0033453386865976,.0002372707195867,.0018432305168994,.0104879535671884,.0109686031129635,.0061036061504154,.0103213224313865,.004820993743404,.0055004365640205,.0042704634064948,.0064271632378964
27.8,79740,52180,3295,24265,.0052842506809336,.0033236260110852,.0003169441533372,.0021261006464084,.0120894143638435,.0124957253986515,.0086649643539934,.0118960190375525,.0054240081210172,.005464736383716,.0057044476920157,.0074135035142813
27.9,68811,45336,2940,20535,.0045341942535009,.0032083245073644,.0002123546411134,.0018488773793731,.010432464155887,.0108567690048536,.0077314097726071,.0100673707371169,.0046541142610807,.0052751565933369,.0038220170008924,.0064468532910763
28,70415,45904,2915,21596,.0054985407416256,.0031564551438322,.0003342192793741,.0018845919895836,.0106756472589671,.0109927899329187,.0076656664922278,.0105875304815571,.0056439657081242,.0051898725098843,.0060153701425879,.0065713866186748
28.1,81171,53542,2924,24705,.0062129284082057,.0041591820213293,.0002727819637552,.002418645686566,.0123063688654068,.0128218882578497,.0076893340731644,.0121117309014109,.006377247442669,.0068385652424938,.0049096045066056,.0084335792510332
28.2,70737,47122,2695,20920,.0054759681378545,.002875285544354,.0003456276839407,.0016852340045503,.0107244658120792,.0112844686131708,.0070871256248899,.0102561186179929,.0056207961059309,.0047275708745202,.0062207017330723,.0058762449633912
28.3,66642,43879,2690,20073,.0052249546339926,.0033091003213315,.000276115028073,.0016836153485391,.0101036211692407,.0105078561664896,.007073976968814,.0098408732800656,.0053631438169612,.0054408531113409,.0049695939112216,.005870600869332
28.4,65273,43457,2961,18855,.0038075057295546,.0027266850051918,.0001696094959912,.001685642291303,.0098960665133077,.0104067983643004,.0077866341281258,.0092437436205668,.0039082063370762,.0044832405045294,.0030526781698392,.0058776686190777
28.5,69130,45276,2752,21102,.0045179088903398,.0032852262479236,.0002004892017908,.0019614727274937,.0104808278777589,.0108424005969595,.0072370203041547,.0103453448889525,.004637398183935,.0054015991407846,.0036084595736732,.0068394621783337
28.6,60948,40182,2364,18402,.0060378312173534,.0036424639337694,.0003065708334973,.001996587876651,.0092403514753892,.0096225227667423,.0062166845926678,.0090216584516399,.0061975192952939,.0059889726217253,.0055177458399821,.0069619052442919
28.7,86565,58746,2866,24953,.0048200177403356,.0038272793879645,.0001924975075989,.0020903332828184,.0131241554352409,.0140681081692062,.0075368096626844,.0122333139519492,.0049474971846733,.0062928478873069,.0034646228724486,.0072887862408449
28.8,73131,48326,2816,21989,.0040913810647211,.0031074688787687,.0001858437270694,.0016996751600979,.0110874211417386,.0115727946649144,.0074053231019258,.0107802003963215,.0041995895844409,.0051093288433882,.0033448663078142,.0059265998502037
28.9,68569,45955,2503,20111,.0054342641704423,.0030031796008975,.0003396620701325,.0016792485339248,.0103957744358463,.0110050030796288,.0065822172315768,.0098595029410352,.0055779891553184,.0049378554557947,.0061133309815979,.0058553742169416
29,77367,50052,3211,24104,.0056464922350845,.0031418945063591,.0003710794595317,.0018606903214702,.0117296428528653,.0119861258653374,.0084440669319189,.0118170881055498,.0057958302108688,.0051659317761483,.0066787897621429,.0064880438564894
29.1,55315,36554,2609,16152,.0067232079637861,.0031886347289204,.0004429791735067,.0015473349684256,.0083863300167545,.0087537130360733,.006860968740385,.007918586420546,.0069010228311917,.0052427824789536,.0079728605096951,.0053954046087007
29.2,87692,58479,3087,26126,.0062632577099174,.0039836730286106,.0003357725283294,.0025936700626432,.0132950203711332,.014004168754077,.0081179802612375,.0128083821708261,.0064289078497338,.006549991746264,.006043325942765,.0090438720089631
29.3,64609,42574,2811,19224,.0045606190591794,.0025018877951551,.0003011343189159,.0012441775031702,.0097953971988157,.0101953432947909,.0073921744458499,.0094246474336662,.0046812379479098,.0041136268691359,.005419897961325,.0043383243910505
29.4,61749,40652,2887,18210,.0053859394553992,.003238222999143,.0003097198089286,.0013985571211423,.0093617914165158,.0097350752952468,.007592034018203,.0089275296383198,.0055283863520704,.0053243159678561,.0055744219623901,.0048766309111596
29.5,55362,36479,2820,16063,.0050506333379616,.0026684718599341,.0002699238224927,.0015199137152926,.0083934557061839,.0087357525262056,.0074158420267864,.0078749537935383,.0051842120852116,.0043875259169556,.0048581628972343,.0052997894002621
29.6,62522,41067,3237,18218,.006248846882694,.002726400540943,.0004575878890632,.0013586234277958,.0094789862660675,.0098344567831817,.0085124399435134,.0089314516722082,.0064141158861027,.0044827727858013,.0082357921740343,.0047373860562827
29.7,66576,44077,2917,19582,.0048812834641133,.0026819954307312,.0002949534432975,.0017282885271406,.0100936148819569,.0105552719125405,.0076709259546582,.0096001584501691,.0050103832594217,.0044097614961473,.0053086528688241,.0060263718424115
29.8,68761,45511,3117,20133,.0058196954626815,.002869585515927,.000402880276451,.0015287627201035,.0104248836352175,.0108986768612117,.0081968721976927,.0098702885342281,.0059736143035996,.0047181988354792,.007251149576229,.0053306450083324
29.9,51882,33426,2839,15617,.0049626125894541,.0024400413288506,.0003551171521741,.0010829089141622,.0078658514675812,.008004640037856,.0074658069198747,.0076563004042636,.0050938633709757,.0040119383417592,.0063914957817799,.003775996707564
30,72116,47843,3108,21165,.0077270822599987,.0033762490308089,.0005528890536693,.0016935504970288,.0109335365721462,.0114571289813661,.0081732046167561,.0103762309058231,.0079314475146353,.005551259635594,.0099510486403848,.0059052437534154
30.1,67221,44415,3428,19378,.0068148797917756,.0027802277556669,.0005452551666507,.0016730807130307,.0101914035985944,.0106362139436778,.0090147186056113,.0095001465860166,.0069951191883683,.0045712759861478,.00981365185068,.0058338676330692
30.2,53386,34030,3181,16175,.00673234652951,.002522426731735,.0005591299213758,.0012903245362961,.0080938735293221,.0081492820106575,.0083651749954637,.0079298622679749,.0069104030929722,.0041473971771179,.010063373486923,.0044992345496689
30.3,65665,43771,2878,19016,.0070964737312481,.0024941311021407,.0005551408905292,.0016878206747808,.0099554977953572,.0104819930322801,.0075683664372664,.0093226745525695,.0072841607018679,.0041008732433093,.0099915778170326,.0058852644276748
30.4,62489,41673,3195,17621,.0069919731091565,.0029296744411607,.0005117126389776,.0016138432902684,.0094739831224256,.0099795777029131,.0084019912324761,.0086387698932913,.0071768962556671,.0048169975977009,.0092099442493419,.0056273125753076
30.5,47630,30838,2753,14039,.0082995698370719,.0028441917379964,.0006404985327591,.0012978995105314,.0072212039898403,.0073848827106864,.0072396500353699,.0068826792197898,.0085190761974362,.0046764461528025,.0115278680438363,.0045256477386254
30.6,55869,37139,2946,15784,.008660647147628,.0031495699623136,.0006446022401435,.0018718419831003,.0084703221857734,.0088938050130417,.0077471881598982,.0077381728616826,.0088897032518713,.0051785518312557,.0116017276934653,.0065269286020562
30.7,48782,32102,2365,14315,.0085675090619571,.002873670230861,.0006940531676814,.0015694781288882,.0073958591860674,.0076875771703241,.006219314323883,.0070179893889373,.0087941018575472,.0047249149612536,.0124917590333447,.0054726156279363
30.8,36260,22533,2620,11107,.0080463938197735,.0030935994270862,.0005880600579979,.0008748367985982,.0054973935895782,.0053960555846649,.0068898957837519,.0054452537997155,.0082592042010473,.0050865245636711,.0105840660106552,.0030504697375388
30.9,46939,30371,3275,13293,.0079987715804818,.0025171917523952,.0006583925680901,.0018487943587027,.0071164411941867,.0072730486025765,.0086123697296899,.0065169495597027,.0082103224525733,.0041387897760532,.0118499297934222,.0064465638061767
31,45964,29858,2948,13158,.0072915090867944,.0026116234976742,.0005722507264414,.0012084037888866,.0069686210411299,.0071501987150812,.0077524476223285,.006450765237837,.0074843543369248,.0042940553181097,.0102995253306651,.0042135849733715
31.1,45457,29780,3002,12675,.0064225642467824,.0026127579866005,.0005104150665583,.0010299164568673,.0068917545615404,.0071315197848187,.0078944531079478,.0062139724418289,.0065924277131658,.004295920655212,.0091865901854974,.0035912172292033
31.2,40934,26269,2755,11910,.0068856557390255,.0025334296410381,.0005173126275642,.0012184539211209,.0062060206617704,.0062907284495434,.0072449094978002,.005838927951257,.0070677670122198,.0041654882615524,.0093107343779244,.0042486287944451
31.3,42842,27601,3147,12094,.0077809811567281,.0028707835715198,.0006389406776891,.0011945939523225,.0064952933305215,.0066097071047945,.0082757641341478,.0059291347306886,.0079867719250818,.0047201686894778,.0114998293415448,.0041654314336634
31.4,43580,28122,3030,12428,.011251935890017,.0031368552175918,.0009470665219254,.0012325117624121,.0066071818156044,.0067344727800091,.0079680855819727,.0060928796455266,.0115495261920152,.0051576461313185,.0170455626907692,.0042976471022059
31.5,42750,27799,2921,12030,.008719334889351,.0031258773863483,.0006221958141847,.0013764472425759,.0064813451724894,.0066571228508454,.0076814448795189,.005897758459582,.0089499431623014,.0051395962804597,.011198450701285,.0047995359426173
31.6,34612,21704,2851,10057,.007382455302932,.0024021665016286,.0006038196238722,.0011366731184135,.0052475396283089,.0051975320822601,.0074973636944568,.0049304868518716,.0075777058913251,.0039496642033162,.0108677109942663,.0039634671915379
31.7,35804,22679,3145,9980,.0095794269457814,.0029873170965352,.0007510393116425,.0009434384024116,.0054282592410716,.0054310187105408,.0082705046717175,.0048927372756964,.0098327828647654,.0049117741805742,.013517411262525,.0032896767721705
31.8,33590,21377,2592,9621,.0080340398907644,.0024069826998036,.0006234909274423,.0011104571904716,.0050925937858227,.0051192242592367,.0068162633097271,.0047167360049575,.0082465235363102,.003957583040547,.0112217605044648,.0038720548333058
31.9,34901,22338,2637,9926,.0058544112620655,.0020454942874781,.000470013698317,.0008155562367207,.005291355037779,.0053493582590088,.0069346012144099,.0048662635469502,.0060092482636739,.0033632204761254,.0084594352927764,.0028437642579322
32,27233,16681,2614,7938,.0060917490525729,.0019036664617993,.0005332220716629,.0007827671140506,.0041288063878925,.0039946568680511,.0068741173964609,.0038916381256992,.0062528631451141,.0031300258637879,.009597076910873,.0027294318172005
32.1,34031,21284,3053,9694,.0103759269849477,.0021366841020736,.0009760212657711,.001113019836595,.0051594539781284,.0050969532270007,.0080285693999216,.0047525245641885,.0106503486733703,.0035131556060054,.0175666981020535,.0038809905278945
32.2,31211,19560,2728,8923,.0073378992459715,.0021043603225704,.0006287966491126,.0009200738396498,.0047319126123642,.0046841009735075,.0071739067549906,.0043745385482003,.0075319714193278,.0034600085511559,.0113172543364788,.0032082068434362
32.3,37363,23881,3159,10323,.0077251810003416,.0027028546724788,.0005833419409784,.0010326777658156,.0056646198755491,.0057188658153545,.0083073209087299,.0050608944786587,.0079294959706146,.0044440584528248,.0104991480481081,.0036008456414925
32.4,27125,16337,2968,7820,.0070363809239496,.0018236618049836,.0006303725113962,.0006578499167245,.0041124324632462,.0039122779961244,.007805042246632,.0038337881258463,.0072224785648,.0029984814729601,.0113456171375347,.0022938578555747
32.5,23232,13604,3087,6541,.0071857622471053,.0018927305103089,.0006106414841429,.0007200837515091,.0035222131239129,.0032577970165438,.0081179802612375,.0032067529579489,.007375810713263,.0031120448720033,.0109904927041244,.0025108611068848
32.6,39746,25689,2900,11157,.0073405556182882,.0024718427528652,.0005471692003582,.001079331971882,.0060259074906612,.0061518338398995,.0076262205240002,.0054697665115175,.0075346980471675,.0040642265349214,.0098481011536567,.0037635242621936
32.7,34170,21417,2915,9838,.0041907898558539,.0015644913881135,.0003368290979962,.0007783270245101,.0051805278255898,.0051288031978329,.0076656664922278,.0048231211741785,.0043016275313442,.0025723510954961,.0060623423730546,.002713949662361
32.8,33920,21669,2913,9338,.0053816230985297,.0019388850588472,.0004243218062468,.0009429460458044,.0051426252222419,.0051891505109885,.0076604070297975,.0045779940561576,.005523955836539,.0031879326042059,.0076370601029545,.0032879599731824
32.9,26092,15757,2822,7513,.0073284003072654,.0018992396213403,.0006063995543334,.0008422066355203,.0039558189062127,.0037733833864805,.0074211014892168,.0036832800753815,.0075222212534492,.0031227472120862,.0109141452894243,.002936691573246
33,23850,13542,3395,6913,.0078333033327139,.0020953140963623,.0006743883825073,.0006509891018587,.0036159083593888,.0032429496617198,.0089279374755106,.0033891275337565,.0080404779138003,.0034451346630198,.0121378268430221,.0022699348699887
33.1,24795,14731,2788,7276,.0063468000444826,.001927769920237,.0004769839261048,.0008770072573723,.0037591802000439,.0035276836114897,.0073316906279009,.0035670898214396,.0065146597052931,.003169656991315,.0085848873618503,.0030580379134745
33.2,23186,13885,2672,6629,.0056777343633312,.0018140714236102,.0004760750569283,.0005327042004466,.0035152390448968,.0033250890601816,.0070266418069409,.0032498953307206,.0058278986284288,.0029827128799084,.008568529285446,.0018574870708753
33.3,19378,10757,2969,5652,.0070670839492757,.0019121368148167,.0006353862352195,.0004951180728625,.0029379065907018,.0025760160619642,.0078076719778471,.0027709169421078,.0072539936212885,.0031439528959397,.0114358555123117,.001726427946556
33.4,20470,12015,2662,5793,.0056530804429258,.0014319366066591,.0005113216940644,.0004952136685588,.0031034651621254,.0028772736808125,.0070003444947892,.0028400427893897,.005802592663105,.002354403307558,.0092029079157034,.0017267612793318
33.5,20961,12051,2609,6301,.0059589120832897,.0013704093785181,.0005573896325012,.0006978332849634,.0031779058751006,.002885894725549,.006860968740385,.0030890919412989,.0061165129142739,.0022532396744988,.0100320512910421,.002433275921908
33.6,23195,13700,2727,6768,.009156038140537,.0022564286373554,.0007839851572148,.0008095708624393,.0035166035386174,.0032807864691745,.0071712770237754,.0033180406695304,.0093981963062058,.0037100406696447,.0141103796159627,.0028228938474255
33.7,19934,11530,2583,5821,.004966736679876,.0015212950918598,.0004336765113965,.0004928710592085,.0030222019805475,.0027611290503344,.0067925957287906,.0028537699079989,.0050980965350118,.0025013273488435,.0078054286487645,.0017185928312952
33.8,17952,10541,2040,5371,.0046419752145312,.0013480664552147,.000403243779628,.0004149561604853,.0027217101412054,.0025242897935451,.0053646516789519,.0026331555017801,.0047647458043624,.0022165032349935,.0072576920059823,.0014469112547549
33.9,16149,8885,2233,5031,.0044526249346393,.0012667619871702,.0003580714536797,.0006467054889849,.0024483565658604,.0021277217356654,.0058721898034802,.0024664690615259,.0045703876033868,.0020828216826169,.006444668109547,.0022549983338718
34,19232,11020,2623,5589,.0056773931822635,.0011698013258752,.0005410999315626,.0005441337533352,.0029157714703466,.0026389975832338,.0068977849773975,.0027400309252372,.0058275484238314,.0019233980736426,.0097388647913243,.0018973407958856
34.1,18752,10934,2296,5522,.0056900324188512,.0015366600035326,.0004552724538305,.0005016632048629,.0028429984719186,.0026184028652521,.0060378628700361,.0027071838914224,.0058405219419392,.0025265904775983,.0081941183364516,.0017492501770879
34.2,18776,10991,2392,5393,.0073820793118069,.0012830608741767,.0006841682717024,.0006491362160661,.00284663712184,.0026320528527516,.0062903170666926,.002643941094973,.0075773199560168,.0021096204621851,.0123138479677533,.0022634740397557
34.3,13772,7498,2236,4038,.0043682299313657,.0010629668300032,.0003783676062206,.000461775235975,.0020879786132286,.0017955720398446,.0058800789971257,.0019796466051365,.0044837605278052,.0017477398152583,.0068099638226867,.0016101647588941
34.4,17237,10031,2002,5204,.0046937265084959,.0009574446113345,.0004562228275423,.0005160119385227,.0026133086956304,.0024021583264445,.0052647218927753,.0025512830443611,.0048178658124177,.0015742392150927,.008211223422852,.0017992827978823
34.5,15981,9030,2283,4668,.0045121956249499,.0011115487421263,.0003894634972224,.0003883314174067,.0024228860164106,.0021624453880763,.0060036763642388,.0022885067738428,.0046315338145582,.0018276186409397,.0070096707084259,.001354073398413
34.6,15227,8809,1904,4514,.0034862056454259,.0011079885736871,.0002943901582895,.0004648473234294,.0023085717647134,.0021095217523327,.0050070082336884,.0022130076214924,.0035784085339769,.0018217649793253,.0052985147109495,.0016208768252199
34.7,13994,7903,1983,4108,.0070103810618148,.001346450692279,.0006737189169214,.0004288822379981,.0021216361250016,.0018925587931304,.0052147569996871,.0020139644016594,.0071957910603875,.002213846582749,.0121257776180224,.0014954701152002
34.8,12752,7106,1914,3732,.0054612813268971,.001209285526604,.0004941635929037,.0004245155388674,.0019333359915692,.0017016984416025,.0050333055458402,.0018296288089077,.0056057208593699,.0019883183587723,.0088940917109078,.0014802438654901
34.9,12252,6699,1805,3748,.0046802153646199,.0013136666857779,.0003616882620157,.0004015969333713,.0018575307848735,.0016042327413869,.0047466648433864,.0018374728766844,.0048039973268873,.0021599428184468,.0065097644167277,.0014003289458107
35,12087,6742,1821,3524,.0066989074037976,.0013665629459928,.0006046035231898,.0006297107214193,.0018325150666639,.0016145301003777,.0047887405428291,.001727655927811,.0068760795719329,.0022469153348474,.0108818198289179,.0021957392535054
35.1,12350,7156,1441,3753,.0052656303958557,.0011651605498653,.0004788389480824,.0004686370552025,.0018723886053858,.0017136721148476,.0037894426810636,.0018399241478646,.0054048953681263,.001915767667145,.0086182745555479,.0016340912465904
35.2,10387,5686,1515,3186,.0056960974576895,.0011448633399148,.0005342907667084,.000462055990331,.0015747773638982,.0013616461214399,.0039840427909863,.0015619499960289,.0058467473884404,.0018823948083053,.0096163115770502,.0016111437216766
35.3,9743,5194,1703,2846,.0041538912894248,.0010873826293613,.0003562001107584,.0003098187104016,.001477140257674,.0012438251767075,.0044784322594388,.0013952635557748,.0042637530745764,.0017878844965926,.0064109871670336,.0010803073232832
35.4,9619,5599,1112,2908,.0029638088150376,.0008748397397355,.0002353423020871,.0003518929326949,.0014583405664135,.0013408119299933,.0029242611112718,.0014256593184093,.0030421953939297,.0014384195272596,.0042357552200868,.0012270159917364
35.5,6785,3634,1172,1979,.0030750835635951,.0006283398854971,.0002847192194872,.0003127406391572,.0010286766548618,.0008702465714584,.0030820449841822,.0009702131331266,.0031564131281523,.0010331222051349,.0051244545052332,.0010904958010182
35.6,9140,4870,1602,2668,.0066465112090666,.0020958530154453,.000425497455756,.0003718389643581,.0013857191783989,.0011662357740788,.0042128294067063,.0013079983017593,.0068222976068273,.0034460207587212,.0076582197648662,.0012965658392853
35.7,8787,4575,1508,2704,.0050820153984339,.0008819607567019,.0005023575715493,.0002879778406726,.0013322007024717,.0010955911019324,.0039656346724801,.0013256474542568,.0052164241359135,.0014501279686955,.009041569183141,.0010041503620573
35.8,6818,3317,1255,2246,.0036043666966865,.0007742880628231,.0003015378126233,.0004766803761307,.0010336797985037,.0007943334830841,.0033003126750415,.0011011110141497,.0036996946992866,.0012730915374576,.0054271601516008,.0016621375143286
35.9,7913,4426,990,2497,.0024208316978413,.0006338616900747,.0002108509308564,.0002916637114125,.0011996932011675,.0010599095556618,.0026034339030208,.0012241648273962,.0024848576612924,.0010422012068873,.0037949528117765,.0010170026302366
36,7637,4174,1097,2366,.0025582166188507,.0006770041193523,.0002010948462941,.0002356911587802,.0011578487270714,.0009995622425062,.0028848151430442,.0011599415224747,.002625876127723,.0011131363849636,.0036193601293478,.0008218318529998
36.1,6446,3377,1162,1907,.0038302560092002,.0008204028440373,.0003563675311148,.0002813457231841,.000977280724722,.0008087018909783,.0030557476720304,.0009349148281316,.0039315583143013,.0013489138838611,.0064140004444705,.0009810248216971
36.2,6766,3596,1096,2074,.0053445528852374,.0016986290462588,.0003733734185452,.0002740035196052,.0010257960570073,.0008611465797921,.0028821854118291,.0010167872855505,.0054859051932056,.0027929014638132,.0067200770648507,.0009554232810896
36.3,5879,3174,1005,1700,.0065020304243295,.0027740793024434,.0002999264066758,.0001873263231411,.000891317620329,.0007600887776029,.0026428798712484,.0008334322012709,.0066739956058316,.004561166642942,.0053981576259453,.000653188435491
36.4,7588,4024,1284,2280,.0031531067356372,.0005826999371797,.0002829491597159,.0002725326353565,.0011504198168152,.0009636412227707,.0033765748802815,.0011177796581751,.0032364998508187,.0009580805833372,.005092596484598,.0009502944526098
36.5,7100,3917,1034,2149,.0032638917379997,.0006932607040028,.0002945178280427,.0003439253963826,.0010764339350801,.000938017562026,.0027191420764884,.0010535563532537,.003350214886078,.0011398656106099,.0053008125461396,.0011992339774884
36.6,4918,2665,780,1473,.0012289153459832,.0003156572531132,.0001077364767346,.0001264530353562,.0007456200130597,.0006381967839672,.0020511903478345,.0007221444896895,.0012614176009299,.000519006551916,.0019390706204346,.000440929277543
36.7,5681,2828,1088,1765,.0049718016275121,.0007976828241223,.0004759752743316,.0002849545091856,.0008612987584775,.0006772309587464,.0028611475621077,.0008652987266136,.0051032954399786,.0013115574186469,.0085667333709362,.0009936083029873
36.8,5466,2880,929,1657,.002646282135341,.0005100521981789,.0002478599369904,.0002179630211254,.0008287025195983,.0006896835789214,.0024430202988952,.0008123512691211,.0027162707939617,.0008386325042848,.0044610510420227,.0007600155833762
36.9,4248,2295,686,1267,.0036389959693738,.0008480932287893,.000289099068179,.0002620453032955,.0006440410360874,.000549591601953,.0018039956136083,.0006211521170649,.0037352398442128,.0013944426685465,.0052032842217568,.0009137261588082
37,4720,2418,799,1503,.00320163378264,.0006342667758829,.0002736053903416,.0003359424808687,.0007156011512082,.0005790468381361,.0021011552409228,.0007368521167707,.003286310337286,.00104286725269,.0049244247638684,.0011713983374791
37.1,4376,2339,631,1406,.0037829439847722,.0011230763653854,.0002516642826532,.0002235518809139,.0006634471690015,.0005601284344087,.0016593603967738,.0006892974558747,.0038829949852289,.0018465724648753,.0045295226973832,.0007795033869066
37.2,5696,3199,808,1689,.0050100403593701,.001240635431067,.0003908920851614,.0002842281739701,.0008635729146784,.0007660756142255,.0021248228218594,.0008280394046745,.0051425455067635,.0020398641593449,.0070353828254835,.0009910756436412
37.3,3287,1640,654,993,.0033939640181646,.000618109665933,.0003259992028985,.0001649734611626,.0004983434288181,.0003927364824413,.0017198442147228,.0004868224563894,.0034837273075229,.0010163015842591,.0058674229544624,.0005752462077269
37.4,3804,2005,522,1277,.0019932546268131,.0005052644714059,.0001442021359059,.0002867956404171,.0005767260125415,.000480144297131,.00137271969432,.0006260546594253,.0020459720660298,.0008307604799943,.0025953895432065,.0010000281462237
37.5,3091,1627,488,976,.0034751214142804,.0008399388071694,.0002681986467669,.0002350039416266,.0004686277877933,.0003896233273976,.0012833088330042,.0004784881343767,.0035670311479711,.0013810350936972,.0048271127119456,.0008194355944821
37.6,3384,1798,492,1094,.0033633873974466,.0006770435455349,.0003287801878827,.0001557282545099,.0005130496389171,.000430573289896,.0012938277578649,.0005363381342296,.0034523419987815,.0011132012098547,.0059174758839996,.0005430090828638
37.7,2288,1154,363,771,.0021435502582727,.0004947214801514,.0001891567234144,.0001171063010919,.0003468846258399,.0002763523784983,.0009545924311076,.0003779860159882,.0022002427043498,.0008134255970353,.0034044945235583,.0004083381358994
37.8,2568,1354,465,749,.0038704533628166,.0005522241503514,.00041568631747,.0001499164065581,.0003893355415895,.000324247071479,.0012228250150552,.0003672004227953,.0039728188043166,.0009079720150001,.0074816362104369,.0005227437415744
37.9,2666,1391,447,828,.0021025487569563,.0002153794703591,.0002266595235145,.0001752641960908,.0004041933621019,.0003331075896804,.0011754898531821,.0004059305074425,.0021581567986004,.000354128901402,.0040794801928707,.000611128986693
38,2674,1560,289,825,.0012158725402575,.0002252675511203,.0001226388083486,.0001078202444136,.000405406245409,.0003735786052491,.0007599923211849,.0004044597447344,.0012480298401198,.0003703869745187,.0022072868670063,.0003759585710211
38.1,2678,1488,341,849,.0013967825293431,.000269046583766,.0001258507988847,.0001246957065053,.0004060126870626,.000356336515776,.0008967383443738,.0004162258463994,.0014337245221518,.0004423688616941,.0022650971525327,.0004348016449525
38.2,2298,1260,371,667,.0025473056589773,.0005328133546706,.0002186026055869,.0001787544338994,.0003484007299738,.0003017365657781,.000975630280829,.0003269995754398,.002614676595654,.0008760566066359,.003934469576986,.0006232991021121
38.3,1798,968,192,638,.0008539767909987,.0002642823024754,.0000741884691168,.0000848792202772,.000272595523278,.0002318103140263,.0005049083933131,.0003127822025946,.0008765627009805,.000434535386681,.0013352643895507,.0002959654797517
38.4,1612,927,187,498,.0012803861304107,.0002802046855489,.0001251233583644,.0001171889218585,.0002443959863872,.0002219919019653,.0004917597372373,.0002441466095488,.0013142496805542,.0004607151150279,.0022520044787809,.0004086262263739
38.5,2589,1437,384,768,.001792920887158,.0003899738713443,.0001660100807507,.000123711779759,.0003925193602708,.000344123369066,.0010098167866262,.00037651525328,.0018403399156241,.0006411986175117,.0029878949083563,.0004313707893136
38.6,2098,1151,333,614,.0019822851195735,.0003461786013483,.0001833299697563,.0001980492497244,.0003180786472955,.0002756339581036,.0008757004946524,.0003010161009296,.0020347124381386,.0005691900327361,.0032996230151017,.0006905782241839
38.7,1575,700,332,543,.0013776267752638,.0002302622022997,.0001293578648802,.0001280235038394,.0002387864010917,.0001676314254323,.0008730707634373,.0002662080501707,.0014140621382181,.0003785992258169,.0023282182870085,.0004464053464391
38.8,1975,1072,275,628,.0020951549431518,.0003931994102249,.0001883173001452,.0001294532921581,.0002994305664483,.0002567155543763,.0007231760841724,.0003078796602342,.0021505674337987,.0006465020781354,.003389386353616,.0004513908774593
38.9,1869,1033,265,571,.0027642807238252,.0004085300847247,.0002451951338699,.0002003226888592,.0002833598626288,.0002473760892451,.0006968787720207,.0002799351687798,.0028373901996924,.0006717089138164,.0044130891854925,.0006985054824928
39,2357,1368,219,770,.0008660937200164,.0002227027475268,.0000716716384852,.0001318219398367,.0003573457443639,.0003275996999876,.0005759111361228,.0003774957617521,.0008890000975693,.0003661699009167,.0012899657824101,.0004596501185821
39.1,1027,543,127,357,.0014936375936378,.0003096634663697,.0001396199744417,.0000972207488861,.0001557038945531,.0001300340914425,.0003339758643269,.0001750207622669,.0015331412014534,.0005091515127557,.0025129185459863,.0003389991742609
39.2,936,406,230,300,.001782510971776,.0002342812910281,.0001474550649823,.0001762354196622,.0001419073469345,.0000972262267507,.0006048381794897,.0001470762708125,.0018296546796314,.0003852074483817,.0026539366517956,.0006145155476122
39.3,1010,475,221,314,.0019325024492066,.000279787566364,.0001970590171591,.0000998834298453,.0001531265175255,.000113749895829,.0005811705985531,.0001539398301171,.0019836131196808,.0004600292838368,.0035467221710449,.0003482836804682
39.4,1238,718,171,349,.0010719188913682,.0003313399599167,.0000879215520828,.0000481750231138,.0001876936917788,.0001719419478005,.0004496840377945,.0001710987283786,.0011002689166188,.0005447922023407,.0015824361786656,.0001679815599314
39.5,1681,955,208,518,.0007536278065782,.0001631779294859,.0000687790358265,.0000517324407481,.0002548571049112,.0002286971589826,.0005469840927559,.0002539516942696,.0007735596946325,.0002682986489175,.0012379039273908,.0001803859247849
39.6,1010,472,211,327,.000871228073301,.0001727485123024,.0000925963812754,.000038796288969,.0001531265175255,.0001130314754343,.0005548732864014,.0001603131351856,.0008942702438197,.0002840346890003,.0016665750350452,.0001352788378567
39.7,986,534,133,319,.0014030846451967,.0003392956122092,.000118971870772,.0000643250301007,.0001494878676041,.0001278788302583,.0003497542516179,.0001563911012973,.0014401933158623,.000557872958838,.0021412883200214,.0002242950433759
39.8,833,424,167,242,.0007630209705177,.0001229482511271,.0000694622230506,.0000551272450657,.0001262914743552,.000101536749119,.0004391651129338,.0001186415251221,.0007832012882219,.0002021526426282,.0012502001181941,.0001922232730223
39.9,892,424,194,274,.0009519797674587,.0000869784475821,.0000964126397324,.0000867946351386,.0001352364887453,.000101536749119,.0005101678557435,.0001343296606754,.0009771576523367,.0001430107615946,.0017352611001385,.000302644342688
40,789,399,174,216,.0012160421604814,.0001549301817803,.0001170095869925,.0000736379293196,.0001196206161659,.0000955499124964,.00045757323144,.000105894914985,.0012482039464458,.0002547376264617,.0021059705990308,.0002567682055491
40.1,885,503,116,266,.0007064213899074,.000271897009799,.0000464778729552,.0000311833782201,.0001341752158515,.0001204551528463,.00030504882096,.0001304076267871,.0007251047664228,.0004470555583319,.000836521489094,.0001087333680144
40.2,1026,525,228,273,.0015722921230929,.0001832352524671,.0001674353269459,.0000447697632477,.0001555522841397,.0001257235690742,.0005995787170593,.0001338394064394,.0016138759796234,.0003012770834013,.003013546879794,.0001561077542267
40.3,1063,588,170,305,.0012253413800572,.0002464261579167,.0001124909266014,.0000369354663254,.0001611618694352,.0001408103973631,.0004470543065793,.0001495275419927,.0012577491110384,.0004051761499565,.0020246425115189,.0001287903326062
40.4,899,434,146,319,.000822202603783,.0001378298897796,.0000801991449871,.000056707671475,.000136297761639,.000103931483768,.0003839407574152,.0001563911012973,.0008439481525983,.0002266211694487,.0014434461803644,.0001977340642255
40.5,1056,559,184,313,.0018492537582472,.0001900305275595,.0001990219765915,.000040669430053,.0001601005965415,.0001338656668809,.0004838705435917,.0001534495758811,.00189816267399,.000312449937059,.0035820520526214,.0001418102962957
40.6,1249,599,247,403,.0015789163732845,.0002597029106037,.0001220667059286,.0001792770289777,.0001893614063261,.000143444605477,.0006495436101476,.0001975724571248,.0016206754274551,.0004270059085468,.0021969900109349,.0006251213396699
40.7,669,311,121,237,.0010574448178347,.0001597839360481,.0001093614242105,.0000347511520342,.000101427366559,.0000744762475849,.0003181974770359,.0001161902539419,.0010854120339441,.0002627182137651,.0019683168702259,.000121173843847
40.8,862,370,205,287,.0010914494273885,.0001570281994043,.0001069276976358,.0000261595111848,.0001306881763435,.0000886051820142,.0005390948991104,.000140702965744,.0011203159946963,.0002581872062898,.0019245139926661,.0000912156385578
40.9,451,261,46,144,.0004920483513452,.0000877142249025,.0000408624565994,.0000372371138067,.0000683762964396,.0000625025743397,.0001209676358979,.00007059660999,.0005050620068536,.000144220533416,.0007354536872953,.0001298421476583
41,754,400,143,211,.0011937022406167,.0001029441746825,.0001347643928807,.0000196446837961,.0001143142516972,.0000957893859613,.0003760515637697,.0001034436438048,.0012252731821643,.0001692617565883,.0024255264589669,.0000684990772217
41.1,338,186,84,68,.0007319233147077,.0001887244718928,.0000685453391882,.0000262059012677,.0000512443197263,.000044542064472,.0002208974220745,.0000333372880508,.000751281164094,.0003103025083479,.0012336977912774,.000091377396207
41.2,368,183,78,107,.000596956796189,.0001498682279713,.0000552803051005,.0000378568245019,.0000557926321281,.0000438236440773,.0002051190347835,.0000524572032565,.00061274506187,.0002464147155625,.0009949500740874,.0001320030178055
41.3,466,232,131,103,.0015893132836665,.0001537010149293,.0001738811438406,.0000418624378824,.0000706504526405,.0000555578438576,.0003444947891876,.0000504961863123,.0016313473144928,.000252716619047,.0031295604579618,.000145970197075
41.4,457,181,132,144,.0011386905344242,.0001041347706172,.0001248859250147,.0000438389196198,.0000692859589199,.0000433446971475,.0003471245204028,.00007059660999,.0011688065307588,.0001712193453487,.002247731088313,.0001528619941923
41.5,692,354,127,211,.0006882914274867,.0001288667807775,.0000693038018776,.000020777617368,.000104914406067,.0000847736065757,.0003339758643269,.0001034436438048,.0007064953042036,.0002118839433854,.0012473488105263,.0000724495049827
41.6,705,418,48,239,.0002689104635668,.0001009992695931,.0000222799396511,.000011222562736,.0001068853414411,.0001000999083296,.0001262270983283,.000117170762414,.0002760225860358,.0001660639257946,.0004010004569655,.0000391319707386
41.7,729,405,64,260,.0005845857985448,.0001022026990939,.0000424011629115,.0000687784054421,.0001105239913625,.0000969867532858,.000168302797771,.0001274661013708,.0006000468770679,.0001680426156221,.0007631477449979,.0002398235244943
41.8,670,383,62,225,.0003501432437729,.0000952080423016,.0000352762485605,.0000168524696393,.0001015789769723,.0000917183370579,.0001630433353407,.0001103072031094,.0003594038043267,.0001565419367439,.0006349115847848,.0000587629015149
41.9,344,178,50,116,.0004577688110428,.0001015613925004,.000047508751044,.0000125266332045,.0000521539822067,.0000426262767528,.0001314865607586,.0000568694913808,.0004698758440063,.0001669881734367,.0008550755153222,.0000436791359998
42,547,284,85,178,.0001998493968769,.000046774513375,.0000202257928016,.0000110857638909,.0000829308961252,.0000680104640325,.0002235271532897,.0000872652540154,.0002051349977683,.0000769070840757,.0003640293592774,.0000386549666415
42.1,270,145,52,73,.0004961871969618,.0000519946843203,.0000592381429411,2.22415984208e-06,.0000409348116157,.000034723652411,.000136746023189,.000035788559231,.0005093103163285,.0000854901370422,.0010661843237103,7.75542626989e-06
42.2,648,344,106,198,.0003490088814024,.0000310237993491,.0000417966617769,8.10242115801e-06,.0000982435478777,.0000823788719267,.0002787515088083,.0000970703387363,.0003582394404308,.0000510096155519,.0007522677679857,.0000282523444177
42.3,299,133,93,73,.0006689125270277,.000107747611751,.0000702547233229,3.81900711055e-06,.0000453315136041,.0000318499708321,.000244565003011,.000035788559231,.0006866038721326,.0001771596118909,.0012644637551852,.0000133165015885
42.4,146,72,44,30,.0002226674667203,.0000213953100388,.0000243149611661,2.49232012983e-06,.0000221351203552,.000017242089473,.0001157081734676,.0000147076270813,.000228556558101,.0000351783650807,.0004376273316453,8.69047477712e-06
42.5,188,90,49,49,.0003450435065676,.0000219178125125,.0000371752501356,.0000215070232485,.0000285027577176,.0000215526118413,.0001288568295435,.000024022457566,.000354169189679,.0000360374684423,.0006690903353254,.0000749928714354
42.6,201,110,26,65,.0002542631564772,.0000247312980877,.0000266509689646,.0000345917587792,.0000304736930917,.0000263420811394,.0000683730115945,.0000318665253427,.0002609878881379,.0000406634272404,.0004796714399034,.0001206180552684
42.7,73,28,27,18,.000460637186985,.0000619207633417,.0000406033874089,.0000307770213812,.0000110675601776,6.70525701729e-06,.0000710027428097,8.82457624875e-06,.0004728200825264,.000101810687247,.0007307908890384,.0001073164417471
42.8,159,84,32,43,.0003835565921291,.0001103081102234,.0000310140607098,4.88278873689e-06,.0000241060557293,.0000201157710519,.0000841513988855,.0000210809321498,.0003937008662523,.0001813696069733,.0005581995603116,.0000170258033276
42.9,263,145,44,74,.0001179289024302,7.08422256945e-06,.0000140118379108,2.53823132912e-06,.000039873538722,.000034723652411,.0001157081734676,.0000362788134671,.0001210478766256,.0000116479437507,.0002521888969696,8.85056260637e-06
43,66,15,50,1,.0004955835765581,.0000572899264739,.0000536846456143,7.54331222197e-06,.0000100062872838,3.59210197355e-06,.0001314865607586,4.90254236042e-07,.0005086907314206,.0000941966227783,.0009662309575568,.0000263027866349
43.1,7,2,5,0,.0000318977581401,5.07925415150e-06,3.16358082841e-06,0,1.06127289374e-06,4.78946929806e-07,.0000131486560759,0,.0000327413875005,8.35135628114e-06,.0000569389943469,0
43.2,82,35,6,41,.0000133259787427,.0000140257931012,6.77230984653e-07,3.41567640660e-06,.0000124320538981,8.38157127161e-06,.000015778387291,.0000201004236777,.0000136784231644,.0000230613377121,.0000121889887751,.0000119101271554
43.4,141,66,28,47,.0000881311959266,.0000241102794583,8.41064771222e-06,2.84323740640e-06,.0000213770682882,.0000158052486836,.0000736324740248,.000023041949094,.0000904620827596,.0000396423427117,.0001513771414463,9.91408875206e-06
43.6,33,24,0,9,5.50706389537e-07,6.01796682265e-07,0,4.51218470587e-07,5.00314364192e-06,5.74736315768e-06,0,4.41228812438e-06,5.65271428156e-07,9.89479626830e-07,0,1.57335435792e-06
43.7,23,12,9,2,2.24320868336e-06,4.29842526373e-06,1.25364092718e-09,4.46769394813e-08,3.48703950801e-06,2.87368157884e-06,.0000236675809366,9.80508472083e-07,2.30253688751e-06,7.06751025929e-06,2.25633728162e-08,1.55784086897e-07
43.8,143,79,33,31,.000059991523623,.0000235887928426,3.31124888076e-06,4.21433674980e-06,.000021680289115,.0000189184037274,.0000867811301007,.0000151978813173,.0000615781746497,.0000387849096333,.0000595967644035,.000014694977097
43.9,40,18,6,16,.0000387484336181,6.69383639273e-06,4.17881048520e-06,7.97785283169e-07,6.06441653566e-06,4.31052236826e-06,.000015778387291,7.84406777667e-06,.0000397732490965,.000011006067217,.0000752113758108,2.78179869349e-06
44,2,1,1,0,7.21894522221e-06,2.39426799453e-06,4.45656240800e-07,0,3.03220826783e-07,2.39473464903e-07,2.62973121517e-06,0,7.40987130904e-06,3.93667740547e-06,8.02104310016e-06,0
44.2,7,3,0,4,.0000357490259015,.000025937949431,0,.0000488221012347,1.06127289374e-06,7.18420394710e-07,0,1.96101694417e-06,.0000366945132842,.0000426474144508,0,.000170237857596
44.3,1,1,0,0,7.80060088704e-06,4.80474818687e-06,0,0,1.51610413392e-07,2.39473464903e-07,0,0,8.00691055646e-06,7.90001105534e-06,0,0
44.7,2,2,0,0,4.40978475423e-06,8.82139283931e-06,0,0,3.03220826783e-07,4.78946929806e-07,0,0,4.52641438931e-06,.000014504215048,0,0
44.9,8,3,2,3,1.99073479190e-06,5.46470655394e-08,2.54629526353e-07,1.62883992516e-07,1.21288330713e-06,7.18420394710e-07,5.25946243034e-06,1.47076270813e-06,2.04338558672e-06,8.98512065799e-08,4.58289196576e-06,5.67960436388e-07
45,2,2,0,0,3.18184908255e-06,6.36501431472e-06,0,0,3.03220826783e-07,4.78946929806e-07,0,0,3.26600237303e-06,.0000104654149391,0,0
45.1,48,27,2,19,1.00938512417e-06,9.56241176908e-07,5.91229620817e-10,1.06350183771e-06,7.27729984280e-06,6.46578355239e-06,5.25946243034e-06,9.31483048479e-06,1.03608126134e-06,1.57226051717e-06,1.06411126705e-08,3.70832614373e-06
45.2,4,0,4,0,3.80731115399e-06,0,5.09259052706e-07,0,6.06441653566e-07,0,.0000105189248607,0,3.90800661539e-06,0,9.16578393151e-06,0
45.3,76,31,9,36,.0000381182358481,1.24995219863e-06,2.01925254471e-06,.0000139633572402,.0000115223914178,7.42367741200e-06,.0000236675809366,.0000176491524975,.0000391263839062,2.05518287407e-06,.0000363430604319,.0000486888511824
45.7,7,1,6,0,.0000822536265519,9.21160881262e-06,9.00171340845e-06,0,1.06127289374e-06,2.39473464903e-07,.000015778387291,0,.0000844290638994,.0000151458117318,.0001620153037573,0
45.8,161,78,34,49,.0000121221777354,1.86924198164e-06,1.30233416079e-06,2.65567534363e-06,.000024409276556,.0000186789302625,.0000894108613159,.000024022457566,.0000124427841243,3.07342481765e-06,.0000234397669732,9.26007831570e-06
46.1,2,0,1,1,.0000317797229507,0,2.83386566480e-06,5.52645087737e-06,3.03220826783e-07,0,2.62973121517e-06,4.90254236042e-07,.0000326202305258,0,.0000510046905135,.000019270189805
