0,Growing of cereal crops  ,,,,,,,,,,,,
0.1,Growing of cereal crops - high yielding or improved varieties,,,,,,,,,,,,
0.2,Growing of cereal crops -other than high yielding or improved varieties,,,,,,,,,,,,
1,"Growing of Pulses (arhar, gram,moong,urd, etc.)",,,,,,,,,,,,
2,Growing of Cotton,,,,,,,,,,,,
2.1,Growing of Cotton - long staple varieties,,,,,,,,,,,,
2.2,Growing of Cotton - other than long staple varieties,,,,,,,,,,,,
3,"Growing of Jute,Mesta,sann hemp or other kindred fibres",,,,,,,,,,,,
3.1,Growing of Jute or Mesta,,,,,,,,,,,,
3.2,Growing of sann hemp or other kindred fibres,,,,,,,,,,,,
4,Growing of oilseeds,,,,,,,,,,,,
4.1,Growing of groundnuts - high yielding varieties,,,,,,,,,,,,
4.2,Growing of groundnuts - other than high yielding varieties,,,,,,,,,,,,
4.3,Growing of mustard or rapeseed,,,,,,,,,,,,
4.4,Growing of linseed or castor-seed,,,,,,,,,,,,
4.9,Growing of other oilseeds. n.e.c.,,,,,,,,,,,,
5,Growing of sugarcane of sugarbeet,,,,,,,,,,,,
6,"Growing of roots and tubers, vegetables,singhara,chillies and other spices (other than pepper and cardamom)",,,,,,,,,,,,
6.1,Growing of potatoes,,,,,,,,,,,,
6.2,Growing of roots and tubers other than potatoes,,,,,,,,,,,,
6.3,"Growing of vegetables, singhara, chillies and spices (other than pepper and cardamom)",,,,,,,,,,,,
7,Floriculture and horticulture including tree nurseries,,,,,,,,,,,,
8,Growing of fodder crops,,,,,,,,,,,,
9,Agricultural production n.e.c.,,,,,,,,,,,,
9.1,Growing of medicinal plants,,,,,,,,,,,,
9.9,Other agricultural production n.e.c.,,,,,,,,,,,,
10,Plantation of tea,,,,,,,,,,,,
11,Plantation of coffee,,,,,,,,,,,,
12,Plantation of rubber,,,,,,,,,,,,
13,Plantation of tobacco,,,,,,,,,,,,
13.1,Plantation of tobacco - high narcotic and tar content,,,,,,,,,,,,
13.2,Plantation of tobacco - other than narcotic and tar content,,,,,,,,,,,,
14,Plantation of pepper and cardamom,,,,,,,,,,,,
14.1,Plantation of pepper,,,,,,,,,,,,
14.2,Plantation of cardamom,,,,,,,,,,,,
15,Plantation of coconut and arecanut,,,,,,,,,,,,
15.1,Plantation of coconut,,,,,,,,,,,,
15.2,Plantation of arecanut,,,,,,,,,,,,
16,Plantation of edible nuts (excluding coconut and groundnut),,,,,,,,,,,,
16.1,Plantation of cashewnut,,,,,,,,,,,,
16.2,Plantation of walnut,,,,,,,,,,,,
16.3,Plantation of almond,,,,,,,,,,,,
16.9,Plantation of other edible nuts n.e.c.,,,,,,,,,,,,
17,Growing of fruits,,,,,,,,,,,,
17.1,Growing of apples,,,,,,,,,,,,
17.2,Growing of bananas,,,,,,,,,,,,
17.3,Growing of grapes,,,,,,,,,,,,
17.4,Growing of mangoes,,,,,,,,,,,,
17.5,Growing of oranges,,,,,,,,,,,,
17.6,Growing of pears,,,,,,,,,,,,
17.9,Growing of other fruits n.e.c.,,,,,,,,,,,,
18,"Growing of ganja, cinchona and opium etc.",,,,,,,,,,,,
19,Plantations not elsewhere classified,,,,,,,,,,,,
19.1,Plantation of betel leaves (Pan),,,,,,,,,,,,
19.2,Plantation of cocoa,,,,,,,,,,,,
19.9,Other plantations n.e.c.,,,,,,,,,,,,
20,"Cattle breeding, rearing and ranching etc.; production of milk",,,,,,,,,,,,
21,"Goat breeding, rearing, ranching etc.; production of milk",,,,,,,,,,,,
22,Rearing of sheep and production of shorn wool,,,,,,,,,,,,
23,"Rearing of horses, mules, camels and other pack animals",,,,,,,,,,,,
24,Rearing of pigs and other animals not elsewhere classified,,,,,,,,,,,,
25,"Rearing of ducks,hens and other birds;production of eggs.",,,,,,,,,,,,
26,"Rearing of bees, production of honey and wax [Collection of honey is classified in group 054]",,,,,,,,,,,,
27,"Rearing of silk-worms, production of cocoons and raw silk",,,,,,,,,,,,
29,"Rearing of livestock and production of livestock products, not elsewhere classified",,,,,,,,,,,,
30,"Pest destroying, spraying and pruning of infected stems, etc.",,,,,,,,,,,,
31,Operation of irrigation systems,,,,,,,,,,,,
32,Animal shearing and livestock services n.e.c. (other than veterinary services),,,,,,,,,,,,
33,Grading of agricultural products and livestock,,,,,,,,,,,,
34,Horticulture and nursery services,,,,,,,,,,,,
35,Soil conservation services,,,,,,,,,,,,
36,Scientific services like soil testing,,,,,,,,,,,,
37,Soil desalination services,,,,,,,,,,,,
39,"Agricultural services not elsewhere classified (like harvesting and threshing, land clearing and land draining services",,,,,,,,,,,,
39.1,Harvesting and threshing services,,,,,,,,,,,,
39.9,Other agricultural services n.e.c.,,,,,,,,,,,,
40,"Hunting, trapping and game propagation other than for sports.",,,,,,,,,,,,
50,"Planting,replanting and conservation of forests",,,,,,,,,,,,
50.1,"Planting,replanting and conservation of forests on government land",,,,,,,,,,,,
50.2,"Planting,replanting and conservation of forests on community land",,,,,,,,,,,,
50.3,"Planting,replanting and conservation of forests on private land (farm forestry)",,,,,,,,,,,,
51,"Logging - felling and cutting of trees and preparation of rough, round, hewn or riven logs (including incidental hauling",,,,,,,,,,,,
52,Production of firewood/ fuel wood (including charcoal by burning) by exploitation of forests,,,,,,,,,,,,
53,Gathering of fodder by exploitation of forests,,,,,,,,,,,,
54,"Gathering of uncultivated materials such as gums, resins, lac, barks, munjh, herbs, honey,wild fruits, leaves, etc. by exploitation of forests.",,,,,,,,,,,,
59,Forestry services n.e.c.,,,,,,,,,,,,
60,"Ocean ,sea, and coastal fishing",,,,,,,,,,,,
61,Inland water fishing,,,,,,,,,,,,
62,"Pisciculture - rearing of fish, including fish hatcheries",,,,,,,,,,,,
63,"Collection of pearls, conches, shells, sponges and other sea products.",,,,,,,,,,,,
64,Cultivation of oysters for pearls,,,,,,,,,,,,
69,Other allied activities and services incidental to fishing n.e.c.,,,,,,,,,,,,
100,Mining and agglomeration of coal,,,,,,,,,,,,
100.1,Underground mining,,,,,,,,,,,,
100.2,Open cuts(strips) mining,,,,,,,,,,,,
101,Mining and agglomeration of lignite,,,,,,,,,,,,
102,Extraction and agglomeration of peat,,,,,,,,,,,,
110,extraction of crude petroleum,,,,,,,,,,,,
110.1,Off-shore,,,,,,,,,,,,
110.2,On-shore,,,,,,,,,,,,
111,Production of natural gas,,,,,,,,,,,,
111.1,Off-shore,,,,,,,,,,,,
111.2,On-shore,,,,,,,,,,,,
120,Mining of iron ore,,,,,,,,,,,,
130,Mining of manganese ore,,,,,,,,,,,,
131,Mining of chromite,,,,,,,,,,,,
132,Mining of Bauxite,,,,,,,,,,,,
133,Mining of precious/ semi-precious metal ores,,,,,,,,,,,,
134,Mining of copper ore,,,,,,,,,,,,
135,Mining of lead and zinc ores,,,,,,,,,,,,
136,"Mining of ilmenite, rutile, zircon and zirconium bearing ores",,,,,,,,,,,,
136.1,Mining of ilmenite and rutile,,,,,,,,,,,,
136.2,Mining of zircon and zirconium bearing ores,,,,,,,,,,,,
137,Mining of wolfram and other tungsten bearing ores,,,,,,,,,,,,
138,Mining of tin bearing ores,,,,,,,,,,,,
139,Mining of metal ores other than iron ore or uranium group ores n.e.c.,,,,,,,,,,,,
140,Mining of uranium and thorium ores,,,,,,,,,,,,
140.1,Mining of uranium ores,,,,,,,,,,,,
140.2,Mining of monazite and thorium ores,,,,,,,,,,,,
150,"Mining and quarrying of rock aggregates, sand and clays",,,,,,,,,,,,
150.1,Mining/quarrying of marble,,,,,,,,,,,,
150.2,Mining/quarrying of granite,,,,,,,,,,,,
150.3,Mining/quarrying of slate-stone,,,,,,,,,,,,
150.4,"Mining/quarrying of sand-stone and other building/construction materials of mineral/rock origin, n.e.c.",,,,,,,,,,,,
151,"Mining/quarrying of minerals for construction other than rock aggregates,sand and clays(classified in group150)",,,,,,,,,,,,
151.1,"Mining/quarrying of limestone,limeshell,'kankar' and other calcareous materials",,,,,,,,,,,,
151.2,Mining of asbestos,,,,,,,,,,,,
151.3,Mining of gypsum including salenite,,,,,,,,,,,,
151.4,Mining of vermiculite,,,,,,,,,,,,
151.5,Mining of yellow and red ochre and red oxides,,,,,,,,,,,,
151.9,"Mining of other minerals for construction, n.e.c.",,,,,,,,,,,,
152,Mining of fertilizer and chemicals minerals,,,,,,,,,,,,
152.1,Mining of apatite and natural phosphate minerals,,,,,,,,,,,,
152.2,Mining of flourspar(flourite),,,,,,,,,,,,
152.3,Mining of iron pyrites,,,,,,,,,,,,
152.4,Mining of potash bearing minerals/salts,,,,,,,,,,,,
152.5,Mining of sulphur,,,,,,,,,,,,
152.9,"Mining of other fertilizer and chemical minerals ,n.e.c.",,,,,,,,,,,,
153,"Mining of ceramic, refractory and glass minerals",,,,,,,,,,,,
153.1,Mining of chinaclay (kaolin) and ballclay,,,,,,,,,,,,
153.2,Mining of fireclay,,,,,,,,,,,,
153.3,"Mining of sillimanite, kyanite and andalusite",,,,,,,,,,,,
153.4,Mining of diaspore,,,,,,,,,,,,
153.5,Mining of magnesite,,,,,,,,,,,,
153.6,Mining of dolomite,,,,,,,,,,,,
153.7,Mining of graphite,,,,,,,,,,,,
153.8,"Mining of Felspar and silica minerals (quartz, silica sand, quartzite, etc.)",,,,,,,,,,,,
153.9,"Mining of calcite (including chalk), wollastonite and other ceramic, refractory and glass minerals, n.e.c.",,,,,,,,,,,,
154,"Salt mining/quarrying and screening, etc.",,,,,,,,,,,,
154.1,"Salt mining/quarrying and screening, etc.",,,,,,,,,,,,
154.2,Production of salt by evaporating in pans,,,,,,,,,,,,
155,Mining of mica,,,,,,,,,,,,
156,Mining of precious/semi-precious stones,,,,,,,,,,,,
156.1,Mining of agate,,,,,,,,,,,,
156.2,Mining of diamond,,,,,,,,,,,,
156.3,Mining of emerald,,,,,,,,,,,,
156.4,Mining of ruby,,,,,,,,,,,,
156.5,Mining of sapphire,,,,,,,,,,,,
156.9,Mining of other precious/semi-precious stones n.e.c.,,,,,,,,,,,,
159,Mining of other non-metallic minerals not elsewhere classified,,,,,,,,,,,,
159.1,Mining of barytes,,,,,,,,,,,,
159.2,Mining of steatite and pyrophyllite,,,,,,,,,,,,
159.3,mining of diatomite and diatomaceous earths,,,,,,,,,,,,
159.4,Mining of bentonite and fullers earth,,,,,,,,,,,,
159.5,Mining of garnet,,,,,,,,,,,,
159.6,Mining of corundum,,,,,,,,,,,,
159.9,Mining of other non-metallic minerals not elsewhere classified,,,,,,,,,,,,
190,"Oil and gas field services, except exploration services [exploration services are classified in group 894]",,,,,,,,,,,,
191,"Services incidental to mining such as drilling, shafting,reclamation of mines , etc.",,,,,,,,,,,,
199,Other mining services not elsewhere classified,,,,,,,,,,,,
200,"Slaughtering, preparation and preservation of meat",,,,,,,,,,,,
200.1,"Mutton-slaughtering, preparation",,,,,,,,,,,,
200.2,"Beef-slaughtering, preparation",,,,,,,,,,,,
200.3,"Pork-slaughtering, preparation",,,,,,,,,,,,
200.4,"Poultry and other slaughtering, preparation",,,,,,,,,,,,
200.5,Preservation of meats except by canning,,,,,,,,,,,,
200.6,Processing and canning of meat,,,,,,,,,,,,
201,Manufacture of dairy products,,,,,,,,,,,,
201.1,"Manufacture of milk powder, ice-cream powder and condensed milk except baby milk foods",,,,,,,,,,,,
201.2,Manufacture of baby milk foods,,,,,,,,,,,,
201.3,"Manufacture of butter, cream, ghee, cheese, and khoya etc.",,,,,,,,,,,,
201.4,Manufacture of pasteurised milk whether or not in bottles/ polythene packs etc. (pain or flavoured),,,,,,,,,,,,
201.5,Manufacture of ice-cream and kulfi etc.,,,,,,,,,,,,
201.9,Manufacture of other dairy products n.e.c.,,,,,,,,,,,,
202,Canning and preservation of fruits and vegetables,,,,,,,,,,,,
202.1,Sun-drying of fruits and vegetables,,,,,,,,,,,,
202.2,Artificial dehydration of fruits and vegetables,,,,,,,,,,,,
202.3,Radiation preservation of fruits and vegetables,,,,,,,,,,,,
202.4,"Manufacture of fruits/ vegetables juices and their concentrates, squashes and powders",,,,,,,,,,,,
202.5,"Manufacture of sauces, jams, jellies, and marmalades, etc.",,,,,,,,,,,,
202.6,"Manufacture of pickles, chutneys, murabbas etc.",,,,,,,,,,,,
202.7,Canning of fruits and vegetables,,,,,,,,,,,,
202.9,Fruits and vegetable preservation n.e.c.,,,,,,,,,,,,
203,"Processing, canning, and preservation of fish, crustacea and similar foods",,,,,,,,,,,,
203.1,Sun-drying of fish,,,,,,,,,,,,
203.2,Radiation preservation of fish and similar foods,,,,,,,,,,,,
203.4,Processing and canning of fish,,,,,,,,,,,,
203.5,Manufacture of fish meal,,,,,,,,,,,,
203.6,Processing and canning of froglegs,,,,,,,,,,,,
203.9,Processing and preserving of fish crustacea and similar foods n.e.c.,,,,,,,,,,,,
204,Grain milling,,,,,,,,,,,,
204.1,Flour milling by power machine,,,,,,,,,,,,
204.2,Rice milling by power machine,,,,,,,,,,,,
204.3,dal milling by power machine,,,,,,,,,,,,
204.4,Processing and grinding of grain manually,,,,,,,,,,,,
204.9,Other grain milling and processing activities n.e.c.,,,,,,,,,,,,
205,Manufacture of Bakery Products,,,,,,,,,,,,
205.1,Bread making,,,,,,,,,,,,
205.2,"Manufacture of biscuits, cakes and pastries",,,,,,,,,,,,
205.9,Manufacture of other bakery products n.e.c.,,,,,,,,,,,,
206,Manufacture and refining of sugar (vacuum pan sugar factories),,,,,,,,,,,,
207,"Production of indigenous sugar, boora, khandsari, gur, etc. from sugar-cane, palm juice , etc.",,,,,,,,,,,,
207.1,"Manufacture of gur, from sugar cane",,,,,,,,,,,,
207.2,Manufacture of gur from other than sugar cane,,,,,,,,,,,,
207.3,Manufacture of khandsari from sugar-cane,,,,,,,,,,,,
207.4,Manufacture of khandsari from other than sugar-cane,,,,,,,,,,,,
207.5,Manufacture of boora and candy from sugar-cane,,,,,,,,,,,,
207.6,Manufacture of boora and candy from sugar-cane,,,,,,,,,,,,
207.9,Manufacture of other indigenious sugar-cane/ sugar beet/ palm juice products n.e.c.,,,,,,,,,,,,
208,Production of common salt,,,,,,,,,,,,
209,Manufacture of cocoa products and sugar confectionery (including sweetmeats),,,,,,,,,,,,
209.1,Manufacture of cocoa products,,,,,,,,,,,,
209.2,Manufacture of sugar confectionery (except sweetmeats),,,,,,,,,,,,
209.3,Manufacture of sweetmeats,,,,,,,,,,,,
210,Manufacture of hydrogenated oils and vanaspati ghee etc.,,,,,,,,,,,,
211,Manufacture of vegetable oils and fats (other than hydrogenated),,,,,,,,,,,,
211.1,manufacture of vegetable oils and fats through 'ghanis',,,,,,,,,,,,
211.2,Manufacture of vegetable oils and fats through expellers,,,,,,,,,,,,
211.3,Manufacture of vegetable oils and fats through solvent extraction process,,,,,,,,,,,,
212,"Manufacture of animal oils and fats , manufacture of fish oil",,,,,,,,,,,,
212.1,Manufacture of animal oils and fats (rendering and refining of lard and other edible animal fats is classified in group 200),,,,,,,,,,,,
212.2,Manufacture of fish oil,,,,,,,,,,,,
213,Processing and blending of tea including manufacture of instant tea,,,,,,,,,,,,
213.1,Processing and blending of tea,,,,,,,,,,,,
213.2,Manufacture of instant tea,,,,,,,,,,,,
214,"Coffee curing, roasting, grinding and blending etc. including manufacture of instant coffee",,,,,,,,,,,,
214.1,Coffee curing,,,,,,,,,,,,
214.2,"Coffee roasting, grinding and blending etc",,,,,,,,,,,,
214.3,Manufacture of instant coffee,,,,,,,,,,,,
215,Processing of edible nuts,,,,,,,,,,,,
215.1,"Processing of cashes nuts (activities included are drying, shelling, roasting, frying and salting etc.)",,,,,,,,,,,,
215.2,Processing of groundnuts (see note for 215.1),,,,,,,,,,,,
215.9,Processing of other edible nuts n.e.c. (see note for 215.1),,,,,,,,,,,,
216,Manufacture of ice,,,,,,,,,,,,
217,Manufacture of prepared animal and bird feed,,,,,,,,,,,,
217.1,Manufacture of cattle feed,,,,,,,,,,,,
217.2,Manufacture of poultry feed,,,,,,,,,,,,
217.9,Manufacture of other animal and bird feed,,,,,,,,,,,,
218,Manufacture of food products not elsewhere classified,,,,,,,,,,,,
219.1,manufacture of malted foods,,,,,,,,,,,,
219.2,Grinding and processing of spices,,,,,,,,,,,,
219.3,"Manufacture of papads, appalam and similar food products",,,,,,,,,,,,
219.4,manufacture of semi-processed foods and instant foods except malted foods,,,,,,,,,,,,
219.5,Manufacture of sago and sago products,,,,,,,,,,,,
219.6,Manufacture of vitaminised high protein flour (multi-purpose foods),,,,,,,,,,,,
219.7,Frying of dals and other cereals n.e.c.,,,,,,,,,,,,
219.9,"Other food processing and manufacturing activities like manufacture of egg powder, sambar powder etc. n.e.c.",,,,,,,,,,,,
220,"Distilling, rectifying and blending of spirits, ethyl alcohol production from fermented materials",,,,,,,,,,,,
221,Manufacture of wines,,,,,,,,,,,,
222,Manufacture of malt liquors and malt,,,,,,,,,,,,
222.1,Manufacture of beer,,,,,,,,,,,,
222.2,Manufacture of malt liquors other than beer,,,,,,,,,,,,
222.3,Manufacture of malt,,,,,,,,,,,,
223,Production of country liquor9arrack and toddy etc.),,,,,,,,,,,,
224,Manufacture of soft drinks and syrups,,,,,,,,,,,,
224.1,Manufacture of aerated drinks,,,,,,,,,,,,
224.2,Manufacture of synthetic flavoured concentrates and syrups,,,,,,,,,,,,
224.9,Manufacture of beverages n.e.c.,,,,,,,,,,,,
225,"Tobacco stemming, redrying and all other operations connected with preparing raw leaf tobacco",,,,,,,,,,,,
226,manufacture of bidi,,,,,,,,,,,,
227,"Manufacture of cigars, cigarettes, cheroots and cigarette tobacco",,,,,,,,,,,,
227.1,Manufacture of cigarette and cigarette tobacco,,,,,,,,,,,,
227.2,Manufacture of cigars and cheroots,,,,,,,,,,,,
228,"Manufacture of snuff, zarda, chewing tobacco and other tobacco products n.e.c. (except pan masala containing tobacco)",,,,,,,,,,,,
228.1,Manufacture of snuff,,,,,,,,,,,,
228.2,Manufacture of zarda,,,,,,,,,,,,
228.3,Manufacture of chewing tobacco,,,,,,,,,,,,
228.9,Manufacture of other tobacco products n.e.c.,,,,,,,,,,,,
229,"Manufacture of pan-masala, catechu(kattha) and chewing lime",,,,,,,,,,,,
229.1,Manufacture of pan-masala,,,,,,,,,,,,
229.2,Manufacture of catechu(kattha),,,,,,,,,,,,
229.3,Manufacture chewing lime,,,,,,,,,,,,
230,"Cotton ginning, cleaning and baling",,,,,,,,,,,,
231,Cotton spinning other than in mills (charkha),,,,,,,,,,,,
232,Weaving and finishing of cotton khadi,,,,,,,,,,,,
233,Weaving and finishing of cotton textiles on handlooms,,,,,,,,,,,,
234,Weaving and finishing of cotton textiles on powerlooms,,,,,,,,,,,,
235,"Cotton spinning, weaving and processing in mills",,,,,,,,,,,,
235.1,Cotton spinning in mills,,,,,,,,,,,,
235.2,Cotton spinning and weaving in mills,,,,,,,,,,,,
235.3,"Cotton, weaving and processing (shrinking mercerizing, bleaching, dyeing and printing in mills",,,,,,,,,,,,
235.4,"Composite cotton mills (spinning, weaving and processing)",,,,,,,,,,,,
236,"Bleaching, dyeing and printing of cotton textiles (This group includes bleaching, dyeing and printing of not self-produced cotton textiles. No distinction is to be between these activities carried out on a fee or contract basis or by purchasing the materials and selling the finished products. Bleaching, dyeing and printing of self-produced textiles in composite mills is classified in class 235.4)",,,,,,,,,,,,
236.1,Bleaching and dyeing of cloth and yarn by hand,,,,,,,,,,,,
236.2,Bleaching and dyeing of cloth and yarn other than by hand,,,,,,,,,,,,
236.3,Printing of cloth by hand,,,,,,,,,,,,
236.4,Printing of cloth other than by hand,,,,,,,,,,,,
236.5,"Bleaching, dyeing and printing of cloth other than by hand",,,,,,,,,,,,
240,"Preparation of raw wool, silk and artificial/synthetic textile fibres for spinning",,,,,,,,,,,,
240.1,"Preparatory operations on wool (cleaning, degreasing, carbonizing, carding, combing fleece dyeing, etc.)",,,,,,,,,,,,
240.2,"Preparatory operations on silk (throwing retching and reeling, etc.)",,,,,,,,,,,,
240.3,Preparatory operations on man-made textile fibres,,,,,,,,,,,,
241,"Wool spinning, weaving and finishing other than in mills",,,,,,,,,,,,
241.1,Wool spinning other than in mills (Charkha),,,,,,,,,,,,
241.2,Weaving and finishing of woolen khadi,,,,,,,,,,,,
241.3,Wool weaving and finishing on handlooms,,,,,,,,,,,,
241.4,Wool weaving and finishing on powerlooms,,,,,,,,,,,,
242,"Wool spinning, weaving and processing in mills",,,,,,,,,,,,
242.1,Wool Spinning in mills,,,,,,,,,,,,
242.2,Wool spinning and weaving in mills,,,,,,,,,,,,
242.3,Wool Weaving and processing (bleaching and dyeing) in mills,,,,,,,,,,,,
242.4,"Composite woolen mills (spinning, weaving and processing)",,,,,,,,,,,,
243,Bleaching and dyeing of woolen textiles,,,,,,,,,,,,
243.1,Bleaching and dyeing of woolen textiles by hand,,,,,,,,,,,,
243.2,Bleaching and dyeing of woolen textiles other than by hand,,,,,,,,,,,,
244,"Spinning, weaving and finishing of silk textiles other than in mills",,,,,,,,,,,,
244.1,"Spinning of silk, other than in mills",,,,,,,,,,,,
244.2,Weaving and finishing of silk khadi,,,,,,,,,,,,
244.3,Weaving and finishing of silk on handlooms,,,,,,,,,,,,
244.4,Weaving and finishing of silk on powerlooms,,,,,,,,,,,,
245,"Spinning, weaving and processing of silk textiles in mills",,,,,,,,,,,,
245.1,Spinning of silk in mills,,,,,,,,,,,,
245.2,Spinning and weaving of silk in mills,,,,,,,,,,,,
245.3,"Weaving and processing (bleaching, dyeing, and printing) of silk in mills",,,,,,,,,,,,
245.4,"Composite silk mills (spinning, weaving and processing)",,,,,,,,,,,,
246,"Bleaching, dyeing and printing of silk textiles",,,,,,,,,,,,
246.1,"Bleaching, dyeing and printing of silk textiles by hand",,,,,,,,,,,,
246.2,"Bleaching, dyeing and printing of silk textiles other than by hand",,,,,,,,,,,,
247,"Spinning, weaving and processing of man-made textile fibres",,,,,,,,,,,,
247.1,Spinning of staple fibres in mills,,,,,,,,,,,,
247.2,Spinning of staple fibres and weaving of artificial/synthetic textile fabrics in mills,,,,,,,,,,,,
247.3,"Weaving and processing (bleaching, dyeing and printing) of artificial/synthetic textile fabrics in mills",,,,,,,,,,,,
247.4,"Composite artificial textile fibre mills (spinning, weaving and processing)",,,,,,,,,,,,
247.5,Weaving and finishing of artificial/synthetic textile fabrics on handlooms,,,,,,,,,,,,
247.6,Weaving and finishing of artificial/synthetic textile fabrics on powerlooms,,,,,,,,,,,,
248,"Bleaching, dyeing and printing of artificial/synthetic textile fabrics",,,,,,,,,,,,
248.1,"Bleaching, dyeing and printing of artificial/synthetic textile fabrics by hand",,,,,,,,,,,,
248.2,"Bleaching, dyeing and printing of artificial/synthetic textile fabrics other than by hand",,,,,,,,,,,,
250,Jute and mesta pressing and baling,,,,,,,,,,,,
251,Preparatory operations (including carding and combing) on jute and mesta fibres,,,,,,,,,,,,
252,Preparatory operations (including carding and combing) on coir fibres,,,,,,,,,,,,
253,Preparatory operations (including carding and combing) on sann hemp and other vegetable fibres n.e.c.,,,,,,,,,,,,
254,"Spinning, weaving and finishing of jute and mesta textiles",,,,,,,,,,,,
255,"Spinning, weaving and finishing of coir textiles",,,,,,,,,,,,
256,"Spinning, weaving and finishing of sann hemp and other vegetable fibre textiles n.e.c.",,,,,,,,,,,,
257,"Bleaching, dyeing and printing of jute and mesta textiles",,,,,,,,,,,,
258,"Bleaching, dyeing and printing of coir textiles",,,,,,,,,,,,
259,"Bleaching, dyeing and printing of other vegetable fibre textiles n.e.c.",,,,,,,,,,,,
260,Manufacture of knitted or crocheted textile products,,,,,,,,,,,,
260.1,Manufacture of knitted or crocheted cotton textile products in mills,,,,,,,,,,,,
260.2,Manufacture of knitted or crocheted woolen textile products in mills,,,,,,,,,,,,
260.3,Manufacture of knitted or crocheted synthetic textile products in mills,,,,,,,,,,,,
260.4,Manufacture of knitted or crocheted textile products other than in mills,,,,,,,,,,,,
261,"Manufacture of all types of threads, cordage, ropes, twines and nets, etc.",,,,,,,,,,,,
261.1,"Manufacture of thread, including thread ball making",,,,,,,,,,,,
261.2,Manufacture of Jute/hemp rope and cordage,,,,,,,,,,,,
261.3,Manufacture of coir rope and cordage,,,,,,,,,,,,
261.4,Manufacture of other rope and cordage other of jute/mesta and coir,,,,,,,,,,,,
261.5,Manufacture of nets(except mosquito nets),,,,,,,,,,,,
261.5,Manufacture of nets(except mosquito nets),,,,,,,,,,,,
261.6,"Manufacture of tapes, niwar and wicks, etc.",,,,,,,,,,,,
261.9,"Manufacture of other cordage, rope, nets etc. n.e.c.",,,,,,,,,,,,
262,"Embroidery work, zari work and making of ornamental trimmings",,,,,,,,,,,,
262.1,Embroidery work by hand,,,,,,,,,,,,
262.2,Embroidery work other than by hand,,,,,,,,,,,,
262.3,Zari work by hand,,,,,,,,,,,,
262.4,Zari work other than by hand,,,,,,,,,,,,
262.5,Making of laces and fringes by hand,,,,,,,,,,,,
262.6,Making of laces and fringes other than by hand,,,,,,,,,,,,
262.9,Making of other ornamental trimming n.e.c.,,,,,,,,,,,,
263,"Manufacture of blankets, shawls, carpets, rugs, and other similar textile products",,,,,,,,,,,,
263.1,Manufacture of blankets and shawls by hand,,,,,,,,,,,,
263.2,Manufacture of blankets and shawls other than by hand,,,,,,,,,,,,
263.3,Manufacture of cotton carpets by hand,,,,,,,,,,,,
263.4,Manufacture of woolen carpets by hand,,,,,,,,,,,,
263.5,Manufacture of silk carpets by hand,,,,,,,,,,,,
263.6,"Manufacture of cotton, woolen and silk carpets other than by hand",,,,,,,,,,,,
263.7,"Manufacture of durries, druggets and rugs by hand",,,,,,,,,,,,
263.8,"Manufacture of durries, druggets and rugs other than by hand",,,,,,,,,,,,
263.9,Manufacture of other textile floor covering ( including felts) n.e.c.,,,,,,,,,,,,
264,"Manufacture of floor coverings of jute, mesta sann-hemp and other kindled fibres and of coir",,,,,,,,,,,,
264.1,"Manufacture of carpets, rugs and other floor coverings of jute and mesta",,,,,,,,,,,,
264.2,Manufacture of floor coverings of coir,,,,,,,,,,,,
264.9,"Manufacture of floor coverings of sann-hemp and other kindred fibres; of grass, paddystraw, tree leaves, and other vegetable materials n.e.c.",,,,,,,,,,,,
265,"Manufacture of all types of textile garments and clothing accessories n.e.c. (except by purely tailoring establishments) from not self-produced material(Note: in principle, the raw material is cut and sewn together in the establishments covered in this group)",,,,,,,,,,,,
266,"Manufacture of rain coats, hats, caps and school bags etc. from waterproof textile fabrics or plastic sheetings",,,,,,,,,,,,
266.1,Manufacture of rain coats of waterproof textile fabrics or plastic sheetings,,,,,,,,,,,,
266.2,Manufacture of hats and caps from waterproof,,,,,,,,,,,,
267,Manufacture of made-up textile articles, except apparel,,,,,,,,,,,
267.1,"Manufacture of curtains, bed-covers and furnishings – hand printed",,,,,,,,,,,,
267.2,"Manufacture of curtains, bed-covers and furnishings – hand embroidered",,,,,,,,,,,,
267.3,"Manufacture of curtains, bed-covers and furnishings – other than hand embroidered or hand printed",,,,,,,,,,,,
267.4,"Manufacture of crocheted made-up textile goods, except apparel",,,,,,,,,,,,
267.5,Manufacture of mosquito nets,,,,,,,,,,,,
267.6,"Manufacture of bedding, quilts, pillows etc.",,,,,,,,,,,,
267.7,Manufacture of coir from mattresses and pillows etc.,,,,,,,,,,,,
267.9,Manufacture of other made-up textile goods except apparel n.e.c..,,,,,,,,,,,,
268,Manufacture of waterproof textile fabrics,,,,,,,,,,,,
268.1,Manufacture of oil-cloth,,,,,,,,,,,,
268.2,Manufacture of rubberized cloth,,,,,,,,,,,,
268.3,Manufacture of tarpaulin,,,,,,,,,,,,
268.4,Manufacture of artificial leather/foam leather and other substitutes of leather,,,,,,,,,,,,
268.9,Manufacture of other waterproof textiles n.e.c.,,,,,,,,,,,,
269,"Manufacture of textiles/textile products not elsewhere classified like linoleum, padding wadding, upholstering and filling, etc.",,,,,,,,,,,,
269.1,Manufacture of linoleum and similar products,,,,,,,,,,,,
269.2,Manufacture of gas mantles,,,,,,,,,,,,
269.3,Manufacture of made-up convas goods such as tents and sails etc.(manufacture of canvas footwear is classified in group 301, that of furnishing articles in group 266 and of school bags and similar articles in group 265),,,,,,,,,,,
269.4,Manufacture of wadding of textile materials and articles of wadding such as sanitary towels and tampons,,,,,,,,,,,,
269.5,"Manufacture of metallised yarn or gimped yarn; rubber thread or cord covered with textile material; textile yarn or strip, impregnated, covered or sheathed with rubber or plastics(i.e. elastics)",,,,,,,,,,,,
269.9,"Manufacture of other textiles/textile products n.e.c. (Products manufacture of which is classified in this class are : tyre cord fabrics of high tenacity man made yarn; other treated or coated fabrics n.e.c.; tracing cloth; canvas prepared for use by painters; buckrum and other similar stiffened textile fabrics; hosepiping and similar textile tubing with or without lining; textile products or articles for technical uses such as bolting cloth; straining cloth, fabrics or felts used in paper making and other special fabrics n.e.c.)",,,,,,,,,,,,
270,Sawing and planing of wood (other than plywood),,,,,,,,,,,,
271,"Manufacture of veneer sheets, plywood and their products",,,,,,,,,,,,
271.1,Manufacture of plywood and veneer sheets,,,,,,,,,,,,
271.2,Manufacture of flush doors and other boards or panels,,,,,,,,,,,,
271.9,Manufacture of other plywood products n.e.c.,,,,,,,,,,,,
272,"Manufacture of structural wooden goods (including treated timber) such as beams, posts, doors and windows(excluding hewing and rough shaping of poles, bolts and other wood material which is classified under logging)",,,,,,,,,,,,
273,"Manufacture of wooden and cane boxes, crates, drums, barrels and other containers, baskets and other wares made entirely or mainly of cane, rattan, reed, bamboo, willow, fibres, leaves and grass",,,,,,,,,,,,
273.1,"Manufacture of wooden boxes, barrels, etc. (except of plywood)",,,,,,,,,,,,
273.2,Manufacture of plywood chests,,,,,,,,,,,,
273.3,"Manufacture of market basketry, grain storage bins, ration baskets and similar products made from bamboo and reed, etc.",,,,,,,,,,,,
273.4,"Manufacture from cane and bamboo of shopping bags, ornament boxes, costume articles, trays, table lamps, fancy baskets, table mats, tumbler and vessel holders and other household utilities",,,,,,,,,,,,
273.5,"Manufacture of articles made of palm leaf, screwpine leaf and khajoor leaf etc.",,,,,,,,,,,,
273.6,"Manufacture of articles of aloe fibre, banana fibre, sisal fibre and pineapple fibre etc.",,,,,,,,,,,,
273.7,Manufacture of products of pith and shalapith,,,,,,,,,,,,
273.9,"Manufacture of other wooden containers and products made entirely or mainly of cane, rattan, bamboo willow, fibres, leaves and grass n.e.c.",,,,,,,,,,,,
272,"Manufacture of structural wooden goods (including treated timber) such as beams, posts, doors and windows (excluding hewing and rough shaping of poles, bolts and other wood material which is classified under logging)",,,,,,,,,,,,
274,Manufacture of wooden industrial goods n.e.c.,,,,,,,,,,,,
274.1,"Manufacture of wooden industrial fixtures such as bobbins, spools, sewing reels, etc.",,,,,,,,,,,,
274.2,Manufacture of wooden tool handles,,,,,,,,,,,,
274.3,"Manufacture of wooden blocks, moulding patterns and similar articles",,,,,,,,,,,,
274.9,Manufacture of other wooden industrial goods n.e.c.,,,,,,,,,,,,
275,Manufacture of cork and cork products,,,,,,,,,,,,
276,Manufacture of wooden furniture and fixtures,,,,,,,,,,,,
277,Manufacture of bamboo and cane furniture and fixture,,,,,,,,,,,,
277.1,"Manufacture of bamboo, cane and reed furniture and fixtures",,,,,,,,,,,,
277.2,"Manufacture of bamboo, cane and reed screens",,,,,,,,,,,,
277.9,"Manufacture of other finishing articles of bamboo, cane, reed, rattan, etc. n.e.c.",,,,,,,,,,,,
279,"Manufacture of products of wood, bamboo, cane reed and grass (including articles made from coconut shells etc.) n.e.c.",,,,,,,,,,,,
279.1,"Manufacture of bamboo, cane, reed and grass products n.e.c. (thatching etc.)",,,,,,,,,,,,
279.2,Manufacture of broomsticks,,,,,,,,,,,,
279.3,"Manufacture of wooden toys, decoration pieces and wooden lamp stands, etc.(including hand carved wood articles, walking sticks; and articles made from coconut shells, etc.)",,,,,,,,,,,,
279.4,Manufacture of wooden agricultural implements,,,,,,,,,,,,
279.5,Manufacture of other wooden household products n.e.c.,,,,,,,,,,,,
279.9,Manufacture of other wood products n.e.c.,,,,,,,,,,,,
280,"Manufacture of pulp, paper and paper board including manufacture of newsprint",,,,,,,,,,,,
280.1,Manufacture of pulp (machine made),,,,,,,,,,,,
280.2,Manufacture of paper (machine made),,,,,,,,,,,,
280.3,Manufacture of newsprint (machine made),,,,,,,,,,,,
280.4,Manufacture of packaging paper(machine made),,,,,,,,,,,,
280.5,Manufacture of paper board and straw board (machine made),,,,,,,,,,,,
280.6,Manufacture of hard board including false board and chip board (machine made),,,,,,,,,,,,
280.7,"Manufacture of hand made pulp, paper and paper-board etc.",,,,,,,,,,,,
280.9,Manufacture of other primary paper materials n.e.c.,,,,,,,,,,,,
281,Manufacture of containers and boxes of paper or paper board,,,,,,,,,,,,
281.1,Manufacture of paper bags,,,,,,,,,,,,
281.2,Manufacture of card board boxes,,,,,,,,,,,,
281.3,Manufacture of corrugated fibre board containers,,,,,,,,,,,,
281.9,Manufacture of other containers and boxes of paper or paper board n.e.c.,,,,,,,,,,,,
282,Manufacture of paper and paper board articles and pulp products not elsewhere classified,,,,,,,,,,,,
282.1,Manufacture of paper hoops,,,,,,,,,,,,
282.2,Manufacture of paper cones,,,,,,,,,,,,
282.3,"Manufacture of paper cups, saucers, plates and other similar products",,,,,,,,,,,,
282.4,Manufacture of other paper and paper board articles n.e.c.,,,,,,,,,,,,
282.5,Manufacture of dolls from pulp,,,,,,,,,,,,
282.6,Manufacture of papier mache articles,,,,,,,,,,,,
282.9,Manufacture of other pulp products n.e.c.,,,,,,,,,,,,
283,Manufacture of special purpose paper whether or not printed n.e.c.,,,,,,,,,,,,
283.1,Manufacture of special purpose paper/paper products for computers,,,,,,,,,,,,
283.2,Manufacture of wall paper,,,,,,,,,,,,
283.9,Manufacture of other special purpose paper n.e.c.,,,,,,,,,,,,
284,Printing and purblishing of newspapers,,,,,,,,,,,,
285,"Printing and publishing of periodicals books, journals, directories, atlases, maps, sheet music, schedules & Pamphlets etc.",,,,,,,,,,,,
285.1,"Printing but not publishing of periodicals, books, journals, directories, atlases, maps and sheet music, schedules & pamphlets, etc.",,,,,,,,,,,,
285.2,"Publishing but not printing of periodicals, books, journals, directories, atlases, maps and sheet music, etc.",,,,,,,,,,,,
285.3,"Printing and publishing of periodicals, books journals, directories, atlases, maps and sheet music etc.",,,,,,,,,,,,
286,"Printing of bank notes, currency notes, postage stamps, security passes, stamp papers and other similar products",,,,,,,,,,,,
287,"Engraving, etching, and block-making etc.",,,,,,,,,,,,
288,Book binding on account of others,,,,,,,,,,,,
289,Printing and allied activities not elsewhere classified,,,,,,,,,,,,
289.1,"Envelope printing, postcard printing and embossing",,,,,,,,,,,,
289.2,Manufacture of playing cards,,,,,,,,,,,,
289.9,Printing and allied activities n.e.c.,,,,,,,,,,,,
290,"Tanning, curing,, finishing, embossing and japanning of leather",,,,,,,,,,,,
290.1,Flaying and curing of raw hides and skins,,,,,,,,,,,,
290.2,Tanning and finishing of sole leather,,,,,,,,,,,,
290.3,Tanning and finishing of industrial leather,,,,,,,,,,,,
290.4,Vegetable tanning of light leather,,,,,,,,,,,,
290.5,Chrome tanning of leather,,,,,,,,,,,,
290.6,"Finishing of upper leather, lining leather and garment leather, etc.",,,,,,,,,,,,
290.9,"Other tanning, curing, finishing embossing and japanning of leather n.e.c.",,,,,,,,,,,,
291,Manufacture of footwear excluding repair) except of vulcanized or moulded rubber or plastic,,,,,,,,,,,,
291.1,Manufacture of leather shoes by/on hand/cottage scale,,,,,,,,,,,,
291.2,Manufacture of leather shoes other than by/on hand/cottage scale,,,,,,,,,,,,
291.3,Manufacture of leather-cum-rubber/plastic cloth shoes by/on hand/cottage scale,,,,,,,,,,,,
291.4,Manufacture of leather-cum-rubber/plastic cloth shoes other than by/on hand/cottage scale,,,,,,,,,,,,
291.5,Manufacture of leather sandals and chappals by/on hand/cottage scale,,,,,,,,,,,,
291.6,Manufacture of sandals and chappals other than by/on hand/cottage scale,,,,,,,,,,,,
291.7,Manufacture of leather-cum-rubber/plastic cloth sandals and chappals by/on hand/cottage scale,,,,,,,,,,,,
291.8,Manufacture of leather-cum-rubber/plastic sandals and chappals other than by/on hand/cottage scale,,,,,,,,,,,,
292,Manufacture of wearing apparel of leather and substitutes of leather,,,,,,,,,,,,
293,Manufacture of consumer goods of leather and substitutes of leather, other than apparel and footwear(Note: Manufacture of school bags and traveling accessories from water-proof textile fabrics is included in group 266),,,,,,,,,,,
293.1,"Manufacture of travel goods like suitcases, bags and holdalls, etc.",,,,,,,,,,,,
293.2,"Manufacture of purses and ladies/handbags, artistic leather presentation articles and novelties etc.",,,,,,,,,,,,
293.9,Manufacture of other consumer goods of leather and substitutes of leather n.e.c.,,,,,,,,,,,,
294,"Scrapping, currying, tanning, bleaching and dyeing of fur and other pelts for the trade",,,,,,,,,,,,
295,Manufacture of wearing apparel of fur and pelts,,,,,,,,,,,,
296,Manufacture of fur and skin rugs and other similar articles,,,,,,,,,,,,
299,Manufacture of leather and fur products n.e.c.,,,,,,,,,,,,
299.1,Embroidering and embossing of leather articles by hand,,,,,,,,,,,,
299.2,Manufacture of hand printed leather articles,,,,,,,,,,,,
299.3,Stuffing of animals and birds hides,,,,,,,,,,,,
299.4,Manufacture of saddlery and harness,,,,,,,,,,,,
299.9,Manufacture of other leather and fur products n.e.c.,,,,,,,,,,,,
300.1,"Manufacture of nitric acid, ammonia, commercial ammonium chloride, nitrates of potassium and other basic chemicals of nitrogenous fertilizer industry.",,,,,,,,,,,,
300.2,"Manufacture of industrial gases (includes manufacture of elemental gases, liquid or compressed air, acetylene refrigerant gases and mixed industrial gases etc.)",,,,,,,,,,,,
300.3,Manufacture of inorganic acids (manufacture of nitric acid is classified in class 300.1),,,,,,,,,,,,
300.4,"Manufacture of industrial monocarboxilic fatty acids, acid oils from refining and industrial fatty alcohols; manufacture of glycerine.",,,,,,,,,,,,
300.5,Manufacture of tanning or dying extracts, tannins and their derivatives and colouring matter n.e.c.(manufacture of indigo is included).,,,,,,,,,,,
300.6,Manufacture of turpentine and resins of vegetable origin (includes manufacture of tall oil, terpenic oils produced by the treatment of coniferous woods, crude dipentene, crude para-cymene, pine oil, rosin and resin acids and derivatives thereof, rosin spirt and rosin oils, rum gums, wood tar, wood tar oils, wood cresote, wood naptha, vegetable pitch and brewer's pitch)
300.7,"Manufacture of organic acids, (including acetic acid) alcohols; phenols and phenol-alcohols. Methanol and higher alcohols (manufacture of ethyle alcohol is classified in group 200).",,,,,,,,,,,,
300.8,"Manufacture of basic inorganic chemicals n.e.c. (includes manufacture of roasted iron pyrites, chemical elements other than in gaseous forms; inorganic oxygen compounds of non-metals; halogen or sulpher compounds of non-metals; inorganic bases and oxides, hydroxides and peroxides of metals other than ammonia; flurides, flurosilicates, fluroaluminates and other complex fluorine salts; chlorides, chloride oxides and chloride hydroxides other than ammonium chloride;bromides and bromide oxides; iodides and iodide oxides; sulphates; alums; peroxosulphates (persulphate);carbonates and peroxocarbonates (Percarbonates); cyanides, cyanide oxides and complex cyanides; salts of oxometallic or peroxometallic acids and salts n.e.c. manufacture of sodium chloride (salt) is classified in group 208.   Manufacture of isotopes and compounds thereof (including heavy water) colloidal precious metals and compounds thereof; compounds of rare earth metals, of yytrium or of scandium, refined sulpher and manufacture of inorganic chemicals for technical or laboratory uses is classified in group 309.  Manufacture of distilled water is also classified in group 309.  Manufacture of radioactive chemical elements and radioactive isotopes is classified in group 317).",,,,,,,,,,,,
300.9,"Manufacture of basic organic chemicals n.e.c. (includes manufacture of activated natural mineral products, animal black; animal or vegetable fats and oils and their fractions; chemically modified except those hydrogenated; inter-sterified, re-esterified or elaidinised; inedible mixtures of preparations of animal or vegetable fats or oils; hydrocarbons n.e.c.; halogenated, sulphonated, nitrated or nitrosated derivatives of hydrocarbons alcohols, phenols, phenol-alcohols; ethers, alcoholepoxides, etheer peroxides, ketone-peroxides epoxides with a three-membered ring, acetals and hemiacetals and their halogenated, sulphonated, nitrated or nitrosated derivates; aldehyde-function compounds; ketone-function compounds; anhydrides, halides, peroxides, peroxicides of carboxilic acides; esters of inorganic acids and their derivatives; amine-function compounds; oxygen function amino-compounds n.e.c.; nitrogen-compounds n.e.c.; organo-inorganic compounds; heterocylic compounds n.e.c.; enzymes, prepared enzymes n.e.c. and other basic organic chemicals n.e.c. Manufacture of provitamins, vitamins and harmones; glycosides and vegetable alkaloids and their derivates; chemically pure sugar; sugar ethers/esters and their salts; salicylic acid and its salts; esters and lysine and its esters and salts thereof; glutamic acid and its salt etc. is classified in group 304)",,,,,,,,,,,,
301,Manufacture of fertilizers and pesticides,,,,,,,,,,,,
301.1,Manufacture of straight inorganic fertilizers,,,,,,,,,,,,
301.2,Manufacture of urea and other organic fertilizers,,,,,,,,,,,,
301.3,"Manufacture of mixed, compound or complex fertilizers",,,,,,,,,,,,
301.4,"Manufacture of pesticides (insecticides, fungicides and weedicides)",,,,,,,,,,,,
301.9,Manufacture of other fertilizers and pesticides n.e.c.,,,,,,,,,,,,
302,Manufacture of plastics in primary forms, manufacture of synthetic rubber,,,,,,,,,,,
302.1,Manufacture of synthetic rubber (includes production or mixtures of synthetic rubber and natural rubber or rubber like gums (e.g. balata ) in primary forms.,,,,,,,,,,,,
302.2,"Manufacture of amino-resins, phenolic-resins and plyurethanes in primary forms.",,,,,,,,,,,,
302.3,Manufacture of cellulose and its chemical derevaties in primary forms.,,,,,,,,,,,,
302.4,"Manufacture of natural polymers and modified natural polymers in primary forms (this class includes manufacture of alginic acid and other natural polymers hardened proteins, chemical derivatives of natural rubber and other modified natural polymers.",,,,,,,,,,,,
302.9,"Manufacture of other plastics in primary forms n.e.c. (this class includes manufacture of the following in primary forms:polymers of athylene, propylene or other olefins; polymers of styrene, vinyl chloride or other halogenated olefins; polymers of vinyl acetate or other vinyl esters; acrylic polymers; poly-acetals, other polyethers and epoxide resins; polycarbo-nates alkyd resins, polyallylsilicones, not chemically defined; petroleum resins; polyterpenes and ion-exchangers based on the plastic materials classified in this group)",,,,,,,,,,,,
303,"Manufacture of paints, varnishes, and related products; artists' colours and ink",,,,,,,,,,,,
303.1,"Manufacture of prepared pigments, prepared opacifiers and prepared colours, vitrifiable enamels and glazes, engobes and similar preparations a kind used in the ceramic, enamelling or glass industry.",,,,,,,,,,,,
303.2,"Manufacture of paints, varnishes, enamels or lacquers (includes manufacture of paints and varnishes, including enamels and lacquers based on synthetic polymers or chemically modified natural polymers, dispered or dissolved in an aqueous/non-aqueous medium; drying oils, rubber based paints, oil varnishes, varnishes and lacquers based on lac, natural gum or resins (including shellac), varnishes based on litumea, pitch or similar products, distemper, whitening for cleaning footwear and prepared water pigments of a kind used for finishing leather)",,,,,,,,,,,,
303.3,Manufacture of dyes (includes manufacture of such dyes and colouring matters which are for final use by household/industrial institutional consumers. Manufacture of special dyes used in laboratories e.g. to colour microscopic preparations is also included.  Manufacture of indigo is classified in class 300.5),,,,,,,,,,,,
303.4,"Manufacture of waxes and polishes (includes Manufacture of artificial waxes, prepared waxes, polishes and creams for footwear, furniture, floor, coachwork, glass or metals and scouring-pastes/powders and similar preparations).",,,,,,,,,,,,
303.5,"Manufacture of printing, writing or drawing ink.",,,,,,,,,,,,
303.6,"Manufacture of artists' colours (includes Manufacture of modifying tints, amusement colours and the like).",,,,,,,,,,,,
303.9,"Manufacture of other paints, varnishes and related products n.e.c. (includes manufacture of prepared driers, stamping foils, pigments (including metallic powders and flakes) dispersed in non-aqueous media of a kind used in the Manufacture of paints/enamels; organic composite solvents and thinners used for the manufacture of paints/varnishes; prepared paint or varnish removers; glazier putty; grafting putty; resin cement caulking compounds and other mastics; and non-refactory surfacing preparations for facades, indoor walls, floors, ceiling or the like)",,,,,,,,,,,,
304,"Manufacture of drugs, medicines and allied products",,,,,,,,,,,,
304.1,"Manufacture of chemical substances used in the Manufacture of pharmaceuticals (This class includes manufacture of the following other than in the form of medicaments; antibiotics, endocrine products, basic vitamins, opium derivatives; sulpha drugs; serums and plasma; salicylic acid, its salts and esters; glycosides and vegetable alkaloids; chemically pure sugar and so forth)",,,,,,,,,,,,
304.2,Manufacture of allopathic pharmaceutical preparations,,,,,,,,,,,,
304.3,Manufacture of 'aurvedic' or 'unani' pharmaceutical preparations,,,,,,,,,,,,
304.4,Manufacture of homoeopathic or bio-chemic pharmaceutical preparations.,,,,,,,,,,,,
304.5,"Manufacture of surgical cotton and bandages etc. (includes manufacture of dressings, adhesive plasters, and similar articles coated with pharmaceutical substances).",,,,,,,,,,,,
304.9,"Manufacture of other pharmaceutical products n.e.c. This class includes Manufacture of the following: glands and other organs for organo-therapeutic uses; heparin and its salts; other human or animal substances prepared for therapeutic or prophylactic uses, n.e.c.; human or animal blood prepared for therapeutic, prophylactic or diagnostic uses; anticera and other blood fractions; vaccines; toxins; cultures of micro-organisms and similar products; sterile surgical cat-gut etc. for surgical wound closure; sterile laminaria and sterile laminaria tents; sterile absorbable surgical or dental haemostatics; blood-grouping re-agents; opacifying preparations for x-ray examination; diagnostic re-agents designed to be administered to the patient; dental cements and other dental fillings; bone re-construction cements; chemical contraceptive preparations based on harmons or spermicides and so forth)",,,,,,,,,,,,
305,"Manufacture of perfumes, cosmetics, lotions, hair dressings, toothpastes, soap in any form, detergents, shampoos, shaving products, washing and cleaning preparations and other toilet preparations.",,,,,,,,,,,,
305.1,Manufacture of toilet soap (includes Manufacture of medicated soaps).,,,,,,,,,,,,
305.2,"Manufacture of soap other than for toilet use (includes Manufacture of household soaps, rosin, tall oil or naphthenate soaps and industrial soaps).",,,,,,,,,,,,
305.3,"Manufacture of organic surface-active agents (surfactants) and preparations based thereon, detergents, auxiliary washing preparations (for rinsing or bleaching cloths) and cleaning preparations (for floors/windows etc.).",,,,,,,,,,,,
305.4,Manufacture of perfumes and toilet waters (Manufacture of essential oils is classified in group 309).,,,,,,,,,,,,
305.5,"Manufacture of preparations for oral or dental hygiene (includes Manufacture of toothpastes, toothpowder, mouthwash, oral perfumes, dental fixative pastes and powders etc.)",,,,,,,,,,,,
305.6,"Manufacture of cosmetics and toilet aids (includes Manufacture of pre-shave, shaving or after shave preparations; personal deodorants and anti-respirants; perfumed bath salts and other bath preparations; beauty or make-up preparations and preparations for the care pf tje slo , other than medicaments; manicure and pedicure preparations and so forth)",,,,,,,,,,,,
305.7,"Manufacture of preparations for use on the hair (includes Manufacture of shampoos, hair sprays, hair fixers, hair oils, hair creams, hair dyes and bleaches and preparations for permanent waving or straightening of the hair etc.).",,,,,,,,,,,,
305.8,Manufacture of 'Agarbaytti' and other odoriferous preparations which operate by burning.,,,,,,,,,,,,
305.9,"Manufacture of others (includes Manufacture of scented sachets, perfumed papers, contact lense solution and animal toilet preparations etc.",,,,,,,,,,,,
306,Manufacture of man-made fibres,,,,,,,,,,,,
306.1,"Manufacture of artificial or synthetic filament tow and staple fibres, not carded or combed.",,,,,,,,,,,,
306.2,"Manufacture of synthetic or artificial filament yarn, whether or not textured, high tenacity, multiple or cabled.",,,,,,,,,,,,
306.3,Manufacture of synthetic or artificial monofilament or strip (e.g. artificial straw).,,,,,,,,,,,,
307,Manufacture of matches.,,,,,,,,,,,,
307.1,Manufacture of matches on cottage scale.,,,,,,,,,,,,
307.2,Manufacture of matches other than on cottage scale.,,,,,,,,,,,,
308,"Manufacture of explosives, ammunition and fire works",,,,,,,,,,,,
308.1,Manufacture of explosives (including industrial explosives).,,,,,,,,,,,,
308.2,Manufacture of ammunition.,,,,,,,,,,,,
308.3,Manufacture of safety fuses.,,,,,,,,,,,,
308.4,Manufacture of fire works.,,,,,,,,,,,,
308.9,Manufacture of other explosives and ammunition etc. n.e.c..,,,,,,,,,,,,
309,Manufacture of chemical products not elsewhere classified.,,,,,,,,,,,,
309.1,"Manufacture of essential oils and resinoids (this class includes Manufacture of essential oils, including concretes and absolutes obtained through expression, steam distillation or extraction; resinoids except natural or prepared oleoresins, concentrates of essential oils in fats, in fixed oils or in waxes; obtained by enflueurage or millration; terpenic by-products of deterpentation of essential oils and aqueous distillates and aqueous solution of essential oils)",,,,,,,,,,,,
309.2,"Manufacture of photochemical materials, sensitised films and paper.",,,,,,,,,,,,
309.3,Manufacture of prepared unrecorded media for sound recording and similar recording of other phenomena.,,,,,,,,,,,,
309.4,"Manufacture of fine chemicals (this class includes refining/grading and otherwise preparation of basic chemicals for laboratory or technical uses; isotopes (other than radioactive isotopes) and compounds thereof including heavy water, colloidal precious metals and compounds thereof; compounds of rare earth metals of yytrium or of scandium; and synthetic or reconstructed precious or semi-precious stones)",,,,,,,,,,,,
309.5,"Manufacture of glue and gelatine (includes Manufacture of caseinates and other casein derivatives, gelatin derivatives; using glass and peptones, their derivatives and related products).",,,,,,,,,,,,
309.6,"Manufacture of chemical elements and compounds doped for use in electronics (this class covers Manufacture of chemical elements in the forms of discs, wafers or similar form doped for used in electronics and chemical compounds such as cadmium selenide and sulphide, indium arsenide etc. containing certain additives with a view to their use in electronics in the form of cylinders, rods etc. or cut into discs  wafers or similar forms)",,,,,,,,,,,,
309.7,"Manufacture of chemical products or preparations of a kind used in the textile, paper, leather or like industries (this class covers Manufacture of chemical preparations used in the textile or like industries such as preparations to modify feel of products (stiffening agents, softening agents and fillers etc.); anti-crease and anti-shrink preparations; lustering/delustering agents; mordants used in dying or printing processes; dye carriers; blinders used to bind the pigment particles in the coating mixer for papeer industries; sizing agents or additives used in paper processing and chemical preparations used in the leather or like industries such as binders intended to anchor the pigment colour in leather, seasons specifically formulated to be applied as the final surface seal in leather finishing and water proofing agents etc. Manufacture of chemical preparations, containing less than 70% by weight of petroleum oils, of a kind used for the oil or grease treatment of textile materials, leather, furskins or the liks is also included)",,,,,,,,,,,,
309.8,"Manufacture of lubricating preparations except of petroleum (this class covers Manufacture of lubricating preparations designed to reduce friction between moving parts of machinery, lubricating preparations used in wire drawing; cutting oil preparations; bolt or nut release preparations; anti-rust or anti-corrosion preparations; mould release prepartions based on lubricants etc.  The product contained, usually less than 70% by weight of petroleum oils or of oils obtained from bituminous minerals.  Also included is manufacture of prepared additives for mineral oils, prepared liquids for hydraulic transmission except of petroleum and anti-freezing preparations or prepared de-icing fluids)",,,,,,,,,,,,
309.9,"Manufacture of other chemical products n.e.c. (this class covers Manufacture of the following :modelling pastes; dental wax or dental impression compounds and other chemical preparations for use in dentistry with a basis of plaster; preparations and charges for fire extinguishes; charged fire extinguishing grenades; prepared culture media for development of micro-organisms; composite diagnostics or laboratory re-agents n.e.c.; activated carbon; pickling preparations for metal surfaces; fluxes and other auxiliary preparations for soldering, brazing or welding; soldering, brazing or welding powders and pastes consisting of metals and other materials; preparations of a kind used as cores or coatings for welding electrodes or rods; prepared rubber accelerators; compound plasticizers for rubber or plastics; anti-oxidising preparations and other compound stabilizers for rubber or plastics; reaction initiators, reaction acccelerators and catalytic preparations n.e.c.; prepared binders for foundry moulds or cores non-binders for foundry moulds or cores non-agglomerated metal carbides mixed together or with metalic binders; prepared additives for cements, mortars or concretes and naphthenic acids, their water-insoluble salts and their easters and so forth)",,,,,,,,,,,,
310,Tyre and tube industries.,,,,,,,,,,,,
310.1,"Manufacture of tyres and tubes for motor vehicles, tractors and aircrafts.",,,,,,,,,,,,
310.2,"Manufacture of tyres and tubes for motor cycles, scooters and three-wheelers.",,,,,,,,,,,,
310.3,Manufacture of tyres and tubes for cycles.,,,,,,,,,,,,
310.4,Retreading of tyres.,,,,,,,,,,,,
310.9,Manufacture of other tyres and tubes n.e.c.,,,,,,,,,,,,
311,Manufacture of footwear made primarily of vulcanised or moulded rubber and plastics.,,,,,,,,,,,,
311.1,Manufacture of rubber footwear.,,,,,,,,,,,,
311.2,Manufacture of plastic and PVC footwear.,,,,,,,,,,,,
311.3,Manufacture of canvas-cum-rubber/plastic footwear.,,,,,,,,,,,,
312,Manufacture of rubber products not elsewhere classified,,,,,,,,,,,,
312.1,"Manufacture of rubber plates, sheets, strips, rods, tubes, hoses, and profile-shapes etc.",,,,,,,,,,,,
312.2,Manufacture of rubber conveyor or transmission belts or belting.,,,,,,,,,,,,
312.3,Manufacture of foam rubber mattresses and cushions.,,,,,,,,,,,,
312.4,Manufacture of rubber surgical and medical equipment.,,,,,,,,,,,,
312.5,Manufacture of rubber contraceptives.,,,,,,,,,,,,
312.6,Manufacture of rubber balloons.,,,,,,,,,,,,
312.9,Manufacture of other rubber products n.e.c.,,,,,,,,,,,,
313,Manufacture of plastic products not elsewhere classified.,,,,,,,,,,,,
313.1,"Manufacture of semi-finished products of plastics (this class covers manufacture of monofilament, rods, sticks and profile shapes of plastics; tubes, pipes and hoses and fittings therefore of plastics; plates, sheets, film, foil and strip of plastics, whether or not self-adhesive and floor, wall or ceiling coverings of plastics)",,,,,,,,,,,,
313.2,Manufacture of packaging products of plastics (except household).,,,,,,,,,,,,
313.3,"Manufacture of baths, wash-basins, lavatory pans and covers, flushing cisterns and similar sanitaryware of plastics.",,,,,,,,,,,,
313.4,Manufacture of furniture and fixtures of plastics.,,,,,,,,,,,,
313.5,"Manufacture of travel goods of plastics (suitcases, vanity bags, holdalls and similar articles).",,,,,,,,,,,,
313.6,Manufacture of spectacle frames.,,,,,,,,,,,,
313.7,Manufacture of moulded industrial accessories of plastics n.e.c. (including electrical insulating fittings of plastics).,,,,,,,,,,,,
313.8,"Manufacture of tableware, kitchenware and other household articles and toilet articles of plastics n.e.c. including Manufacture of vacuum flasks and other vacuum vessels (Note: Manufacture of glass-inners for vacuum vessels is classified in group 321).",,,,,,,,,,,,
313.9,"Manufacture of n.e.c. (Note: Manufacture of children's cycles, imitation jewellery, children's play equipment and artificial flowers of plastics is classified in groups 376, 383, 385 and 389 respectively.",,,,,,,,,,,,
314,"Manufacture of refined petroleum products (this group includes production of liquids of gaseous fuels, illuminating oils, lubricating oils or greases or other products obtained from crude petroleum or their fractionation productions, Liquification of natural gas is classified in group 111 and bottling of natural gas or liquified petroleum gas is classified in group 315)",,,,,,,,,,,,
315,Bottling of natural gas or liquified petroleum gas.,,,,,,,,,,,,
316,Manufacture of refined petroleum products not elsewhere classified (this group includes Manufacture of variety of products extracted/obtained from the products or residues of petroleum refining).,,,,,,,,,,,,
316.1,Manufacture of paraffin wax.,,,,,,,,,,,,
316.2,Manufacture of candles on cottage scale.,,,,,,,,,,,,
316.3,Manufacture of candles other than on cottage scale.,,,,,,,,,,,,
316.9,"Manufacture of other petroleum products n.e.c. (this class includes Manufacture of petroleum jelly, micro-cristalline petroleum wax, slack wax, ozokerite, lignite wax, petroleum coke, petroleum bitumen and other residues or petroleum oils or of oils obtained from bituminous minerals)",,,,,,,,,,,,
317,"Processing of nuclear fuels (this group includes extraction of uranium metals from pitch blende or other uranium bearing ores; Manufacture of alloys or dispersions or mixtures of natural uranium or its compounds, Manufacture of enriched uranium and its compounds; plutonium and its compounds; uranium depleted in U 235 and its compounds; thorium and its compounds; other radio active elements, isotops or compounds and non-irradiated fuel elements for use in nuclear reactors.  Production of heavy water is classified in group 309.)",,,,,,,,,,,,
318,"Manufacture of coke oven products (this group includes operation of coke ovens chiefly for the production of coke or semi-coke from hard-coal and lignite, retort carbon and residual products such as coal tar or pitch agglomeration of coke is included.  Distillation of coal tar is classified in group 319 below)",,,,,,,,,,,,
319,Manufacture of other coal and coal tar products not elsewhere classified.,,,,,,,,,,,,
319.1,Manufacture of naphthalene (includes Manufacture of naphthalene oils and crude naphthalene.,,,,,,,,,,,,
319.2,"Manufacture of phenols and other phenolic oils (includes Manufacture of phenols, cresols, xylenols and other phenolic oils).",,,,,,,,,,,,
319.9,"Manufacture of other products of distillation of coal tar or other mineral tars (this class covers Manufacture of oils and other products by the distillation of high temperature coal tar or by the distillation of lignite or peat or by the low temperature distillation of coal Major products of the activities included in this group are benzole, toluole, xylole and solvent naphtha; creosote oils and similar oils and products with a predominance of aromatic constituents.  Pitch and pitch coke are main by-products.)",,,,,,,,,,,,
320,Manufacture of refractory products and structural clay products.,,,,,,,,,,,,
320.1,"Manufacture of refractory bricks, blocks, tiles and similar refractory ceramic constructional goods.",,,,,,,,,,,,
320.2,"Manufacture of other refractory products n.e.c. refractory cements, mortars, concretes, and similar compositions n.e.c.",,,,,,,,,,,,
320.3,"Manufacture of furnace lining bricks (acidic, basic and neutral)",,,,,,,,,,,,
320.4,Manufacture of building bricks.,,,,,,,,,,,,
320.5,"Manufacture of wall tiles, ceramic mosaic cubes and the like, by hand.",,,,,,,,,,,,
320.6,"Manufacture of wall tiles, ceramic mosaic cubes and the like, other than by hand.",,,,,,,,,,,,
320.7,"Manufacture of non-refractory ceramic pipes, conduits, guttering and pipe fittings.",,,,,,,,,,,,
320.8,"Manufacture of non-refractory flooring blocks, support or filler tiles and roofing tiles.",,,,,,,,,,,,
320.9,Manufacture of other structural clay products.,,,,,,,,,,,,
321,Manufacture of glass and glass products.,,,,,,,,,,,,
321.1,Manufacture of glass in primary or semi-manufactured forms (such as sheets and plate glass) including mirror sheets.,,,,,,,,,,,,
321.2,Manufacture of glass fibre (including glasswool) and products therefrom.,,,,,,,,,,,,
321.3,"Manufacture of hollow glassware (bottles, jars, etc.) for the conveyance or packing of goods.",,,,,,,,,,,,
321.4,Manufacture of laboratory or pharmaceutical glassware.,,,,,,,,,,,,
321.5,Manufacture of table or kitchen glassware.,,,,,,,,,,,,
321.6,Manufacture of glass bangles.,,,,,,,,,,,,
321.7,Manufacture of glass decoration pieces.,,,,,,,,,,,,
321.9,Manufacture of other glassware/glass products (including glass beads) n.e.c.,,,,,,,,,,,,
322,Manufacture of earthen and plaster products.,,,,,,,,,,,,
322.1,Manufacture of earthenware and earthen pottery (except statues).,,,,,,,,,,,,
322.2,Manufacture of earthen and plaster statues.,,,,,,,,,,,,
322.9,Manufacture of other earthen and plaster products n.e.c.,,,,,,,,,,,,
323,Manufacture of non-structural ceramic ware,,,,,,,,,,,,
323.1,Manufacture of ceramic tableware or kitchenware,,,,,,,,,,,,
323.2,"Manufacture of ceramic sinks, baths, watercloset pans, flushing cisterns and similar sanitary fixtures.",,,,,,,,,,,,
323.3,"Manufacture of ceramic insulators and insulating fittings for electrical machines, appliances and equipment.",,,,,,,,,,,,
323.4,Manufacture of ceramic ware for laboratory chemicals or other technical uses.,,,,,,,,,,,,
323.9,Manufacture of other non-structural ceramic ware n.e.c.,,,,,,,,,,,,
324,"Manufacture of cement, lime and plaster",,,,,,,,,,,,
324.1,Manufacture of cement in the form of clinkers,,,,,,,,,,,,
324.2,"Manufacture of portland cement, aluminous cement, slag cement and similar hydraulic cements, except in the form of clinkers.",,,,,,,,,,,,
324.3,"Manufacture of quicklime, slaked lime and hydraulic lime.",,,,,,,,,,,,
324.4,Manufacture of plasters (Note: manufacture of plaster products is included in group 322).,,,,,,,,,,,,
325,Manufacture of mica products,,,,,,,,,,,,
326,"Stone dressing and crushing, Manufacture of structural stone goods and stone ware.",,,,,,,,,,,,
326.1,Stone dressing and crushing.,,,,,,,,,,,,
326.2,Manufacture of stone artware (statues and other decorative articles).,,,,,,,,,,,,
326.3,Manufacture of writing slates of slate stone,,,,,,,,,,,,
326.9,Manufacture of other stoneware n.e.c.,,,,,,,,,,,,
327,Manufacture of asbestos cement and other cement products.,,,,,,,,,,,,
327.1,Manufacture of asbestos cement,,,,,,,,,,,,
327.2,Manufacture of asbestos sheet.,,,,,,,,,,,,
327.9,Manufacture of other cement products n.e.c.,,,,,,,,,,,,
329,Manufacture of miscellaneous non-metallic mineral products not elsewhere classified.,,,,,,,,,,,,
329.1,Manufacture of R.C. bricks and blocks.,,,,,,,,,,,,
329.2,Manufacture of concrete tiles.,,,,,,,,,,,,
329.3,Manufacture of hume pipes and other pre-fabricated structural components of cement and/or concrete for building or civil engineering.,,,,,,,,,,,,
329.4,Manufacture of gypsum boards.,,,,,,,,,,,,
329.5,"Manufacture of insulation boards of vegetable fibre, straw or wood waste, agglomerated with mineral binders.",,,,,,,,,,,,
329.6,Manufacture of grinding wheels and abrasives.,,,,,,,,,,,,
329.7,Manufacture of graphite products n.e.c.,,,,,,,,,,,,
329.9,Manufacture of other non-metallic mineral products.,,,,,,,,,,,,
330,Manufacture of iron and steel in primary/semi-finished forms.,,,,,,,,,,,,
330.1,Manufacture of iron and steel in primary/semi-finished forms in the integrated steel plants,,,,,,,,,,,,
330.2,Manufacture of iron and steel in primary/semi-finished forms in mini steel plants (includes re-rolling of iron and steel scraps).,,,,,,,,,,,,
330.3,Manufacture of direct reduced iron and other spongy ferrous products in primary forms, other than in the integrated steel plants.,,,,,,,,,,,
330.4,Manufacture of pig iron other than in the integrated steel plants,,,,,,,,,,,,
330.9,Manufacture of iron and steel in primary forms n.e.c.,,,,,,,,,,,,
340,Manufacture of fabricated structural metal products.,,,,,,,,,,,,
340.1,Manufacture of rolling shutters of iron or steel.,,,,,,,,,,,,
340.2,Manufacture of fabricated structural products of iron and steel(except rolling shutters).,,,,,,,,,,,,
340.3,Manufacture of fabricated structural products of metals other than of iron or steel.,,,,,,,,,,,,
341,Manufacture of fabricated metal products not elsewhere classified.,,,,,,,,,,,,
341.1,Manufacture of railway and ship containers used in container-traffic.,,,,,,,,,,,,
341.2,Manufacture of gas cylinders (industrial or household),,,,,,,,,,,,
341.3,"Manufacture of tanks, reservoirs and containers of metal n.e.c.",,,,,,,,,,,,
341.4,"Manufacture of reinforced safes, vaults, strongroom doors and gates and the like (Manufacture of almirahs and filing cabinets etc. is classified in group 342).",,,,,,,,,,,,
341.5,Manufacture of steel trunks.,,,,,,,,,,,,
341.6,Manufacture of sanitary and plumbing fixtures and fittings of metals.,,,,,,,,,,,,
341.9,Manufacture of other fabricated metal products n.e.c.,,,,,,,,,,,,
342,Manufacture of furniture and fixtures primarily of metal,,,,,,,,,,,,
343,"Manufacture of hand tools, weights and measures and general hardware.",,,,,,,,,,,,
343.1,Manufacture of agricultural hand tools and implements,,,,,,,,,,,,
343.2,Manufacture of hand tools other than agricultural.,,,,,,,,,,,,
343.3,Manufacture of bolts and nuts,,,,,,,,,,,,
343.4,Manufacture of locks.,,,,,,,,,,,,
343.5,Manufacture of metal chains.,,,,,,,,,,,,
343.6,Manufacture of springs.,,,,,,,,,,,,
343.7,Manufacture of weights and measures.,,,,,,,,,,,,
343.9,Manufacture of general hardware n.e.c.,,,,,,,,,,,,
344,"Forging, pressing, stamping and roll-forming of metal; power metallurgy. (This group includes production of a wide variety of finished or semi-finished metal products, by means of the above activities which, individually, would be characteristically produced in other activity categories)",,,,,,,,,,,,
345,"Treatment or coating of metals; general mechanical engineering on a sub-contract basis. (This group includes plating, polishing, anodizing, engraving, printing, hardening, buffing, deburring, sand blasting, welding or other specialised operations on metals on a fee or contract basis.   The units classified here, generally, do not take ownership of the goods nor do they sell them to third parties).",,,,,,,,,,,,
346,"Manufacture of metal cutlery, utensils and kitchenware",,,,,,,,,,,,
346.1,Manufacture of cutlery,,,,,,,,,,,,
346.2,Manufacture of utensils,,,,,,,,,,,,
346.3,Manufacture of pressure cookers,,,,,,,,,,,,
346.4,Manufacture of oil stoves (pressure and non-pressure),,,,,,,,,,,,
346.5,Manufacture of hurricane lanterns and oil pressure lamps,,,,,,,,,,,,
346.6,"Manufacture of gas stoves, cooking ranges, and other similar appliances",,,,,,,,,,,,
346.9,Manufacture of kitchenware n.e.c.,,,,,,,,,,,,
349,Manufacture of metal products (except machinery and equipment) not elsewhere classified,,,,,,,,,,,,
349.1,Manufacture of of type foundings,,,,,,,,,,,,
349.2,Manufacture of of razor blades,,,,,,,,,,,,
349.3,Manufacture of brass and copper artware,,,,,,,,,,,,
349.4,Manufacture of aluminium artware,,,,,,,,,,,,
349.5,Manufacture of bidris ware,,,,,,,,,,,,
349.6,Manufacture of trophies,,,,,,,,,,,,
349.7,Manufacture of metal buttons and studs,,,,,,,,,,,,
349.9,Manufacture of other metal products n.e.c.,,,,,,,,,,,,
350,Manufacture of agricultural machinery and equipment and parts thereof,,,,,,,,,,,,
350.1,"Manufacture of tractors, harvestors and other heavy machinery for use in agriculture",,,,,,,,,,,,
350.2,"Manufacture of light agricultural machinery and equipment, other than forage presses",,,,,,,,,,,,
350.3,Manufacture of forage presses,,,,,,,,,,,,
350.4,Manufacture of parts and accessories n.e.c. for agricultural machinery and equipment,,,,,,,,,,,,
350.9,Manufacture of other agricultural machinery and equipment n.e.c.,,,,,,,,,,,,
351,Manufacture of machinery and equipment used by construction and mining industries,,,,,,,,,,,,
351.1,Manufacture of lifting and handling machinery specially designed for use underground,,,,,,,,,,,,
351.2,Manufacture of boring and sinking machinery,,,,,,,,,,,,
351.3,"Manufacture of machinery for treating minerals by screening, sorting, separating or similar processes (including concrete or mortar mixers, moulders, extruders, etc.)",,,,,,,,,,,,
351.4,"Manufacture of machinery for producing tiles, shaped ceramic pastes and pipes etc.",,,,,,,,,,,,
351.5,"Manufacture of bulldozers, angle, and other earth moving machinery, manufacture of pile drivers, pile excavators and compacting machinery",,,,,,,,,,,,
351.6,Manufacture of track-laying tractors,,,,,,,,,,,,
351.7,Manufacture of construction machinery n.e.c.,,,,,,,,,,,,
351.8,Manufacture of parts and accessories n.e.c. for machinery/equipment used by construction and mining industries.,,,,,,,,,,,,
351.9,Manufacture of of mining/quarrying machinery n.e.c.,,,,,,,,,,,,
352,"Manufacture of prime movers, boilers, steam generating plants and nuclear reactors",,,,,,,,,,,,
352.1,Manufacture of boilers and steam generating plants,,,,,,,,,,,,
352.2,Manufacture of steam engines and turbines,,,,,,,,,,,,
352.3,"Manufacture of internal combustion engines, other than for motor-vehicles, motor cycles and aircrafts",,,,,,,,,,,,
352.4,Manufacture of nuclear reactors,,,,,,,,,,,,
352.8,"Manufacture of parts and accessories n.e.c. for prime movers, boilers, steam generating plants and nuclear reactors",,,,,,,,,,,,
352.9,Manufacture of other prime movers n.e.c.,,,,,,,,,,,,
353,Manufacture of industrial machinery for food and textile industries (including bottling and filling machinery),,,,,,,,,,,,
353.1,"Manufacture of machinery for processing of milk, meat, fish and poultry",,,,,,,,,,,,
353.2,"Manufacture of machinery for processing of tea, coffee and tobacco",,,,,,,,,,,,
353.3,"Manufacture of rice, dal, flour and oil mill machinery",,,,,,,,,,,,
353.4,Manufacture of machinery for manufacture of sugar and for manufacture of bakery and confectionery products,,,,,,,,,,,,
353.5,"Manufacture of machinery for manufacture of fruit/vegetable juices, malt liquors and alcoholic beverages, including machinery for processing vegetable",,,,,,,,,,,,
353.6,Manufacture of bottling and filling machinery,,,,,,,,,,,,
353.7,"Manufacture of machinery for textile industries (except sewing, knitting, washing and laundrying machines)",,,,,,,,,,,,
353.8,Manufacture of parts and accessories n.e.c. for industrial machinery for food and textile industries,,,,,,,,,,,,
353.9,Manufacture of other industrial machinery for food and textile industries n.e.c.,,,,,,,,,,,,
354,Manufacture of industrial machinery for other than food and textile industries,,,,,,,,,,,,
354.1,Manufacture of pharmaceutical machinery,,,,,,,,,,,,
354.2,Manufacture of chemical machinery,,,,,,,,,,,,
354.3,Manufacture of paper machinery,,,,,,,,,,,,
354.4,Manufacture of printing, machinery,,,,,,,,,,,
354.5,Manufacture of metallurgical machinery,,,,,,,,,,,,
354.6,Manufacture of cement machinery,,,,,,,,,,,,
354.8,Manufacture of parts and accessories n.e.c. for industrial machinery other than for food and textile industries,,,,,,,,,,,,
354.9,Manufacture of other industrial machinery for other than food and textile industries n.e.c.,,,,,,,,,,,,
355,"Manufacture of refrigerators,  airconditioners and fire fighting equipment and their parts and accessories.",,,,,,,,,,,,
355.1,Manufacture of refrigerators and airconditionings plant for industrial and commercial uses.,,,,,,,,,,,,
355.2,Manufacture of domestic airconditioners,,,,,,,,,,,,
355.3,Manufacture of domestic refrigerators(Manufacture of fire-fighting vehicles is classified in group 373),,,,,,,,,,,,
355.4,Manufacture of fire fighting equipment,,,,,,,,,,,,
355.8,"Manufacture of parts and accessories n.e.c. for refrigerating, air-conditioning and fire fighting machinery/equipment",,,,,,,,,,,,
355.9,"Manufacture of other refrigerating, air-conditioning and fire fighting euipment n.e.c.",,,,,,,,,,,,
356,"Manufacture of general purpose non-electrical machinery/equipment, their components and accessories, n.e.c.",,,,,,,,,,,,
356.1,Manufacture of lifting and handling equipment (except those especially designed for underground use),,,,,,,,,,,,
356.2,"Manufacture of pumps, compressors, taps and valves",,,,,,,,,,,,
356.3,"Manufacture of bearings, gears, gearing and driving elements",,,,,,,,,,,,
356.4,"Manufacture of non-electrical ovens, furnaces and furnace burners",,,,,,,,,,,,
356.5,Manufacture of centrifuges )other than cream separators and clothes driers),,,,,,,,,,,,
356.6,Manufacture of parts and accessories n.e.c. for general purpose non-electrical machinery/equipment n.e.c.,,,,,,,,,,,,
356.9,Manufacture of other general purpose non-electrical machinery/equipment n.e.c.,,,,,,,,,,,,
357,"Manufacture of machine tools, their parts and accessories",,,,,,,,,,,,
357.1,Manufacture of automatic capstans and turrets and lathes,,,,,,,,,,,,
357.2,"Manufacture of boring, broaching, drilling and threading machines",,,,,,,,,,,,
357.3,"Manufacture of milling, planing, shaping, gear cutting and slotting machines",,,,,,,,,,,,
357.4,"Manufacture of grinding, lapping, honing and polishing machines",,,,,,,,,,,,
357.5,"Manufacture of sawing, contour sawing, filling and cut-off machines",,,,,,,,,,,,
358,"Manufacture of office, computing and accounting machinery and parts, (Note: Manufacture of computers and computer based systems including word processors is classified in group 367)",,,,,,,,,,,,
358.1,"Manufacture of manual or electric/electronic typewriters, (this class also includes manufacture of automatic typewriters, that is, typewriters through which a previously perforated band is run causing it to type a stock message; machines with a limited memory able to correct and retype texts automatically; machines incorporating a device for transmitting type figures to a separate machine)",,,,,,,,,,,,
358.2,"Manufacture of hectograph or stencil duplicating machines, addressing machines and sheet fed type offset printing machines",,,,,,,,,,,,
358.3,Manufacture of hand-held or desk-top electronic calculating machines,,,,,,,,,,,,
358.4,Manufacture of calculators other than hand-held or desk-top electronic calculating machines,,,,,,,,,,,,
358.5,"Manufacture of accounting machines, cash register, postage franking machines, ticket-issuing machines and similar machines incorporating a calculating device.",,,,,,,,,,,,
358.6,"Manufacture of electrostat, photostat, xeroxing and other office copying machines",,,,,,,,,,,,
358.8,"Manufacture of parts and accessories n.e.c. for office, computing and accounting machinery (Manufacture of electronic parts found in the machines included in this group is classified in appropriate class of group 368)",,,,,,,,,,,,
359,"Manufacture of special purpose machinery/equipment, their components and accessories n.e.c.",,,,,,,,,,,,
359.1,Manufacture of sewing and knitting machines,,,,,,,,,,,,
359.2,Manufacture of weighing machinery,,,,,,,,,,,,
359.3,Manufacture of washing and laundrying machines (including centrifugal clothes-driers),,,,,,,,,,,,
359.4,Manufacture of arms and armaments,,,,,,,,,,,,
359.5,Manufacture of filtering and purifying machinery for liquids and gases,,,,,,,,,,,,
359.6,Manufacture of distilling and rectifying plants including heat exchangers),,,,,,,,,,,,
359.8,Manufacture of parts and accessories n.e.c. for special purpose non-electrical machinery/equipment n.e.c.,,,,,,,,,,,,
359.9,Manufacture of other special purpose non-electrical machinery/equipment n.e.c.,,,,,,,,,,,,
360,"Manufacture of electrical industrial machinery, apparatus and parts thereof",,,,,,,,,,,,
360.1,Manufacture of generators/generating sets,,,,,,,,,,,,
360.2,Manufacture of transformers,,,,,,,,,,,,
360.3,Manufacture of electricity distribution and control equipment (including voltage stabilizers),,,,,,,,,,,,
360.4,Manufacture of electric motors,,,,,,,,,,,,
360.5,Manufacture of power capacitors,,,,,,,,,,,,
360.6,Manufacture of industrial electric furnaces and ovens,,,,,,,,,,,,
360.7,Manufacture of electrical starting and ignition equipment for internal combustion engines and electrical lighting/signalling equipment for motor vehicles,,,,,,,,,,,,
360.8,Manufacture of parts and accessories n.e.c. for electrical industrial machinery and apparatus,,,,,,,,,,,,
360.9,Manufacture of other electrical industrial machinery and apparatus n.e.c.,,,,,,,,,,,,
361,"Manufacture of insulated wires and cables, including manufacture of optical fibre cables",,,,,,,,,,,,
362,"Manufacture of accumulators, primary cells and primary batteries",,,,,,,,,,,,
362.1,Manufacture of storage batteries,,,,,,,,,,,,
362.2,Manufacture of dry cells,,,,,,,,,,,,
362.3,Manufacture of button cells used for watches and calculators etc.,,,,,,,,,,,,
362.4,Re-charging/re-conditioning of batteries,,,,,,,,,,,,
362.8,Manufacture of parts and accessories n.e.c. for dry and wet batteries,,,,,,,,,,,,
362.9,"Manufacture of other accumulators, primary cells and primary batteries n.e.c.",,,,,,,,,,,,
363,Manufacture of electric lamps,,,,,,,,,,,,
363.1,"Manufacture of electric filament lamps, including manufacture of sealed beam lamp units",,,,,,,,,,,,
363.2,Manufacture of ultra-violet or infra-red lamps,,,,,,,,,,,,
363.3,"Manufacture of discharge lamps: flourescent, hot-cathode or other discharge lamps",,,,,,,,,,,,
363.4,Manufacture of arc lamps,,,,,,,,,,,,
363.5,Manufacture of flash bulbs used in photography,,,,,,,,,,,,
363.8,Manufacture of parts of electric lamps,,,,,,,,,,,,
363.9,Manufacture of other electric lamps n.e.c.,,,,,,,,,,,,
364,Manufacture of electric fans and electric/electro-thermic domestic appliances and parts thereof,,,,,,,,,,,,
364.1,Manufacture of electric fans,,,,,,,,,,,,
364.2,"Manufacture of vacuum cleaners and other electro-mechanical domestic appliances with self-contained electric motors, such as food processors and juice extractors etc.",,,,,,,,,,,,
364.3,"Manufacture of electro-thermic domestic appliances such as immersion water heaters, hot-plates, geysers etc.",,,,,,,,,,,,
364.8,"Manufacture of parts and accessories n.e.c. for electrical fans, and electric/electro-thermic appliances and parts therof n.e.c.",,,,,,,,,,,,
364.9,Manufacture of other electrical domestic appliances n.e.c.,,,,,,,,,,,,
365,"Manufacture of apparatus for radio broadcasting, television transmission, radar apparatus and radio-remote control apparatus and apparatus for radio/line telephony and line telegraphy",,,,,,,,,,,,
365.1,"Manufacture of apparatus for radio-broadcasting and television transmission.
(includes manufacture of relay transmitters and television transmitters for industrial use)",,,,,,,,,,,,
365.2,"Manufacture of transmission apparatus for radio telephony, radio-telegraphy, whether or not incorporating reception apparatus or sound recording or reproducing apparatus; fixed transmitters and transmitter-receivers radio-telephony apparatus fortransport equipment, radio telephones, ""facsimile"" radio-telegraphic apparatus and so forth.",,,,,,,,,,,,
365.3,Manufacture of radar apparatus and radio remote control apparatus,,,,,,,,,,,,
365.4,Manufacture of television cameras of all kinds (manufacture of video cameras is classified in class 381.3),,,,,,,,,,,,
365.5,"Manufacture of apparatus for line telephony including such apparatus for carrier-current line systems (includes manufacture of telephone sets, automatic and non-automatic switch boards and exchanges; morse or morse-type keys, other telegraphic transmitters , morse or morse - type recorders, printer-type receivers, picture telegraphic transmitters and receivers, etc.)",,,,,,,,,,,,
365.8,"Manufacture of parts and accessories n.e.c. of apparatus for radio-broad casting, television transmission, radar and radio remote control and radio/line telephony/telegraphy",,,,,,,,,,,,
366,"Manufacture of television receivers; reception apparatus for radio broadcasting, radio telephony/telegraphy, video recording or reproducing apparatus, turn-tables, record-players, cassette-players and other sound reproducing apparatus, sound recording reproducing apparatus, microphones, loudspeakers, amplifiers and sound amplifiers and prerecorded audio/video records/tapes.",,,,,,,,,,,,
366.1,Manufacture of television receivers (includes manufacture of video monitors/projectors),,,,,,,,,,,,
366.2,Manufacture of reception apparatus for radio broadcasting,,,,,,,,,,,,
366.3,Manufacture of reception apparatus for radio-telephony or radio-telegraphy,,,,,,,,,,,,
366.4,"Manufacture of magnetic tape recorders and other sound recording apparatus (telephone answering machines, cassette type recorders and so forth).",,,,,,,,,,,,
366.5,Manufacture of video recording or reproducing apparatus (manufacture of video cameras is classified in group 381),,,,,,,,,,,,
366.6,"Manufacture of turn-tables (record decks), record players, cassette players and other sound reproducing apparatus",,,,,,,,,,,,
366.7,"Manufacture of audio and video records and tapes (includes reproduction of audio, video and computer tapes from master copies; the output of this activity is chiefly commercial gramophone records, commercial tapes [including cassette tapes and tapes on discs which reproduce sound] and video tapes; manufacture of unrecorded records and tapes is classified in group 309)",,,,,,,,,,,,
366.8,Parts and accessories n.e.c. of apparatus classified in this group,,,,,,,,,,,,
366.9,"Manufacture of microphones, loudspeakers, ear-phones,amplifiers, sound amplifier sets and other sound/video reproducing apparatus n.e.c.",,,,,,,,,,,,
367,Manufacture of computers and computer based systems,,,,,,,,,,,,
367.1,Manufacture of mainframe computers,,,,,,,,,,,,
367.2,"Manufacture of personal computers, mini computers/micro processors/word processors",,,,,,,,,,,,
367.3,"Manufacture of peripherals like magnetic disk/floppy/winchester disk drives, magnetic tape/cassette/cartridge drives",,,,,,,,,,,,
367.4,"Manufacture of serial/daisy wheel/line printers, plotters, paper-tape/punch-card readers",,,,,,,,,,,,
367.5,Manufacture of data entry equipment with or without visual display,,,,,,,,,,,,
367.6,Manufacture of magnetic disk/diskettes and similar data storage media,,,,,,,,,,,,
367.8,Manufacture of parts and accessories n.e.c. for computers and computer-based systems n.e.c.,,,,,,,,,,,,
368,Manufacture of electronic valves and tubes and other electronic components n.e.c.,,,,,,,,,,,,
368.1,"Manufacture of thermionic, cold cathode or photo-cathode valves and tubes",,,,,,,,,,,,
368.2,Manufacture of electrical capacitors (except heating resistors),,,,,,,,,,,,
368.3,Manufacture of electrical resistors (except heating resistors),,,,,,,,,,,,
368.4,Manufacture of printed circuits,,,,,,,,,,,,
368.5,"Manufacture of diodes, transistors and similar semi-conductor devices, photo-sensitive semi-conductor devices, photo-sensitive semi-conductor devices,light emitting diodes and mounted piezo-electric crystals",,,,,,,,,,,,
368.6,Manufacture of electronic integrated circuits and micro-assemblies,,,,,,,,,,,,
368.8,Manufacture of parts and accessories for electronic valves and tubes and other electronic components n.e.c.,,,,,,,,,,,,
368.9,Manufacture of other electronic components n.e.c.,,,,,,,,,,,,
369,Manufacture of radiographic X-ray apparatus X-ray tubes and parts and manufacture of electrical equipment n.e.c.,,,,,,,,,,,,
369.1,"Manufacture of radiographic X-ray apparatus, tubes and parts",,,,,,,,,,,,
369.2,Manufacture of electrical ignition or starting equipment of a kind used for sparkignition or compression-ignition internal-combustion engines,,,,,,,,,,,,
369.3,"Manufacture of electrical lighting or signalling equipment specialised for use on motor-cycles and motor vehicles (includes manufacture of sound signalling devices, windscreen wipers and electrical depositors and demistors)",,,,,,,,,,,,
369.4,"Manufacture of electrical signalling, safety or traffic control equipment for motorways, railways, inland-waterways, ports and harbours and airports",,,,,,,,,,,,
369.5,"Manufacture of electro-magnets (includes manufacture of electro-magnetic or permanent magnet chucks, clutches, brakes, couplings, clamps or lifting heads)",,,,,,,,,,,,
369.6,"Manufacture of wiring sets including wiring sets of a kind used in vehicles, aircraft, ships or other machinery",,,,,,,,,,,,
369.7,Manufacture of dynamos for motor-cycles,,,,,,,,,,,,
369.8,Manufacture of parts and accessories n.e.c. of equipment included in this group,,,,,,,,,,,,
369.9,"Manufacture of other electrical equipment n.e.c. (includes manufacture of bells, sirens, indicator panels,burglar or fire alarms, electrical insulators except of glass and ceramics, insulating fittings for electrical machines, except of ceramics or plastics, particle accelerators, signal generators, mine detectors, electrical mine detonators, and so forth)",,,,,,,,,,,,
370,Ship and boat building,,,,,,,,,,,,
370.1,Making of ships and other vessels drawn by power,,,,,,,,,,,,
370.2,Boat building,,,,,,,,,,,,
370.3,"Conversion, alteration and breaking up of ships",,,,,,,,,,,,
370.8,Manufacture of parts and accessories n.e.c. for ships and boats,,,,,,,,,,,,
371,Manufacture of locomotives and parts,,,,,,,,,,,,
371.1,Manufacture of diesel locomotives,,,,,,,,,,,,
371.2,Manufacture of electric locomotives,,,,,,,,,,,,
371.8,Manufacture of parts and accessories n.e.c. for locomotives,,,,,,,,,,,,
372,Manufacture of railway/tramway wagons and coaches and other railroad equipment n.e.c.,,,,,,,,,,,,
372.1,"Manufacture of self-propelled railway or tramway coaches, vans and trucks (includes manufacture of self-propelled railway or tramway maintenance or service vehicles)",,,,,,,,,,,,
372.2,Manufacture of railway or tramway passenger coaches,,,,,,,,,,,,
372.3,"Manufacture of railway or tramway rolling stock, not self-propelled, other than passenger coaches (This class includes manufacture of railway or tramway goods vans, tank wagons, self-discharging vans and wagons and not self-propelled workshop vans,crane vans and so forth)",,,,,,,,,,,,
372.4,"Manufacture of railway or tramway fixtures and fittings (This class includes manufacture of specialised parts of railway or tramway locomotives, or of rolling stock such as assembled track, turntables for rotating the locomotives, platform buffers and loading gauges and so forth)",,,,,,,,,,,,
372.5,"Manufacture of mechanical and electro-mechanical signalling, safety or traffic control equipment for railways, tramways etc. (This class includes the activities which result in apparatus in which the signal etc. is operated from a control point, generally at some distance, by movement of cranks, levers, wire and chains etc. Main products are signal box equipment; signal arms, signal discs, complete signal posts or signal gantries, trackside mechanisms for operating points, signals etc; railbrakes, derailers and stop blocks; tram stops and level crossing control gear for raising and lowering or opening and closing gates etc: Manufacture of electrical signalling apparatus is classified in group 369)",,,,,,,,,,,,
372.8,"Manufacture of parts of railway rolling stock. (This class includes manufacture of such parts as dissel-bogies, axles and wheels, brakes and parts thereof, hooks and other coupling devices and corridor connections or connecting platforms etc.)",,,,,,,,,,,,
373,Manufacture of heavy motor vehicles, coach work,,,,,,,,,,,
373.1,"Manufacture of public transport type passenger motor vehicles. (This class includes manufacture of motor buses, lorries ambulances and similar vehicles designed for the transport of ten persons or more",,,,,,,,,,,,
373.2,"Manufacture of motor vehicles for the transport of goods; manufacture of special purpose heavy motor vehicles. (This class includes manufacture of ordinary, public transport type motor vehicles for transport of goods; crane lorries, mobile drilling derricks, concrete mixer lorries, dumpers designed for off-way use and so forth.  Manufacture of fire-fighting vehicles is also included)",,,,,,,,,,,,
373.8,Manufacture of internal combustion piston engines and other parts and accessories n.e.c. for heavy motor vehicles classified in this group,,,,,,,,,,,,
374,Manufacture of motor cars and other motor vehicles principally designed for the transport of less than 10 persons (includes manufacture of racing cars and golf-cars etc.),,,,,,,,,,,,
374.1,Manufacture of motor cars,,,,,,,,,,,,
374.2,Manufacture of jeeps and station wagons,,,,,,,,,,,,
374.3,"Manufacture of special purpose motor cars This class includes manufacture of racing cars, golf-cars and similar motor vehicles)",,,,,,,,,,,,
374.8,Manufacture of internal combustion piston engines and other parts and accessories n.e.c. for motor vehicles classified in this group,,,,,,,,,,,,
375,Manufacture of motor-cycles and scooters and parts (including three-wheelers),,,,,,,,,,,,
375.1,Manufacture of motor-cycles,,,,,,,,,,,,
375.2,Manufacture of scooters and scooterettes,,,,,,,,,,,,
375.3,Manufacture of three-wheelers,,,,,,,,,,,,
375.4,Manufacture of helmets and other safety headgear,,,,,,,,,,,,
375.8,"Manufacture of internal combustion piston engines and other parts and accessories n.e.c. for motor-cycles, scooters and three-wheelers",,,,,,,,,,,,
376,"Manufacture of bicycles, cycle-rickshaws",,,,,,,,,,,,
376.1,Manufacture of bicycles,,,,,,,,,,,,
376.2,Manufacture of cycle-rickshaws,,,,,,,,,,,,
376.3,"Manufacture of children's bicycles, tricycles including perambulators",,,,,,,,,,,,
376.8,Manufacture of parts and accessories n.e.c. for bicycles and cycle-rickshaws,,,,,,,,,,,,
376.9,Manufacture of other cycles n.e.c.,,,,,,,,,,,,
377,"Manufacture of aircraft, spacecraft and their parts",,,,,,,,,,,,
377.1,Manufacture of aircraft,,,,,,,,,,,,
377.2,Manufacture of spacecraft,,,,,,,,,,,,
377.8,Manufacture of parts and accessories n.e.c. for aircraft or spacecraft,,,,,,,,,,,,
378,"Manufacture of bullock-carts, push-carts and hand-carts etc.",,,,,,,,,,,,
379,Manufacture of transport equipment and parts not elsewhere classified,,,,,,,,,,,,
379.1,"Manufacture of trailers (includes manufacture of trailers and semi-trailers of the caravan type for housing or camping and trailers and semi-trailers for transport of goods. Manufacture of self-loading or self-unloading trailers, for agricultural purposes is classified in group 350)",,,,,,,,,,,,
379.8,Manufacture of parts and accessories n.e.c. for transport equipment n.e.c.,,,,,,,,,,,,
379.9,Manufacture of other transport equipment n.e.c.,,,,,,,,,,,,
380,"Manufacture of medical, surgical, scientific and measuring equipment except optical equipment",,,,,,,,,,,,
380.1,Manufacture of medical/surgical equipment and orthopaedic appliances (manufacture of apparatus based on the use of X-ray or other radiators is classified in class 369.1,,,,,,,,,,,,
380.2,"Manufacture of industrial process control equipment (this class includes manufacture of apparatus used for continuous measurement and control of variables such as temperature, pressure, viscosity etc. of materials and products as they are being manufactured or otherwise processed)",,,,,,,,,,,,
380.3,"Manufacture of regulating or controlling instruments and apparatus, except industrial process control equipment (this class includes manufacture of thermostats, pressure controllers, level regulators, oven-draught regulators and automatic regulators of electrical quantities; manufacture of voltage limiters [stabilizers], surge suppressors, etc., is classified in class 360.3)",,,,,,,,,,,,
380.4,"Manufacture of supply meters for electricity, water or gas",,,,,,,,,,,,
380.5,Manufacture of sensitive balances and mathematical calculating instruments,,,,,,,,,,,,
380.6,"Manufacture of laboratory and scientific instruments n.e.c.
(includes manufacture of non-optical microscopes, diffraction equipment; apparatus for measuring or checking electrical quantities, e.g. oscilloscopes, spectrum analysers, voltmeters, with or without recording device; apparatus for measuring non-electrical quantities, e.g. radiation detectors and counters, cross-talk meters and other instruments specially designed for telecommunications; apparatus for testing the physical properties of materials, e.g. apparatus for testing hardness and other properties of metals, for testing wear and tear and other properties of textiles and for testing the physical properties of paper, linoleum, plastics, rubber, wood, concrete, and so forth; apparatus for carrying out physical or chemical analysis, e.g., polarimeters, refractometers, calorimeters, Orsob's apparatus, pH-meters, viseometers, surface tension instruments and so forth and instruments and apparatus for measuring or checking the flow, level, pressure or other variables of liquids or gases, e.g., flow meters, level guages, manometers, heatmeters, and so forth, except industrial process control equipment).",,,,,,,,,,,,
380.7,"Manufacture of navigational, meteorological, geophysical and related instruments and apparatus; oceanographic or hydrological instruments; seismometers, rangefinders, automatic pilots, sextants, ultrasonic sounding instruments and special instruments for air navigation.",,,,,,,,,,,,
380.8,Manufacture of parts and accessories n.e.c. for instruments and apparatus included in this group,,,,,,,,,,,,
380.9,"Manufacture of other medical, surgical, scientific and measuring equipment n.e.c. (includes manufacture of hydrometers, thermometers, pedometers, tachometers, balancing machines, test benches, comparators [including optical comparators and other optical type measuring and checking appliances and instruments]; instruments for checking watches or watch parts and so forth)",,,,,,,,,,,,
381,"Manufacture of photographic, cinematographic and optical goods and equipment (excluding photochemicals, sensitised paper and film)",,,,,,,,,,,,
381.1,Manufacture of optical glass (except mirror glass) and lenses,,,,,,,,,,,,
381.2,Manufacture of optical instruments,,,,,,,,,,,,
381.3,Manufacture of photographic cameras,,,,,,,,,,,,
381.4,Manufacture of cinematographic equipment cameras and projectors,,,,,,,,,,,,
381.8,Manufacture of parts and accessories n.e.c. for photographic/cinematographic and optical goods and equipment,,,,,,,,,,,,
381.9,"Manufacture of other photographic, cinematographic and optical gooks and equipment n.e.c.",,,,,,,,,,,,
382,Manufacture of watches and clocks,,,,,,,,,,,,
382.1,Manufacture of mechanical clocks and table time-pieces,,,,,,,,,,,,
382.2,Manufacture of mechanical watches,,,,,,,,,,,,
382.3,Manufacture of electronic/quartz clocks and table time-pieces,,,,,,,,,,,,
382.4,Manufacture of electronic/quartz watches,,,,,,,,,,,,
382.8,"Manufacture of parts and accessories of all types of watches, clocks and table time-pieces",,,,,,,,,,,,
382.9,Manufacture of other watches and clocks n.e.c.,,,,,,,,,,,,
383,Manufacture of jewellery and related articles,,,,,,,,,,,,
383.1,Manufacture of gold jewellery,,,,,,,,,,,,
383.2,Manufacture of silver jewellery,,,,,,,,,,,,
383.3,Manufacture of jewellery of other precious metals or metals clad with precious metals,,,,,,,,,,,,
383.4,Manufacture of precious/semi-precious stone jewellery,,,,,,,,,,,,
383.5,Manufacture of gold and silver articles including presentation coins of gold and silver other than jewellery,,,,,,,,,,,,
383.6,Diamond cutting and polishing by hand,,,,,,,,,,,,
383.7,Other gem cutting and polishing by hand,,,,,,,,,,,,
383.8,"Manufacture of synthetic stone jewellery, costume jewellery and imitation jewellery",,,,,,,,,,,,
383.9,Manufacture of zari and other jewellery and related articles n.e.c.,,,,,,,,,,,,
384,Minting of currency coins,,,,,,,,,,,,
385,Manufacture of sports and athletic gooks,,,,,,,,,,,,
385.1,"Manufacture of carrom boards and tables for billiards, table tennis and other parlour games",,,,,,,,,,,,
385.2,"Manufacture of billiard sticks, hockey sticks, cricket bats, stumps and other cricket accessories",,,,,,,,,,,,
385.3,"Manufacture of rackets for badminton, lawn tennis, table tennis, etc.",,,,,,,,,,,,
385.4,Manufacture of balls including those of billiards,,,,,,,,,,,,
385.5,Manufacture of athletic/gymnasium articles and equipment,,,,,,,,,,,,
385.9,Manufacture of sports and athletic gooks n.e.c.,,,,,,,,,,,,
386,Manufacture of musical instruments (Note: Manufacture of toy musical instruments is classified in group 389),,,,,,,,,,,,
386.1,Manufacture of musical instruments by hand,,,,,,,,,,,,
386.2,Manufacture of musical instruments other than by hand,,,,,,,,,,,,
387,Manufacture of stationery articles n.e.c.,,,,,,,,,,,,
387.1,"Manufacture of fountain pens, ball-pens and refills",,,,,,,,,,,,
387.2,Manufacture of pencils (Note: Manufacture of pencils for cosmetic/toilet uses is classified in group 305),,,,,,,,,,,,
387.3,"Manufacture of file covers, file boards and similar articles",,,,,,,,,,,,
387.4,Manufacture STAPLING MACHINES AND PUNCHERS ETC.,,,,,,,,,,,,
387.5,"Manufacture of pin and clips (Note: Manufacture of safety pins, hair pins, curling grips and hair curlers is classified in group 349 that of tie-pins, brooches etc. is classified in group 389)",,,,,,,,,,,,
387.6,"Manufacture of carbons and ribbons for typewriters, computer serial/line printers etc.",,,,,,,,,,,,
387.7,Manufacture of rubber stamps,,,,,,,,,,,,
387.8,"Manufacture of novelties, lampshades, presentation articles, badges etc., including artificial flowers and art-works not elsewhere classified",,,,,,,,,,,,
387.9,Manufacture of other stationery articles n.e.c.,,,,,,,,,,,,
388,"Manufacture of items based on solar energy like solar cells, cookers, air and water heating systems and other related items",,,,,,,,,,,,
389,Manufacture of miscellaneous products not elsewhere classified,,,,,,,,,,,,
389.1,Manufacture of brushes/dusters and similar articles of feathers (except of plastic),,,,,,,,,,,,
389.2,Making of advertising sign-boards and displays etc.,,,,,,,,,,,,
389.3,"Manufacture by hand of children's play equipment including toys and toy musical instruments n.e.c. (manufacture of toys from wood, grass or leaves is classified in groups 279 and 272 respectively)",,,,,,,,,,,,
389.4,Manufacture other than by hand of children's play equipment including toys and toy musical instruments n.e.c. (see notes for 389.4),,,,,,,,,,,,
389.5,"Manufacture of articles from bones, ivory and horns, etc.",,,,,,,,,,,,
389.6,"Manufacture of wigs and false beards, etc.",,,,,,,,,,,,
389.7,"Manufacture of umbrellas, sun-umbrellas and parts therof",,,,,,,,,,,,
389.9,Manufacture of other miscellaneous products n.e.c.,,,,,,,,,,,,
390,Repair of agricultural machinery/equipment,,,,,,,,,,,,
391,"Repair of prime-movers, boilers, steam-generating plants and nuclear reactors",,,,,,,,,,,,
392,Repair of machine tools,,,,,,,,,,,,
393,Repair of industrial machinery other than machine tools,,,,,,,,,,,,
393.1,Repair of machinery and equipment used by construction and mining industries,,,,,,,,,,,,
393.2,Repair of industrial machinery for food and textile industries,,,,,,,,,,,,
393.3,Repair of industrial machinery other than for food and textile industries,,,,,,,,,,,,
394,"Repair of office, computing and accounting machinery",,,,,,,,,,,,
394.1,Repair and maintenance of computers and computer based systems,,,,,,,,,,,,
394.2,"Repair of office, computing and accounting machinery other than computers and computer based systems",,,,,,,,,,,,
395,Repair of electrical industrial machinery and apparatus,,,,,,,,,,,,
396,"Repair of apparatus for radio-broadcasting or television transmission; radar apparatus, radio remote control apparatus and apparatus for radio/line telephony or line telegraphy",,,,,,,,,,,,
397,Repair of locomotives and other railroad equipment,,,,,,,,,,,,
397.1,Repair of locomotives,,,,,,,,,,,,
397.2,Repair of railway of tramway coaches and wagons and other railway equipment,,,,,,,,,,,,
398,Repair of heavy motor vehicles,,,,,,,,,,,,
399,Repair of machinery and equipment not elsewhere classified,,,,,,,,,,,,
399.1,Repair of industrial/commercial refrigerating and air-conditioning plants and fire-fighting equipment,,,,,,,,,,,,
399.2,Repair of general purpose non-electrical machinery and equipment n.e.c.,,,,,,,,,,,,
399.3,Repair of special purpose machinery and equipment n.e.c.,,,,,,,,,,,,
400,Generation and transmission of electric energy,,,,,,,,,,,,
400.1,Generation and transmission of electric energy produced in hydro-electric power plants.,,,,,,,,,,,,
400.2,Generation and transmission of electric energy produced in coal-based thermal power plants.,,,,,,,,,,,,
400.3,Generation and transmission of electric energy produced in oil based thermal power plants.,,,,,,,,,,,,
400.4,Generation and transmission of electric energy produced in gas-based thermal power plants.,,,,,,,,,,,,
400.5,Generation and transmission of electric energy produced in atomic-reactor power plants.,,,,,,,,,,,,
401,"Distribution of electric energy to households, industrial, commercial and other users.",,,,,,,,,,,,
410,"Generation of gas in gas-works and distribution through mains to households, industrial, commercial and other users.",,,,,,,,,,,,
420,"Water supply I.e. collection, purification and distribution of water.",,,,,,,,,,,,
430,Generation of solar energy,,,,,,,,,,,,
431,Generation and distribution of bio-gas energy,,,,,,,,,,,,
432,Generation of energy through wind mills,,,,,,,,,,,,
439,Generation and distribution of other non-conventional energy n.e.c.,,,,,,,,,,,,
500,Construction and maintenance of buildings,,,,,,,,,,,,
500.1,Construction of residential buildings including additions and alterations in the existing ones,,,,,,,,,,,,
500.2,Construction of non-residential buildings including additions and alterations in the existing ones,,,,,,,,,,,,
500.3,Establishments engaged in repair and maintenance of buildings,,,,,,,,,,,,
501,"Construction and maintenance of roads, railbeds, bridges, tunnels, pipelines, ropeways, ports, harbours and runways etc.",,,,,,,,,,,,
502,"Construction/erection and maintenance of power, telecommunication and transmission lines",,,,,,,,,,,,
503,"Construction and maintenance of waterways and water reservoirs such as bunds, embankments, dams, canals, tanks, wells, tubewells and aquaducts etc.",,,,,,,,,,,,
504,Construction and maintenance of hydro-electric projects.,,,,,,,,,,,,
505,Construction and maintenance of power plants except hydro-electric projects,,,,,,,,,,,,
506,Construction and maintenance of industrial plants excluding power plants,,,,,,,,,,,,
509,Construction and maintenance not elsewhere classified,,,,,,,,,,,,
510,Plumbing and drainage,,,,,,,,,,,,
511,"Heating and air-conditioning installation, lift installation, sound-proofing etc.",,,,,,,,,,,,
512,"Setting of tiles, marble, bricks, glass and stonel",,,,,,,,,,,,
513,"Timber works (such as fixing of doors, windows, panels); structural steel work; R.C.C. work and binding of the bars and roof trusses",,,,,,,,,,,,
513.1,"Timber work such as fixing of doors, windows and panels etc.",,,,,,,,,,,,
513.2,"Structural steel work, R.C.C. work and binding of bars and roof trusses.",,,,,,,,,,,,
514,Electrical installation work for constructions,,,,,,,,,,,,
515,Painting and decorating work for constructions,,,,,,,,,,,,
519,Other activities allied to construction not elsewhere classified,,,,,,,,,,,,
600,Wholesale trade in cereals and pulses,,,,,,,,,,,,
600.1,Procurement agencies dealing primarily in cereals and pulses,,,,,,,,,,,,
600.2,Wholesale trade in cereals and pulses other than by procurement agencies.,,,,,,,,,,,,
601,Wholesale trade in basic food-stuffs (other than cereals and pulses),,,,,,,,,,,,
601.1,Wholesale trade in fruits,,,,,,,,,,,,
601.2,Wholesale trade in vegetables,,,,,,,,,,,,
601.3,Wholesale trade in spices in primary forms,,,,,,,,,,,,
601.4,Wholesale trade in raw milk,,,,,,,,,,,,
601.5,"Wholesale trade in meat, fish and eggs",,,,,,,,,,,,
601.9,Wholesale trade in other basic foodstuffs n.e.c.,,,,,,,,,,,,
602,Wholesale trade in textile fibres of vegetable/animal origin,,,,,,,,,,,,
602.1,Procurement agencies dealing primarily in cotton and jute,,,,,,,,,,,,
602.2,"Wholesale trade in cotton and jute, other than by procurement agencies",,,,,,,,,,,,
602.3,Wholesale trade in raw wool,,,,,,,,,,,,
602.4,Wholesale trade in raw silk,,,,,,,,,,,,
602.9,Wholesale trade in other textile fibres of vegetable/animal origin n.e.c. (Note : Wholesale trade in man-made textile fibres is included in group 615),,,,,,,,,,,,
603,"Wholesale trade in un-manufactured tobacco, pan levels, opium, ganja and cinchona etc.",,,,,,,,,,,,
603.1,Wholesale trade in unmanufactured tobacco,,,,,,,,,,,,
603.2,Wholesale trade in pan leaves,,,,,,,,,,,,
603.3,"Wholesale trade in opium, ganja and cinchona etc.",,,,,,,,,,,,
604,"Wholesale trade in straw, fodder and other animal/poultry feed",,,,,,,,,,,,
604.1,Wholesale trade in straw and fodder,,,,,,,,,,,,
604.9,Wholesale trade in other animal/poultry feed,,,,,,,,,,,,
605,Wholesale trade in live animal and poultry,,,,,,,,,,,,
605.1,Wholesale trade in live animals,,,,,,,,,,,,
605.2,Wholesale trade in poultry,,,,,,,,,,,,
606,Wholesale trade in manufactured foodstuffs,,,,,,,,,,,,
606.1,Wholesale trade in dairy products,,,,,,,,,,,,
606.2,"Wholesale trade in sugar, confectionary and bakery products",,,,,,,,,,,,
606.3,Wholesale trade in edible oils and fats,,,,,,,,,,,,
606.4,Wholesale trade in manufactured/processed spices,,,,,,,,,,,,
606.9,Wholesale trade in other manufactured food-stuffs n.e.c.,,,,,,,,,,,,
607,"Wholesale trade in tea, coffee, cocoa, tobacco products and beverages other than intoxicants",,,,,,,,,,,,
607.1,"Wholesale trade in tea, coffee and cocoa",,,,,,,,,,,,
607.2,Wholesale trade in manufactured tobacco and tobacco products,,,,,,,,,,,,
607.3,Wholesale trade in beverages other than intoxicants,,,,,,,,,,,,
608,Wholesale trade in intoxicants like wines and liquors including incidental bottling,,,,,,,,,,,,
609,"Wholesale trade in textiles and textile products, like all kinds of yarn, fabrics, garments, and other made-up articles etc. (including second-hand textile goods)",,,,,,,,,,,,
609.1,Wholesale trade in yarns,,,,,,,,,,,,
609.1,Wholesale trade in textile articles,,,,,,,,,,,,
609.2,"Wholesale trade in made-up textile articles (except garments) such as blankets, carpets, felts, etc.",,,,,,,,,,,,
609.4,Wholesale trade in new readymade garments (except hosiery/knitted garments),,,,,,,,,,,,
609.5,Wholesale trade in hosiery/knitted textile products,,,,,,,,,,,,
609.6,Wholesale trade in used/second-hand garments,,,,,,,,,,,,
609.6,"Wholesale trade in textiles and clothing accessories, not elsewhere classified",,,,,,,,,,,,
610,"Wholesale trade in wool, cane, bamboo and thatches etc.",,,,,,,,,,,,
611,Wholesale trade in paper and other stationery goods,,,,,,,,,,,,
612,"Wholesale trade in skin, leather, fur and their products",,,,,,,,,,,,
613,Wholesale trade in fuel and lighting products,,,,,,,,,,,,
614,"Wholesale trade in petrol, mobile oil and allied products",,,,,,,,,,,,
615,Wholesale trade in medicines and chemicals,,,,,,,,,,,,
616,Wholesale trade in fertilizers and pesticides,,,,,,,,,,,,
617,"Wholesale trade in toiletry, perfumery and cosmetics",,,,,,,,,,,,
618,"Wholesale trade in metal, porcelain and glass utensils, crockery and chinaware",,,,,,,,,,,,
619,Wholesale trade in ores and metals,,,,,,,,,,,,
619.1,Wholesale trade in ores,,,,,,,,,,,,
619.2,Wholesale trade in metals in primary form (Note: Wholesale trade in precious metals is included in group 637),,,,,,,,,,,,
620,Wholesale trade in agricultural and industrial machinery,,,,,,,,,,,,
620.1,Distributors of agricultural machinery and equipment,,,,,,,,,,,,
620.2,Distributors of industrial machinery and equipment other than electrical/electronic,,,,,,,,,,,,
621,Wholesale trade in electrical machinery and equipment,,,,,,,,,,,,
622,Wholesale trade in electronic equipment and accessories,,,,,,,,,,,,
623,Wholesale trade in transport and storage equipment,,,,,,,,,,,,
623.1,Distribution of heavy motor vehicles classified in group 373,,,,,,,,,,,,
623.2,Distribution of motor vehicles classified in group 374,,,,,,,,,,,,
623.3,"Distribution of motor cycles, scooters and three wheelers etc. classified in group 375",,,,,,,,,,,,
623.4,"Distributors of cycles, rickshaws and other non-mechanical transport equipment",,,,,,,,,,,,
623.5,Distributors of other transport equipment n.e.c.,,,,,,,,,,,,
623.6,Distributors of storage equipment,,,,,,,,,,,,
630,Wholesale trade in furniture and fixtures,,,,,,,,,,,,
631,"Wholesale trade in rubber, plastic and their products",,,,,,,,,,,,
632,Wholesale trade in building materials,,,,,,,,,,,,
633,Wholesale trade in hardware and sanitary fixtures,,,,,,,,,,,,
634,"Wholesale trade in household equipment, appliances n.e.c.",,,,,,,,,,,,
635,"Wholesale trade in scientific, medical and surgical instruments",,,,,,,,,,,,
636,"Wholesale trade in watches/clocks, eye-glasses and spectacle frames",,,,,,,,,,,,
637,"Wholesale trade in precious metals, stones and jewellery",,,,,,,,,,,,
638,Wholesale trade in wastes and metal scraps,,,,,,,,,,,,
639,Wholesale trade in miscellaneous goods not elsewhere classified,,,,,,,,,,,,
639.1,Wholesale trade in photographic equipment,,,,,,,,,,,,
639.2,"Wholesale trade in games, toys and sports goods",,,,,,,,,,,,
639.9,Wholesale trade in other goods n.e.c.,,,,,,,,,,,,
640,"Commission agents dealing in agricultural raw materials, live animals, food, beverages, intoxicants and textiles",,,,,,,,,,,,
641,"Commission agents dealing in wood, paper, skin, leather and fur, fuel, petroleum, chemicals, perfumery, cosmetics, glass, ores and metals",,,,,,,,,,,,
642,Commission agents dealing in machinery and equipment,,,,,,,,,,,,
649,Other commission agents n.e.c.,,,,,,,,,,,,
650,"Specialised retail trade in cereals and pulses, tea, coffee, spices, flour and other basic food items",,,,,,,,,,,,
651,Retail trade in vegetables and fruits,,,,,,,,,,,,
652,"Retail trade in meat, fish and poultry",,,,,,,,,,,,
653,"Retail trade in sweetmeat, bakery products dairy products and eggs",,,,,,,,,,,,
654,"Retail trade in aerated water, soft drinks and ice-cream",,,,,,,,,,,,
655,"Retail trade in pan, bidi and cigarette",,,,,,,,,,,,
656,"Retail trade in wine and liquor, not consumed on the spot",,,,,,,,,,,,
659,"Retail trade in food and food articles, beverages, tobacco and intoxicants not elsewhere classified",,,,,,,,,,,,
660,Retail trade in textiles,,,,,,,,,,,,
660.1,Exclusive showrooms of mills,,,,,,,,,,,,
660.2,Retail trade in textiles of handloom and khadi sectors,,,,,,,,,,,,
660.3,Other retailers dealing in textiles of mill of powerloom sectors,,,,,,,,,,,,
660.9,Other dealers in textiles n.e.c.,,,,,,,,,,,,
661,"Retail trade in ready-made garments, hosiery/knitted garments, etc. (includes Retail trade in second-hand garments)",,,,,,,,,,,,
661.1,Retail trade in hosiery goods,,,,,,,,,,,,
661.2,Retail trade in readymade garments (new) except hosiery goods,,,,,,,,,,,,
661.3,Retail trade in second-hand garments,,,,,,,,,,,,
670,"Retail trade in firewood, coal, kerosene oil and cooking gases",,,,,,,,,,,,
670.1,"Retail trade in firewood, coal and cinder coal dust",,,,,,,,,,,,
670.2,Retail trade in kerosene oil,,,,,,,,,,,,
670.3,Retail trade in cooking gases,,,,,,,,,,,,
671,Retail trade in footwear,,,,,,,,,,,,
672,"Retail trade in crockery, glass-ware and plastic ware",,,,,,,,,,,,
672.1,Retail trade in crockery and glassware (including melamine crockery),,,,,,,,,,,,
672.2,Retail trade in plastic wares,,,,,,,,,,,,
673,Retail trade in utensils (except those specialising in plastic wares),,,,,,,,,,,,
674,Retail trade in furniture,,,,,,,,,,,,
675,Retail trade in electric/electronic equipment (including watches and clocks),,,,,,,,,,,,
675.1,"Retail trade in household electric equipment and appliances (including airconditioners, refrigerators and room-coolers etc.)",,,,,,,,,,,,
675.2,"Retail trade in household/video household equipment (including TV sets, transistors, VCRs etc)",,,,,,,,,,,,
675.3,Retail trade in watches and clocks,,,,,,,,,,,,
675.4,"Retail trade in photographic equipment (like cameras, photo-films, etc.)",,,,,,,,,,,,
675.9,Retail trade in other electric and electronic,,,,,,,,,,,,
676,Retail trade in jewellery,,,,,,,,,,,,
679,Retail trade in fuel and other household utilities and durables not elsewhere classified,,,,,,,,,,,,
679.1,Retail trade in gas stoves and other cooking appliances,,,,,,,,,,,,
679.2,Retail trade in sewing and knitting machines,,,,,,,,,,,,
679.9,Retail trade in other household utilities and durables n.e.c.,,,,,,,,,,,,
680,"Retail trade in books, magazines, and stationery (including distribution of newspapers)",,,,,,,,,,,,
681,"Retail trade in agricultural inputs, viz. Seeds, fertilizers and pesticides",,,,,,,,,,,,
682,Retail trade in motor fuels,,,,,,,,,,,,
683,Retail trade in building materials,,,,,,,,,,,,
684,Retail trade in agricultural machinery and equipment,,,,,,,,,,,,
685,Retail trade in industrial machinery and equipment - electrical and non-electrical,,,,,,,,,,,,
686,Retail trade in transport equipment,,,,,,,,,,,,
687,"Retail trade in pharmaceutical, medical and orthopaedic goods",,,,,,,,,,,,
688,Non specialised retail trade including non-store retail trade,,,,,,,,,,,,
688.1,Super bazars and other cooperative stores,,,,,,,,,,,,
688.2,Fair price shops,,,,,,,,,,,,
688.3,General stores,,,,,,,,,,,,
688.4,Retail sale via mail order houses,,,,,,,,,,,,
688.5,Retail sale via stalls and markets (Note: This class includes retail sale of any kind of products in a usually moveable stall either along a public road or on a fixed market place. Also included are sales via peddlers),,,,,,,,,,,,
688.6,Retail sale via house-to-house or other ambulant sales,,,,,,,,,,,,
688.8,Other non-store retail sales n.e.c.,,,,,,,,,,,,
688.9,Other non-specialised retail trade n.e.c.,,,,,,,,,,,,
689,Retail trade not elsewhere classified,,,,,,,,,,,,
689.1,"Retail trade in sun-glasses, spectacle frames, etc.",,,,,,,,,,,,
689.2,"Junk shops (waste articles, etc.)",,,,,,,,,,,,
689.9,Other retail trade n.e.c.,,,,,,,,,,,,
690,"Restaurants, cafes and other eating and drinking places (Note: This group includes sales of prepared foods and drinks for immediate consumption on the premises such as restaurants, cafes, lunch counters and refreshment stands. Also includes are catering activities and take-out activities as well as dining-car activities of railway companies and other passenger transport facilities which are operated as independent activities.  Sales through vending machines, vending stalls, whether or not mobile, are included.  Note 2:   The above mentioned activities, if carried out in connection with the provision of lodging, are to be classified in group 691)",,,,,,,,,,,,
691,"Hotels, rooming houses, camps and other lodging places",,,,,,,,,,,,
700,Railway transport,,,,,,,,,,,,
701,Passenger transport by bus (including tramways),,,,,,,,,,,,
702,Passenger transport by motor vehicles other than by bus,,,,,,,,,,,,
703,Freight transport by motor vehicles,,,,,,,,,,,,
704,"Passenger or freight transport via hackney - carriages bullock-carts, ekkas, tongas etc.",,,,,,,,,,,,
705,"Transport via animals like horses, elephants, mules, camels , etc.",,,,,,,,,,,,
706,"Transport by man (including rickshaw pullers, handcart pullers, porters , coolies, etc.)",,,,,,,,,,,,
707,Pipe-line transport,,,,,,,,,,,,
708,"Supporting services to land transport, like operation of highway bridges, toll roads, vehicular tunnels, parking lots, etc.",,,,,,,,,,,,
709,Other land transport,,,,,,,,,,,,
709.1,Ropeways,,,,,,,,,,,,
709.9,Other land transport n.e.c.,,,,,,,,,,,,
710,Ocean and coastal water transport,,,,,,,,,,,,
711,Inland water transport,,,,,,,,,,,,
712,"Supporting services to water-transport like operation and maintenance of piers, docks, pilotage, lighthouses, loading and discharging of vessels, etc.",,,,,,,,,,,,
720,Air transport carriers (of passengers and freight),,,,,,,,,,,,
721,"Supporting services to air transport, like operation of airports flying facilities, radio beacons, flying control centres, radar stations, etc.",,,,,,,,,,,,
730,Cargo handling incidental to land transport,,,,,,,,,,,,
731,Cargo handling incidental to water tramsport,,,,,,,,,,,,
732,Cargo handling incidental to air transport,,,,,,,,,,,,
733,"Renting and leasing (except financial leasing ) of motor vehicles, without operator for passenger transport (Renting and leasing of motor cycles, scooters and mopeds etc. is classified in group 850)",,,,,,,,,,,,
734,"Renting and leasing (except financial leasing) of motor vehicles, without operator, for freight transport",,,,,,,,,,,,
735,Renting and leasing (except financial leasing) of aircrafts,,,,,,,,,,,,
736,Renting and leasing (except financial leasing) of ships,,,,,,,,,,,,
737,Activities of tourist and travel agents,,,,,,,,,,,,
738,Activities of transport agents other than tourist and travel agents,,,,,,,,,,,,
739,Other services incidental to transport n.e.c.,,,,,,,,,,,,
740,Warehousing of agricultural products without refrigeration,,,,,,,,,,,,
741,Warehousing of agricultural products with refrigeration (cold storages),,,,,,,,,,,,
749,"Storage and warehousing services not elsewhere classified (including warehousing of furniture, automobiles, gas and oil, chemicals and textiles. Also included is storage of goods in foreign trade zones)",,,,,,,,,,,,
750,"Postal, telegraphic, wireless and signal communication services",,,,,,,,,,,,
751,"Courier activities other than post. (This group includes picking up, transport and delivery of letters and mail-type, usually small parcels and packages. Either only one kind of transport or more than one mode of transport may be involved and the activity may be carried out with either self-owned (private) or public transport media. All postal activities carried out by the National Postal Administration are classified in group 750)",,,,,,,,,,,,
752,Telephone communication services,,,,,,,,,,,,
759,Communication services not elsewhere classified,,,,,,,,,,,,
800,"Deposit activities (This group includes activities of central banks, commercial banks, savings banks, savings and loan associations and other such institutions whose major source of funds is deposits)",,,,,,,,,,,,
801,"Other credit activities (This group includes activities of such units whose chief activity is making loans. They are distinguished from the deposit institutions in that the chief source of funds is equity or short term paper etc., but not deposits)",,,,,,,,,,,,
801.1,Financial leasing companies' activities,,,,,,,,,,,,
801.2,Housing finance companies' activities,,,,,,,,,,,,
801.3,Commercial loan companies' activities,,,,,,,,,,,,
801.9,Other credit activities n.e.c. (un-incorporated financial institutions are classified in group 802),,,,,,,,,,,,
802,Other banking activities,,,,,,,,,,,,
802.1,Mutual-benefit financial companies,,,,,,,,,,,,
802.2,Chit fund companies,,,,,,,,,,,,
802.3,Trust companies,,,,,,,,,,,,
802.4,Non-operating financial holding companies,,,,,,,,,,,,
802.9,Other banking activities n.e.c. (Provident and insurance services are classified in division 81),,,,,,,,,,,,
803,Securities dealing activities (This group includes activities of brokers and dealers and central exchanges dealing in all kinds of negotiable instruments and underwriters and agents in the floatation of new securities),,,,,,,,,,,,
804,Financial services other than securities dealing activities,,,,,,,,,,,,
804.1,Investment research and counselling activities,,,,,,,,,,,,
804.9,Other financial services n.e.c.,,,,,,,,,,,,
810,Provident services,,,,,,,,,,,,
810.1,Provident services managed by Government,,,,,,,,,,,,
810.2,Provident services managed by non-government institutions,,,,,,,,,,,,
811,"Insurance carriers, life",,,,,,,,,,,,
812,Deposit/credit guaranty insurance services,,,,,,,,,,,,
819,"Insurance carriers other than life such as fire, marine, accident, health including insurance agents, valuers/assessors, etc.",,,,,,,,,,,,
820,"Purchase, sale, letting and operating of real estate such as residential and non-residential buildings, developing and sub-dividing real estate into lots, lessors of real property, real estate agents, brokers and managers engaged in renting buying and selling, managing and appraising real estates on a contract or fee basis",,,,,,,,,,,,
820.1,"Purchase, sale, letting and operating of real estate - residential and non-residential buildings",,,,,,,,,,,,
820.2,Developing and subdividing real estate into lots,,,,,,,,,,,,
820.3,Lessors of real property,,,,,,,,,,,,
820.4,"Real estate agents, brokers and managers engaged in renting, buying and selling, managing and appraising real estate on a contract or fee basis.",,,,,,,,,,,,
830,"Legal services such as those rendered by advocates, barristers, solicitors, pleaders, mukatiars, etc.",,,,,,,,,,,,
840,Bulk purchase and sale of lottery tickets,,,,,,,,,,,,
841,Sale of lottery tickets to individuals,,,,,,,,,,,,
850,Renting of transport equipment without operator n.e.c. (Includes short-term rental as well as extended-term leasing with or without maintenance),,,,,,,,,,,,
850.1,"Renting of cycles, rickshaws and other non-motorised transport equipment",,,,,,,,,,,,
850.2,"Renting of motor cycles, scooters and mopeds",,,,,,,,,,,,
850.9,Renting of other transport equipment n.e.c. (Renting of pleasure boats is classified in group 854),,,,,,,,,,,,
851,"Renting of agricultural machinery and equipment, without operator",,,,,,,,,,,,
852,"Renting of office, accounting and computing machinery and equipment, without operator. (Renting of computer time on an hourly or time-sharing basis is classified in group 892. Renting of computers or computer-related equipment with management or operation is also classified in group 892)",,,,,,,,,,,,
853,Renting of other industrial machinery and equipment. (This group includes the renting or leasing of all kinds of machinery which is generally used as investment goods by industries).,,,,,,,,,,,,
854,"Renting of personal and household goods. (This group includes the rental of all kinds of goods whether or not the customers are households. It involves the rental of such goods as textiles, wearing apparel and footwear, furniture, pottery and glass,kitchen and tableware, electrical appliances and house-wares, jewellery, musical instruments, and so on. Book rental is classified in group 956)",,,,,,,,,,,,
890,Auctioneering services,,,,,,,,,,,,
891,"Accounting, book-keeping and auditing activities, including tax consultancy services",,,,,,,,,,,,
892,"Data processing, software development and computer consultancy services",,,,,,,,,,,,
892.1,Computer Consultancy Services (This class includes consultancy on type and configuration of hardware to be installed or changed in order to carry out certain tasks, computer hardware analysis and design. The activities should be done on a fee or contract basis),,,,,,,,,,,
892.2,"Software supply services. (This class includes activities in connection with analysis, design and programming of systems ready to use. This usually involves the analysis of the users' needs and problems and offering the most economical solution and  producing the necessary software to realise this solution)",,,,,,,,,,,,
892.3,"Data processing services (This includes (I) provision of such services on an hourly or time-share basis , and (ii) management of operation of data processing facilities of others on a continuing basis; on a fee or contract basis)",,,,,,,,,,,,
892.3,Data bank activities. (This class includes the provision of data in a certain order or sequence. The data may be accessible to everybody or to limited users and can be sorted on demand),,,,,,,,,,,,
893,Business and management consultancy activities,,,,,,,,,,,,
893.1,Project management activities (Farm management activities are classified in class 039.9),,,,,,,,,,,,
893.2,Market research services,,,,,,,,,,,,
893.3,"Business and management consultancy activities. (Legal advice and representation is classified in division 84; computer services in group 832; accounting, book-keeping and auditing services in group 831; tax consultancy services in group 832; technical  consultancy in group 834 and advertising in group 896)",,,,,,,,,,,,
894,Architectural and engineering and other technical consultancy activities,,,,,,,,,,,,
895,Technical testing and analysis services. (This group includes testing of all types of materials and products. Seed testing is classified in 039.9 and medical testing in division 93),,,,,,,,,,,,
896,Advertising,,,,,,,,,,,,
897,"Press agency activities. (This group includes news syndicate and news agency activities on a fee or contract basis. Includes activities of independent news reporters, news writers, etc.)",,,,,,,,,,,,
898,Recruitment and provision of personnel,,,,,,,,,,,,
899,Other business services not elsewhere classified,,,,,,,,,,,,
899.1,Detective and protective services,,,,,,,,,,,,
899.2,Building cleaning services,,,,,,,,,,,,
899.3,Packaging services. (Packing activities incidental to transport are classified in division 73),,,,,,,,,,,,
899.4,Fashion designing services,,,,,,,,,,,,
899.5,"Photostat, blue-printing, Xeroxing, copying of documents, amonia printing and cyclostyling services",,,,,,,,,,,,
899.6,Services rendered by liaison offices,,,,,,,,,,,,
899.9,Other business services not elsewhere classified or included,,,,,,,,,,,,
900,Public services in the union government including defence services,,,,,,,,,,,,
901,Public services in state governments including police services,,,,,,,,,,,,
902,"Public services in local bodies, departments and offices engaged in administration like local taxation and business regulations etc.",,,,,,,,,,,,
903,Public services in quasi-government bodies,,,,,,,,,,,,
910,"Sanitation and similar services such as garbage and sewage disposal, operation of drainage systems and all other types of work connected with public health and sanitation",,,,,,,,,,,,
920,"Educational services rendered by technical or vocational colleges, schools and other institutions",,,,,,,,,,,,
921,"Educational services rendered by non-technical colleges, schools, universities and other institutions",,,,,,,,,,,,
922,"Research and scientific services not classified elsewhere such as those rendered by institutions and laboratories engaged in research in the biological, physical and social sciences, meteorological institutes and medical research organisations etc.",,,,,,,,,,,,
930,"Health and medical services rendered by organisations and individuals such as hospitals, dispensaries, sanatoria, nursing homes, maternal and child welfare clinics, by allopathic/ayurvedic, unani, homaeopathic, etc. practitioners",,,,,,,,,,,,
930.1,Health and medical services etc. - allopathic,,,,,,,,,,,,
930.2,Health and medical services etc. - ayurvedic,,,,,,,,,,,,
930.3,Health and medical services etc. - Unani,,,,,,,,,,,,
930.4,Health and medical services etc. - homaeopathic,,,,,,,,,,,,
930.9,Health and medical services etc. n.e.c.,,,,,,,,,,,,
931,Veterinary services (including birds' hospitals),,,,,,,,,,,,
940,Religious services rendered by organisations or individuals,,,,,,,,,,,,
941,"Welfare services rendered by organisations operating on a no-profit basis for the promotion of welfare of the community such as relief societies, creches, homes for the aged, and physically handicapped, etc.q",,,,,,,,,,,,
942,"Services rendered by business, professional and labour organisations n.e.c.",,,,,,,,,,,,
943,Services rendered by cooperative societies n.e.c.,,,,,,,,,,,,
949,Community services not elsewhere classified,,,,,,,,,,,,
950,Motion picture and video film production,,,,,,,,,,,,
951,Motion picture distribution and projection services,,,,,,,,,,,,
952,Stage production and related services,,,,,,,,,,,,
953,"Authors, music composers, singers, dancers, magicians , and other independent artistes not elsewhere classified",,,,,,,,,,,,
954,Radio and television broadcasting and related services,,,,,,,,,,,,
955,Operation of circuses and race tracks,,,,,,,,,,,,
956,"Libraries, museums, botanical and zoo-logical gardens, zoos, game sanctuaries etc.",,,,,,,,,,,,
956.1,Libraries and information centres,,,,,,,,,,,,
956.2,Museums,,,,,,,,,,,,
956.3,Botanical and zoological gardens,,,,,,,,,,,,
956.4,Zoos,,,,,,,,,,,,
956.5,Game sanctuaries,,,,,,,,,,,,
956.6,Planetoria,,,,,,,,,,,,
956.7,"Running of crocodile, turtle and snake farms for preservation of the species",,,,,,,,,,,,
957,Audio and video casette libraries,,,,,,,,,,,,
958,"Video parlours, electronic games and other amusement centres n.e.c.",,,,,,,,,,,,
959,Recreational services n.e.c.,,,,,,,,,,,,
959.1,Gymnasia,,,,,,,,,,,,
959.9,Other recreational services n.e.c. (includes such activities as operation of light and sound shows and organising of festivals etc.),,,,,,,,,,,,
960,Domestic services,,,,,,,,,,,,
961,"Laundry, cleaning and dyeing services",,,,,,,,,,,,
962,"Hair dressing such as those done by barbers, hair dressing saloons and beauty shops etc.",,,,,,,,,,,,
963,Portrait and commercial photographic studios,,,,,,,,,,,,
964,Tailoring establishments,,,,,,,,,,,,
969,Personal services not elsewhere classified,,,,,,,,,,,,
970,Repair of footwear and other leather goods,,,,,,,,,,,,
971,Repair of household electrical appliances,,,,,,,,,,,,
972,"Repair of TV, VCR, radio, transistor, tape-recorder, refrigerator and other electronic appliances",,,,,,,,,,,,
973,"Repair of watches, clocks and jewellery",,,,,,,,,,,,
974,"Repair of motor vehicles and motor cycles except trucks, lorry and other heavy vehicles",,,,,,,,,,,,
975,Repair of bicycles and cycle rickshaws,,,,,,,,,,,,
979,Repair enterprises not elsewhere classified,,,,,,,,,,,,
980,International and other extra territorial bodies,,,,,,,,,,,,
990,Services not elsewhere classified,,,,,,,,,,,,
1000,Persons without any affiliation to any particular industry (including fresh entrants to labour force),,,,,,,,,,,,
1010,Activities not adequately defined (other than those in 100),,,,,,,,,,,,
