temp,tercile,ref,lrt_eval,yhat,se,lower_ci,upper_ci
-20,1,27,19.39258003234863,181.42516,123.2113,-60.064552,422.91486
-19.9,1,27,19.39258003234863,181.03914,122.94915,-59.936756,422.01505
-19.8,1,27,19.39258003234863,180.65314,122.687,-59.80896,421.11523
-19.7,1,27,19.39258003234863,180.26712,122.42484,-59.681164,420.21542
-19.6,1,27,19.39258003234863,179.88112,122.1627,-59.553368,419.31558
-19.5,1,27,19.39258003234863,179.4951,121.90054,-59.425568,418.41577
-19.4,1,27,19.39258003234863,179.10909,121.63839,-59.297771,417.51596
-19.3,1,27,19.39258003234863,178.72307,121.37624,-59.169975,416.61612
-19.2,1,27,19.39258003234863,178.33707,121.11409,-59.042179,415.71631
-19.1,1,27,19.39258003234863,177.95107,120.85194,-58.914383,414.8165
-19,1,27,19.39258003234863,177.56505,120.58978,-58.786583,413.91669
-18.9,1,27,19.39258003234863,177.17903,120.32763,-58.658787,413.01685
-18.8,1,27,19.39258003234863,176.79301,120.06548,-58.530991,412.11703
-18.7,1,27,19.39258003234863,176.40701,119.80333,-58.403194,411.21722
-18.6,1,27,19.39258003234863,176.021,119.54118,-58.275398,410.31741
-18.5,1,27,19.39258003234863,175.63499,119.27902,-58.147598,409.41757
-18.4,1,27,19.39258003234863,175.24898,119.01687,-58.019802,408.51776
-18.3,1,27,19.39258003234863,174.86296,118.75471,-57.892006,407.61795
-18.2,1,27,19.39258003234863,174.47696,118.49257,-57.76421,406.71814
-18.1,1,27,19.39258003234863,174.09094,118.23042,-57.636414,405.8183
-18,1,27,19.39258003234863,173.70494,117.96826,-57.508614,404.91849
-17.9,1,27,19.39258003234863,173.31892,117.70612,-57.380817,404.01868
-17.8,1,27,19.39258003234863,172.93291,117.44396,-57.253021,403.11884
-17.7,1,27,19.39258003234863,172.54691,117.18181,-57.125225,402.21902
-17.6,1,27,19.39258003234863,172.16089,116.91966,-56.997429,401.31921
-17.5,1,27,19.39258003234863,171.77489,116.65751,-56.869633,400.4194
-17.4,1,27,19.39258003234863,171.38887,116.39536,-56.741833,399.51956
-17.3,1,27,19.39258003234863,171.00285,116.1332,-56.614037,398.61975
-17.2,1,27,19.39258003234863,170.61685,115.87106,-56.48624,397.71994
-17.1,1,27,19.39258003234863,170.23083,115.6089,-56.358444,396.82013
-17,1,27,19.39258003234863,169.84483,115.34675,-56.230648,395.92029
-16.9,1,27,19.39258003234863,169.45882,115.08459,-56.102848,395.02048
-16.8,1,27,19.39258003234863,169.0728,114.82244,-55.975052,394.12067
-16.7,1,27,19.39258003234863,168.6868,114.5603,-55.847256,393.22086
-16.6,1,27,19.39258003234863,168.30078,114.29814,-55.71946,392.32101
-16.5,1,27,19.39258003234863,167.91476,114.03599,-55.591663,391.4212
-16.4,1,27,19.39258003234863,167.52876,113.77383,-55.463863,390.52139
-16.3,1,27,19.39258003234863,167.14275,113.51168,-55.336067,389.62155
-16.2,1,27,19.39258003234863,166.75674,113.24953,-55.208271,388.72174
-16.1,1,27,19.39258003234863,166.37073,112.98738,-55.080475,387.82193
-16,1,27,19.39258003234863,165.98471,112.72523,-54.952679,386.92212
-15.9,1,27,19.39258003234863,165.59871,112.46308,-54.824879,386.02228
-15.8,1,27,19.39258003234863,165.21269,112.20093,-54.697083,385.12247
-15.7,1,27,19.39258003234863,164.82668,111.93877,-54.569286,384.22266
-15.6,1,27,19.39258003234863,164.44067,111.67663,-54.44149,383.32285
-15.5,1,27,19.39258003234863,164.05466,111.41447,-54.313694,382.423
-15.4,1,27,19.39258003234863,163.66866,111.15232,-54.185894,381.52319
-15.3,1,27,19.39258003234863,163.28264,110.89017,-54.058098,380.62338
-15.2,1,27,19.39258003234863,162.89662,110.62801,-53.930302,379.72357
-15.1,1,27,19.39258003234863,162.51062,110.36587,-53.802505,378.82373
-15,1,27,19.39258003234863,162.1246,110.10371,-53.674709,377.92392
-14.9,1,27,19.39258003234863,161.7386,109.84156,-53.546909,377.02411
-14.8,1,27,19.39258003234863,161.35258,109.57941,-53.419113,376.1243
-14.7,1,27,19.39258003234863,160.96657,109.31726,-53.291317,375.22446
-14.6,1,27,19.39258003234863,160.58057,109.05511,-53.163521,374.32465
-14.5,1,27,19.39258003234863,160.19455,108.79295,-53.035725,373.42484
-14.4,1,27,19.39258003234863,159.80853,108.5308,-52.907925,372.52499
-14.3,1,27,19.39258003234863,159.42253,108.26865,-52.780128,371.62518
-14.2,1,27,19.39258003234863,159.03651,108.0065,-52.652332,370.72537
-14.1,1,27,19.39258003234863,158.65051,107.74435,-52.524536,369.82556
-14,1,27,19.39258003234863,158.2645,107.4822,-52.39674,368.92572
-13.9,1,27,19.39258003234863,157.87848,107.22005,-52.26894,368.02591
-13.8,1,27,19.39258003234863,157.49248,106.95789,-52.141144,367.1261
-13.7,1,27,19.39258003234863,157.10646,106.69574,-52.013348,366.22629
-13.6,1,27,19.39258003234863,156.72046,106.43359,-51.885551,365.32645
-13.5,1,27,19.39258003234863,156.33444,106.17144,-51.757755,364.42664
-13.4,1,27,19.39258003234863,155.94843,105.90929,-51.629955,363.52682
-13.3,1,27,19.39258003234863,155.56242,105.64713,-51.502159,362.62701
-13.2,1,27,19.39258003234863,155.17641,105.38499,-51.374363,361.72717
-13.1,1,27,19.39258003234863,154.79041,105.12283,-51.246567,360.82736
-13,1,27,19.39258003234863,154.40439,104.86068,-51.118771,359.92755
-12.9,1,27,19.39258003234863,154.01837,104.59853,-50.990971,359.02771
-12.8,1,27,19.39258003234863,153.63237,104.33638,-50.863174,358.1279
-12.7,1,27,19.39258003234863,153.24635,104.07423,-50.735378,357.22809
-12.6,1,27,19.39258003234863,152.86035,103.81207,-50.607582,356.32828
-12.5,1,27,19.39258003234863,152.47433,103.54992,-50.479786,355.42844
-12.4,1,27,19.39258003234863,152.08832,103.28777,-50.351986,354.52863
-12.3,1,27,19.39258003234863,151.70232,103.02562,-50.22419,353.62881
-12.2,1,27,19.39258003234863,151.3163,102.76347,-50.096394,352.729
-12.1,1,27,19.39258003234863,150.93028,102.50131,-49.968597,351.82916
-12,1,27,19.39258003234863,150.54428,102.23917,-49.840801,350.92935
-11.9,1,27,19.39258003234863,150.15826,101.97701,-49.713001,350.02954
-11.8,1,27,19.39258003234863,149.77226,101.71486,-49.585205,349.12973
-11.7,1,27,19.39258003234863,149.38625,101.45271,-49.457409,348.22989
-11.6,1,27,19.39258003234863,149.00023,101.19056,-49.329613,347.33008
-11.5,1,27,19.39258003234863,148.61423,100.92841,-49.201817,346.43027
-11.4,1,27,19.39258003234863,148.22821,100.66625,-49.074017,345.53043
-11.3,1,27,19.39258003234863,147.84221,100.4041,-48.94622,344.63062
-11.2,1,27,19.39258003234863,147.45619,100.14195,-48.818424,343.7308
-11.1,1,27,19.39258003234863,147.07018,99.879799,-48.690628,342.83099
-11,1,27,19.39258003234863,146.68417,99.617645,-48.562832,341.93115
-10.9,1,27,19.39258003234863,146.29816,99.355492,-48.435032,341.03134
-10.8,1,27,19.39258003234863,145.91214,99.093346,-48.307236,340.13153
-10.7,1,27,19.39258003234863,145.52614,98.831192,-48.17944,339.23172
-10.6,1,27,19.39258003234863,145.14012,98.569038,-48.051643,338.33191
-10.5,1,27,19.39258003234863,144.75412,98.306885,-47.923847,337.43207
-10.4,1,27,19.39258003234863,144.3681,98.044739,-47.796047,336.53226
-10.3,1,27,19.39258003234863,143.98209,97.782585,-47.668251,335.63245
-10.2,1,27,19.39258003234863,143.59608,97.520432,-47.540455,334.7326
-10.1,1,27,19.39258003234863,143.21007,97.258286,-47.412659,333.83279
-10,1,27,19.39258003234863,142.82405,96.996132,-47.284863,332.93298
-9.9,1,27,19.39258003234863,142.43805,96.733978,-47.157063,332.03314
-9.800000000000001,1,27,19.39258003234863,142.05203,96.471825,-47.029266,331.13333
-9.699999999999999,1,27,19.39258003234863,141.66603,96.209671,-46.90147,330.23352
-9.6,1,27,19.39258003234863,141.28001,95.947525,-46.773674,329.33371
-9.5,1,27,19.39258003234863,140.894,95.685371,-46.645878,328.4339
-9.4,1,27,19.39258003234863,140.508,95.423218,-46.518078,327.53406
-9.300000000000001,1,27,19.39258003234863,140.12198,95.161064,-46.390282,326.63425
-9.199999999999999,1,27,19.39258003234863,139.73598,94.898918,-46.262486,325.73444
-9.1,1,27,19.39258003234863,139.34996,94.636765,-46.134689,324.83463
-9,1,27,19.39258003234863,138.96394,94.374611,-46.006893,323.93478
-8.9,1,27,19.39258003234863,138.57794,94.112457,-45.879093,323.03497
-8.800000000000001,1,27,19.39258003234863,138.19193,93.850311,-45.751297,322.13516
-8.699999999999999,1,27,19.39258003234863,137.80591,93.588158,-45.623501,321.23532
-8.6,1,27,19.39258003234863,137.41991,93.326004,-45.495705,320.33551
-8.5,1,27,19.39258003234863,137.03389,93.06385,-45.367908,319.4357
-8.4,1,27,19.39258003234863,136.64789,92.801704,-45.240108,318.53586
-8.300000000000001,1,27,19.39258003234863,136.26187,92.539551,-45.112312,317.63605
-8.199999999999999,1,27,19.39258003234863,135.87585,92.277397,-44.984516,316.73624
-8.1,1,27,19.39258003234863,135.48985,92.015251,-44.85672,315.83643
-8,1,27,19.39258003234863,135.10384,91.753098,-44.728924,314.93661
-7.9,1,27,19.39258003234863,134.71783,91.490944,-44.601128,314.03677
-7.8,1,27,19.39258003234863,134.33182,91.22879,-44.473331,313.13696
-7.7,1,27,19.39258003234863,133.9458,90.966637,-44.345531,312.23715
-7.6,1,27,19.39258003234863,133.5598,90.704491,-44.217735,311.33731
-7.5,1,27,19.39258003234863,133.17378,90.442337,-44.089939,310.4375
-7.4,1,27,19.39258003234863,132.78778,90.180183,-43.962143,309.53769
-7.3,1,27,19.39258003234863,132.40176,89.918037,-43.834347,308.63788
-7.2,1,27,19.39258003234863,132.01575,89.655884,-43.706547,307.73804
-7.1,1,27,19.39258003234863,131.62975,89.39373,-43.578751,306.83823
-7,1,27,19.39258003234863,131.24373,89.131577,-43.450954,305.93842
-6.9,1,27,19.39258003234863,130.85771,88.869431,-43.323158,305.0386
-6.8,1,27,19.39258003234863,130.47171,88.607277,-43.195362,304.13876
-6.7,1,27,19.39258003234863,130.08569,88.345123,-43.067562,303.23895
-6.6,1,27,19.39258003234863,129.69969,88.08297,-42.939766,302.33914
-6.5,1,27,19.39258003234863,129.31367,87.820816,-42.81197,301.43933
-6.4,1,27,19.39258003234863,128.92766,87.55867,-42.684174,300.53949
-6.3,1,27,19.39258003234863,128.54166,87.296516,-42.556377,299.63968
-6.2,1,27,19.39258003234863,128.15564,87.034363,-42.428577,298.73987
-6.1,1,27,19.39258003234863,127.76963,86.772209,-42.300781,297.84003
-6,1,27,19.39258003234863,127.38362,86.510063,-42.172985,296.94022
-5.9,1,27,19.39258003234863,126.99761,86.24791,-42.045189,296.04041
-5.8,1,27,19.39258003234863,126.6116,85.985756,-41.917393,295.14059
-5.7,1,27,19.39258003234863,126.22559,85.723602,-41.789593,294.24075
-5.6,1,27,19.39258003234863,125.83958,85.461456,-41.661797,293.34094
-5.5,1,27,19.39258003234863,125.45357,85.199303,-41.534,292.44113
-5.4,1,27,19.39258003234863,125.06755,84.937149,-41.406204,291.54132
-5.3,1,27,19.39258003234863,124.68154,84.675003,-41.278408,290.64148
-5.2,1,27,19.39258003234863,124.29553,84.412849,-41.150608,289.74167
-5.1,1,27,19.39258003234863,123.90952,84.150696,-41.022812,288.84186
-5,1,27,19.39258003234863,123.52351,83.888542,-40.895016,287.94205
-4.9,1,27,19.39258003234863,123.1375,83.626396,-40.76722,287.04221
-4.8,1,27,19.39258003234863,122.75149,83.364243,-40.639423,286.1424
-4.7,1,27,19.39258003234863,122.36548,83.102089,-40.511623,285.24258
-4.6,1,27,19.39258003234863,121.97947,82.839935,-40.383827,284.34277
-4.5,1,27,19.39258003234863,121.59345,82.577789,-40.256031,283.44293
-4.4,1,27,19.39258003234863,121.20744,82.315636,-40.128235,282.54312
-4.3,1,27,19.39258003234863,120.82143,82.053482,-40.000439,281.64331
-4.2,1,27,19.39258003234863,120.43542,81.791328,-39.872639,280.74347
-4.1,1,27,19.39258003234863,120.04941,81.529182,-39.744843,279.84366
-4,1,27,19.39258003234863,119.6634,81.267029,-39.617046,278.94385
-3.9,1,27,19.39258003234863,119.27739,81.004875,-39.48925,278.04404
-3.8,1,27,19.39258003234863,118.89138,80.742722,-39.361454,277.1442
-3.7,1,27,19.39258003234863,118.50537,80.480576,-39.233654,276.24438
-3.6,1,27,19.39258003234863,118.11935,80.218422,-39.105858,275.34457
-3.5,1,27,19.39258003234863,117.73335,79.956268,-38.978062,274.44476
-3.4,1,27,19.39258003234863,117.34734,79.694115,-38.850266,273.54492
-3.3,1,27,19.39258003234863,116.96133,79.431969,-38.722469,272.64511
-3.2,1,27,19.39258003234863,116.57531,79.169815,-38.594669,271.7453
-3.1,1,27,19.39258003234863,116.1893,78.907661,-38.466873,270.84549
-3,1,27,19.39258003234863,115.80329,78.645508,-38.339077,269.94565
-2.9,1,27,19.39258003234863,115.41728,78.383362,-38.211281,269.04584
-2.8,1,27,19.39258003234863,115.03127,78.121208,-38.083485,268.14603
-2.7,1,27,19.39258003234863,114.64526,77.859055,-37.955685,267.24622
-2.6,1,27,19.39258003234863,114.25925,77.596901,-37.827888,266.34637
-2.5,1,27,19.39258003234863,113.87324,77.334755,-37.700092,265.44656
-2.4,1,27,19.39258003234863,113.48723,77.072601,-37.572296,264.54675
-2.3,1,27,19.39258003234863,113.10121,76.810448,-37.4445,263.64691
-2.2,1,27,19.39258003234863,112.7152,76.548294,-37.3167,262.7471
-2.1,1,27,19.39258003234863,112.32919,76.286148,-37.188904,261.84729
-2,1,27,19.39258003234863,111.94318,76.023994,-37.061108,260.94748
-1.9,1,27,19.39258003234863,111.55717,75.761841,-36.933311,260.04764
-1.8,1,27,19.39258003234863,111.17116,75.499687,-36.805515,259.14783
-1.7,1,27,19.39258003234863,110.78515,75.237541,-36.677715,258.24802
-1.6,1,27,19.39258003234863,110.39914,74.975388,-36.549919,257.34821
-1.5,1,27,19.39258003234863,110.01312,74.713234,-36.422123,256.44836
-1.4,1,27,19.39258003234863,109.62711,74.45108,-36.294327,255.54855
-1.3,1,27,19.39258003234863,109.2411,74.188934,-36.166531,254.64874
-1.2,1,27,19.39258003234863,108.85509,73.926781,-36.038731,253.74892
-1.1,1,27,19.39258003234863,108.46909,73.664627,-35.910934,252.84911
-1,1,27,19.39258003234863,108.08307,73.402473,-35.783138,251.94928
-.9,1,27,19.39258003234863,107.69706,73.140327,-35.655342,251.04947
-.8,1,27,19.39258003234863,107.31105,72.878174,-35.527546,250.14964
-.7,1,27,19.39258003234863,106.92504,72.61602,-35.399746,249.24982
-.6,1,27,19.39258003234863,106.53902,72.353867,-35.27195,248.35001
-.5,1,27,19.39258003234863,106.15302,72.091721,-35.144154,247.45018
-.4,1,27,19.39258003234863,105.76701,71.829567,-35.016357,246.55037
-.3,1,27,19.39258003234863,105.381,71.567413,-34.888561,245.65054
-.2,1,27,19.39258003234863,104.99498,71.30526,-34.760761,244.75073
-.1,1,27,19.39258003234863,104.60897,71.043114,-34.632965,243.85091
0,1,27,19.39258003234863,104.22296,70.78096,-34.505169,242.9511
.1,1,27,19.39258003234863,103.83695,70.518806,-34.377373,242.05127
.2,1,27,19.39258003234863,103.45094,70.256653,-34.249577,241.15146
.3,1,27,19.39258003234863,103.06493,69.994507,-34.12178,240.25163
.4,1,27,19.39258003234863,102.67892,69.732353,-33.99398,239.35182
.5,1,27,19.39258003234863,102.29291,69.4702,-33.866184,238.452
.6,1,27,19.39258003234863,101.9069,69.208046,-33.738388,237.55219
.7,1,27,19.39258003234863,101.52088,68.9459,-33.610592,236.65236
.8,1,27,19.39258003234863,101.13487,68.683746,-33.482796,235.75255
.9,1,27,19.39258003234863,100.74886,68.421593,-33.354996,234.85272
1,1,27,19.39258003234863,100.36285,68.159439,-33.2272,233.9529
1.1,1,27,19.39258003234863,99.976837,67.897293,-33.099403,233.05309
1.2,1,27,19.39258003234863,99.590828,67.635139,-32.971607,232.15326
1.3,1,27,19.39258003234863,99.204819,67.372986,-32.843811,231.25345
1.4,1,27,19.39258003234863,98.81881,67.110832,-32.716011,230.35362
1.5,1,27,19.39258003234863,98.4328,66.848686,-32.588215,229.45381
1.6,1,27,19.39258003234863,98.046783,66.586533,-32.460419,228.55399
1.7,1,27,19.39258003234863,97.660774,66.324379,-32.332623,227.65417
1.8,1,27,19.39258003234863,97.274765,66.062225,-32.204826,226.75435
1.9,1,27,19.39258003234863,96.888756,65.800079,-32.077026,225.85454
2,1,27,19.39258003234863,96.502739,65.537926,-31.94923,224.95471
2.1,1,27,19.39258003234863,96.11673,65.275772,-31.821434,224.0549
2.2,1,27,19.39258003234863,95.730721,65.013618,-31.693638,223.15508
2.3,1,27,19.39258003234863,95.344711,64.751472,-31.56584,222.25526
2.4,1,27,19.39258003234863,94.958694,64.489319,-31.438044,221.35544
2.5,1,27,19.39258003234863,94.572685,64.227165,-31.310246,220.45563
2.6,1,27,19.39258003234863,94.186676,63.965015,-31.182449,219.5558
2.7,1,27,19.39258003234863,93.800667,63.702862,-31.054653,218.65598
2.8,1,27,19.39258003234863,93.414658,63.440712,-30.926855,217.75616
2.9,1,27,19.39258003234863,93.028641,63.178558,-30.799059,216.85634
3,1,27,19.39258003234863,92.642632,62.916409,-30.671261,215.95653
3.1,1,27,19.39258003234863,92.256622,62.654255,-30.543465,215.0567
3.2,1,27,19.39258003234863,91.870613,62.392105,-30.415668,214.15689
3.3,1,27,19.39258003234863,91.484596,62.129951,-30.28787,213.25706
3.4,1,27,19.39258003234863,91.098587,61.867802,-30.160074,212.35725
3.5,1,27,19.39258003234863,90.712578,61.605648,-30.032276,211.45743
3.6,1,27,19.39258003234863,90.326569,61.343498,-29.90448,210.55762
3.7,1,27,19.39258003234863,89.940552,61.081345,-29.776684,209.65779
3.8,1,27,19.39258003234863,89.554543,60.819195,-29.648886,208.75798
3.9,1,27,19.39258003234863,89.168533,60.557041,-29.52109,207.85815
4,1,27,19.39258003234863,88.782524,60.294891,-29.393291,206.95834
4.1,1,27,19.39258003234863,88.396515,60.032742,-29.265495,206.05852
4.2,1,27,19.39258003234863,88.010498,59.770588,-29.137699,205.15871
4.3,1,27,19.39258003234863,87.624489,59.508434,-29.009901,204.25888
4.4,1,27,19.39258003234863,87.23848,59.246284,-28.882105,203.35905
4.5,1,27,19.39258003234863,86.85247,58.984131,-28.754307,202.45924
4.6,1,27,19.39258003234863,86.466454,58.721981,-28.626511,201.55943
4.7,1,27,19.39258003234863,86.080444,58.459831,-28.498714,200.65961
4.8,1,27,19.39258003234863,85.694435,58.197678,-28.370916,199.75978
4.9,1,27,19.39258003234863,85.308426,57.935524,-28.24312,198.85997
5,1,27,19.39258003234863,84.922417,57.673374,-28.115324,197.96014
5.1,1,27,19.39258003234863,84.5364,57.411224,-27.987526,197.06033
5.2,1,27,19.39258003234863,84.150391,57.149071,-27.85973,196.16051
5.3,1,27,19.39258003234863,83.764381,56.886917,-27.731932,195.2607
5.4,1,27,19.39258003234863,83.378372,56.624767,-27.604136,194.36087
5.5,1,27,19.39258003234863,82.992355,56.362617,-27.476339,193.46106
5.6,1,27,19.39258003234863,82.606346,56.100464,-27.348541,192.56123
5.7,1,27,19.39258003234863,82.220337,55.838314,-27.220745,191.66142
5.8,1,27,19.39258003234863,81.834328,55.57616,-27.092947,190.7616
5.9,1,27,19.39258003234863,81.448311,55.314007,-26.965151,189.86179
6,1,27,19.39258003234863,81.062302,55.051857,-26.837355,188.96196
6.1,1,27,19.39258003234863,80.676292,54.789707,-26.709557,188.06215
6.2,1,27,19.39258003234863,80.290283,54.527554,-26.58176,187.16232
6.3,1,27,19.39258003234863,79.904266,54.2654,-26.453962,186.2625
6.4,1,27,19.39258003234863,79.518257,54.00325,-26.326166,185.36269
6.5,1,27,19.39258003234863,79.132248,53.7411,-26.19837,184.46286
6.6,1,27,19.39258003234863,78.746239,53.478947,-26.070572,183.56305
6.7,1,27,19.39258003234863,78.360229,53.216797,-25.942776,182.66322
6.8,1,27,19.39258003234863,77.974213,52.954643,-25.814978,181.76341
6.9,1,27,19.39258003234863,77.588203,52.692493,-25.687181,180.86359
7,1,27,19.39258003234863,77.202194,52.43034,-25.559385,179.96378
7.1,1,27,19.39258003234863,76.816185,52.16819,-25.431587,179.06395
7.2,1,27,19.39258003234863,76.430176,51.906036,-25.303791,178.16414
7.3,1,27,19.39258003234863,76.044159,51.643883,-25.175993,177.26431
7.4,1,27,19.39258003234863,75.65815,51.381733,-25.048197,176.3645
7.5,1,27,19.39258003234863,75.272141,51.119583,-24.920401,175.46468
7.6,1,27,19.39258003234863,74.886131,50.85743,-24.792603,174.56487
7.7,1,27,19.39258003234863,74.500114,50.59528,-24.664806,173.66504
7.8,1,27,19.39258003234863,74.114105,50.333126,-24.537008,172.76521
7.9,1,27,19.39258003234863,73.728096,50.070976,-24.409212,171.8654
8,1,27,19.39258003234863,73.342087,49.808823,-24.281416,170.96558
8.1,1,27,19.39258003234863,72.95607,49.546669,-24.153618,170.06577
8.199999999999999,1,27,19.39258003234863,72.570061,49.284519,-24.025822,169.16595
8.300000000000001,1,27,19.39258003234863,72.184052,49.022369,-23.898024,168.26613
8.4,1,27,19.39258003234863,71.798042,48.760216,-23.770227,167.36632
8.5,1,27,19.39258003234863,71.412025,48.498066,-23.642431,166.46649
8.6,1,27,19.39258003234863,71.026016,48.235912,-23.514633,165.56667
8.699999999999999,1,27,19.39258003234863,70.640007,47.973763,-23.386837,164.66685
8.800000000000001,1,27,19.39258003234863,70.253998,47.711609,-23.259039,163.76703
8.9,1,27,19.39258003234863,69.867989,47.449459,-23.131243,162.86722
9,1,27,19.39258003234863,69.481972,47.187305,-23.003447,161.96739
9.1,1,27,19.39258003234863,69.095963,46.925152,-22.875648,161.06757
9.199999999999999,1,27,19.39258003234863,68.709953,46.663002,-22.747852,160.16776
9.300000000000001,1,27,19.39258003234863,68.323944,46.400852,-22.620054,159.26793
9.4,1,27,19.39258003234863,67.937935,46.138699,-22.492258,158.36812
9.5,1,27,19.39258003234863,67.551918,45.876549,-22.364462,157.46831
9.6,1,27,19.39258003234863,67.165909,45.614395,-22.236664,156.56848
9.699999999999999,1,27,19.39258003234863,66.7799,45.352245,-22.108868,155.66867
9.800000000000001,1,27,19.39258003234863,66.393883,45.090092,-21.981071,154.76884
9.9,1,27,19.39258003234863,66.007874,44.827942,-21.853275,153.86903
10,1,27,19.39258003234863,65.621864,44.565788,-21.725477,152.96921
10.1,1,27,19.39258003234863,65.235855,44.303635,-21.597679,152.06938
10.2,1,27,19.39258003234863,64.849846,44.041485,-21.469883,151.16957
10.3,1,27,19.39258003234863,64.463829,43.779335,-21.342087,150.26974
10.4,1,27,19.39258003234863,64.07782,43.517185,-21.214291,149.36993
10.5,1,27,19.39258003234863,63.691811,43.255032,-21.086493,148.47011
10.6,1,27,19.39258003234863,63.305798,42.992878,-20.958694,147.5703
10.7,1,27,19.39258003234863,62.919788,42.730728,-20.830898,146.67047
10.8,1,27,19.39258003234863,62.533775,42.468575,-20.703102,145.77066
10.9,1,27,19.39258003234863,62.147766,42.206425,-20.575306,144.87083
11,1,27,19.39258003234863,61.761753,41.944271,-20.447508,143.97102
11.1,1,27,19.39258003234863,61.375744,41.682121,-20.31971,143.0712
11.2,1,27,19.39258003234863,60.989735,41.419968,-20.191914,142.17139
11.3,1,27,19.39258003234863,60.603722,41.157818,-20.064117,141.27156
11.4,1,27,19.39258003234863,60.217712,40.895668,-19.936321,140.37175
11.5,1,27,19.39258003234863,59.831699,40.633514,-19.808523,139.47192
11.6,1,27,19.39258003234863,59.445686,40.371361,-19.680725,138.5721
11.7,1,27,19.39258003234863,59.059677,40.109211,-19.552929,137.67229
11.8,1,27,19.39258003234863,58.673668,39.847057,-19.425133,136.77246
11.9,1,27,19.39258003234863,58.287659,39.584908,-19.297337,135.87265
12,1,27,19.39258003234863,57.901646,39.322754,-19.169538,134.97282
12.1,1,27,19.39258003234863,57.515633,39.060604,-19.04174,134.07301
12.2,1,27,19.39258003234863,57.129623,38.79845,-18.913944,133.17319
12.3,1,27,19.39258003234863,56.74361,38.536301,-18.786148,132.27338
12.4,1,27,19.39258003234863,56.357601,38.274151,-18.658352,131.37355
12.5,1,27,19.39258003234863,55.971592,38.011997,-18.530554,130.47374
12.6,1,27,19.39258003234863,55.585579,37.749844,-18.402756,129.57391
12.7,1,27,19.39258003234863,55.19957,37.487694,-18.27496,128.6741
12.8,1,27,19.39258003234863,54.813557,37.22554,-18.147163,127.77428
12.9,1,27,19.39258003234863,54.427547,36.96339,-18.019367,126.87447
13,1,27,19.39258003234863,54.041534,36.701237,-17.891569,125.97464
13.1,1,27,19.39258003234863,53.655521,36.439087,-17.763771,125.07482
13.2,1,27,19.39258003234863,53.269516,36.176933,-17.635975,124.175
13.3,1,27,19.39258003234863,52.883503,35.914783,-17.508179,123.27518
13.4,1,27,19.39258003234863,52.497494,35.652634,-17.380383,122.37537
13.5,1,27,19.39258003234863,52.111481,35.39048,-17.252584,121.47555
13.6,1,27,19.39258003234863,51.725468,35.128326,-17.124786,120.57572
13.7,1,27,19.39258003234863,51.339458,34.866177,-16.99699,119.67591
13.8,1,27,19.39258003234863,50.953445,34.604023,-16.869194,118.77608
13.9,1,27,19.39258003234863,50.56744,34.341873,-16.741398,117.87627
14,1,27,19.39258003234863,50.181427,34.07972,-16.6136,116.97645
14.1,1,27,19.39258003234863,49.795414,33.81757,-16.485802,116.07663
14.2,1,27,19.39258003234863,49.409405,33.55542,-16.358006,115.17682
14.3,1,27,19.39258003234863,49.023392,33.293266,-16.230209,114.27699
14.4,1,27,19.39258003234863,48.637383,33.031116,-16.102413,113.37718
14.5,1,27,19.39258003234863,48.251369,32.768963,-15.974615,112.47736
14.6,1,27,19.39258003234863,47.86536,32.506809,-15.846818,111.57754
14.7,1,27,19.39258003234863,47.479351,32.244659,-15.719022,110.67772
14.8,1,27,19.39258003234863,47.093338,31.982508,-15.591225,109.7779
14.9,1,27,19.39258003234863,46.707329,31.720356,-15.463428,108.87808
15,1,27,19.39258003234863,46.321316,31.458204,-15.33563,107.97826
15.1,1,27,19.39258003234863,45.935303,31.196051,-15.207833,107.07844
15.2,1,27,19.39258003234863,45.549294,30.933901,-15.080037,106.17863
15.3,1,27,19.39258003234863,45.163284,30.671749,-14.95224,105.27881
15.4,1,27,19.39258003234863,44.777275,30.409597,-14.824444,104.37899
15.5,1,27,19.39258003234863,44.391262,30.147446,-14.696646,103.47917
15.6,1,27,19.39258003234863,44.005249,29.885292,-14.568849,102.57935
15.7,1,27,19.39258003234863,43.61924,29.623142,-14.441052,101.67953
15.8,1,27,19.39258003234863,43.233227,29.360991,-14.313255,100.77971
15.9,1,27,19.39258003234863,42.847218,29.098841,-14.185459,99.879898
16,1,27,19.39258003234863,42.461208,28.836687,-14.057662,98.980072
16.1,1,27,19.39258003234863,42.075195,28.574533,-13.929864,98.080254
16.2,1,27,19.39258003234863,41.689182,28.312382,-13.802067,97.180428
16.3,1,27,19.39258003234863,41.303177,28.050234,-13.674272,96.280624
16.4,1,27,19.39258003234863,40.917164,27.788082,-13.546474,95.380806
16.5,1,27,19.39258003234863,40.531151,27.525928,-13.418677,94.48098
16.6,1,27,19.39258003234863,40.145138,27.263777,-13.290879,93.581161
16.7,1,27,19.39258003234863,39.759129,27.001623,-13.163082,92.681335
16.8,1,27,19.39258003234863,39.373123,26.739475,-13.035287,91.781532
16.9,1,27,19.39258003234863,38.98711,26.477324,-12.90749,90.881706
17,1,27,19.39258003234863,38.601097,26.21517,-12.779693,89.981888
17.1,1,27,19.39258003234863,38.215084,25.953018,-12.651895,89.082062
17.2,1,27,19.39258003234863,37.829071,25.690865,-12.524097,88.182243
17.3,1,27,19.39258003234863,37.443066,25.428717,-12.396302,87.282433
17.4,1,27,19.39258003234863,37.057053,25.166565,-12.268505,86.382614
17.5,1,27,19.39258003234863,36.671043,24.904411,-12.140708,85.482788
17.6,1,27,19.39258003234863,36.28503,24.64226,-12.01291,84.58297
17.7,1,27,19.39258003234863,35.899017,24.380106,-11.885113,83.683144
17.8,1,27,19.39258003234863,35.513012,24.117958,-11.757318,82.78334
17.9,1,27,19.39258003234863,35.126999,23.855806,-11.62952,81.883522
18,1,27,19.39258003234863,34.740986,23.593653,-11.501723,80.983696
18.1,1,27,19.39258003234863,34.354973,23.331501,-11.373925,80.083878
18.2,1,27,19.39258003234863,33.968964,23.069347,-11.246128,79.184052
18.3,1,27,19.39258003234863,33.582958,22.807199,-11.118333,78.284248
18.4,1,27,19.39258003234863,33.196945,22.545048,-10.990536,77.384422
18.5,1,27,19.39258003234863,32.810932,22.282894,-10.862739,76.484604
18.6,1,27,19.39258003234863,32.424919,22.020742,-10.734941,75.584778
18.7,1,27,19.39258003234863,32.038906,21.758589,-10.607143,74.684959
18.8,1,27,19.39258003234863,31.652903,21.496441,-10.479349,73.785156
18.9,1,27,19.39258003234863,31.26689,21.234289,-10.351551,72.88533
19,1,27,19.39258003234863,30.880877,20.972136,-10.223754,71.985512
19.1,1,27,19.39258003234863,30.494865,20.709984,-10.095957,71.085686
19.2,1,27,19.39258003234863,30.108852,20.44783,-9.9681587,70.185867
19.3,1,27,19.39258003234863,29.722847,20.185682,-9.8403645,69.286057
19.4,1,27,19.39258003234863,29.336836,19.923531,-9.7125664,68.386238
19.5,1,27,19.39258003234863,28.950823,19.661377,-9.5847692,67.486412
19.6,1,27,19.39258003234863,28.56481,19.399225,-9.4569721,66.586594
19.7,1,27,19.39258003234863,28.178799,19.137072,-9.329174,65.686768
19.8,1,27,19.39258003234863,27.792793,18.874924,-9.2013798,64.786964
19.9,1,27,19.39258003234863,27.40678,18.612772,-9.0735817,63.887142
20,1,27,19.39258003234863,27.020767,18.350618,-8.9457846,62.98732
20.1,1,27,19.39258003234863,26.634756,18.088467,-8.8179874,62.087498
20.2,1,27,19.39258003234863,26.248743,17.826313,-8.6901894,61.187675
20.3,1,27,19.39258003234863,25.862738,17.564165,-8.5623951,60.287872
20.4,1,27,19.39258003234863,25.476725,17.302013,-8.434597,59.38805
20.5,1,27,19.39258003234863,25.090714,17.03986,-8.3067999,58.488224
20.6,1,27,19.39258003234863,24.7047,16.777708,-8.1790028,57.588402
20.7,1,27,19.39258003234863,24.318687,16.515554,-8.0512056,56.68858
20.8,1,27,19.39258003234863,23.932682,16.253407,-7.9234104,55.788776
20.9,1,27,19.39258003234863,23.546671,15.991255,-7.7956128,54.888954
21,1,27,19.39258003234863,23.160658,15.729102,-7.6678152,53.989132
21.1,1,27,19.39258003234863,22.774645,15.466949,-7.5400181,53.08931
21.2,1,27,19.39258003234863,22.388634,15.204797,-7.4122205,52.189487
21.3,1,27,19.39258003234863,22.002628,14.942649,-7.2844257,51.28968
21.4,1,27,19.39258003234863,21.616615,14.680496,-7.1566281,50.389858
21.5,1,27,19.39258003234863,21.230604,14.418344,-7.028831,49.490036
21.6,1,27,19.39258003234863,20.844591,14.156191,-6.9010334,48.590214
21.7,1,27,19.39258003234863,20.458578,13.894038,-6.7732358,47.690392
21.8,1,27,19.39258003234863,20.072573,13.63189,-6.6454411,46.790588
21.9,1,27,19.39258003234863,19.686562,13.369738,-6.5176435,45.890766
22,1,27,19.39258003234863,19.300549,13.107585,-6.3898463,44.990944
22.1,1,27,19.39258003234863,18.914536,12.845432,-6.2620487,44.091122
22.2,1,27,19.39258003234863,18.528524,12.58328,-6.1342511,43.191299
22.3,1,27,19.39258003234863,18.142519,12.321132,-6.0064564,42.291492
22.4,1,27,19.39258003234863,17.756506,12.058979,-5.8786588,41.39167
22.5,1,27,19.39258003234863,17.370493,11.796826,-5.7508616,40.491848
22.6,1,27,19.39258003234863,16.984482,11.534674,-5.623064,39.592026
22.7,1,27,19.39258003234863,16.598469,11.272521,-5.4952669,38.692204
22.8,1,27,19.39258003234863,16.212463,11.010373,-5.3674717,37.7924
22.9,1,27,19.39258003234863,15.826451,10.74822,-5.2396746,36.892578
23,1,27,19.39258003234863,15.440438,10.486068,-5.111877,35.992756
23.1,1,27,19.39258003234863,15.054426,10.223915,-4.9840794,35.092934
23.2,1,27,19.39258003234863,14.668414,9.9617624,-4.8562822,34.193111
23.3,1,27,19.39258003234863,14.282409,9.6996145,-4.728487,33.293304
23.4,1,27,19.39258003234863,13.896397,9.4374619,-4.6006899,32.393482
23.5,1,27,19.39258003234863,13.510384,9.1753092,-4.4728923,31.49366
23.6,1,27,19.39258003234863,13.124372,8.9131565,-4.3450947,30.593838
23.7,1,27,19.39258003234863,12.738359,8.6510038,-4.2172976,29.694016
23.8,1,27,19.39258003234863,12.352354,8.3888569,-4.0895023,28.79421
23.9,1,27,19.39258003234863,11.966341,8.1267033,-3.9617052,27.894388
24,1,27,19.39258003234863,11.580329,7.8645511,-3.8339076,26.994566
24.1,1,27,19.39258003234863,11.194317,7.6023984,-3.7061102,26.094744
24.2,1,27,19.39258003234863,10.808304,7.3402457,-3.5783129,25.194921
24.3,1,27,19.39258003234863,10.422299,7.0780978,-3.4505179,24.295116
24.4,1,27,19.39258003234863,10.036286,6.8159451,-3.3227205,23.395294
24.5,1,27,19.39258003234863,9.6502743,6.5537925,-3.1949232,22.495472
24.6,1,27,19.39258003234863,9.2642622,6.2916398,-3.0671256,21.59565
24.7,1,27,19.39258003234863,8.8782492,6.0294871,-2.9393282,20.695827
24.8,1,27,19.39258003234863,8.4922447,5.7673392,-2.8115332,19.796022
24.9,1,27,19.39258003234863,8.1062317,5.5051866,-2.6837358,18.8962
25,1,27,19.39258003234863,7.7202191,5.2430339,-2.5559385,17.996378
25.1,1,27,19.39258003234863,7.3342071,4.9808812,-2.4281411,17.096556
25.2,1,27,19.39258003234863,6.9481945,4.7187285,-2.3003438,16.196733
25.3,1,27,19.39258003234863,6.5621896,4.4565811,-2.1725488,15.296927
25.4,1,27,19.39258003234863,6.176177,4.1944284,-2.0447512,14.397105
25.5,1,27,19.39258003234863,5.7901645,3.9322755,-1.9169538,13.497283
25.6,1,27,19.39258003234863,5.4041519,3.6701229,-1.7891564,12.597461
25.7,1,27,19.39258003234863,5.0181398,3.4079702,-1.6613591,11.697639
25.8,1,27,19.39258003234863,4.6321344,3.1458225,-1.5335641,10.797833
25.9,1,27,19.39258003234863,4.2461224,2.8836696,-1.4057666,9.8980112
26,1,27,19.39258003234863,3.8601096,2.6215169,-1.2779692,8.998189
26.1,1,27,19.39258003234863,3.4740973,2.3593643,-1.1501719,8.0983667
26.2,1,27,19.39258003234863,3.0880847,2.0972116,-1.0223744,7.198544
26.3,1,27,19.39258003234863,2.7020798,1.8350639,-.89457941,6.298739
26.4,1,27,19.39258003234863,2.3160672,1.5729113,-.76678205,5.3989167
26.5,1,27,19.39258003234863,1.9300548,1.3107585,-.63898462,4.4990945
26.6,1,27,19.39258003234863,1.5440423,1.0486058,-.5111872,3.599272
26.7,1,27,19.39258003234863,1.1580299,.78645313,-.3833898,2.6994498
26.8,1,27,19.39258003234863,.77202487,.5243054,-.25559482,1.7996446
26.9,1,27,19.39258003234863,.38601243,.2621527,-.12779741,.89982229
27,1,27,19.39258003234863,0,0,0,0
27.1,1,27,19.39258003234863,-.3857238,.26208833,-.89940745,.12795985
27.2,1,27,19.39258003234863,-.76971585,.52379179,-1.7963289,.25689721
27.3,1,27,19.39258003234863,-1.1502368,.78472781,-2.6882751,.38780141
27.4,1,27,19.39258003234863,-1.5255699,1.0445435,-3.5728376,.5216977
27.5,1,27,19.39258003234863,-1.8939757,1.3028929,-4.4475989,.65964758
27.6,1,27,19.39258003234863,-2.2537227,1.5594653,-5.3102183,.8027733
27.7,1,27,19.39258003234863,-2.6030786,1.8139874,-6.1584287,.95227128
27.8,1,27,19.39258003234863,-2.9403048,2.0662272,-6.9900355,1.1094263
27.9,1,27,19.39258003234863,-3.2636838,2.3160229,-7.8030052,1.2756377
28,1,27,19.39258003234863,-3.5714767,2.5632615,-8.595377,1.4524236
28.1,1,27,19.39258003234863,-3.8622625,2.8079617,-9.3657665,1.6412414
28.2,1,27,19.39258003234863,-4.1358633,3.0504124,-10.114562,1.8428349
28.3,1,27,19.39258003234863,-4.3924055,3.2909663,-10.842581,2.0577695
28.4,1,27,19.39258003234863,-4.6320367,3.5299973,-11.550704,2.2866309
28.5,1,27,19.39258003234863,-4.8548827,3.767868,-12.239769,2.5300031
28.6,1,27,19.39258003234863,-5.0610766,4.0049477,-12.910629,2.788476
28.7,1,27,19.39258003234863,-5.250752,4.2416034,-13.564142,3.0626378
28.8,1,27,19.39258003234863,-5.4240351,4.4781971,-14.201139,3.3530698
28.9,1,27,19.39258003234863,-5.5810723,4.7151008,-14.8225,3.6603551
29,1,27,19.39258003234863,-5.7219911,4.9526677,-15.429042,3.9850595
29.1,1,27,19.39258003234863,-5.8469243,5.1912513,-16.021589,4.3277411
29.2,1,27,19.39258003234863,-5.9560037,5.4311962,-16.600952,4.6889453
29.3,1,27,19.39258003234863,-6.0493579,5.6728373,-17.167913,5.0691986
29.4,1,27,19.39258003234863,-6.1271315,5.916513,-17.723284,5.4690204
29.5,1,27,19.39258003234863,-6.1894536,6.16254,-18.267809,5.8889022
29.6,1,27,19.39258003234863,-6.2364564,6.4112287,-18.802233,6.3293209
29.7,1,27,19.39258003234863,-6.268271,6.662879,-19.327274,6.7907324
29.8,1,27,19.39258003234863,-6.2850261,6.9177761,-19.843618,7.2735662
29.9,1,27,19.39258003234863,-6.2868676,7.1762061,-20.351973,7.7782383
30,1,27,19.39258003234863,-6.2739229,7.4384294,-20.852978,8.305131
30.1,1,27,19.39258003234863,-6.246325,7.704699,-21.347258,8.8546076
30.2,1,27,19.39258003234863,-6.204205,7.975255,-21.835419,9.4270077
30.3,1,27,19.39258003234863,-6.1476917,8.2503204,-22.318022,10.022638
30.4,1,27,19.39258003234863,-6.0769305,8.530118,-22.795654,10.641793
30.5,1,27,19.39258003234863,-5.9920502,8.8148441,-23.268827,11.284727
30.6,1,27,19.39258003234863,-5.8931823,9.1046886,-23.738043,11.951679
30.7,1,27,19.39258003234863,-5.7804575,9.3998251,-24.203777,12.642861
30.8,1,27,19.39258003234863,-5.6540065,9.7004137,-24.666468,13.358455
30.9,1,27,19.39258003234863,-5.5139737,10.006613,-25.126574,14.098626
31,1,27,19.39258003234863,-5.3604875,10.318555,-25.584484,14.863509
31.1,1,27,19.39258003234863,-5.1936793,10.636368,-26.040577,15.653219
31.2,1,27,19.39258003234863,-5.0136852,10.960165,-26.495214,16.467844
31.3,1,27,19.39258003234863,-4.8206196,11.290048,-26.948708,17.307468
31.4,1,27,19.39258003234863,-4.6146483,11.626113,-27.401411,18.172115
31.5,1,27,19.39258003234863,-4.3958864,11.968441,-27.8536,19.061827
31.6,1,27,19.39258003234863,-4.1644688,12.317103,-28.305548,19.97661
31.7,1,27,19.39258003234863,-3.9205337,12.67216,-28.757511,20.916445
31.8,1,27,19.39258003234863,-3.6641877,13.033668,-29.209707,21.88133
31.9,1,27,19.39258003234863,-3.3956065,13.401669,-29.662394,22.871181
32,1,27,19.39258003234863,-3.1148984,13.7762,-30.115755,23.88596
32.1,1,27,19.39258003234863,-2.8221958,14.157287,-30.569967,24.925575
32.2,1,27,19.39258003234863,-2.5176508,14.544958,-31.025246,25.989943
32.3,1,27,19.39258003234863,-2.201365,14.939216,-31.481689,27.07896
32.4,1,27,19.39258003234863,-1.8735074,15.340078,-31.939508,28.192493
32.5,1,27,19.39258003234863,-1.5341799,15.747533,-32.398777,29.330418
32.6,1,27,19.39258003234863,-1.183527,16.161583,-32.859646,30.492592
32.7,1,27,19.39258003234863,-.82169777,16.582222,-33.322254,31.678858
32.8,1,27,19.39258003234863,-.44879714,17.00942,-33.786648,32.889053
32.9,1,27,19.39258003234863,-.064988829,17.443172,-34.252975,34.123001
33,1,27,19.39258003234863,.32962447,17.883436,-34.721268,35.380516
33.1,1,27,19.39258003234863,.73489594,18.330191,-35.19162,36.661411
33.2,1,27,19.39258003234863,1.1506742,18.783407,-35.664127,37.965477
33.3,1,27,19.39258003234863,1.5768634,19.243038,-36.138798,39.292522
33.4,1,27,19.39258003234863,2.013293,19.709049,-36.615734,40.642319
33.5,1,27,19.39258003234863,2.4598582,20.181385,-37.094933,42.014648
33.6,1,27,19.39258003234863,2.9164164,20.660007,-37.576454,43.40929
33.7,1,27,19.39258003234863,3.3828163,21.144869,-38.060368,44.826
33.8,1,27,19.39258003234863,3.8589644,21.63591,-38.546638,46.264568
33.9,1,27,19.39258003234863,4.3446813,22.133078,-39.035355,47.724716
34,1,27,19.39258003234863,4.8398733,22.636311,-39.526478,49.206226
34.1,1,27,19.39258003234863,5.3443885,23.145548,-40.020054,50.708832
34.2,1,27,19.39258003234863,5.8580809,23.660738,-40.516113,52.232273
34.3,1,27,19.39258003234863,6.3808517,24.181807,-41.014618,53.776321
34.4,1,27,19.39258003234863,6.9125261,24.708694,-41.515625,55.340679
34.5,1,27,19.39258003234863,7.4530106,25.241329,-42.019085,56.925106
34.6,1,27,19.39258003234863,8.0021563,25.779644,-42.525017,58.529331
34.7,1,27,19.39258003234863,8.5598087,26.323574,-43.033451,60.153069
34.8,1,27,19.39258003234863,9.1258707,26.873041,-43.544323,61.796066
34.9,1,27,19.39258003234863,9.7001801,27.427982,-44.057678,63.458038
35,1,27,19.39258003234863,10.282625,27.988312,-44.57346,65.13871
35.1,1,27,19.39258003234863,10.873091,28.553976,-45.091675,66.837852
35.2,1,27,19.39258003234863,11.471346,29.124863,-45.612335,68.555023
35.3,1,27,19.39258003234863,12.07738,29.700932,-46.135376,70.290138
35.4,1,27,19.39258003234863,12.690952,30.282078,-46.660831,72.042732
35.5,1,27,19.39258003234863,13.312062,30.868265,-47.188625,73.812752
35.6,1,27,19.39258003234863,13.9405,31.459391,-47.718773,75.59977
35.7,1,27,19.39258003234863,14.57605,32.055344,-48.25127,77.403366
35.8,1,27,19.39258003234863,15.218714,32.65609,-48.786049,79.223473
35.9,1,27,19.39258003234863,15.868256,33.261524,-49.323132,81.059639
36,1,27,19.39258003234863,16.52467,33.871597,-49.862446,82.911781
36.1,1,27,19.39258003234863,17.187716,34.486198,-50.403992,84.779427
36.2,1,27,19.39258003234863,17.857265,35.105251,-50.947765,86.6623
36.3,1,27,19.39258003234863,18.533234,35.72868,-51.493694,88.560165
36.4,1,27,19.39258003234863,19.215437,36.3564,-52.041794,90.472672
36.5,1,27,19.39258003234863,19.903799,36.988331,-52.591995,92.399597
36.6,1,27,19.39258003234863,20.59815,37.624386,-53.144287,94.340591
36.7,1,27,19.39258003234863,21.298336,38.264481,-53.698666,96.295341
36.8,1,27,19.39258003234863,22.00428,38.908539,-54.255054,98.263611
36.9,1,27,19.39258003234863,22.715792,39.556473,-54.813469,100.24505
37,1,27,19.39258003234863,23.432791,40.208199,-55.373829,102.23941
37.1,1,27,19.39258003234863,24.155117,40.863632,-55.936134,104.24637
37.2,1,27,19.39258003234863,24.882612,41.52269,-56.500366,106.26559
37.3,1,27,19.39258003234863,25.615202,42.185295,-57.066456,108.29686
37.4,1,27,19.39258003234863,26.35269,42.851349,-57.634407,110.33979
37.5,1,27,19.39258003234863,27.094995,43.520771,-58.204151,112.39414
37.6,1,27,19.39258003234863,27.841967,44.193489,-58.775677,114.45961
37.7,1,27,19.39258003234863,28.593445,44.8694,-59.348965,116.53586
37.8,1,27,19.39258003234863,29.349348,45.548439,-59.92395,118.62265
37.9,1,27,19.39258003234863,30.109484,46.230499,-60.500633,120.7196
38,1,27,19.39258003234863,30.87377,46.915508,-61.078941,122.82648
38.1,1,27,19.39258003234863,31.642054,47.603382,-61.658859,124.94297
38.2,1,27,19.39258003234863,32.414185,48.294033,-62.240379,127.06875
38.3,1,27,19.39258003234863,33.19006,48.98737,-62.823421,129.20354
38.4,1,27,19.39258003234863,33.969513,49.683315,-63.407997,131.34702
38.5,1,27,19.39258003234863,34.752457,50.381786,-63.994026,133.49895
38.6,1,27,19.39258003234863,35.538723,51.082687,-64.581497,135.65895
38.7,1,27,19.39258003234863,36.328175,51.785938,-65.170403,137.82675
38.8,1,27,19.39258003234863,37.120693,52.491451,-65.760658,140.00204
38.9,1,27,19.39258003234863,37.916134,53.199142,-66.352272,142.18454
39,1,27,19.39258003234863,38.714397,53.908932,-66.945168,144.37396
39.1,1,27,19.39258003234863,39.515324,54.620728,-67.539337,146.56998
39.2,1,27,19.39258003234863,40.318752,55.334442,-68.134766,148.77226
39.3,1,27,19.39258003234863,41.124607,56.049999,-68.731377,150.98059
39.4,1,27,19.39258003234863,41.932693,56.7673,-69.32917,153.19456
39.5,1,27,19.39258003234863,42.742947,57.486271,-69.928078,155.41397
39.6,1,27,19.39258003234863,43.555199,58.206825,-70.528084,157.63849
39.7,1,27,19.39258003234863,44.369286,58.928867,-71.129173,159.86775
39.8,1,27,19.39258003234863,45.185123,59.652321,-71.731277,162.10152
39.9,1,27,19.39258003234863,46.002548,60.377098,-72.334396,164.33949
40,1,27,19.39258003234863,46.821457,61.103119,-72.938454,166.58138
40.1,1,27,19.39258003234863,47.641689,61.830284,-73.543442,168.82681
40.2,1,27,19.39258003234863,48.463116,62.558525,-74.149338,171.07556
40.3,1,27,19.39258003234863,49.285618,63.287743,-74.756081,173.32732
40.4,1,27,19.39258003234863,50.109024,64.017853,-75.363655,175.58171
40.5,1,27,19.39258003234863,50.933266,64.748779,-75.972015,177.83855
40.6,1,27,19.39258003234863,51.758175,65.480438,-76.581123,180.09747
40.7,1,27,19.39258003234863,52.58358,66.212723,-77.190971,182.35814
40.8,1,27,19.39258003234863,53.40942,66.94558,-77.801498,184.62035
40.9,1,27,19.39258003234863,54.235489,67.678886,-78.412689,186.88367
41,1,27,19.39258003234863,55.061726,68.41259,-79.02449,189.14795
41.1,1,27,19.39258003234863,55.887985,69.146614,-79.636879,191.41286
41.2,1,27,19.39258003234863,56.714218,69.880913,-80.249863,193.6783
41.3,1,27,19.39258003234863,57.540474,70.615501,-80.863373,195.94432
41.4,1,27,19.39258003234863,58.366699,71.350357,-81.477432,198.21083
41.5,1,27,19.39258003234863,59.192974,72.085495,-82.091995,200.47795
41.6,1,27,19.39258003234863,60.019222,72.820869,-82.707062,202.74551
41.7,1,27,19.39258003234863,60.845448,73.556496,-83.322632,205.01353
41.8,1,27,19.39258003234863,61.671722,74.292381,-83.938667,207.2821
41.9,1,27,19.39258003234863,62.497944,75.028473,-84.555168,209.55106
42,1,27,19.39258003234863,63.324203,75.764809,-85.172096,211.82051
42.1,1,27,19.39258003234863,64.150467,76.501373,-85.789467,214.09041
42.2,1,27,19.39258003234863,64.976692,77.238136,-86.407265,216.36066
42.3,1,27,19.39258003234863,65.802948,77.975113,-87.025459,218.63136
42.4,1,27,19.39258003234863,66.629181,78.712288,-87.644066,220.90244
42.5,1,27,19.39258003234863,67.455437,79.449669,-88.263046,223.17392
42.6,1,27,19.39258003234863,68.2817,80.187233,-88.882401,225.44579
42.7,1,27,19.39258003234863,69.107933,80.924988,-89.502136,227.71799
42.8,1,27,19.39258003234863,69.934189,81.662926,-90.122208,229.99059
42.9,1,27,19.39258003234863,70.760414,82.401031,-90.742638,232.26346
43,1,27,19.39258003234863,71.586678,83.13932,-91.363396,234.53676
43.1,1,27,19.39258003234863,72.412933,83.877769,-91.984482,236.81035
43.2,1,27,19.39258003234863,73.239388,84.616508,-92.605927,239.0847
43.3,1,27,19.39258003234863,74.065193,85.355026,-93.227577,241.35797
43.4,1,27,19.39258003234863,74.891655,86.094086,-93.84964,243.63297
43.5,1,27,19.39258003234863,75.717903,86.833153,-94.471954,245.90776
43.6,1,27,19.39258003234863,76.544182,87.572388,-95.094551,248.18291
43.7,1,27,19.39258003234863,77.370636,88.311882,-95.717476,250.45874
43.8,1,27,19.39258003234863,78.196426,89.051117,-96.340569,252.73341
43.9,1,27,19.39258003234863,79.022896,89.790901,-96.964035,255.00983
44,1,27,19.39258003234863,79.849152,90.530678,-97.587708,257.28601
44.1,1,27,19.39258003234863,80.6754,91.270576,-98.211639,259.56244
44.2,1,27,19.39258003234863,81.501648,92.010612,-98.835838,261.83914
44.3,1,27,19.39258003234863,82.327888,92.750763,-99.460258,264.11603
44.4,1,27,19.39258003234863,83.154137,93.491035,-100.08493,266.39319
44.5,1,27,19.39258003234863,83.980392,94.23143,-100.70982,268.67059
44.6,1,27,19.39258003234863,84.806648,94.971939,-101.33493,270.94821
44.7,1,27,19.39258003234863,85.632889,95.712563,-101.96028,273.22607
44.8,1,27,19.39258003234863,86.459129,96.453278,-102.58583,275.50409
44.9,1,27,19.39258003234863,87.28537,97.194122,-103.2116,277.78235
45,1,27,19.39258003234863,88.111626,97.935059,-103.83756,280.06082
45.1,1,27,19.39258003234863,88.937881,98.676102,-104.46372,282.33951
45.2,1,27,19.39258003234863,89.76413,99.417252,-105.0901,284.61835
45.3,1,27,19.39258003234863,90.590363,100.15848,-105.71665,286.89737
45.4,1,27,19.39258003234863,91.416611,100.89982,-106.34341,289.17661
45.5,1,27,19.39258003234863,92.242867,101.64125,-106.97032,291.45605
45.6,1,27,19.39258003234863,93.069122,102.38277,-107.59742,293.73566
45.7,1,27,19.39258003234863,93.895363,103.12438,-108.22472,296.01544
45.8,1,27,19.39258003234863,94.721603,103.86607,-108.85216,298.29538
45.9,1,27,19.39258003234863,95.547844,104.60786,-109.47979,300.57547
46,1,27,19.39258003234863,96.3741,105.34973,-110.10757,302.85577
46.1,1,27,19.39258003234863,97.200363,106.09168,-110.73551,305.13623
46.2,1,27,19.39258003234863,98.026604,106.83371,-111.36362,307.41684
46.3,1,27,19.39258003234863,98.852844,107.57581,-111.99187,309.69757
46.4,1,27,19.39258003234863,99.679085,108.318,-112.6203,311.97845
46.5,1,27,19.39258003234863,100.50534,109.06026,-113.24885,314.25952
46.6,1,27,19.39258003234863,101.3316,109.8026,-113.87755,316.54074
46.7,1,27,19.39258003234863,102.15784,110.54501,-114.5064,318.82208
46.8,1,27,19.39258003234863,102.98408,111.28748,-115.13538,321.10355
46.9,1,27,19.39258003234863,103.81032,112.03004,-115.76451,323.38516
47,1,27,19.39258003234863,104.63657,112.77265,-116.39376,325.6669
-20,2,27,26.4862174987793,-46.127048,50.451057,-145.00931,52.755207
-19.9,2,27,26.4862174987793,-46.028908,50.343716,-144.70078,52.64296
-19.8,2,27,26.4862174987793,-45.930763,50.23637,-144.39224,52.530716
-19.7,2,27,26.4862174987793,-45.832623,50.129032,-144.08371,52.418472
-19.6,2,27,26.4862174987793,-45.734478,50.021687,-143.77519,52.306225
-19.5,2,27,26.4862174987793,-45.636337,49.914345,-143.46666,52.193981
-19.4,2,27,26.4862174987793,-45.538193,49.807003,-143.15813,52.081734
-19.3,2,27,26.4862174987793,-45.440052,49.699657,-142.84959,51.96949
-19.2,2,27,26.4862174987793,-45.341908,49.592316,-142.54106,51.857246
-19.1,2,27,26.4862174987793,-45.243767,49.484974,-142.23253,51.745003
-19,2,27,26.4862174987793,-45.145622,49.377632,-141.924,51.632755
-18.9,2,27,26.4862174987793,-45.047482,49.270287,-141.61546,51.520512
-18.8,2,27,26.4862174987793,-44.949337,49.162945,-141.30693,51.408264
-18.7,2,27,26.4862174987793,-44.851196,49.055603,-140.99841,51.296021
-18.6,2,27,26.4862174987793,-44.753052,48.948261,-140.68988,51.183777
-18.5,2,27,26.4862174987793,-44.654911,48.840919,-140.38135,51.071529
-18.4,2,27,26.4862174987793,-44.556767,48.733574,-140.07281,50.959286
-18.3,2,27,26.4862174987793,-44.458622,48.626232,-139.76428,50.847038
-18.2,2,27,26.4862174987793,-44.360481,48.51889,-139.45576,50.734795
-18.1,2,27,26.4862174987793,-44.262341,48.411549,-139.14723,50.622551
-18,2,27,26.4862174987793,-44.164196,48.304203,-138.8387,50.510303
-17.9,2,27,26.4862174987793,-44.066051,48.196861,-138.53017,50.39806
-17.8,2,27,26.4862174987793,-43.967911,48.08952,-138.22163,50.285812
-17.7,2,27,26.4862174987793,-43.86977,47.982178,-137.9131,50.173569
-17.6,2,27,26.4862174987793,-43.771626,47.874832,-137.60458,50.061325
-17.5,2,27,26.4862174987793,-43.673485,47.76749,-137.29605,49.949078
-17.4,2,27,26.4862174987793,-43.57534,47.660149,-136.98752,49.836834
-17.3,2,27,26.4862174987793,-43.477196,47.552803,-136.67899,49.724586
-17.2,2,27,26.4862174987793,-43.379055,47.445465,-136.37045,49.612343
-17.1,2,27,26.4862174987793,-43.280914,47.33812,-136.06192,49.500099
-17,2,27,26.4862174987793,-43.18277,47.230778,-135.75339,49.387852
-16.9,2,27,26.4862174987793,-43.084625,47.123436,-135.44485,49.275608
-16.8,2,27,26.4862174987793,-42.986485,47.01609,-135.13632,49.163361
-16.7,2,27,26.4862174987793,-42.888344,46.908749,-134.8278,49.051117
-16.6,2,27,26.4862174987793,-42.790199,46.801407,-134.51927,48.938873
-16.5,2,27,26.4862174987793,-42.692055,46.694065,-134.21074,48.826626
-16.4,2,27,26.4862174987793,-42.593914,46.58672,-133.90221,48.714382
-16.3,2,27,26.4862174987793,-42.49577,46.479378,-133.59367,48.602135
-16.2,2,27,26.4862174987793,-42.397629,46.372036,-133.28516,48.489895
-16.1,2,27,26.4862174987793,-42.299488,46.264694,-132.97662,48.377647
-16,2,27,26.4862174987793,-42.201344,46.157352,-132.66809,48.265404
-15.9,2,27,26.4862174987793,-42.103199,46.050007,-132.35956,48.153156
-15.8,2,27,26.4862174987793,-42.005058,45.942665,-132.05103,48.040913
-15.7,2,27,26.4862174987793,-41.906914,45.835323,-131.74249,47.928665
-15.6,2,27,26.4862174987793,-41.808773,45.727982,-131.43398,47.816422
-15.5,2,27,26.4862174987793,-41.710629,45.620636,-131.12544,47.704178
-15.4,2,27,26.4862174987793,-41.612488,45.513294,-130.81691,47.59193
-15.3,2,27,26.4862174987793,-41.514343,45.405952,-130.50838,47.479687
-15.2,2,27,26.4862174987793,-41.416203,45.298611,-130.19984,47.367439
-15.1,2,27,26.4862174987793,-41.318058,45.191269,-129.89131,47.255196
-15,2,27,26.4862174987793,-41.219917,45.083923,-129.58278,47.142952
-14.9,2,27,26.4862174987793,-41.121773,44.976582,-129.27425,47.030704
-14.8,2,27,26.4862174987793,-41.023632,44.86924,-128.96573,46.918461
-14.7,2,27,26.4862174987793,-40.925488,44.761894,-128.6572,46.806213
-14.6,2,27,26.4862174987793,-40.827347,44.654552,-128.34866,46.69397
-14.5,2,27,26.4862174987793,-40.729202,44.547211,-128.04013,46.581726
-14.4,2,27,26.4862174987793,-40.631062,44.439869,-127.7316,46.469479
-14.3,2,27,26.4862174987793,-40.532917,44.332527,-127.42307,46.357235
-14.2,2,27,26.4862174987793,-40.434776,44.225182,-127.11454,46.244991
-14.1,2,27,26.4862174987793,-40.336632,44.11784,-126.80601,46.132744
-14,2,27,26.4862174987793,-40.238491,44.010498,-126.49748,46.0205
-13.9,2,27,26.4862174987793,-40.140347,43.903152,-126.18895,45.908253
-13.8,2,27,26.4862174987793,-40.042206,43.795811,-125.88042,45.796009
-13.7,2,27,26.4862174987793,-39.944061,43.688469,-125.57188,45.683765
-13.6,2,27,26.4862174987793,-39.845921,43.581127,-125.26336,45.571518
-13.5,2,27,26.4862174987793,-39.747776,43.473785,-124.95483,45.459274
-13.4,2,27,26.4862174987793,-39.649635,43.36644,-124.64629,45.347027
-13.3,2,27,26.4862174987793,-39.551491,43.259098,-124.33777,45.234783
-13.2,2,27,26.4862174987793,-39.45335,43.151756,-124.02924,45.12254
-13.1,2,27,26.4862174987793,-39.355206,43.044415,-123.7207,45.010292
-13,2,27,26.4862174987793,-39.257065,42.937069,-123.41218,44.898048
-12.9,2,27,26.4862174987793,-39.15892,42.829727,-123.10365,44.785801
-12.8,2,27,26.4862174987793,-39.06078,42.722385,-122.79511,44.673557
-12.7,2,27,26.4862174987793,-38.962635,42.615044,-122.48658,44.561314
-12.6,2,27,26.4862174987793,-38.864494,42.507702,-122.17805,44.44907
-12.5,2,27,26.4862174987793,-38.76635,42.400356,-121.86952,44.336823
-12.4,2,27,26.4862174987793,-38.668205,42.293015,-121.56099,44.224579
-12.3,2,27,26.4862174987793,-38.570065,42.185673,-121.25246,44.112331
-12.2,2,27,26.4862174987793,-38.471924,42.078327,-120.94393,44.000088
-12.1,2,27,26.4862174987793,-38.373779,41.970985,-120.6354,43.887844
-12,2,27,26.4862174987793,-38.275639,41.863644,-120.32687,43.775597
-11.9,2,27,26.4862174987793,-38.177494,41.756302,-120.01834,43.663353
-11.8,2,27,26.4862174987793,-38.079353,41.64896,-119.70981,43.551105
-11.7,2,27,26.4862174987793,-37.981209,41.541615,-119.40128,43.438862
-11.6,2,27,26.4862174987793,-37.883068,41.434273,-119.09275,43.326618
-11.5,2,27,26.4862174987793,-37.784924,41.326931,-118.78422,43.214371
-11.4,2,27,26.4862174987793,-37.686779,41.219585,-118.47569,43.102127
-11.3,2,27,26.4862174987793,-37.588638,41.112244,-118.16716,42.98988
-11.2,2,27,26.4862174987793,-37.490494,41.004902,-117.85863,42.877636
-11.1,2,27,26.4862174987793,-37.392353,40.89756,-117.55009,42.765392
-11,2,27,26.4862174987793,-37.294209,40.790218,-117.24157,42.653145
-10.9,2,27,26.4862174987793,-37.196068,40.682873,-116.93304,42.540901
-10.8,2,27,26.4862174987793,-37.097923,40.575531,-116.6245,42.428658
-10.7,2,27,26.4862174987793,-36.999783,40.468189,-116.31597,42.31641
-10.6,2,27,26.4862174987793,-36.901642,40.360847,-116.00745,42.204166
-10.5,2,27,26.4862174987793,-36.803497,40.253502,-115.69891,42.091919
-10.4,2,27,26.4862174987793,-36.705353,40.14616,-115.39038,41.979675
-10.3,2,27,26.4862174987793,-36.607212,40.038818,-115.08186,41.867432
-10.2,2,27,26.4862174987793,-36.509068,39.931477,-114.77332,41.755184
-10.1,2,27,26.4862174987793,-36.410927,39.824135,-114.46479,41.642941
-10,2,27,26.4862174987793,-36.312782,39.716789,-114.15627,41.530693
-9.9,2,27,26.4862174987793,-36.214642,39.609447,-113.84773,41.418449
-9.800000000000001,2,27,26.4862174987793,-36.116497,39.502106,-113.5392,41.306206
-9.699999999999999,2,27,26.4862174987793,-36.018356,39.39476,-113.23067,41.193958
-9.6,2,27,26.4862174987793,-35.920212,39.287418,-112.92214,41.081715
-9.5,2,27,26.4862174987793,-35.822071,39.180077,-112.61361,40.969467
-9.4,2,27,26.4862174987793,-35.723927,39.072735,-112.30508,40.857224
-9.300000000000001,2,27,26.4862174987793,-35.625786,38.965393,-111.99655,40.74498
-9.199999999999999,2,27,26.4862174987793,-35.527641,38.858047,-111.68802,40.632732
-9.1,2,27,26.4862174987793,-35.429501,38.750706,-111.37949,40.520489
-9,2,27,26.4862174987793,-35.331356,38.643364,-111.07096,40.408245
-8.9,2,27,26.4862174987793,-35.233215,38.536022,-110.76243,40.295998
-8.800000000000001,2,27,26.4862174987793,-35.135071,38.428677,-110.4539,40.183754
-8.699999999999999,2,27,26.4862174987793,-35.03693,38.321335,-110.14536,40.071507
-8.6,2,27,26.4862174987793,-34.938786,38.213993,-109.83684,39.959263
-8.5,2,27,26.4862174987793,-34.840645,38.106651,-109.52831,39.847019
-8.4,2,27,26.4862174987793,-34.7425,37.999306,-109.21977,39.734772
-8.300000000000001,2,27,26.4862174987793,-34.64436,37.891964,-108.91125,39.622528
-8.199999999999999,2,27,26.4862174987793,-34.546215,37.784622,-108.60271,39.510281
-8.1,2,27,26.4862174987793,-34.448074,37.67728,-108.29418,39.398037
-8,2,27,26.4862174987793,-34.34993,37.569935,-107.98566,39.285793
-7.9,2,27,26.4862174987793,-34.251789,37.462593,-107.67712,39.173546
-7.8,2,27,26.4862174987793,-34.153645,37.355251,-107.36859,39.061302
-7.7,2,27,26.4862174987793,-34.055504,37.24791,-107.06006,38.949059
-7.6,2,27,26.4862174987793,-33.957359,37.140564,-106.75153,38.836811
-7.5,2,27,26.4862174987793,-33.859219,37.033222,-106.443,38.724567
-7.4,2,27,26.4862174987793,-33.761074,36.92588,-106.13447,38.61232
-7.3,2,27,26.4862174987793,-33.662933,36.818539,-105.82594,38.500076
-7.2,2,27,26.4862174987793,-33.564789,36.711197,-105.51741,38.387833
-7.1,2,27,26.4862174987793,-33.466648,36.603851,-105.20888,38.275585
-7,2,27,26.4862174987793,-33.368504,36.49651,-104.90035,38.163342
-6.9,2,27,26.4862174987793,-33.270363,36.389168,-104.59182,38.051098
-6.8,2,27,26.4862174987793,-33.172218,36.281826,-104.28329,37.93885
-6.7,2,27,26.4862174987793,-33.074078,36.17448,-103.97475,37.826607
-6.6,2,27,26.4862174987793,-32.975933,36.067139,-103.66623,37.714359
-6.5,2,27,26.4862174987793,-32.877792,35.959797,-103.3577,37.602116
-6.4,2,27,26.4862174987793,-32.779648,35.852455,-103.04916,37.489872
-6.3,2,27,26.4862174987793,-32.681507,35.74511,-102.74064,37.377625
-6.2,2,27,26.4862174987793,-32.583363,35.637768,-102.43211,37.265381
-6.1,2,27,26.4862174987793,-32.485218,35.530426,-102.12357,37.153133
-6,2,27,26.4862174987793,-32.387077,35.423084,-101.81505,37.04089
-5.9,2,27,26.4862174987793,-32.288937,35.315739,-101.50652,36.928646
-5.8,2,27,26.4862174987793,-32.190792,35.208397,-101.19798,36.816399
-5.7,2,27,26.4862174987793,-32.092648,35.101055,-100.88945,36.704155
-5.6,2,27,26.4862174987793,-31.994507,34.993713,-100.58092,36.591908
-5.5,2,27,26.4862174987793,-31.896364,34.886372,-100.27239,36.479664
-5.4,2,27,26.4862174987793,-31.798222,34.779026,-99.96386,36.36742
-5.3,2,27,26.4862174987793,-31.700079,34.671684,-99.655334,36.255173
-5.2,2,27,26.4862174987793,-31.601936,34.564342,-99.346802,36.142929
-5.1,2,27,26.4862174987793,-31.503794,34.457001,-99.038269,36.030685
-5,2,27,26.4862174987793,-31.405651,34.349655,-98.729736,35.918438
-4.9,2,27,26.4862174987793,-31.307508,34.242313,-98.421211,35.806194
-4.8,2,27,26.4862174987793,-31.209366,34.134972,-98.112679,35.693947
-4.7,2,27,26.4862174987793,-31.111223,34.02763,-97.804146,35.581703
-4.6,2,27,26.4862174987793,-31.013081,33.920284,-97.495621,35.46946
-4.5,2,27,26.4862174987793,-30.914938,33.812943,-97.187088,35.357212
-4.4,2,27,26.4862174987793,-30.816795,33.705601,-96.878555,35.244968
-4.3,2,27,26.4862174987793,-30.718653,33.598259,-96.57003,35.132725
-4.2,2,27,26.4862174987793,-30.62051,33.490913,-96.261497,35.020477
-4.1,2,27,26.4862174987793,-30.522367,33.383572,-95.952965,34.908234
-4,2,27,26.4862174987793,-30.424225,33.27623,-95.644432,34.795986
-3.9,2,27,26.4862174987793,-30.326082,33.168888,-95.335907,34.683743
-3.8,2,27,26.4862174987793,-30.22794,33.061543,-95.027374,34.571499
-3.7,2,27,26.4862174987793,-30.129797,32.954201,-94.718842,34.459251
-3.6,2,27,26.4862174987793,-30.031654,32.846859,-94.410316,34.347008
-3.5,2,27,26.4862174987793,-29.933512,32.739517,-94.101784,34.23476
-3.4,2,27,26.4862174987793,-29.835369,32.632175,-93.793251,34.122517
-3.3,2,27,26.4862174987793,-29.737225,32.52483,-93.484726,34.010273
-3.2,2,27,26.4862174987793,-29.639084,32.417488,-93.176193,33.898026
-3.1,2,27,26.4862174987793,-29.540939,32.310146,-92.867661,33.785782
-3,2,27,26.4862174987793,-29.442797,32.202805,-92.559128,33.673534
-2.9,2,27,26.4862174987793,-29.344654,32.095459,-92.250603,33.561291
-2.8,2,27,26.4862174987793,-29.246511,31.988117,-91.94207,33.449047
-2.7,2,27,26.4862174987793,-29.148369,31.880775,-91.633537,33.3368
-2.6,2,27,26.4862174987793,-29.050226,31.773432,-91.325012,33.224556
-2.5,2,27,26.4862174987793,-28.952084,31.66609,-91.016479,33.112312
-2.4,2,27,26.4862174987793,-28.853941,31.558746,-90.707947,33.000065
-2.3,2,27,26.4862174987793,-28.755798,31.451405,-90.399422,32.887821
-2.2,2,27,26.4862174987793,-28.657656,31.344061,-90.090889,32.775574
-2.1,2,27,26.4862174987793,-28.559513,31.236719,-89.782356,32.66333
-2,2,27,26.4862174987793,-28.46137,31.129375,-89.473824,32.551086
-1.9,2,27,26.4862174987793,-28.363228,31.022034,-89.165298,32.438839
-1.8,2,27,26.4862174987793,-28.265085,30.91469,-88.856766,32.326595
-1.7,2,27,26.4862174987793,-28.166943,30.807348,-88.548233,32.214348
-1.6,2,27,26.4862174987793,-28.0688,30.700005,-88.239708,32.102104
-1.5,2,27,26.4862174987793,-27.970657,30.592663,-87.931175,31.989859
-1.4,2,27,26.4862174987793,-27.872515,30.485319,-87.622643,31.877615
-1.3,2,27,26.4862174987793,-27.774372,30.377977,-87.314117,31.765369
-1.2,2,27,26.4862174987793,-27.676229,30.270636,-87.005585,31.653124
-1.1,2,27,26.4862174987793,-27.578087,30.163292,-86.697052,31.540878
-1,2,27,26.4862174987793,-27.479944,30.05595,-86.388519,31.428635
-.9,2,27,26.4862174987793,-27.381802,29.948606,-86.079994,31.316389
-.8,2,27,26.4862174987793,-27.283659,29.841265,-85.771461,31.204144
-.7,2,27,26.4862174987793,-27.185516,29.733921,-85.462929,31.091898
-.6,2,27,26.4862174987793,-27.087374,29.626579,-85.154404,30.979652
-.5,2,27,26.4862174987793,-26.989231,29.519236,-84.845871,30.867409
-.4,2,27,26.4862174987793,-26.891088,29.411894,-84.537338,30.755163
-.3,2,27,26.4862174987793,-26.792946,29.30455,-84.228813,30.642918
-.2,2,27,26.4862174987793,-26.694803,29.197208,-83.92028,30.530672
-.1,2,27,26.4862174987793,-26.596661,29.089865,-83.611748,30.418428
0,2,27,26.4862174987793,-26.498518,28.982523,-83.303215,30.306183
.1,2,27,26.4862174987793,-26.400375,28.875179,-82.99469,30.193937
.2,2,27,26.4862174987793,-26.302233,28.767838,-82.686157,30.081692
.3,2,27,26.4862174987793,-26.20409,28.660494,-82.377625,29.969448
.4,2,27,26.4862174987793,-26.105947,28.553152,-82.069099,29.857203
.5,2,27,26.4862174987793,-26.007805,28.445808,-81.760567,29.744957
.6,2,27,26.4862174987793,-25.909662,28.338467,-81.452034,29.632711
.7,2,27,26.4862174987793,-25.81152,28.231123,-81.143509,29.520466
.8,2,27,26.4862174987793,-25.713377,28.123781,-80.834976,29.408222
.9,2,27,26.4862174987793,-25.615234,28.016439,-80.526443,29.295977
1,2,27,26.4862174987793,-25.517092,27.909096,-80.217911,29.183731
1.1,2,27,26.4862174987793,-25.418949,27.801754,-79.909386,29.071486
1.2,2,27,26.4862174987793,-25.320807,27.69441,-79.600853,28.959242
1.3,2,27,26.4862174987793,-25.222664,27.587069,-79.29232,28.846996
1.4,2,27,26.4862174987793,-25.124521,27.479725,-78.983795,28.734751
1.5,2,27,26.4862174987793,-25.026379,27.372383,-78.675262,28.622505
1.6,2,27,26.4862174987793,-24.928236,27.265039,-78.36673,28.510262
1.7,2,27,26.4862174987793,-24.830093,27.157698,-78.058197,28.398016
1.8,2,27,26.4862174987793,-24.731951,27.050354,-77.749672,28.28577
1.9,2,27,26.4862174987793,-24.633808,26.943012,-77.441139,28.173525
2,2,27,26.4862174987793,-24.535666,26.835669,-77.132607,28.061279
2.1,2,27,26.4862174987793,-24.437523,26.728327,-76.824081,27.949036
2.2,2,27,26.4862174987793,-24.339378,26.620983,-76.515549,27.83679
2.3,2,27,26.4862174987793,-24.241238,26.513641,-76.207016,27.724545
2.4,2,27,26.4862174987793,-24.143093,26.406298,-75.898491,27.612299
2.5,2,27,26.4862174987793,-24.04495,26.298956,-75.589958,27.500055
2.6,2,27,26.4862174987793,-23.946808,26.191612,-75.281425,27.38781
2.7,2,27,26.4862174987793,-23.848665,26.08427,-74.972893,27.275564
2.8,2,27,26.4862174987793,-23.750523,25.976927,-74.664368,27.163319
2.9,2,27,26.4862174987793,-23.65238,25.869585,-74.355835,27.051073
3,2,27,26.4862174987793,-23.554237,25.762241,-74.047302,26.938829
3.1,2,27,26.4862174987793,-23.456095,25.6549,-73.738777,26.826584
3.2,2,27,26.4862174987793,-23.357952,25.547556,-73.430244,26.714338
3.3,2,27,26.4862174987793,-23.259809,25.440214,-73.121712,26.602093
3.4,2,27,26.4862174987793,-23.161667,25.332872,-72.813187,26.489849
3.5,2,27,26.4862174987793,-23.063524,25.225529,-72.504654,26.377604
3.6,2,27,26.4862174987793,-22.965382,25.118187,-72.196121,26.265358
3.7,2,27,26.4862174987793,-22.867239,25.010843,-71.887589,26.153112
3.8,2,27,26.4862174987793,-22.769096,24.903502,-71.579063,26.040869
3.9,2,27,26.4862174987793,-22.670954,24.796158,-71.270531,25.928623
4,2,27,26.4862174987793,-22.572811,24.688816,-70.961998,25.816378
4.1,2,27,26.4862174987793,-22.474669,24.581472,-70.653473,25.704132
4.2,2,27,26.4862174987793,-22.376526,24.474131,-70.34494,25.591888
4.3,2,27,26.4862174987793,-22.278383,24.366787,-70.036407,25.479643
4.4,2,27,26.4862174987793,-22.180241,24.259445,-69.727882,25.367397
4.5,2,27,26.4862174987793,-22.082098,24.152102,-69.41935,25.255152
4.6,2,27,26.4862174987793,-21.983955,24.04476,-69.110817,25.142908
4.7,2,27,26.4862174987793,-21.885813,23.937416,-68.802292,25.030663
4.8,2,27,26.4862174987793,-21.78767,23.830074,-68.493759,24.918417
4.9,2,27,26.4862174987793,-21.689528,23.722731,-68.185226,24.806171
5,2,27,26.4862174987793,-21.591385,23.615389,-67.876694,24.693926
5.1,2,27,26.4862174987793,-21.493242,23.508047,-67.568169,24.581682
5.2,2,27,26.4862174987793,-21.3951,23.400703,-67.259636,24.469437
5.3,2,27,26.4862174987793,-21.296957,23.29336,-66.951103,24.357191
5.4,2,27,26.4862174987793,-21.198814,23.186018,-66.64257,24.244946
5.5,2,27,26.4862174987793,-21.100672,23.078676,-66.334045,24.132702
5.6,2,27,26.4862174987793,-21.002529,22.971333,-66.025513,24.020456
5.7,2,27,26.4862174987793,-20.904387,22.863991,-65.716988,23.908211
5.8,2,27,26.4862174987793,-20.806244,22.756647,-65.408455,23.795965
5.9,2,27,26.4862174987793,-20.708101,22.649305,-65.099922,23.68372
6,2,27,26.4862174987793,-20.609959,22.541962,-64.791389,23.571476
6.1,2,27,26.4862174987793,-20.511816,22.43462,-64.482864,23.45923
6.2,2,27,26.4862174987793,-20.413673,22.327276,-64.174332,23.346985
6.3,2,27,26.4862174987793,-20.315531,22.219934,-63.865799,23.234739
6.4,2,27,26.4862174987793,-20.217388,22.112591,-63.55727,23.122496
6.5,2,27,26.4862174987793,-20.119246,22.005249,-63.248741,23.01025
6.6,2,27,26.4862174987793,-20.021103,21.897905,-62.940208,22.898005
6.7,2,27,26.4862174987793,-19.92296,21.790564,-62.63168,22.785759
6.8,2,27,26.4862174987793,-19.824818,21.68322,-62.323147,22.673513
6.9,2,27,26.4862174987793,-19.726675,21.575878,-62.014618,22.56127
7,2,27,26.4862174987793,-19.628532,21.468534,-61.706089,22.449024
7.1,2,27,26.4862174987793,-19.53039,21.361193,-61.397556,22.336779
7.2,2,27,26.4862174987793,-19.432247,21.253851,-61.089027,22.224535
7.3,2,27,26.4862174987793,-19.334103,21.146507,-60.780495,22.112289
7.4,2,27,26.4862174987793,-19.235962,21.039164,-60.471966,22.000044
7.5,2,27,26.4862174987793,-19.137819,20.931822,-60.163437,21.887798
7.6,2,27,26.4862174987793,-19.039677,20.82448,-59.854904,21.775553
7.7,2,27,26.4862174987793,-18.941534,20.717136,-59.546375,21.663309
7.8,2,27,26.4862174987793,-18.84339,20.609793,-59.237843,21.551064
7.9,2,27,26.4862174987793,-18.745247,20.502451,-58.929314,21.438818
8,2,27,26.4862174987793,-18.647104,20.395109,-58.620785,21.326572
8.1,2,27,26.4862174987793,-18.548962,20.287766,-58.312252,21.214327
8.199999999999999,2,27,26.4862174987793,-18.450821,20.180424,-58.003723,21.102083
8.300000000000001,2,27,26.4862174987793,-18.352676,20.07308,-57.69519,20.989838
8.4,2,27,26.4862174987793,-18.254536,19.965738,-57.386662,20.877592
8.5,2,27,26.4862174987793,-18.156391,19.858395,-57.078133,20.765347
8.6,2,27,26.4862174987793,-18.058249,19.751053,-56.7696,20.653101
8.699999999999999,2,27,26.4862174987793,-17.960106,19.643709,-56.461071,20.540857
8.800000000000001,2,27,26.4862174987793,-17.861963,19.536367,-56.152538,20.428612
8.9,2,27,26.4862174987793,-17.763821,19.429026,-55.844009,20.316368
9,2,27,26.4862174987793,-17.665678,19.321682,-55.53548,20.204123
9.1,2,27,26.4862174987793,-17.567535,19.214338,-55.226948,20.091877
9.199999999999999,2,27,26.4862174987793,-17.469393,19.106997,-54.918419,19.979631
9.300000000000001,2,27,26.4862174987793,-17.37125,18.999653,-54.609886,19.867386
9.4,2,27,26.4862174987793,-17.273108,18.892311,-54.301357,19.755142
9.5,2,27,26.4862174987793,-17.174965,18.784967,-53.992828,19.642897
9.6,2,27,26.4862174987793,-17.076822,18.677626,-53.684296,19.530651
9.699999999999999,2,27,26.4862174987793,-16.97868,18.570284,-53.375767,19.418406
9.800000000000001,2,27,26.4862174987793,-16.880537,18.46294,-53.067234,19.30616
9.9,2,27,26.4862174987793,-16.782394,18.355598,-52.758705,19.193916
10,2,27,26.4862174987793,-16.684252,18.248255,-52.450176,19.081671
10.1,2,27,26.4862174987793,-16.586109,18.140911,-52.141644,18.969425
10.2,2,27,26.4862174987793,-16.487967,18.033569,-51.833115,18.85718
10.3,2,27,26.4862174987793,-16.389824,17.926228,-51.524582,18.744934
10.4,2,27,26.4862174987793,-16.291681,17.818884,-51.216053,18.63269
10.5,2,27,26.4862174987793,-16.193539,17.711542,-50.907524,18.520445
10.6,2,27,26.4862174987793,-16.095396,17.604198,-50.598991,18.408199
10.7,2,27,26.4862174987793,-15.997253,17.496857,-50.290462,18.295956
10.8,2,27,26.4862174987793,-15.899111,17.389513,-49.98193,18.18371
10.9,2,27,26.4862174987793,-15.800968,17.282171,-49.673401,18.071465
11,2,27,26.4862174987793,-15.702826,17.174828,-49.364868,17.959219
11.1,2,27,26.4862174987793,-15.604682,17.067486,-49.056339,17.846973
11.2,2,27,26.4862174987793,-15.50654,16.960142,-48.74781,17.73473
11.3,2,27,26.4862174987793,-15.408398,16.8528,-48.439278,17.622484
11.4,2,27,26.4862174987793,-15.310255,16.745459,-48.130749,17.510239
11.5,2,27,26.4862174987793,-15.212112,16.638115,-47.822216,17.397993
11.6,2,27,26.4862174987793,-15.113969,16.530771,-47.513687,17.285748
11.7,2,27,26.4862174987793,-15.015827,16.423429,-47.205158,17.173504
11.8,2,27,26.4862174987793,-14.917684,16.316086,-46.896626,17.061258
11.9,2,27,26.4862174987793,-14.819542,16.208744,-46.588097,16.949013
12,2,27,26.4862174987793,-14.721398,16.101402,-46.279564,16.836767
12.1,2,27,26.4862174987793,-14.623256,15.994059,-45.971035,16.724522
12.2,2,27,26.4862174987793,-14.525114,15.886716,-45.662506,16.612278
12.3,2,27,26.4862174987793,-14.42697,15.779373,-45.353973,16.500032
12.4,2,27,26.4862174987793,-14.328829,15.672031,-45.045444,16.387789
12.5,2,27,26.4862174987793,-14.230685,15.564688,-44.736912,16.275543
12.6,2,27,26.4862174987793,-14.132543,15.457345,-44.428383,16.163298
12.7,2,27,26.4862174987793,-14.0344,15.350003,-44.119854,16.051052
12.8,2,27,26.4862174987793,-13.936257,15.24266,-43.811321,15.938807
12.9,2,27,26.4862174987793,-13.838116,15.135318,-43.502792,15.826563
13,2,27,26.4862174987793,-13.739972,15.027975,-43.19426,15.714317
13.1,2,27,26.4862174987793,-13.641829,14.920631,-42.885731,15.602072
13.2,2,27,26.4862174987793,-13.543687,14.81329,-42.577202,15.489827
13.3,2,27,26.4862174987793,-13.445544,14.705946,-42.268669,15.377582
13.4,2,27,26.4862174987793,-13.347402,14.598604,-41.96014,15.265337
13.5,2,27,26.4862174987793,-13.249259,14.491261,-41.651608,15.153091
13.6,2,27,26.4862174987793,-13.151115,14.383918,-41.343079,15.040846
13.7,2,27,26.4862174987793,-13.052974,14.276576,-41.03455,14.928601
13.8,2,27,26.4862174987793,-12.954831,14.169233,-40.726017,14.816356
13.9,2,27,26.4862174987793,-12.856688,14.061891,-40.417488,14.704111
14,2,27,26.4862174987793,-12.758546,13.954548,-40.108955,14.591866
14.1,2,27,26.4862174987793,-12.660402,13.847205,-39.800426,14.47962
14.2,2,27,26.4862174987793,-12.562261,13.739862,-39.491898,14.367375
14.3,2,27,26.4862174987793,-12.464117,13.63252,-39.183365,14.25513
14.4,2,27,26.4862174987793,-12.365975,13.525178,-38.874836,14.142885
14.5,2,27,26.4862174987793,-12.267833,13.417834,-38.566303,14.03064
14.6,2,27,26.4862174987793,-12.169689,13.310492,-38.257774,13.918394
14.7,2,27,26.4862174987793,-12.071548,13.20315,-37.949245,13.80615
14.8,2,27,26.4862174987793,-11.973404,13.095806,-37.640713,13.693905
14.9,2,27,26.4862174987793,-11.875262,12.988464,-37.332184,13.58166
15,2,27,26.4862174987793,-11.777119,12.881121,-37.023651,13.469415
15.1,2,27,26.4862174987793,-11.678976,12.773778,-36.715122,13.357169
15.2,2,27,26.4862174987793,-11.580833,12.666436,-36.406593,13.244925
15.3,2,27,26.4862174987793,-11.482691,12.559093,-36.098061,13.132679
15.4,2,27,26.4862174987793,-11.384549,12.451751,-35.789532,13.020434
15.5,2,27,26.4862174987793,-11.286406,12.344408,-35.480999,12.908189
15.6,2,27,26.4862174987793,-11.188263,12.237064,-35.17247,12.795943
15.7,2,27,26.4862174987793,-11.09012,12.129723,-34.863941,12.683699
15.8,2,27,26.4862174987793,-10.991978,12.02238,-34.555408,12.571453
15.9,2,27,26.4862174987793,-10.893835,11.915037,-34.24688,12.459208
16,2,27,26.4862174987793,-10.795692,11.807694,-33.938347,12.346963
16.1,2,27,26.4862174987793,-10.69755,11.700352,-33.629818,12.234717
16.2,2,27,26.4862174987793,-10.599406,11.593008,-33.321285,12.122472
16.3,2,27,26.4862174987793,-10.501266,11.485667,-33.01276,12.010229
16.4,2,27,26.4862174987793,-10.403122,11.378325,-32.704227,11.897984
16.5,2,27,26.4862174987793,-10.304979,11.270981,-32.395695,11.785738
16.6,2,27,26.4862174987793,-10.206836,11.163638,-32.087166,11.673492
16.7,2,27,26.4862174987793,-10.108693,11.056294,-31.778633,11.561247
16.8,2,27,26.4862174987793,-10.010551,10.948954,-31.470106,11.449003
16.9,2,27,26.4862174987793,-9.9124088,10.841611,-31.161575,11.336758
17,2,27,26.4862174987793,-9.8142662,10.734267,-30.853045,11.224512
17.1,2,27,26.4862174987793,-9.7161226,10.626925,-30.544512,11.112267
17.2,2,27,26.4862174987793,-9.61798,10.519582,-30.235981,11.000021
17.3,2,27,26.4862174987793,-9.5198383,10.41224,-29.927454,10.887777
17.4,2,27,26.4862174987793,-9.4216957,10.304897,-29.618923,10.775532
17.5,2,27,26.4862174987793,-9.3235521,10.197555,-29.310392,10.663286
17.6,2,27,26.4862174987793,-9.2254095,10.090211,-29.00186,10.551041
17.7,2,27,26.4862174987793,-9.1272669,9.9828682,-28.693329,10.438795
17.8,2,27,26.4862174987793,-9.0291252,9.8755274,-28.384802,10.326552
17.9,2,27,26.4862174987793,-8.9309826,9.7681837,-28.076271,10.214307
18,2,27,26.4862174987793,-8.832839,9.660841,-27.76774,10.102061
18.1,2,27,26.4862174987793,-8.7346964,9.5534973,-27.459208,9.9898157
18.2,2,27,26.4862174987793,-8.6365528,9.4461546,-27.150677,9.8775702
18.3,2,27,26.4862174987793,-8.5384121,9.3388138,-26.84215,9.7653265
18.4,2,27,26.4862174987793,-8.4402695,9.2314701,-26.533619,9.6530809
18.5,2,27,26.4862174987793,-8.3421259,9.1241274,-26.225088,9.5408354
18.6,2,27,26.4862174987793,-8.2439833,9.0167847,-25.916555,9.4285898
18.7,2,27,26.4862174987793,-8.1458397,8.909441,-25.608025,9.3163443
18.8,2,27,26.4862174987793,-8.047699,8.8021002,-25.299498,9.2041006
18.9,2,27,26.4862174987793,-7.9495559,8.6947575,-24.990967,9.091855
19,2,27,26.4862174987793,-7.8514128,8.5874138,-24.682434,8.9796095
19.1,2,27,26.4862174987793,-7.7532697,8.4800711,-24.373903,8.8673639
19.2,2,27,26.4862174987793,-7.6551266,8.3727283,-24.065372,8.7551184
19.3,2,27,26.4862174987793,-7.5569854,8.2653866,-23.756845,8.6428747
19.4,2,27,26.4862174987793,-7.4588423,8.1580439,-23.448315,8.5306292
19.5,2,27,26.4862174987793,-7.3606992,8.0507011,-23.139782,8.4183836
19.6,2,27,26.4862174987793,-7.2625566,7.9433575,-22.831251,8.306138
19.7,2,27,26.4862174987793,-7.1644135,7.8360147,-22.52272,8.1938925
19.8,2,27,26.4862174987793,-7.0662723,7.7286735,-22.214193,8.0816498
19.9,2,27,26.4862174987793,-6.9681292,7.6213303,-21.905663,7.9694042
20,2,27,26.4862174987793,-6.8699861,7.5139875,-21.59713,7.8571587
20.1,2,27,26.4862174987793,-6.771843,7.4066443,-21.288599,7.7449131
20.2,2,27,26.4862174987793,-6.6736999,7.2993011,-20.980068,7.6326675
20.3,2,27,26.4862174987793,-6.5755587,7.1919603,-20.671541,7.5204239
20.4,2,27,26.4862174987793,-6.477416,7.0846171,-20.36301,7.4081783
20.5,2,27,26.4862174987793,-6.3792729,6.9772739,-20.054478,7.2959328
20.6,2,27,26.4862174987793,-6.2811298,6.8699307,-19.745947,7.1836872
20.7,2,27,26.4862174987793,-6.1829867,6.7625875,-19.437416,7.0714417
20.8,2,27,26.4862174987793,-6.0848455,6.6552467,-19.128889,6.9591985
20.9,2,27,26.4862174987793,-5.9867024,6.5479035,-18.820358,6.8469529
21,2,27,26.4862174987793,-5.8885593,6.4405603,-18.511826,6.7347074
21.1,2,27,26.4862174987793,-5.7904162,6.3332176,-18.203295,6.6224618
21.2,2,27,26.4862174987793,-5.6922736,6.2258744,-17.894764,6.5102162
21.3,2,27,26.4862174987793,-5.5941324,6.1185331,-17.586237,6.3979726
21.4,2,27,26.4862174987793,-5.4959893,6.0111904,-17.277706,6.285727
21.5,2,27,26.4862174987793,-5.3978462,5.9038472,-16.969173,6.1734815
21.6,2,27,26.4862174987793,-5.2997031,5.796504,-16.660643,6.0612359
21.7,2,27,26.4862174987793,-5.20156,5.6891608,-16.35211,5.9489903
21.8,2,27,26.4862174987793,-5.1034188,5.58182,-16.043585,5.8367472
21.9,2,27,26.4862174987793,-5.0052757,5.4744768,-15.735053,5.7245016
22,2,27,26.4862174987793,-4.9071331,5.3671336,-15.426522,5.6122561
22.1,2,27,26.4862174987793,-4.80899,5.2597909,-15.11799,5.5000105
22.2,2,27,26.4862174987793,-4.7108469,5.1524477,-14.809459,5.3877649
22.3,2,27,26.4862174987793,-4.6127057,5.0451064,-14.500933,5.2755218
22.4,2,27,26.4862174987793,-4.5145626,4.9377637,-14.192401,5.1632762
22.5,2,27,26.4862174987793,-4.4164195,4.8304205,-13.88387,5.0510306
22.6,2,27,26.4862174987793,-4.3182764,4.7230773,-13.575338,4.9387851
22.7,2,27,26.4862174987793,-4.2201338,4.6157341,-13.266807,4.8265395
22.8,2,27,26.4862174987793,-4.1219926,4.5083933,-12.958281,4.7142959
22.9,2,27,26.4862174987793,-4.0238495,4.4010501,-12.649749,4.6020503
23,2,27,26.4862174987793,-3.9257064,4.2937069,-12.341217,4.4898047
23.1,2,27,26.4862174987793,-3.8275633,4.1863642,-12.032686,4.3775592
23.2,2,27,26.4862174987793,-3.7294202,4.079021,-11.724154,4.2653136
23.3,2,27,26.4862174987793,-3.6312792,3.9716799,-11.415628,4.1530704
23.4,2,27,26.4862174987793,-3.5331361,3.8643367,-11.107097,4.0408249
23.5,2,27,26.4862174987793,-3.434993,3.7569938,-10.798565,3.9285793
23.6,2,27,26.4862174987793,-3.3368499,3.6496506,-10.490034,3.8163338
23.7,2,27,26.4862174987793,-3.2387071,3.5423074,-10.181502,3.7040882
23.8,2,27,26.4862174987793,-3.1405659,3.4349666,-9.8729763,3.5918448
23.9,2,27,26.4862174987793,-3.0424228,3.3276234,-9.5644445,3.4795992
24,2,27,26.4862174987793,-2.9442797,3.2202802,-9.2559128,3.3673537
24.1,2,27,26.4862174987793,-2.8461368,3.1129372,-8.947382,3.2551081
24.2,2,27,26.4862174987793,-2.7479937,3.005594,-8.6388502,3.1428626
24.3,2,27,26.4862174987793,-2.6498525,2.898253,-8.3303242,3.0306191
24.4,2,27,26.4862174987793,-2.5517094,2.79091,-8.0217924,2.9183736
24.5,2,27,26.4862174987793,-2.4535666,2.6835668,-7.7132611,2.806128
24.6,2,27,26.4862174987793,-2.3554235,2.5762239,-7.4047294,2.6938825
24.7,2,27,26.4862174987793,-2.2572803,2.4688807,-7.0961976,2.5816369
24.8,2,27,26.4862174987793,-2.1591392,2.3615396,-6.787672,2.4693935
24.9,2,27,26.4862174987793,-2.0609963,2.2541966,-6.4791403,2.3571479
25,2,27,26.4862174987793,-1.9628532,2.1468534,-6.1706085,2.2449024
25.1,2,27,26.4862174987793,-1.8647101,2.0395105,-5.8620772,2.1326568
25.2,2,27,26.4862174987793,-1.7665671,1.9321673,-5.5535455,2.0204113
25.3,2,27,26.4862174987793,-1.6684259,1.8248264,-5.2450199,1.908168
25.4,2,27,26.4862174987793,-1.5702829,1.7174833,-4.9364882,1.7959224
25.5,2,27,26.4862174987793,-1.4721398,1.6101401,-4.6279564,1.6836768
25.6,2,27,26.4862174987793,-1.3739969,1.502797,-4.3194251,1.5714313
25.7,2,27,26.4862174987793,-1.2758538,1.3954539,-4.0108933,1.4591857
25.8,2,27,26.4862174987793,-1.1777127,1.2881129,-3.7023675,1.3469423
25.9,2,27,26.4862174987793,-1.0795696,1.1807698,-3.393836,1.2346967
26,2,27,26.4862174987793,-.9814266,1.0734267,-3.0853043,1.1224512
26.1,2,27,26.4862174987793,-.88328356,.96608365,-2.7767727,1.0102056
26.2,2,27,26.4862174987793,-.78514051,.85874057,-2.4682412,.89796013
26.3,2,27,26.4862174987793,-.68699938,.75139958,-2.1597154,.78571671
26.4,2,27,26.4862174987793,-.58885634,.64405644,-1.8511838,.67347115
26.5,2,27,26.4862174987793,-.4907133,.53671336,-1.5426521,.56122559
26.6,2,27,26.4862174987793,-.39257026,.42937028,-1.2341206,.44898006
26.7,2,27,26.4862174987793,-.29442722,.32202721,-.92558897,.3367345
26.8,2,27,26.4862174987793,-.19628607,.21468617,-.61706322,.2244911
26.9,2,27,26.4862174987793,-.098143034,.10734309,-.30853161,.11224555
27,2,27,26.4862174987793,0,0,0,0
27.1,2,27,26.4862174987793,.098103121,.1073159,-.11223217,.30843842
27.2,2,27,26.4862174987793,.19596677,.21446939,-.22438551,.61631906
27.3,2,27,26.4862174987793,.29334962,.32129979,-.33638641,.92308563
27.4,2,27,26.4862174987793,.3900159,.42766008,-.44818243,1.2282143
27.5,2,27,26.4862174987793,.48572433,.53340846,-.55973703,1.5311856
27.6,2,27,26.4862174987793,.58023536,.63842058,-.6710459,1.8315167
27.7,2,27,26.4862174987793,.67330962,.74259156,-.78214306,2.1287622
27.8,2,27,26.4862174987793,.76470572,.84583825,-.89310682,2.4225183
27.9,2,27,26.4862174987793,.85418791,.94811201,-1.0040774,2.7124534
28,2,27,26.4862174987793,.94151485,1.0493909,-1.1152536,2.9982831
28.1,2,27,26.4862174987793,1.0264901,1.149714,-1.2269078,3.2798879
28.2,2,27,26.4862174987793,1.109089,1.2492332,-1.3393631,3.5575411
28.3,2,27,26.4862174987793,1.1893282,1.3481278,-1.4529537,3.8316102
28.4,2,27,26.4862174987793,1.2672299,1.4465859,-1.5680263,4.1024861
28.5,2,27,26.4862174987793,1.3428105,1.5447906,-1.6849235,4.3705444
28.6,2,27,26.4862174987793,1.4160886,1.6429278,-1.8039907,4.6361675
28.7,2,27,26.4862174987793,1.4870824,1.7411817,-1.925571,4.8997359
28.8,2,27,26.4862174987793,1.5558087,1.8397334,-2.0500023,5.1616197
28.9,2,27,26.4862174987793,1.6222893,1.938767,-2.1776242,5.4222026
29,2,27,26.4862174987793,1.6865412,2.0384579,-2.3087628,5.6818452
29.1,2,27,26.4862174987793,1.7485826,2.1389792,-2.4437394,5.9409046
29.2,2,27,26.4862174987793,1.8084317,2.2404997,-2.5828671,6.1997304
29.3,2,27,26.4862174987793,1.8661056,2.3431818,-2.7264466,6.4586577
29.4,2,27,26.4862174987793,1.9216259,2.4471879,-2.8747745,6.7180262
29.5,2,27,26.4862174987793,1.9750094,2.5526688,-3.0281296,6.9781485
29.6,2,27,26.4862174987793,2.0262747,2.6597712,-3.1867812,7.2393303
29.7,2,27,26.4862174987793,2.0754397,2.7686353,-3.3509855,7.5018649
29.8,2,27,26.4862174987793,2.1225216,2.8793924,-3.5209839,7.766027
29.9,2,27,26.4862174987793,2.167542,2.9921734,-3.69701,8.032094
30,2,27,26.4862174987793,2.2105179,3.1070955,-3.8792772,8.300313
30.1,2,27,26.4862174987793,2.2514675,3.2242711,-4.0679879,8.5709229
30.2,2,27,26.4862174987793,2.2904091,3.3438058,-4.26333,8.8441477
30.3,2,27,26.4862174987793,2.3273594,3.4657958,-4.4654751,9.1201944
30.4,2,27,26.4862174987793,2.3623405,3.5903354,-4.6745872,9.3992682
30.5,2,27,26.4862174987793,2.3953693,3.7175069,-4.89081,9.6815491
30.6,2,27,26.4862174987793,2.4264636,3.8473873,-5.1142769,9.9672041
30.7,2,27,26.4862174987793,2.4556422,3.9800477,-5.345108,10.256392
30.8,2,27,26.4862174987793,2.4829216,4.1155496,-5.5834074,10.549251
30.9,2,27,26.4862174987793,2.5083239,4.2539544,-5.8292732,10.845922
31,2,27,26.4862174987793,2.5318658,4.3953114,-6.0827861,11.146518
31.1,2,27,26.4862174987793,2.5535657,4.5396667,-6.3440175,11.451149
31.2,2,27,26.4862174987793,2.5734422,4.6870604,-6.6130271,11.759912
31.3,2,27,26.4862174987793,2.5915103,4.8375263,-6.8898668,12.072887
31.4,2,27,26.4862174987793,2.6077948,4.9910955,-7.1745725,12.390162
31.5,2,27,26.4862174987793,2.6223106,5.1477928,-7.4671779,12.711799
31.6,2,27,26.4862174987793,2.6350763,5.3076377,-7.7677026,13.037855
31.7,2,27,26.4862174987793,2.646111,5.4706464,-8.0761595,13.368382
31.8,2,27,26.4862174987793,2.6554289,5.6368322,-8.3925591,13.703417
31.9,2,27,26.4862174987793,2.6630557,5.8062015,-8.7168894,14.043001
32,2,27,26.4862174987793,2.6690056,5.9787602,-9.0491495,14.38716
32.1,2,27,26.4862174987793,2.6732962,6.1545081,-9.3893185,14.73591
32.2,2,27,26.4862174987793,2.6759508,6.3334475,-9.7373781,15.08928
32.3,2,27,26.4862174987793,2.6769803,6.5155692,-10.093301,15.447261
32.4,2,27,26.4862174987793,2.6764112,6.7008696,-10.457051,15.809874
32.5,2,27,26.4862174987793,2.6742544,6.8893342,-10.828592,16.177101
32.6,2,27,26.4862174987793,2.6705317,7.0809541,-11.207884,16.548946
32.7,2,27,26.4862174987793,2.6652651,7.2757177,-11.594879,16.925409
32.8,2,27,26.4862174987793,2.6584661,7.4736028,-11.989527,17.306459
32.9,2,27,26.4862174987793,2.6501603,7.6745968,-12.391773,17.692093
33,2,27,26.4862174987793,2.6403587,7.8786745,-12.801559,18.082277
33.1,2,27,26.4862174987793,2.6290834,8.0858173,-13.218828,18.476995
33.2,2,27,26.4862174987793,2.6163568,8.2960043,-13.643514,18.876226
33.3,2,27,26.4862174987793,2.6021891,8.5092087,-14.075553,19.279932
33.4,2,27,26.4862174987793,2.5866067,8.7254066,-14.514875,19.688089
33.5,2,27,26.4862174987793,2.5696213,8.9445677,-14.961409,20.100651
33.6,2,27,26.4862174987793,2.5512543,9.166667,-15.415083,20.517591
33.7,2,27,26.4862174987793,2.5315278,9.3916779,-15.875822,20.938877
33.8,2,27,26.4862174987793,2.5104516,9.6195688,-16.343555,21.36446
33.9,2,27,26.4862174987793,2.488054,9.8503084,-16.818197,21.794304
34,2,27,26.4862174987793,2.4643447,10.083866,-17.299669,22.228359
34.1,2,27,26.4862174987793,2.4393461,10.32021,-17.787893,22.666586
34.2,2,27,26.4862174987793,2.4130802,10.55931,-18.282787,23.108946
34.3,2,27,26.4862174987793,2.3855572,10.801129,-18.784267,23.555382
34.4,2,27,26.4862174987793,2.3568046,11.045637,-19.292248,24.005856
34.5,2,27,26.4862174987793,2.3268323,11.292797,-19.806644,24.460308
34.6,2,27,26.4862174987793,2.2956622,11.542577,-20.327374,24.918697
34.7,2,27,26.4862174987793,2.2633176,11.794941,-20.854342,25.380976
34.8,2,27,26.4862174987793,2.2298083,12.049851,-21.387466,25.847084
34.9,2,27,26.4862174987793,2.1951604,12.307278,-21.926661,26.316982
35,2,27,26.4862174987793,2.1593857,12.567178,-22.47183,26.790602
35.1,2,27,26.4862174987793,2.1225019,12.829525,-23.022905,27.267908
35.2,2,27,26.4862174987793,2.0845428,13.094264,-23.579742,27.748829
35.3,2,27,26.4862174987793,2.0455062,13.361377,-24.142311,28.233324
35.4,2,27,26.4862174987793,2.005429,13.630812,-24.710472,28.721331
35.5,2,27,26.4862174987793,1.9643079,13.902553,-25.284195,29.212811
35.6,2,27,26.4862174987793,1.9221734,14.176549,-25.863352,29.707699
35.7,2,27,26.4862174987793,1.8790572,14.452747,-26.447807,30.205921
35.8,2,27,26.4862174987793,1.8349556,14.731133,-27.037535,30.707445
35.9,2,27,26.4862174987793,1.7899046,15.011653,-27.632395,31.212204
36,2,27,26.4862174987793,1.7439016,15.294291,-28.232357,31.72016
36.1,2,27,26.4862174987793,1.6969815,15.578986,-28.837271,32.231236
36.2,2,27,26.4862174987793,1.6491638,15.865707,-29.447052,32.74538
36.3,2,27,26.4862174987793,1.6004568,16.154419,-30.061621,33.262535
36.4,2,27,26.4862174987793,1.5508895,16.445078,-30.68087,33.78265
36.5,2,27,26.4862174987793,1.5004689,16.73765,-31.304722,34.30566
36.6,2,27,26.4862174987793,1.4492199,17.032093,-31.933069,34.831509
36.7,2,27,26.4862174987793,1.397166,17.328367,-32.565811,35.360142
36.8,2,27,26.4862174987793,1.3443142,17.62644,-33.202873,35.891502
36.9,2,27,26.4862174987793,1.290694,17.926268,-33.844143,36.425533
37,2,27,26.4862174987793,1.2363136,18.227812,-34.48954,36.962166
37.1,2,27,26.4862174987793,1.1811962,18.531034,-35.138962,37.501354
37.2,2,27,26.4862174987793,1.1253659,18.835894,-35.792305,38.043037
37.3,2,27,26.4862174987793,1.0688295,19.142355,-36.449497,38.587158
37.4,2,27,26.4862174987793,1.0116174,19.450377,-37.11042,39.133652
37.5,2,27,26.4862174987793,.95373762,19.759918,-37.77499,39.682465
37.6,2,27,26.4862174987793,.89521235,20.070944,-38.443115,40.23354
37.7,2,27,26.4862174987793,.83606595,20.383411,-39.114685,40.786816
37.8,2,27,26.4862174987793,.77630562,20.697287,-39.789631,41.342239
37.9,2,27,26.4862174987793,.71596187,21.012522,-40.467823,41.89975
38,2,27,26.4862174987793,.65504259,21.329084,-41.149193,42.459278
38.1,2,27,26.4862174987793,.59357035,21.646935,-41.833641,43.020779
38.2,2,27,26.4862174987793,.53156769,21.96603,-42.521061,43.584198
38.3,2,27,26.4862174987793,.46904612,22.286333,-43.211365,44.149456
38.4,2,27,26.4862174987793,.40603134,22.607805,-43.904453,44.716515
38.5,2,27,26.4862174987793,.34253168,22.93041,-44.600246,45.285309
38.6,2,27,26.4862174987793,.27857286,23.254103,-45.29863,45.855774
38.7,2,27,26.4862174987793,.21417561,23.578846,-45.999512,46.427864
38.8,2,27,26.4862174987793,.149352,23.904598,-46.702801,47.001503
38.9,2,27,26.4862174987793,.084126517,24.231325,-47.408398,47.576649
39,2,27,26.4862174987793,.018508753,24.558987,-48.116219,48.153236
39.1,2,27,26.4862174987793,-.04747685,24.887541,-48.82616,48.731205
39.2,2,27,26.4862174987793,-.11380706,25.216948,-49.538116,49.310501
39.3,2,27,26.4862174987793,-.18047476,25.547173,-50.252014,49.891064
39.4,2,27,26.4862174987793,-.24744929,25.87817,-50.967731,50.472832
39.5,2,27,26.4862174987793,-.31472477,26.209909,-51.685204,51.055752
39.6,2,27,26.4862174987793,-.38227674,26.542345,-52.404316,51.639763
39.7,2,27,26.4862174987793,-.45008072,26.875437,-53.124969,52.224808
39.8,2,27,26.4862174987793,-.51812845,27.209148,-53.847076,52.810822
39.9,2,27,26.4862174987793,-.58639407,27.543442,-54.570545,53.397758
40,2,27,26.4862174987793,-.65486681,27.878275,-55.295284,53.98555
40.1,2,27,26.4862174987793,-.72352231,28.21361,-56.021183,54.574135
40.2,2,27,26.4862174987793,-.79234093,28.54941,-56.748154,55.163471
40.3,2,27,26.4862174987793,-.86131066,28.885632,-57.476109,55.753487
40.4,2,27,26.4862174987793,-.93040329,29.222235,-58.204929,56.344124
40.5,2,27,26.4862174987793,-.99961299,29.559187,-58.934555,56.935329
40.6,2,27,26.4862174987793,-1.0689152,29.896448,-59.664875,57.527046
40.7,2,27,26.4862174987793,-1.1382843,30.233971,-60.395779,58.119209
40.8,2,27,26.4862174987793,-1.2077157,30.571726,-61.127197,58.711769
40.9,2,27,26.4862174987793,-1.2771763,30.909664,-61.859005,59.304653
41,2,27,26.4862174987793,-1.3466624,31.247759,-62.591145,59.89782
41.1,2,27,26.4862174987793,-1.4161509,31.58597,-63.323517,60.491215
41.2,2,27,26.4862174987793,-1.4856346,31.924286,-64.056084,61.084816
41.3,2,27,26.4862174987793,-1.5551232,32.262711,-64.788872,61.678623
41.4,2,27,26.4862174987793,-1.6246057,32.601231,-65.521843,62.272629
41.5,2,27,26.4862174987793,-1.6940967,32.939854,-66.255028,62.866833
41.6,2,27,26.4862174987793,-1.763584,33.278568,-66.98838,63.461212
41.7,2,27,26.4862174987793,-1.8330665,33.617374,-67.721909,64.055771
41.8,2,27,26.4862174987793,-1.9025575,33.956276,-68.455635,64.65052
41.9,2,27,26.4862174987793,-1.9720399,34.295258,-69.189507,65.24543
42,2,27,26.4862174987793,-2.0415285,34.634323,-69.923561,65.8405
42.1,2,27,26.4862174987793,-2.1110184,34.973476,-70.657776,66.435738
42.2,2,27,26.4862174987793,-2.1805007,35.312702,-71.392128,67.031128
42.3,2,27,26.4862174987793,-2.2499893,35.652008,-72.12664,67.626663
42.4,2,27,26.4862174987793,-2.319473,35.99139,-72.861298,68.222351
42.5,2,27,26.4862174987793,-2.3889616,36.330845,-73.596107,68.818184
42.6,2,27,26.4862174987793,-2.4584501,36.670368,-74.331055,69.414154
42.7,2,27,26.4862174987793,-2.5279338,37.00996,-75.066124,70.010254
42.8,2,27,26.4862174987793,-2.5974224,37.349621,-75.801338,70.606491
42.9,2,27,26.4862174987793,-2.6669049,37.689342,-76.536659,71.20285
43,2,27,26.4862174987793,-2.7363946,38.029133,-77.272125,71.799339
43.1,2,27,26.4862174987793,-2.8058832,38.368984,-78.007713,72.395943
43.2,2,27,26.4862174987793,-2.8753974,38.708954,-78.743553,72.99276
43.3,2,27,26.4862174987793,-2.9448237,39.048801,-79.479073,73.589424
43.4,2,27,26.4862174987793,-3.0143392,39.388889,-80.215141,74.186462
43.5,2,27,26.4862174987793,-3.0838265,39.72897,-80.951172,74.783524
43.6,2,27,26.4862174987793,-3.1533175,40.069111,-81.687332,75.380692
43.7,2,27,26.4862174987793,-3.2228317,40.409355,-82.423714,75.97805
43.8,2,27,26.4862174987793,-3.2922556,40.74947,-83.159752,76.575233
43.9,2,27,26.4862174987793,-3.3617723,41.089821,-83.896347,77.172798
44,2,27,26.4862174987793,-3.4312608,41.430161,-84.632889,77.770363
44.1,2,27,26.4862174987793,-3.5007482,41.770546,-85.369514,78.368019
44.2,2,27,26.4862174987793,-3.5702343,42.110985,-86.106247,78.965775
44.3,2,27,26.4862174987793,-3.6397204,42.451458,-86.843048,79.563606
44.4,2,27,26.4862174987793,-3.7092054,42.791981,-87.579948,80.161537
44.5,2,27,26.4862174987793,-3.7786939,43.132549,-88.316933,80.759544
44.6,2,27,26.4862174987793,-3.8481824,43.473156,-89.054001,81.357643
44.7,2,27,26.4862174987793,-3.9176674,43.813808,-89.791153,81.955818
44.8,2,27,26.4862174987793,-3.9871535,44.154495,-90.528374,82.554062
44.9,2,27,26.4862174987793,-4.0566382,44.495224,-91.265678,83.152397
45,2,27,26.4862174987793,-4.1261268,44.835991,-92.003059,83.750801
45.1,2,27,26.4862174987793,-4.1956158,45.1768,-92.740517,84.349281
45.2,2,27,26.4862174987793,-4.2651005,45.517643,-93.478043,84.947838
45.3,2,27,26.4862174987793,-4.3345866,45.858517,-94.21563,85.546455
45.4,2,27,26.4862174987793,-4.4040713,46.199432,-94.953293,86.145149
45.5,2,27,26.4862174987793,-4.4735599,46.540379,-95.691025,86.743904
45.6,2,27,26.4862174987793,-4.5430489,46.881363,-96.428833,87.342735
45.7,2,27,26.4862174987793,-4.6125336,47.222378,-97.166695,87.941628
45.8,2,27,26.4862174987793,-4.6820197,47.563419,-97.90461,88.540573
45.9,2,27,26.4862174987793,-4.7515044,47.904499,-98.642601,89.139587
46,2,27,26.4862174987793,-4.8209929,48.245609,-99.380646,89.738663
46.1,2,27,26.4862174987793,-4.8904815,48.58675,-100.11876,90.337799
46.2,2,27,26.4862174987793,-4.9599667,48.927917,-100.85693,90.936989
46.3,2,27,26.4862174987793,-5.0294528,49.269112,-101.59514,91.536232
46.4,2,27,26.4862174987793,-5.0989375,49.61034,-102.33342,92.135544
46.5,2,27,26.4862174987793,-5.168426,49.951595,-103.07175,92.734901
46.6,2,27,26.4862174987793,-5.2379146,50.292877,-103.81014,93.334312
46.7,2,27,26.4862174987793,-5.3073997,50.634186,-104.54858,93.933777
46.8,2,27,26.4862174987793,-5.3768859,50.975517,-105.28706,94.533287
46.9,2,27,26.4862174987793,-5.4463706,51.316875,-106.0256,95.132858
47,2,27,26.4862174987793,-5.5158591,51.65826,-106.76419,95.732475
-20,3,27,31.24262809753418,-198.70486,58.531837,-313.42517,-83.984573
-19.9,3,27,31.24262809753418,-198.28209,58.407303,-312.7583,-83.805878
-19.8,3,27,31.24262809753418,-197.85931,58.282768,-312.09143,-83.62719
-19.7,3,27,31.24262809753418,-197.43654,58.158234,-311.42459,-83.448502
-19.6,3,27,31.24262809753418,-197.01376,58.033695,-310.75772,-83.269806
-19.5,3,27,31.24262809753418,-196.59099,57.909161,-310.09085,-83.091118
-19.4,3,27,31.24262809753418,-196.16821,57.784622,-309.42398,-82.912422
-19.3,3,27,31.24262809753418,-195.74542,57.660088,-308.75711,-82.733734
-19.2,3,27,31.24262809753418,-195.32266,57.535553,-308.09027,-82.555046
-19.1,3,27,31.24262809753418,-194.89989,57.411018,-307.4234,-82.376358
-19,3,27,31.24262809753418,-194.4771,57.28648,-306.75653,-82.197662
-18.9,3,27,31.24262809753418,-194.05432,57.161945,-306.08969,-82.018974
-18.8,3,27,31.24262809753418,-193.63155,57.037407,-305.42282,-81.840279
-18.7,3,27,31.24262809753418,-193.20877,56.912872,-304.75595,-81.661591
-18.6,3,27,31.24262809753418,-192.786,56.788338,-304.08911,-81.482903
-18.5,3,27,31.24262809753418,-192.36322,56.663803,-303.42224,-81.304214
-18.4,3,27,31.24262809753418,-191.94044,56.539265,-302.75537,-81.125519
-18.3,3,27,31.24262809753418,-191.51767,56.41473,-302.0885,-80.946831
-18.2,3,27,31.24262809753418,-191.09489,56.290195,-301.42166,-80.768143
-18.1,3,27,31.24262809753418,-190.67212,56.165657,-300.75479,-80.589447
-18,3,27,31.24262809753418,-190.24934,56.041122,-300.08792,-80.410759
-17.9,3,27,31.24262809753418,-189.82657,55.916588,-299.42105,-80.232071
-17.8,3,27,31.24262809753418,-189.40378,55.792049,-298.75418,-80.053375
-17.7,3,27,31.24262809753418,-188.98102,55.667515,-298.08734,-79.874687
-17.6,3,27,31.24262809753418,-188.55824,55.54298,-297.42047,-79.695999
-17.5,3,27,31.24262809753418,-188.13545,55.418442,-296.7536,-79.517303
-17.4,3,27,31.24262809753418,-187.71268,55.293907,-296.08676,-79.338615
-17.3,3,27,31.24262809753418,-187.2899,55.169373,-295.41989,-79.15992
-17.2,3,27,31.24262809753418,-186.86713,55.044838,-294.75302,-78.981232
-17.1,3,27,31.24262809753418,-186.44435,54.9203,-294.08615,-78.802544
-17,3,27,31.24262809753418,-186.02158,54.795765,-293.41931,-78.623856
-16.9,3,27,31.24262809753418,-185.5988,54.671227,-292.75244,-78.44516
-16.8,3,27,31.24262809753418,-185.17603,54.546692,-292.08557,-78.266472
-16.7,3,27,31.24262809753418,-184.75325,54.422157,-291.41873,-78.087784
-16.6,3,27,31.24262809753418,-184.33047,54.297623,-290.75186,-77.909088
-16.5,3,27,31.24262809753418,-183.9077,54.173084,-290.08499,-77.7304
-16.4,3,27,31.24262809753418,-183.48492,54.04855,-289.41812,-77.551712
-16.3,3,27,31.24262809753418,-183.06213,53.924011,-288.75125,-77.373016
-16.2,3,27,31.24262809753418,-182.63937,53.799477,-288.08441,-77.194328
-16.1,3,27,31.24262809753418,-182.2166,53.674942,-287.41754,-77.01564
-16,3,27,31.24262809753418,-181.79381,53.550407,-286.75067,-76.836945
-15.9,3,27,31.24262809753418,-181.37103,53.425869,-286.0838,-76.658257
-15.8,3,27,31.24262809753418,-180.94826,53.301334,-285.41696,-76.479568
-15.7,3,27,31.24262809753418,-180.52548,53.1768,-284.75009,-76.300873
-15.6,3,27,31.24262809753418,-180.10271,53.052261,-284.08322,-76.122185
-15.5,3,27,31.24262809753418,-179.67993,52.927727,-283.41638,-75.943497
-15.4,3,27,31.24262809753418,-179.25716,52.803192,-282.74951,-75.764801
-15.3,3,27,31.24262809753418,-178.83438,52.678654,-282.08264,-75.586113
-15.2,3,27,31.24262809753418,-178.41161,52.554119,-281.41577,-75.407425
-15.1,3,27,31.24262809753418,-177.98883,52.429585,-280.74893,-75.228729
-15,3,27,31.24262809753418,-177.56606,52.305046,-280.08206,-75.050041
-14.9,3,27,31.24262809753418,-177.14328,52.180511,-279.41519,-74.871353
-14.8,3,27,31.24262809753418,-176.7205,52.055977,-278.74835,-74.692657
-14.7,3,27,31.24262809753418,-176.29771,51.931438,-278.08148,-74.513969
-14.6,3,27,31.24262809753418,-175.87495,51.806904,-277.41461,-74.335281
-14.5,3,27,31.24262809753418,-175.45216,51.682369,-276.74774,-74.156586
-14.4,3,27,31.24262809753418,-175.02939,51.557831,-276.08087,-73.977898
-14.3,3,27,31.24262809753418,-174.60661,51.433296,-275.41403,-73.79921
-14.2,3,27,31.24262809753418,-174.18384,51.308762,-274.74716,-73.620514
-14.1,3,27,31.24262809753418,-173.76106,51.184227,-274.08029,-73.441826
-14,3,27,31.24262809753418,-173.33829,51.059689,-273.41345,-73.263138
-13.9,3,27,31.24262809753418,-172.91551,50.935154,-272.74658,-73.084442
-13.8,3,27,31.24262809753418,-172.49274,50.810619,-272.07971,-72.905754
-13.7,3,27,31.24262809753418,-172.06996,50.686081,-271.41284,-72.727066
-13.6,3,27,31.24262809753418,-171.64719,50.561546,-270.746,-72.54837
-13.5,3,27,31.24262809753418,-171.22441,50.437012,-270.07913,-72.369682
-13.4,3,27,31.24262809753418,-170.80164,50.312473,-269.41226,-72.190994
-13.3,3,27,31.24262809753418,-170.37886,50.187939,-268.74539,-72.012299
-13.2,3,27,31.24262809753418,-169.95607,50.063404,-268.07855,-71.833611
-13.1,3,27,31.24262809753418,-169.53331,49.938866,-267.41168,-71.654922
-13,3,27,31.24262809753418,-169.11052,49.814331,-266.74481,-71.476227
-12.9,3,27,31.24262809753418,-168.68774,49.689796,-266.07794,-71.297539
-12.8,3,27,31.24262809753418,-168.26497,49.565258,-265.4111,-71.118851
-12.7,3,27,31.24262809753418,-167.84219,49.440723,-264.74423,-70.940155
-12.6,3,27,31.24262809753418,-167.41942,49.316189,-264.07736,-70.761467
-12.5,3,27,31.24262809753418,-166.99664,49.19165,-263.41052,-70.582779
-12.4,3,27,31.24262809753418,-166.57387,49.067116,-262.74365,-70.404083
-12.3,3,27,31.24262809753418,-166.15109,48.942581,-262.07678,-70.225395
-12.2,3,27,31.24262809753418,-165.72832,48.818043,-261.40991,-70.046707
-12.1,3,27,31.24262809753418,-165.30554,48.693508,-260.74307,-69.868011
-12,3,27,31.24262809753418,-164.88277,48.568974,-260.0762,-69.689323
-11.9,3,27,31.24262809753418,-164.45998,48.444435,-259.40933,-69.510635
-11.8,3,27,31.24262809753418,-164.03722,48.319901,-258.74246,-69.33194
-11.7,3,27,31.24262809753418,-163.61443,48.195366,-258.07562,-69.153252
-11.6,3,27,31.24262809753418,-163.19165,48.070831,-257.40875,-68.974564
-11.5,3,27,31.24262809753418,-162.76888,47.946293,-256.74188,-68.795868
-11.4,3,27,31.24262809753418,-162.3461,47.821758,-256.07501,-68.61718
-11.3,3,27,31.24262809753418,-161.92332,47.697224,-255.40817,-68.438492
-11.2,3,27,31.24262809753418,-161.50055,47.572685,-254.7413,-68.259796
-11.1,3,27,31.24262809753418,-161.07777,47.448151,-254.07445,-68.081108
-11,3,27,31.24262809753418,-160.655,47.323616,-253.40758,-67.90242
-10.9,3,27,31.24262809753418,-160.23222,47.199078,-252.74071,-67.723724
-10.8,3,27,31.24262809753418,-159.80945,47.074543,-252.07385,-67.545036
-10.7,3,27,31.24262809753418,-159.38667,46.950008,-251.407,-67.366348
-10.6,3,27,31.24262809753418,-158.9639,46.82547,-250.74013,-67.18766
-10.5,3,27,31.24262809753418,-158.54112,46.700935,-250.07327,-67.008965
-10.4,3,27,31.24262809753418,-158.11833,46.576401,-249.4064,-66.830276
-10.3,3,27,31.24262809753418,-157.69557,46.451862,-248.73955,-66.651581
-10.2,3,27,31.24262809753418,-157.27278,46.327328,-248.07268,-66.472893
-10.1,3,27,31.24262809753418,-156.85001,46.202793,-247.40582,-66.294205
-10,3,27,31.24262809753418,-156.42723,46.078255,-246.73895,-66.115509
-9.9,3,27,31.24262809753418,-156.00446,45.95372,-246.0721,-65.936821
-9.800000000000001,3,27,31.24262809753418,-155.58168,45.829185,-245.40523,-65.758133
-9.699999999999999,3,27,31.24262809753418,-155.15891,45.704647,-244.73837,-65.579437
-9.6,3,27,31.24262809753418,-154.73613,45.580112,-244.07152,-65.400749
-9.5,3,27,31.24262809753418,-154.31335,45.455578,-243.40465,-65.222061
-9.4,3,27,31.24262809753418,-153.89058,45.331039,-242.73778,-65.043365
-9.300000000000001,3,27,31.24262809753418,-153.4678,45.206505,-242.07092,-64.864677
-9.199999999999999,3,27,31.24262809753418,-153.04503,45.08197,-241.40405,-64.685989
-9.1,3,27,31.24262809753418,-152.62225,44.957436,-240.7372,-64.507301
-9,3,27,31.24262809753418,-152.19948,44.832897,-240.07034,-64.328606
-8.9,3,27,31.24262809753418,-151.77669,44.708363,-239.40347,-64.149918
-8.800000000000001,3,27,31.24262809753418,-151.35393,44.583828,-238.73662,-63.971226
-8.699999999999999,3,27,31.24262809753418,-150.93114,44.45929,-238.06975,-63.792534
-8.6,3,27,31.24262809753418,-150.50836,44.334755,-237.40289,-63.613846
-8.5,3,27,31.24262809753418,-150.08559,44.21022,-236.73602,-63.435154
-8.4,3,27,31.24262809753418,-149.66281,44.085682,-236.06917,-63.256462
-8.300000000000001,3,27,31.24262809753418,-149.24004,43.961147,-235.4023,-63.077774
-8.199999999999999,3,27,31.24262809753418,-148.81726,43.836613,-234.73544,-62.899082
-8.1,3,27,31.24262809753418,-148.39449,43.712074,-234.06859,-62.720394
-8,3,27,31.24262809753418,-147.97171,43.58754,-233.40172,-62.541702
-7.9,3,27,31.24262809753418,-147.54893,43.463005,-232.73485,-62.36301
-7.8,3,27,31.24262809753418,-147.12616,43.338467,-232.06799,-62.184319
-7.7,3,27,31.24262809753418,-146.70338,43.213932,-231.40112,-62.00563
-7.6,3,27,31.24262809753418,-146.28061,43.089397,-230.73427,-61.826939
-7.5,3,27,31.24262809753418,-145.85783,42.964859,-230.06741,-61.648247
-7.4,3,27,31.24262809753418,-145.43506,42.840324,-229.40054,-61.469559
-7.3,3,27,31.24262809753418,-145.01227,42.71579,-228.73369,-61.290867
-7.2,3,27,31.24262809753418,-144.58949,42.591251,-228.06682,-61.112175
-7.1,3,27,31.24262809753418,-144.16672,42.466717,-227.39996,-60.933487
-7,3,27,31.24262809753418,-143.74394,42.342182,-226.73309,-60.754795
-6.9,3,27,31.24262809753418,-143.32117,42.217648,-226.06624,-60.576103
-6.8,3,27,31.24262809753418,-142.89839,42.093109,-225.39937,-60.397415
-6.7,3,27,31.24262809753418,-142.47562,41.968575,-224.73251,-60.218723
-6.6,3,27,31.24262809753418,-142.05284,41.844036,-224.06564,-60.040031
-6.5,3,27,31.24262809753418,-141.63007,41.719501,-223.39879,-59.861343
-6.4,3,27,31.24262809753418,-141.20729,41.594967,-222.73192,-59.682652
-6.3,3,27,31.24262809753418,-140.78452,41.470432,-222.06506,-59.503963
-6.2,3,27,31.24262809753418,-140.36174,41.345894,-221.39819,-59.325272
-6.1,3,27,31.24262809753418,-139.93896,41.221359,-220.73134,-59.14658
-6,3,27,31.24262809753418,-139.51619,41.096825,-220.06447,-58.967888
-5.9,3,27,31.24262809753418,-139.09341,40.972286,-219.39761,-58.7892
-5.8,3,27,31.24262809753418,-138.67062,40.847752,-218.73076,-58.610508
-5.7,3,27,31.24262809753418,-138.24785,40.723217,-218.06389,-58.431816
-5.6,3,27,31.24262809753418,-137.82507,40.598679,-217.39703,-58.253128
-5.5,3,27,31.24262809753418,-137.4023,40.474144,-216.73016,-58.074436
-5.4,3,27,31.24262809753418,-136.97952,40.349609,-216.06331,-57.895744
-5.3,3,27,31.24262809753418,-136.55675,40.225071,-215.39644,-57.717056
-5.2,3,27,31.24262809753418,-136.13397,40.100536,-214.72958,-57.538364
-5.1,3,27,31.24262809753418,-135.7112,39.976002,-214.06271,-57.359673
-5,3,27,31.24262809753418,-135.28842,39.851463,-213.39586,-57.180984
-4.9,3,27,31.24262809753418,-134.86565,39.726929,-212.72899,-57.002293
-4.8,3,27,31.24262809753418,-134.44287,39.602394,-212.06213,-56.823605
-4.7,3,27,31.24262809753418,-134.0201,39.477856,-211.39526,-56.644913
-4.6,3,27,31.24262809753418,-133.59732,39.353321,-210.72841,-56.466221
-4.5,3,27,31.24262809753418,-133.17455,39.228786,-210.06154,-56.287529
-4.4,3,27,31.24262809753418,-132.75175,39.104252,-209.39468,-56.108841
-4.3,3,27,31.24262809753418,-132.32898,38.979713,-208.72783,-55.930149
-4.2,3,27,31.24262809753418,-131.9062,38.855179,-208.06096,-55.751457
-4.1,3,27,31.24262809753418,-131.48343,38.73064,-207.3941,-55.572769
-4,3,27,31.24262809753418,-131.06065,38.606106,-206.72723,-55.394077
-3.9,3,27,31.24262809753418,-130.63788,38.481571,-206.06038,-55.215389
-3.8,3,27,31.24262809753418,-130.2151,38.357037,-205.39351,-55.036697
-3.7,3,27,31.24262809753418,-129.79233,38.232498,-204.72665,-54.858006
-3.6,3,27,31.24262809753418,-129.36955,38.107964,-204.05978,-54.679314
-3.5,3,27,31.24262809753418,-128.94678,37.983429,-203.39293,-54.500626
-3.4,3,27,31.24262809753418,-128.524,37.858891,-202.72606,-54.321934
-3.3,3,27,31.24262809753418,-128.10123,37.734356,-202.0592,-54.143246
-3.2,3,27,31.24262809753418,-127.67844,37.609821,-201.39233,-53.964554
-3.1,3,27,31.24262809753418,-127.25567,37.485283,-200.72548,-53.785862
-3,3,27,31.24262809753418,-126.83289,37.360748,-200.05861,-53.607174
-2.9,3,27,31.24262809753418,-126.41012,37.236214,-199.39175,-53.428482
-2.8,3,27,31.24262809753418,-125.98734,37.111675,-198.72488,-53.24979
-2.7,3,27,31.24262809753418,-125.56457,36.987141,-198.05803,-53.071102
-2.6,3,27,31.24262809753418,-125.14178,36.862606,-197.39116,-52.89241
-2.5,3,27,31.24262809753418,-124.71901,36.738068,-196.7243,-52.713718
-2.4,3,27,31.24262809753418,-124.29623,36.613533,-196.05745,-52.53503
-2.3,3,27,31.24262809753418,-123.87346,36.488998,-195.39058,-52.356339
-2.2,3,27,31.24262809753418,-123.45068,36.36446,-194.72372,-52.177647
-2.1,3,27,31.24262809753418,-123.02791,36.239925,-194.05685,-51.998959
-2,3,27,31.24262809753418,-122.60513,36.115391,-193.39,-51.820267
-1.9,3,27,31.24262809753418,-122.18235,35.990852,-192.72313,-51.641575
-1.8,3,27,31.24262809753418,-121.75957,35.866318,-192.05627,-51.462887
-1.7,3,27,31.24262809753418,-121.3368,35.741783,-191.3894,-51.284195
-1.6,3,27,31.24262809753418,-120.91402,35.617249,-190.72255,-51.105503
-1.5,3,27,31.24262809753418,-120.49125,35.49271,-190.05568,-50.926815
-1.4,3,27,31.24262809753418,-120.06847,35.368176,-189.38882,-50.748123
-1.3,3,27,31.24262809753418,-119.6457,35.243641,-188.72195,-50.569431
-1.2,3,27,31.24262809753418,-119.22292,35.119102,-188.0551,-50.390743
-1.1,3,27,31.24262809753418,-118.80014,34.994568,-187.38823,-50.212051
-1,3,27,31.24262809753418,-118.37737,34.870033,-186.72137,-50.03336
-.9,3,27,31.24262809753418,-117.95459,34.745495,-186.0545,-49.854671
-.8,3,27,31.24262809753418,-117.53181,34.62096,-185.38765,-49.67598
-.7,3,27,31.24262809753418,-117.10904,34.496426,-184.72079,-49.497288
-.6,3,27,31.24262809753418,-116.68626,34.371887,-184.05392,-49.3186
-.5,3,27,31.24262809753418,-116.26349,34.247353,-183.38707,-49.139908
-.4,3,27,31.24262809753418,-115.84071,34.122818,-182.7202,-48.961216
-.3,3,27,31.24262809753418,-115.41793,33.99828,-182.05334,-48.782528
-.2,3,27,31.24262809753418,-114.99516,33.873745,-181.38647,-48.603836
-.1,3,27,31.24262809753418,-114.57238,33.74921,-180.71962,-48.425144
0,3,27,31.24262809753418,-114.1496,33.624672,-180.05275,-48.246456
.1,3,27,31.24262809753418,-113.72683,33.500137,-179.38589,-48.067764
.2,3,27,31.24262809753418,-113.30405,33.375603,-178.71902,-47.889072
.3,3,27,31.24262809753418,-112.88127,33.251064,-178.05217,-47.710384
.4,3,27,31.24262809753418,-112.4585,33.12653,-177.3853,-47.531693
.5,3,27,31.24262809753418,-112.03572,33.001995,-176.71844,-47.353001
.6,3,27,31.24262809753418,-111.61295,32.877457,-176.05157,-47.174313
.7,3,27,31.24262809753418,-111.19017,32.752922,-175.38472,-46.995621
.8,3,27,31.24262809753418,-110.7674,32.628387,-174.71785,-46.816929
.9,3,27,31.24262809753418,-110.34462,32.503853,-174.05099,-46.638241
1,3,27,31.24262809753418,-109.92184,32.379314,-173.38414,-46.459549
1.1,3,27,31.24262809753418,-109.49906,32.25478,-172.71727,-46.280857
1.2,3,27,31.24262809753418,-109.07629,32.130245,-172.05042,-46.102169
1.3,3,27,31.24262809753418,-108.65351,32.005707,-171.38354,-45.923477
1.4,3,27,31.24262809753418,-108.23074,31.881172,-170.71669,-45.744785
1.5,3,27,31.24262809753418,-107.80796,31.756636,-170.04982,-45.566097
1.6,3,27,31.24262809753418,-107.38519,31.632101,-169.38297,-45.387405
1.7,3,27,31.24262809753418,-106.96241,31.507565,-168.71609,-45.208714
1.8,3,27,31.24262809753418,-106.53963,31.383028,-168.04924,-45.030025
1.9,3,27,31.24262809753418,-106.11685,31.258493,-167.38237,-44.851334
2,3,27,31.24262809753418,-105.69408,31.133957,-166.71552,-44.672642
2.1,3,27,31.24262809753418,-105.2713,31.00942,-166.04865,-44.493954
2.2,3,27,31.24262809753418,-104.84853,30.884886,-165.38179,-44.315262
2.3,3,27,31.24262809753418,-104.42575,30.760349,-164.71492,-44.136574
2.4,3,27,31.24262809753418,-104.00298,30.635813,-164.04807,-43.957882
2.5,3,27,31.24262809753418,-103.58019,30.511278,-163.3812,-43.77919
2.6,3,27,31.24262809753418,-103.15742,30.386742,-162.71434,-43.600502
2.7,3,27,31.24262809753418,-102.73464,30.262205,-162.04747,-43.42181
2.8,3,27,31.24262809753418,-102.31187,30.137671,-161.38062,-43.243118
2.9,3,27,31.24262809753418,-101.88909,30.013134,-160.71376,-43.064426
3,3,27,31.24262809753418,-101.46632,29.888599,-160.04689,-42.885738
3.1,3,27,31.24262809753418,-101.04354,29.764063,-159.38004,-42.707047
3.2,3,27,31.24262809753418,-100.62077,29.639526,-158.71317,-42.528358
3.3,3,27,31.24262809753418,-100.19798,29.514992,-158.04631,-42.349667
3.4,3,27,31.24262809753418,-99.775208,29.390455,-157.37944,-42.170975
3.5,3,27,31.24262809753418,-99.352432,29.265919,-156.71259,-41.992287
3.6,3,27,31.24262809753418,-98.929657,29.141384,-156.04572,-41.813595
3.7,3,27,31.24262809753418,-98.506882,29.016848,-155.37886,-41.634903
3.8,3,27,31.24262809753418,-98.084106,28.892313,-154.71199,-41.456215
3.9,3,27,31.24262809753418,-97.661331,28.767776,-154.04514,-41.277523
4,3,27,31.24262809753418,-97.238548,28.64324,-153.37827,-41.098831
4.1,3,27,31.24262809753418,-96.815773,28.518705,-152.71141,-40.920143
4.2,3,27,31.24262809753418,-96.392998,28.394169,-152.04456,-40.741451
4.3,3,27,31.24262809753418,-95.970222,28.269632,-151.37769,-40.562759
4.4,3,27,31.24262809753418,-95.547447,28.145098,-150.71082,-40.384071
4.5,3,27,31.24262809753418,-95.124672,28.020561,-150.04396,-40.205379
4.6,3,27,31.24262809753418,-94.701897,27.896025,-149.37711,-40.026688
4.7,3,27,31.24262809753418,-94.279121,27.77149,-148.71024,-39.848
4.8,3,27,31.24262809753418,-93.856339,27.646954,-148.04338,-39.669308
4.9,3,27,31.24262809753418,-93.433563,27.522417,-147.37651,-39.490616
5,3,27,31.24262809753418,-93.010788,27.397882,-146.70966,-39.311928
5.1,3,27,31.24262809753418,-92.588013,27.273346,-146.04279,-39.133236
5.2,3,27,31.24262809753418,-92.165237,27.148811,-145.37593,-38.954544
5.3,3,27,31.24262809753418,-91.742462,27.024275,-144.70906,-38.775856
5.4,3,27,31.24262809753418,-91.319679,26.899738,-144.04221,-38.597164
5.5,3,27,31.24262809753418,-90.896904,26.775204,-143.37534,-38.418472
5.6,3,27,31.24262809753418,-90.474129,26.650667,-142.70848,-38.239784
5.7,3,27,31.24262809753418,-90.051353,26.526131,-142.04161,-38.061092
5.8,3,27,31.24262809753418,-89.628578,26.401596,-141.37476,-37.882401
5.9,3,27,31.24262809753418,-89.205803,26.27706,-140.70789,-37.703712
6,3,27,31.24262809753418,-88.783028,26.152523,-140.04103,-37.525021
6.1,3,27,31.24262809753418,-88.360252,26.027988,-139.37418,-37.346329
6.2,3,27,31.24262809753418,-87.937477,25.903452,-138.70731,-37.167641
6.3,3,27,31.24262809753418,-87.514694,25.778915,-138.04044,-36.988949
6.4,3,27,31.24262809753418,-87.091919,25.654381,-137.37358,-36.810257
6.5,3,27,31.24262809753418,-86.669144,25.529844,-136.70673,-36.631569
6.6,3,27,31.24262809753418,-86.246368,25.40531,-136.03986,-36.452877
6.7,3,27,31.24262809753418,-85.823593,25.280773,-135.373,-36.274185
6.8,3,27,31.24262809753418,-85.400818,25.156237,-134.70613,-36.095497
6.9,3,27,31.24262809753418,-84.978035,25.031702,-134.03928,-35.916805
7,3,27,31.24262809753418,-84.55526,24.907166,-133.37241,-35.738113
7.1,3,27,31.24262809753418,-84.132484,24.782629,-132.70555,-35.559425
7.2,3,27,31.24262809753418,-83.709709,24.658094,-132.03868,-35.380733
7.3,3,27,31.24262809753418,-83.286934,24.533558,-131.37183,-35.202042
7.4,3,27,31.24262809753418,-82.864159,24.409021,-130.70496,-35.023354
7.5,3,27,31.24262809753418,-82.441383,24.284487,-130.0381,-34.844662
7.6,3,27,31.24262809753418,-82.018608,24.15995,-129.37123,-34.66597
7.7,3,27,31.24262809753418,-81.595825,24.035416,-128.70438,-34.487282
7.8,3,27,31.24262809753418,-81.17305,23.910879,-128.03751,-34.30859
7.9,3,27,31.24262809753418,-80.750275,23.786343,-127.37065,-34.129898
8,3,27,31.24262809753418,-80.327499,23.661808,-126.70379,-33.95121
8.1,3,27,31.24262809753418,-79.904724,23.537271,-126.03693,-33.772518
8.199999999999999,3,27,31.24262809753418,-79.481949,23.412735,-125.37006,-33.59383
8.300000000000001,3,27,31.24262809753418,-79.059166,23.2882,-124.7032,-33.415138
8.4,3,27,31.24262809753418,-78.636398,23.163664,-124.03635,-33.236446
8.5,3,27,31.24262809753418,-78.213615,23.039127,-123.36948,-33.057755
8.6,3,27,31.24262809753418,-77.79084,22.914593,-122.70261,-32.879066
8.699999999999999,3,27,31.24262809753418,-77.368065,22.790056,-122.03576,-32.700375
8.800000000000001,3,27,31.24262809753418,-76.94529,22.66552,-121.36889,-32.521683
8.9,3,27,31.24262809753418,-76.522514,22.540985,-120.70203,-32.342995
9,3,27,31.24262809753418,-76.099739,22.416449,-120.03517,-32.164303
9.1,3,27,31.24262809753418,-75.676956,22.291912,-119.3683,-31.985613
9.199999999999999,3,27,31.24262809753418,-75.254181,22.167377,-118.70145,-31.806923
9.300000000000001,3,27,31.24262809753418,-74.831406,22.042841,-118.03458,-31.628231
9.4,3,27,31.24262809753418,-74.40863,21.918306,-117.36772,-31.449541
9.5,3,27,31.24262809753418,-73.985855,21.79377,-116.70086,-31.270851
9.6,3,27,31.24262809753418,-73.56308,21.669233,-116.034,-31.092159
9.699999999999999,3,27,31.24262809753418,-73.140305,21.544699,-115.36713,-30.913469
9.800000000000001,3,27,31.24262809753418,-72.717522,21.420162,-114.70027,-30.734779
9.9,3,27,31.24262809753418,-72.294754,21.295628,-114.03341,-30.556089
10,3,27,31.24262809753418,-71.871971,21.171091,-113.36655,-30.377398
10.1,3,27,31.24262809753418,-71.449196,21.046555,-112.69968,-30.198706
10.2,3,27,31.24262809753418,-71.026421,20.92202,-112.03282,-30.020018
10.3,3,27,31.24262809753418,-70.603645,20.797483,-111.36596,-29.841326
10.4,3,27,31.24262809753418,-70.18087,20.672947,-110.6991,-29.662636
10.5,3,27,31.24262809753418,-69.758095,20.548412,-110.03223,-29.483944
10.6,3,27,31.24262809753418,-69.335312,20.423876,-109.36537,-29.305254
10.7,3,27,31.24262809753418,-68.912537,20.299339,-108.69852,-29.126564
10.8,3,27,31.24262809753418,-68.489761,20.174805,-108.03165,-28.947872
10.9,3,27,31.24262809753418,-68.066986,20.050268,-107.36479,-28.769182
11,3,27,31.24262809753418,-67.644211,19.925732,-106.69793,-28.590492
11.1,3,27,31.24262809753418,-67.221436,19.801197,-106.03107,-28.4118
11.2,3,27,31.24262809753418,-66.79866,19.676661,-105.3642,-28.23311
11.3,3,27,31.24262809753418,-66.375877,19.552124,-104.69734,-28.05442
11.4,3,27,31.24262809753418,-65.95311,19.427589,-104.03048,-27.875731
11.5,3,27,31.24262809753418,-65.530327,19.303053,-103.36362,-27.697039
11.6,3,27,31.24262809753418,-65.107552,19.178516,-102.69675,-27.518349
11.7,3,27,31.24262809753418,-64.684776,19.053982,-102.02989,-27.339659
11.8,3,27,31.24262809753418,-64.262001,18.929445,-101.36303,-27.160967
11.9,3,27,31.24262809753418,-63.839226,18.804911,-100.69617,-26.982277
12,3,27,31.24262809753418,-63.416447,18.680374,-100.0293,-26.803587
12.1,3,27,31.24262809753418,-62.993668,18.555838,-99.362442,-26.624895
12.2,3,27,31.24262809753418,-62.570896,18.431303,-98.695587,-26.446205
12.3,3,27,31.24262809753418,-62.148117,18.306767,-98.028717,-26.267513
12.4,3,27,31.24262809753418,-61.725342,18.182232,-97.361862,-26.088825
12.5,3,27,31.24262809753418,-61.302567,18.057695,-96.695,-25.910133
12.6,3,27,31.24262809753418,-60.879787,17.933159,-96.02813,-25.731441
12.7,3,27,31.24262809753418,-60.457012,17.808624,-95.361275,-25.552752
12.8,3,27,31.24262809753418,-60.034237,17.684088,-94.694412,-25.374062
12.9,3,27,31.24262809753418,-59.611462,17.559551,-94.02755,-25.195372
13,3,27,31.24262809753418,-59.188683,17.435017,-93.360687,-25.01668
13.1,3,27,31.24262809753418,-58.765907,17.31048,-92.693825,-24.83799
13.2,3,27,31.24262809753418,-58.343132,17.185944,-92.026962,-24.6593
13.3,3,27,31.24262809753418,-57.920353,17.061409,-91.3601,-24.480608
13.4,3,27,31.24262809753418,-57.497581,16.936872,-90.693245,-24.301918
13.5,3,27,31.24262809753418,-57.074802,16.812336,-90.026375,-24.123228
13.6,3,27,31.24262809753418,-56.652023,16.687801,-89.359512,-23.944536
13.7,3,27,31.24262809753418,-56.229252,16.563265,-88.692657,-23.765846
13.8,3,27,31.24262809753418,-55.806473,16.438728,-88.025787,-23.587156
13.9,3,27,31.24262809753418,-55.383698,16.314194,-87.358932,-23.408466
14,3,27,31.24262809753418,-54.960922,16.189657,-86.69207,-23.229774
14.1,3,27,31.24262809753418,-54.538143,16.065121,-86.0252,-23.051083
14.2,3,27,31.24262809753418,-54.115368,15.940586,-85.358345,-22.872395
14.3,3,27,31.24262809753418,-53.692593,15.81605,-84.691483,-22.693703
14.4,3,27,31.24262809753418,-53.269817,15.691515,-84.02462,-22.515013
14.5,3,27,31.24262809753418,-52.847038,15.566978,-83.357758,-22.336321
14.6,3,27,31.24262809753418,-52.424259,15.442442,-82.690895,-22.157631
14.7,3,27,31.24262809753418,-52.001488,15.317907,-82.024033,-21.978941
14.8,3,27,31.24262809753418,-51.578709,15.193371,-81.35717,-21.800249
14.9,3,27,31.24262809753418,-51.155933,15.068835,-80.690308,-21.621561
15,3,27,31.24262809753418,-50.733158,14.9443,-80.023445,-21.442869
15.1,3,27,31.24262809753418,-50.310379,14.819763,-79.356583,-21.264177
15.2,3,27,31.24262809753418,-49.887604,14.695228,-78.68972,-21.085487
15.3,3,27,31.24262809753418,-49.464828,14.570692,-78.022858,-20.906797
15.4,3,27,31.24262809753418,-49.042053,14.446157,-77.356003,-20.728107
15.5,3,27,31.24262809753418,-48.619274,14.32162,-76.689133,-20.549416
15.6,3,27,31.24262809753418,-48.196499,14.197083,-76.02227,-20.370726
15.7,3,27,31.24262809753418,-47.773724,14.072549,-75.355415,-20.192036
15.8,3,27,31.24262809753418,-47.350945,13.948012,-74.688545,-20.013344
15.9,3,27,31.24262809753418,-46.928173,13.823478,-74.02169,-19.834654
16,3,27,31.24262809753418,-46.505394,13.698941,-73.354828,-19.655964
16.1,3,27,31.24262809753418,-46.082615,13.574405,-72.687958,-19.477272
16.2,3,27,31.24262809753418,-45.65984,13.449868,-72.021095,-19.29858
16.3,3,27,31.24262809753418,-45.237068,13.325335,-71.354248,-19.119892
16.4,3,27,31.24262809753418,-44.814289,13.200798,-70.687378,-18.941202
16.5,3,27,31.24262809753418,-44.391514,13.076262,-70.020515,-18.76251
16.6,3,27,31.24262809753418,-43.968735,12.951726,-69.353653,-18.583818
16.7,3,27,31.24262809753418,-43.545956,12.827189,-68.686783,-18.405128
16.8,3,27,31.24262809753418,-43.123188,12.702656,-68.019936,-18.22644
16.9,3,27,31.24262809753418,-42.700409,12.578119,-67.353073,-18.047749
17,3,27,31.24262809753418,-42.27763,12.453583,-66.686203,-17.869057
17.1,3,27,31.24262809753418,-41.854855,12.329046,-66.019341,-17.690367
17.2,3,27,31.24262809753418,-41.432076,12.20451,-65.352478,-17.511675
17.3,3,27,31.24262809753418,-41.009304,12.079976,-64.685623,-17.332987
17.4,3,27,31.24262809753418,-40.586529,11.95544,-64.018761,-17.154295
17.5,3,27,31.24262809753418,-40.16375,11.830904,-63.351894,-16.975605
17.6,3,27,31.24262809753418,-39.740971,11.706367,-62.685032,-16.796913
17.7,3,27,31.24262809753418,-39.318195,11.581831,-62.018166,-16.618221
17.8,3,27,31.24262809753418,-38.895424,11.457297,-61.351315,-16.439535
17.9,3,27,31.24262809753418,-38.472645,11.332761,-60.684448,-16.260843
18,3,27,31.24262809753418,-38.04987,11.208224,-60.017586,-16.082151
18.1,3,27,31.24262809753418,-37.62709,11.083688,-59.350719,-15.903461
18.2,3,27,31.24262809753418,-37.204311,10.959152,-58.683857,-15.72477
18.3,3,27,31.24262809753418,-36.781544,10.834618,-58.017002,-15.546082
18.4,3,27,31.24262809753418,-36.358765,10.710082,-57.35014,-15.36739
18.5,3,27,31.24262809753418,-35.935986,10.585546,-56.683273,-15.188699
18.6,3,27,31.24262809753418,-35.51321,10.461009,-56.016411,-15.010008
18.7,3,27,31.24262809753418,-35.090431,10.336473,-55.349545,-14.831316
18.8,3,27,31.24262809753418,-34.66766,10.211939,-54.682693,-14.652629
18.9,3,27,31.24262809753418,-34.244884,10.087402,-54.015827,-14.473937
19,3,27,31.24262809753418,-33.822105,9.9628658,-53.348965,-14.295246
19.1,3,27,31.24262809753418,-33.399326,9.8383303,-52.682098,-14.116554
19.2,3,27,31.24262809753418,-32.976547,9.7137938,-52.015236,-13.937863
19.3,3,27,31.24262809753418,-32.55378,9.5892601,-51.348381,-13.759175
19.4,3,27,31.24262809753418,-32.131001,9.4647236,-50.681519,-13.580484
19.5,3,27,31.24262809753418,-31.708223,9.3401871,-50.014652,-13.401793
19.6,3,27,31.24262809753418,-31.285446,9.2156506,-49.34779,-13.223102
19.7,3,27,31.24262809753418,-30.862667,9.091114,-48.680923,-13.044411
19.8,3,27,31.24262809753418,-30.439898,8.9665804,-48.014072,-12.865723
19.9,3,27,31.24262809753418,-30.01712,8.8420439,-47.347206,-12.687032
20,3,27,31.24262809753418,-29.594341,8.7175083,-46.680344,-12.50834
20.1,3,27,31.24262809753418,-29.171564,8.5929718,-46.013477,-12.329649
20.2,3,27,31.24262809753418,-28.748785,8.4684353,-45.346615,-12.150958
20.3,3,27,31.24262809753418,-28.326015,8.3439016,-44.679764,-11.97227
20.4,3,27,31.24262809753418,-27.903238,8.2193651,-44.012897,-11.793578
20.5,3,27,31.24262809753418,-27.480461,8.0948286,-43.346035,-11.614887
20.6,3,27,31.24262809753418,-27.057682,7.9702926,-42.679169,-11.436196
20.7,3,27,31.24262809753418,-26.634905,7.8457561,-42.012302,-11.257504
20.8,3,27,31.24262809753418,-26.212135,7.7212224,-41.345451,-11.078817
20.9,3,27,31.24262809753418,-25.789356,7.5966859,-40.678589,-10.900126
21,3,27,31.24262809753418,-25.366579,7.4721498,-40.011723,-10.721435
21.1,3,27,31.24262809753418,-24.9438,7.3476133,-39.34486,-10.542743
21.2,3,27,31.24262809753418,-24.521023,7.2230768,-38.677994,-10.364052
21.3,3,27,31.24262809753418,-24.098253,7.0985432,-38.011143,-10.185364
21.4,3,27,31.24262809753418,-23.675474,6.9740067,-37.344276,-10.006673
21.5,3,27,31.24262809753418,-23.252697,6.8494706,-36.677414,-9.8279819
21.6,3,27,31.24262809753418,-22.82992,6.7249341,-36.010548,-9.6492901
21.7,3,27,31.24262809753418,-22.407141,6.6003981,-35.343685,-9.4705992
21.8,3,27,31.24262809753418,-21.984371,6.4758639,-34.67683,-9.2919111
21.9,3,27,31.24262809753418,-21.561594,6.3513279,-34.009968,-9.1132202
22,3,27,31.24262809753418,-21.138815,6.2267914,-33.343102,-8.9345284
22.1,3,27,31.24262809753418,-20.716038,6.1022549,-32.676239,-8.7558374
22.2,3,27,31.24262809753418,-20.293261,5.9777188,-32.009373,-8.5771465
22.3,3,27,31.24262809753418,-19.870489,5.8531847,-31.342522,-8.3984585
22.4,3,27,31.24262809753418,-19.447712,5.7286487,-30.675657,-8.2197676
22.5,3,27,31.24262809753418,-19.024935,5.6041121,-30.008793,-8.0410757
22.6,3,27,31.24262809753418,-18.602156,5.4795761,-29.341928,-7.8623848
22.7,3,27,31.24262809753418,-18.179379,5.3550396,-28.675062,-7.6836934
22.8,3,27,31.24262809753418,-17.756609,5.2305059,-28.008211,-7.5050054
22.9,3,27,31.24262809753418,-17.33383,5.1059694,-27.341347,-7.3263144
23,3,27,31.24262809753418,-16.911053,4.9814329,-26.674482,-7.1476231
23.1,3,27,31.24262809753418,-16.488274,4.8568969,-26.007618,-6.9689317
23.2,3,27,31.24262809753418,-16.065496,4.7323604,-25.340754,-6.7902403
23.3,3,27,31.24262809753418,-15.642727,4.6078267,-24.673901,-6.6115527
23.4,3,27,31.24262809753418,-15.219949,4.4832902,-24.007036,-6.4328613
23.5,3,27,31.24262809753418,-14.797171,4.3587542,-23.340172,-6.2541699
23.6,3,27,31.24262809753418,-14.374393,4.2342176,-22.673307,-6.075479
23.7,3,27,31.24262809753418,-13.951615,4.1096811,-22.006443,-5.8967876
23.8,3,27,31.24262809753418,-13.528845,3.9851475,-21.33959,-5.7180996
23.9,3,27,31.24262809753418,-13.106068,3.8606112,-20.672726,-5.5394087
24,3,27,31.24262809753418,-12.68329,3.7360749,-20.005861,-5.3607173
24.1,3,27,31.24262809753418,-12.260511,3.6115384,-19.338997,-5.1820259
24.2,3,27,31.24262809753418,-11.837733,3.4870021,-18.672132,-5.0033345
24.3,3,27,31.24262809753418,-11.414964,3.3624682,-18.00528,-4.8246469
24.4,3,27,31.24262809753418,-10.992186,3.237932,-17.338415,-4.6459556
24.5,3,27,31.24262809753418,-10.569407,3.1133957,-16.671551,-4.4672642
24.6,3,27,31.24262809753418,-10.14663,2.9888594,-16.004686,-4.2885733
24.7,3,27,31.24262809753418,-9.7238522,2.8643231,-15.337822,-4.1098819
24.8,3,27,31.24262809753418,-9.3010817,2.7397892,-14.67097,-3.9311941
24.9,3,27,31.24262809753418,-8.8783045,2.615253,-14.004106,-3.7525027
25,3,27,31.24262809753418,-8.4555264,2.4907165,-13.337241,-3.5738115
25.1,3,27,31.24262809753418,-8.0327482,2.3661802,-12.670377,-3.3951201
25.2,3,27,31.24262809753418,-7.6099706,2.2416439,-12.003511,-3.216429
25.3,3,27,31.24262809753418,-7.1872005,2.11711,-11.33666,-3.0377412
25.4,3,27,31.24262809753418,-6.7644224,1.9925737,-10.669795,-2.8590498
25.5,3,27,31.24262809753418,-6.3416448,1.8680375,-10.002931,-2.6803586
25.6,3,27,31.24262809753418,-5.9188666,1.7435011,-9.3360662,-2.5016673
25.7,3,27,31.24262809753418,-5.496089,1.6189648,-8.6692019,-2.3229761
25.8,3,27,31.24262809753418,-5.073319,1.4944309,-8.0023499,-2.1442883
25.9,3,27,31.24262809753418,-4.6505408,1.3698946,-7.335485,-1.965597
26,3,27,31.24262809753418,-4.2277632,1.2453582,-6.6686206,-1.7869058
26.1,3,27,31.24262809753418,-3.8049853,1.120822,-6.0017557,-1.6082145
26.2,3,27,31.24262809753418,-3.3822072,.99628568,-5.3348913,-1.4295232
26.3,3,27,31.24262809753418,-2.9594374,.87175173,-4.6680393,-1.2508354
26.4,3,27,31.24262809753418,-2.5366595,.74721545,-4.0011749,-1.0721442
26.5,3,27,31.24262809753418,-2.1138816,.62267911,-3.3343103,-.89345288
26.6,3,27,31.24262809753418,-1.6911036,.49814284,-2.6674457,-.71476161
26.7,3,27,31.24262809753418,-1.2683257,.37360653,-2.000581,-.53607035
26.8,3,27,31.24262809753418,-.84555584,.24907261,-1.3337291,-.35738251
26.9,3,27,31.24262809753418,-.42277792,.12453631,-.66686457,-.17869125
27,3,27,31.24262809753418,0,0,0,0
27.1,3,27,31.24262809753418,.42251772,.12449229,.17851733,.66651809
27.2,3,27,31.24262809753418,.84347421,.2487206,.35599077,1.3309577
27.3,3,27,31.24262809753418,1.2613001,.3724193,.53137171,1.9912286
27.4,3,27,31.24262809753418,1.6744504,.49533123,.70361906,2.6452818
27.5,3,27,31.24262809753418,2.0813558,.61719424,.87167728,3.2910342
27.6,3,27,31.24262809753418,2.4804547,.73775136,1.0344887,3.9264209
27.7,3,27,31.24262809753418,2.8701866,.85674936,1.1909885,4.5493841
27.8,3,27,31.24262809753418,3.2489815,.97393703,1.3400998,5.1578631
27.9,3,27,31.24262809753418,3.6152945,1.0890758,1.4807451,5.7498441
28,3,27,31.24262809753418,3.9675562,1.2019264,1.6118239,6.3232889
28.1,3,27,31.24262809753418,4.3044858,1.3123051,1.7324153,6.8765569
28.2,3,27,31.24262809753418,4.6259232,1.4202179,1.8423475,7.4094992
28.3,3,27,31.24262809753418,4.9319806,1.5257162,1.9416317,7.9223294
28.4,3,27,31.24262809753418,5.2227936,1.6288602,2.0302861,8.4153013
28.5,3,27,31.24262809753418,5.4984746,1.729704,2.1083169,8.8886318
28.6,3,27,31.24262809753418,5.7591434,1.828305,2.1757317,9.342555
28.7,3,27,31.24262809753418,6.0049205,1.9247218,2.2325351,9.7773066
28.8,3,27,31.24262809753418,6.2359185,2.0190117,2.2787282,10.193109
28.9,3,27,31.24262809753418,6.4522719,2.1112397,2.3143184,10.590226
29,3,27,31.24262809753418,6.6540947,2.2014647,2.3393028,10.968886
29.1,3,27,31.24262809753418,6.8415055,2.2897491,2.3536794,11.329331
29.2,3,27,31.24262809753418,7.0146246,2.3761561,2.3574443,11.671804
29.3,3,27,31.24262809753418,7.1735649,2.460747,2.3505893,11.996541
29.4,3,27,31.24262809753418,7.3184614,2.5435915,2.3331137,12.303809
29.5,3,27,31.24262809753418,7.4494276,2.624753,2.3050063,12.593849
29.6,3,27,31.24262809753418,7.5665832,2.7042978,2.2662568,12.86691
29.7,3,27,31.24262809753418,7.6700468,2.7822931,2.2168527,13.123241
29.8,3,27,31.24262809753418,7.7599325,2.8588047,2.1567783,13.363087
29.9,3,27,31.24262809753418,7.8363748,2.9339056,2.086025,13.586724
30,3,27,31.24262809753418,7.899487,3.0076635,2.0045748,13.794399
30.1,3,27,31.24262809753418,7.949389,3.0801482,1.9124093,13.986369
30.2,3,27,31.24262809753418,7.9861994,3.1514304,1.8095093,14.162889
30.3,3,27,31.24262809753418,8.0100327,3.2215793,1.6958534,14.324212
30.4,3,27,31.24262809753418,8.0210228,3.2906711,1.5714256,14.470619
30.5,3,27,31.24262809753418,8.0192833,3.3587761,1.4362034,14.602364
30.6,3,27,31.24262809753418,8.0049353,3.4259672,1.2901626,14.719707
30.7,3,27,31.24262809753418,7.9780941,3.4923172,1.1332783,14.82291
30.8,3,27,31.24262809753418,7.9388776,3.5578976,.96552604,14.912229
30.9,3,27,31.24262809753418,7.8874178,3.6227868,.78688651,14.987949
31,3,27,31.24262809753418,7.8238297,3.6870561,.59733278,15.050326
31.1,3,27,31.24262809753418,7.7482319,3.7507794,.3968392,15.099625
31.2,3,27,31.24262809753418,7.6607466,3.8140314,.18538249,15.13611
31.3,3,27,31.24262809753418,7.5614758,3.8768823,-.037073918,15.160026
31.4,3,27,31.24262809753418,7.450572,3.9394121,-.27053407,15.171679
31.5,3,27,31.24262809753418,7.3281369,4.0016913,-.5150336,15.171308
31.6,3,27,31.24262809753418,7.1942925,4.0637922,-.77059406,15.15918
31.7,3,27,31.24262809753418,7.0491638,4.1257892,-1.0372344,15.135562
31.8,3,27,31.24262809753418,6.8928447,4.1877499,-1.3149937,15.100683
31.9,3,27,31.24262809753418,6.7254968,4.2497516,-1.6038635,15.054857
32,3,27,31.24262809753418,6.5472164,4.3118625,-1.903879,14.998312
32.1,3,27,31.24262809753418,6.3581219,4.3741508,-2.2150559,14.931299
32.2,3,27,31.24262809753418,6.1583533,4.4366899,-2.5373993,14.854106
32.3,3,27,31.24262809753418,5.9479976,4.4995403,-2.8709395,14.766935
32.4,3,27,31.24262809753418,5.7272129,4.5627766,-3.2156651,14.670091
32.5,3,27,31.24262809753418,5.4960852,4.6264558,-3.5716021,14.563772
32.6,3,27,31.24262809753418,5.2547469,4.6906457,-3.9387493,14.448243
32.7,3,27,31.24262809753418,5.003336,4.7554116,-4.3170996,14.323771
32.8,3,27,31.24262809753418,4.7419415,4.8208075,-4.7066679,14.190551
32.9,3,27,31.24262809753418,4.470716,4.8868995,-5.1074309,14.048863
33,3,27,31.24262809753418,4.1897473,4.9537373,-5.5193992,13.898893
33.1,3,27,31.24262809753418,3.8991697,5.0213795,-5.9425535,13.740893
33.2,3,27,31.24262809753418,3.599123,5.0898838,-6.3768663,13.575112
33.3,3,27,31.24262809753418,3.2896881,5.1592941,-6.8223424,13.401719
33.4,3,27,31.24262809753418,2.971024,5.2296667,-7.278934,13.220983
33.5,3,27,31.24262809753418,2.6432197,5.3010416,-7.7466311,13.033071
33.6,3,27,31.24262809753418,2.3064065,5.3734674,-8.2253962,12.838209
33.7,3,27,31.24262809753418,1.9607235,5.446991,-8.7151823,12.636629
33.8,3,27,31.24262809753418,1.6062498,5.5216446,-9.2159748,12.428474
33.9,3,27,31.24262809753418,1.2431525,5.5974746,-9.7276964,12.214001
34,3,27,31.24262809753418,.87151051,5.67451,-10.250324,11.993345
34.1,3,27,31.24262809753418,.49146318,5.7527871,-10.783792,11.766719
34.2,3,27,31.24262809753418,.10314564,5.8323412,-11.328033,11.534325
34.3,3,27,31.24262809753418,-.29335919,5.9131947,-11.883008,11.296289
34.4,3,27,31.24262809753418,-.69788802,5.9953809,-12.448618,11.052842
34.5,3,27,31.24262809753418,-1.1103619,6.0789175,-13.024821,10.804097
34.6,3,27,31.24262809753418,-1.5306438,6.1638303,-13.611529,10.550241
34.7,3,27,31.24262809753418,-1.9585923,6.2501416,-14.208645,10.29146
34.8,3,27,31.24262809753418,-2.3941245,6.3378639,-14.81611,10.027861
34.9,3,27,31.24262809753418,-2.8370893,6.4270186,-15.433814,9.7596359
35,3,27,31.24262809753418,-3.2873917,6.5176129,-16.061678,9.4868956
35.1,3,27,31.24262809753418,-3.7449241,6.6096625,-16.699625,9.2097759
35.2,3,27,31.24262809753418,-4.209476,6.7031765,-17.347462,8.9285088
35.3,3,27,31.24262809753418,-4.6810441,6.7981601,-18.005194,8.6431055
35.4,3,27,31.24262809753418,-5.1594052,6.8946214,-18.672615,8.3538046
35.5,3,27,31.24262809753418,-5.6445642,6.9925623,-19.349735,8.060606
35.6,3,27,31.24262809753418,-6.1363297,7.0919857,-20.036366,7.7637067
35.7,3,27,31.24262809753418,-6.6345034,7.1928906,-20.732311,7.4633036
35.8,3,27,31.24262809753418,-7.1390934,7.2952757,-21.437571,7.1593843
35.9,3,27,31.24262809753418,-7.6498814,7.3991389,-22.151928,6.8521643
36,3,27,31.24262809753418,-8.1668673,7.5044756,-22.875368,6.5416346
36.1,3,27,31.24262809753418,-8.6898327,7.6112776,-23.607662,6.2279973
36.2,3,27,31.24262809753418,-9.2186584,7.7195406,-24.348679,5.9113631
36.3,3,27,31.24262809753418,-9.753273,7.8292522,-25.098326,5.5917792
36.4,3,27,31.24262809753418,-10.293506,7.9404054,-25.856413,5.269403
36.5,3,27,31.24262809753418,-10.839293,8.0529861,-26.622856,4.9442697
36.6,3,27,31.24262809753418,-11.39048,8.1669827,-27.397472,4.6165123
36.7,3,27,31.24262809753418,-11.946924,8.282383,-28.180098,4.2862492
36.8,3,27,31.24262809753418,-12.508561,8.3991709,-28.970634,3.9535117
36.9,3,27,31.24262809753418,-13.075217,8.5173321,-29.768883,3.6184478
37,3,27,31.24262809753418,-13.64682,8.6368484,-30.574732,3.2810915
37.1,3,27,31.24262809753418,-14.223228,8.7577028,-31.38801,2.9415548
37.2,3,27,31.24262809753418,-14.804293,8.879879,-32.208534,2.5999503
37.3,3,27,31.24262809753418,-15.389951,9.003356,-33.036205,2.2563016
37.4,3,27,31.24262809753418,-15.980024,9.1281147,-33.8708,1.9107511
37.5,3,27,31.24262809753418,-16.574442,9.2541342,-34.712212,1.5633267
37.6,3,27,31.24262809753418,-17.173069,9.3813934,-35.560261,1.2141258
37.7,3,27,31.24262809753418,-17.775751,9.5098734,-36.414761,.86325705
37.8,3,27,31.24262809753418,-18.382429,9.6395493,-37.2756,.51073956
37.9,3,27,31.24262809753418,-18.99292,9.7703991,-38.142551,.15671171
38,3,27,31.24262809753418,-19.607153,9.9024,-39.015499,-.1988059
38.1,3,27,31.24262809753418,-20.224993,10.035528,-39.894268,-.55571812
38.2,3,27,31.24262809753418,-20.846298,10.169762,-40.778664,-.91393095
38.3,3,27,31.24262809753418,-21.470978,10.305073,-41.668549,-1.2734063
38.4,3,27,31.24262809753418,-22.098881,10.44144,-42.563728,-1.6340362
38.5,3,27,31.24262809753418,-22.729939,10.578836,-43.464077,-1.9957995
38.6,3,27,31.24262809753418,-23.363989,10.717237,-44.369389,-2.3585892
38.7,3,27,31.24262809753418,-24.000906,10.856619,-45.279488,-2.7223237
38.8,3,27,31.24262809753418,-24.640594,10.996952,-46.194221,-3.0869641
38.9,3,27,31.24262809753418,-25.282909,11.138214,-47.113407,-3.4524126
39,3,27,31.24262809753418,-25.927776,11.280377,-48.036911,-3.8186424
39.1,3,27,31.24262809753418,-26.575041,11.423416,-48.964523,-4.1855555
39.2,3,27,31.24262809753418,-27.22456,11.567304,-49.896057,-4.5530605
39.3,3,27,31.24262809753418,-27.87627,11.712014,-50.831394,-4.9211445
39.4,3,27,31.24262809753418,-28.529989,11.857518,-51.770298,-5.28968
39.5,3,27,31.24262809753418,-29.185663,12.003794,-52.712666,-5.6586599
39.6,3,27,31.24262809753418,-29.84314,12.15081,-53.658291,-6.0279884
39.7,3,27,31.24262809753418,-30.502266,12.298541,-54.606964,-6.3975687
39.8,3,27,31.24262809753418,-31.162973,12.446959,-55.558567,-6.7673817
39.9,3,27,31.24262809753418,-31.825111,12.59604,-56.512894,-7.1373267
40,3,27,31.24262809753418,-32.48859,12.745754,-57.46981,-7.5073719
40.1,3,27,31.24262809753418,-33.153259,12.896073,-58.4291,-7.8774219
40.2,3,27,31.24262809753418,-33.819004,13.046973,-59.390602,-8.247406
40.3,3,27,31.24262809753418,-34.485722,13.198424,-60.35416,-8.6172848
40.4,3,27,31.24262809753418,-35.153252,13.350399,-61.319553,-8.986949
40.5,3,27,31.24262809753418,-35.821533,13.502873,-62.286682,-9.3563881
40.6,3,27,31.24262809753418,-36.490421,13.655819,-63.255333,-9.7255087
40.7,3,27,31.24262809753418,-37.159752,13.809204,-64.225296,-10.09421
40.8,3,27,31.24262809753418,-37.829483,13.963009,-65.196472,-10.462488
40.9,3,27,31.24262809753418,-38.499409,14.117198,-66.16861,-10.830209
41,3,27,31.24262809753418,-39.169495,14.271752,-67.141617,-11.197374
41.1,3,27,31.24262809753418,-39.839596,14.426642,-68.115295,-11.563897
41.2,3,27,31.24262809753418,-40.509674,14.581856,-69.089584,-11.929762
41.3,3,27,31.24262809753418,-41.179775,14.737384,-70.064522,-12.295035
41.4,3,27,31.24262809753418,-41.849846,14.893213,-71.040009,-12.659685
41.5,3,27,31.24262809753418,-42.519966,15.049341,-72.016129,-13.023798
41.6,3,27,31.24262809753418,-43.19006,15.20575,-72.992783,-13.387335
41.7,3,27,31.24262809753418,-43.86013,15.362436,-73.969948,-13.750307
41.8,3,27,31.24262809753418,-44.530247,15.519394,-74.947701,-14.112793
41.9,3,27,31.24262809753418,-45.200317,15.676607,-75.925903,-14.47473
42,3,27,31.24262809753418,-45.870419,15.834075,-76.904633,-14.836201
42.1,3,27,31.24262809753418,-46.540527,15.991789,-77.883858,-15.197197
42.2,3,27,31.24262809753418,-47.210598,16.149738,-78.863503,-15.557694
42.3,3,27,31.24262809753418,-47.880699,16.307919,-79.843636,-15.917767
42.4,3,27,31.24262809753418,-48.550777,16.466324,-80.824181,-16.277378
42.5,3,27,31.24262809753418,-49.220879,16.624947,-81.805176,-16.636585
42.6,3,27,31.24262809753418,-49.890984,16.783781,-82.786591,-16.995377
42.7,3,27,31.24262809753418,-50.561058,16.94282,-83.768379,-17.353743
42.8,3,27,31.24262809753418,-51.231163,17.10206,-84.75058,-17.71174
42.9,3,27,31.24262809753418,-51.90123,17.261492,-85.733131,-18.069328
43,3,27,31.24262809753418,-52.571342,17.421116,-86.716103,-18.42658
43.1,3,27,31.24262809753418,-53.241444,17.580925,-87.699425,-18.783466
43.2,3,27,31.24262809753418,-53.91172,17.740938,-88.683319,-19.14012
43.3,3,27,31.24262809753418,-54.581417,17.901039,-89.666809,-19.496027
43.4,3,27,31.24262809753418,-55.251701,18.061398,-90.65139,-19.852013
43.5,3,27,31.24262809753418,-55.921795,18.221891,-91.636047,-20.207544
43.6,3,27,31.24262809753418,-56.591915,18.382549,-92.621048,-20.562778
43.7,3,27,31.24262809753418,-57.262188,18.54339,-93.606567,-20.917812
43.8,3,27,31.24262809753418,-57.93187,18.70429,-94.591606,-21.272135
43.9,3,27,31.24262809753418,-58.602161,18.865435,-95.577736,-21.626591
44,3,27,31.24262809753418,-59.272266,19.026691,-96.563896,-21.980633
44.1,3,27,31.24262809753418,-59.94236,19.188089,-97.550323,-22.334394
44.2,3,27,31.24262809753418,-60.612453,19.349627,-98.537025,-22.68788
44.3,3,27,31.24262809753418,-61.282539,19.511295,-99.523979,-23.041101
44.4,3,27,31.24262809753418,-61.952625,19.673098,-100.51118,-23.394064
44.5,3,27,31.24262809753418,-62.622726,19.835026,-101.49866,-23.74679
44.6,3,27,31.24262809753418,-63.292828,19.99708,-102.48638,-24.099274
44.7,3,27,31.24262809753418,-63.962914,20.159254,-103.47433,-24.451502
44.8,3,27,31.24262809753418,-64.633003,20.321547,-104.4625,-24.803503
44.9,3,27,31.24262809753418,-65.303085,20.483955,-105.4509,-25.155272
45,3,27,31.24262809753418,-65.97319,20.646479,-106.43954,-25.506834
45.1,3,27,31.24262809753418,-66.643288,20.809113,-107.4284,-25.858181
45.2,3,27,31.24262809753418,-67.313377,20.971853,-108.41745,-26.209301
45.3,3,27,31.24262809753418,-67.983459,21.134697,-109.40671,-26.560219
45.4,3,27,31.24262809753418,-68.653549,21.297646,-110.39616,-26.910929
45.5,3,27,31.24262809753418,-69.323647,21.460695,-111.38584,-27.261459
45.6,3,27,31.24262809753418,-69.993752,21.623844,-112.37571,-27.611795
45.7,3,27,31.24262809753418,-70.663841,21.787088,-113.36575,-27.961929
45.8,3,27,31.24262809753418,-71.333923,21.950424,-114.35596,-28.311882
45.9,3,27,31.24262809753418,-72.004013,22.113855,-115.34637,-28.66165
46,3,27,31.24262809753418,-72.67411,22.277376,-116.33697,-29.011259
46.1,3,27,31.24262809753418,-73.344215,22.440985,-117.32774,-29.360693
46.2,3,27,31.24262809753418,-74.014297,22.604677,-118.31866,-29.709946
46.3,3,27,31.24262809753418,-74.684387,22.768454,-119.30974,-30.059036
46.4,3,27,31.24262809753418,-75.354469,22.932314,-120.30098,-30.407961
46.5,3,27,31.24262809753418,-76.024574,23.096256,-121.2924,-30.756744
46.6,3,27,31.24262809753418,-76.694679,23.260277,-122.28398,-31.105371
46.7,3,27,31.24262809753418,-77.364761,23.424374,-123.27569,-31.453833
46.8,3,27,31.24262809753418,-78.034851,23.588545,-124.26755,-31.802151
46.9,3,27,31.24262809753418,-78.704933,23.75279,-125.25954,-32.150318
47,3,27,31.24262809753418,-79.375038,23.91711,-126.25171,-32.49836
