temp,ref,yhat_comm,se_comm,lowerci_comm,upperci_comm,yhat_low,se_low,lowerci_low,upperci_low,yhat_high,se_high,lowerci_high,upperci_high,yhat_marg,se_marg,lowerci_marg,upperci_marg
-20,27,-19.340015,11.417501,-41.717907,3.0378768,-3.1171331,10.60429,-23.901159,17.666893,-221.65962,84.72702,-387.72153,-55.597725,-218.5425,85.511765,-386.14249,-50.942513
-19.9,27,-19.298866,11.393209,-41.629147,3.0314133,-3.1105008,10.581727,-23.850306,17.629303,-221.188,84.546745,-386.89658,-55.479431,-218.07751,85.329826,-385.32089,-50.834122
-19.8,27,-19.257717,11.368917,-41.540382,3.0249498,-3.1038687,10.559165,-23.799452,17.591715,-220.71638,84.366478,-386.07166,-55.361137,-217.61252,85.147888,-384.4993,-50.725735
-19.7,27,-19.216568,11.344625,-41.451622,3.0184863,-3.0972366,10.536603,-23.748598,17.554125,-220.24478,84.186211,-385.2467,-55.242847,-217.14755,84.96595,-383.67773,-50.617348
-19.6,27,-19.175419,11.320332,-41.362862,3.0120227,-3.0906043,10.51404,-23.697744,17.516537,-219.77316,84.005936,-384.42178,-55.124554,-216.68256,84.784004,-382.85617,-50.508957
-19.5,27,-19.13427,11.296039,-41.274101,3.0055592,-3.083972,10.491478,-23.646891,17.478947,-219.30154,83.825668,-383.59683,-55.00626,-216.21758,84.602066,-382.03458,-50.40057
-19.4,27,-19.093121,11.271747,-41.185337,2.9990954,-3.0773399,10.468916,-23.596037,17.441359,-218.82993,83.645393,-382.77188,-54.887966,-215.75259,84.420128,-381.21298,-50.292179
-19.3,27,-19.051971,11.247454,-41.096577,2.9926319,-3.0707076,10.446353,-23.545183,17.403769,-218.35831,83.465126,-381.94696,-54.769672,-215.2876,84.23819,-380.39142,-50.183792
-19.2,27,-19.010824,11.223162,-41.007816,2.9861684,-3.0640755,10.423791,-23.494331,17.36618,-217.8867,83.284859,-381.12201,-54.651382,-214.82263,84.056252,-379.56985,-50.075405
-19.1,27,-18.969675,11.198869,-40.919052,2.9797049,-3.0574434,10.401229,-23.443478,17.32859,-217.41508,83.104584,-380.29709,-54.533089,-214.35764,83.874306,-378.74826,-49.967018
-19,27,-18.928526,11.174576,-40.830292,2.9732413,-3.0508111,10.378667,-23.392624,17.291002,-216.94347,82.924316,-379.47214,-54.414795,-213.89265,83.692368,-377.92667,-49.858627
-18.9,27,-18.887377,11.150284,-40.741531,2.9667776,-3.044179,10.356104,-23.34177,17.253412,-216.47185,82.744041,-378.64719,-54.296501,-213.42767,83.510429,-377.1051,-49.75024
-18.8,27,-18.846228,11.125991,-40.652767,2.960314,-3.0375466,10.333542,-23.290916,17.215822,-216.00023,82.563774,-377.82227,-54.178207,-212.96268,83.328484,-376.28351,-49.64185
-18.7,27,-18.805079,11.101699,-40.564007,2.9538505,-3.0309145,10.31098,-23.240063,17.178234,-215.52863,82.383507,-376.99731,-54.059917,-212.49771,83.146545,-375.46194,-49.533463
-18.6,27,-18.763929,11.077406,-40.475246,2.947387,-3.0242822,10.288417,-23.189209,17.140644,-215.05701,82.203232,-376.17239,-53.941624,-212.03271,82.964607,-374.64035,-49.425076
-18.5,27,-18.72278,11.053113,-40.386486,2.9409235,-3.0176501,10.265855,-23.138355,17.103056,-214.58539,82.022964,-375.34744,-53.82333,-211.56773,82.782669,-373.81879,-49.316685
-18.4,27,-18.681631,11.028821,-40.297722,2.9344599,-3.0110178,10.243293,-23.087502,17.065466,-214.11377,81.84269,-374.52249,-53.705036,-211.10275,82.600731,-372.99719,-49.208298
-18.3,27,-18.640482,11.004528,-40.208961,2.9279962,-3.0043857,10.22073,-23.036648,17.027878,-213.64215,81.662422,-373.69754,-53.586742,-210.63776,82.418785,-372.17563,-49.099911
-18.2,27,-18.599335,10.980236,-40.120201,2.9215329,-2.9977536,10.198168,-22.985796,16.990288,-213.17053,81.482155,-372.87262,-53.468452,-210.17279,82.236847,-371.35403,-48.991524
-18.1,27,-18.558186,10.955943,-40.031441,2.9150691,-2.9911213,10.175606,-22.934942,16.9527,-212.69891,81.30188,-372.0477,-53.350159,-209.70779,82.054909,-370.53247,-48.883133
-18,27,-18.517036,10.93165,-39.942677,2.9086056,-2.9844892,10.153043,-22.884089,16.91511,-212.22731,81.121613,-371.22275,-53.231865,-209.24281,81.872971,-369.71088,-48.774746
-17.9,27,-18.475887,10.907358,-39.853916,2.902142,-2.9778569,10.130481,-22.833235,16.877522,-211.75569,80.941345,-370.3978,-53.113571,-208.77783,81.691025,-368.88931,-48.666355
-17.8,27,-18.434738,10.883065,-39.765152,2.8956783,-2.9712245,10.107919,-22.782381,16.839931,-211.28407,80.76107,-369.57285,-52.995277,-208.31284,81.509087,-368.06772,-48.557968
-17.7,27,-18.393589,10.858773,-39.676392,2.889215,-2.9645925,10.085357,-22.731527,16.802343,-210.81245,80.580803,-368.74792,-52.876987,-207.84787,81.327148,-367.24615,-48.449581
-17.6,27,-18.35244,10.83448,-39.587631,2.8827512,-2.9579604,10.062794,-22.680674,16.764753,-210.34084,80.400536,-367.92297,-52.758694,-207.38287,81.14521,-366.42456,-48.34119
-17.5,27,-18.311291,10.810187,-39.498871,2.8762877,-2.951328,10.040232,-22.62982,16.727165,-209.86922,80.220261,-367.09805,-52.6404,-206.91789,80.963272,-365.603,-48.232803
-17.4,27,-18.270142,10.785895,-39.410107,2.8698242,-2.9446959,10.01767,-22.578966,16.689575,-209.3976,80.039993,-366.2731,-52.522106,-206.45291,80.781326,-364.7814,-48.124416
-17.3,27,-18.228992,10.761602,-39.321346,2.8633606,-2.9380636,9.9951067,-22.528112,16.651985,-208.92598,79.859718,-365.44815,-52.403812,-205.98792,80.599388,-363.95981,-48.016026
-17.2,27,-18.187845,10.73731,-39.232586,2.8568971,-2.9314315,9.9725447,-22.477261,16.614397,-208.45438,79.679451,-364.62323,-52.285522,-205.52295,80.41745,-363.13824,-47.907639
-17.1,27,-18.146696,10.713017,-39.143826,2.8504336,-2.9247994,9.9499826,-22.426407,16.576807,-207.98276,79.499184,-363.79828,-52.167229,-205.05795,80.235512,-362.31668,-47.799252
-17,27,-18.105547,10.688725,-39.055061,2.8439698,-2.9181671,9.9274197,-22.375553,16.539219,-207.51114,79.318909,-362.97336,-52.048935,-204.59297,80.053566,-361.49509,-47.690861
-16.9,27,-18.064398,10.664433,-38.966301,2.8375063,-2.9115348,9.9048576,-22.324699,16.501629,-207.03952,79.138641,-362.14841,-51.930641,-204.12799,79.871628,-360.67349,-47.582474
-16.8,27,-18.023249,10.64014,-38.877537,2.8310428,-2.9049027,9.8822956,-22.273846,16.464041,-206.5679,78.958366,-361.32346,-51.812347,-203.66301,79.68969,-359.85193,-47.474083
-16.7,27,-17.9821,10.615848,-38.788776,2.8245792,-2.8982706,9.8597336,-22.222992,16.426451,-206.0963,78.778099,-360.49854,-51.694057,-203.19803,79.507751,-359.03036,-47.365696
-16.6,27,-17.94095,10.591555,-38.700016,2.8181157,-2.8916383,9.8371706,-22.172138,16.388863,-205.62468,78.597832,-359.67358,-51.575764,-202.73303,79.325813,-358.20877,-47.257309
-16.5,27,-17.899801,10.567263,-38.611256,2.8116519,-2.8850062,9.8146086,-22.121284,16.351273,-205.15306,78.417557,-358.84866,-51.45747,-202.26805,79.143867,-357.38718,-47.148922
-16.4,27,-17.858652,10.54297,-38.522491,2.8051884,-2.8783739,9.7920456,-22.070431,16.313684,-204.68144,78.237289,-358.02371,-51.339176,-201.80307,78.961929,-356.56561,-47.040531
-16.3,27,-17.817503,10.518677,-38.433731,2.7987249,-2.8717418,9.7694836,-22.019577,16.276094,-204.20982,78.057014,-357.19876,-51.220882,-201.33809,78.779991,-355.74402,-46.932144
-16.2,27,-17.776354,10.494385,-38.344971,2.7922614,-2.8651097,9.7469215,-21.968725,16.238506,-203.73822,77.876747,-356.37384,-51.102592,-200.87311,78.598053,-354.92245,-46.823757
-16.1,27,-17.735205,10.470092,-38.25621,2.7857978,-2.8584774,9.7243595,-21.917871,16.200916,-203.2666,77.69648,-355.54889,-50.984299,-200.40811,78.416107,-354.10086,-46.715366
-16,27,-17.694056,10.4458,-38.167446,2.7793343,-2.8518453,9.7017965,-21.867018,16.163328,-202.79498,77.516205,-354.72394,-50.866005,-199.94313,78.234169,-353.2793,-46.606979
-15.9,27,-17.652906,10.421507,-38.078686,2.7728705,-2.8452129,9.6792345,-21.816164,16.125738,-202.32336,77.335938,-353.89902,-50.747711,-199.47815,78.052231,-352.4577,-46.498589
-15.8,27,-17.611759,10.397214,-37.989925,2.766407,-2.8385808,9.6566725,-21.76531,16.08815,-201.85175,77.15567,-353.07407,-50.629417,-199.01317,77.870293,-351.63614,-46.390202
-15.7,27,-17.57061,10.372922,-37.901161,2.7599435,-2.8319485,9.6341095,-21.714457,16.05056,-201.38013,76.975395,-352.24915,-50.511124,-198.54819,77.688347,-350.81454,-46.281815
-15.6,27,-17.529461,10.348629,-37.812401,2.75348,-2.8253164,9.6115475,-21.663603,16.012972,-200.90851,76.795128,-351.42419,-50.392834,-198.08321,77.506409,-349.99298,-46.173424
-15.5,27,-17.488312,10.324337,-37.72364,2.7470164,-2.8186841,9.5889854,-21.612749,15.975382,-200.4369,76.614853,-350.59924,-50.27454,-197.61821,77.324471,-349.17139,-46.065037
-15.4,27,-17.447163,10.300044,-37.634876,2.7405529,-2.812052,9.5664225,-21.561895,15.937793,-199.96529,76.434586,-349.77432,-50.156246,-197.15323,77.142532,-348.34979,-45.95665
-15.3,27,-17.406013,10.275751,-37.546116,2.7340891,-2.8054197,9.5438604,-21.511044,15.900204,-199.49367,76.254318,-348.94937,-50.037952,-196.68825,76.960594,-347.52823,-45.848259
-15.2,27,-17.364864,10.251459,-37.457355,2.7276256,-2.7987876,9.5212984,-21.46019,15.862615,-199.02205,76.074043,-348.12445,-49.919659,-196.22327,76.778648,-346.70663,-45.739872
-15.1,27,-17.323715,10.227166,-37.368595,2.7211621,-2.7921555,9.4987364,-21.409336,15.825026,-198.55043,75.893776,-347.2995,-49.801369,-195.75829,76.59671,-345.88507,-45.631485
-15,27,-17.282566,10.202874,-37.279831,2.7146986,-2.7855232,9.4761734,-21.358482,15.787436,-198.07881,75.713509,-346.47455,-49.683075,-195.29329,76.414772,-345.06348,-45.523094
-14.9,27,-17.241417,10.178581,-37.191071,2.708235,-2.7788908,9.4536114,-21.307629,15.749846,-197.60719,75.533234,-345.64963,-49.564781,-194.82831,76.232826,-344.24191,-45.414707
-14.8,27,-17.20027,10.154288,-37.10231,2.7017715,-2.7722588,9.4310493,-21.256775,15.712257,-197.13559,75.352966,-344.82468,-49.446487,-194.36333,76.050888,-343.42032,-45.30632
-14.7,27,-17.159121,10.129996,-37.013546,2.6953077,-2.7656267,9.4084864,-21.205921,15.674668,-196.66397,75.172691,-343.99973,-49.328194,-193.89835,75.86895,-342.59875,-45.197929
-14.6,27,-17.117971,10.105703,-36.924786,2.6888442,-2.7589943,9.3859243,-21.155069,15.637079,-196.19235,74.992424,-343.1748,-49.209904,-193.43336,75.687012,-341.77716,-45.089542
-14.5,27,-17.076822,10.081411,-36.836025,2.6823807,-2.7523623,9.3633623,-21.104216,15.59949,-195.72073,74.812157,-342.34985,-49.09161,-192.96837,75.505074,-340.9556,-44.981155
-14.4,27,-17.035673,10.057118,-36.747261,2.6759171,-2.7457299,9.3407993,-21.053362,15.561901,-195.24911,74.631882,-341.52493,-48.973316,-192.50339,75.323128,-340.134,-44.872765
-14.3,27,-16.994524,10.032826,-36.658501,2.6694536,-2.7390978,9.3182373,-21.002508,15.524312,-194.7775,74.451614,-340.69998,-48.855022,-192.03841,75.14119,-339.31244,-44.764378
-14.2,27,-16.953375,10.008533,-36.56974,2.6629901,-2.7324655,9.2956753,-20.951654,15.486723,-194.30589,74.271339,-339.87503,-48.736729,-191.57343,74.959251,-338.49084,-44.655987
-14.1,27,-16.912226,9.9842405,-36.48098,2.6565266,-2.7258334,9.2731133,-20.900801,15.449134,-193.83427,74.091072,-339.05011,-48.618435,-191.10844,74.777313,-337.66928,-44.5476
-14,27,-16.871077,9.9599485,-36.392216,2.6500628,-2.7192011,9.2505503,-20.849947,15.411545,-193.36266,73.910805,-338.22516,-48.500145,-190.64345,74.595367,-336.84769,-44.439213
-13.9,27,-16.829927,9.9356556,-36.303455,2.6435993,-2.712569,9.2279882,-20.799093,15.373956,-192.89104,73.73053,-337.40021,-48.381851,-190.17847,74.413429,-336.02612,-44.330822
-13.8,27,-16.788778,9.9113636,-36.214695,2.6371357,-2.7059369,9.2054262,-20.74824,15.336367,-192.41942,73.550262,-336.57529,-48.263557,-189.71349,74.231491,-335.20453,-44.222435
-13.7,27,-16.747629,9.8870707,-36.125931,2.6306722,-2.6993046,9.1828632,-20.697386,15.298778,-191.9478,73.369987,-335.75034,-48.145264,-189.2485,74.049553,-334.38297,-44.114048
-13.6,27,-16.706482,9.8627777,-36.03717,2.6242087,-2.6926725,9.1603012,-20.646534,15.261189,-191.4762,73.18972,-334.92542,-48.02697,-188.78352,73.867615,-333.56137,-44.005661
-13.5,27,-16.665333,9.8384857,-35.94841,2.6177449,-2.6860402,9.1377392,-20.59568,15.223599,-191.00458,73.009453,-334.10046,-47.90868,-188.31853,73.685669,-332.73981,-43.89727
-13.4,27,-16.624184,9.8141928,-35.859646,2.6112814,-2.6794081,9.1151762,-20.544827,15.186009,-190.53296,72.829178,-333.27551,-47.790386,-187.85355,73.503731,-331.91821,-43.788883
-13.3,27,-16.583035,9.7899008,-35.770885,2.6048179,-2.6727757,9.0926142,-20.493973,15.14842,-190.06134,72.648911,-332.45059,-47.672092,-187.38857,73.321793,-331.09665,-43.680492
-13.2,27,-16.541885,9.7656078,-35.682125,2.5983543,-2.6661437,9.0700521,-20.443119,15.110831,-189.58972,72.468643,-331.62564,-47.553799,-186.92358,73.139854,-330.27505,-43.572105
-13.1,27,-16.500736,9.7413149,-35.593365,2.5918908,-2.6595113,9.0474901,-20.392265,15.073242,-189.1181,72.288368,-330.80072,-47.435505,-186.4586,72.957909,-329.45349,-43.463718
-13,27,-16.459587,9.7170229,-35.504601,2.5854273,-2.6528792,9.0249271,-20.341412,15.035653,-188.64648,72.108101,-329.97577,-47.317211,-185.99361,72.77597,-328.6319,-43.355328
-12.9,27,-16.418438,9.6927299,-35.41584,2.5789635,-2.6462469,9.0023651,-20.290558,14.998064,-188.17488,71.927826,-329.15082,-47.198921,-185.52863,72.594032,-327.8103,-43.246941
-12.8,27,-16.377289,9.668438,-35.32708,2.5725,-2.6396148,8.9798031,-20.239704,14.960475,-187.70326,71.747559,-328.3259,-47.080627,-185.06364,72.412094,-326.98874,-43.138554
-12.7,27,-16.33614,9.644145,-35.238316,2.5660365,-2.6329825,8.9572401,-20.18885,14.922886,-187.23164,71.567291,-327.50095,-46.962334,-184.59866,72.230148,-326.16714,-43.030163
-12.6,27,-16.294992,9.619853,-35.149555,2.5595729,-2.6263504,8.9346781,-20.137999,14.885297,-186.76003,71.387016,-326.67603,-46.84404,-184.13368,72.04821,-325.34558,-42.921776
-12.5,27,-16.253843,9.5955601,-35.060795,2.5531094,-2.6197183,8.9121161,-20.087145,14.847708,-186.28841,71.206749,-325.85107,-46.725746,-183.66869,71.866272,-324.52399,-42.813389
-12.4,27,-16.212694,9.5712671,-34.972031,2.5466456,-2.613086,8.8895531,-20.036291,14.810119,-185.81679,71.026474,-325.02612,-46.607452,-183.2037,71.684334,-323.70242,-42.704998
-12.3,27,-16.171545,9.5469751,-34.88327,2.5401821,-2.6064539,8.866991,-19.985437,14.77253,-185.34518,70.846207,-324.2012,-46.489162,-182.73872,71.502396,-322.88083,-42.596611
-12.2,27,-16.130396,9.5226822,-34.79451,2.5337186,-2.5998216,8.844429,-19.934584,14.734941,-184.87357,70.665939,-323.37625,-46.370869,-182.27374,71.32045,-322.05927,-42.48822
-12.1,27,-16.089247,9.4983902,-34.70575,2.5272551,-2.5931895,8.821867,-19.88373,14.697351,-184.40195,70.485672,-322.55133,-46.252575,-181.80876,71.138512,-321.23767,-42.379833
-12,27,-16.048098,9.4740973,-34.616985,2.5207915,-2.5865571,8.799304,-19.832876,14.659762,-183.93033,70.305397,-321.72638,-46.134281,-181.34377,70.956573,-320.41611,-42.271446
-11.9,27,-16.006948,9.4498043,-34.528225,2.514328,-2.5799251,8.776742,-19.782022,14.622172,-183.45871,70.12513,-320.90143,-46.015987,-180.87878,70.774635,-319.59451,-42.163055
-11.8,27,-15.965799,9.4255123,-34.439465,2.5078645,-2.5732927,8.75418,-19.731169,14.584584,-182.98709,69.944855,-320.07651,-45.897697,-180.4138,70.59269,-318.77295,-42.054668
-11.7,27,-15.924651,9.4012194,-34.3507,2.5014007,-2.5666606,8.731617,-19.680315,14.546994,-182.51547,69.764587,-319.25156,-45.779404,-179.94882,70.410751,-317.95135,-41.946281
-11.6,27,-15.883502,9.3769274,-34.26194,2.4949372,-2.5600286,8.7090549,-19.629463,14.509405,-182.04387,69.58432,-318.42664,-45.66111,-179.48384,70.228813,-317.12979,-41.837894
-11.5,27,-15.842353,9.3526344,-34.17318,2.4884737,-2.5533962,8.6864929,-19.578609,14.471816,-181.57225,69.404045,-317.60168,-45.542816,-179.01884,70.046875,-316.3082,-41.729504
-11.4,27,-15.801204,9.3283415,-34.084419,2.4820101,-2.5467639,8.6639299,-19.527756,14.434227,-181.10063,69.223778,-316.77673,-45.424522,-178.55386,69.864929,-315.4866,-41.621117
-11.3,27,-15.760055,9.3040495,-33.995655,2.4755466,-2.5401318,8.6413679,-19.476902,14.396638,-180.62901,69.043503,-315.95181,-45.306232,-178.08888,69.682991,-314.66504,-41.512726
-11.2,27,-15.718905,9.2797565,-33.906895,2.4690828,-2.5334997,8.6188059,-19.426048,14.359049,-180.15739,68.863235,-315.12686,-45.187939,-177.6239,69.501053,-313.84344,-41.404339
-11.1,27,-15.677757,9.2554646,-33.818134,2.4626193,-2.5268674,8.5962429,-19.375195,14.32146,-179.68579,68.682968,-314.30191,-45.069645,-177.15892,69.319115,-313.02188,-41.295952
-11,27,-15.636608,9.2311716,-33.72937,2.4561558,-2.5202353,8.5736809,-19.324341,14.283871,-179.21417,68.502693,-313.47699,-44.951351,-176.69394,69.137177,-312.20029,-41.187561
-10.9,27,-15.595459,9.2068787,-33.64061,2.4496922,-2.513603,8.5511189,-19.273487,14.246282,-178.74255,68.322426,-312.65204,-44.833057,-176.22894,68.955231,-311.37872,-41.079174
-10.8,27,-15.55431,9.1825867,-33.551849,2.4432287,-2.5069709,8.5285568,-19.222633,14.208693,-178.27094,68.142159,-311.82712,-44.714767,-175.76396,68.773293,-310.55713,-40.970787
-10.7,27,-15.513161,9.1582937,-33.463089,2.4367652,-2.5003386,8.5059938,-19.17178,14.171103,-177.79932,67.961884,-311.00217,-44.596474,-175.29898,68.591354,-309.73557,-40.862396
-10.6,27,-15.472013,9.1340017,-33.374325,2.4303017,-2.4937065,8.4834318,-19.120928,14.133514,-177.3277,67.781616,-310.17722,-44.47818,-174.834,68.409416,-308.91397,-40.754009
-10.5,27,-15.430863,9.1097088,-33.285564,2.4238379,-2.4870744,8.4608698,-19.070074,14.095925,-176.85608,67.601341,-309.35229,-44.359886,-174.36902,68.22747,-308.09241,-40.645622
-10.4,27,-15.389714,9.0854158,-33.196804,2.4173744,-2.480442,8.4383068,-19.01922,14.058335,-176.38446,67.421074,-308.52734,-44.241592,-173.90402,68.045532,-307.27081,-40.537231
-10.3,27,-15.348565,9.0611238,-33.10804,2.4109108,-2.47381,8.4157448,-18.968367,14.020747,-175.91286,67.240807,-307.70239,-44.123302,-173.43904,67.863594,-306.44925,-40.428844
-10.2,27,-15.307416,9.0368309,-33.019279,2.4044473,-2.4671776,8.3931828,-18.917513,13.983157,-175.44124,67.060532,-306.87747,-44.005009,-172.97406,67.681656,-305.62766,-40.320457
-10.1,27,-15.266268,9.0125389,-32.930519,2.3979838,-2.4605455,8.3706198,-18.866659,13.945569,-174.96962,66.880264,-306.05252,-43.886715,-172.50908,67.499718,-304.80609,-40.212067
-10,27,-15.225119,8.988246,-32.841755,2.39152,-2.4539132,8.3480577,-18.815805,13.907979,-174.498,66.699989,-305.2276,-43.768421,-172.0441,67.317772,-303.9845,-40.10368
-9.9,27,-15.183969,8.963953,-32.752995,2.3850565,-2.4472811,8.3254957,-18.764952,13.87039,-174.02638,66.519722,-304.40265,-43.650127,-171.5791,67.135834,-303.16293,-39.995289
-9.800000000000001,27,-15.14282,8.939661,-32.664234,2.378593,-2.4406488,8.3029327,-18.714098,13.832801,-173.55478,66.339455,-303.5777,-43.531837,-171.11412,66.953896,-302.34134,-39.886902
-9.699999999999999,27,-15.101671,8.9153681,-32.575474,2.3721294,-2.4340167,8.2803707,-18.663244,13.795212,-173.08316,66.15918,-302.75278,-43.413544,-170.64914,66.771957,-301.51978,-39.778515
-9.6,27,-15.060523,8.8910761,-32.48671,2.3656659,-2.4273846,8.2578087,-18.612392,13.757623,-172.61154,65.978912,-301.92783,-43.29525,-170.18416,66.590012,-300.69818,-39.670128
-9.5,27,-15.019374,8.8667831,-32.397949,2.3592024,-2.4207523,8.2352467,-18.561539,13.720034,-172.13992,65.798637,-301.10291,-43.176956,-169.71918,66.408073,-299.87662,-39.561737
-9.4,27,-14.978225,8.8424902,-32.309189,2.3527386,-2.41412,8.2126837,-18.510685,13.682445,-171.6683,65.61837,-300.27795,-43.058662,-169.25418,66.226135,-299.05502,-39.45335
-9.300000000000001,27,-14.937076,8.8181982,-32.220425,2.3462751,-2.4074879,8.1901217,-18.459831,13.644855,-171.19669,65.438103,-299.453,-42.940372,-168.7892,66.044197,-298.23346,-39.344959
-9.199999999999999,27,-14.895926,8.7939053,-32.131664,2.3398116,-2.4008558,8.1675596,-18.408978,13.607266,-170.72507,65.257828,-298.62808,-42.822079,-168.32422,65.862251,-297.41187,-39.236572
-9.1,27,-14.854777,8.7696133,-32.042904,2.333348,-2.3942235,8.1449966,-18.358124,13.569677,-170.25346,65.07756,-297.80313,-42.703785,-167.85924,65.680313,-296.5903,-39.128185
-9,27,-14.813628,8.7453203,-31.954142,2.3268845,-2.3875914,8.1224346,-18.30727,13.532088,-169.78185,64.897293,-296.97818,-42.585491,-167.39426,65.498375,-295.76871,-39.019794
-8.9,27,-14.772479,8.7210274,-31.865379,2.320421,-2.380959,8.0998726,-18.256416,13.494498,-169.31023,64.717018,-296.15326,-42.467197,-166.92926,65.316437,-294.94711,-38.911407
-8.800000000000001,27,-14.731331,8.6967354,-31.776619,2.3139575,-2.3743269,8.0773096,-18.205564,13.45691,-168.83861,64.536751,-295.32831,-42.348907,-166.46428,65.134499,-294.12555,-38.80302
-8.699999999999999,27,-14.690182,8.6724424,-31.687857,2.3074937,-2.3676946,8.0547476,-18.154711,13.41932,-168.36699,64.356476,-294.50339,-42.230614,-165.9993,64.952553,-293.30396,-38.69463
-8.6,27,-14.649033,8.6481504,-31.599096,2.3010302,-2.3610625,8.0321856,-18.103857,13.381732,-167.89539,64.176208,-293.67844,-42.11232,-165.53432,64.770615,-292.48239,-38.586243
-8.5,27,-14.607883,8.6238575,-31.510334,2.2945666,-2.3544302,8.0096226,-18.053003,13.344142,-167.42377,63.995937,-292.85349,-41.994026,-165.06934,64.588676,-291.6608,-38.477856
-8.4,27,-14.566734,8.5995646,-31.421572,2.2881031,-2.3477981,7.9870605,-18.00215,13.306553,-166.95215,63.815666,-292.02856,-41.875732,-164.60434,64.406731,-290.83923,-38.369465
-8.300000000000001,27,-14.525586,8.5752726,-31.332811,2.2816396,-2.341166,7.9644985,-17.951296,13.268964,-166.48053,63.635399,-291.20361,-41.757442,-164.13936,64.224792,-290.01764,-38.261078
-8.199999999999999,27,-14.484437,8.5509796,-31.244049,2.2751758,-2.3345337,7.941936,-17.900442,13.231375,-166.00891,63.455128,-290.37866,-41.639149,-163.67438,64.042854,-289.19608,-38.152691
-8.1,27,-14.443288,8.5266876,-31.155289,2.2687123,-2.3279016,7.919374,-17.849588,13.193786,-165.53729,63.274857,-289.55374,-41.520855,-163.2094,63.860916,-288.37448,-38.0443
-8,27,-14.402139,8.5023947,-31.066526,2.2622488,-2.3212693,7.8968115,-17.798735,13.156197,-165.06567,63.094589,-288.72879,-41.402561,-162.74442,63.678974,-287.55292,-37.935913
-7.9,27,-14.36099,8.4781027,-30.977766,2.2557852,-2.3146372,7.874249,-17.747881,13.118608,-164.59407,62.914318,-287.90387,-41.284267,-162.27943,63.497036,-286.73132,-37.827526
-7.8,27,-14.319841,8.4538097,-30.889004,2.2493217,-2.3080049,7.851687,-17.697029,13.081018,-164.12245,62.734047,-287.07892,-41.165974,-161.81444,63.315094,-285.90976,-37.719135
-7.7,27,-14.278692,8.4295168,-30.800241,2.2428582,-2.3013728,7.8291245,-17.646175,13.043429,-163.65083,62.553776,-286.25397,-41.047684,-161.34946,63.133156,-285.08817,-37.610748
-7.6,27,-14.237543,8.4052248,-30.711481,2.2363944,-2.2947404,7.8065619,-17.595322,13.00584,-163.17921,62.373505,-285.42905,-40.92939,-160.88448,62.951214,-284.2666,-37.502357
-7.5,27,-14.196394,8.3809319,-30.622719,2.2299309,-2.2881083,7.7839999,-17.544468,12.968251,-162.7076,62.193237,-284.6041,-40.811096,-160.41949,62.769276,-283.44501,-37.39397
-7.4,27,-14.155245,8.3566399,-30.533958,2.2234674,-2.281476,7.7614374,-17.493614,12.930662,-162.23598,62.012966,-283.77917,-40.692802,-159.95451,62.587337,-282.62344,-37.285583
-7.3,27,-14.114097,8.3323469,-30.445196,2.2170038,-2.2748439,7.7388754,-17.44276,12.893073,-161.76437,61.832695,-282.95422,-40.574509,-159.48952,62.405396,-281.80185,-37.177197
-7.2,27,-14.072948,8.308054,-30.356434,2.2105403,-2.2682116,7.7163129,-17.391907,12.855483,-161.29276,61.652424,-282.12927,-40.456219,-159.02454,62.223457,-280.98026,-37.068806
-7.1,27,-14.031798,8.283762,-30.267673,2.2040768,-2.2615795,7.6937504,-17.341053,12.817894,-160.82114,61.472157,-281.30435,-40.337925,-158.55956,62.041515,-280.15869,-36.960419
-7,27,-13.990649,8.259469,-30.178911,2.197613,-2.2549474,7.6711884,-17.290199,12.780305,-160.34952,61.291885,-280.4794,-40.219631,-158.09457,61.859577,-279.3371,-36.852028
-6.9,27,-13.9495,8.235177,-30.090151,2.1911495,-2.2483151,7.6486259,-17.239346,12.742716,-159.8779,61.111614,-279.65448,-40.101337,-157.62959,61.677635,-278.51553,-36.743641
-6.8,27,-13.908351,8.2108841,-30.001389,2.1846859,-2.241683,7.6260638,-17.188494,12.705127,-159.40628,60.931343,-278.82953,-39.983044,-157.1646,61.495697,-277.69394,-36.635254
-6.7,27,-13.867202,8.1865911,-29.912626,2.1782224,-2.2350507,7.6035013,-17.13764,12.667538,-158.93466,60.751072,-278.00458,-39.86475,-156.69962,61.313755,-276.87238,-36.526863
-6.6,27,-13.826054,8.1622992,-29.823866,2.1717589,-2.2284186,7.5809388,-17.086786,12.629949,-158.46306,60.570805,-277.17966,-39.74646,-156.23463,61.131817,-276.05078,-36.418476
-6.5,27,-13.784904,8.1380062,-29.735104,2.1652954,-2.2217863,7.5583768,-17.035933,12.59236,-157.99144,60.390533,-276.35471,-39.628166,-155.76965,60.949875,-275.22922,-36.310089
-6.4,27,-13.743755,8.1137142,-29.646343,2.1588316,-2.2151542,7.5358143,-16.985079,12.55477,-157.51982,60.210262,-275.52975,-39.509872,-155.30467,60.767937,-274.40762,-36.201698
-6.3,27,-13.702606,8.0894213,-29.557581,2.1523681,-2.2085218,7.5132523,-16.934225,12.517181,-157.0482,60.029995,-274.70483,-39.391579,-154.83968,60.585999,-273.58606,-36.093311
-6.2,27,-13.661457,8.0651283,-29.468819,2.1459045,-2.2018898,7.4906898,-16.883371,12.479592,-156.57658,59.849724,-273.87988,-39.273285,-154.37469,60.404057,-272.76447,-35.984924
-6.1,27,-13.620309,8.0408363,-29.380058,2.139441,-2.1952574,7.4681273,-16.832518,12.442003,-156.10497,59.669453,-273.05496,-39.154995,-153.90971,60.222118,-271.9429,-35.876534
-6,27,-13.57916,8.0165434,-29.291296,2.1329775,-2.1886253,7.4455652,-16.781664,12.404414,-155.63336,59.489182,-272.23001,-39.036701,-153.44473,60.040176,-271.12131,-35.768147
-5.9,27,-13.538011,7.9922514,-29.202536,2.126514,-2.1819932,7.4230027,-16.730812,12.366825,-155.16174,59.308914,-271.40506,-38.918407,-152.97975,59.858238,-270.29974,-35.65976
-5.8,27,-13.496861,7.9679585,-29.113773,2.1200502,-2.1753609,7.4004402,-16.679958,12.329236,-154.69012,59.128643,-270.58014,-38.800114,-152.51477,59.676296,-269.47815,-35.551369
-5.7,27,-13.455712,7.943666,-29.025011,2.1135867,-2.1687288,7.3778782,-16.629105,12.291647,-154.21851,58.948372,-269.75519,-38.68182,-152.04977,59.494358,-268.65659,-35.442982
-5.6,27,-13.414563,7.9193735,-28.936251,2.1071231,-2.1620965,7.3553157,-16.578251,12.254058,-153.74689,58.768101,-268.93027,-38.56353,-151.58479,59.312416,-267.83499,-35.334595
-5.5,27,-13.373415,7.895081,-28.847488,2.1006596,-2.1554644,7.3327537,-16.527397,12.216468,-153.27527,58.58783,-268.10532,-38.445236,-151.11981,59.130478,-267.01343,-35.226204
-5.4,27,-13.332266,7.8707886,-28.758728,2.0941961,-2.1488321,7.3101912,-16.476543,12.178879,-152.80367,58.407562,-267.28036,-38.326942,-150.65483,58.948536,-266.19183,-35.117817
-5.3,27,-13.291117,7.8464961,-28.669966,2.0877326,-2.1422,7.2876287,-16.42569,12.14129,-152.33205,58.227291,-266.45544,-38.208649,-150.18985,58.766598,-265.37027,-35.00943
-5.2,27,-13.249968,7.8222032,-28.581203,2.0812688,-2.1355677,7.2650666,-16.374836,12.103701,-151.86043,58.04702,-265.63049,-38.090355,-149.72485,58.584656,-264.54868,-34.901039
-5.1,27,-13.208818,7.7979107,-28.492443,2.0748053,-2.1289356,7.2425041,-16.323982,12.066112,-151.38881,57.866749,-264.80554,-37.972065,-149.25987,58.402718,-263.72708,-34.792652
-5,27,-13.16767,7.7736182,-28.403681,2.0683417,-2.1223032,7.2199421,-16.273129,12.028522,-150.91719,57.686481,-263.98062,-37.853771,-148.79489,58.220776,-262.90552,-34.684261
-4.9,27,-13.126521,7.7493258,-28.31492,2.0618782,-2.1156712,7.1973796,-16.222277,11.990933,-150.44557,57.50621,-263.15567,-37.735477,-148.32991,58.038837,-262.08392,-34.575874
-4.8,27,-13.085372,7.7250333,-28.226158,2.0554147,-2.1090391,7.1748171,-16.171423,11.953344,-149.97397,57.325939,-262.33075,-37.617184,-147.86493,57.856899,-261.26236,-34.467487
-4.7,27,-13.044223,7.7007403,-28.137398,2.0489509,-2.1024067,7.1522551,-16.120569,11.915755,-149.50235,57.145668,-261.5058,-37.49889,-147.39993,57.674957,-260.44077,-34.359097
-4.6,27,-13.003074,7.6764479,-28.048635,2.0424874,-2.0957747,7.1296926,-16.069715,11.878166,-149.03073,56.965397,-260.68085,-37.3806,-146.93495,57.493019,-259.6192,-34.25071
-4.5,27,-12.961926,7.6521554,-27.959873,2.0360239,-2.0891423,7.1071301,-16.018862,11.840577,-148.55911,56.78513,-259.85593,-37.262306,-146.46997,57.311077,-258.79761,-34.142323
-4.4,27,-12.920776,7.6278629,-27.871113,2.0295603,-2.0825102,7.084568,-15.968008,11.802988,-148.08749,56.604858,-259.03098,-37.144012,-146.00499,57.129139,-257.97604,-34.033932
-4.3,27,-12.879627,7.6035705,-27.782351,2.0230968,-2.0758779,7.0620055,-15.917154,11.765399,-147.61588,56.424587,-258.20605,-37.025719,-145.54001,56.947197,-257.15445,-33.925545
-4.2,27,-12.838478,7.5792775,-27.69359,2.0166333,-2.0692458,7.0394435,-15.866301,11.72781,-147.14426,56.244316,-257.3811,-36.907425,-145.07501,56.765259,-256.33289,-33.817158
-4.1,27,-12.797329,7.554985,-27.604828,2.0101695,-2.0626135,7.016881,-15.815448,11.690221,-146.67265,56.064049,-256.55615,-36.789131,-144.61003,56.583317,-255.51129,-33.708767
-4,27,-12.75618,7.5306926,-27.516066,2.003706,-2.0559814,6.9943185,-15.764594,11.652632,-146.20103,55.883778,-255.73122,-36.670841,-144.14505,56.401379,-254.68971,-33.60038
-3.9,27,-12.715032,7.5064001,-27.427305,1.9972425,-2.0493493,6.9717565,-15.71374,11.615043,-145.72942,55.703506,-254.90628,-36.552547,-143.68007,56.219437,-253.86813,-33.491993
-3.8,27,-12.673882,7.4821076,-27.338543,1.9907789,-2.042717,6.949194,-15.662887,11.577453,-145.2578,55.523235,-254.08134,-36.434254,-143.21509,56.037498,-253.04655,-33.383602
-3.7,27,-12.632733,7.4578152,-27.249783,1.9843154,-2.0360849,6.9266319,-15.612034,11.539864,-144.78618,55.342968,-253.25641,-36.31596,-142.75009,55.85556,-252.22498,-33.275215
-3.6,27,-12.591584,7.4335222,-27.16102,1.9778517,-2.0294526,6.9040694,-15.56118,11.502275,-144.31456,55.162697,-252.43146,-36.197666,-142.28511,55.673618,-251.4034,-33.166828
-3.5,27,-12.550435,7.4092298,-27.072258,1.9713882,-2.0228205,6.8815069,-15.510326,11.464685,-143.84296,54.982426,-251.60652,-36.079376,-141.82013,55.49168,-250.58182,-33.058437
-3.4,27,-12.509287,7.3849373,-26.983498,1.9649247,-2.0161881,6.8589449,-15.459473,11.427096,-143.37134,54.802155,-250.78159,-35.961082,-141.35515,55.309738,-249.76024,-32.95005
-3.3,27,-12.468138,7.3606448,-26.894735,1.958461,-2.0095561,6.8363824,-15.408619,11.389507,-142.89972,54.621887,-249.95665,-35.842789,-140.89017,55.1278,-248.93866,-32.841663
-3.2,27,-12.426989,7.3363523,-26.805975,1.9519975,-2.0029237,6.8138204,-15.357766,11.351918,-142.4281,54.441616,-249.13171,-35.724495,-140.42517,54.945858,-248.11708,-32.733273
-3.1,27,-12.385839,7.3120594,-26.717213,1.945534,-1.9962916,6.7912579,-15.306912,11.314329,-141.95648,54.261345,-248.30676,-35.606201,-139.96019,54.76392,-247.2955,-32.624886
-3,27,-12.34469,7.2877669,-26.628452,1.9390703,-1.9896594,6.7686954,-15.256059,11.27674,-141.48486,54.081074,-247.48183,-35.487911,-139.49521,54.581978,-246.47392,-32.516495
-2.9,27,-12.303541,7.2634745,-26.53969,1.9326068,-1.9830272,6.7461333,-15.205205,11.239151,-141.01326,53.900806,-246.65689,-35.369617,-139.03023,54.40004,-245.65234,-32.408108
-2.8,27,-12.262393,7.239182,-26.450928,1.9261433,-1.976395,6.7235708,-15.154352,11.201562,-140.54164,53.720535,-245.83195,-35.251324,-138.56525,54.218098,-244.83076,-32.299721
-2.7,27,-12.221244,7.2148895,-26.362167,1.9196796,-1.9697628,6.7010083,-15.103498,11.163973,-140.07002,53.540264,-245.007,-35.13303,-138.10025,54.03616,-244.00919,-32.19133
-2.6,27,-12.180095,7.1905966,-26.273405,1.9132161,-1.9631306,6.6784463,-15.052645,11.126384,-139.5984,53.359993,-244.18207,-35.014736,-137.63527,53.854218,-243.18761,-32.082943
-2.5,27,-12.138946,7.1663041,-26.184645,1.9067526,-1.9564984,6.6558838,-15.001791,11.088795,-139.12679,53.179722,-243.35713,-34.896446,-137.17029,53.672279,-242.36603,-31.974554
-2.4,27,-12.097796,7.1420116,-26.095882,1.9002889,-1.9498662,6.6333218,-14.950937,11.051206,-138.65517,52.999454,-242.5322,-34.778152,-136.70531,53.490341,-241.54445,-31.866167
-2.3,27,-12.056647,7.1177192,-26.00712,1.8938254,-1.943234,6.6107593,-14.900084,11.013616,-138.18355,52.819183,-241.70724,-34.659859,-136.24033,53.308399,-240.72287,-31.757778
-2.2,27,-12.015499,7.0934267,-25.91836,1.8873619,-1.9366019,6.5881968,-14.849231,10.976027,-137.71194,52.638912,-240.88231,-34.541565,-135.77534,53.126461,-239.90129,-31.649389
-2.1,27,-11.97435,7.0691338,-25.829597,1.8808982,-1.9299697,6.5656347,-14.798377,10.938437,-137.24033,52.458641,-240.05737,-34.423271,-135.31035,52.944519,-239.0797,-31.541002
-2,27,-11.933201,7.0448413,-25.740837,1.8744347,-1.9233375,6.5430722,-14.747523,10.900848,-136.76871,52.278374,-239.23244,-34.304981,-134.84537,52.762581,-238.25812,-31.432613
-1.9,27,-11.892052,7.0205488,-25.652075,1.8679712,-1.9167053,6.5205102,-14.69667,10.863259,-136.29709,52.098103,-238.4075,-34.186687,-134.38039,52.580639,-237.43654,-31.324224
-1.8,27,-11.850903,6.9962564,-25.563313,1.8615075,-1.910073,6.4979477,-14.645817,10.82567,-135.82547,51.917831,-237.58255,-34.068394,-133.91541,52.398701,-236.61496,-31.215837
-1.7,27,-11.809754,6.9719639,-25.474552,1.855044,-1.9034408,6.4753852,-14.594963,10.788081,-135.35385,51.73756,-236.75761,-33.9501,-133.45042,52.216759,-235.79338,-31.107449
-1.6,27,-11.768605,6.9476714,-25.38579,1.8485805,-1.8968086,6.4528232,-14.544109,10.750492,-134.88225,51.557293,-235.93268,-33.831806,-132.98543,52.034821,-234.9718,-30.99906
-1.5,27,-11.727456,6.9233785,-25.297029,1.8421168,-1.8901764,6.4302607,-14.493256,10.712903,-134.41063,51.377022,-235.10774,-33.713512,-132.52045,51.852879,-234.15022,-30.890673
-1.4,27,-11.686307,6.899086,-25.208267,1.8356533,-1.8835442,6.4076986,-14.442402,10.675314,-133.93901,51.196751,-234.28279,-33.595222,-132.05547,51.67094,-233.32864,-30.782284
-1.3,27,-11.645158,6.8747935,-25.119505,1.8291898,-1.876912,6.3851361,-14.391549,10.637725,-133.46739,51.016479,-233.45786,-33.476929,-131.59048,51.488998,-232.50706,-30.673895
-1.2,27,-11.604009,6.8505011,-25.030745,1.8227261,-1.8702798,6.3625736,-14.340695,10.600136,-132.99577,50.836212,-232.63292,-33.358635,-131.1255,51.30706,-231.68549,-30.565506
-1.1,27,-11.56286,6.8262086,-24.941982,1.8162626,-1.8636477,6.3400116,-14.289842,10.562547,-132.52415,50.655941,-231.80798,-33.240341,-130.66051,51.125122,-230.86391,-30.457119
-1,27,-11.521711,6.8019161,-24.853222,1.8097991,-1.8570155,6.3174491,-14.238988,10.524958,-132.05255,50.47567,-230.98303,-33.122047,-130.19553,50.94318,-230.04233,-30.34873
-.9,27,-11.480562,6.7776232,-24.76446,1.8033354,-1.8503833,6.2948866,-14.188135,10.487369,-131.58093,50.295399,-230.1581,-33.003757,-129.73055,50.761242,-229.22075,-30.240341
-.8,27,-11.439413,6.7533307,-24.675699,1.7968719,-1.8437511,6.2723246,-14.137281,10.44978,-131.10931,50.115128,-229.33316,-32.885464,-129.26556,50.5793,-228.39917,-30.131954
-.7,27,-11.398264,6.7290382,-24.586937,1.7904084,-1.8371189,6.2497621,-14.086428,10.412189,-130.6377,49.93486,-228.50822,-32.76717,-128.80058,50.397362,-227.57759,-30.023565
-.6,27,-11.357116,6.7047458,-24.498175,1.7839447,-1.8304867,6.2272,-14.035574,10.3746,-130.16608,49.754589,-227.68329,-32.648876,-128.33559,50.21542,-226.75601,-29.915176
-.5,27,-11.315967,6.6804533,-24.409414,1.7774812,-1.8238544,6.2046375,-13.98472,10.337011,-129.69446,49.574318,-226.85834,-32.530582,-127.87061,50.033482,-225.93443,-29.806789
-.4,27,-11.274817,6.6561604,-24.320652,1.7710177,-1.8172222,6.182075,-13.933867,10.299422,-129.22284,49.394047,-226.0334,-32.412292,-127.40562,49.85154,-225.11285,-29.6984
-.3,27,-11.233668,6.6318679,-24.231892,1.764554,-1.81059,6.159513,-13.883014,10.261833,-128.75124,49.213779,-225.20847,-32.293999,-126.94064,49.669601,-224.29128,-29.590012
-.2,27,-11.192519,6.6075754,-24.143129,1.7580905,-1.8039578,6.1369505,-13.83216,10.224244,-128.27962,49.033508,-224.38353,-32.175705,-126.47565,49.487659,-223.4697,-29.481623
-.1,27,-11.15137,6.5832829,-24.054367,1.751627,-1.7973256,6.1143885,-13.781306,10.186655,-127.808,48.853237,-223.55858,-32.057411,-126.01067,49.305721,-222.64812,-29.373236
0,27,-11.110222,6.5589905,-23.965607,1.7451633,-1.7906935,6.091826,-13.730453,10.149066,-127.33638,48.672966,-222.73364,-31.939119,-125.54568,49.123779,-221.82652,-29.264847
.1,27,-11.069073,6.5346975,-23.876844,1.7386998,-1.7840613,6.0692635,-13.6796,10.111477,-126.86477,48.492699,-221.90871,-31.820826,-125.0807,48.941841,-221.00494,-29.156458
.2,27,-11.027924,6.5104051,-23.788084,1.7322363,-1.7774291,6.0467014,-13.628746,10.073888,-126.39315,48.312428,-221.08377,-31.702532,-124.61572,48.759903,-220.18336,-29.048071
.3,27,-10.986774,6.4861126,-23.699322,1.7257726,-1.7707969,6.0241389,-13.577892,10.036299,-125.92153,48.132156,-220.25882,-31.58424,-124.15073,48.577961,-219.36179,-28.939682
.4,27,-10.945625,6.4618201,-23.610559,1.7193091,-1.7641647,6.0015769,-13.527039,9.9987097,-125.44992,47.951885,-219.43388,-31.465946,-123.68575,48.396023,-218.54021,-28.831293
.5,27,-10.904476,6.4375277,-23.521799,1.7128456,-1.7575325,5.9790144,-13.476185,9.9611206,-124.9783,47.771618,-218.60895,-31.347654,-123.22077,48.214081,-217.71863,-28.722906
.6,27,-10.863328,6.4132352,-23.433037,1.7063819,-1.7509003,5.9564519,-13.425332,9.9235315,-124.50668,47.591347,-217.78401,-31.229361,-122.75578,48.032143,-216.89705,-28.614517
.7,27,-10.822179,6.3889422,-23.344276,1.6999184,-1.7442681,5.9338899,-13.374478,9.8859425,-124.03506,47.411076,-216.95908,-31.111067,-122.2908,47.850201,-216.07547,-28.506128
.8,27,-10.78103,6.3646498,-23.255514,1.6934547,-1.7376359,5.9113274,-13.323625,9.8483534,-123.56345,47.230804,-216.13412,-30.992775,-121.82581,47.668262,-215.25389,-28.397739
.9,27,-10.739881,6.3403573,-23.166752,1.6869912,-1.7310036,5.8887649,-13.272771,9.8107634,-123.09184,47.050537,-215.30919,-30.874481,-121.36083,47.48632,-214.43231,-28.289352
1,27,-10.698731,6.3160648,-23.077991,1.6805277,-1.7243714,5.8662028,-13.221918,9.7731743,-122.62022,46.870266,-214.48425,-30.756187,-120.89585,47.304382,-213.61073,-28.180964
1.1,27,-10.657583,6.2917724,-22.989229,1.674064,-1.7177393,5.8436403,-13.171064,9.7355852,-122.14861,46.689995,-213.65932,-30.637896,-120.43086,47.12244,-212.78915,-28.072575
1.2,27,-10.616434,6.2674794,-22.900469,1.6676005,-1.7111071,5.8210783,-13.120211,9.6979961,-121.67699,46.509724,-212.83437,-30.519602,-119.96588,46.940502,-211.96758,-27.964188
1.3,27,-10.575285,6.243187,-22.811707,1.661137,-1.7044749,5.7985158,-13.069357,9.6604071,-121.20537,46.329453,-212.00943,-30.40131,-119.50089,46.75856,-211.146,-27.855799
1.4,27,-10.534136,6.2188945,-22.722946,1.6546733,-1.6978427,5.7759533,-13.018503,9.622818,-120.73376,46.149185,-211.18449,-30.283016,-119.03591,46.576622,-210.32442,-27.74741
1.5,27,-10.492987,6.194602,-22.634184,1.6482098,-1.6912105,5.7533913,-12.96765,9.5852289,-120.26214,45.968914,-210.35956,-30.164722,-118.57093,46.394684,-209.50284,-27.639023
1.6,27,-10.451838,6.1703095,-22.545422,1.6417463,-1.6845783,5.7308288,-12.916797,9.5476398,-119.79052,45.788643,-209.53461,-30.046431,-118.10594,46.212742,-208.68126,-27.530634
1.7,27,-10.410689,6.1460171,-22.456661,1.6352826,-1.6779461,5.7082667,-12.865943,9.5100508,-119.31891,45.608372,-208.70967,-29.928137,-117.64096,46.030804,-207.85968,-27.422245
1.8,27,-10.36954,6.1217241,-22.367899,1.6288191,-1.6713139,5.6857042,-12.815089,9.4724617,-118.84729,45.428104,-207.88474,-29.809845,-117.17598,45.848862,-207.0381,-27.313858
1.9,27,-10.328391,6.0974317,-22.279139,1.6223556,-1.6646817,5.6631417,-12.764235,9.4348726,-118.37567,45.247833,-207.0598,-29.691551,-116.71099,45.666924,-206.21652,-27.205469
2,27,-10.287242,6.0731392,-22.190376,1.6158919,-1.6580495,5.6405797,-12.713383,9.3972836,-117.90406,45.067562,-206.23486,-29.573257,-116.24601,45.484982,-205.39493,-27.09708
2.1,27,-10.246093,6.0488467,-22.101614,1.6094284,-1.6514173,5.6180172,-12.662529,9.3596945,-117.43244,44.887291,-205.40991,-29.454966,-115.78102,45.303043,-204.57335,-26.988693
2.2,27,-10.204945,6.0245543,-22.012854,1.6029649,-1.644785,5.5954552,-12.611675,9.3221054,-116.96082,44.707024,-204.58498,-29.336672,-115.31604,45.121101,-203.75177,-26.880304
2.3,27,-10.163795,6.0002613,-21.924091,1.5965012,-1.638153,5.5728927,-12.560822,9.2845163,-116.48921,44.526752,-203.76004,-29.21838,-114.85106,44.939163,-202.93019,-26.771915
2.4,27,-10.122646,5.9759688,-21.835331,1.5900377,-1.6315207,5.5503302,-12.509968,9.2469263,-116.01759,44.346481,-202.9351,-29.100086,-114.38607,44.757221,-202.10861,-26.663527
2.5,27,-10.081497,5.9516764,-21.746569,1.5835742,-1.6248885,5.5277681,-12.459115,9.2093372,-115.54597,44.16621,-202.11015,-28.981792,-113.92109,44.575283,-201.28703,-26.55514
2.6,27,-10.040348,5.9273839,-21.657806,1.5771105,-1.6182563,5.5052056,-12.408261,9.1717482,-115.07436,43.985943,-201.28522,-28.863501,-113.4561,44.393341,-200.46545,-26.446751
2.7,27,-9.9991989,5.9030914,-21.569046,1.570647,-1.6116241,5.4826431,-12.357408,9.1341591,-114.60275,43.805672,-200.46028,-28.745207,-112.99112,44.211403,-199.64388,-26.338362
2.8,27,-9.9580507,5.878799,-21.480284,1.5641835,-1.6049919,5.4600811,-12.306554,9.09657,-114.13113,43.625401,-199.63535,-28.626913,-112.52614,44.029465,-198.8223,-26.229975
2.9,27,-9.9169016,5.854506,-21.391523,1.5577198,-1.5983597,5.4375186,-12.2557,9.0589809,-113.65951,43.445129,-198.81039,-28.508621,-112.06115,43.847523,-198.00072,-26.121586
3,27,-9.8757524,5.8302135,-21.302761,1.5512563,-1.5917275,5.4149566,-12.204847,9.0213919,-113.1879,43.264858,-197.98546,-28.390327,-111.59617,43.665585,-197.17914,-26.013197
3.1,27,-9.8346033,5.8059211,-21.213999,1.5447928,-1.5850953,5.3923941,-12.153994,8.9838028,-112.71628,43.084591,-197.16052,-28.272036,-111.13119,43.483643,-196.35756,-25.90481
3.2,27,-9.7934542,5.7816286,-21.125238,1.5383291,-1.5784631,5.3698316,-12.10314,8.9462137,-112.24466,42.90432,-196.33559,-28.153742,-110.6662,43.301704,-195.53598,-25.796421
3.3,27,-9.752306,5.7573361,-21.036476,1.5318656,-1.571831,5.3472695,-12.052286,8.9086246,-111.77305,42.724049,-195.51065,-28.035448,-110.20122,43.119762,-194.7144,-25.688032
3.4,27,-9.7111568,5.7330432,-20.947716,1.5254021,-1.5651988,5.324707,-12.001432,8.8710356,-111.30143,42.543777,-194.6857,-27.917156,-109.73623,42.937824,-193.89282,-25.579643
3.5,27,-9.6700077,5.7087507,-20.858953,1.5189384,-1.5585666,5.302145,-11.95058,8.8334465,-110.82981,42.36351,-193.86076,-27.798862,-109.27125,42.755882,-193.07124,-25.471256
3.6,27,-9.6288586,5.6844583,-20.770193,1.5124749,-1.5519344,5.2795825,-11.899726,8.7958574,-110.3582,42.183239,-193.03583,-27.680571,-108.80627,42.573944,-192.24966,-25.362867
3.7,27,-9.5877094,5.6601658,-20.681431,1.5060114,-1.5453022,5.25702,-11.848872,8.7582684,-109.88658,42.002968,-192.21089,-27.562277,-108.34128,42.392002,-191.42809,-25.254478
3.8,27,-9.5465603,5.6358733,-20.592669,1.4995477,-1.5386699,5.234458,-11.798018,8.7206793,-109.41496,41.822697,-191.38594,-27.443983,-107.8763,42.210064,-190.60651,-25.146091
3.9,27,-9.5054121,5.6115804,-20.503908,1.4930842,-1.5320377,5.2118955,-11.747166,8.6830902,-108.94335,41.642429,-190.561,-27.325691,-107.41131,42.028122,-189.78491,-25.037703
4,27,-9.464263,5.5872879,-20.415146,1.4866207,-1.5254055,5.1893334,-11.696312,8.6455011,-108.47173,41.462158,-189.73607,-27.207397,-106.94633,41.846184,-188.96333,-24.929314
4.1,27,-9.4231138,5.5629954,-20.326385,1.480157,-1.5187733,5.1667709,-11.645458,8.6079111,-108.00011,41.281887,-188.91113,-27.089104,-106.48135,41.664246,-188.14175,-24.820927
4.2,27,-9.3819647,5.538703,-20.237623,1.4736935,-1.5121411,5.1442084,-11.594604,8.570322,-107.5285,41.101616,-188.0862,-26.970812,-106.01636,41.482304,-187.32018,-24.712538
4.3,27,-9.3408155,5.5144105,-20.148861,1.46723,-1.5055089,5.1216464,-11.543751,8.532733,-107.05688,40.921345,-187.26125,-26.852518,-105.55138,41.300365,-186.4986,-24.604149
4.4,27,-9.2996664,5.490118,-20.060101,1.4607663,-1.4988767,5.0990839,-11.492898,8.4951439,-106.58527,40.741077,-186.43631,-26.734224,-105.08639,41.118423,-185.67702,-24.49576
4.5,27,-9.2585182,5.4658251,-19.971338,1.4543028,-1.4922446,5.0765214,-11.442044,8.4575548,-106.11366,40.560806,-185.61137,-26.615932,-104.62141,40.936485,-184.85544,-24.387373
4.6,27,-9.2173691,5.4415326,-19.882578,1.4478393,-1.4856124,5.0539594,-11.391191,8.4199657,-105.64204,40.380535,-184.78644,-26.497639,-104.15643,40.754543,-184.03386,-24.278984
4.7,27,-9.1762199,5.4172401,-19.793816,1.4413756,-1.4789802,5.0313969,-11.340337,8.3823767,-105.17042,40.200268,-183.96149,-26.379347,-103.69144,40.572605,-183.21228,-24.170595
4.8,27,-9.1350708,5.3929477,-19.705053,1.4349121,-1.472348,5.0088348,-11.289483,8.3447876,-104.6988,40.019997,-183.13655,-26.261053,-103.22646,40.390663,-182.3907,-24.062208
4.9,27,-9.0939217,5.3686552,-19.616293,1.4284486,-1.4657158,4.9862723,-11.23863,8.3071985,-104.22719,39.839725,-182.31161,-26.142759,-102.76147,40.208725,-181.56912,-23.953819
5,27,-9.0527735,5.3443623,-19.527531,1.4219849,-1.4590836,4.9637098,-11.187777,8.2696095,-103.75557,39.659454,-181.48668,-26.024467,-102.29649,40.026783,-180.74754,-23.84543
5.1,27,-9.0116243,5.3200698,-19.43877,1.4155214,-1.4524513,4.9411478,-11.136923,8.2320204,-103.28396,39.479183,-180.66173,-25.906174,-101.8315,39.844845,-179.92596,-23.737043
5.2,27,-8.9704752,5.2957773,-19.350008,1.4090579,-1.4458191,4.9185853,-11.086069,8.1944313,-102.81234,39.298916,-179.83679,-25.787882,-101.36652,39.662907,-179.10439,-23.628654
5.3,27,-8.9293261,5.2714849,-19.261246,1.4025942,-1.4391869,4.8960228,-11.035215,8.1568422,-102.34072,39.118645,-179.01186,-25.669588,-100.90154,39.480965,-178.28281,-23.520266
5.4,27,-8.8881769,5.2471924,-19.172485,1.3961307,-1.4325547,4.8734608,-10.984363,8.1192532,-101.8691,38.938374,-178.18692,-25.551294,-100.43655,39.299026,-177.46123,-23.411877
5.5,27,-8.8470278,5.2228999,-19.083723,1.3896672,-1.4259226,4.8508983,-10.933509,8.0816641,-101.39749,38.758102,-177.36197,-25.433002,-99.971565,39.117085,-176.63965,-23.30349
5.6,27,-8.8058796,5.198607,-18.994963,1.3832035,-1.4192904,4.8283362,-10.882655,8.044075,-100.92587,38.577835,-176.53703,-25.314709,-99.506584,38.935146,-175.81807,-23.195101
5.7,27,-8.7647305,5.1743145,-18.9062,1.37674,-1.4126582,4.8057737,-10.831801,8.0064859,-100.45425,38.397564,-175.7121,-25.196417,-99.041603,38.753204,-174.99649,-23.086712
5.8,27,-8.7235813,5.150022,-18.817438,1.3702765,-1.406026,4.7832112,-10.780948,7.9688964,-99.982643,38.217293,-174.88716,-25.078123,-98.576614,38.571266,-174.1749,-22.978325
5.9,27,-8.6824322,5.1257296,-18.728678,1.3638128,-1.3993938,4.7606492,-10.730095,7.9313073,-99.511024,38.037022,-174.06223,-24.959829,-98.111633,38.389324,-173.35332,-22.869936
6,27,-8.641283,5.1014371,-18.639915,1.3573493,-1.3927616,4.7380867,-10.679241,7.8937178,-99.039406,37.856754,-173.23727,-24.841537,-97.646645,38.207386,-172.53174,-22.761547
6.1,27,-8.6001348,5.0771441,-18.551155,1.3508857,-1.3861294,4.7155247,-10.628387,7.8561287,-98.567795,37.676483,-172.41234,-24.723244,-97.181664,38.025444,-171.71016,-22.65316
6.2,27,-8.5589857,5.0528517,-18.462393,1.3444221,-1.3794972,4.6929622,-10.577535,7.8185396,-98.096176,37.496212,-171.5874,-24.604952,-96.716682,37.843506,-170.88858,-22.544771
6.3,27,-8.5178366,5.0285592,-18.373631,1.3379586,-1.372865,4.6703997,-10.526681,7.7809505,-97.624557,37.315941,-170.76247,-24.486658,-96.251694,37.661564,-170.067,-22.436382
6.4,27,-8.4766874,5.0042667,-18.28487,1.331495,-1.3662328,4.6478376,-10.475827,7.7433615,-97.152946,37.13567,-169.93752,-24.368364,-95.786713,37.479626,-169.24542,-22.327993
6.5,27,-8.4355383,4.9799743,-18.196108,1.3250314,-1.3596005,4.6252751,-10.424973,7.7057724,-96.681328,36.955402,-169.11258,-24.250072,-95.321724,37.297684,-168.42384,-22.219606
6.6,27,-8.3943892,4.9556818,-18.107347,1.3185679,-1.3529685,4.6027131,-10.37412,7.6681833,-96.209709,36.775131,-168.28764,-24.131779,-94.856743,37.115746,-167.60226,-22.111217
6.7,27,-8.353241,4.9313889,-18.018585,1.3121043,-1.3463362,4.5801506,-10.323267,7.6305943,-95.738098,36.59486,-167.46271,-24.013485,-94.391762,36.933807,-166.78069,-22.002831
6.8,27,-8.3120918,4.9070964,-17.929823,1.3056407,-1.339704,4.5575881,-10.272413,7.5930047,-95.266479,36.414589,-166.63776,-23.895193,-93.926773,36.751865,-165.95911,-21.894442
6.9,27,-8.2709427,4.8828039,-17.841063,1.2991772,-1.3330718,4.5350261,-10.22156,7.5554156,-94.794861,36.234322,-165.81282,-23.776899,-93.461792,36.569927,-165.13753,-21.786053
7,27,-8.2297935,4.8585114,-17.7523,1.2927136,-1.3264396,4.5124636,-10.170706,7.5178266,-94.323242,36.05405,-164.98788,-23.658606,-92.996803,36.387985,-164.31595,-21.677664
7.1,27,-8.1886444,4.834219,-17.66354,1.28625,-1.3198074,4.4899015,-10.119852,7.4802375,-93.851631,35.873779,-164.16295,-23.540314,-92.531822,36.206047,-163.49437,-21.569277
7.2,27,-8.1474962,4.8099265,-17.574778,1.2797865,-1.3131752,4.467339,-10.068999,7.4426484,-93.380013,35.693508,-163.33801,-23.42202,-92.066841,36.024105,-162.67279,-21.460888
7.3,27,-8.1063471,4.7856336,-17.486015,1.2733228,-1.306543,4.4447765,-10.018146,7.4050593,-92.908394,35.513237,-162.51306,-23.303726,-91.601852,35.842167,-161.85121,-21.352499
7.4,27,-8.0651979,4.7613411,-17.397255,1.2668593,-1.2999108,4.4222145,-9.9672918,7.3674703,-92.436783,35.33297,-161.68813,-23.185434,-91.136871,35.660225,-161.02963,-21.24411
7.5,27,-8.0240488,4.7370486,-17.308493,1.2603958,-1.2932786,4.399652,-9.9164381,7.3298812,-91.965164,35.152699,-160.86319,-23.067141,-90.671883,35.478287,-160.20805,-21.135723
7.6,27,-7.9828997,4.7127562,-17.219732,1.2539322,-1.2866464,4.37709,-9.8655844,7.2922921,-91.493546,34.972427,-160.03825,-22.948849,-90.206902,35.296345,-159.38647,-21.027334
7.7,27,-7.941751,4.6884637,-17.13097,1.2474686,-1.2800143,4.3545275,-9.8147316,7.2547026,-91.021935,34.79216,-159.21332,-22.830555,-89.74192,35.114407,-158.5649,-20.918947
7.8,27,-7.9006019,4.6641707,-17.04221,1.2410051,-1.2733819,4.331965,-9.7638779,7.2171135,-90.550316,34.611889,-158.38837,-22.712261,-89.276932,34.932465,-157.7433,-20.810558
7.9,27,-7.8594527,4.6398783,-16.953447,1.2345414,-1.2667499,4.3094029,-9.7130241,7.1795244,-90.078697,34.431618,-157.56343,-22.593969,-88.811951,34.750526,-156.92172,-20.702169
8,27,-7.8183041,4.6155858,-16.864685,1.2280779,-1.2601177,4.2868404,-9.6621704,7.1419353,-89.607086,34.251347,-156.73849,-22.475676,-88.34697,34.568588,-156.10014,-20.593781
8.1,27,-7.7771549,4.5912933,-16.775925,1.2216144,-1.2534854,4.2642779,-9.6113167,7.1043463,-89.135468,34.071075,-155.91354,-22.357382,-87.881981,34.386646,-155.27856,-20.485392
8.199999999999999,27,-7.7360063,4.5670009,-16.687162,1.2151508,-1.2468532,4.2417159,-9.5604639,7.0667572,-88.663849,33.890808,-155.08861,-22.23909,-87.417,34.204708,-154.45699,-20.377005
8.300000000000001,27,-7.6948571,4.5427079,-16.598402,1.2086872,-1.240221,4.2191534,-9.5096102,7.0291677,-88.19223,33.710537,-154.26367,-22.120796,-86.952011,34.022766,-153.63541,-20.268616
8.4,27,-7.6537085,4.5184155,-16.50964,1.2022237,-1.2335888,4.1965914,-9.4587564,6.9915791,-87.720619,33.530266,-153.43874,-22.002504,-86.48703,33.840828,-152.81383,-20.160229
8.5,27,-7.6125593,4.494123,-16.420877,1.19576,-1.2269566,4.1740289,-9.4079027,6.9539895,-87.249001,33.349995,-152.6138,-21.884211,-86.022049,33.658886,-151.99225,-20.05184
8.6,27,-7.5714102,4.4698305,-16.332117,1.1892965,-1.2203244,4.1514664,-9.357049,6.9164004,-86.777382,33.169724,-151.78885,-21.765917,-85.55706,33.476948,-151.17067,-19.943451
8.699999999999999,27,-7.5302615,4.445538,-16.243355,1.182833,-1.2136923,4.1289043,-9.3061962,6.8788114,-86.305771,32.989456,-150.96391,-21.647625,-85.092079,33.295006,-150.34909,-19.835064
8.800000000000001,27,-7.4891124,4.4212451,-16.154594,1.1763693,-1.20706,4.1063418,-9.2553425,6.8412223,-85.834152,32.809185,-150.13898,-21.529331,-84.62709,33.113068,-149.52751,-19.726675
8.9,27,-7.4479632,4.3969526,-16.065832,1.1699058,-1.2004279,4.0837798,-9.2044888,6.8036332,-85.362541,32.628918,-149.31404,-21.411039,-84.162109,32.931129,-148.70593,-19.618286
9,27,-7.4068141,4.3726602,-15.977071,1.1634423,-1.1937957,4.0612173,-9.153635,6.7660441,-84.890923,32.448647,-148.48909,-21.292746,-83.697128,32.749187,-147.88435,-19.509897
9.1,27,-7.365665,4.3483677,-15.888309,1.1569786,-1.1871635,4.0386548,-9.1027813,6.7284546,-84.419304,32.268375,-147.66415,-21.174452,-83.23214,32.567245,-147.06277,-19.401508
9.199999999999999,27,-7.3245163,4.3240752,-15.799548,1.1505151,-1.1805313,4.0160928,-9.0519285,6.690866,-83.947693,32.088104,-146.83922,-21.05616,-82.767159,32.385307,-146.2412,-19.293121
9.300000000000001,27,-7.2833672,4.2997823,-15.710786,1.1440516,-1.1738991,3.9935303,-9.0010748,6.6532764,-83.476074,31.907833,-146.01428,-20.937866,-82.30217,32.203365,-145.41962,-19.184732
9.4,27,-7.2422185,4.2754903,-15.622025,1.137588,-1.1672668,3.970968,-8.9502211,6.6156874,-83.004456,31.727564,-145.18935,-20.819574,-81.837189,32.021427,-144.59804,-19.076345
9.5,27,-7.2010694,4.2511973,-15.533263,1.1311244,-1.1606346,3.9484057,-8.8993673,6.5780983,-82.532837,31.547295,-144.3644,-20.701281,-81.372208,31.839487,-143.77646,-18.967957
9.6,27,-7.1599202,4.2269049,-15.444502,1.1246608,-1.1540024,3.9258432,-8.8485136,6.5405092,-82.061218,31.367023,-143.53946,-20.582987,-80.907219,31.657547,-142.95486,-18.859568
9.699999999999999,27,-7.1187716,4.2026124,-15.355741,1.1181973,-1.1473702,3.9032812,-8.7976608,6.5029202,-81.589607,31.186754,-142.71452,-20.464695,-80.442238,31.475609,-142.1333,-18.751181
9.800000000000001,27,-7.0776224,4.1783199,-15.266978,1.1117337,-1.140738,3.8807187,-8.7468071,6.4653311,-81.117989,31.006483,-141.88957,-20.346401,-79.977249,31.293667,-141.31171,-18.642792
9.9,27,-7.0364738,4.1540275,-15.178218,1.1052701,-1.1341059,3.8581564,-8.6959534,6.427742,-80.646378,30.826214,-141.06465,-20.228109,-79.512268,31.111729,-140.49014,-18.534403
10,27,-6.9953246,4.1297345,-15.089456,1.0988065,-1.1274737,3.8355942,-8.6450996,6.3901525,-80.174759,30.645943,-140.2397,-20.109816,-79.047287,30.929789,-139.66855,-18.426014
10.1,27,-6.9541755,4.105442,-15.000694,1.092343,-1.1208414,3.8130317,-8.5942459,6.3525634,-79.70314,30.465672,-139.41476,-19.991522,-78.582298,30.747847,-138.84697,-18.317627
10.2,27,-6.9130268,4.0811496,-14.911933,1.0858794,-1.1142093,3.7904694,-8.5433931,6.3149743,-79.231529,30.285402,-138.58983,-19.87323,-78.117317,30.565908,-138.02539,-18.209238
10.3,27,-6.8718777,4.0568571,-14.823171,1.0794158,-1.1075771,3.7679071,-8.4925394,6.2773852,-78.759911,30.105131,-137.76488,-19.754936,-77.652336,30.383968,-137.20381,-18.100849
10.4,27,-6.830729,4.0325646,-14.73441,1.0729523,-1.1009449,3.7453449,-8.4416857,6.2397962,-78.2883,29.924862,-136.93994,-19.636644,-77.187347,30.202028,-136.38223,-17.992462
10.5,27,-6.7895799,4.0082717,-14.645648,1.0664887,-1.0943127,3.7227826,-8.3908319,6.2022071,-77.816681,29.744591,-136.11501,-19.518351,-76.722366,30.020088,-135.56065,-17.884073
10.6,27,-6.7484307,3.9839792,-14.556887,1.0600251,-1.0876805,3.7002201,-8.3399782,6.1646175,-77.345062,29.56432,-135.29007,-19.400057,-76.257378,29.838148,-134.73907,-17.775684
10.7,27,-6.7072821,3.9596868,-14.468125,1.0535616,-1.0810483,3.6776578,-8.2891254,6.1270289,-76.873444,29.38405,-134.46513,-19.281765,-75.792397,29.656208,-133.9175,-17.667297
10.8,27,-6.6661329,3.935394,-14.379364,1.047098,-1.074416,3.6550956,-8.2382717,6.0894394,-76.401825,29.203779,-133.64018,-19.163471,-75.327415,29.474268,-133.09592,-17.558908
10.9,27,-6.6249843,3.9111018,-14.290603,1.0406345,-1.067784,3.6325333,-8.187418,6.0518508,-75.930214,29.02351,-132.81525,-19.045179,-74.862434,29.29233,-132.27434,-17.45052
11,27,-6.5838351,3.8868091,-14.20184,1.0341709,-1.0611516,3.609971,-8.1365643,6.0142612,-75.458595,28.843241,-131.99031,-18.926886,-74.397446,29.110388,-131.45276,-17.342131
11.1,27,-6.542686,3.8625164,-14.113079,1.0277072,-1.0545194,3.5874085,-8.0857105,5.9766722,-74.986977,28.66297,-131.16536,-18.808592,-73.932457,28.928448,-130.63118,-17.233744
11.2,27,-6.5015368,3.8382239,-14.024318,1.0212437,-1.0478873,3.5648463,-8.0348577,5.9390831,-74.515366,28.4827,-130.34042,-18.6903,-73.467476,28.74651,-129.8096,-17.125355
11.3,27,-6.4603882,3.8139315,-13.935556,1.0147802,-1.0412551,3.542284,-7.984004,5.901494,-74.043747,28.302429,-129.51549,-18.572006,-73.002495,28.564569,-128.98802,-17.016966
11.4,27,-6.419239,3.789639,-13.846795,1.0083166,-1.0346229,3.5197217,-7.9331508,5.863905,-73.572136,28.12216,-128.69055,-18.453714,-72.537514,28.382629,-128.16644,-16.908579
11.5,27,-6.3780899,3.7653463,-13.758033,1.001853,-1.0279907,3.4971592,-7.882297,5.8263159,-73.100517,27.941889,-127.86561,-18.335421,-72.072525,28.200689,-127.34486,-16.80019
11.6,27,-6.3369408,3.7410536,-13.669271,.99538946,-1.0213585,3.474597,-7.8314433,5.7887263,-72.628899,27.761618,-127.04066,-18.217127,-71.607536,28.018749,-126.52328,-16.691801
11.7,27,-6.2957921,3.7167611,-13.58051,.98892593,-1.0147263,3.4520347,-7.7805901,5.7511373,-72.157288,27.581348,-126.21574,-18.098835,-71.142555,27.836809,-125.7017,-16.583414
11.8,27,-6.254643,3.6924686,-13.491749,.98246229,-1.0080941,3.4294724,-7.7297363,5.7135482,-71.685669,27.401077,-125.39079,-17.980541,-70.677574,27.654869,-124.88012,-16.475025
11.9,27,-6.2134943,3.6681762,-13.402987,.97599876,-1.001462,3.4069102,-7.6788831,5.6759591,-71.21405,27.220808,-124.56586,-17.862247,-70.212593,27.472931,-124.05854,-16.366636
12,27,-6.1723452,3.6438835,-13.314226,.96953517,-.99482971,3.3843477,-7.6280293,5.63837,-70.742432,27.040537,-123.74091,-17.743956,-69.747604,27.290989,-123.23696,-16.258247
12.1,27,-6.131196,3.6195908,-13.225464,.96307158,-.98819751,3.3617854,-7.5771756,5.6007805,-70.270813,26.860266,-122.91597,-17.625662,-69.282616,27.109049,-122.41537,-16.14986
12.2,27,-6.0900474,3.5952985,-13.136703,.95660806,-.9815653,3.3392231,-7.5263224,5.5631919,-69.799202,26.679996,-122.09103,-17.507368,-68.817635,26.927111,-121.5938,-16.041471
12.3,27,-6.0488982,3.5710058,-13.047941,.95014447,-.97493309,3.3166606,-7.4754686,5.5256023,-69.327583,26.499727,-121.26609,-17.389076,-68.352654,26.745169,-120.77222,-15.933084
12.4,27,-6.0077496,3.5467134,-12.95918,.94368094,-.96830094,3.2940986,-7.4246154,5.4880137,-68.855972,26.319458,-120.44116,-17.270782,-67.887672,26.563231,-119.95065,-15.824696
12.5,27,-5.9666004,3.5224206,-12.870419,.93721735,-.96166873,3.2715361,-7.3737617,5.4504242,-68.384354,26.139187,-119.61622,-17.152491,-67.422684,26.38129,-119.12906,-15.716307
12.6,27,-5.9254513,3.4981282,-12.781656,.93075377,-.95503646,3.2489738,-7.3229079,5.4128351,-67.912735,25.958916,-118.79128,-17.034197,-66.957695,26.199348,-118.30748,-15.607918
12.7,27,-5.8843026,3.4738357,-12.692895,.92429024,-.94840431,3.2264116,-7.2720547,5.375246,-67.441124,25.778646,-117.96634,-16.915903,-66.492714,26.01741,-117.4859,-15.49953
12.8,27,-5.8431535,3.449543,-12.604134,.91782665,-.9417721,3.2038491,-7.2212009,5.337657,-66.969505,25.598375,-117.1414,-16.797611,-66.027733,25.83547,-116.66432,-15.391142
12.9,27,-5.8020048,3.4252505,-12.515372,.91136312,-.93513995,3.1812871,-7.1703477,5.3000679,-66.497887,25.418106,-116.31646,-16.679317,-65.562752,25.65353,-115.84274,-15.282754
13,27,-5.7608557,3.4009581,-12.426611,.90489954,-.92850775,3.1587245,-7.119494,5.2624788,-66.026276,25.237835,-115.49152,-16.561024,-65.097763,25.47159,-115.02116,-15.174365
13.1,27,-5.7197065,3.3766654,-12.337849,.89843589,-.92187548,3.136162,-7.0686402,5.2248893,-65.554657,25.057564,-114.66658,-16.442732,-64.632782,25.28965,-114.19958,-15.065976
13.2,27,-5.6785579,3.3523729,-12.249088,.89197236,-.91524333,3.1136,-7.017787,5.1873007,-65.083038,24.877295,-113.84164,-16.324438,-64.167801,25.10771,-113.37801,-14.957588
13.3,27,-5.6374087,3.3280802,-12.160326,.88550878,-.90861112,3.0910375,-6.9669333,5.1497111,-64.61142,24.697023,-113.0167,-16.206144,-63.702812,24.92577,-112.55642,-14.8492
13.4,27,-5.5962601,3.3037877,-12.071565,.87904525,-.90197897,3.0684755,-6.91608,5.1121221,-64.139809,24.516754,-112.19176,-16.087852,-63.237831,24.743832,-111.73485,-14.740812
13.5,27,-5.5551109,3.2794952,-11.982803,.87258166,-.89534676,3.045913,-6.8652263,5.074533,-63.66819,24.336483,-111.36682,-15.96956,-62.772842,24.56189,-110.91326,-14.632423
13.6,27,-5.5139618,3.2552025,-11.894041,.86611807,-.88871449,3.0233505,-6.8143725,5.0369439,-63.196571,24.156212,-110.54188,-15.851266,-62.307858,24.37995,-110.09168,-14.524035
13.7,27,-5.4728127,3.2309101,-11.805281,.85965455,-.88208234,3.0007885,-6.7635193,4.9993548,-62.72496,23.975943,-109.71694,-15.732973,-61.842876,24.198011,-109.2701,-14.415648
13.8,27,-5.4316635,3.2066174,-11.716518,.85319096,-.87545013,2.9782259,-6.7126656,4.9617653,-62.253342,23.795673,-108.89201,-15.61468,-61.377892,24.016069,-108.44852,-14.307259
13.9,27,-5.3905149,3.1823251,-11.627757,.84672743,-.86881799,2.9556637,-6.6618123,4.9241767,-61.781727,23.615404,-108.06707,-15.496387,-60.91291,23.834131,-107.62695,-14.198871
14,27,-5.3493657,3.1580324,-11.538996,.84026384,-.86218572,2.9331014,-6.6109591,4.8865871,-61.310108,23.435133,-107.24213,-15.378094,-60.447926,23.652191,-106.80537,-14.090482
14.1,27,-5.3082166,3.1337397,-11.450233,.83380026,-.85555351,2.9105389,-6.5601053,4.8489981,-60.838493,23.254862,-106.41718,-15.259801,-59.982937,23.470251,-105.98378,-13.982093
14.2,27,-5.2670679,3.1094472,-11.361473,.82733673,-.84892136,2.8879769,-6.5092521,4.811409,-60.366879,23.074593,-105.59225,-15.141508,-59.517956,23.288311,-105.16221,-13.873706
14.3,27,-5.2259188,3.0851548,-11.272711,.82087314,-.84228915,2.8654144,-6.4583983,4.7738199,-59.89526,22.894321,-104.7673,-15.023215,-59.052971,23.106371,-104.34062,-13.765317
14.4,27,-5.1847701,3.0608623,-11.183949,.81440961,-.835657,2.8428521,-6.4075451,4.7362309,-59.423645,22.714052,-103.94237,-14.904922,-58.58799,22.924433,-103.51905,-13.656929
14.5,27,-5.143621,3.0365696,-11.095188,.80794597,-.82902473,2.8202899,-6.3566914,4.6986418,-58.95203,22.533781,-103.11743,-14.786629,-58.123005,22.742491,-102.69746,-13.54854
14.6,27,-5.1024718,3.0122769,-11.006426,.80148238,-.82239252,2.7977273,-6.3058376,4.6610522,-58.480412,22.35351,-102.29249,-14.668336,-57.658016,22.560551,-101.87589,-13.440151
14.7,27,-5.0613232,2.9879844,-10.917665,.79501885,-.81576037,2.7751651,-6.2549844,4.6234636,-58.008797,22.173241,-101.46755,-14.550043,-57.193035,22.378613,-101.05431,-13.331764
14.8,27,-5.020174,2.9636919,-10.828903,.78855526,-.80912817,2.7526028,-6.2041306,4.5858741,-57.537178,21.99297,-100.64261,-14.431749,-56.72805,22.196671,-100.23273,-13.223375
14.9,27,-4.9790254,2.9393995,-10.740143,.78209174,-.80249596,2.7300406,-6.1532774,4.5482855,-57.065567,21.8127,-99.817673,-14.313457,-56.263069,22.014732,-99.411148,-13.114987
15,27,-4.9378762,2.9151068,-10.651381,.77562815,-.79586375,2.7074783,-6.1024237,4.5106959,-56.593948,21.632429,-98.992729,-14.195164,-55.798084,21.832792,-98.589569,-13.006598
15.1,27,-4.8967271,2.8908141,-10.562618,.76916456,-.78923154,2.6849158,-6.0515699,4.4731069,-56.12233,21.45216,-98.167786,-14.07687,-55.333099,21.65085,-97.767982,-12.89821
15.2,27,-4.8555784,2.8665218,-10.473858,.76270103,-.78259939,2.6623535,-6.0007167,4.4355178,-55.650715,21.271891,-97.342857,-13.958578,-54.868118,21.468912,-96.946411,-12.789823
15.3,27,-4.8144293,2.8422291,-10.385096,.75623745,-.77596718,2.6397913,-5.949863,4.3979287,-55.179096,21.091619,-96.517914,-13.840284,-54.40313,21.286972,-96.124825,-12.681434
15.4,27,-4.7732806,2.8179367,-10.296335,.74977392,-.76933497,2.617229,-5.8990097,4.3603396,-54.707485,20.91135,-95.692978,-13.721992,-53.938148,21.105032,-95.303253,-12.573046
15.5,27,-4.7321315,2.793644,-10.207573,.74331033,-.76270276,2.5946667,-5.848156,4.3227506,-54.235867,20.731079,-94.868034,-13.603699,-53.473164,20.923092,-94.481667,-12.464657
15.6,27,-4.6909823,2.7693515,-10.118812,.73684675,-.75607055,2.5721042,-5.7973022,4.285161,-53.764248,20.550808,-94.043091,-13.485405,-53.008179,20.741152,-93.660088,-12.356268
15.7,27,-4.6498337,2.745059,-10.03005,.73038322,-.74943841,2.549542,-5.746449,4.2475719,-53.292633,20.370539,-93.218155,-13.367113,-52.543198,20.559212,-92.838509,-12.247881
15.8,27,-4.6086845,2.7207663,-9.941288,.72391957,-.74280614,2.5269797,-5.6955953,4.2099829,-52.821018,20.190268,-92.393211,-13.248819,-52.078209,20.377272,-92.01693,-12.139492
15.9,27,-4.5675359,2.6964738,-9.8525276,.71745604,-.73617399,2.5044174,-5.644742,4.1723938,-52.349403,20.009998,-91.568283,-13.130527,-51.613228,20.195333,-91.195351,-12.031104
16,27,-4.5263867,2.6721811,-9.7637653,.71099246,-.72954178,2.4818549,-5.5938883,4.1348047,-51.877785,19.829727,-90.74334,-13.012234,-51.148243,20.013391,-90.373772,-11.922715
16.1,27,-4.4852376,2.6478887,-9.675004,.70452887,-.72290957,2.4592927,-5.5430346,4.0972152,-51.406166,19.649456,-89.918396,-12.89394,-50.683258,19.831451,-89.552185,-11.814326
16.2,27,-4.4440885,2.623596,-9.5862417,.69806528,-.71627736,2.4367301,-5.4921808,4.0596261,-50.934547,19.469185,-89.093452,-12.775646,-50.218273,19.649511,-88.730606,-11.705938
16.3,27,-4.4029398,2.5993037,-9.4974813,.69160181,-.70964521,2.4141681,-5.441328,4.0220375,-50.46294,19.288918,-88.268524,-12.657355,-49.753296,19.467573,-87.909035,-11.597551
16.4,27,-4.3617907,2.575011,-9.40872,.68513823,-.703013,2.3916059,-5.3904743,3.9844482,-49.991322,19.108646,-87.443581,-12.539062,-49.288307,19.285633,-87.087456,-11.489162
16.5,27,-4.3206415,2.5507185,-9.3199577,.67867464,-.69638079,2.3690434,-5.3396206,3.9468589,-49.519703,18.928377,-86.618637,-12.420769,-48.823322,19.103693,-86.265869,-11.380774
16.6,27,-4.2794924,2.5264258,-9.2311964,.67221105,-.68974859,2.3464811,-5.2887669,3.9092698,-49.048084,18.748106,-85.793694,-12.302475,-48.358337,18.921751,-85.44429,-11.272385
16.7,27,-4.2383432,2.5021331,-9.1424341,.66574746,-.68311632,2.3239186,-5.2379131,3.8716805,-48.576469,18.567835,-84.968758,-12.184181,-47.893353,18.739811,-84.622704,-11.163997
16.8,27,-4.1971951,2.4778409,-9.0536737,.659284,-.67648423,2.3013566,-5.1870604,3.8340919,-48.104858,18.387568,-84.143829,-12.06589,-47.428375,18.557875,-83.80114,-11.05561
16.9,27,-4.1560459,2.4535484,-8.9649124,.65282041,-.66985202,2.2787943,-5.1362066,3.7965026,-47.63324,18.207296,-83.318886,-11.947597,-46.96339,18.375933,-82.979553,-10.947221
17,27,-4.1148968,2.4292557,-8.8761501,.64635682,-.66321981,2.2562318,-5.0853529,3.7589133,-47.161621,18.027025,-82.493942,-11.829303,-46.498402,18.193993,-82.157974,-10.838832
17.1,27,-4.0737476,2.404963,-8.7873888,.63989317,-.6565876,2.2336695,-5.0344992,3.721324,-46.690006,17.846754,-81.668999,-11.71101,-46.033417,18.012053,-81.336388,-10.730443
17.2,27,-4.0325985,2.3806703,-8.6986265,.63342959,-.64995533,2.211107,-4.9836454,3.6837349,-46.218388,17.666483,-80.844055,-11.592716,-45.568432,17.830112,-80.514809,-10.622055
17.3,27,-3.9914503,2.3563781,-8.6098671,.62696612,-.64332324,2.188545,-4.9327927,3.6461463,-45.746777,17.486216,-80.019127,-11.474425,-45.103455,17.648174,-79.693237,-10.513668
17.4,27,-3.9503012,2.3320856,-8.5211048,.62050253,-.63669103,2.1659827,-4.8819389,3.608557,-45.275158,17.305944,-79.194191,-11.356132,-44.63847,17.466234,-78.871658,-10.405279
17.5,27,-3.909152,2.3077929,-8.4323425,.61403894,-.63005883,2.1434202,-4.8310852,3.5709677,-44.803543,17.125673,-78.369247,-11.237838,-44.173485,17.284294,-78.050072,-10.29689
17.6,27,-3.8680029,2.2835002,-8.3435812,.60757536,-.62342662,2.120858,-4.7802315,3.5333784,-44.331924,16.945402,-77.544304,-11.119545,-43.708496,17.102352,-77.228493,-10.188502
17.7,27,-3.8268538,2.2592075,-8.2548189,.60111177,-.61679435,2.0982955,-4.7293777,3.4957891,-43.860306,16.765131,-76.71936,-11.001251,-43.243511,16.920412,-76.406906,-10.080113
17.8,27,-3.7857053,2.2349155,-8.1660595,.5946483,-.61016226,2.0757334,-4.678525,3.4582005,-43.388699,16.584864,-75.894432,-10.88296,-42.778534,16.738476,-75.585342,-9.9717264
17.9,27,-3.7445562,2.2106228,-8.0772972,.58818471,-.60353005,2.0531712,-4.6276712,3.4206114,-42.91708,16.404593,-75.069489,-10.764667,-42.313549,16.556534,-74.763756,-9.8633375
18,27,-3.703407,2.1863301,-7.9885354,.58172113,-.59689784,2.0306087,-4.5768175,3.3830221,-42.445461,16.224323,-74.244545,-10.646373,-41.848564,16.374594,-73.942177,-9.7549486
18.1,27,-3.6622579,2.1620374,-7.8997736,.57525754,-.59026557,2.0080462,-4.5259638,3.3454328,-41.973843,16.044052,-73.419609,-10.528079,-41.383575,16.192654,-73.12059,-9.6465607
18.2,27,-3.621109,2.1377449,-7.8110118,.56879395,-.58363336,1.9854839,-4.4751101,3.3078434,-41.502224,15.863781,-72.594666,-10.409786,-40.918591,16.010712,-72.299011,-9.5381718
18.3,27,-3.5799606,2.1134527,-7.7222514,.56233048,-.57700127,1.9629219,-4.4242573,3.2702549,-41.030617,15.683513,-71.769737,-10.291494,-40.453613,15.828775,-71.47744,-9.4297848
18.4,27,-3.5388114,2.08916,-7.6334896,.5558669,-.57036906,1.9403595,-4.3734035,3.2326655,-40.558998,15.503242,-70.944794,-10.173202,-39.988628,15.646834,-70.655861,-9.3213959
18.5,27,-3.4976623,2.0648673,-7.5447278,.54940325,-.56373686,1.9177971,-4.3225498,3.1950762,-40.087379,15.322971,-70.11985,-10.054908,-39.523643,15.464894,-69.834274,-9.213007
18.6,27,-3.4565132,2.0405748,-7.455966,.54293966,-.55710459,1.8952347,-4.2716961,3.1574872,-39.615761,15.1427,-69.294907,-9.936614,-39.058659,15.282953,-69.012695,-9.104619
18.7,27,-3.415364,2.0162821,-7.3672042,.53647608,-.55047238,1.8726722,-4.2208424,3.1198978,-39.144142,14.962429,-68.469963,-9.8183212,-38.59367,15.101013,-68.191109,-8.9962301
18.8,27,-3.3742156,1.9919899,-7.2784443,.53001261,-.54384029,1.8501103,-4.1699896,3.0823092,-38.672535,14.782162,-67.645042,-9.7000294,-38.128693,14.919076,-67.369545,-8.8878431
18.9,27,-3.3330667,1.9676971,-7.189682,.52354902,-.53720808,1.8275479,-4.1191359,3.0447199,-38.200916,14.601891,-66.820099,-9.5817356,-37.663708,14.737135,-66.547958,-8.7794542
19,27,-3.2919176,1.9434046,-7.1009202,.51708543,-.53057581,1.8049855,-4.0682821,3.0071306,-37.729298,14.42162,-65.995155,-9.4634428,-37.198723,14.555194,-65.726379,-8.6710653
19.1,27,-3.2507684,1.9191118,-7.0121584,.51062185,-.5239436,1.782423,-4.0174284,2.9695413,-37.257679,14.241349,-65.170212,-9.345149,-36.733738,14.373254,-64.904793,-8.5626774
19.2,27,-3.2096193,1.8948193,-6.9233966,.50415826,-.51731139,1.7598606,-3.9665749,2.931952,-36.786064,14.061078,-64.345268,-9.2268553,-36.268749,14.191313,-64.083214,-8.4542885
19.3,27,-3.1684709,1.870527,-6.8346367,.49769479,-.5106793,1.7372987,-3.9157221,2.8943636,-36.314453,13.880811,-63.520344,-9.1085644,-35.803776,14.009376,-63.261646,-8.3459015
19.4,27,-3.1273217,1.8462344,-6.7458749,.4912312,-.5040471,1.7147362,-3.8648684,2.8567743,-35.842834,13.70054,-62.6954,-8.9902706,-35.338787,13.827435,-62.440063,-8.2375126
19.5,27,-3.0861726,1.8219417,-6.6571131,.48476759,-.49741486,1.6921738,-3.8140147,2.819185,-35.371216,13.520268,-61.870457,-8.8719778,-34.873802,13.645494,-61.618481,-8.1291237
19.6,27,-3.0450234,1.7976491,-6.5683508,.478304,-.49078262,1.6696115,-3.7631609,2.7815957,-34.899601,13.339998,-61.045513,-8.753684,-34.408817,13.463554,-60.796898,-8.0207357
19.7,27,-3.0038743,1.7733564,-6.479589,.47184041,-.48415041,1.6470491,-3.7123072,2.7440064,-34.427982,13.159727,-60.220573,-8.6353903,-33.943832,13.281613,-59.975315,-7.9123468
19.8,27,-2.9627261,1.7490643,-6.3908291,.46537694,-.47751832,1.624487,-3.6614544,2.7064178,-33.956371,12.97946,-59.395645,-8.5170994,-33.478855,13.099676,-59.153748,-7.8039598
19.9,27,-2.921577,1.7247716,-6.3020673,.45891336,-.47088608,1.6019247,-3.6106007,2.6688287,-33.484753,12.799189,-58.570702,-8.3988056,-33.013866,12.917736,-58.332165,-7.6955714
20,27,-2.8804278,1.700479,-6.2133055,.45244977,-.46425387,1.5793623,-3.559747,2.6312394,-33.013138,12.618917,-57.745758,-8.2805119,-32.548882,12.735795,-57.510582,-7.5871825
20.1,27,-2.8392787,1.6761863,-6.1245437,.44598615,-.45762163,1.5567999,-3.5088933,2.5936501,-32.541519,12.438646,-56.920818,-8.162219,-32.083897,12.553854,-56.688999,-7.4787936
20.2,27,-2.7981296,1.6518936,-6.0357819,.43952256,-.45098943,1.5342375,-3.4580395,2.5560608,-32.069901,12.258375,-56.095875,-8.0439253,-31.61891,12.371914,-55.867416,-7.3704052
20.3,27,-2.7569811,1.6276015,-5.9470215,.4330591,-.44435731,1.5116755,-3.4071867,2.5184722,-31.598291,12.078108,-55.270947,-7.9256339,-31.153934,12.189977,-55.045849,-7.2620182
20.4,27,-2.715832,1.6033088,-5.8582597,.42659551,-.4377251,1.4891131,-3.356333,2.4808829,-31.126673,11.897838,-54.446007,-7.8073406,-30.688948,12.008036,-54.224266,-7.1536298
20.5,27,-2.6746829,1.5790162,-5.7694979,.42013192,-.43109286,1.4665507,-3.3054795,2.4432936,-30.655054,11.717566,-53.621063,-7.6890469,-30.223963,11.826096,-53.402683,-7.0452409
20.6,27,-2.6335337,1.5547235,-5.6807361,.41366833,-.42446065,1.4439883,-3.2546258,2.4057045,-30.183437,11.537295,-52.79612,-7.5707536,-29.758976,11.644155,-52.5811,-6.936852
20.7,27,-2.5923846,1.5304309,-5.5919743,.40720472,-.41782841,1.4214259,-3.2037721,2.3681152,-29.711819,11.357024,-51.971176,-7.4524603,-29.293991,11.462214,-51.759518,-6.8284636
20.8,27,-2.5512364,1.5061387,-5.5032139,.40074125,-.41119632,1.3988639,-3.1529193,2.3305266,-29.24021,11.176757,-51.146252,-7.3341689,-28.829014,11.280277,-50.93795,-6.7200766
20.9,27,-2.5100873,1.4818461,-5.4144521,.39427766,-.40456411,1.3763015,-3.1020656,2.2929373,-28.768591,10.996486,-50.321308,-7.2158756,-28.364027,11.098336,-50.116367,-6.6116881
21,27,-2.4689381,1.4575534,-5.3256903,.38781407,-.39793187,1.3537391,-3.0512118,2.255348,-28.296974,10.816215,-49.496365,-7.0975819,-27.899042,10.916396,-49.294785,-6.5032992
21.1,27,-2.427789,1.4332608,-5.2369285,.38135049,-.39129966,1.3311766,-3.0003581,2.2177587,-27.825356,10.635944,-48.671425,-6.9792886,-27.434055,10.734455,-48.473202,-6.3949108
21.2,27,-2.3866398,1.4089681,-5.1481667,.3748869,-.38466743,1.3086143,-2.9495044,2.1801693,-27.353737,10.455673,-47.846481,-6.8609948,-26.96907,10.552514,-47.651619,-6.2865219
21.3,27,-2.3454914,1.3846759,-5.0594063,.36842343,-.37803534,1.2860523,-2.8986516,2.142581,-26.882128,10.275406,-47.021553,-6.7427039,-26.504093,10.370578,-46.830051,-6.1781354
21.4,27,-2.3043423,1.3603833,-4.9706445,.36195982,-.37140313,1.26349,-2.8477979,2.1049917,-26.410511,10.095135,-46.196609,-6.6244102,-26.039108,10.188637,-46.008469,-6.0697465
21.5,27,-2.2631934,1.3360906,-4.8818827,.35549623,-.36477089,1.2409275,-2.7969441,2.0674024,-25.938892,9.9148636,-45.37167,-6.5061169,-25.574121,10.006696,-45.186886,-5.9613576
21.6,27,-2.2220442,1.311798,-4.7931209,.34903264,-.35813868,1.2183651,-2.7460904,2.0298131,-25.467274,9.7345924,-44.546726,-6.3878231,-25.109137,9.8247557,-44.365303,-5.8529692
21.7,27,-2.1808951,1.2875053,-4.7043591,.34256905,-.35150644,1.1958027,-2.6952367,1.9922237,-24.995657,9.5543222,-43.721783,-6.2695298,-24.64415,9.6428146,-43.54372,-5.7445803
21.8,27,-2.1397467,1.2632132,-4.6155992,.33610559,-.34487435,1.1732408,-2.6443839,1.9546353,-24.524048,9.374054,-42.896858,-6.1512384,-24.179173,9.4608774,-42.722153,-5.6361938
21.9,27,-2.0985975,1.2389205,-4.5268369,.329642,-.33824211,1.1506783,-2.5935302,1.917046,-24.052429,9.1937838,-42.071915,-6.0329452,-23.714188,9.2789373,-41.90057,-5.5278049
22,27,-2.0574484,1.2146279,-4.4380751,.32317841,-.3316099,1.1281159,-2.5426764,1.8794566,-23.580811,9.0135126,-41.246971,-5.9146514,-23.249201,9.0969963,-41.078987,-5.419416
22.1,27,-2.0162992,1.1903352,-4.3493133,.31671479,-.32497767,1.1055535,-2.4918227,1.8418674,-23.109194,8.8332415,-40.422028,-5.7963581,-22.784216,8.9150562,-40.257404,-5.3110275
22.2,27,-1.9751501,1.1660426,-4.2605515,.31025121,-.31834546,1.0829911,-2.440969,1.8042781,-22.637575,8.6529703,-39.597088,-5.6780648,-22.319229,8.7331152,-39.435822,-5.2026386
22.3,27,-1.9340018,1.1417503,-4.1717916,.30378774,-.31171337,1.0604291,-2.3901162,1.7666895,-22.165966,8.472703,-38.77216,-5.5597734,-21.854254,8.551178,-38.614254,-5.0942521
22.4,27,-1.8928527,1.1174577,-4.0830297,.29732415,-.30508113,1.0378667,-2.3392625,1.7291002,-21.694349,8.2924318,-37.947216,-5.4414802,-21.389267,8.3692379,-37.792671,-4.9858632
22.5,27,-1.8517035,1.093165,-3.9942677,.29086056,-.29844892,1.0153043,-2.2884088,1.691511,-21.222731,8.1121616,-37.122272,-5.3231864,-20.924282,8.1872969,-36.971088,-4.8774743
22.6,27,-1.8105545,1.0688725,-3.9055059,.28439698,-.29181668,.99274194,-2.237555,1.6539217,-20.751112,7.9318905,-36.297333,-5.2048931,-20.459295,8.0053558,-36.149506,-4.7690859
22.7,27,-1.7694054,1.0445797,-3.8167441,.27793336,-.28518447,.9701795,-2.1867013,1.6163324,-20.279493,7.7516193,-35.472389,-5.0865993,-19.99431,7.8234158,-35.327923,-4.660697
22.8,27,-1.7282569,1.0202875,-3.727984,.27146989,-.27855235,.94761753,-2.1358485,1.5787439,-19.807886,7.571352,-34.647461,-4.9683084,-19.529333,7.6414785,-34.506355,-4.5523105
22.9,27,-1.6871078,.99599493,-3.6392221,.2650063,-.27192014,.92505515,-2.0849948,1.5411546,-19.336267,7.3910809,-33.822521,-4.8500147,-19.064346,7.459538,-33.684772,-4.4439216
23,27,-1.6459588,.97170228,-3.5504601,.25854272,-.26528791,.90249276,-2.0341411,1.5035653,-18.864649,7.2108102,-32.997578,-4.7317214,-18.599361,7.277597,-32.86319,-4.3355327
23.1,27,-1.6048096,.94740963,-3.4616983,.25207913,-.2586557,.87993032,-1.9832875,1.465976,-18.393032,7.030539,-32.172634,-4.6134276,-18.134375,7.0956564,-32.041607,-4.2271442
23.2,27,-1.5636605,.92311698,-3.3729365,.24561553,-.25202349,.85736793,-1.9324337,1.4283868,-17.921413,6.8502679,-31.347692,-4.4951344,-17.66939,6.9137158,-31.220024,-4.1187553
23.3,27,-1.5225122,.89882481,-3.2841763,.23915206,-.24539138,.83480597,-1.8815809,1.3907982,-17.449804,6.6700006,-30.522764,-4.376843,-17.204412,6.7317786,-30.398457,-4.0103688
23.4,27,-1.4813631,.87453216,-3.1954145,.23268847,-.23875916,.81224352,-1.8307272,1.3532089,-16.978186,6.4897299,-29.697823,-4.2585497,-16.739428,6.5498381,-29.576874,-3.9019799
23.5,27,-1.4402139,.85023952,-3.1066527,.22622488,-.23212694,.78968114,-1.7798735,1.3156197,-16.506569,6.3094587,-28.872879,-4.1402559,-16.274441,6.3678975,-28.755291,-3.7935913
23.6,27,-1.3990648,.82594681,-3.0178909,.21976128,-.22549471,.76711875,-1.7290198,1.2780304,-16.03495,6.1291876,-28.047937,-4.0219626,-15.809455,6.185957,-27.933708,-3.6852026
23.7,27,-1.3579156,.80165416,-2.9291289,.21329769,-.21886249,.74455631,-1.678166,1.2404411,-15.563332,5.9489169,-27.222994,-3.9036691,-15.344469,6.0040164,-27.112125,-3.5768137
23.8,27,-1.3167673,.77736199,-2.8403687,.20683423,-.21223038,.72199434,-1.6273134,1.2028526,-15.091722,5.7686496,-26.398067,-3.785378,-14.879493,5.8220792,-26.290558,-3.4684272
23.9,27,-1.2756182,.75306934,-2.7516069,.20037062,-.20559816,.69943196,-1.5764596,1.1652633,-14.620105,5.5883784,-25.573126,-3.6670845,-14.414507,5.6401386,-25.468975,-3.3600383
24,27,-1.2344691,.72877669,-2.6628451,.19390704,-.19896594,.67686957,-1.5256059,1.127674,-14.148487,5.4081073,-24.748182,-3.5487909,-13.949521,5.4581981,-24.647392,-3.2516496
24.1,27,-1.1933199,.70448405,-2.5740833,.18744345,-.19233371,.65430713,-1.4747522,1.0900847,-13.676868,5.2278366,-23.923241,-3.4304974,-13.484535,5.276257,-23.825809,-3.143261
24.2,27,-1.1521708,.6801914,-2.4853215,.18097985,-.18570149,.63174474,-1.4238985,1.0524955,-13.205251,5.0475655,-23.098297,-3.3122039,-13.019549,5.0943165,-23.004227,-3.0348723
24.3,27,-1.1110225,.65589923,-2.3965614,.17451638,-.1790694,.60918278,-1.3730457,1.0149069,-12.733642,4.8672981,-22.273371,-3.1939127,-12.554572,4.9123793,-22.182659,-2.9264855
24.4,27,-1.0698733,.63160658,-2.3077996,.16805279,-.17243718,.58662039,-1.322192,.97731763,-12.262024,4.687027,-21.448429,-3.0756192,-12.089586,4.7304387,-21.361076,-2.8180969
24.5,27,-1.0287242,.60731393,-2.2190375,.16158921,-.16580495,.56405795,-1.2713382,.93972832,-11.790405,4.5067563,-20.623486,-2.9573257,-11.6246,4.5484982,-20.539494,-2.709708
24.6,27,-.98757505,.58302128,-2.1302757,.1551256,-.15917273,.54149556,-1.2204845,.90213907,-11.318788,4.3264852,-19.798544,-2.8390324,-11.159615,4.3665576,-19.717911,-2.6013193
24.7,27,-.94642597,.55872864,-2.0415139,.14866202,-.1525405,.51893318,-1.1696308,.86454976,-10.84717,4.1462145,-18.9736,-2.7207389,-10.694629,4.184617,-18.896328,-2.4929307
24.8,27,-.90527761,.5344364,-1.9527538,.14219855,-.1459084,.49637118,-1.118778,.82696122,-10.375561,3.9659469,-18.148674,-2.6024475,-10.229652,4.0026798,-18.07476,-2.3845439
24.9,27,-.86412847,.51014376,-1.863992,.13573495,-.13927618,.47380877,-1.0679243,.78937197,-9.9039431,3.785676,-17.32373,-2.4841542,-9.7646666,3.8207393,-17.253178,-2.2761552
25,27,-.82297939,.48585114,-1.7752301,.12927136,-.13264395,.45124638,-1.0170705,.75178266,-9.4323244,3.6054051,-16.498789,-2.3658607,-9.2996807,3.6387985,-16.431595,-2.1677663
25.1,27,-.78183025,.46155849,-1.6864682,.12280776,-.12601174,.42868397,-.96621686,.7141934,-8.9607067,3.4251339,-15.673846,-2.2475672,-8.8346949,3.4568579,-15.610012,-2.0593777
25.2,27,-.74068111,.43726584,-1.5977064,.11634418,-.11937951,.40612155,-.91536313,.67660409,-8.4890881,3.244863,-14.848904,-2.1292737,-8.369709,3.2749174,-14.788429,-1.950989
25.3,27,-.69953275,.41297364,-1.5089463,.1098807,-.11274742,.38355958,-.86451036,.63901556,-8.0174799,3.0645957,-14.023976,-2.0109825,-7.9047322,3.0929801,-13.966862,-1.8426023
25.4,27,-.65838367,.38868099,-1.4201844,.10341711,-.10611519,.36099717,-.81365669,.6014263,-7.5458612,2.8843248,-13.199034,-1.892689,-7.4397464,2.9110396,-13.145279,-1.7342136
25.5,27,-.61723453,.36438835,-1.3314226,.096953519,-.099482968,.33843479,-.76280296,.56383699,-7.0742435,2.7040536,-12.374091,-1.7743955,-6.9747605,2.729099,-12.323696,-1.6258248
25.6,27,-.57608539,.3400957,-1.2426608,.090489924,-.092850745,.31587237,-.71194923,.52624774,-6.6026254,2.5237827,-11.549149,-1.6561019,-6.5097747,2.5471582,-11.502113,-1.5174361
25.7,27,-.53493625,.31580305,-1.1538988,.084026337,-.086218521,.29330996,-.6610955,.48865846,-6.1310072,2.3435118,-10.724206,-1.5378085,-6.0447888,2.3652177,-10.680531,-1.4090474
25.8,27,-.49378794,.29151088,-1.0651387,.077562861,-.079586424,.27074799,-.61024272,.45106989,-5.6593986,2.1632445,-9.8992796,-1.4195173,-5.579812,2.1832805,-9.858963,-1.3006607
25.9,27,-.4526388,.2672182,-.97637689,.071099274,-.0729542,.24818559,-.559389,.41348061,-5.1877804,1.9829735,-9.074337,-1.3012238,-5.1148262,2.0013399,-9.0373802,-1.1922719
26,27,-.4114897,.24292557,-.88761503,.064635679,-.066321976,.22562319,-.50853527,.37589133,-4.7161622,1.8027025,-8.2493944,-1.1829304,-4.6498404,1.8193992,-8.2157974,-1.0838832
26.1,27,-.37034056,.21863292,-.79885322,.058172088,-.059689756,.20306078,-.45768157,.33830205,-4.244544,1.6224315,-7.4244518,-1.0646368,-4.1848545,1.6374587,-7.3942146,-.9754945
26.2,27,-.32919145,.19434027,-.71009135,.051708493,-.053057533,.18049838,-.40682784,.30071279,-3.7729263,1.4421606,-6.5995092,-.94634336,-3.7198687,1.455518,-6.5726318,-.86710572
26.3,27,-.28804308,.17004809,-.62133121,.045245025,-.046425436,.15793639,-.35597509,.26312423,-3.3013172,1.2618932,-5.7745824,-.8280521,-3.2548919,1.2735809,-5.7510643,-.75871909
26.4,27,-.24689397,.14575544,-.53256935,.038781431,-.039793212,.13537399,-.30512136,.22553495,-2.8296993,1.0816222,-4.9496398,-.70975864,-2.789906,1.0916402,-4.9294815,-.65033036
26.5,27,-.20574485,.12146278,-.44380751,.03231784,-.033160988,.1128116,-.25426763,.18794566,-2.3580811,.90135127,-4.1246972,-.59146518,-2.3249202,.90969962,-4.1078987,-.54194158
26.6,27,-.16459572,.097170137,-.35504568,.025854247,-.026528766,.090249188,-.20341392,.1503564,-1.8864632,.7210803,-3.2997546,-.47317168,-1.8599343,.727759,-3.2863159,-.43355286
26.7,27,-.12344659,.072877482,-.26628384,.019390654,-.019896543,.067686781,-.1525602,.11276712,-1.4148451,.54080939,-2.474812,-.35487819,-1.3949486,.54581839,-2.4647329,-.32516414
26.8,27,-.082298249,.048585299,-.17752369,.012927185,-.013264447,.04512481,-.10170744,.075178556,-.94323605,.36054188,-1.6498852,-.23658697,-.92997164,.36388126,-1.6431657,-.21677747
26.9,27,-.041149125,.02429265,-.088761844,.0064635924,-.0066322233,.022562405,-.050853722,.037589278,-.47161803,.18027094,-.82494259,-.11829349,-.46498582,.18194063,-.82158285,-.10838874
27,27,0,0,0,0,0,0,0,0,0,0,0,0,0,0,0,0
27.1,27,.041069914,.024281951,-.0065218355,.088661663,.00661337,.02255236,-.037588444,.050815184,.47134417,.18021034,.1181384,.82454997,.4647308,.18187828,.10825592,.82120568
27.2,27,.08166457,.048499938,-.013393566,.17672271,.013113621,.045044523,-.075172022,.10139926,.94104522,.36005726,.23534597,1.6467445,.92793161,.36338273,.21571457,1.6401486
27.3,27,.1213079,.072590657,-.020967169,.26358297,.019387508,.067416191,-.11274581,.15152082,1.407451,.5391748,.35068789,2.4642141,1.3880635,.54413688,.32157478,2.4545522
27.4,27,.15952624,.096494466,-.029599439,.34865192,.025322162,.089609064,-.15030837,.20095269,1.8689364,.71720904,.46323261,3.2746403,1.8436143,.72377676,.42503789,3.2621908
27.5,27,.19584352,.12015379,-.039653581,.43134063,.030804342,.11156456,-.18785818,.24946687,2.3238494,.89379847,.57203662,4.0756621,2.293045,.90193069,.52529335,4.0607967
27.6,27,.22978449,.14351623,-.05150215,.51107109,.035720922,.13322596,-.22539717,.29683903,2.7705467,1.0685887,.67615139,4.8649421,2.7348258,1.0782344,.62152505,4.8481264
27.7,27,.26087388,.16653541,-.065529518,.58727723,.039958794,.15453839,-.2629309,.34284848,3.2073853,1.2412299,.77461934,5.640151,3.1674266,1.2523288,.71290714,5.6219459
27.8,27,.28863561,.18917195,-.082134604,.65940583,.043404698,.17544878,-.30046856,.38727796,3.6327131,1.4113747,.86646944,6.3989563,3.5893083,1.4238571,.79859972,6.3800168
27.9,27,.31259605,.21139695,-.10173434,.72692645,.045945782,.19590807,-.33802697,.42991853,4.0449047,1.5786928,.95072377,7.1390858,3.9989588,1.5924805,.87775451,7.1201634
28,27,.33227912,.23319075,-.12476633,.78932458,.047468789,.21586923,-.37562713,.47056472,4.4423084,1.7428516,1.0263819,7.8582349,4.3948393,1.7578585,.94950008,7.840179
28.1,27,.34729484,.25455561,-.15162499,.84621471,.04788091,.23529956,-.41329774,.50905955,4.8235755,1.9035952,1.0925975,8.554554,4.7756944,1.9197294,1.0130942,8.5382948
28.2,27,.35759449,.27553979,-.18245353,.89764255,.047170538,.25420967,-.45107126,.54541236,5.1885381,2.0609281,1.1491932,9.2278824,5.1413674,2.0780995,1.0683671,9.2143679
28.3,27,.36321387,.2962034,-.21733412,.94376189,.04534626,.27262107,-.48898122,.57967371,5.537313,2.2149172,1.1961548,9.8784714,5.4919667,2.2330401,1.1152887,9.8686447
28.4,27,.36419106,.31661001,-.25635317,.98473531,.042417016,.29055735,-.52706492,.61189896,5.8700447,2.3656421,1.2334716,10.506618,5.8276277,2.3846338,1.1538314,10.501425
28.5,27,.36056185,.33682323,-.29959953,1.0207232,.038391382,.3080416,-.56535906,.64214182,6.186851,2.5131724,1.2611235,11.112578,6.1484599,2.5329554,1.1839582,11.112961
28.6,27,.35236278,.35690802,-.34716409,1.0518897,.033278067,.32509798,-.60390222,.67045838,6.4878578,2.6575835,1.27909,11.696626,6.4545798,2.6780839,1.2056317,11.703528
28.7,27,.3396304,.37693009,-.39913896,1.0783998,.027085762,.34175131,-.64273447,.69690603,6.7731919,2.7989511,1.2873484,12.259036,6.7461061,2.8200998,1.218812,12.2734
28.8,27,.32240063,.3969548,-.45561647,1.1004177,.019823076,.35802665,-.68189627,.72154242,7.0429707,2.9373496,1.2858715,12.80007,7.0231476,2.9590814,1.2234547,12.822841
28.9,27,.30071136,.41704884,-.5166893,1.1181121,.011498908,.37395078,-.7214312,.74442899,7.297338,3.0728633,1.2746367,13.32004,7.2858396,3.0951183,1.2195188,13.35216
29,27,.27459857,.43727693,-.58244848,1.1316456,.0021218781,.38954994,-.76138198,.76562572,7.5364122,3.2055688,1.253613,13.819211,7.5342903,3.2282913,1.2069554,13.861625
29.1,27,.24409875,.4577035,-.65298361,1.1411811,-.00829932,.40485111,-.80179292,.78519428,7.7603188,3.3355458,1.2227691,14.297869,7.7686181,3.3586855,1.1857154,14.351521
29.2,27,.20924823,.47839171,-.72838229,1.1468787,-.019756047,.41988191,-.84270948,.80319738,7.9691839,3.4628761,1.1820716,14.756296,7.9889402,3.486387,1.1557468,14.822133
29.3,27,.17008325,.49940279,-.80872822,1.1488947,-.032239608,.43466994,-.88417703,.8196978,8.163126,3.5876384,1.1314843,15.194769,8.1953659,3.6114802,1.1169947,15.273737
29.4,27,.12664141,.52079737,-.89410263,1.1473855,-.045741189,.44924438,-.92624396,.83476162,8.342289,3.7099228,1.0709735,15.613604,8.3880301,3.73406,1.0694069,15.706653
29.5,27,.078959063,.54263264,-.98458141,1.1424996,-.060252063,.46363363,-.9689573,.84845316,8.5067902,3.8298104,1.0005,16.013081,8.5670424,3.8542128,1.0129244,16.121161
29.6,27,.027072472,.56496394,-1.0802364,1.1343814,-.075763606,.47786674,-1.0123652,.860838,8.6567574,3.947386,.92002243,16.393492,8.7325201,3.9720287,.94748729,16.517553
29.7,27,-.028982095,.58784384,-1.1811348,1.1231706,-.092267178,.49197301,-1.0565166,.87198222,8.7923136,4.0627356,.82949799,16.755129,8.8845806,4.0875993,.87303305,16.896128
29.8,27,-.089168333,.61132169,-1.2873368,1.1090001,-.10975409,.50598156,-1.1014597,.88195157,8.913579,4.1759429,.72888154,17.098276,9.0233335,4.201014,.78949708,17.25717
29.9,27,-.15344864,.63544512,-1.3988982,1.092001,-.12821551,.51992279,-1.1472455,.89081448,9.0206966,4.2871022,.61813116,17.423264,9.1489124,4.3123727,.69681734,17.601007
30,27,-.22178665,.66025746,-1.5158675,1.0722941,-.1476427,.53382599,-1.1939224,.898637,9.1137857,4.3962989,.49719864,17.730373,9.2614288,4.4217663,.59492582,17.927931
30.1,27,-.29414615,.68579918,-1.6382878,1.0499955,-.16802707,.54772073,-1.24154,.90548581,9.1929712,4.5036221,.36603457,18.019909,9.3609991,4.5292902,.48375294,18.238245
30.2,27,-.37049091,.71210766,-1.7661963,1.0252144,-.18935999,.56163651,-1.2901473,.91142732,9.258379,4.6091619,.2245882,18.29217,9.4477386,4.6350398,.36322781,18.532249
30.3,27,-.45078436,.73921663,-1.8996223,.99805355,-.2116327,.57560235,-1.3397926,.91652715,9.3101282,4.7130055,.072807424,18.547449,9.5217609,4.739109,.23327789,18.810244
30.4,27,-.5349893,.76715773,-2.0385909,.96861219,-.23483644,.58964795,-1.3905252,.92085236,9.348361,4.8152509,-.08935754,18.786079,9.5831976,4.8416014,.093832754,19.072561
30.5,27,-.62306893,.79595834,-2.1831186,.93698084,-.25896242,.60380179,-1.4423921,.92446727,9.3731976,4.915987,-.26196039,19.008354,9.6321602,4.9426122,-.055182014,19.319502
30.6,27,-.71498722,.82564336,-2.3332186,.90324402,-.28400207,.61809188,-1.4954399,.92743582,9.3847628,5.0153065,-.4450573,19.214582,9.6687641,5.0422392,-.21384309,19.551373
30.7,27,-.81070822,.85623461,-2.4888973,.86748081,-.30994678,.63254607,-1.5497143,.92982078,9.3831806,5.1133008,-.63870537,19.405066,9.6931276,5.1405821,-.3822282,19.768482
30.8,27,-.91019505,.8877508,-2.6501546,.82976454,-.33678776,.64719111,-1.6052589,.93168342,9.3685732,5.2100616,-.8429606,19.580107,9.7053604,5.2377362,-.56041425,19.971136
30.9,27,-1.0134103,.92020899,-2.8169868,.79016614,-.36451623,.662054,-1.6621182,.93308568,9.3410807,5.3056884,-1.0578772,19.740038,9.7055969,5.3338089,-.74847627,20.15967
31,27,-1.1203178,.9536227,-2.9893839,.74874836,-.39312351,.67716002,-1.7203327,.93408579,9.3008242,5.4002714,-1.2835134,19.88516,9.6939478,5.428896,-.94649351,20.334389
31.1,27,-1.2308812,.98800355,-3.1673326,.70557022,-.4226009,.69253397,-1.7799426,.93474078,9.2479277,5.4939051,-1.519928,20.015783,9.6705284,5.5230985,-1.1545452,20.495602
31.2,27,-1.3450632,1.0233607,-3.3508134,.66068703,-.4529396,.70819974,-1.8409857,.9351064,9.1825209,5.5866833,-1.7671772,20.132217,9.6354599,5.6165156,-1.3727083,20.643629
31.3,27,-1.4628313,1.0597018,-3.5398088,.61414617,-.48413178,.7241798,-1.9034981,.93523449,9.1047096,5.6786952,-2.0253291,20.234747,9.5888414,5.7092438,-1.601071,20.778753
31.4,27,-1.5841423,1.0970321,-3.7342856,.56600094,-.51616728,.74049664,-1.967514,.93517953,9.0146551,5.7700443,-2.2944241,20.323734,9.5308228,5.8013911,-1.8396949,20.90134
31.5,27,-1.7089636,1.1353551,-3.9342189,.51629162,-.54903829,.7571708,-2.0330658,.93498921,8.9124651,5.8608189,-2.5745289,20.39946,9.461503,5.8930526,-2.0886672,21.011673
31.6,27,-1.837258,1.1746733,-4.1395755,.4650594,-.5827359,.77422184,-2.1001828,.93471098,8.7982674,5.9511127,-2.8656993,20.462234,9.3810034,5.9843273,-2.3480628,21.110069
31.7,27,-1.9689876,1.2149868,-4.350318,.41234291,-.61725116,.79166824,-2.1688924,.93439007,8.6721935,6.0410194,-3.1679871,20.512373,9.289444,6.075315,-2.6179543,21.196842
31.8,27,-2.1041219,1.2562958,-4.5664163,.35817263,-.65257674,.8095271,-2.2392206,.93406719,8.5343418,6.1306257,-3.4814639,20.550146,9.1869183,6.1661081,-2.8984315,21.272268
31.9,27,-2.2426152,1.2985975,-4.7878194,.30258912,-.68870187,.82781506,-2.3111897,.93378586,8.3848829,6.2200327,-3.8061569,20.575924,9.0735855,6.256813,-3.1895432,21.336714
32,27,-2.3844366,1.3418896,-5.0144916,.24561867,-.72561908,.84654683,-2.3848205,.93358225,8.2239189,6.3093266,-4.1421337,20.589972,8.9495382,6.3475213,-3.4913747,21.390451
32.1,27,-2.5295484,1.3861675,-5.246387,.18729013,-.76331943,.86573583,-2.4601305,.93349165,8.0515728,6.3985949,-4.4894428,20.592588,8.8148918,6.4383249,-3.8039935,21.433777
32.2,27,-2.6779125,1.4314275,-5.483459,.12763366,-.80179399,.88539547,-2.5371373,.93354923,7.8679938,6.4879351,-4.8481255,20.584114,8.6697884,6.5293274,-4.127459,21.467035
32.3,27,-2.8294964,1.4776629,-5.7256627,.066669777,-.84103483,.90553606,-2.6158528,.93378329,7.6732717,6.5774236,-5.2182417,20.564785,8.5143061,6.6206093,-4.4618492,21.490461
32.4,27,-2.9842584,1.5248682,-5.9729452,.0044285194,-.88103217,.9261688,-2.6962898,.93422538,7.4675741,6.6671591,-5.5998178,20.534966,8.3486061,6.7122731,-4.8072076,21.504419
32.5,27,-3.1421657,1.5730358,-6.2252593,-.059072111,-.92177796,.94730181,-2.7784555,.93489945,7.2509899,6.757215,-5.992908,20.494888,8.1727676,6.8043981,-5.1636066,21.509142
32.6,27,-3.3031809,1.6221586,-6.4825535,-.12380845,-.96326357,.9689436,-2.8623581,.93583095,7.0236602,6.8476806,-6.3975472,20.444868,7.9869237,6.8970761,-5.5310974,21.504944
32.7,27,-3.4672658,1.6722291,-6.7447743,-.18975717,-1.0054799,.99110156,-2.9480033,.93704343,6.7857304,6.9386449,-6.8137631,20.385223,7.7912107,6.9904003,-5.9097223,21.492144
32.8,27,-3.6343865,1.7232379,-7.0118709,-.25690249,-1.0484188,1.0137806,-3.035392,.93855476,6.5372925,7.0301762,-7.2415996,20.316183,7.585711,7.0844431,-6.299542,21.470964
32.9,27,-3.8045034,1.775177,-7.2837863,-.3252205,-1.0920707,1.0369866,-3.124527,.9403857,6.2785087,7.1223645,-7.6810694,20.238087,7.3705797,7.1792974,-6.7005849,21.441744
33,27,-3.9775829,1.8280365,-7.5604687,-.39469719,-1.1364278,1.0607226,-3.2154059,.94255036,6.0094695,7.2152767,-8.1322126,20.151152,7.1458974,7.275032,-7.1129036,21.404699
33.1,27,-4.1535873,1.8818074,-7.8418622,-.46531254,-1.181481,1.0849922,-3.3080266,.94506466,5.7303181,7.3089919,-8.5950422,20.055679,6.911799,7.3717308,-7.5365272,21.360125
33.2,27,-4.3324776,1.9364802,-8.1279087,-.53704643,-1.2272211,1.109798,-3.4023852,.94794279,5.4412017,7.4035892,-9.0695667,19.951969,6.6684227,7.4694729,-7.9714756,21.308321
33.3,27,-4.5142226,1.9920444,-8.4185581,-.6098873,-1.2736408,1.1351405,-3.4984753,.95119393,5.1422033,7.4991274,-9.5558157,19.840223,6.415844,7.5683212,-8.4177923,21.249481
33.4,27,-4.6987805,2.0484903,-8.713748,-.68381315,-1.3207299,1.1610214,-3.5962901,.95483029,4.8334932,7.5956864,-10.053779,19.720764,6.154223,7.6683559,-8.8754778,21.183924
33.5,27,-4.8861175,2.1058068,-9.013423,-.75881171,-1.3684803,1.1874396,-3.6958191,.95885855,4.5151625,7.6933208,-10.56347,19.593794,5.8836427,7.7696338,-9.3445597,21.111845
33.6,27,-5.0761967,2.1639841,-9.3175278,-.83486593,-1.4168836,1.2143949,-3.7970541,.96328682,4.1873498,7.7921,-11.084886,19.459585,5.6042337,7.8722248,-9.8250437,21.03351
33.7,27,-5.2689791,2.2230113,-9.6260014,-.91195744,-1.4659303,1.2418864,-3.8999829,.9681223,3.8502038,7.8920898,-11.618008,19.318415,5.316134,7.9761963,-10.316923,20.949192
33.8,27,-5.4644346,2.2828777,-9.9387932,-.99007654,-1.5156132,1.2699115,-4.0045943,.97336781,3.5038047,7.9933376,-12.162849,19.170458,5.0194178,8.0815954,-10.820219,20.859055
33.9,27,-5.6625185,2.3435721,-10.255836,-1.0692015,-1.5659217,1.2984682,-4.1108727,.97902936,3.1483307,8.095911,-12.719362,19.016024,4.7142525,8.1884899,-11.334894,20.763399
34,27,-5.8632002,2.4050837,-10.577078,-1.1493226,-1.6168485,1.3275532,-4.2188048,.98510802,2.7838631,8.199851,-13.287549,18.855276,4.4007115,8.2969227,-11.860958,20.662382
34.1,27,-6.0664406,2.4674013,-10.902458,-1.2304226,-1.6683842,1.3571631,-4.3283749,.99160671,2.4105492,8.3052139,-13.867372,18.688471,4.0789332,8.4069481,-12.398383,20.55625
34.2,27,-6.2722015,2.5305142,-11.231918,-1.3124851,-1.72052,1.3872945,-4.4395676,.99852741,2.0285323,8.4120531,-14.458789,18.515854,3.7490523,8.5186186,-12.947133,20.445238
34.3,27,-6.4804521,2.5944109,-11.565404,-1.3954998,-1.7732482,1.4179429,-4.5523653,1.0058689,1.6378976,8.5204029,-15.061785,18.33758,3.4111457,8.6319675,-13.5072,20.329493
34.4,27,-6.6911483,2.65908,-11.902849,-1.4794469,-1.8265586,1.4491038,-4.66675,1.0136327,1.2388192,8.6303148,-15.676287,18.153925,3.0653777,8.7470474,-14.07852,20.209274
34.5,27,-6.9042597,2.7245107,-12.244203,-1.564317,-1.8804438,1.480772,-4.7827039,1.0218161,.83137792,8.7418184,-16.302273,17.965029,2.7118218,8.8638849,-14.661073,20.084717
34.6,27,-7.1197481,2.7906911,-12.589402,-1.6500937,-1.9348947,1.5129427,-4.900208,1.0304185,.41571933,8.8549566,-16.939676,17.771116,2.3506141,8.9825201,-15.254802,19.95603
34.7,27,-7.3375735,2.8576105,-12.938387,-1.7367599,-1.989902,1.5456104,-5.0192428,1.0394388,-.0080070673,8.9697666,-17.588427,17.572412,1.981895,9.1029902,-15.859638,19.823427
34.8,27,-7.557704,2.925257,-13.291102,-1.8243058,-2.0454578,1.5787692,-5.1397886,1.0488729,-.43971601,9.0862703,-18.248478,17.369047,1.6057419,9.2253151,-16.475544,19.687027
34.9,27,-7.7801008,2.9936197,-13.647488,-1.9127138,-2.1015532,1.6124135,-5.2618256,1.0587194,-.87924618,9.204505,-18.919744,17.161253,1.222307,9.3495293,-17.102434,19.547049
35,27,-8.0047274,3.0626867,-14.007483,-2.001972,-2.1581793,1.6465367,-5.3853321,1.0689735,-1.3264998,9.3244886,-19.602161,16.949162,.8316794,9.4756479,-17.74025,19.403608
35.1,27,-8.2315559,3.1324487,-14.371042,-2.0920689,-2.2153292,1.6811336,-5.5102906,1.0796323,-1.7813628,9.4462471,-20.295668,16.732941,.43396628,9.6036968,-18.388933,19.256865
35.2,27,-8.4605236,3.202889,-14.73807,-2.1829767,-2.2729886,1.7161953,-5.6366696,1.0906926,-2.2436125,9.5698051,-21.000086,16.512861,.029376047,9.7336941,-19.048315,19.107067
35.3,27,-8.6916237,3.2740018,-15.10855,-2.2746983,-2.3311553,1.7517179,-5.7644591,1.1021487,-2.7132471,9.6951733,-21.715439,16.288944,-.38209176,9.8656511,-19.718412,18.954227
35.4,27,-8.9247961,3.3457711,-15.482387,-2.3672049,-2.3898153,1.7876924,-5.8936281,1.1139975,-3.1900301,9.8223734,-22.441528,16.061468,-.80021495,9.9995832,-20.399038,18.798609
35.5,27,-9.1600332,3.4181921,-15.859568,-2.4605,-2.4489667,1.8241149,-6.0241661,1.1262326,-3.6739686,9.9514132,-23.178379,15.830442,-1.2250017,10.135499,-21.090214,18.640211
35.6,27,-9.3972826,3.4912496,-16.240005,-2.554559,-2.5085971,1.8609767,-6.1560445,1.1388503,-4.1648602,10.082305,-23.925814,15.596094,-1.656263,10.273405,-21.791767,18.47924
35.7,27,-9.6364851,3.5649271,-16.623615,-2.6493566,-2.5686924,1.8982687,-6.2892308,1.1518457,-4.6624947,10.215058,-24.68364,15.358651,-2.0938022,10.413308,-22.503511,18.315907
35.8,27,-9.8776388,3.6392207,-17.01038,-2.7448969,-2.629252,1.9359869,-6.4237165,1.1652125,-5.1668835,10.349674,-25.451872,15.118105,-2.5376315,10.555207,-23.225458,18.150194
35.9,27,-10.120682,3.714114,-17.400211,-2.841152,-2.6902614,1.9741218,-6.5594687,1.1789463,-5.677794,10.486162,-26.230293,14.874706,-2.9875326,10.699107,-23.957397,17.982332
36,27,-10.365607,3.789602,-17.793091,-2.9381242,-2.751719,2.0126693,-6.6964784,1.1930407,-6.1952286,10.624519,-27.018904,14.628447,-3.4435096,10.845002,-24.699324,17.812304
36.1,27,-10.612354,3.8656673,-18.188923,-3.0357852,-2.8136096,2.0516195,-6.8347096,1.2074904,-6.718956,10.764745,-27.817469,14.379557,-3.9053464,10.992888,-25.451012,17.64032
36.2,27,-10.860888,3.9423001,-18.587654,-3.1341217,-2.875926,2.090965,-6.9741426,1.2222903,-7.2488503,10.906841,-28.625866,14.128165,-4.3729243,11.142763,-26.212339,17.466492
36.3,27,-11.11118,4.0194898,-18.989237,-3.2331252,-2.9386609,2.1306996,-7.1147556,1.2374337,-7.7848382,11.050796,-29.444,13.874324,-4.8461771,11.294614,-26.983213,17.290857
36.4,27,-11.363187,4.0972242,-19.393599,-3.3327754,-3.0018036,2.170815,-7.2565227,1.2529155,-8.3267374,11.196609,-30.271688,13.618213,-5.324934,11.448434,-27.763451,17.113583
36.5,27,-11.616881,4.1754932,-19.800697,-3.4330647,-3.0653481,2.2113044,-7.399425,1.268729,-8.8744841,11.344267,-31.108839,13.359871,-5.8091364,11.604207,-28.552965,16.934692
36.6,27,-11.872219,4.2542844,-20.210463,-3.5339744,-3.1292837,2.2521601,-7.5434361,1.2848687,-9.4279137,11.493762,-31.955275,13.099445,-6.2986307,11.761923,-29.351576,16.754314
36.7,27,-12.12916,4.3335857,-20.622831,-3.6354876,-3.1936011,2.2933738,-7.6885309,1.301329,-9.9868755,11.645084,-32.810822,12.837071,-6.7932739,11.921568,-30.159119,16.572571
36.8,27,-12.387679,4.4133883,-21.037762,-3.7375968,-3.2582939,2.3349392,-7.8346906,1.3181032,-10.551303,11.798217,-33.675385,12.572777,-7.2930093,12.083121,-30.975492,16.389473
36.9,27,-12.647729,4.4936786,-21.455177,-3.8402805,-3.3233511,2.3768482,-7.9818878,1.3351858,-11.121012,11.953149,-34.548752,12.306729,-7.7976608,12.246569,-31.800495,16.205173
37,27,-12.909282,4.5744467,-21.875032,-3.9435306,-3.3887661,2.4190936,-8.1301022,1.3525702,-11.695929,12.109859,-35.430817,12.038959,-8.3071623,12.411887,-32.634014,16.01969
37.1,27,-13.172297,4.6556807,-22.297262,-4.0473299,-3.4545288,2.4616675,-8.2793083,1.3702507,-12.275901,12.268332,-36.321388,11.769588,-8.821372,12.579056,-33.475868,15.833125
37.2,27,-13.436732,4.7373691,-22.721806,-4.15166,-3.5206301,2.5045621,-8.4294815,1.3882215,-12.860774,12.428551,-37.220287,11.498738,-9.3401442,12.748056,-34.325874,15.645587
37.3,27,-13.702564,4.8195014,-23.148613,-4.2565145,-3.5870633,2.547771,-8.5806026,1.406476,-13.450483,12.590493,-38.127396,11.22643,-9.8634195,12.91886,-35.183922,15.457082
37.4,27,-13.969743,4.9020653,-23.577614,-4.3618708,-3.6538174,2.5912855,-8.7326431,1.4250087,-14.044838,12.754139,-39.042488,10.952815,-10.39102,13.091448,-36.049786,15.267746
37.5,27,-14.23824,4.9850507,-24.00876,-4.46772,-3.7208853,2.6350985,-8.8855829,1.4438128,-14.643764,12.919462,-39.965446,10.677916,-10.922879,13.265789,-36.923347,15.077588
37.6,27,-14.508018,5.0684462,-24.44199,-4.5740466,-3.7882581,2.6792028,-9.0393991,1.462883,-15.247122,13.086443,-40.89608,10.401835,-11.458863,13.441859,-37.804424,14.886696
37.7,27,-14.779036,5.1522393,-24.877239,-4.6808319,-3.8559258,2.7235901,-9.1940641,1.4822131,-15.854748,13.255057,-41.834183,10.124687,-11.998821,13.619632,-38.69281,14.695167
37.8,27,-15.051266,5.2364216,-25.314463,-4.7880683,-3.9238818,2.7682543,-9.3495607,1.501797,-16.466578,13.425278,-42.779636,9.8464813,-12.542696,13.799077,-39.58839,14.502998
37.9,27,-15.324659,5.3209782,-25.753586,-4.8957334,-3.992115,2.8131864,-9.5058594,1.5216286,-17.08242,13.597078,-43.732204,9.5673637,-13.090304,13.980166,-40.490929,14.310319
38,27,-15.59919,5.4059005,-26.194559,-5.003819,-4.0606189,2.8583796,-9.66294,1.5417022,-17.702202,13.770431,-44.69175,9.2873459,-13.641583,14.162868,-41.400295,14.117128
38.1,27,-15.874817,5.4911766,-26.637325,-5.112308,-4.1293836,2.9038265,-9.8207788,1.5620116,-18.325779,13.945309,-45.658081,9.0065222,-14.196396,14.347154,-42.316299,13.923509
38.2,27,-16.151503,5.5767956,-27.081821,-5.2211843,-4.1984005,2.9495194,-9.979352,1.5825511,-18.953003,14.121685,-46.630997,8.7249899,-14.754603,14.532992,-43.238747,13.729539
38.3,27,-16.429213,5.6627455,-27.52799,-5.3304348,-4.2676611,2.9954507,-10.138637,1.6033146,-19.58378,14.299526,-47.610336,8.4427748,-15.31612,14.720348,-44.167473,13.535233
38.4,27,-16.707907,5.7490158,-27.975771,-5.4400434,-4.3371558,3.0416133,-10.298609,1.6242965,-20.217949,14.478806,-48.59589,8.1599884,-15.880794,14.909192,-45.102276,13.340687
38.5,27,-16.987558,5.8355966,-28.425117,-5.5499997,-4.4068785,3.0880003,-10.459248,1.6454909,-20.855438,14.659492,-49.587517,7.8766398,-16.448559,15.099491,-46.043018,13.145899
38.6,27,-17.26812,5.9224744,-28.875957,-5.660284,-4.4768181,3.1346033,-10.620527,1.6668917,-21.496077,14.841554,-50.584988,7.5928345,-17.019258,15.291208,-46.989475,12.950958
38.7,27,-17.549559,6.0096393,-29.328236,-5.7708826,-4.5469661,3.1814153,-10.782426,1.6884935,-22.13973,15.024961,-51.588116,7.3086514,-17.592766,15.484313,-47.941463,12.755931
38.8,27,-17.831837,6.0970798,-29.781895,-5.8817811,-4.6173139,3.2284286,-10.944918,1.7102901,-22.786304,15.209678,-52.596725,7.024117,-18.168989,15.678767,-48.898811,12.56083
38.9,27,-18.11492,6.1847849,-30.236876,-5.9929643,-4.6878533,3.2756364,-11.107983,1.7322761,-23.435642,15.395676,-53.610611,6.7393289,-18.747787,15.87454,-49.861317,12.36574
39,27,-18.398775,6.2727447,-30.693129,-6.1044211,-4.7585764,3.3230314,-11.271598,1.7544458,-24.087664,15.58292,-54.629623,6.4542994,-19.329086,16.071594,-50.828835,12.17066
39.1,27,-18.683359,6.3609467,-31.150585,-6.2161331,-4.829473,3.3706059,-11.43574,1.7767934,-24.742208,15.771378,-55.653542,6.1691232,-19.912735,16.269896,-51.801144,11.975673
39.2,27,-18.968634,6.4493794,-31.609184,-6.3280826,-4.9005342,3.4183524,-11.600382,1.7993131,-25.399126,15.961014,-56.68214,5.8838873,-20.498592,16.469404,-52.77803,11.780848
39.3,27,-19.254572,6.5380335,-32.068882,-6.4402618,-4.9717531,3.4662642,-11.765506,1.8219997,-26.058352,16.151798,-57.715294,5.5985894,-21.086597,16.670088,-53.759373,11.586175
39.4,27,-19.541126,6.6268959,-32.529602,-6.5526485,-5.0431185,3.5143328,-11.931085,1.8448471,-26.71969,16.343691,-58.752735,5.3133554,-21.676571,16.87191,-54.744907,11.391763
39.5,27,-19.82827,6.7159576,-32.991306,-6.665235,-5.114625,3.5625527,-12.097099,1.8678502,-27.383085,16.536663,-59.79435,5.0281773,-22.268461,17.074831,-55.734516,11.197594
39.6,27,-20.115963,6.8052073,-33.453926,-6.7780032,-5.1862617,3.6109157,-12.263526,1.8910033,-28.04838,16.730677,-60.839905,4.743145,-22.862118,17.278818,-56.727982,11.003745
39.7,27,-20.404163,6.8946314,-33.917393,-6.890934,-5.258019,3.6594138,-12.430338,1.9143006,-28.715408,16.925697,-61.889168,4.4583488,-23.45739,17.483831,-57.725071,10.810291
39.8,27,-20.692841,6.9842215,-34.381664,-7.0040183,-5.3298898,3.7080407,-12.597516,1.9377367,-29.384104,17.121691,-62.941998,4.1737919,-24.054214,17.689835,-58.725655,10.617225
39.9,27,-20.981956,7.0739655,-34.846676,-7.117238,-5.401865,3.7567892,-12.765037,1.9613066,-30.0543,17.318621,-63.998173,3.8895721,-24.652435,17.896791,-59.729504,10.424631
40,27,-21.271477,7.1638536,-35.312374,-7.2305818,-5.4739366,3.8056521,-12.932878,1.9850045,-30.725912,17.516453,-65.057533,3.6057048,-25.251976,18.104664,-60.736465,10.232514
40.1,27,-21.561361,7.2538733,-35.77869,-7.3440309,-5.5460949,3.8546216,-13.101014,2.0088251,-31.398777,17.715149,-66.119835,3.3222783,-25.852682,18.313414,-61.746311,10.040947
40.2,27,-21.851574,7.3440142,-36.245579,-7.4575706,-5.6183314,3.9036913,-13.269425,2.032763,-32.072769,17.914679,-67.184891,3.0393565,-26.454437,18.523005,-62.758858,9.8499832
40.3,27,-22.14208,7.4342656,-36.712975,-7.5711884,-5.6906376,3.9528534,-13.438088,2.0568128,-32.747791,18.115002,-68.252541,2.7569602,-27.057152,18.733397,-63.773937,9.6596308
40.4,27,-22.432838,7.5246143,-37.180813,-7.6848645,-5.7630038,4.0021005,-13.606977,2.0809689,-33.42366,18.316082,-69.322525,2.4751971,-27.660658,18.944553,-64.791298,9.4699841
40.5,27,-22.723822,7.6150537,-37.649052,-7.7985911,-5.8354235,4.0514264,-13.776073,2.1052268,-34.10033,18.517885,-70.394714,2.1940587,-28.264906,19.156439,-65.810837,9.2810249
40.6,27,-23.014988,7.7055697,-38.11763,-7.9123492,-5.907887,4.1008244,-13.945354,2.1295807,-34.777634,18.720377,-71.468895,1.9136318,-28.869745,19.369015,-66.832321,9.0928278
40.7,27,-23.306295,7.7961507,-38.586468,-8.0261202,-5.9803834,4.1502848,-14.114792,2.1540248,-35.455402,18.923515,-72.544815,1.6340089,-29.475018,19.582241,-67.855507,8.905468
40.8,27,-23.597717,7.8867888,-39.055538,-8.1398964,-6.0529079,4.1998034,-14.284371,2.1785553,-36.133591,19.127274,-73.622353,1.355176,-30.080681,19.796083,-68.880287,8.7189274
40.9,27,-23.889206,7.977469,-39.524757,-8.2536535,-6.1254478,4.2493706,-14.454062,2.2031653,-36.811985,19.331604,-74.701233,1.0772624,-30.686539,20.010496,-69.906395,8.5333157
41,27,-24.180737,8.0681839,-39.994087,-8.3673868,-6.197998,4.2989817,-14.623848,2.2278512,-37.490551,19.536482,-75.781349,.8002488,-31.292553,20.225452,-70.933708,8.348608
41.1,27,-24.472275,8.1589231,-40.46347,-8.4810781,-6.2705498,4.3486295,-14.793707,2.2526073,-38.169132,19.741867,-76.86248,.52421588,-31.898582,20.440912,-71.962036,8.1648712
41.2,27,-24.763807,8.2496834,-40.932888,-8.5947247,-6.3431005,4.3983111,-14.963632,2.277431,-38.847687,19.947742,-77.944542,.2491696,-32.504585,20.656857,-72.99128,7.98211
41.3,27,-25.055344,8.3404655,-41.402355,-8.7083321,-6.4156523,4.4480267,-15.133624,2.3023205,-39.526268,20.154093,-79.027565,-.024969921,-33.110615,20.873272,-74.021477,7.8002458
41.4,27,-25.346874,8.4312658,-41.871853,-8.8218966,-6.4882021,4.4977736,-15.303677,2.3272727,-40.204815,20.360905,-80.11145,-.2981751,-33.716614,21.090139,-75.052528,7.6193027
41.5,27,-25.638416,8.522089,-42.341404,-8.9354286,-6.5607548,4.5475535,-15.473797,2.3522868,-40.883411,20.568167,-81.196281,-.57054591,-34.322659,21.307455,-76.084503,7.439187
41.6,27,-25.929951,8.6129293,-42.810982,-9.0489197,-6.633306,4.5973625,-15.643971,2.3773596,-41.561985,20.77586,-82.281921,-.8420496,-34.92868,21.525194,-77.117287,7.2599258
41.7,27,-26.221481,8.7037878,-43.28059,-9.1623716,-6.7058558,4.6472001,-15.814201,2.4024894,-42.240532,20.983971,-83.368362,-1.1127036,-35.534676,21.743347,-78.150856,7.081502
41.8,27,-26.513023,8.7946663,-43.750252,-9.275795,-6.7784085,4.6970677,-15.984492,2.4276755,-42.919128,21.192497,-84.455658,-1.3825985,-36.14072,21.961908,-79.185272,6.9038296
41.9,27,-26.804554,8.8855591,-44.219929,-9.3891783,-6.8509588,4.7469611,-16.154833,2.4529145,-43.597675,21.401415,-85.543678,-1.6516749,-36.746716,22.180857,-80.220398,6.7269621
42,27,-27.09609,8.9764709,-44.689651,-9.502532,-6.9235101,4.7968822,-16.325226,2.4782059,-44.276257,21.61072,-86.632484,-1.9200268,-37.352749,22.400187,-81.256302,6.5508103
42.1,27,-27.38763,9.067399,-45.159405,-9.6158552,-6.9960623,4.8468289,-16.495672,2.5035479,-44.954845,21.820398,-87.722046,-2.1876514,-37.958786,22.619884,-82.292946,6.3753762
42.2,27,-27.679161,9.1583405,-45.629181,-9.7291431,-7.0686126,4.8967996,-16.666162,2.5289383,-45.633392,22.030437,-88.812256,-2.4545283,-38.564781,22.839939,-83.330238,6.200676
42.3,27,-27.970697,9.249299,-46.098991,-9.8424044,-7.1411638,4.946795,-16.836704,2.5543764,-46.311974,22.240833,-89.903206,-2.7207434,-39.170811,23.060343,-84.368248,6.0266299
42.4,27,-28.262232,9.3402719,-46.568829,-9.9556332,-7.2137146,4.9968138,-17.00729,2.5798602,-46.990528,22.451571,-90.994797,-2.9862616,-39.776814,23.281082,-85.406898,5.8532686
42.5,27,-28.553768,9.4312601,-47.0387,-10.068837,-7.2862663,5.0468554,-17.177921,2.6053891,-47.669109,22.662642,-92.087074,-3.2511506,-40.382843,23.502151,-86.44622,5.6805282
42.6,27,-28.845304,9.5222626,-47.508598,-10.182014,-7.3588181,5.0969195,-17.348597,2.6309612,-48.347691,22.874037,-93.179977,-3.5154042,-40.988873,23.723541,-87.48616,5.5084128
42.7,27,-29.136839,9.6132774,-47.978516,-10.29516,-7.4313684,5.1470046,-17.519312,2.656575,-49.026245,23.085747,-94.273476,-3.7790153,-41.594879,23.94524,-88.526688,5.3369284
42.8,27,-29.428375,9.7043066,-48.448467,-10.408283,-7.5039201,5.1971107,-17.690069,2.68223,-49.704826,23.297764,-95.367607,-4.0420494,-42.200909,24.16724,-89.567825,5.1660128
42.9,27,-29.719906,9.7953472,-48.918434,-10.521378,-7.5764704,5.2472363,-17.860865,2.7079239,-50.383373,23.510078,-96.46228,-4.3044691,-42.806904,24.389532,-90.609505,4.9956999
43,27,-30.011446,9.8864021,-49.388439,-10.634453,-7.6490221,5.2973828,-18.031702,2.7336574,-51.061966,23.722685,-97.557571,-4.5663548,-43.412941,24.612114,-91.651794,4.8259144
43.1,27,-30.302982,9.9774694,-49.858463,-10.747502,-7.7215738,5.347548,-18.202576,2.7594278,-51.740547,23.935575,-98.653412,-4.8276801,-44.01897,24.834972,-92.694618,4.6566782
43.2,27,-30.594576,10.068563,-50.328598,-10.860553,-7.7941389,5.3977413,-18.373518,2.7852395,-52.419308,24.148777,-99.750038,-5.0885777,-44.625172,25.058138,-93.73822,4.4878793
43.3,27,-30.88599,10.159619,-50.798477,-10.973501,-7.8666611,5.4479227,-18.544394,2.8110714,-53.097466,24.362131,-100.84637,-5.3485641,-45.230804,25.281448,-94.781532,4.3199248
43.4,27,-31.177586,10.250737,-51.268661,-11.086509,-7.9392266,5.4981523,-18.715406,2.8369532,-53.776237,24.575863,-101.94405,-5.6084294,-45.837009,25.505136,-95.826157,4.1521397
43.5,27,-31.46912,10.341849,-51.73877,-11.199469,-8.0117779,5.548388,-18.886419,2.8628633,-54.454811,24.78981,-103.04195,-5.8676753,-46.443031,25.729033,-96.87101,3.9849463
43.6,27,-31.760662,10.432973,-52.208912,-11.312409,-8.0843306,5.5986423,-19.057467,2.8888066,-55.133408,25.004007,-104.14037,-6.1264515,-47.049076,25.953176,-97.916367,3.8182158
43.7,27,-32.052254,10.524123,-52.679157,-11.425353,-8.1568956,5.648921,-19.228577,2.9147861,-55.812172,25.218483,-105.23949,-6.3848534,-47.655277,26.177595,-98.962418,3.6518674
43.8,27,-32.343662,10.61523,-53.149132,-11.538196,-8.2294168,5.6991849,-19.399614,2.9407804,-56.490311,25.433073,-106.33822,-6.6424022,-48.260891,26.402117,-100.00809,3.4863045
43.9,27,-32.635262,10.706401,-53.619423,-11.651102,-8.3019829,5.7494955,-19.570787,2.9668212,-57.16909,25.648016,-107.43828,-6.8999038,-48.867107,26.626993,-101.05505,3.3208408
44,27,-32.9268,10.797564,-54.089634,-11.763963,-8.3745346,5.7998109,-19.741955,2.9928861,-57.847672,25.86314,-108.5385,-7.156847,-49.473137,26.852047,-102.10218,3.1559079
44.1,27,-33.218334,10.888735,-54.559864,-11.876804,-8.4470854,5.8501406,-19.913149,3.0189791,-58.526245,26.078484,-109.63913,-7.4133568,-50.079159,27.077312,-103.14972,2.9913988
44.2,27,-33.509872,10.979918,-55.030113,-11.98963,-8.5196371,5.9004846,-20.084375,3.0451002,-59.204815,26.294041,-110.74019,-7.6694422,-50.685177,27.30279,-104.19766,2.8273072
44.3,27,-33.801403,11.071106,-55.500374,-12.102435,-8.5921879,5.9508419,-20.255623,3.0712481,-59.883381,26.509802,-111.84164,-7.9251232,-51.291191,27.528467,-105.24599,2.6636107
44.4,27,-34.092937,11.162305,-55.970654,-12.215224,-8.6647387,6.0012131,-20.426901,3.0974226,-60.561943,26.725769,-112.94349,-8.1803999,-51.897205,27.754345,-106.29472,2.5003116
44.5,27,-34.384476,11.253512,-56.440956,-12.327997,-8.7372904,6.0515976,-20.598204,3.1236229,-61.240524,26.941933,-114.04575,-8.4353065,-52.503235,27.980417,-107.34384,2.3373752
44.6,27,-34.676014,11.344728,-56.91127,-12.440755,-8.8098421,6.101995,-20.769533,3.1498485,-61.919106,27.158291,-115.14838,-8.6898346,-53.109264,28.206678,-108.39333,2.1748092
44.7,27,-34.967548,11.435951,-57.381599,-12.553495,-8.8823929,6.1524048,-20.940886,3.1760983,-62.597668,27.374836,-116.25136,-8.9439764,-53.715275,28.433123,-109.44318,2.0126224
44.8,27,-35.259079,11.527182,-57.85194,-12.66622,-8.9549437,6.202826,-21.112259,3.2023718,-63.276234,27.591562,-117.35471,-9.1977644,-54.321289,28.659746,-110.49336,1.8507805
44.9,27,-35.550617,11.618421,-58.322304,-12.77893,-9.0274944,6.2532597,-21.283659,3.2286689,-63.954796,27.808472,-118.4584,-9.4511929,-54.927303,28.886547,-111.54389,1.6892917
45,27,-35.842152,11.709667,-58.792679,-12.891626,-9.1000462,6.3037052,-21.455082,3.2549889,-64.633377,28.025557,-119.56246,-9.7042952,-55.533333,29.113522,-112.59479,1.5281227
45.1,27,-36.13369,11.800921,-59.263073,-13.004309,-9.1725979,6.3541622,-21.626526,3.2813311,-65.311958,28.242813,-120.66685,-9.9570618,-56.139362,29.340664,-113.646,1.3672826
45.2,27,-36.425224,11.892182,-59.733475,-13.116976,-9.2451496,6.4046297,-21.797993,3.3076949,-65.990524,28.460238,-121.77156,-10.209482,-56.745373,29.567968,-114.69753,1.2067811
45.3,27,-36.716759,11.98345,-60.203888,-13.229628,-9.3176994,6.4551077,-21.969479,3.3340795,-66.66909,28.677822,-122.87659,-10.461589,-57.351387,29.795431,-115.74936,1.0465854
45.4,27,-37.008293,12.074725,-60.67432,-13.342267,-9.3902512,6.5055971,-22.140987,3.3604851,-67.347649,28.895569,-123.98193,-10.713375,-57.957397,30.023054,-116.80151,.88670498
45.5,27,-37.299831,12.166007,-61.144764,-13.454895,-9.4628019,6.5560966,-22.312515,3.3869112,-68.02623,29.113474,-125.08759,-10.964871,-58.563431,30.25083,-117.85397,.72710752
45.6,27,-37.591366,12.257295,-61.615223,-13.567511,-9.5353537,6.6066065,-22.484064,3.4133568,-68.704811,29.331532,-126.19356,-11.216068,-59.16946,30.478754,-118.90672,.56780338
45.7,27,-37.882904,12.34859,-62.085693,-13.680112,-9.6079054,6.6571259,-22.655632,3.4398217,-69.383377,29.549738,-127.2998,-11.466955,-59.775471,30.706827,-119.95975,.40880293
45.8,27,-38.174435,12.439889,-62.556171,-13.7927,-9.6804552,6.7076545,-22.827217,3.4663053,-70.061943,29.768087,-128.40631,-11.717562,-60.381485,30.935038,-121.01305,.25007471
45.9,27,-38.465969,12.531197,-63.026665,-13.905276,-9.7530069,6.7581925,-22.998821,3.4928074,-70.740501,29.986582,-129.51312,-11.967881,-60.987495,31.163391,-122.06662,.091628917
46,27,-38.757507,12.62251,-63.497169,-14.017843,-9.8255587,6.8087406,-23.170444,3.5193279,-71.419083,30.205219,-130.62022,-12.217944,-61.593525,31.391884,-123.12049,-.066565476
46.1,27,-39.049046,12.713828,-63.96769,-14.130398,-9.8981094,6.8592973,-23.342085,3.5458658,-72.097664,30.423992,-131.7276,-12.467738,-62.199554,31.620508,-124.17461,-.22449738
46.2,27,-39.34058,12.805153,-64.438217,-14.242941,-9.9706612,6.9098625,-23.513742,3.5724208,-72.77623,30.642899,-132.83521,-12.717252,-62.805569,31.849264,-125.22898,-.38215569
46.3,27,-39.632111,12.896482,-64.908752,-14.355471,-10.043212,6.9604363,-23.685415,3.5989926,-73.454796,30.861933,-133.94307,-12.966516,-63.411583,32.078148,-126.28359,-.53957075
46.4,27,-39.923649,12.987818,-65.379303,-14.467992,-10.115763,7.0110188,-23.857107,3.625581,-74.133354,31.081099,-135.05119,-13.215522,-64.017593,32.307156,-127.33846,-.69673181
46.5,27,-40.215183,13.079159,-65.849861,-14.580503,-10.188314,7.0616093,-24.028814,3.6521859,-74.811935,31.300392,-136.15958,-13.464298,-64.623627,32.536289,-128.39359,-.85366881
46.6,27,-40.506721,13.170506,-66.320435,-14.693005,-10.260866,7.1122084,-24.200539,3.6788065,-75.490517,31.519808,-137.2682,-13.712832,-65.229652,32.765541,-129.44894,-1.01037
46.7,27,-40.798256,13.261857,-66.791016,-14.805494,-10.333417,7.1628151,-24.372276,3.7054424,-76.169083,31.739342,-138.37704,-13.961115,-65.835663,32.994915,-130.5045,-1.1668239
46.8,27,-41.08979,13.353212,-67.261604,-14.917974,-10.405968,7.213429,-24.544027,3.7320931,-76.847649,31.958994,-139.48613,-14.209172,-66.441681,33.224396,-131.5603,-1.3230596
46.9,27,-41.381325,13.444573,-67.732208,-15.030443,-10.478518,7.264051,-24.715797,3.758759,-77.526207,32.178761,-140.59543,-14.456996,-67.047691,33.453995,-132.61632,-1.479066
47,27,-41.672859,13.53594,-68.20282,-15.142905,-10.55107,7.3146801,-24.887581,3.7854395,-78.204788,32.398643,-141.70497,-14.704615,-67.653725,33.683704,-133.67258,-1.6348721
