temp,ref,yhat_comm,se_comm,lowerci_comm,upperci_comm,yhat_low,se_low,lowerci_low,upperci_low,yhat_high,se_high,lowerci_high,upperci_high,yhat_marg,se_marg,lowerci_marg,upperci_marg
-20,27,-23.932804,20.125895,-63.37883,15.513224,-.20983933,19.288168,-38.013954,37.594276,-232.31648,89.232132,-407.20825,-57.424717,-232.10664,91.355431,-411.16,-53.053291
-19.9,27,-23.881884,20.083073,-63.24398,15.480217,-.20939286,19.247129,-37.933075,37.51429,-231.82219,89.042274,-406.34186,-57.302536,-231.61281,91.161057,-410.28519,-52.940411
-19.8,27,-23.830961,20.040251,-63.109135,15.447209,-.20894639,19.206091,-37.852192,37.434299,-231.3279,88.852425,-405.47546,-57.180355,-231.11896,90.966682,-409.41037,-52.82753
-19.7,27,-23.780041,19.997431,-62.974285,15.414204,-.20849992,19.165052,-37.771313,37.354313,-230.83362,88.662567,-404.60907,-57.058178,-230.62512,90.772316,-408.53558,-52.714653
-19.6,27,-23.72912,19.954611,-62.839436,15.381196,-.20805345,19.124014,-37.690434,37.274326,-230.33932,88.47271,-403.74265,-56.935997,-230.13127,90.577942,-407.66077,-52.601772
-19.5,27,-23.6782,19.911789,-62.70459,15.348189,-.20760699,19.082975,-37.60955,37.194336,-229.84503,88.28286,-402.87625,-56.813816,-229.63744,90.383568,-406.78595,-52.488892
-19.4,27,-23.627279,19.868967,-62.56974,15.315183,-.20716052,19.041937,-37.528671,37.114349,-229.35074,88.093002,-402.00986,-56.691635,-229.14359,90.189194,-405.91116,-52.376015
-19.3,27,-23.576357,19.826147,-62.434891,15.282175,-.20671405,19.000898,-37.447788,37.034363,-228.85645,87.903145,-401.14343,-56.569454,-228.64973,89.99482,-405.03635,-52.263134
-19.2,27,-23.525436,19.783325,-62.300045,15.249169,-.2062676,18.95986,-37.366909,36.954376,-228.36217,87.713287,-400.27707,-56.447277,-228.1559,89.800446,-404.16156,-52.150257
-19.1,27,-23.474516,19.740505,-62.165195,15.216162,-.20582113,18.918821,-37.28603,36.874386,-227.86787,87.523438,-399.41064,-56.325096,-227.66205,89.606071,-403.28674,-52.037376
-19,27,-23.423595,19.697683,-62.030346,15.183155,-.20537466,18.877783,-37.205147,36.794399,-227.37358,87.33358,-398.54425,-56.202915,-227.16821,89.411697,-402.41193,-51.924496
-18.9,27,-23.372675,19.654861,-61.895496,15.150148,-.20492819,18.836742,-37.124268,36.714409,-226.87929,87.143723,-397.67786,-56.080734,-226.67436,89.217323,-401.53711,-51.811615
-18.8,27,-23.321753,19.612041,-61.760647,15.117141,-.20448172,18.795704,-37.043385,36.634422,-226.38499,86.953865,-396.81143,-55.958553,-226.18051,89.022949,-400.66229,-51.698738
-18.7,27,-23.270832,19.569221,-61.625801,15.084135,-.20403527,18.754667,-36.962505,36.554436,-225.89072,86.764015,-395.94507,-55.836376,-225.68668,88.828583,-399.78751,-51.585857
-18.6,27,-23.219912,19.5264,-61.490952,15.051127,-.2035888,18.713627,-36.881626,36.474445,-225.39642,86.574158,-395.07864,-55.714195,-225.19284,88.634209,-398.91269,-51.47298
-18.5,27,-23.168991,19.483578,-61.356102,15.018121,-.20314233,18.672588,-36.800743,36.394459,-224.90213,86.3843,-394.21225,-55.592014,-224.69899,88.439835,-398.03787,-51.3601
-18.4,27,-23.118071,19.440758,-61.221252,14.985114,-.20269586,18.63155,-36.719864,36.314472,-224.40784,86.194443,-393.34586,-55.469833,-224.20514,88.245461,-397.16306,-51.247219
-18.3,27,-23.067148,19.397936,-61.086403,14.952106,-.20224939,18.590511,-36.638981,36.234482,-223.91354,86.004585,-392.47943,-55.347652,-223.7113,88.051086,-396.28827,-51.134338
-18.2,27,-23.01623,19.355116,-60.951557,14.919101,-.20180292,18.549473,-36.558102,36.154495,-223.41927,85.814735,-391.61307,-55.225475,-223.21747,87.856712,-395.41345,-51.021461
-18.1,27,-22.965307,19.312294,-60.816708,14.886093,-.20135646,18.508434,-36.477222,36.074509,-222.92497,85.624878,-390.74664,-55.103294,-222.72362,87.662338,-394.53864,-50.908581
-18,27,-22.914387,19.269472,-60.681858,14.853086,-.20090999,18.467396,-36.396339,35.994518,-222.43068,85.43502,-389.88025,-54.981113,-222.22977,87.467964,-393.66385,-50.795704
-17.9,27,-22.863466,19.226652,-60.547012,14.82008,-.20046352,18.426357,-36.31546,35.914532,-221.93639,85.245163,-389.01385,-54.858932,-221.73593,87.27359,-392.78903,-50.682823
-17.8,27,-22.812544,19.18383,-60.412163,14.787072,-.20001705,18.385319,-36.234577,35.834545,-221.44209,85.055313,-388.14743,-54.736752,-221.24208,87.079224,-391.91422,-50.569942
-17.7,27,-22.761625,19.14101,-60.277313,14.754066,-.1995706,18.34428,-36.153698,35.754559,-220.94781,84.865456,-387.28104,-54.614574,-220.74825,86.88485,-391.03943,-50.457066
-17.6,27,-22.710703,19.098188,-60.142467,14.721059,-.19912413,18.303242,-36.072819,35.674568,-220.45352,84.675598,-386.41464,-54.492393,-220.25439,86.690475,-390.16461,-50.344185
-17.5,27,-22.659782,19.055368,-60.007618,14.688052,-.19867766,18.262201,-35.991936,35.594582,-219.95923,84.485741,-385.54825,-54.370213,-219.76054,86.496101,-389.28979,-50.231308
-17.4,27,-22.608862,19.012547,-59.872768,14.655046,-.19823119,18.221163,-35.911057,35.514591,-219.46494,84.295891,-384.68185,-54.248032,-219.26671,86.301727,-388.41498,-50.118427
-17.3,27,-22.55794,18.969725,-59.737919,14.622038,-.19778472,18.180124,-35.830173,35.434605,-218.97064,84.106033,-383.81543,-54.125851,-218.77286,86.107353,-387.54016,-50.005547
-17.2,27,-22.507021,18.926905,-59.603073,14.589032,-.19733827,18.139086,-35.749294,35.354618,-218.47636,83.916176,-382.94904,-54.003674,-218.27902,85.912987,-386.66537,-49.89267
-17.1,27,-22.456099,18.884083,-59.468224,14.556025,-.1968918,18.098047,-35.668415,35.274632,-217.98207,83.726326,-382.08264,-53.881493,-217.78517,85.718613,-385.79056,-49.779789
-17,27,-22.405178,18.841263,-59.333374,14.523018,-.19644533,18.057009,-35.587532,35.194641,-217.48778,83.536469,-381.21625,-53.759312,-217.29134,85.524239,-384.91574,-49.666908
-16.9,27,-22.354258,18.798441,-59.198524,14.490011,-.19599886,18.01597,-35.506653,35.114655,-216.99348,83.346611,-380.34982,-53.637131,-216.79749,85.329865,-384.04095,-49.554031
-16.8,27,-22.303335,18.755621,-59.063675,14.457004,-.19555239,17.974932,-35.42577,35.034664,-216.49919,83.156754,-379.48343,-53.51495,-216.30363,85.13549,-383.16614,-49.441151
-16.7,27,-22.252417,18.712799,-58.928829,14.423998,-.19510593,17.933893,-35.344891,34.954678,-216.00491,82.966904,-378.61703,-53.392769,-215.8098,84.941116,-382.29132,-49.328274
-16.6,27,-22.201494,18.669979,-58.79398,14.39099,-.19465946,17.892855,-35.264011,34.874691,-215.51062,82.777046,-377.75064,-53.270592,-215.31596,84.746742,-381.41653,-49.215393
-16.5,27,-22.150574,18.627157,-58.65913,14.357984,-.19421299,17.851816,-35.183128,34.794704,-215.01633,82.587189,-376.88425,-53.148411,-214.82211,84.552368,-380.54172,-49.102512
-16.4,27,-22.099653,18.584335,-58.524281,14.324977,-.19376652,17.810778,-35.102249,34.714714,-214.52203,82.397331,-376.01782,-53.02623,-214.32826,84.357994,-379.6669,-48.989632
-16.3,27,-22.048731,18.541515,-58.389431,14.291969,-.19332005,17.769737,-35.021366,34.634727,-214.02774,82.207474,-375.15143,-52.904049,-213.83441,84.16362,-378.79208,-48.876755
-16.2,27,-21.997812,18.498695,-58.254585,14.258964,-.1928736,17.728701,-34.940487,34.554741,-213.53346,82.017624,-374.28503,-52.781868,-213.34058,83.969254,-377.9173,-48.763874
-16.1,27,-21.94689,18.455873,-58.119736,14.225956,-.19242713,17.68766,-34.859608,34.474751,-213.03917,81.827766,-373.41864,-52.659687,-212.84674,83.774879,-377.04248,-48.650997
-16,27,-21.895969,18.413052,-57.98489,14.192949,-.19198066,17.646622,-34.778725,34.394764,-212.54488,81.637909,-372.55225,-52.53751,-212.35289,83.580505,-376.16766,-48.538116
-15.9,27,-21.845049,18.370232,-57.85004,14.159943,-.19153419,17.605583,-34.697845,34.314774,-212.05058,81.448051,-371.68582,-52.415329,-211.85904,83.386131,-375.29285,-48.425236
-15.8,27,-21.794128,18.32741,-57.715191,14.126936,-.19108772,17.564545,-34.616962,34.234787,-211.55629,81.258202,-370.81943,-52.293148,-211.3652,83.191757,-374.41806,-48.312359
-15.7,27,-21.743206,18.284588,-57.580341,14.093928,-.19064125,17.523506,-34.536083,34.1548,-211.062,81.068344,-369.95303,-52.170967,-210.87135,82.997383,-373.54324,-48.199478
-15.6,27,-21.692286,18.241768,-57.445496,14.060922,-.19019479,17.482468,-34.455204,34.074814,-210.56772,80.878487,-369.08664,-52.048786,-210.37752,82.803009,-372.66843,-48.086597
-15.5,27,-21.641365,18.198946,-57.310646,14.027915,-.18974832,17.441429,-34.374321,33.994823,-210.07343,80.688629,-368.22025,-51.926605,-209.88367,82.608635,-371.79361,-47.973721
-15.4,27,-21.590445,18.156126,-57.175797,13.994908,-.18930186,17.400391,-34.293442,33.914837,-209.57913,80.498779,-367.35382,-51.804424,-209.38983,82.414261,-370.91882,-47.86084
-15.3,27,-21.539524,18.113304,-57.040947,13.961902,-.18885539,17.359352,-34.212559,33.83485,-209.08484,80.308922,-366.48743,-51.682247,-208.89598,82.219887,-370.04401,-47.747959
-15.2,27,-21.488602,18.070484,-56.906097,13.928894,-.18840893,17.318314,-34.13168,33.75486,-208.59055,80.119064,-365.62103,-51.560066,-208.40215,82.025513,-369.16919,-47.635082
-15.1,27,-21.437681,18.027662,-56.771252,13.895887,-.18796246,17.277275,-34.050797,33.674873,-208.09625,79.929207,-364.75464,-51.437885,-207.90829,81.831146,-368.2944,-47.522202
-15,27,-21.386761,17.984842,-56.636402,13.862881,-.18751599,17.236237,-33.969917,33.594887,-207.60197,79.739357,-363.88824,-51.315704,-207.41446,81.636772,-367.41959,-47.409321
-14.9,27,-21.33584,17.94202,-56.501553,13.829874,-.18706952,17.195196,-33.889038,33.514896,-207.10768,79.5495,-363.02182,-51.193523,-206.92061,81.442398,-366.54477,-47.296444
-14.8,27,-21.28492,17.899199,-56.366707,13.796867,-.18662305,17.154158,-33.808155,33.43491,-206.61339,79.359642,-362.15543,-51.071346,-206.42676,81.248024,-365.66995,-47.183563
-14.7,27,-21.233997,17.856379,-56.231857,13.76386,-.18617658,17.113119,-33.727276,33.354923,-206.11909,79.169785,-361.28903,-50.949165,-205.93292,81.05365,-364.79517,-47.070686
-14.6,27,-21.183077,17.813557,-56.097008,13.730853,-.18573013,17.072081,-33.646393,33.274933,-205.6248,78.979935,-360.42264,-50.826984,-205.43907,80.859276,-363.92035,-46.957806
-14.5,27,-21.132156,17.770737,-55.962158,13.697846,-.18528366,17.031042,-33.565514,33.194946,-205.13051,78.790077,-359.55621,-50.704803,-204.94524,80.664902,-363.04553,-46.844925
-14.4,27,-21.081236,17.727915,-55.827309,13.66484,-.18483719,16.990004,-33.484631,33.11496,-204.63623,78.60022,-358.68982,-50.582623,-204.45139,80.470528,-362.17072,-46.732048
-14.3,27,-21.030315,17.685095,-55.692463,13.631833,-.18439072,16.948965,-33.403751,33.034969,-204.14194,78.410362,-357.82343,-50.460445,-203.95755,80.276161,-361.29593,-46.619167
-14.2,27,-20.979393,17.642273,-55.557613,13.598825,-.18394426,16.907927,-33.322872,32.954983,-203.64764,78.220512,-356.95703,-50.338264,-203.4637,80.081787,-360.42111,-46.506287
-14.1,27,-20.928473,17.599453,-55.422764,13.565819,-.18349779,16.866888,-33.241989,32.874996,-203.15335,78.030655,-356.09064,-50.216084,-202.96986,79.887413,-359.5463,-46.39341
-14,27,-20.877552,17.556631,-55.287918,13.532812,-.18305132,16.82585,-33.16111,32.795006,-202.65906,77.840797,-355.22421,-50.093903,-202.47601,79.693039,-358.67151,-46.280529
-13.9,27,-20.826632,17.513809,-55.153069,13.499805,-.18260485,16.784811,-33.080227,32.715019,-202.16476,77.65094,-354.35782,-49.971722,-201.98216,79.498665,-357.79669,-46.167648
-13.8,27,-20.775711,17.470989,-55.018219,13.466799,-.1821584,16.743773,-32.999348,32.635033,-201.67049,77.46109,-353.49142,-49.849545,-201.48833,79.304291,-356.92188,-46.054771
-13.7,27,-20.724789,17.428167,-54.883369,13.433791,-.18171193,16.702734,-32.918468,32.555042,-201.17619,77.271233,-352.62503,-49.727364,-200.99448,79.109917,-356.04706,-45.941891
-13.6,27,-20.673868,17.385347,-54.748524,13.400784,-.18126546,16.661695,-32.837585,32.475056,-200.6819,77.081375,-351.75864,-49.605183,-200.50064,78.915543,-355.17227,-45.829014
-13.5,27,-20.622948,17.342525,-54.613674,13.367778,-.18081899,16.620655,-32.756706,32.395069,-200.18761,76.891518,-350.89221,-49.483002,-200.00679,78.721169,-354.29745,-45.716133
-13.4,27,-20.572027,17.299704,-54.478825,13.334771,-.18037252,16.579617,-32.675823,32.315079,-199.69331,76.70166,-350.02582,-49.360821,-199.51294,78.526794,-353.42264,-45.603252
-13.3,27,-20.521107,17.256884,-54.343975,13.301764,-.17992605,16.538578,-32.594944,32.235092,-199.19904,76.51181,-349.15942,-49.23864,-199.0191,78.332428,-352.54785,-45.490376
-13.2,27,-20.470184,17.214062,-54.209129,13.268757,-.17947958,16.49754,-32.514065,32.155106,-198.70474,76.321953,-348.29303,-49.116459,-198.52525,78.138054,-351.67303,-45.377495
-13.1,27,-20.419264,17.171242,-54.07428,13.23575,-.17903313,16.456501,-32.433182,32.075115,-198.21045,76.132095,-347.42664,-48.994282,-198.03142,77.94368,-350.79822,-45.264614
-13,27,-20.368343,17.12842,-53.93943,13.202744,-.17858666,16.415462,-32.352303,31.995129,-197.71616,75.942245,-346.56021,-48.872101,-197.53757,77.749306,-349.9234,-45.151737
-12.9,27,-20.317423,17.0856,-53.804581,13.169737,-.17814019,16.374424,-32.27142,31.91514,-197.22186,75.752388,-345.69382,-48.74992,-197.04373,77.554932,-349.04858,-45.038857
-12.8,27,-20.266502,17.042778,-53.669735,13.13673,-.17769372,16.333385,-32.19054,31.835154,-196.72758,75.562531,-344.82742,-48.627739,-196.54988,77.360558,-348.1738,-44.925976
-12.7,27,-20.215582,16.999958,-53.534885,13.103723,-.17724726,16.292347,-32.109661,31.755165,-196.23329,75.372673,-343.96103,-48.505558,-196.05605,77.166183,-347.29898,-44.813099
-12.6,27,-20.16466,16.957136,-53.400036,13.070716,-.17680079,16.251308,-32.028778,31.675179,-195.739,75.182823,-343.09464,-48.383381,-195.56219,76.971809,-346.42419,-44.700218
-12.5,27,-20.113739,16.914314,-53.265186,13.037709,-.17635432,16.21027,-31.947899,31.59519,-195.24471,74.992966,-342.22821,-48.2612,-195.06836,76.777435,-345.54938,-44.587337
-12.4,27,-20.062819,16.871494,-53.130341,13.004703,-.17590785,16.169231,-31.867018,31.515202,-194.75041,74.803108,-341.36182,-48.139019,-194.57451,76.583061,-344.67456,-44.474461
-12.3,27,-20.011898,16.828672,-52.995491,12.971696,-.1754614,16.128193,-31.786137,31.435215,-194.25613,74.613251,-340.49542,-48.016838,-194.08067,76.388695,-343.79974,-44.36158
-12.2,27,-19.960978,16.785852,-52.860641,12.938688,-.17501493,16.087152,-31.705256,31.355227,-193.76184,74.423393,-339.629,-47.894657,-193.58682,76.194321,-342.92493,-44.248699
-12.1,27,-19.910055,16.743031,-52.725796,12.905682,-.17456846,16.046114,-31.624376,31.275238,-193.26755,74.233543,-338.7626,-47.77248,-193.09299,75.999947,-342.05014,-44.135822
-12,27,-19.859135,16.700211,-52.590946,12.872675,-.17412199,16.005075,-31.543495,31.195251,-192.77325,74.043686,-337.89621,-47.650299,-192.59914,75.805573,-341.17532,-44.022942
-11.9,27,-19.808214,16.657389,-52.456097,12.839668,-.17367552,15.964037,-31.462614,31.115263,-192.27896,73.853828,-337.02982,-47.528118,-192.10529,75.611198,-340.30051,-43.910061
-11.8,27,-19.757294,16.614569,-52.321247,12.806662,-.17322905,15.922998,-31.381733,31.035275,-191.78468,73.663979,-336.16342,-47.405937,-191.61145,75.416824,-339.42572,-43.797184
-11.7,27,-19.706373,16.571747,-52.186398,12.773654,-.17278259,15.88196,-31.300852,30.955288,-191.29039,73.474121,-335.297,-47.283756,-191.1176,75.22245,-338.5509,-43.684303
-11.6,27,-19.655453,16.528927,-52.051552,12.740647,-.17233613,15.840921,-31.219973,30.875299,-190.7961,73.284264,-334.4306,-47.161579,-190.62376,75.028076,-337.67609,-43.571426
-11.5,27,-19.60453,16.486105,-51.916702,12.707641,-.17188966,15.799883,-31.139091,30.795311,-190.3018,73.094406,-333.56421,-47.039398,-190.12991,74.833702,-336.80127,-43.458546
-11.4,27,-19.55361,16.443283,-51.781853,12.674634,-.17144319,15.758844,-31.05821,30.715322,-189.80751,72.904549,-332.69781,-46.917217,-189.63606,74.639336,-335.92648,-43.345665
-11.3,27,-19.502689,16.400463,-51.647007,12.641627,-.17099673,15.717806,-30.977329,30.635336,-189.31322,72.714699,-331.83142,-46.795036,-189.14223,74.444962,-335.05167,-43.232788
-11.2,27,-19.451769,16.357641,-51.512157,12.60862,-.17055026,15.676766,-30.896448,30.555347,-188.81894,72.524841,-330.965,-46.672855,-188.64838,74.250587,-334.17685,-43.119907
-11.1,27,-19.400848,16.314821,-51.377308,12.575613,-.17010379,15.635728,-30.815569,30.475361,-188.32465,72.334984,-330.0986,-46.550674,-188.15454,74.056213,-333.30206,-43.00703
-11,27,-19.349926,16.271999,-51.242458,12.542606,-.16965732,15.594689,-30.734688,30.395372,-187.83035,72.145126,-329.23221,-46.428497,-187.66069,73.861839,-332.42725,-42.89415
-10.9,27,-19.299006,16.229177,-51.107609,12.5096,-.16921085,15.553651,-30.653807,30.315384,-187.33606,71.955276,-328.36581,-46.306316,-187.16685,73.667465,-331.55243,-42.781269
-10.8,27,-19.248085,16.186357,-50.972763,12.476593,-.1687644,15.512612,-30.572926,30.235397,-186.84177,71.765419,-327.49942,-46.184135,-186.673,73.473091,-330.67761,-42.668392
-10.7,27,-19.197165,16.143536,-50.837914,12.443585,-.16831793,15.471574,-30.492044,30.155409,-186.34747,71.575562,-326.633,-46.061954,-186.17917,73.278717,-329.80283,-42.555511
-10.6,27,-19.146244,16.100716,-50.703064,12.410579,-.16787146,15.430535,-30.411165,30.075422,-185.8532,71.385712,-325.7666,-45.939774,-185.68532,73.084351,-328.92801,-42.442631
-10.5,27,-19.095322,16.057894,-50.568218,12.377572,-.16742499,15.389496,-30.330284,29.995434,-185.3589,71.195854,-324.90021,-45.817593,-185.19147,72.889977,-328.05319,-42.329754
-10.4,27,-19.044401,16.015074,-50.433369,12.344565,-.16697852,15.348457,-30.249403,29.915445,-184.86461,71.005997,-324.03381,-45.695412,-184.69763,72.695602,-327.17838,-42.216873
-10.3,27,-18.993481,15.972252,-50.298519,12.311559,-.16653205,15.307419,-30.168522,29.835459,-184.37032,70.816139,-323.16742,-45.573235,-184.20378,72.501228,-326.30359,-42.103992
-10.2,27,-18.94256,15.929431,-50.16367,12.278551,-.16608559,15.26638,-30.087641,29.75547,-183.87602,70.626282,-322.30099,-45.451054,-183.70995,72.306854,-325.42877,-41.991116
-10.1,27,-18.89164,15.88661,-50.028824,12.245544,-.16563913,15.225342,-30.006762,29.675482,-183.38174,70.436432,-321.4346,-45.328873,-183.21609,72.11248,-324.55396,-41.878235
-10,27,-18.840717,15.843789,-49.893974,12.212538,-.16519266,15.184303,-29.92588,29.595493,-182.88745,70.246574,-320.56821,-45.206692,-182.72226,71.918106,-323.67917,-41.765354
-9.9,27,-18.789797,15.800968,-49.759125,12.179531,-.1647462,15.143264,-29.844999,29.515507,-182.39316,70.056717,-319.70181,-45.084511,-182.22841,71.723732,-322.80435,-41.652477
-9.800000000000001,27,-18.738876,15.758147,-49.624275,12.146524,-.16429973,15.102225,-29.764118,29.435518,-181.89886,69.866859,-318.83539,-44.962334,-181.73457,71.529358,-321.92953,-41.539597
-9.699999999999999,27,-18.687956,15.715325,-49.489426,12.113517,-.16385326,15.061187,-29.683237,29.35553,-181.40457,69.67701,-317.96899,-44.840153,-181.24072,71.334984,-321.05472,-41.426716
-9.6,27,-18.637035,15.672504,-49.35458,12.08051,-.16340679,15.020148,-29.602356,29.275543,-180.91029,69.487152,-317.1026,-44.717972,-180.74689,71.140617,-320.17993,-41.313839
-9.5,27,-18.586113,15.629683,-49.21973,12.047503,-.16296032,14.97911,-29.521475,29.195555,-180.416,69.297295,-316.23621,-44.595791,-180.25304,70.946243,-319.30511,-41.200958
-9.4,27,-18.535192,15.586863,-49.084881,12.014497,-.16251385,14.938071,-29.440596,29.115566,-179.92171,69.107437,-315.36978,-44.47361,-179.75919,70.751869,-318.4303,-41.088078
-9.300000000000001,27,-18.484272,15.544042,-48.950035,11.98149,-.1620674,14.897033,-29.359715,29.03558,-179.42741,68.917587,-314.50339,-44.351433,-179.26535,70.557495,-317.55551,-40.975201
-9.199999999999999,27,-18.433352,15.501221,-48.815186,11.948483,-.16162093,14.855993,-29.278833,28.955591,-178.93312,68.72773,-313.63699,-44.229252,-178.7715,70.363121,-316.68069,-40.86232
-9.1,27,-18.382431,15.4584,-48.680336,11.915476,-.16117446,14.814955,-29.197952,28.875605,-178.43884,68.537872,-312.7706,-44.107071,-178.27766,70.168747,-315.80588,-40.749443
-9,27,-18.331509,15.415579,-48.545486,11.882469,-.16072799,14.773916,-29.117071,28.795616,-177.94455,68.348015,-311.90421,-43.98489,-177.78381,69.974373,-314.93106,-40.636562
-8.9,27,-18.280588,15.372757,-48.410637,11.849463,-.16028152,14.732878,-29.03619,28.715628,-177.45026,68.158165,-311.03778,-43.862709,-177.28996,69.779999,-314.05624,-40.523682
-8.800000000000001,27,-18.229668,15.329936,-48.275791,11.816456,-.15983506,14.691839,-28.955311,28.635641,-176.95596,67.968307,-310.17139,-43.740532,-176.79613,69.585625,-313.18146,-40.410805
-8.699999999999999,27,-18.178747,15.287115,-48.140942,11.783448,-.15938859,14.650801,-28.87443,28.555653,-176.46167,67.77845,-309.30499,-43.618351,-176.30228,69.391251,-312.30664,-40.297924
-8.6,27,-18.127827,15.244294,-48.006096,11.750442,-.15894213,14.609762,-28.793549,28.475664,-175.96738,67.588593,-308.4386,-43.49617,-175.80844,69.196884,-311.43182,-40.185047
-8.5,27,-18.076904,15.201473,-47.871246,11.717435,-.15849566,14.568723,-28.712667,28.395678,-175.4731,67.398743,-307.5722,-43.373989,-175.31459,69.00251,-310.55704,-40.072166
-8.4,27,-18.025984,15.158652,-47.736397,11.684428,-.1580492,14.527684,-28.631786,28.315689,-174.97881,67.208885,-306.70578,-43.251808,-174.82076,68.808136,-309.68222,-39.959286
-8.300000000000001,27,-17.975063,15.115831,-47.601547,11.651422,-.15760273,14.486646,-28.550907,28.235701,-174.48451,67.019028,-305.83939,-43.129627,-174.3269,68.613762,-308.8074,-39.846409
-8.199999999999999,27,-17.924143,15.073009,-47.466698,11.618414,-.15715626,14.445607,-28.470026,28.155714,-173.99022,66.82917,-304.97299,-43.00745,-173.83307,68.419388,-307.93259,-39.733528
-8.1,27,-17.873222,15.03019,-47.331852,11.585407,-.15670979,14.404569,-28.389145,28.075726,-173.49593,66.63932,-304.1066,-42.885269,-173.33922,68.225014,-307.0578,-39.620647
-8,27,-17.8223,14.987368,-47.197002,11.552401,-.15626332,14.36353,-28.308264,27.995737,-173.00163,66.449463,-303.2402,-42.763088,-172.84538,68.03064,-306.18298,-39.507771
-7.9,27,-17.771379,14.944547,-47.062153,11.519394,-.15581685,14.322492,-28.227385,27.915751,-172.50735,66.259605,-302.37378,-42.640907,-172.35153,67.836266,-305.30817,-39.39489
-7.8,27,-17.720459,14.901726,-46.927303,11.486387,-.1553704,14.281452,-28.146503,27.835762,-172.01306,66.069748,-301.50739,-42.518726,-171.8577,67.641899,-304.43338,-39.282009
-7.7,27,-17.669538,14.858905,-46.792458,11.45338,-.15492393,14.240414,-28.065622,27.755774,-171.51877,65.879898,-300.64099,-42.396545,-171.36385,67.447525,-303.55856,-39.169132
-7.6,27,-17.618618,14.816084,-46.657608,11.420373,-.15447746,14.199375,-27.984741,27.675787,-171.02448,65.690041,-299.7746,-42.274368,-170.87,67.253151,-302.68375,-39.056252
-7.5,27,-17.567696,14.773263,-46.522758,11.387366,-.15403099,14.158337,-27.90386,27.595798,-170.53018,65.500183,-298.9082,-42.152187,-170.37616,67.058777,-301.80893,-38.943371
-7.4,27,-17.516775,14.730442,-46.387909,11.35436,-.15358452,14.117298,-27.822981,27.51581,-170.0359,65.310326,-298.04178,-42.030006,-169.88231,66.864403,-300.93414,-38.830494
-7.3,27,-17.465855,14.68762,-46.253063,11.321353,-.15313806,14.07626,-27.7421,27.435823,-169.54161,65.120476,-297.17538,-41.907825,-169.38847,66.670029,-300.05933,-38.717613
-7.2,27,-17.414934,14.644799,-46.118214,11.288345,-.15269159,14.03522,-27.661219,27.355835,-169.04732,64.930618,-296.30899,-41.785645,-168.89462,66.475655,-299.18451,-38.604733
-7.1,27,-17.364014,14.601978,-45.983364,11.255339,-.15224512,13.994182,-27.580338,27.275846,-168.55302,64.740761,-295.4426,-41.663467,-168.40079,66.281281,-298.30969,-38.491856
-7,27,-17.313091,14.559157,-45.848515,11.222332,-.15179867,13.953143,-27.499456,27.19586,-168.05873,64.550903,-294.57617,-41.541286,-167.90694,66.086906,-297.43491,-38.378975
-6.9,27,-17.262171,14.516336,-45.713669,11.189325,-.1513522,13.912105,-27.418575,27.115871,-167.56445,64.361053,-293.70978,-41.419106,-167.4131,65.892532,-296.56009,-38.266098
-6.8,27,-17.21125,14.473516,-45.578819,11.156319,-.15090573,13.871066,-27.337696,27.035885,-167.07016,64.171196,-292.84338,-41.296925,-166.91925,65.698166,-295.68527,-38.153217
-6.7,27,-17.16033,14.430695,-45.44397,11.123311,-.15045926,13.830028,-27.256815,26.955896,-166.57587,63.981339,-291.97699,-41.174744,-166.4254,65.503792,-294.81049,-38.040337
-6.6,27,-17.109409,14.387873,-45.30912,11.090304,-.15001279,13.788988,-27.175934,26.875908,-166.08157,63.791485,-291.1106,-41.052563,-165.93156,65.309418,-293.93567,-37.92746
-6.5,27,-17.058487,14.345052,-45.174274,11.057298,-.14956632,13.74795,-27.095053,26.795921,-165.58728,63.601627,-290.24417,-40.930386,-165.43771,65.115044,-293.06085,-37.814579
-6.4,27,-17.007566,14.302231,-45.039425,11.024291,-.14911985,13.706911,-27.014172,26.715933,-165.09299,63.411774,-289.37778,-40.808205,-164.94388,64.92067,-292.18604,-37.701698
-6.3,27,-16.956646,14.25941,-44.904575,10.991284,-.1486734,13.665873,-26.933292,26.635944,-164.59871,63.221916,-288.51138,-40.686024,-164.45003,64.726295,-291.31125,-37.588821
-6.2,27,-16.905725,14.216589,-44.769726,10.958277,-.14822693,13.624834,-26.852411,26.555956,-164.10442,63.032059,-287.64499,-40.563843,-163.95619,64.531921,-290.43643,-37.475941
-6.1,27,-16.854805,14.173768,-44.63488,10.92527,-.14778046,13.583796,-26.77153,26.475969,-163.61012,62.842205,-286.77859,-40.441662,-163.46234,64.337547,-289.56161,-37.36306
-6,27,-16.803883,14.130947,-44.500031,10.892263,-.14733399,13.542757,-26.690649,26.395981,-163.11583,62.652351,-285.91217,-40.319485,-162.96849,64.143173,-288.68683,-37.250183
-5.9,27,-16.752962,14.088126,-44.365181,10.859257,-.14688753,13.501719,-26.609768,26.315994,-162.62154,62.462494,-285.04578,-40.197304,-162.47466,63.948803,-287.81201,-37.137302
-5.8,27,-16.702042,14.045305,-44.230335,10.82625,-.14644106,13.460679,-26.528889,26.236006,-162.12726,62.27264,-284.17938,-40.075123,-161.9808,63.754429,-286.93719,-37.024426
-5.7,27,-16.651121,14.002483,-44.095486,10.793242,-.14599459,13.419641,-26.448008,26.156017,-161.63297,62.082783,-283.31299,-39.952942,-161.48697,63.560055,-286.06238,-36.911545
-5.6,27,-16.600201,13.959662,-43.960636,10.760236,-.14554812,13.378602,-26.367126,26.076031,-161.13867,61.892925,-282.44656,-39.830761,-160.99312,63.365685,-285.18759,-36.798664
-5.5,27,-16.549278,13.916842,-43.825787,10.727229,-.14510167,13.337564,-26.286245,25.996042,-160.64438,61.703072,-281.58017,-39.70858,-160.49928,63.17131,-284.31277,-36.685787
-5.4,27,-16.498358,13.874021,-43.690941,10.694222,-.1446552,13.296525,-26.205364,25.916054,-160.15009,61.513218,-280.71378,-39.586403,-160.00543,62.976936,-283.43796,-36.572906
-5.3,27,-16.447437,13.8312,-43.556091,10.661216,-.14420873,13.255486,-26.124485,25.836067,-159.65581,61.32336,-279.84738,-39.464222,-159.5116,62.782562,-282.56314,-36.460026
-5.2,27,-16.396517,13.788379,-43.421242,10.628208,-.14376226,13.214447,-26.043604,25.756079,-159.16151,61.133503,-278.98099,-39.342041,-159.01775,62.588188,-281.68835,-36.347149
-5.1,27,-16.345596,13.745558,-43.286392,10.595201,-.14331579,13.173409,-25.962723,25.67609,-158.66722,60.943649,-278.11456,-39.21986,-158.5239,62.393818,-280.81354,-36.234268
-5,27,-16.294676,13.702736,-43.151546,10.562195,-.14286932,13.13237,-25.881842,25.596104,-158.17293,60.753792,-277.24817,-39.097679,-158.03006,62.199444,-279.93872,-36.121387
-4.9,27,-16.243753,13.659915,-43.016697,10.529188,-.14242285,13.091331,-25.800961,25.516115,-157.67863,60.563938,-276.38177,-38.975502,-157.53621,62.00507,-279.06393,-36.008511
-4.8,27,-16.192833,13.617094,-42.881847,10.496181,-.1419764,13.050293,-25.720081,25.436127,-157.18434,60.374084,-275.51538,-38.853321,-157.04237,61.810699,-278.18912,-35.89563
-4.7,27,-16.141912,13.574273,-42.746998,10.463174,-.14152993,13.009254,-25.6392,25.35614,-156.69005,60.184227,-274.64899,-38.73114,-156.54852,61.616325,-277.3143,-35.782749
-4.6,27,-16.090992,13.531452,-42.612152,10.430167,-.14108346,12.968215,-25.558319,25.276152,-156.19577,59.99437,-273.78256,-38.608959,-156.05469,61.421951,-276.43948,-35.669872
-4.5,27,-16.040071,13.488631,-42.477303,10.397161,-.140637,12.927176,-25.477438,25.196163,-155.70148,59.804516,-272.91617,-38.486778,-155.56084,61.227577,-275.5647,-35.556992
-4.4,27,-15.98915,13.44581,-42.342453,10.364154,-.14019053,12.886138,-25.396557,25.116177,-155.20718,59.614658,-272.04977,-38.364597,-155.067,61.033203,-274.68988,-35.444111
-4.3,27,-15.938229,13.402989,-42.207603,10.331147,-.13974406,12.845099,-25.315676,25.036188,-154.71289,59.424805,-271.18338,-38.24242,-154.57315,60.838833,-273.81506,-35.331234
-4.2,27,-15.887308,13.360168,-42.072758,10.29814,-.13929759,12.804061,-25.234797,24.9562,-154.2186,59.234947,-270.31696,-38.120239,-154.0793,60.644459,-272.94025,-35.218353
-4.1,27,-15.836387,13.317347,-41.937908,10.265133,-.13885112,12.763022,-25.153915,24.876213,-153.72432,59.045094,-269.45056,-37.998058,-153.58546,60.450085,-272.06546,-35.105476
-4,27,-15.785466,13.274526,-41.803059,10.232126,-.13840467,12.721984,-25.073034,24.796225,-153.23003,58.855236,-268.58417,-37.875877,-153.09161,60.255711,-271.19064,-34.992596
-3.9,27,-15.734546,13.231705,-41.668209,10.19912,-.1379582,12.680945,-24.992153,24.716238,-152.73573,58.665382,-267.71777,-37.753696,-152.59778,60.061337,-270.31583,-34.879715
-3.8,27,-15.683624,13.188884,-41.533363,10.166113,-.13751173,12.639906,-24.911272,24.63625,-152.24144,58.475525,-266.85138,-37.631516,-152.10393,59.866966,-269.44104,-34.766838
-3.7,27,-15.632704,13.146063,-41.398514,10.133105,-.13706526,12.598867,-24.830393,24.556261,-151.74715,58.285671,-265.98495,-37.509338,-151.61009,59.672592,-268.56622,-34.653957
-3.6,27,-15.581783,13.103242,-41.263664,10.100099,-.13661879,12.557829,-24.749512,24.476273,-151.25287,58.095814,-265.11856,-37.387157,-151.11624,59.478218,-267.69141,-34.541077
-3.5,27,-15.530862,13.060421,-41.128815,10.067092,-.13617232,12.51679,-24.668631,24.396286,-150.75858,57.90596,-264.25217,-37.264977,-150.62241,59.283844,-266.81659,-34.4282
-3.4,27,-15.479941,13.0176,-40.993969,10.034085,-.13572586,12.475752,-24.587749,24.316298,-150.26428,57.716103,-263.38577,-37.142796,-150.12856,59.089474,-265.9418,-34.315319
-3.3,27,-15.42902,12.974778,-40.859119,10.001079,-.13527939,12.434713,-24.506868,24.236311,-149.76999,57.526249,-262.51938,-37.020615,-149.6347,58.8951,-265.06699,-34.202438
-3.2,27,-15.378099,12.931957,-40.72427,9.968071,-.13483293,12.393674,-24.425989,24.156322,-149.2757,57.336391,-261.65295,-36.898438,-149.14087,58.700726,-264.19217,-34.089561
-3.1,27,-15.327179,12.889136,-40.58942,9.9350643,-.13438646,12.352635,-24.345108,24.076334,-148.7814,57.146538,-260.78656,-36.776257,-148.64702,58.506351,-263.31735,-33.976681
-3,27,-15.276258,12.846315,-40.454575,9.9020576,-.13394,12.311597,-24.264227,23.996347,-148.28712,56.95668,-259.92017,-36.654076,-148.15318,58.311977,-262.44257,-33.8638
-2.9,27,-15.225337,12.803494,-40.319725,9.869051,-.13349353,12.270558,-24.183346,23.916359,-147.79283,56.766827,-259.05377,-36.531895,-147.65933,58.117607,-261.56775,-33.750923
-2.8,27,-15.174416,12.760674,-40.184875,9.8360443,-.13304706,12.22952,-24.102465,23.83637,-147.29854,56.576969,-258.18738,-36.409714,-147.1655,57.923233,-260.69293,-33.638042
-2.7,27,-15.123495,12.717853,-40.050026,9.8030367,-.13260059,12.188481,-24.021584,23.756384,-146.80424,56.387115,-257.32095,-36.287533,-146.67165,57.728859,-259.81815,-33.525166
-2.6,27,-15.072575,12.675031,-39.91518,9.77003,-.13215412,12.147442,-23.940704,23.676395,-146.30995,56.197258,-256.45456,-36.165356,-146.17781,57.534485,-258.94333,-33.412285
-2.5,27,-15.021653,12.63221,-39.780331,9.7370234,-.13170765,12.106403,-23.859823,23.596407,-145.81567,56.007404,-255.58817,-36.043175,-145.68396,57.340111,-258.06851,-33.299404
-2.4,27,-14.970733,12.589389,-39.645481,9.7040167,-.1312612,12.065365,-23.778942,23.51642,-145.32138,55.817547,-254.72176,-35.920994,-145.19011,57.145741,-257.1937,-33.186527
-2.3,27,-14.919811,12.546568,-39.510632,9.67101,-.13081473,12.024326,-23.698061,23.436432,-144.82709,55.627693,-253.85536,-35.798813,-144.69627,56.951366,-256.31891,-33.073647
-2.2,27,-14.868891,12.503747,-39.375786,9.6380024,-.13036826,11.983288,-23.61718,23.356443,-144.33279,55.437836,-252.98895,-35.676632,-144.20242,56.756992,-255.44409,-32.960766
-2.1,27,-14.81797,12.460926,-39.240936,9.6049957,-.12992179,11.942249,-23.536301,23.276457,-143.8385,55.247982,-252.12256,-35.554455,-143.70859,56.562618,-254.56927,-32.847889
-2,27,-14.767049,12.418105,-39.106087,9.5719891,-.12947533,11.901211,-23.45542,23.196468,-143.34422,55.058125,-251.25616,-35.432274,-143.21474,56.368244,-253.69447,-32.735008
-1.9,27,-14.716128,12.375284,-38.971237,9.5389824,-.12902886,11.860171,-23.374538,23.11648,-142.84993,54.868271,-250.38976,-35.310093,-142.7209,56.173874,-252.81966,-32.622128
-1.8,27,-14.665208,12.332462,-38.836391,9.5059757,-.12858239,11.819133,-23.293657,23.036493,-142.35564,54.678413,-249.52336,-35.187912,-142.22705,55.9795,-251.94485,-32.509251
-1.7,27,-14.614286,12.289641,-38.701542,9.4729681,-.12813593,11.778094,-23.212776,22.956505,-141.86134,54.48856,-248.65695,-35.065731,-141.73322,55.785126,-251.07005,-32.39637
-1.6,27,-14.563366,12.24682,-38.566692,9.4399614,-.12768947,11.737056,-23.131897,22.876516,-141.36705,54.298702,-247.79056,-34.94355,-141.23936,55.590752,-250.19524,-32.283493
-1.5,27,-14.512444,12.204,-38.431843,9.4069548,-.127243,11.696017,-23.051016,22.79653,-140.87276,54.108849,-246.92415,-34.821373,-140.74551,55.396381,-249.32043,-32.170612
-1.4,27,-14.461524,12.161179,-38.296997,9.3739481,-.12679653,11.654979,-22.970135,22.716541,-140.37848,53.918991,-246.05775,-34.699192,-140.25168,55.202007,-248.44562,-32.057732
-1.3,27,-14.410604,12.118358,-38.162148,9.3409414,-.12635006,11.61394,-22.889254,22.636553,-139.88419,53.729137,-245.19136,-34.577011,-139.75783,55.007633,-247.57082,-31.944853
-1.2,27,-14.359682,12.075537,-38.027298,9.3079338,-.12590359,11.572901,-22.808372,22.556566,-139.38989,53.53928,-244.32495,-34.45483,-139.26399,54.813259,-246.696,-31.831974
-1.1,27,-14.308762,12.032716,-37.892448,9.2749271,-.12545712,11.531862,-22.727491,22.476578,-138.8956,53.349426,-243.45856,-34.332649,-138.77014,54.618885,-245.8212,-31.719095
-1,27,-14.25784,11.989894,-37.757603,9.2419205,-.12501065,11.490824,-22.646612,22.396589,-138.40131,53.159569,-242.59215,-34.210472,-138.27631,54.424515,-244.94638,-31.606215
-.9,27,-14.20692,11.947073,-37.622753,9.2089138,-.12456419,11.449785,-22.565731,22.316603,-137.90703,52.969715,-241.72575,-34.088291,-137.78246,54.230141,-244.07158,-31.493336
-.8,27,-14.155999,11.904252,-37.487904,9.1759071,-.12411772,11.408747,-22.48485,22.236614,-137.41273,52.779858,-240.85936,-33.96611,-137.28862,54.035767,-243.19678,-31.380457
-.7,27,-14.105078,11.861431,-37.353054,9.1428995,-.12367126,11.367708,-22.403969,22.156628,-136.91844,52.590004,-239.99295,-33.843929,-136.79477,53.841393,-242.32196,-31.267576
-.6,27,-14.054157,11.81861,-37.218208,9.1098928,-.12322479,11.32667,-22.323088,22.076639,-136.42415,52.400146,-239.12656,-33.721748,-136.30092,53.647022,-241.44716,-31.154697
-.5,27,-14.003236,11.775789,-37.083359,9.0768862,-.12277833,11.28563,-22.242208,21.996651,-135.92986,52.210293,-238.26015,-33.599567,-135.80708,53.452648,-240.57234,-31.041819
-.4,27,-13.952315,11.732968,-36.948509,9.0438795,-.12233186,11.244592,-22.161327,21.916664,-135.43556,52.020435,-237.39375,-33.47739,-135.31323,53.258274,-239.69754,-30.92894
-.3,27,-13.901395,11.690147,-36.813663,9.0108728,-.1218854,11.203553,-22.080446,21.836676,-134.94128,51.830582,-236.52734,-33.355209,-134.8194,53.0639,-238.82272,-30.816059
-.2,27,-13.850473,11.647326,-36.678814,8.9778652,-.12143893,11.162515,-21.999565,21.756687,-134.44699,51.640724,-235.66095,-33.233028,-134.32555,52.869526,-237.94792,-30.70318
-.1,27,-13.799553,11.604505,-36.543964,8.9448586,-.12099246,11.121476,-21.918684,21.676701,-133.9527,51.450871,-234.79456,-33.110847,-133.83171,52.675156,-237.0731,-30.590302
0,27,-13.748631,11.561684,-36.409115,8.9118519,-.12054599,11.080438,-21.837805,21.596712,-133.4584,51.261013,-233.92815,-32.988667,-133.33786,52.480782,-236.1983,-30.477421
.1,27,-13.697711,11.518863,-36.274269,8.8788452,-.12009953,11.039398,-21.756924,21.516724,-132.96411,51.071159,-233.06175,-32.866489,-132.84402,52.286407,-235.32349,-30.364542
.2,27,-13.646791,11.476042,-36.13942,8.8458385,-.11965306,10.99836,-21.676043,21.436737,-132.46983,50.881302,-232.19534,-32.744308,-132.35017,52.092033,-234.44868,-30.251663
.3,27,-13.595869,11.433221,-36.00457,8.8128309,-.11920659,10.957321,-21.595161,21.356749,-131.97554,50.691448,-231.32895,-32.622128,-131.85632,51.897659,-233.57388,-30.138784
.4,27,-13.544949,11.3904,-35.86972,8.7798243,-.11876013,10.916283,-21.51428,21.27676,-131.48125,50.501591,-230.46254,-32.499947,-131.36249,51.703289,-232.69907,-30.025904
.5,27,-13.494028,11.347579,-35.734875,8.7468176,-.11831366,10.875244,-21.433401,21.196774,-130.98695,50.311737,-229.59615,-32.377766,-130.86864,51.508915,-231.82426,-29.913025
.6,27,-13.443107,11.304757,-35.600025,8.7138109,-.11786719,10.834206,-21.35252,21.116785,-130.49266,50.12188,-228.72975,-32.255585,-130.3748,51.314541,-230.94945,-29.800146
.7,27,-13.392186,11.261936,-35.465176,8.6808043,-.11742073,10.793167,-21.271639,21.036797,-129.99838,49.932026,-227.86334,-32.133408,-129.88095,51.120167,-230.07465,-29.687267
.8,27,-13.341265,11.219115,-35.330326,8.6477966,-.11697426,10.752128,-21.190758,20.95681,-129.50409,49.742168,-226.99695,-32.011227,-129.38712,50.925797,-229.19983,-29.574387
.9,27,-13.290344,11.176294,-35.19548,8.61479,-.1165278,10.711089,-21.109877,20.876822,-129.0098,49.552315,-226.13054,-31.889046,-128.89326,50.731422,-228.32503,-29.461508
1,27,-13.239424,11.133473,-35.060631,8.5817833,-.11608133,10.670051,-21.028996,20.796833,-128.5155,49.362457,-225.26414,-31.766865,-128.39943,50.537048,-227.45021,-29.348629
1.1,27,-13.188502,11.090652,-34.925781,8.5487766,-.11563486,10.629012,-20.948116,20.716846,-128.02121,49.1726,-224.39774,-31.644686,-127.90558,50.342674,-226.57541,-29.235748
1.2,27,-13.137582,11.047832,-34.790932,8.51577,-.1151884,10.587974,-20.867235,20.636858,-127.52692,48.982746,-223.53134,-31.522505,-127.41174,50.1483,-225.70059,-29.122869
1.3,27,-13.08666,11.005011,-34.656086,8.4827623,-.11474193,10.546935,-20.786354,20.55687,-127.03263,48.792892,-222.66495,-31.400324,-126.91789,49.95393,-224.82579,-29.009991
1.4,27,-13.03574,10.962189,-34.521236,8.4497557,-.11429546,10.505897,-20.705473,20.476883,-126.53835,48.603035,-221.79854,-31.278145,-126.42405,49.759556,-223.95099,-28.897112
1.5,27,-12.984819,10.919368,-34.386387,8.416749,-.11384899,10.464857,-20.624592,20.396894,-126.04405,48.413177,-220.93214,-31.155964,-125.93021,49.565182,-223.07617,-28.784231
1.6,27,-12.933898,10.876547,-34.251537,8.3837423,-.11340253,10.423819,-20.543713,20.316906,-125.54976,48.223324,-220.06573,-31.033783,-125.43636,49.370808,-222.20137,-28.671352
1.7,27,-12.882977,10.833726,-34.116692,8.3507357,-.11295606,10.38278,-20.462831,20.236919,-125.05547,48.033466,-219.19934,-30.911604,-124.94251,49.176434,-221.32655,-28.558474
1.8,27,-12.832056,10.790905,-33.981842,8.317728,-.11250959,10.341742,-20.38195,20.156931,-124.56118,47.843613,-218.33293,-30.789423,-124.44867,48.982063,-220.45175,-28.445593
1.9,27,-12.781136,10.748084,-33.846992,8.2847214,-.11206312,10.300703,-20.301069,20.076944,-124.06689,47.653755,-217.46654,-30.667244,-123.95483,48.787689,-219.57693,-28.332714
2,27,-12.730215,10.705263,-33.712143,8.2517147,-.11161666,10.259665,-20.220188,19.996956,-123.5726,47.463902,-216.60014,-30.545063,-123.46098,48.593315,-218.70213,-28.219835
2.1,27,-12.679294,10.662442,-33.577297,8.218708,-.1111702,10.218625,-20.139309,19.916967,-123.07831,47.274044,-215.73373,-30.422882,-122.96714,48.398941,-217.82732,-28.106956
2.2,27,-12.628373,10.61962,-33.442448,8.1857014,-.11072373,10.177587,-20.058428,19.836981,-122.58402,47.08419,-214.86734,-30.300703,-122.4733,48.204571,-216.95251,-27.994076
2.3,27,-12.577453,10.576799,-33.307598,8.1526937,-.11027727,10.136548,-19.977547,19.756992,-122.08973,46.894333,-214.00093,-30.178522,-121.97945,48.010197,-216.07771,-27.881197
2.4,27,-12.526531,10.533978,-33.172749,8.1196871,-.1098308,10.09551,-19.896666,19.677004,-121.59544,46.704479,-213.13454,-30.056341,-121.4856,47.815823,-215.2029,-27.768318
2.5,27,-12.475611,10.491158,-33.037903,8.0866804,-.10938433,10.054471,-19.815784,19.597017,-121.10115,46.514622,-212.26813,-29.934162,-120.99176,47.621449,-214.32809,-27.655437
2.6,27,-12.424689,10.448337,-32.903053,8.0536737,-.10893786,10.013433,-19.734905,19.517029,-120.60686,46.324768,-211.40173,-29.811981,-120.49792,47.427074,-213.45328,-27.542559
2.7,27,-12.373769,10.405516,-32.768204,8.0206671,-.10849139,9.972394,-19.654024,19.43704,-120.11256,46.134911,-210.53534,-29.6898,-120.00407,47.232704,-212.57848,-27.42968
2.8,27,-12.322848,10.362695,-32.633354,7.9876599,-.10804493,9.9313545,-19.573143,19.357054,-119.61828,45.945057,-209.66893,-29.567621,-119.51023,47.03833,-211.70366,-27.316801
2.9,27,-12.271927,10.319873,-32.498508,7.9546528,-.10759846,9.890316,-19.492262,19.277065,-119.12399,45.755199,-208.80254,-29.44544,-119.01639,46.843956,-210.82886,-27.20392
3,27,-12.221006,10.277052,-32.363659,7.9216461,-.10715199,9.8492775,-19.411381,19.197077,-118.62969,45.565346,-207.93613,-29.323261,-118.52254,46.649582,-209.95404,-27.091042
3.1,27,-12.170085,10.234231,-32.228809,7.8886395,-.10670553,9.808239,-19.330502,19.11709,-118.13541,45.375488,-207.06973,-29.20108,-118.0287,46.455212,-209.07924,-26.978163
3.2,27,-12.119164,10.19141,-32.09396,7.8556323,-.10625906,9.7672005,-19.24962,19.037102,-117.64111,45.185635,-206.20332,-29.078899,-117.53486,46.260838,-208.20442,-26.865282
3.3,27,-12.068244,10.148589,-31.959112,7.8226256,-.10581259,9.726162,-19.168739,18.957113,-117.14683,44.995777,-205.33693,-28.95672,-117.04102,46.066463,-207.32962,-26.752403
3.4,27,-12.017323,10.105768,-31.824265,7.7896185,-.10536613,9.6851225,-19.087858,18.877127,-116.65253,44.805923,-204.47054,-28.834539,-116.54716,45.872089,-206.45482,-26.639524
3.5,27,-11.966402,10.062947,-31.689415,7.7566118,-.10491966,9.644084,-19.006977,18.797138,-116.15824,44.616066,-203.60413,-28.712358,-116.05332,45.677715,-205.58,-26.526646
3.6,27,-11.915481,10.020126,-31.554567,7.7236052,-.1044732,9.6030455,-18.926096,18.71715,-115.66396,44.426212,-202.73773,-28.590179,-115.55948,45.483345,-204.7052,-26.413765
3.7,27,-11.86456,9.9773045,-31.419718,7.690598,-.10402673,9.562007,-18.845217,18.637163,-115.16966,44.236355,-201.87132,-28.467999,-115.06564,45.288971,-203.83038,-26.300886
3.8,27,-11.81364,9.9344835,-31.28487,7.6575913,-.10358026,9.5209684,-18.764336,18.557175,-114.67537,44.046501,-201.00493,-28.345818,-114.57179,45.094597,-202.95558,-26.188007
3.9,27,-11.762718,9.8916626,-31.150021,7.6245842,-.1031338,9.4799299,-18.683455,18.477186,-114.18108,43.856644,-200.13852,-28.223639,-114.07795,44.900223,-202.08076,-26.075127
4,27,-11.711798,9.8488417,-31.015173,7.5915775,-.10268733,9.4388914,-18.602573,18.3972,-113.68679,43.66679,-199.27213,-28.101458,-113.58411,44.705849,-201.20596,-25.962248
4.1,27,-11.660877,9.8060207,-30.880323,7.5585709,-.10224086,9.3978519,-18.521692,18.317211,-113.1925,43.476933,-198.40573,-27.979279,-113.09026,44.511478,-200.33115,-25.849369
4.2,27,-11.609956,9.7631998,-30.745476,7.5255637,-.1017944,9.3568134,-18.440813,18.237223,-112.69821,43.287079,-197.53932,-27.857098,-112.59642,44.317104,-199.45634,-25.73649
4.3,27,-11.559035,9.7203789,-30.610626,7.492557,-.10134793,9.3157749,-18.359932,18.157236,-112.20392,43.097221,-196.67293,-27.734917,-112.10257,44.12273,-198.58153,-25.62361
4.4,27,-11.508114,9.6775579,-30.475779,7.4595499,-.10090146,9.2747364,-18.279051,18.077248,-111.70963,42.907368,-195.80652,-27.612736,-111.60873,43.928356,-197.70673,-25.510731
4.5,27,-11.457193,9.6347361,-30.340929,7.4265432,-.10045499,9.2336979,-18.19817,17.997259,-111.21534,42.71751,-194.94012,-27.490557,-111.11488,43.733982,-196.83192,-25.397852
4.6,27,-11.406273,9.5919151,-30.206081,7.3935366,-.10000853,9.1926594,-18.117289,17.917273,-110.72105,42.527657,-194.07373,-27.368376,-110.62104,43.539612,-195.95711,-25.284973
4.7,27,-11.355351,9.5490942,-30.071234,7.3605294,-.099562064,9.1516209,-18.036409,17.837284,-110.22676,42.337799,-193.20732,-27.246197,-110.1272,43.345238,-195.08231,-25.172092
4.8,27,-11.304431,9.5062733,-29.936384,7.3275228,-.099115595,9.1105814,-17.955528,17.757296,-109.73247,42.147945,-192.34093,-27.124016,-109.63335,43.150864,-194.20749,-25.059214
4.9,27,-11.25351,9.4634523,-29.801535,7.2945156,-.098669127,9.0695429,-17.874647,17.677309,-109.23817,41.958088,-191.47452,-27.001835,-109.13951,42.95649,-193.33269,-24.946335
5,27,-11.202589,9.4206314,-29.666687,7.2615089,-.098222665,9.0285044,-17.793766,17.597321,-108.74389,41.768234,-190.60812,-26.879656,-108.64567,42.762119,-192.45787,-24.833454
5.1,27,-11.151669,9.3778105,-29.531839,7.2285023,-.097776197,8.9874659,-17.712885,17.517334,-108.2496,41.578377,-189.74171,-26.757475,-108.15182,42.567745,-191.58307,-24.720575
5.2,27,-11.100747,9.3349895,-29.39699,7.1954951,-.097329728,8.9464273,-17.632006,17.437346,-107.75531,41.388523,-188.87532,-26.635296,-107.65798,42.373371,-190.70827,-24.607697
5.3,27,-11.049827,9.2921677,-29.26214,7.1624885,-.09688326,8.9053888,-17.551125,17.357357,-107.26102,41.198666,-188.00891,-26.513115,-107.16413,42.178997,-189.83345,-24.494816
5.4,27,-10.998905,9.2493467,-29.127293,7.1294813,-.096436799,8.8643494,-17.470243,17.27737,-106.76672,41.008812,-187.14252,-26.390934,-106.67029,41.984623,-188.95863,-24.381937
5.5,27,-10.947985,9.2065258,-28.992445,7.0964746,-.09599033,8.8233109,-17.389362,17.197382,-106.27244,40.818954,-186.27612,-26.268755,-106.17645,41.790253,-188.08383,-24.269058
5.6,27,-10.897064,9.1637049,-28.857595,7.063468,-.095543861,8.7822723,-17.308481,17.117393,-105.77814,40.629101,-185.40971,-26.146574,-105.6826,41.595879,-187.20903,-24.156179
5.7,27,-10.846143,9.1208839,-28.722748,7.0304608,-.095097393,8.7412338,-17.227602,17.037407,-105.28386,40.439243,-184.54332,-26.024393,-105.18876,41.401505,-186.33421,-24.043299
5.8,27,-10.795222,9.078063,-28.587898,6.9974542,-.094650932,8.7001953,-17.146721,16.957418,-104.78957,40.24939,-183.67691,-25.902212,-104.69492,41.20713,-185.45941,-23.93042
5.9,27,-10.744301,9.0352421,-28.453049,6.964447,-.094204463,8.6591568,-17.06584,16.87743,-104.29527,40.059532,-182.81052,-25.780033,-104.20107,41.012756,-184.58459,-23.817541
6,27,-10.69338,8.9924212,-28.318201,6.9314404,-.093757994,8.6181183,-16.984959,16.797443,-103.80099,39.869678,-181.94412,-25.657852,-103.70723,40.818386,-183.70979,-23.70466
6.1,27,-10.64246,8.9495993,-28.183353,6.8984337,-.093311526,8.5770788,-16.904078,16.717455,-103.30669,39.679821,-181.07771,-25.535673,-103.21338,40.624012,-182.83498,-23.591782
6.2,27,-10.591538,8.9067783,-28.048504,6.8654265,-.092865065,8.5360403,-16.823196,16.637466,-102.8124,39.489967,-180.21132,-25.413492,-102.71954,40.429638,-181.96017,-23.478903
6.3,27,-10.540618,8.8639574,-27.913654,6.8324199,-.092418596,8.4950018,-16.742315,16.55748,-102.31812,39.30011,-179.34491,-25.291311,-102.22569,40.235264,-181.08536,-23.366024
6.4,27,-10.489697,8.8211365,-27.778807,6.7994127,-.091972128,8.4539633,-16.661436,16.477491,-101.82382,39.110256,-178.47852,-25.169132,-101.73185,40.040894,-180.21056,-23.253143
6.5,27,-10.438776,8.7783155,-27.643959,6.7664061,-.091525659,8.4129248,-16.580555,16.397503,-101.32953,38.920399,-177.61211,-25.046951,-101.23801,39.846519,-179.33575,-23.140265
6.6,27,-10.387856,8.7354946,-27.509109,6.7333994,-.091079198,8.3718863,-16.499674,16.317516,-100.83524,38.730545,-176.74571,-24.924772,-100.74416,39.652145,-178.46094,-23.027386
6.7,27,-10.336934,8.6926737,-27.374262,6.7003922,-.090632729,8.3308477,-16.418793,16.237528,-100.34095,38.540688,-175.87932,-24.802591,-100.25032,39.457771,-177.58614,-22.914507
6.8,27,-10.286014,8.6498518,-27.239412,6.6673856,-.090186261,8.2898083,-16.337912,16.157539,-99.846657,38.35083,-175.01291,-24.68041,-99.75647,39.263397,-176.71132,-22.801626
6.9,27,-10.235092,8.6070309,-27.104565,6.6343784,-.089739792,8.2487698,-16.257032,16.077553,-99.352371,38.160976,-174.14651,-24.558229,-99.262627,39.069027,-175.83652,-22.688747
7,27,-10.184172,8.5642099,-26.969715,6.6013718,-.089293331,8.2077312,-16.176151,15.997564,-98.858078,37.971123,-173.28011,-24.43605,-98.768784,38.874653,-174.9617,-22.575869
7.1,27,-10.133251,8.521389,-26.834867,6.5683651,-.088846862,8.1666927,-16.09527,15.917577,-98.363792,37.781265,-172.41371,-24.313869,-98.27494,38.680279,-174.0869,-22.462988
7.2,27,-10.08233,8.4785681,-26.700018,6.535358,-.088400394,8.1256542,-16.014389,15.837589,-97.869499,37.591412,-171.54732,-24.19169,-97.781097,38.485905,-173.2121,-22.350109
7.3,27,-10.031409,8.4357471,-26.56517,6.5023513,-.087953925,8.0846157,-15.933509,15.757601,-97.375206,37.401554,-170.68091,-24.06951,-97.287254,38.291531,-172.33728,-22.23723
7.4,27,-9.9804888,8.3929262,-26.430321,6.4693441,-.087507464,8.0435762,-15.852628,15.677613,-96.88092,37.211697,-169.8145,-23.947329,-96.793411,38.09716,-171.46246,-22.12435
7.5,27,-9.9295673,8.3501053,-26.295473,6.4363375,-.087060995,8.0025377,-15.771748,15.597626,-96.386627,37.021843,-168.9481,-23.82515,-96.299568,37.902786,-170.58766,-22.011471
7.6,27,-9.8786469,8.3072844,-26.160624,6.4033308,-.086614527,7.9614992,-15.690866,15.517637,-95.892342,36.831989,-168.08171,-23.702969,-95.805725,37.708412,-169.71286,-21.898592
7.7,27,-9.8277264,8.2644634,-26.025776,6.3703237,-.086168066,7.9204607,-15.609986,15.43765,-95.398048,36.642132,-167.2153,-23.58079,-95.311882,37.514038,-168.83804,-21.785713
7.8,27,-9.7768049,8.2216415,-25.890926,6.337317,-.085721597,7.8794222,-15.529105,15.357661,-94.903755,36.452274,-166.34891,-23.458609,-94.818031,37.319668,-167.96324,-21.672832
7.9,27,-9.7258844,8.1788206,-25.756079,6.3043098,-.085275128,7.8383832,-15.448224,15.277674,-94.40947,36.262421,-165.4825,-23.336428,-94.324188,37.125294,-167.08842,-21.559954
8,27,-9.674963,8.1359997,-25.621229,6.2713032,-.08482866,7.7973447,-15.367344,15.197686,-93.915176,36.072563,-164.6161,-23.214249,-93.830345,36.93092,-166.21362,-21.447075
8.1,27,-9.6240425,8.0931787,-25.48638,6.238296,-.084382191,7.7563062,-15.286463,15.117698,-93.420883,35.88271,-163.74969,-23.092068,-93.336502,36.736546,-165.33881,-21.334194
8.199999999999999,27,-9.573122,8.0503578,-25.351532,6.2052894,-.08393573,7.7152677,-15.205583,15.037711,-92.926598,35.692856,-162.8833,-22.969887,-92.842659,36.542175,-164.464,-21.221315
8.300000000000001,27,-9.5222006,8.0075369,-25.216684,6.1722827,-.083489262,7.6742287,-15.124701,14.957723,-92.432304,35.502998,-162.01691,-22.847706,-92.348816,36.347801,-163.58919,-21.108437
8.4,27,-9.4712801,7.9647155,-25.081837,6.139276,-.0830428,7.6331902,-15.04382,14.877735,-91.938019,35.313145,-161.15051,-22.725527,-91.854973,36.153427,-162.71439,-20.995558
8.5,27,-9.4203587,7.9218946,-24.946987,6.1062689,-.082596332,7.5921516,-14.96294,14.797747,-91.443726,35.123287,-160.2841,-22.603346,-91.36113,35.959053,-161.83958,-20.882677
8.6,27,-9.3694382,7.8790731,-24.812138,6.0732617,-.082149863,7.5511127,-14.882059,14.717759,-90.949432,34.93343,-159.41769,-22.481165,-90.867279,35.764679,-160.96477,-20.769798
8.699999999999999,27,-9.3185177,7.8362522,-24.67729,6.0402551,-.081703395,7.5100741,-14.801178,14.637772,-90.455147,34.743576,-158.5513,-22.358986,-90.373444,35.570309,-160.08997,-20.656919
8.800000000000001,27,-9.2675962,7.7934313,-24.54244,6.0072484,-.081256926,7.4690356,-14.720298,14.557783,-89.960854,34.553719,-157.68489,-22.236805,-89.879593,35.375935,-159.21515,-20.544039
8.9,27,-9.2166758,7.7506104,-24.407593,5.9742417,-.080810465,7.4279971,-14.639417,14.477797,-89.46656,34.363865,-156.8185,-22.114626,-89.385757,35.181561,-158.34035,-20.43116
9,27,-9.1657543,7.7077894,-24.272743,5.9412346,-.080363996,7.3869581,-14.558536,14.397808,-88.972275,34.174007,-155.9521,-21.992445,-88.891907,34.987186,-157.46553,-20.318281
9.1,27,-9.1148338,7.664968,-24.137896,5.9082274,-.079917528,7.3459196,-14.477654,14.31782,-88.477982,33.984154,-155.08569,-21.870264,-88.398064,34.792812,-156.59073,-20.2054
9.199999999999999,27,-9.0639133,7.6221471,-24.003048,5.8752208,-.079471067,7.3048811,-14.396774,14.237832,-87.983688,33.794296,-154.2193,-21.748085,-87.904221,34.598442,-155.71591,-20.092524
9.300000000000001,27,-9.0129919,7.5793262,-23.868198,5.8422141,-.079024598,7.2638421,-14.315893,14.157845,-87.489403,33.604443,-153.35289,-21.625904,-87.410378,34.404068,-154.84111,-19.979643
9.4,27,-8.9620714,7.5365052,-23.733351,5.8092074,-.078578129,7.2228036,-14.235013,14.077857,-86.99511,33.414589,-152.4865,-21.503725,-86.916534,34.209694,-153.96631,-19.866764
9.5,27,-8.91115,7.4936838,-23.598501,5.7762003,-.078131661,7.1817651,-14.154132,13.997869,-86.500816,33.224731,-151.6201,-21.381544,-86.422691,34.01532,-153.09149,-19.753885
9.6,27,-8.8602295,7.4508629,-23.463652,5.7431931,-.077685192,7.1407261,-14.073251,13.917881,-86.006531,33.034874,-150.75369,-21.259363,-85.928841,33.820946,-152.21667,-19.641005
9.699999999999999,27,-8.809309,7.408042,-23.328804,5.7101865,-.077238731,7.0996876,-13.992371,13.837893,-85.512238,32.84502,-149.8873,-21.137184,-85.434998,33.626575,-151.34187,-19.528126
9.800000000000001,27,-8.7583876,7.3652205,-23.193954,5.6771798,-.076792262,7.0586491,-13.911489,13.757905,-85.017944,32.655163,-149.02089,-21.015003,-84.941154,33.432201,-150.46707,-19.415247
9.9,27,-8.7074671,7.3224001,-23.059107,5.6441731,-.076345801,7.0176105,-13.830609,13.677917,-84.523659,32.465309,-148.1545,-20.892824,-84.447311,33.237827,-149.59225,-19.302368
10,27,-8.6565456,7.2795787,-22.924257,5.611166,-.075899333,6.9765716,-13.749728,13.59793,-84.029366,32.275452,-147.28809,-20.770643,-83.953468,33.043453,-148.71745,-19.189487
10.1,27,-8.6056252,7.2367573,-22.78941,5.5781589,-.075452864,6.9355326,-13.668847,13.517941,-83.535072,32.085598,-146.42169,-20.648462,-83.459625,32.849079,-147.84264,-19.076609
10.2,27,-8.5547047,7.1939368,-22.654562,5.5451522,-.075006396,6.8944945,-13.587967,13.437954,-83.040787,31.895742,-145.5553,-20.526283,-82.965782,32.654709,-146.96783,-18.96373
10.3,27,-8.5037832,7.1511154,-22.519712,5.5121455,-.074559927,6.8534555,-13.507086,13.357966,-82.546494,31.705885,-144.68889,-20.404102,-82.471939,32.460335,-146.09302,-18.850849
10.4,27,-8.4528627,7.1082945,-22.384865,5.4791389,-.074113466,6.812417,-13.426206,13.277979,-82.052208,31.516031,-143.82249,-20.281921,-81.978096,32.265961,-145.21822,-18.73797
10.5,27,-8.4019413,7.0654736,-22.250015,5.4461317,-.073666997,6.7713785,-13.345325,13.19799,-81.557915,31.326176,-142.95609,-20.159742,-81.484245,32.071587,-144.34341,-18.625092
10.6,27,-8.3510208,7.0226521,-22.115166,5.4131246,-.073220529,6.7303395,-13.264443,13.118003,-81.063622,31.136318,-142.08969,-20.037561,-80.990402,31.877214,-143.4686,-18.512211
10.7,27,-8.3001003,6.9798312,-21.980318,5.3801179,-.072774068,6.689301,-13.183563,13.038015,-80.569336,30.946465,-141.2233,-19.91538,-80.496559,31.682842,-142.5938,-18.399332
10.8,27,-8.2491789,6.9370103,-21.845469,5.3471112,-.072327599,6.6482625,-13.102682,12.958027,-80.075043,30.756607,-140.35689,-19.7932,-80.002716,31.488468,-141.71898,-18.286453
10.9,27,-8.1982584,6.8941894,-21.710621,5.3141046,-.07188113,6.607224,-13.021802,12.878039,-79.580757,30.566753,-139.49049,-19.671021,-79.508873,31.294096,-140.84418,-18.173574
11,27,-8.1473379,6.851368,-21.575773,5.2810974,-.071434662,6.566185,-12.940921,12.798052,-79.086464,30.376896,-138.62408,-19.54884,-79.01503,31.099722,-139.96936,-18.060694
11.1,27,-8.0964165,6.808547,-21.440924,5.2480903,-.070988193,6.525146,-12.86004,12.718063,-78.592171,30.18704,-137.75769,-19.426659,-78.521187,30.905348,-139.09456,-17.947815
11.2,27,-8.045496,6.7657261,-21.306076,5.2150836,-.070541732,6.484108,-12.77916,12.638076,-78.097885,29.997187,-136.89128,-19.30448,-78.027344,30.710976,-138.21974,-17.834936
11.3,27,-7.9945745,6.7229052,-21.171227,5.1820769,-.070095263,6.443069,-12.698278,12.558088,-77.603592,29.807329,-136.02489,-19.182299,-77.533493,30.516602,-137.34494,-17.722055
11.4,27,-7.9436541,6.6800842,-21.036379,5.1490703,-.069648795,6.4020305,-12.617398,12.478101,-77.109306,29.617476,-135.15849,-19.06012,-77.039658,30.322229,-136.47014,-17.609177
11.5,27,-7.8927331,6.6372628,-20.901529,5.1160631,-.069202334,6.360992,-12.536517,12.398112,-76.615013,29.427618,-134.29208,-18.937939,-76.545807,30.127855,-135.59532,-17.496298
11.6,27,-7.8418121,6.5944419,-20.76668,5.083056,-.068755865,6.319953,-12.455636,12.318125,-76.12072,29.237762,-133.42567,-18.815758,-76.051964,29.933481,-134.7205,-17.383417
11.7,27,-7.7908916,6.551621,-20.631832,5.0500493,-.068309397,6.2789145,-12.374756,12.238137,-75.626434,29.047909,-132.55928,-18.693579,-75.558121,29.739109,-133.8457,-17.270538
11.8,27,-7.7399707,6.5087996,-20.496983,5.0170426,-.067862928,6.2378759,-12.293875,12.158149,-75.132141,28.858051,-131.69289,-18.571398,-75.064278,29.544735,-132.9709,-17.15766
11.9,27,-7.6890497,6.4659791,-20.362135,4.984036,-.067416467,6.1968374,-12.212995,12.078161,-74.637856,28.668198,-130.82649,-18.449219,-74.570435,29.350363,-132.09608,-17.044781
12,27,-7.6381288,6.4231577,-20.227287,4.9510288,-.066969998,6.1557984,-12.132113,11.998174,-74.143562,28.47834,-129.96008,-18.327038,-74.076591,29.155989,-131.22128,-16.9319
12.1,27,-7.5872078,6.3803363,-20.092438,4.9180217,-.06652353,6.1147594,-12.051232,11.918185,-73.649269,28.288485,-129.09367,-18.204857,-73.582741,28.961615,-130.34647,-16.819021
12.2,27,-7.5362873,6.3375158,-19.95759,4.885015,-.066077061,6.0737214,-11.970352,11.838198,-73.154984,28.098629,-128.22728,-18.082678,-73.088905,28.767242,-129.47166,-16.706142
12.3,27,-7.4853663,6.2946944,-19.822741,4.8520083,-.065630592,6.0326824,-11.889471,11.75821,-72.66069,27.908773,-127.36088,-17.960497,-72.595055,28.572868,-128.59685,-16.593264
12.4,27,-7.4344454,6.2518735,-19.687893,4.8190017,-.065184131,5.9916439,-11.808591,11.678223,-72.166397,27.71892,-126.49448,-17.838318,-72.101219,28.378496,-127.72205,-16.480385
12.5,27,-7.3835244,6.2090526,-19.553043,4.7859945,-.064737663,5.9506054,-11.72771,11.598234,-71.672112,27.529062,-125.62808,-17.716137,-71.607368,28.184122,-126.84724,-16.367504
12.6,27,-7.3326035,6.1662312,-19.418194,4.7529874,-.064291194,5.9095664,-11.646829,11.518246,-71.177818,27.339207,-124.76167,-17.593956,-71.113525,27.98975,-125.97243,-16.254625
12.7,27,-7.281683,6.1234102,-19.283346,4.7199807,-.063844733,5.8685279,-11.565948,11.438259,-70.683525,27.149351,-123.89528,-17.471777,-70.619682,27.795378,-125.09762,-16.141747
12.8,27,-7.230762,6.0805893,-19.148499,4.686974,-.063398264,5.8274894,-11.485067,11.358271,-70.18924,26.959496,-123.02888,-17.349596,-70.125839,27.601004,-124.22281,-16.028866
12.9,27,-7.1798415,6.0377684,-19.013649,4.6539674,-.062951796,5.7864509,-11.404187,11.278283,-69.694946,26.769642,-122.16248,-17.227415,-69.631996,27.406631,-123.34801,-15.915987
13,27,-7.1289201,5.994947,-18.878801,4.6209602,-.062505327,5.7454119,-11.323306,11.198295,-69.200653,26.579784,-121.29607,-17.105236,-69.138153,27.212257,-122.47319,-15.803107
13.1,27,-7.0779991,5.952126,-18.743952,4.5879531,-.062058862,5.7043729,-11.242425,11.118307,-68.70636,26.389929,-120.42967,-16.983055,-68.644302,27.017883,-121.59838,-15.690228
13.2,27,-7.0270786,5.9093051,-18.609104,4.5549464,-.061612397,5.6633348,-11.161545,11.03832,-68.212074,26.200073,-119.56328,-16.860874,-68.150467,26.823511,-120.72358,-15.577349
13.3,27,-6.9761577,5.8664842,-18.474255,4.5219398,-.061165929,5.6222959,-11.080664,10.958331,-67.717781,26.010218,-118.69688,-16.738695,-67.656616,26.629137,-119.84877,-15.464469
13.4,27,-6.9252372,5.8236632,-18.339407,4.4889331,-.060719464,5.5812573,-10.999784,10.878345,-67.223495,25.820362,-117.83047,-16.616514,-67.162773,26.434765,-118.97396,-15.35159
13.5,27,-6.8743157,5.7808418,-18.204557,4.4559259,-.060272995,5.5402188,-10.918902,10.798356,-66.729202,25.630507,-116.96407,-16.494333,-66.66893,26.240391,-118.09915,-15.23871
13.6,27,-6.8233948,5.7380209,-18.06971,4.4229188,-.059826531,5.4991798,-10.838021,10.718368,-66.234909,25.440651,-116.09767,-16.372152,-66.175087,26.046017,-117.22434,-15.125831
13.7,27,-6.7724743,5.6952,-17.93486,4.3899121,-.059380066,5.4581413,-10.757141,10.63838,-65.740623,25.250795,-115.23128,-16.249973,-65.681244,25.851645,-116.34953,-15.012953
13.8,27,-6.7215533,5.6523786,-17.800013,4.3569055,-.058933597,5.4171028,-10.67626,10.558393,-65.24633,25.06094,-114.36487,-16.127792,-65.187401,25.65727,-115.47472,-14.900073
13.9,27,-6.6706328,5.6095581,-17.665165,4.3238988,-.058487132,5.3760643,-10.595379,10.478405,-64.752045,24.871084,-113.49847,-16.005613,-64.693558,25.462898,-114.59992,-14.787194
14,27,-6.6197119,5.5667367,-17.530315,4.2908916,-.058040664,5.3350253,-10.514498,10.398417,-64.257751,24.681229,-112.63207,-15.883432,-64.199715,25.268524,-113.72511,-14.674314
14.1,27,-6.5687904,5.5239153,-17.395466,4.2578845,-.057594195,5.2939863,-10.433618,10.318429,-63.763458,24.491373,-111.76567,-15.761252,-63.705864,25.07415,-112.8503,-14.561435
14.2,27,-6.5178699,5.4810948,-17.260618,4.2248778,-.05714773,5.2529483,-10.352736,10.238441,-63.269173,24.301517,-110.89927,-15.639072,-63.212025,24.879778,-111.97549,-14.448556
14.3,27,-6.466949,5.4382734,-17.125769,4.1918712,-.056701262,5.2119093,-10.271855,10.158453,-62.774879,24.111662,-110.03287,-15.516891,-62.718178,24.685404,-111.10068,-14.335676
14.4,27,-6.4160285,5.3954525,-16.990921,4.1588645,-.0562548,5.1708708,-10.190975,10.078465,-62.280594,23.921806,-109.16647,-15.394712,-62.224339,24.491032,-110.22588,-14.222797
14.5,27,-6.3651075,5.3526316,-16.856071,4.1258574,-.055808332,5.1298323,-10.110094,9.9984779,-61.786301,23.731951,-108.30007,-15.272532,-61.730492,24.296658,-109.35107,-14.109918
14.6,27,-6.3141861,5.3098102,-16.721224,4.0928502,-.055361863,5.0887933,-10.029213,9.9184895,-61.292007,23.542095,-107.43366,-15.150351,-61.236645,24.102283,-108.47626,-13.997038
14.7,27,-6.2632656,5.2669892,-16.586376,4.0598435,-.054915398,5.0477548,-9.9483328,9.8385019,-60.797722,23.35224,-106.56727,-15.028172,-60.742805,23.907911,-107.60145,-13.884159
14.8,27,-6.2123446,5.2241683,-16.451527,4.0268369,-.05446893,5.0067163,-9.8674517,9.7585144,-60.303429,23.162384,-105.70087,-14.905991,-60.248959,23.713537,-106.72664,-13.771279
14.9,27,-6.1614242,5.1813474,-16.316679,3.99383,-.054022465,4.9656777,-9.7865715,9.6785269,-59.809139,22.972528,-104.83447,-14.783811,-59.755119,23.519165,-105.85184,-13.658401
15,27,-6.1105032,5.138526,-16.181829,3.9608231,-.053575996,4.9246387,-9.7056904,9.5985384,-59.314846,22.782673,-103.96806,-14.661631,-59.261272,23.324791,-104.97702,-13.545521
15.1,27,-6.0595822,5.095705,-16.04698,3.9278162,-.053129528,4.8835998,-9.6248093,9.5185509,-58.820557,22.592815,-103.10166,-14.53945,-58.767426,23.130417,-104.10221,-13.432641
15.2,27,-6.0086613,5.0528841,-15.912132,3.8948095,-.052683067,4.8425617,-9.5439291,9.4385633,-58.326267,22.402962,-102.23527,-14.41727,-58.273586,22.936045,-103.22741,-13.319762
15.3,27,-5.9577403,5.0100627,-15.777284,3.8618023,-.052236598,4.8015227,-9.463048,9.3585749,-57.831974,22.213106,-101.36887,-14.295089,-57.779739,22.741671,-102.35259,-13.206882
15.4,27,-5.9068198,4.9672422,-15.642435,3.8287957,-.051790133,4.7604842,-9.3821678,9.2785873,-57.337688,22.023251,-100.50246,-14.17291,-57.285896,22.547298,-101.47779,-13.094004
15.5,27,-5.8558989,4.9244208,-15.507586,3.7957888,-.051343665,4.7194457,-9.3012867,9.1985998,-56.843395,21.833395,-99.636063,-14.050729,-56.792053,22.352924,-100.60298,-12.981124
15.6,27,-5.8049779,4.8815999,-15.372737,3.7627819,-.050897196,4.6784067,-9.2204056,9.1186113,-56.349102,21.643538,-98.769661,-13.928548,-56.298206,22.15855,-99.728172,-12.868244
15.7,27,-5.7540574,4.838779,-15.237889,3.7297752,-.050450731,4.6373682,-9.1395254,9.0386238,-55.854816,21.453684,-97.903267,-13.806369,-55.804367,21.964178,-98.853363,-12.755365
15.8,27,-5.703136,4.7959576,-15.103041,3.696768,-.050004262,4.5963297,-9.0586443,8.9586363,-55.360523,21.263828,-97.036858,-13.684188,-55.31052,21.769806,-97.978554,-12.642486
15.9,27,-5.6522155,4.7531366,-14.968193,3.6637614,-.049557798,4.5552912,-8.9777641,8.8786488,-54.866238,21.073973,-96.170464,-13.562008,-54.816677,21.575434,-97.103752,-12.529607
16,27,-5.6012945,4.7103157,-14.833344,3.6307545,-.049111333,4.5142522,-8.896883,8.7986603,-54.371944,20.884117,-95.304062,-13.439828,-54.322834,21.38106,-96.228935,-12.416727
16.1,27,-5.5503736,4.6674943,-14.698494,3.5977476,-.048664864,4.4732132,-8.8160019,8.7186728,-53.877651,20.69426,-94.437653,-13.317647,-53.828987,21.186686,-95.354126,-12.303847
16.2,27,-5.4994526,4.6246734,-14.563645,3.5647404,-.048218396,4.4321747,-8.7351208,8.6386843,-53.383358,20.504404,-93.571251,-13.195466,-53.33514,20.992311,-94.479317,-12.190968
16.3,27,-5.4485321,4.5818529,-14.428799,3.5317342,-.047771934,4.3911366,-8.6542416,8.5586977,-52.889076,20.31455,-92.704865,-13.073288,-52.841305,20.797941,-93.604523,-12.078091
16.4,27,-5.3976111,4.5390315,-14.29395,3.4987271,-.047325466,4.3500977,-8.5733604,8.4787092,-52.394783,20.124695,-91.838463,-12.951107,-52.347458,20.603567,-92.729706,-11.965211
16.5,27,-5.3466902,4.4962106,-14.159101,3.4657202,-.046878997,4.3090591,-8.4924793,8.3987217,-51.900494,19.934839,-90.972061,-12.828926,-51.853615,20.409193,-91.854897,-11.85233
16.6,27,-5.2957692,4.4533892,-14.024252,3.4327133,-.046432529,4.2680202,-8.4115982,8.3187332,-51.4062,19.744982,-90.105652,-12.706746,-51.359768,20.214819,-90.98008,-11.73945
16.7,27,-5.2448483,4.4105678,-13.889402,3.3997061,-.04598606,4.2269812,-8.3307171,8.2387447,-50.911907,19.555126,-89.23925,-12.584565,-50.865921,20.020445,-90.10527,-11.626571
16.8,27,-5.1939282,4.3677478,-13.754556,3.3666999,-.045539603,4.1859431,-8.2498379,8.1587582,-50.417625,19.365273,-88.372864,-12.462386,-50.372086,19.826075,-89.230476,-11.513694
16.9,27,-5.1430068,4.3249264,-13.619707,3.3336928,-.045093134,4.1449046,-8.1689568,8.0787706,-49.923332,19.175417,-87.506462,-12.340206,-49.878239,19.631701,-88.355667,-11.400814
17,27,-5.0920858,4.282105,-13.484858,3.3006859,-.044646665,4.1038656,-8.0880756,7.9987822,-49.429039,18.985561,-86.640053,-12.218025,-49.384392,19.437326,-87.48085,-11.287934
17.1,27,-5.0411649,4.239284,-13.350009,3.267679,-.044200197,4.0628266,-8.0071945,7.9187942,-48.934746,18.795704,-85.773651,-12.095844,-48.890549,19.242952,-86.606041,-11.175055
17.2,27,-4.9902439,4.1964626,-13.215159,3.2346718,-.043753728,4.0217881,-7.9263134,7.8388062,-48.440456,18.605848,-84.907249,-11.973663,-48.396702,19.048578,-85.731232,-11.062175
17.3,27,-4.9393239,4.1536422,-13.080313,3.2016656,-.043307267,3.9807501,-7.8454337,7.7588196,-47.946171,18.415995,-84.040863,-11.851485,-47.902866,18.854208,-84.85643,-10.949297
17.4,27,-4.8884025,4.1108212,-12.945464,3.1686585,-.042860799,3.9397111,-7.7645531,7.6788311,-47.451881,18.226139,-83.174454,-11.729304,-47.409019,18.659834,-83.981621,-10.836417
17.5,27,-4.8374815,4.0679998,-12.810615,3.1356516,-.04241433,3.8986723,-7.683672,7.5988431,-46.957588,18.036282,-82.308052,-11.607124,-46.915173,18.46546,-83.106812,-10.723537
17.6,27,-4.7865605,4.0251784,-12.675766,3.1026447,-.041967861,3.8576336,-7.6027908,7.5188551,-46.463295,17.846426,-81.44165,-11.484943,-46.421329,18.271086,-82.231995,-10.610658
17.7,27,-4.7356396,3.9823575,-12.540916,3.0696375,-.041521396,3.8165948,-7.5219097,7.4388671,-45.969002,17.65657,-80.575241,-11.362762,-45.927483,18.076712,-81.357185,-10.497778
17.8,27,-4.6847196,3.939537,-12.40607,3.0366313,-.041074935,3.7755568,-7.44103,7.35888,-45.47472,17.466717,-79.708855,-11.240584,-45.433647,17.882341,-80.482391,-10.3849
17.9,27,-4.6337986,3.8967159,-12.271221,3.0036242,-.040628467,3.7345178,-7.3601489,7.278892,-44.980427,17.276861,-78.842453,-11.118403,-44.9398,17.687967,-79.607582,-10.27202
18,27,-4.5828772,3.8538947,-12.136372,2.9706173,-.040181998,3.6934791,-7.2792678,7.198904,-44.486137,17.087004,-77.976051,-10.996222,-44.445953,17.493593,-78.732765,-10.159141
18.1,27,-4.5319562,3.8110733,-12.001523,2.9376104,-.03973553,3.6524403,-7.1983871,7.118916,-43.991844,16.897148,-77.109642,-10.874042,-43.952106,17.299219,-77.857956,-10.046261
18.2,27,-4.4810352,3.7682521,-11.866673,2.9046032,-.039289061,3.6114016,-7.117506,7.0389276,-43.497551,16.707293,-76.24324,-10.751862,-43.458263,17.104845,-76.983147,-9.9333811
18.3,27,-4.4301152,3.7254317,-11.731827,2.8715971,-.0388426,3.5703635,-7.0366263,6.958941,-43.003269,16.517439,-75.376854,-10.629683,-42.964424,16.910475,-76.108345,-9.8205032
18.4,27,-4.3791943,3.6826105,-11.596978,2.8385899,-.038396135,3.5293245,-6.9557452,6.878953,-42.508976,16.327583,-74.510452,-10.507502,-42.470581,16.716101,-75.233536,-9.7076235
18.5,27,-4.3282728,3.6397893,-11.462129,2.805583,-.037949666,3.4882858,-6.8748641,6.798965,-42.014683,16.137726,-73.644043,-10.385322,-41.976734,16.521727,-74.358727,-9.5947437
18.6,27,-4.2773519,3.5969682,-11.32728,2.7725761,-.037503198,3.447247,-6.793983,6.718977,-41.520393,15.94787,-72.777641,-10.263141,-41.482887,16.327353,-73.48391,-9.481864
18.7,27,-4.2264309,3.554147,-11.19243,2.7395689,-.037056729,3.4062083,-6.7131019,6.6389885,-41.0261,15.758014,-71.91124,-10.14096,-40.989044,16.132978,-72.6091,-9.3689842
18.8,27,-4.1755109,3.5113266,-11.057585,2.7065628,-.036610268,3.3651702,-6.6322227,6.5590019,-40.531818,15.568161,-71.044853,-10.018782,-40.495205,15.938609,-71.734306,-9.2561064
18.9,27,-4.1245899,3.4685054,-10.922735,2.6735556,-.036163799,3.3241313,-6.5513415,6.4790139,-40.037525,15.378304,-70.178444,-9.8966007,-40.001362,15.744235,-70.859497,-9.1432266
19,27,-4.073669,3.425684,-10.787887,2.6405487,-.035717331,3.2830925,-6.4704604,6.3990259,-39.543232,15.188448,-69.312042,-9.7744198,-39.507515,15.549861,-69.98468,-9.0303469
19.1,27,-4.0227475,3.3828628,-10.653037,2.6075418,-.035270862,3.2420537,-6.3895793,6.3190374,-39.048939,14.998592,-68.445641,-9.6522398,-39.013668,15.355487,-69.109871,-8.9174671
19.2,27,-3.9718266,3.3400416,-10.518188,2.5745347,-.034824394,3.201015,-6.3086982,6.2390494,-38.554646,14.808736,-67.579239,-9.5300589,-38.519821,15.161113,-68.235062,-8.8045874
19.3,27,-3.9209065,3.2972212,-10.383342,2.5415285,-.034377936,3.159977,-6.227819,6.1590629,-38.060364,14.618883,-66.712852,-9.4078798,-38.025986,14.966743,-67.36026,-8.6917105
19.4,27,-3.8699856,3.2544,-10.248492,2.5085213,-.033931468,3.118938,-6.1469378,6.0790749,-37.566071,14.429027,-65.846443,-9.2856998,-37.532143,14.772368,-66.485451,-8.5788307
19.5,27,-3.8190644,3.2115788,-10.113644,2.4755144,-.033484999,3.0778992,-6.0660567,5.9990869,-37.071781,14.23917,-64.980042,-9.1635189,-37.038296,14.577994,-65.610641,-8.46595
19.6,27,-3.7681434,3.1687577,-9.9787941,2.4425075,-.03303853,3.0368605,-5.9851756,5.9190984,-36.577488,14.049314,-64.11364,-9.041338,-36.544449,14.38362,-64.735825,-8.3530703
19.7,27,-3.7172222,3.1259365,-9.8439455,2.4095004,-.032592062,2.9958217,-5.9042945,5.8391104,-36.083195,13.859458,-63.247234,-8.919157,-36.050602,14.189246,-63.861015,-8.2401905
19.8,27,-3.6663022,3.0831161,-9.7090988,2.3764942,-.032145601,2.9547837,-5.8234148,5.7591238,-35.588913,13.669605,-62.380844,-8.796979,-35.556767,13.994876,-62.986221,-8.1273136
19.9,27,-3.6153812,3.0402949,-9.5742493,2.343487,-.031699132,2.9137447,-5.7425342,5.6791358,-35.09462,13.479749,-61.514442,-8.674798,-35.06292,13.800503,-62.111408,-8.0144339
20,27,-3.56446,2.9974735,-9.4394007,2.3104801,-.031252664,2.8727059,-5.661653,5.5991473,-34.600327,13.289892,-60.648037,-8.552618,-34.569077,13.606129,-61.236595,-7.9015536
20.1,27,-3.5135391,2.9546523,-9.3045511,2.2774732,-.030806197,2.8316672,-5.5807719,5.5191593,-34.106037,13.100036,-59.781635,-8.4304371,-34.07523,13.411755,-60.361786,-7.7886739
20.2,27,-3.4626181,2.9118311,-9.1697025,2.2444661,-.030359728,2.7906284,-5.4998908,5.4391713,-33.611744,12.91018,-58.91523,-8.3082561,-33.581383,13.217381,-59.486973,-7.6757941
20.3,27,-3.4116979,2.8690107,-9.0348558,2.2114599,-.029913269,2.7495904,-5.4190111,5.3591847,-33.117462,12.720327,-58.048843,-8.1860781,-33.087547,13.02301,-58.612179,-7.5629168
20.4,27,-3.3607769,2.8261895,-8.9000063,2.1784527,-.0294668,2.7085514,-5.33813,5.2791967,-32.623169,12.530471,-57.182438,-8.0638971,-32.5937,12.828636,-57.737366,-7.450037
20.5,27,-3.3098559,2.7833683,-8.7651577,2.1454458,-.029020332,2.6675127,-5.2572489,5.1992083,-32.128876,12.340614,-56.316036,-7.9417162,-32.099857,12.634262,-56.862553,-7.3371572
20.6,27,-3.2589347,2.7405472,-8.6303082,2.1124389,-.028573863,2.6264739,-5.1763682,5.1192203,-31.634584,12.150758,-55.449631,-7.8195357,-31.60601,12.439888,-55.987743,-7.2242775
20.7,27,-3.2080138,2.697726,-8.4954596,2.0794318,-.028127395,2.5854352,-5.0954871,5.0392323,-31.140291,11.960901,-54.583229,-7.6973548,-31.112164,12.245514,-55.11293,-7.1113977
20.8,27,-3.1570938,2.6549056,-8.3606129,2.0464256,-.027680935,2.5443971,-5.0146074,4.9592457,-30.646009,11.771049,-53.716839,-7.5751767,-30.618328,12.051144,-54.238136,-6.9985199
20.9,27,-3.1061726,2.6120844,-8.2257633,2.0134184,-.027234467,2.5033581,-4.9337263,4.8792577,-30.151716,11.581193,-52.850437,-7.4529958,-30.124481,11.85677,-53.363323,-6.8856401
21,27,-3.0552516,2.569263,-8.0909147,1.9804115,-.026787998,2.4623194,-4.8528452,4.7992692,-29.657423,11.391336,-51.984032,-7.3308153,-29.630636,11.662395,-52.48851,-6.7727604
21.1,27,-3.0043304,2.5264418,-7.9560657,1.9474045,-.02634153,2.4212806,-4.7719641,4.7192812,-29.163132,11.20148,-51.11763,-7.2086344,-29.136789,11.468021,-51.613701,-6.6598806
21.2,27,-2.9534094,2.4836206,-7.8212166,1.9143976,-.025895063,2.3802419,-4.6910834,4.6392932,-28.668839,11.011623,-50.251225,-7.0864534,-28.642944,11.273647,-50.738888,-6.5470009
21.3,27,-2.9024894,2.4408002,-7.6863699,1.8813912,-.025448602,2.3392038,-4.6102037,4.5593066,-28.174557,10.821771,-49.384838,-6.9642754,-28.149107,11.079277,-49.864094,-6.434123
21.4,27,-2.8515682,2.397979,-7.5515208,1.8483843,-.025002133,2.2981648,-4.5293226,4.4793181,-27.680264,10.631914,-48.518433,-6.8420944,-27.655262,10.884903,-48.989281,-6.3212433
21.5,27,-2.8006473,2.3551579,-7.4166718,1.8153772,-.024555666,2.2571261,-4.4484415,4.3993301,-27.185972,10.442059,-47.652031,-6.719914,-27.161417,10.69053,-48.114468,-6.2083635
21.6,27,-2.7497263,2.3123367,-7.2818227,1.7823702,-.024109198,2.2160873,-4.3675604,4.3193421,-26.691679,10.252202,-46.785625,-6.597733,-26.66757,10.496156,-47.239658,-6.0954838
21.7,27,-2.6988051,2.2695153,-7.1469736,1.7493633,-.023662729,2.1750486,-4.2866793,4.2393541,-26.197388,10.062346,-45.919224,-6.4755526,-26.173725,10.301782,-46.364845,-5.982604
21.8,27,-2.6478851,2.2266951,-7.0121269,1.7163569,-.023216268,2.1340106,-4.2058001,4.1593676,-25.703104,9.8724928,-45.052834,-6.353374,-25.679888,10.107411,-45.490051,-5.8697267
21.9,27,-2.5969641,2.1838739,-6.8772779,1.68335,-.022769801,2.0929716,-4.1249189,4.0793791,-25.208813,9.6826363,-44.186432,-6.2311931,-25.186043,9.9130373,-44.615238,-5.7568469
22,27,-2.5460429,2.1410525,-6.7424288,1.6503429,-.022323333,2.0519328,-4.0440378,3.9993911,-24.71452,9.4927807,-43.320026,-6.1090126,-24.692196,9.7186632,-43.740425,-5.6439672
22.1,27,-2.495122,2.0982313,-6.6075797,1.6173359,-.021876864,2.0108941,-3.9631567,3.9194031,-24.220228,9.3029242,-42.453625,-5.9868317,-24.198351,9.5242891,-42.865616,-5.5310874
22.2,27,-2.4442008,2.0554101,-6.4727306,1.584329,-.021430396,1.9698552,-3.8822756,3.8394148,-23.725935,9.1130676,-41.587219,-5.8646512,-23.704506,9.329915,-41.990803,-5.4182076
22.3,27,-2.3932807,2.0125897,-6.3378839,1.5513226,-.020983936,1.9288172,-3.8013961,3.7594283,-23.231653,8.9232149,-40.720833,-5.7424726,-23.210669,9.1355448,-41.116009,-5.3053298
22.4,27,-2.3423598,1.9697685,-6.2030349,1.5183157,-.020537468,1.8877784,-3.720515,3.67944,-22.73736,8.7333584,-39.854427,-5.6202922,-22.716824,8.9411707,-40.241196,-5.19245
22.5,27,-2.2914386,1.9269474,-6.0681858,1.4853086,-.020090999,1.8467395,-3.6396339,3.599452,-22.243069,8.5435019,-38.988026,-5.4981112,-22.222977,8.7467966,-39.366383,-5.0795703
22.6,27,-2.2405176,1.8841261,-5.9333367,1.4523016,-.01964453,1.8057008,-3.558753,3.5194638,-21.748775,8.3536463,-38.12162,-5.3759308,-21.729132,8.5524225,-38.491573,-4.9666905
22.7,27,-2.1895967,1.8413049,-5.7984877,1.4192947,-.019198062,1.7646619,-3.4778719,3.4394758,-21.254484,8.1637897,-37.255219,-5.2537498,-21.235285,8.3580484,-37.61676,-4.8538108
22.8,27,-2.1386764,1.7984844,-5.6636415,1.3862883,-.018751603,1.7236239,-3.3969924,3.3594892,-20.760201,7.973937,-36.388828,-5.1315713,-20.741449,8.1636782,-36.741966,-4.7409329
22.9,27,-2.0877554,1.7556633,-5.5287924,1.3532814,-.018305134,1.6825851,-3.3161113,3.279501,-20.265909,7.7840805,-35.522427,-5.0093908,-20.247602,7.9693046,-35.867153,-4.6280532
23,27,-2.0368345,1.712842,-5.3939433,1.3202744,-.017858665,1.6415462,-3.2352302,3.199513,-19.771616,7.594224,-34.656021,-4.8872099,-19.753757,7.7749305,-34.99234,-4.5151734
23.1,27,-1.9859133,1.6700208,-5.2590938,1.2872673,-.017412197,1.6005075,-3.1543491,3.1195247,-19.277323,7.4043679,-33.789619,-4.7650294,-19.259911,7.5805564,-34.117531,-4.4022937
23.2,27,-1.9349923,1.6271996,-5.1242447,1.2542604,-.016965728,1.5594686,-3.0734682,3.0395367,-18.783031,7.2145114,-32.923214,-4.6428485,-18.766066,7.3861823,-33.242718,-4.2894139
23.3,27,-1.8840722,1.5843792,-4.9893985,1.221254,-.016519269,1.5184306,-2.9925885,2.9595501,-18.288748,7.0246587,-32.056828,-4.5206704,-18.27223,7.191812,-32.367924,-4.1765366
23.4,27,-1.8331511,1.541558,-4.8545494,1.1882471,-.0160728,1.4773918,-2.9117074,2.8795619,-17.794456,6.8348026,-31.190422,-4.3984895,-17.778383,6.997438,-31.493111,-4.0636568
23.5,27,-1.78223,1.4987367,-4.7197003,1.1552401,-.015626332,1.436353,-2.8308265,2.7995737,-17.300163,6.6449461,-30.324018,-4.276309,-17.284538,6.8030643,-30.618298,-3.9507768
23.6,27,-1.7313091,1.4559156,-4.5848513,1.122233,-.015179864,1.3953142,-2.7499454,2.7195857,-16.805872,6.45509,-29.457615,-4.1541281,-16.790691,6.6086903,-29.743486,-3.8378971
23.7,27,-1.680388,1.4130944,-4.4500022,1.0892261,-.014733396,1.3542753,-2.6690643,2.6395974,-16.311579,6.2652335,-28.591211,-4.0319471,-16.296846,6.4143162,-28.868675,-3.7250173
23.8,27,-1.6294678,1.3702739,-4.3151555,1.0562197,-.014286936,1.3132373,-2.5881848,2.5596108,-15.817297,6.0753808,-27.724825,-3.9097691,-15.80301,6.2199459,-27.993879,-3.6121397
23.9,27,-1.5785469,1.3274528,-4.1803064,1.0232128,-.013840468,1.2721986,-2.5073037,2.4796228,-15.323005,5.8855243,-26.858419,-3.7875884,-15.309164,6.0255718,-27.119068,-3.4992599
24,27,-1.5276258,1.2846315,-4.0454574,.99020576,-.013393999,1.2311597,-2.4264226,2.3996346,-14.828712,5.6956682,-25.992016,-3.6654077,-14.815318,5.8311977,-26.244255,-3.3863802
24.1,27,-1.4767047,1.2418103,-3.9106083,.9571988,-.012947531,1.1901209,-2.3455417,2.3196466,-14.334419,5.5058117,-25.125612,-3.5432267,-14.321472,5.6368237,-25.369444,-3.2735004
24.2,27,-1.4257836,1.1989892,-3.7757592,.92419177,-.012501063,1.1490821,-2.2646606,2.2396584,-13.840127,5.3159556,-24.259209,-3.421046,-13.827626,5.44245,-24.494633,-3.1606207
24.3,27,-1.3748636,1.1561687,-3.6409125,.89118546,-.012054603,1.108044,-2.1837809,2.1596718,-13.345844,5.1261029,-23.392822,-3.2988677,-13.33379,5.2480798,-23.619837,-3.0477431
24.4,27,-1.3239425,1.1133475,-3.5060635,.85817844,-.011608134,1.0670053,-2.1029,2.0796838,-12.851552,4.9362464,-22.526417,-3.176687,-12.839944,5.0537057,-22.745026,-2.9348633
24.5,27,-1.2730215,1.0705262,-3.3712144,.82517147,-.011161666,1.0259664,-2.0220189,1.9996955,-12.35726,4.7463903,-21.660013,-3.0545063,-12.346098,4.8593316,-21.870213,-2.8219836
24.6,27,-1.2221004,1.0277051,-3.2363653,.7921645,-.010715198,.98492759,-1.9411378,1.9197074,-11.862967,4.5565338,-20.79361,-2.9323256,-11.852253,4.6649575,-20.995401,-2.7091038
24.7,27,-1.1711794,.98488384,-3.1015162,.75915748,-.010268729,.94388878,-1.8602568,1.8397193,-11.368675,4.3666773,-19.927206,-2.8101449,-11.358407,4.4705834,-20.12059,-2.5962241
24.8,27,-1.1202593,.94206345,-2.9666698,.72615117,-.0098222699,.90285075,-1.7793772,1.7597327,-10.874393,4.1768246,-19.060818,-2.6879663,-10.864571,4.2762132,-19.245794,-2.4833462
24.9,27,-1.0693382,.89924222,-2.8318207,.69314414,-.0093758013,.86181194,-1.6984962,1.6797446,-10.3801,3.9869685,-18.194414,-2.5657856,-10.370725,4.0818391,-18.370983,-2.3704665
25,27,-1.0184172,.85642099,-2.6969717,.66013718,-.0089293327,.82077312,-1.6176151,1.5997565,-9.885808,3.797112,-17.328011,-2.4436049,-9.8768787,3.8874652,-17.49617,-2.2575867
25.1,27,-.96749616,.81359982,-2.5621223,.62713021,-.0084828641,.77973431,-1.5367341,1.5197684,-9.3915157,3.6072557,-16.461607,-2.3214242,-9.3830328,3.6930912,-16.621359,-2.144707
25.2,27,-.91657507,.7707786,-2.4272733,.59412318,-.0080363965,.7386955,-1.455853,1.4397802,-8.8972235,3.4173994,-15.595203,-2.1992435,-8.8891869,3.4987173,-15.746547,-2.0318272
25.3,27,-.865655,.7279582,-2.2924268,.56111687,-.0075899363,.69765747,-1.3749734,1.3597935,-8.4029408,3.2275467,-14.728816,-2.0770652,-8.3953505,3.304347,-14.871752,-1.9189496
25.4,27,-.81473392,.68513697,-2.1575778,.52810985,-.0071434681,.65661865,-1.2940924,1.2798054,-7.9086485,3.0376904,-13.862412,-1.9548845,-7.901505,3.109973,-13.99694,-1.8060699
25.5,27,-.7638129,.64231575,-2.0227287,.49510288,-.0066969995,.61557984,-1.2132113,1.1998173,-7.4143558,2.8478341,-12.996008,-1.8327038,-7.4076591,2.9155989,-13.122128,-1.6931901
25.6,27,-.71289182,.59949458,-1.8878796,.46209589,-.0062505314,.57454103,-1.1323303,1.1198292,-6.9200635,2.6579778,-12.129604,-1.710523,-6.9138131,2.721225,-12.247316,-1.5803103
25.7,27,-.66197079,.55667335,-1.7530304,.42908892,-.0058040628,.53350222,-1.0514492,1.0398411,-6.4257712,2.4681215,-11.263201,-1.5883423,-6.4199672,2.5268509,-11.372504,-1.4674306
25.8,27,-.61105072,.51385295,-1.618184,.39608255,-.0053576031,.49246418,-.97056967,.95985448,-5.9314885,2.2782688,-10.396813,-1.466164,-5.9261308,2.3324807,-10.497709,-1.354553
25.9,27,-.56012964,.47103173,-1.4833349,.36307558,-.004911135,.45142537,-.88968861,.87986636,-5.4371963,2.0884123,-9.5304089,-1.3439832,-5.4322853,2.1381066,-9.6228971,-1.2416731
26,27,-.50920862,.4282105,-1.3484858,.33006859,-.0044646664,.41038656,-.80880755,.79987824,-4.942904,1.898556,-8.6640053,-1.2218025,-4.9384394,1.9437326,-8.748085,-1.1287934
26.1,27,-.45828754,.3853893,-1.2136366,.29706159,-.0040181982,.36934775,-.72792649,.71989012,-4.4486117,1.7086997,-7.7976017,-1.0996218,-4.4445934,1.7493587,-7.8732734,-1.0159136
26.2,27,-.40736648,.34256807,-1.0787876,.26405463,-.0035717296,.32830894,-.64704543,.639902,-3.9543195,1.5188434,-6.9311976,-.97744107,-3.9507477,1.5549846,-6.9984617,-.90303385
26.3,27,-.35644642,.29974768,-.94394106,.23104827,-.0031252699,.2872709,-.56616592,.55991536,-3.4600365,1.3289907,-6.0648103,-.8552627,-3.4569113,1.3606143,-6.1236663,-.79015625
26.4,27,-.30552536,.25692648,-.80909199,.19804128,-.0026788015,.24623209,-.48528484,.47992724,-2.9657443,1.1391344,-5.1984067,-.733082,-2.9630654,1.1662403,-5.2488546,-.67727649
26.5,27,-.25460431,.21410525,-.67424291,.16503429,-.0022323332,.20519328,-.40440378,.39993912,-2.471452,.949278,-4.3320026,-.61090124,-2.4692197,.97186631,-4.3740425,-.56439668
26.6,27,-.20368324,.17128403,-.53939378,.13202731,-.0017858648,.16415447,-.32352272,.319951,-1.9771597,.75942171,-3.4655988,-.48872054,-1.9753739,.77749228,-3.4992309,-.45151693
26.7,27,-.15276219,.12846282,-.40454471,.099020325,-.0013393966,.12311566,-.24264164,.23996286,-1.4828675,.56956536,-2.599195,-.36653984,-1.481528,.58311832,-2.624419,-.33863714
26.8,27,-.10184211,.085642427,-.26969817,.066013969,-.00089293672,.08207763,-.16176213,.15997626,-.98858458,.37971267,-1.7328078,-.24436143,-.98769164,.38874802,-1.7496238,-.22575954
26.9,27,-.050921053,.042821214,-.13484909,.033006985,-.00044646836,.041038815,-.080881067,.079988129,-.49429229,.18985634,-.86640388,-.12218072,-.49384582,.19437401,-.87481189,-.11287977
27,27,0,0,0,0,0,0,0,0,0,0,0,0,0,0,0,0
27.1,27,.050801713,.042810433,-.033105191,.13470861,.0003780502,.0410292,-.080037706,.080793805,.49400991,.18979299,.12202248,.86599731,.49363187,.19430757,.11279602,.87446767
27.2,27,.10088739,.085556462,-.066800199,.26857498,.00034559148,.082001083,-.16037358,.16106476,.98632556,.37920612,.2430952,1.7295558,.98597991,.38821676,.22508909,1.7468708
27.3,27,.14954001,.12817438,-.10167716,.40075719,-.00050789362,.12285929,-.24130768,.24029189,1.4752432,.56785679,.36226436,2.588222,1.475751,.58132678,.33637154,2.6151307
27.4,27,.19604549,.17060597,-.13833606,.53042704,-.0025928968,.16355333,-.32315153,.31796575,1.9590874,.75537491,.47857982,3.439595,1.9616803,.77325052,.44613716,3.4772234
27.5,27,.23968682,.21279512,-.17738397,.65675759,-.006319935,.2040357,-.40622255,.39358267,2.4361546,.94138229,.59107918,4.28123,2.4424746,.96359366,.55386561,4.3310833
27.6,27,.27974793,.25469276,-.2194407,.77893656,-.012099519,.24426681,-.49085367,.46665463,2.9047503,1.1255078,.6987955,5.1107054,2.9168499,1.151971,.65902823,5.1746716
27.7,27,.31551284,.29625762,-.26514146,.8961671,-.020342154,.28421617,-.57739556,.53671128,3.3631804,1.3073851,.80075282,5.9256082,3.3835225,1.3380039,.76108313,6.0059619
27.8,27,.34626448,.33745724,-.31513956,1.0076685,-.031458363,.32386351,-.66621917,.60330248,3.8097413,1.4866494,.89596188,6.7235203,3.8411996,1.5213186,.85946989,6.8229289
27.9,27,.37128878,.37827292,-.37011254,1.1126901,-.045858625,.36320412,-.7577256,.66600835,4.2427573,1.662954,.98342723,7.5020871,4.2886157,1.7015623,.95361489,7.6236167
28,27,.38986874,.41869685,-.43076205,1.2104995,-.063953482,.40224606,-.85234129,.72443432,4.6605244,1.8359489,1.0621308,8.2589188,4.7244782,1.8783832,1.0429146,8.4060411
28.1,27,.40128827,.45873725,-.4978202,1.3003968,-.086153425,.44101563,-.9505282,.77822131,5.0613494,2.0052974,1.1310387,8.9916601,5.1475029,2.0514469,1.1267408,9.1682644
28.2,27,.40483138,.49841955,-.57205296,1.3817158,-.11286896,.4795588,-1.0527869,.82704896,5.4435368,2.1706734,1.1890955,9.697978,5.556406,2.2204351,1.2044331,9.9083786
28.3,27,.39978114,.53778785,-.65426368,1.453826,-.1445106,.51794261,-1.1596594,.87063819,5.8053837,2.3317595,1.2352194,10.375548,5.9498944,2.3850446,1.2752929,10.624496
28.4,27,.38542324,.57691008,-.7452997,1.5161462,-.18148886,.55626053,-1.2717395,.90876174,6.1452146,2.4882638,1.2683073,11.022122,6.3267035,2.5450046,1.3385859,11.314821
28.5,27,.36104083,.61587542,-.84605277,1.5681344,-.22421424,.59462994,-1.3896675,.941239,6.4613256,2.6398997,1.287217,11.635434,6.6855397,2.7000577,1.3935237,11.977556
28.6,27,.32591784,.6547994,-.95746541,1.6093011,-.27309728,.63319713,-1.5141408,.96794623,6.7520223,2.7864032,1.2907721,12.213272,7.0251193,2.849978,1.439265,12.610973
28.7,27,.27933818,.69382519,-1.0805342,1.6392106,-.32854846,.67213809,-1.6459149,.98881805,7.0156102,2.9275315,1.2777539,12.753467,7.3441586,2.9945714,1.4749066,13.213411
28.8,27,.22058508,.73312426,-1.2163121,1.6574821,-.39097819,.71165925,-1.7858047,1.0038483,7.2503867,3.0630624,1.2468946,13.25388,7.6413651,3.1336765,1.4994718,13.783258
28.9,27,.14894404,.77290094,-1.365914,1.663802,-.46079719,.75200105,-1.9346921,1.0130978,7.4546752,3.1928127,1.1968775,13.712473,7.9154725,3.2671838,1.5119098,14.319036
29,27,.063698269,.81338865,-1.5305142,1.6579107,-.53841585,.79343349,-2.0935171,1.0166852,7.6267729,3.3166194,1.1263183,14.127227,8.1651888,3.3950195,1.5110723,14.819304
29.1,27,-.035867978,.85485315,-1.7113494,1.6396134,-.62424451,.83625883,-2.2632818,1.0147927,7.7649851,3.4343593,1.0337645,14.496205,8.3892298,3.5171669,1.4957095,15.28275
29.2,27,-.15047167,.89759153,-1.9097188,1.6087754,-.71869421,.88080919,-2.4450486,1.00766,7.8676162,3.5459502,.91768175,14.817551,8.5863104,3.6336675,1.4644535,15.708168
29.3,27,-.28082862,.94193017,-2.1269779,1.5653206,-.82217479,.92744344,-2.6399305,.99558091,7.9329653,3.6513529,.77644509,15.089486,8.7551403,3.7446284,1.4158033,16.094477
29.4,27,-.427654,.98822588,-2.3645411,1.5092331,-.93509734,.97654712,-2.8490946,.97889978,7.9593544,3.7505915,.60832983,15.310379,8.8944521,3.8502431,1.348114,16.44079
29.5,27,-.5916639,1.0368583,-2.6238689,1.4405411,-1.0578719,1.028524,-3.0737419,.95799816,7.9450817,3.8437402,.41148934,15.478674,9.0029535,3.9507794,1.2595682,16.746338
29.6,27,-.77357471,1.0882297,-2.9064658,1.3593163,-1.1909091,1.0837946,-3.3151073,.93328923,7.8884521,3.930944,.1839436,15.59296,9.079361,4.0466046,1.148162,17.010561
29.7,27,-.97410303,1.1427591,-3.2138698,1.2656637,-1.3346199,1.14279,-3.5744472,.9052074,7.7877703,4.0124254,-.076438896,15.651979,9.1223898,4.1381922,1.0116823,17.233099
29.8,27,-1.193965,1.2008774,-3.5476415,1.1597116,-1.4894141,1.2059463,-3.8530254,.87419736,7.6413345,4.0884914,-.37196112,15.654631,9.1307487,4.226131,.84768379,17.413813
29.9,27,-1.4338754,1.2630247,-3.9093583,1.0416074,-1.6557028,1.2737021,-4.152113,.84070742,7.4474678,4.1595564,-.70511335,15.600049,9.1031704,4.3111491,.6534732,17.552868
30,27,-1.6945505,1.3296402,-4.3005977,.91149634,-1.8338959,1.3464891,-4.4729662,.80517405,7.2044678,4.2261362,-1.0786068,15.487542,9.0383635,4.3941059,.42607424,17.650654
30.1,27,-1.9767066,1.4011612,-4.7229323,.76951891,-2.0244043,1.424731,-4.8168259,.76801723,6.9106402,4.2888713,-1.4953928,15.316673,8.9350443,4.476016,.16221403,17.707874
30.2,27,-2.2810609,1.4780172,-5.1779213,.61579949,-2.227639,1.5088398,-5.1849108,.72963268,6.5642877,4.3485379,-1.9586902,15.087265,8.7919264,4.5580554,-.14169809,17.725552
30.3,27,-2.6083283,1.5606247,-5.6670966,.45043987,-2.4440093,1.599211,-5.5784054,.69038659,6.1637115,4.4060597,-2.4720068,14.79943,8.6077204,4.6415658,-.48958144,17.705023
30.4,27,-2.9592257,1.6493878,-6.1919665,.27351522,-2.6739273,1.6962255,-5.9984684,.65061373,5.7072301,4.4625292,-3.0391669,14.453627,8.3811569,4.7280698,-.88568938,17.648005
30.5,27,-3.3344667,1.7446911,-6.7539983,.085065298,-2.9178016,1.8002443,-6.4462156,.61061227,5.1931467,4.5192037,-3.66433,14.050623,8.1109486,4.8192511,-1.33461,17.556507
30.6,27,-3.7347689,1.846902,-7.3546305,-.1149075,-3.176044,1.911611,-6.9227324,.5706448,4.6197639,4.5775218,-4.3520136,13.591541,7.7958078,4.9169583,-1.8412538,17.432869
30.7,27,-4.1608505,1.9563687,-7.9952626,-.32643819,-3.4490654,2.0306518,-7.42907,.53093916,3.985383,4.6391058,-5.1070971,13.077864,7.4344482,5.02319,-2.4108229,17.27972
30.8,27,-4.6134243,2.0734193,-8.6772518,-.54959708,-3.7372746,2.1576748,-7.9662399,.4916904,3.2883089,4.7057595,-5.9348106,12.511428,7.0255833,5.1400666,-3.0487621,17.09993
30.9,27,-5.0932088,2.1983666,-9.4019279,-.78448898,-4.0410843,2.2929747,-8.5352325,.45306385,2.5268581,4.7794662,-6.840724,11.89444,6.5679421,5.2698131,-3.7607017,16.896585
31,27,-5.6009169,2.3315036,-10.17058,-1.0312539,-4.3609028,2.4368296,-9.137001,.41519561,1.6993334,4.8623562,-7.830709,11.229376,6.060236,5.4147038,-4.5523882,16.672861
31.1,27,-6.1372671,2.4731085,-10.984471,-1.2900633,-4.6971416,2.5895061,-9.772481,.37819707,.80403733,4.9566875,-8.9108915,10.518967,5.5011792,5.5770316,-5.4296021,16.431961
31.2,27,-6.7029734,2.623446,-11.844832,-1.5611138,-5.050211,2.7512593,-10.44258,.3421582,-.16072048,5.0648088,-10.087564,9.7661228,4.8894906,5.759059,-6.3980579,16.177038
31.3,27,-7.2987595,2.7827685,-12.752886,-1.8446333,-5.4205241,2.9223359,-11.148197,.30714864,-1.1966599,5.1891088,-11.367126,8.9738064,4.2238646,5.9629717,-7.4633451,15.911074
31.4,27,-7.9253302,2.9513161,-13.709804,-2.1408567,-5.8084874,3.1029716,-11.8902,.27322525,-2.305434,5.3319716,-12.755906,8.1450386,3.5030534,6.1908412,-8.6307726,15.636879
31.5,27,-8.5834064,3.1293213,-14.716763,-2.4500496,-6.2145128,3.2933977,-12.669454,.24042834,-3.4887562,5.4957094,-14.260148,7.2826362,2.7257564,6.4445844,-9.9053965,15.35691
31.6,27,-9.2737045,3.3170078,-15.77492,-2.7724884,-6.6390109,3.493839,-13.48681,.20878795,-4.7483196,5.6825171,-15.885849,6.3892093,1.8906908,6.7259407,-11.291911,15.073293
31.7,27,-9.9969406,3.5145938,-16.885418,-3.1084633,-7.0823927,3.7045157,-14.34311,.17832476,-6.0858226,5.8944249,-17.638683,5.4670382,.99656999,7.0364604,-12.79464,14.787779
31.8,27,-10.753835,3.7222919,-18.049393,-3.4582767,-7.5450702,3.9256444,-15.239192,.1490517,-7.5029716,6.1332598,-19.523939,4.5179963,.042098273,7.3774962,-14.417529,14.501725
31.9,27,-11.545094,3.9403086,-19.267958,-3.8222318,-8.0274506,4.1574373,-16.175879,.1209771,-9.0014305,6.4006252,-21.546425,3.5435641,-.97398043,7.7502122,-16.164118,14.216156
32,27,-12.37144,4.168849,-20.542234,-4.2006464,-8.5299454,4.4001055,-17.153994,.094103128,-10.582907,6.6978889,-23.710527,2.544714,-2.0529618,8.1555948,-18.037634,13.931709
32.1,27,-13.233589,4.4081144,-21.873335,-4.5938435,-9.0529661,4.6538582,-18.17436,.068428345,-12.249109,7.0261898,-26.020189,1.5219703,-3.1961432,8.5944729,-20.041,13.648714
32.2,27,-14.132253,4.6583052,-23.262363,-5.0021429,-9.5969219,4.9189024,-19.237793,.043949943,-14.001697,7.3864555,-28.478884,.47549045,-4.4047747,9.0675421,-22.17683,13.367281
32.3,27,-15.068157,4.9196191,-24.710434,-5.4258809,-10.162227,5.195446,-20.345114,.020660801,-15.842417,7.7794209,-31.089802,-.59503192,-5.6801901,9.5753832,-24.447596,13.087216
32.4,27,-16.042006,5.1922522,-26.218634,-5.8653789,-10.749287,5.4836931,-21.497128,-.0014450009,-17.772903,8.205657,-33.855698,-1.6901114,-7.0236182,10.118484,-26.855482,12.808245
32.5,27,-17.054523,5.4764004,-27.788071,-6.3209753,-11.358514,5.7838497,-22.694651,-.022376679,-19.794903,8.6656065,-36.779179,-2.8106263,-8.4363899,10.697265,-29.402643,12.529864
32.6,27,-18.106422,5.7722592,-29.419842,-6.7930017,-11.990319,6.0961204,-23.938496,-.042142481,-21.910088,9.159606,-39.862587,-3.9575899,-9.9197683,11.312095,-32.091068,12.251531
32.7,27,-19.198416,6.0800238,-31.115044,-7.2817879,-12.645112,6.4207101,-25.229473,-.060751025,-24.120129,9.6879139,-43.108089,-5.1321659,-11.475017,11.963305,-34.922661,11.97263
32.8,27,-20.331232,6.3998909,-32.874786,-7.7876763,-13.323307,6.7578259,-26.568403,-.078212038,-26.426777,10.250741,-46.51786,-6.3356938,-13.10347,12.651208,-37.89938,11.692442
32.9,27,-21.505569,6.7320518,-34.70015,-8.3109913,-14.025309,7.1076689,-27.956085,-.094533473,-28.831659,10.84825,-50.093842,-7.5694799,-14.806351,13.37609,-41.023006,11.410305
33,27,-22.722158,7.0767045,-36.592243,-8.8520727,-14.751532,7.4704471,-29.393339,-.10972434,-31.336529,11.4806,-53.838093,-8.8349676,-16.584997,14.13825,-44.29546,11.125463
33.1,27,-23.981709,7.4340429,-38.552166,-9.411252,-15.502384,7.8463645,-30.880976,-.12379227,-33.94305,12.147931,-57.75256,-10.133545,-18.440668,14.937973,-47.718559,10.837223
33.2,27,-25.284935,7.8042626,-40.581009,-9.9888601,-16.278276,8.2356272,-32.419811,-.13674459,-36.652905,12.850389,-61.839203,-11.466607,-20.374628,15.775557,-51.294151,10.544895
33.3,27,-26.632565,8.1875629,-42.679893,-10.585237,-17.079626,8.6384439,-34.010666,-.14858842,-39.467842,13.588135,-66.100098,-12.835588,-22.388214,16.651314,-55.024189,10.24776
33.4,27,-28.025295,8.5841351,-44.849888,-11.200701,-17.906834,9.0550156,-35.654339,-.15932961,-42.389481,14.361324,-70.537155,-14.2418,-24.482645,17.565544,-58.91048,9.9451885
33.5,27,-29.463854,8.9941769,-47.092117,-11.835591,-18.760313,9.4855518,-37.351654,-.16897386,-45.419571,15.170151,-75.152519,-15.686623,-26.659258,18.518587,-62.955021,9.6365061
33.6,27,-30.948954,9.4178867,-49.407673,-12.490235,-19.640474,9.9302588,-39.103424,-.17752598,-48.559784,16.014809,-79.948235,-17.171337,-28.91931,19.510778,-67.159737,9.3211126
33.7,27,-32.481319,9.855464,-51.797672,-13.164964,-20.547733,10.389346,-40.910477,-.18499021,-51.811821,16.895523,-84.926437,-18.697203,-31.264086,20.542475,-71.526596,8.9984255
33.8,27,-34.061657,10.307104,-54.26321,-13.860106,-21.482498,10.86302,-42.773624,-.19137001,-55.177391,17.812531,-90.08931,-20.265472,-33.694893,21.614044,-76.05764,8.6678543
33.9,27,-35.690681,10.773004,-56.805382,-14.575984,-22.445173,11.351486,-44.69368,-.19666833,-58.658142,18.766079,-95.43898,-21.877304,-36.212971,22.725855,-80.754829,8.3288879
34,27,-37.369114,11.253363,-59.425301,-15.312927,-23.436172,11.854955,-46.671455,-.20088729,-62.25581,19.756449,-100.97774,-23.533884,-38.819641,23.878305,-85.620255,7.980979
34.1,27,-39.097668,11.748382,-62.124073,-16.071262,-24.455908,12.373634,-48.707787,-.20402862,-65.972084,20.783928,-106.70783,-25.23633,-41.516174,25.071798,-90.655998,7.6236458
34.2,27,-40.877056,12.258258,-64.902802,-16.851315,-25.504787,12.907734,-50.803482,-.20609348,-69.808624,21.84882,-112.63153,-26.985725,-44.303837,26.306742,-95.864105,7.2564268
34.3,27,-42.708015,12.783196,-67.762619,-17.653414,-26.583233,13.457467,-52.959381,-.20708205,-73.767204,22.951458,-118.75124,-28.783173,-47.183971,27.583574,-101.24679,6.8788385
34.4,27,-44.591236,13.32339,-70.704597,-18.477871,-27.691639,14.023035,-55.176281,-.20699459,-77.849426,24.092157,-125.06918,-30.629667,-50.157787,28.902708,-106.80605,6.4904785
34.5,27,-46.527439,13.879042,-73.729858,-19.32502,-28.830421,14.604651,-57.455013,-.20583017,-82.057037,25.271273,-131.58781,-32.526253,-53.226616,30.264595,-112.54413,6.0909019
34.6,27,-48.517349,14.450353,-76.839523,-20.195179,-29.999992,15.202526,-59.796394,-.20358782,-86.391716,26.489161,-138.30952,-34.473915,-56.391727,31.669685,-118.46317,5.6797175
34.7,27,-50.561676,15.037524,-80.034683,-21.088669,-31.200762,15.81687,-62.201256,-.20026617,-90.855148,27.746189,-145.23668,-36.473614,-59.654385,33.118431,-124.56532,5.2565517
34.8,27,-52.661148,15.64076,-83.316475,-22.005821,-32.433147,16.447895,-64.670433,-.19586273,-95.449081,29.042747,-152.37181,-38.52634,-63.01593,34.611317,-130.85286,4.821003
34.9,27,-54.81646,16.260256,-86.685974,-22.946943,-33.697544,17.095808,-67.204712,-.19037555,-100.17512,30.3792,-159.71725,-40.632977,-66.47757,36.148785,-137.32788,4.3727427
35,27,-57.028343,16.896217,-90.144318,-23.912363,-34.994373,17.760822,-69.804947,-.18380122,-105.03503,31.755962,-167.27557,-42.794483,-70.040657,37.731331,-143.99271,3.9113934
35.1,27,-59.297512,17.548849,-93.692627,-24.902401,-36.324047,18.44315,-72.471962,-.17613667,-110.03049,33.173435,-175.04922,-45.011757,-73.706444,39.359436,-150.84952,3.4366288
35.2,27,-61.624668,18.218346,-97.33197,-25.917368,-37.686966,19.142998,-75.206551,-.16737866,-115.16315,34.632011,-183.04065,-47.28566,-77.476189,41.033573,-157.90051,2.948138
35.3,27,-64.010559,18.904919,-101.06351,-26.9576,-39.083553,19.860584,-78.009583,-.15752244,-120.43479,36.13213,-191.25247,-49.617119,-81.351242,42.754261,-165.14804,2.4455705
35.4,27,-66.455841,19.608757,-104.8883,-28.023388,-40.514198,20.596109,-80.881828,-.1465646,-125.84697,37.674179,-199.687,-52.006935,-85.332771,44.521954,-172.59419,1.928654
35.5,27,-68.961319,20.330084,-108.80756,-29.115088,-41.979343,21.349804,-83.824188,-.13449933,-131.40158,39.258636,-208.34709,-54.456059,-89.422226,46.337212,-180.2415,1.3970401
35.6,27,-71.527657,21.069092,-112.82231,-30.232994,-43.479382,22.121866,-86.83744,-.12132232,-137.10017,40.885902,-217.23508,-56.965279,-93.620796,48.200508,-188.09206,.85046023
35.7,27,-74.155533,21.825974,-116.93365,-31.377415,-45.014709,22.912502,-89.922386,-.10702892,-142.9444,42.556393,-226.35341,-59.535404,-97.929695,50.11232,-196.14804,.28864428
35.8,27,-76.845749,22.600952,-121.1428,-32.548695,-46.585766,23.721943,-93.079918,-.091612376,-148.93613,44.270599,-235.7049,-62.167351,-102.35036,52.073215,-204.41199,-.28873262
35.9,27,-79.598938,23.394213,-125.45075,-33.747124,-48.192932,24.550383,-96.310799,-.075068183,-155.07686,46.028912,-245.29187,-64.861855,-106.88393,54.08366,-212.88596,-.88190615
36,27,-82.415886,24.205976,-129.85872,-34.973042,-49.836647,25.398046,-99.615906,-.057389148,-161.36845,47.831818,-255.1171,-67.619812,-111.53181,56.144207,-221.57243,-1.4911853
36.1,27,-85.297279,25.03644,-134.3678,-36.226757,-51.517311,26.265146,-102.99605,-.038569544,-167.81255,49.67976,-265.18311,-70.442009,-116.29524,58.255363,-230.47366,-2.1168206
36.2,27,-88.24379,25.885796,-138.97902,-37.508564,-53.23531,27.15188,-106.45202,-.018603725,-174.41072,51.573158,-275.49225,-73.329193,-121.17541,60.417618,-239.59177,-2.759052
36.3,27,-91.256226,26.754269,-143.69362,-38.818817,-54.991096,28.058481,-109.98471,.0025164858,-181.16487,53.51252,-286.04749,-76.282257,-126.17377,62.631554,-248.92937,-3.4181809
36.4,27,-94.335213,27.642044,-148.51262,-40.157799,-56.785046,28.985146,-113.59489,.024796428,-188.07649,55.498253,-296.85107,-79.301918,-131.29146,64.897636,-258.48849,-4.09442
36.5,27,-97.481537,28.549343,-153.43723,-41.525848,-58.617596,29.9321,-117.28343,.048244569,-195.14746,57.530861,-307.90588,-82.389046,-136.52986,67.216446,-268.27167,-4.7880583
36.6,27,-100.69588,29.476362,-158.46849,-42.923275,-60.489143,30.899553,-121.05116,.072867461,-202.37938,59.61079,-319.21439,-85.54438,-141.89024,69.588478,-278.28116,-5.4993258
36.7,27,-103.97894,30.423296,-163.6075,-44.350372,-62.400082,31.887705,-124.89883,.098671682,-209.77386,61.738476,-330.77905,-88.768677,-147.37379,72.014252,-288.51913,-6.228447
36.8,27,-107.33149,31.390373,-168.85548,-45.807491,-64.350861,32.896793,-128.82739,.12566647,-217.33281,63.914444,-342.60281,-92.062805,-152.98195,74.494347,-298.98819,-6.9757061
36.9,27,-110.75417,32.377769,-174.21344,-47.29491,-66.34185,33.927006,-132.83755,.15385766,-225.05768,66.139091,-354.68793,-95.427437,-158.71582,77.029236,-309.69034,-7.7412972
37,27,-114.24778,33.385715,-179.68259,-48.812973,-68.373497,34.97858,-136.93025,.18325493,-232.95038,68.412956,-367.03729,-98.863449,-164.57687,79.619507,-320.62823,-8.5255013
37.1,27,-117.81228,34.414204,-185.26288,-50.361675,-70.445793,36.051506,-141.10544,.21385691,-241.01082,70.735992,-379.65082,-102.37083,-170.56503,82.265137,-331.80173,-9.3283205
37.2,27,-121.44475,35.462395,-190.94977,-51.939735,-72.557053,37.144909,-145.35974,.2456269,-249.23209,73.106209,-392.51764,-105.94655,-176.67503,84.963867,-343.20117,-10.148909
37.3,27,-125.14172,36.529285,-196.73781,-53.545635,-74.705292,38.257751,-149.6891,.278521,-257.60599,75.521233,-405.62488,-109.58707,-182.90068,87.713036,-354.81506,-10.986293
37.4,27,-128.89951,37.613819,-202.62123,-55.177769,-76.888397,39.388931,-154.08928,.31248918,-266.12375,77.978546,-418.95889,-113.2886,-189.23535,90.509796,-366.63132,-11.839416
37.5,27,-132.71461,38.714996,-208.5946,-56.834618,-79.104362,40.537403,-158.55621,.34748384,-274.77719,80.475761,-432.50681,-117.04759,-195.67282,93.351463,-378.63834,-12.707321
37.6,27,-136.58344,39.831768,-214.65227,-58.51461,-81.351128,41.702084,-163.08571,.38345298,-283.55771,83.010391,-446.2551,-120.86034,-202.20659,96.235237,-390.82419,-13.588997
37.7,27,-140.50233,40.963085,-220.7885,-60.216156,-83.626595,42.881878,-167.67354,.42034307,-292.4567,85.579933,-460.19028,-124.72313,-208.83011,99.158295,-403.17679,-14.483428
37.8,27,-144.4678,42.107948,-226.99786,-61.937752,-85.928772,44.075745,-172.31564,.45810306,-301.46594,88.181984,-474.29947,-128.63243,-215.53717,102.11794,-415.68466,-15.389682
37.9,27,-148.47621,43.265289,-233.27461,-63.677795,-88.255554,45.282581,-177.00778,.49667653,-310.57672,90.814026,-488.56894,-132.5845,-222.32117,105.11134,-428.3356,-16.306734
38,27,-152.52403,44.434109,-239.61328,-65.434776,-90.604935,46.501335,-181.74588,.53601068,-319.78079,93.473648,-502.98575,-136.57579,-229.17584,108.13576,-441.11804,-17.233656
38.1,27,-156.60765,45.613354,-246.00818,-67.207123,-92.974846,47.730923,-186.52574,.57604903,-329.06958,96.158356,-517.5365,-140.60266,-236.09473,111.18841,-454.01999,-18.169456
38.2,27,-160.72343,46.801975,-252.45363,-68.993256,-95.363197,48.970253,-191.34312,.61673427,-338.43445,98.865639,-532.20752,-144.66136,-243.07126,114.26645,-467.02939,-19.113138
38.3,27,-164.86794,47.998974,-258.94418,-70.791672,-97.767998,50.218273,-196.19402,.65801233,-347.86725,101.59311,-546.98608,-148.74843,-250.09926,117.3672,-480.13474,-20.063787
38.4,27,-169.03745,49.203285,-265.47412,-72.600784,-100.18715,51.473892,-201.07413,.69982427,-357.35928,104.33823,-561.85846,-152.86011,-257.17212,120.48779,-493.32385,-21.020391
38.5,27,-173.22849,50.413895,-272.0379,-74.419067,-102.61864,52.736046,-205.97939,.74211502,-366.90222,107.09857,-576.81158,-156.99286,-264.28357,123.62551,-506.58511,-21.982023
38.6,27,-177.43742,51.629757,-278.62988,-76.244965,-105.06039,54.003654,-210.90561,.7848264,-376.48752,109.87166,-591.83203,-161.14302,-271.42712,126.77755,-519.90656,-22.947699
38.7,27,-181.66063,52.849819,-285.24435,-78.076881,-107.51032,55.275616,-215.84854,.82789952,-386.10654,112.65497,-606.90625,-165.30687,-278.59622,129.94107,-533.27606,-23.916426
38.8,27,-185.89464,54.073082,-291.87592,-79.913338,-109.96645,56.5509,-220.80417,.87127978,-395.75119,115.44611,-622.02142,-169.48094,-285.78473,133.11339,-546.68219,-24.887293
38.9,27,-190.13574,55.298477,-298.51877,-81.752716,-112.42664,57.828381,-225.76819,.91490674,-405.41257,118.24254,-637.1637,-173.66145,-292.98593,136.29161,-560.11261,-25.85928
39,27,-194.38046,56.524994,-305.16742,-83.593513,-114.88891,59.107021,-230.73654,.95872539,-415.08258,121.04185,-652.32025,-177.84489,-300.19366,139.47307,-573.55585,-26.83147
39.1,27,-198.62581,57.751762,-311.8172,-85.434433,-117.35153,60.385914,-235.70575,1.0026853,-424.75403,123.84197,-667.4798,-182.02821,-307.40247,142.6554,-587.00189,-27.803051
39.2,27,-202.87108,58.978584,-318.46698,-87.275185,-119.81412,61.664848,-240.675,1.0467684,-434.42526,126.6424,-682.63977,-186.21074,-314.61115,145.83803,-600.44843,-28.773865
39.3,27,-207.11641,60.205486,-325.117,-89.115822,-122.27673,62.943863,-245.64444,1.09097,-444.09668,129.44319,-697.80066,-190.39268,-321.81995,149.02107,-613.89587,-29.744019
39.4,27,-211.36169,61.432442,-331.76706,-90.956322,-124.73932,64.222916,-250.61392,1.1352805,-453.76797,132.24428,-712.96198,-194.57394,-329.02866,152.20439,-627.34381,-30.713507
39.5,27,-215.60704,62.65947,-338.41736,-92.79673,-127.20194,65.502045,-255.58359,1.179696,-463.43942,135.0457,-728.12408,-198.75471,-336.23746,155.38809,-640.79254,-31.682415
39.6,27,-219.85239,63.886555,-345.06772,-94.637032,-129.66457,66.781219,-260.55334,1.2242092,-473.11087,137.8474,-743.2868,-202.93494,-343.44629,158.57207,-654.24182,-32.650757
39.7,27,-224.09766,65.11367,-351.71811,-96.477196,-132.12715,68.060417,-265.5231,1.268813,-482.7821,140.64929,-758.44965,-207.11456,-350.65497,161.75626,-667.69141,-33.61853
39.8,27,-228.34299,66.340858,-358.36868,-98.317291,-134.58977,69.339676,-270.49304,1.3135053,-492.45352,143.45149,-773.61328,-211.29378,-357.86377,164.94075,-681.14166,-34.585831
39.9,27,-232.58827,67.568077,-365.01926,-100.15727,-137.05235,70.618965,-275.46298,1.3582788,-502.12482,146.25388,-788.77716,-215.47247,-365.07245,168.12544,-694.59229,-35.552631
40,27,-236.83362,68.795357,-371.67001,-101.99719,-139.51498,71.898315,-280.43311,1.4031316,-511.79626,149.05653,-803.94165,-219.65083,-372.28128,171.31042,-708.04352,-36.519009
40.1,27,-241.07895,70.022675,-378.32086,-103.83704,-141.9776,73.177704,-285.40326,1.4480584,-521.46771,151.85939,-819.10663,-223.82878,-379.49008,174.49562,-721.49524,-37.484962
40.2,27,-245.32423,71.250015,-384.97171,-105.67677,-144.44019,74.457108,-290.37344,1.4930537,-531.13898,154.66238,-834.27173,-228.00627,-386.69879,177.68097,-734.94708,-38.450489
40.3,27,-249.56955,72.477409,-391.62268,-107.51644,-146.9028,75.736549,-295.34372,1.5381166,-540.81036,157.46561,-849.43726,-232.18344,-393.90756,180.86655,-748.39948,-39.415657
40.4,27,-253.81483,73.704826,-398.27365,-109.35603,-149.36539,77.016022,-300.31403,1.5832416,-550.48163,160.26897,-864.60309,-236.36024,-401.11627,184.05228,-761.85205,-40.380444
40.5,27,-258.06018,74.932297,-404.92477,-111.19558,-151.82802,78.29554,-305.28445,1.6284281,-560.15308,163.07256,-879.76941,-240.53677,-408.32507,187.23822,-775.30524,-41.344913
40.6,27,-262.30551,76.159798,-411.57599,-113.03506,-154.29063,79.575089,-310.25494,1.673672,-569.82452,165.87628,-894.9361,-244.713,-415.53391,190.42433,-788.75873,-42.309059
40.7,27,-266.55081,77.387314,-418.22717,-114.87446,-156.75322,80.854645,-315.22543,1.7189687,-579.49585,168.68011,-910.10278,-248.88887,-422.74261,193.61057,-802.21234,-43.272873
40.8,27,-270.79614,78.614876,-424.87848,-116.71383,-159.21585,82.134247,-320.19601,1.7643189,-589.1673,171.48415,-925.27002,-253.06453,-429.95142,196.79698,-815.66644,-44.236416
40.9,27,-275.04138,79.84243,-431.52966,-118.55309,-161.67841,83.413841,-325.16653,1.8097163,-598.83844,174.28822,-940.43707,-257.23981,-437.16,199.98346,-829.12042,-45.199638
41,27,-279.28674,81.070061,-438.18115,-120.39236,-164.14105,84.693504,-330.13727,1.8551638,-608.50995,177.09253,-955.60492,-261.41498,-444.3689,203.17018,-842.57513,-46.162643
41.1,27,-283.5321,82.297699,-444.83264,-122.23157,-166.60367,85.973175,-335.108,1.9006561,-618.1814,179.89694,-970.77289,-265.58987,-451.5777,206.35703,-856.03003,-47.125385
41.2,27,-287.77737,83.525352,-451.48407,-124.07069,-169.06625,87.252853,-340.0787,1.9461901,-627.85266,182.70142,-985.94086,-269.76447,-458.78641,209.54393,-869.48499,-48.08786
41.3,27,-292.02274,84.753044,-458.13565,-125.90981,-171.52888,88.53257,-345.04953,1.9917668,-637.52411,185.50606,-1001.1093,-273.9389,-465.99524,212.731,-882.94031,-49.050129
41.4,27,-296.26794,85.980728,-464.78708,-127.74883,-173.99144,89.812271,-350.02026,2.0373809,-647.19525,188.31073,-1016.2775,-278.11304,-473.20383,215.91809,-896.39551,-50.012135
41.5,27,-300.51334,87.208466,-471.43878,-129.58786,-176.45409,91.092041,-354.99121,2.0830355,-656.86676,191.1156,-1031.4464,-282.28711,-480.41269,219.10541,-909.85144,-50.97398
41.6,27,-304.75867,88.436226,-478.09048,-131.42685,-178.9167,92.371819,-359.96213,2.128726,-666.53821,193.92053,-1046.6155,-286.46097,-487.62152,222.29282,-923.30743,-51.935616
41.7,27,-309.00397,89.663986,-484.74213,-133.26578,-181.3793,93.651588,-364.93304,2.1744499,-676.20953,196.72554,-1061.7844,-290.63455,-494.83023,225.48026,-936.76343,-52.897026
41.8,27,-313.24927,90.891769,-491.39386,-135.10468,-183.8419,94.931389,-369.90402,2.2202084,-685.88092,199.53064,-1076.9537,-294.80801,-502.039,228.66783,-950.21973,-53.858273
41.9,27,-317.49454,92.11956,-498.04553,-136.94351,-186.30447,96.211189,-374.87494,2.2659974,-695.55212,202.3358,-1092.1229,-298.98123,-509.24762,231.85544,-963.67596,-54.819313
42,27,-321.7399,93.347397,-504.69742,-138.78236,-188.76712,97.491043,-379.84604,2.3118196,-705.22363,205.14111,-1107.2928,-303.15442,-516.45648,235.04324,-977.13281,-55.780228
42.1,27,-325.98523,94.575241,-511.3493,-140.62117,-191.22974,98.770905,-384.81714,2.3576708,-714.89508,207.94649,-1122.4626,-307.32745,-523.66534,238.23109,-990.58972,-56.740967
42.2,27,-330.23053,95.803093,-518.00116,-142.45992,-193.69234,100.05076,-389.78821,2.4035492,-724.56635,210.75189,-1137.6324,-311.50024,-530.87402,241.41898,-1004.0465,-57.701523
42.3,27,-334.47583,97.03096,-524.65302,-144.29865,-196.15494,101.33064,-394.75934,2.449456,-734.23773,213.5574,-1152.8025,-315.67291,-538.08282,244.60696,-1017.5037,-58.661945
42.4,27,-338.7211,98.258835,-531.30487,-146.13733,-198.61751,102.6105,-399.73041,2.4953876,-743.90894,216.36293,-1167.9725,-319.8454,-545.29144,247.79498,-1030.9607,-59.622196
42.5,27,-342.96646,99.486748,-537.95691,-147.97603,-201.08015,103.89043,-404.70166,2.541347,-753.58044,219.16861,-1183.1431,-324.01788,-552.50031,250.98317,-1044.4183,-60.582348
42.6,27,-347.21182,100.71467,-544.60895,-149.81468,-203.54277,105.17036,-409.67288,2.5873306,-763.25189,221.97433,-1198.3136,-328.19019,-559.70917,254.17139,-1057.876,-61.542358
42.7,27,-351.45709,101.94259,-551.26093,-151.65329,-206.00537,106.45027,-414.64407,2.6333363,-772.92322,224.78009,-1213.4841,-332.36234,-566.91785,257.35965,-1071.3335,-62.502216
42.8,27,-355.70242,103.17053,-557.91296,-153.49188,-208.46797,107.73021,-419.6153,2.6793656,-782.5946,227.58592,-1228.6548,-336.53436,-574.12659,260.54797,-1084.7913,-63.461964
42.9,27,-359.94766,104.39847,-564.56488,-155.33043,-210.93054,109.01015,-424.58652,2.7254157,-792.26581,230.39175,-1243.8253,-340.70624,-581.33527,263.73633,-1098.2489,-64.421562
43,27,-364.19302,105.62645,-571.2171,-157.16901,-213.39319,110.29012,-429.55786,2.7714889,-801.93732,233.19774,-1258.9965,-344.87814,-588.54413,266.92484,-1111.7072,-65.381088
43.1,27,-368.43842,106.85444,-577.86926,-159.00755,-215.85582,111.57011,-434.52924,2.8175828,-811.60883,236.00378,-1274.1677,-349.04993,-595.75299,270.11337,-1125.1655,-66.340508
43.2,27,-372.68375,108.08244,-584.52142,-160.84607,-218.31845,112.85011,-439.50058,2.8636956,-821.28027,238.80984,-1289.339,-353.22156,-602.96179,273.30197,-1138.6238,-67.299797
43.3,27,-376.92889,109.31039,-591.17334,-162.68448,-220.78096,114.13004,-444.47174,2.9098248,-830.95123,241.61581,-1304.5095,-357.39291,-610.17023,276.49045,-1152.0815,-68.258934
43.4,27,-381.17422,110.53841,-597.8255,-164.52295,-223.24358,115.41006,-449.44315,2.9559751,-840.62262,244.42198,-1319.6809,-361.56436,-617.37909,279.67914,-1165.5402,-69.218018
43.5,27,-385.41962,111.76644,-604.47778,-166.3614,-225.70622,116.69009,-454.41458,3.0021441,-850.29413,247.22821,-1334.8525,-365.73575,-624.58795,282.86792,-1178.9989,-70.177017
43.6,27,-389.66498,112.99448,-611.13013,-168.19986,-228.16885,117.97012,-459.38605,3.0483305,-859.96564,250.0345,-1350.0243,-369.90707,-631.79681,286.05673,-1192.4576,-71.135925
43.7,27,-393.91034,114.22253,-617.78235,-170.03827,-230.63148,119.25016,-464.35748,3.0945325,-869.63708,252.84079,-1365.1959,-374.07825,-639.00562,289.24557,-1205.9165,-72.094727
43.8,27,-398.15546,115.45053,-624.43433,-171.87659,-233.09399,120.53014,-469.32874,3.1407483,-879.30804,255.647,-1380.3669,-378.24915,-646.21405,292.4343,-1219.3748,-73.053398
43.9,27,-402.40082,116.6786,-631.08667,-173.71497,-235.55661,121.8102,-474.3002,3.1869822,-888.97949,258.45337,-1395.5388,-382.42017,-653.42285,295.6232,-1232.8337,-74.012024
44,27,-406.64618,117.90668,-637.73901,-175.55333,-238.01926,123.09026,-479.27173,3.2332323,-898.651,261.25983,-1410.7108,-386.59116,-660.63171,298.81219,-1246.2928,-74.970589
44.1,27,-410.89154,119.13477,-644.39142,-177.39169,-240.48189,124.37034,-484.24329,3.2794971,-908.32251,264.06631,-1425.8829,-390.76205,-667.84064,302.00125,-1259.7522,-75.92907
44.2,27,-415.1369,120.36286,-651.04376,-179.23003,-242.94452,125.65041,-489.21481,3.3257754,-917.99396,266.8728,-1441.0551,-394.93286,-675.04944,305.19028,-1273.2114,-76.887459
44.3,27,-419.38202,121.59089,-657.6958,-181.06824,-245.40701,126.93043,-494.18607,3.3720644,-927.66486,269.67917,-1456.2263,-399.10336,-682.25781,308.37918,-1286.6699,-77.845718
44.4,27,-423.62738,122.81901,-664.34821,-182.90656,-247.86964,128.21053,-499.15765,3.4183702,-937.3363,272.48575,-1471.3986,-403.27405,-689.46667,311.56833,-1300.1294,-78.803963
44.5,27,-427.87274,124.04713,-671.00067,-184.74484,-250.33229,129.49063,-504.12927,3.4646895,-947.00781,275.29239,-1486.571,-407.44467,-696.67554,314.75751,-1313.589,-79.762154
44.6,27,-432.11813,125.27525,-677.65314,-186.58313,-252.79492,130.77074,-509.10086,3.5110216,-956.67932,278.09903,-1501.7434,-411.61523,-703.8844,317.94675,-1327.0486,-80.720268
44.7,27,-436.36346,126.50338,-684.30554,-188.42139,-255.25755,132.05086,-514.07245,3.5573649,-966.35077,280.9057,-1516.9159,-415.78571,-711.0932,321.13596,-1340.5082,-81.678307
44.8,27,-440.60858,127.73145,-690.95764,-190.25954,-257.72003,133.3309,-519.04382,3.6037173,-976.02167,283.71225,-1532.0874,-419.95587,-718.30164,324.32504,-1353.967,-82.636223
44.9,27,-444.85394,128.95959,-697.61011,-192.09778,-260.18268,134.61102,-524.01544,3.6500845,-985.69318,286.51898,-1547.26,-424.12625,-725.5105,327.51434,-1367.4269,-83.594139
45,27,-449.09933,130.18776,-704.26263,-193.936,-262.64532,135.89116,-528.98712,3.6964636,-995.36469,289.32578,-1562.4327,-428.2966,-732.71936,330.7037,-1380.8867,-84.552002
45.1,27,-453.34464,131.41589,-710.91504,-195.7742,-265.10794,137.17128,-533.95868,3.7428527,-1005.0361,292.13254,-1577.6053,-432.4668,-739.9281,333.89304,-1394.3464,-85.509796
45.2,27,-457.59006,132.64409,-717.56769,-197.61244,-267.57059,138.45145,-538.93048,3.7892535,-1014.7077,294.93939,-1592.7783,-436.63708,-747.13708,337.08249,-1407.8066,-86.467552
45.3,27,-461.83514,133.87218,-724.21979,-199.45052,-270.03308,139.73151,-543.90179,3.8356602,-1024.3785,297.74606,-1607.9501,-440.80695,-754.34546,340.2717,-1421.2657,-87.425163
45.4,27,-466.0806,135.10037,-730.8725,-201.28873,-272.49576,141.0117,-548.8736,3.882082,-1034.0502,300.55301,-1623.1233,-444.97714,-761.55444,343.46121,-1434.7261,-88.38282
45.5,27,-470.3259,136.32854,-737.5249,-203.12686,-274.95834,142.29184,-553.84521,3.9285114,-1043.7216,303.35986,-1638.2959,-449.14713,-768.76318,346.65063,-1448.1859,-89.340378
45.6,27,-474.5712,137.55672,-744.17743,-204.96501,-277.42096,143.57198,-558.81689,3.974951,-1053.3929,306.16675,-1653.4688,-453.31708,-775.97192,349.84012,-1461.646,-90.297897
45.7,27,-478.81665,138.78493,-750.83008,-206.80319,-279.88364,144.85217,-563.7887,4.0214009,-1063.0646,308.97375,-1668.642,-457.48712,-783.18091,353.02969,-1475.1064,-91.255394
45.8,27,-483.06171,140.01305,-757.48224,-208.6412,-282.3461,146.13226,-568.76007,4.0678554,-1072.7354,311.78052,-1683.814,-461.65674,-790.38922,356.21906,-1488.5658,-92.212746
45.9,27,-487.30716,141.24126,-764.13495,-210.47935,-284.80878,147.41246,-573.73187,4.1143231,-1082.407,314.58759,-1698.9873,-465.82669,-797.59821,359.40869,-1502.0262,-93.170143
46,27,-491.55246,142.46945,-770.78748,-212.31746,-287.27139,148.69263,-578.70355,4.1607981,-1092.0784,317.39456,-1714.1603,-469.99646,-804.80695,362.59824,-1515.4865,-94.127472
46.1,27,-495.79779,143.69766,-777.44,-214.15555,-289.73401,149.97279,-583.67529,4.2072816,-1101.7498,320.20157,-1729.3333,-474.1662,-812.01575,365.78784,-1528.9468,-95.084755
46.2,27,-500.04321,144.92589,-784.09271,-215.99368,-292.19666,151.25301,-588.64709,4.2537746,-1111.4214,323.00867,-1744.5067,-478.33603,-819.22473,368.97754,-1542.4073,-96.042023
46.3,27,-504.2883,146.15404,-790.74493,-217.83165,-294.65915,152.53311,-593.61853,4.3002706,-1121.0922,325.81555,-1759.679,-482.50543,-826.43304,372.16699,-1555.8669,-96.999153
46.4,27,-508.53372,147.38228,-797.39771,-219.66977,-297.12183,153.81334,-598.59039,4.3467789,-1130.7638,328.62271,-1774.8525,-486.67517,-833.64203,375.35675,-1569.3278,-97.956329
46.5,27,-512.77905,148.61049,-804.05023,-221.50781,-299.58441,155.09352,-603.56213,4.3932939,-1140.4352,331.42978,-1790.0256,-490.84476,-840.85077,378.54642,-1582.7881,-98.913445
46.6,27,-517.02429,149.8387,-810.70276,-223.34584,-302.047,156.3737,-608.53381,4.439815,-1150.1064,334.23685,-1805.1986,-495.01425,-848.05945,381.73605,-1596.2484,-99.870506
46.7,27,-521.26978,151.06697,-817.35559,-225.18396,-304.5097,157.65395,-613.50574,4.4863467,-1159.7782,337.0441,-1820.3726,-499.18393,-855.26849,384.9259,-1609.7095,-100.82758
46.8,27,-525.51489,152.29514,-824.00781,-227.02188,-306.97217,158.93407,-618.47723,4.5328798,-1169.4491,339.85107,-1835.5449,-503.35315,-862.47687,388.11548,-1623.1692,-101.78452
46.9,27,-529.76031,153.52341,-830.66064,-228.85995,-309.43484,160.21431,-623.4491,4.5794239,-1179.1207,342.65833,-1850.7186,-507.52271,-869.68585,391.3053,-1636.6301,-102.74151
47,27,-534.00562,154.75163,-837.31323,-230.69797,-311.89746,161.49451,-628.4209,4.6259737,-1188.792,345.46548,-1865.892,-511.69214,-876.89459,394.49509,-1650.0907,-103.69844
