temp,ref,yhat_comm,se_comm,lowerci_comm,upperci_comm,yhat_low,se_low,lowerci_low,upperci_low,yhat_high,se_high,lowerci_high,upperci_high,yhat_marg,se_marg,lowerci_marg,upperci_marg,slope_comm,slope_low,slope_high,slope_marg
-20,27,-16.798838,21.782661,-59.492069,25.894396,-20.195583,19.022858,-57.479698,17.088533,8.5479851,231.33713,-444.86444,461.96042,28.743568,232.98346,-427.89563,485.38278,.35743713,.42970657,-.18187523,-.61157227
-19.9,27,-16.763094,21.736317,-59.36549,25.839302,-20.152613,18.982384,-57.357403,17.052176,8.5297976,230.84491,-443.91791,460.97751,28.682411,232.48775,-426.98523,484.35004,.3574276,.42969704,-.18187046,-.61157227
-19.8,27,-16.727352,21.68997,-59.238911,25.784208,-20.109644,18.94191,-57.235104,17.015818,8.511611,230.35271,-442.97141,459.99463,28.621254,231.99205,-426.0748,483.31729,.35741806,.4296875,-.18187046,-.61156273
-19.7,27,-16.69161,21.643625,-59.112335,25.729115,-20.066675,18.901436,-57.112808,16.97946,8.4934235,229.8605,-442.0249,459.01175,28.560099,231.49634,-425.1644,482.28458,.35741806,.4296875,-.18187523,-.61156273
-19.6,27,-16.655869,21.597279,-58.985756,25.674019,-20.023706,18.860962,-56.990513,16.9431,8.4752359,229.3683,-441.07837,458.02884,28.498941,231.00063,-424.25397,481.25186,.35741806,.42969704,-.18187046,-.61156273
-19.5,27,-16.620127,21.550932,-58.859177,25.618925,-19.980736,18.820488,-56.868214,16.906742,8.4570494,228.87608,-440.13184,457.04593,28.437786,230.50491,-423.34357,480.21912,.3574276,.42969704,-.18187046,-.61156273
-19.4,27,-16.584383,21.504585,-58.732597,25.563829,-19.937767,18.780014,-56.745914,16.870382,8.4388618,228.38388,-439.18533,456.06305,28.376629,230.0092,-422.43314,479.1864,.3574276,.42969704,-.18187523,-.61157227
-19.3,27,-16.548641,21.458239,-58.606018,25.508736,-19.894796,18.739538,-56.623619,16.834024,8.4206743,227.89168,-438.2388,455.08014,28.315472,229.51349,-421.52271,478.15366,.35741806,.4296875,-.18187046,-.61156273
-19.2,27,-16.512899,21.411894,-58.479439,25.453642,-19.85183,18.699066,-56.501324,16.797667,8.4024878,227.39948,-437.2923,454.09726,28.254316,229.01779,-420.6123,477.12094,.35741806,.4296875,-.18187046,-.61156273
-19.1,27,-16.477158,21.365547,-58.352859,25.398546,-19.808859,18.65859,-56.379025,16.761307,8.3843002,226.90726,-436.34576,453.11438,28.193159,228.52208,-419.7019,476.0882,.35741806,.42969704,-.18187523,-.61157227
-19,27,-16.441416,21.319201,-58.22628,25.343452,-19.76589,18.618116,-56.256729,16.724949,8.3661127,226.41505,-435.39923,452.13147,28.132002,228.02637,-418.79147,475.05548,.3574276,.42969704,-.18187046,-.61156273
-18.9,27,-16.405672,21.272856,-58.099701,25.288357,-19.722919,18.577642,-56.13443,16.688589,8.3479261,225.92285,-434.45273,451.14856,28.070847,227.53065,-417.88104,474.02274,.3574276,.42969704,-.18187046,-.61156273
-18.8,27,-16.36993,21.226509,-57.973122,25.233263,-19.679951,18.537169,-56.012131,16.652231,8.3297386,225.43063,-433.5062,450.16568,28.009689,227.03494,-416.97064,472.99002,.35741806,.4296875,-.18187523,-.61156273
-18.7,27,-16.334188,21.180164,-57.846546,25.178169,-19.636982,18.496695,-55.889835,16.615873,8.3115511,224.93845,-432.55969,449.1828,27.948534,226.53925,-416.06024,471.95731,.35741806,.4296875,-.18187046,-.61156273
-18.6,27,-16.298447,21.133818,-57.719967,25.123074,-19.594013,18.456221,-55.76754,16.579514,8.2933645,224.44623,-431.61316,448.19989,27.887377,226.04353,-415.14981,470.92456,.3574276,.42969704,-.18187046,-.61157227
-18.5,27,-16.262703,21.087471,-57.593388,25.06798,-19.551043,18.415747,-55.645241,16.543156,8.275177,223.95403,-430.66666,447.21701,27.82622,225.54782,-414.23938,469.89185,.3574276,.42969704,-.18187523,-.61157227
-18.4,27,-16.226961,21.041124,-57.466808,25.012886,-19.508074,18.375271,-55.522945,16.506796,8.2569895,223.46181,-429.72012,446.2341,27.765062,225.05211,-413.32898,468.8591,.35741806,.42969704,-.18187046,-.61156273
-18.3,27,-16.191219,20.994778,-57.340229,24.95779,-19.465103,18.334797,-55.400646,16.470438,8.2388029,222.9696,-428.77359,445.25119,27.703907,224.5564,-412.41855,467.82635,.35741806,.4296875,-.18187046,-.61155319
-18.2,27,-16.155478,20.948433,-57.213654,24.902697,-19.422136,18.294323,-55.278351,16.43408,8.2206154,222.4774,-427.82709,444.26831,27.642752,224.0607,-411.50815,466.79364,.35741806,.4296875,-.18187523,-.61156273
-18.1,27,-16.119736,20.902086,-57.087074,24.847603,-19.379166,18.253849,-55.156052,16.397722,8.2024279,221.9852,-426.88055,443.28543,27.581594,223.56499,-410.59772,465.76093,.3574276,.42969704,-.18187046,-.61157227
-18,27,-16.083992,20.85574,-56.960491,24.792507,-19.336197,18.213375,-55.033756,16.361362,8.1842413,221.493,-425.93405,442.30252,27.520437,223.06927,-409.68732,464.72818,.3574276,.42969704,-.18187046,-.61157227
-17.9,27,-16.04825,20.809395,-56.833912,24.737413,-19.293226,18.172901,-54.911457,16.325005,8.1660538,221.00078,-424.98752,441.31961,27.45928,222.57356,-408.77689,463.69547,.35741806,.42969704,-.18187523,-.61156273
-17.8,27,-16.012508,20.763048,-56.707333,24.682318,-19.250257,18.132427,-54.789162,16.288645,8.1478662,220.50858,-424.04099,440.33673,27.398125,222.07785,-407.86646,462.66272,.35741806,.4296875,-.18187046,-.61156273
-17.7,27,-15.976767,20.716703,-56.580757,24.627224,-19.207289,18.091953,-54.666866,16.252287,8.1296797,220.01637,-423.09448,439.35385,27.336967,221.58215,-406.95605,461.63,.35742283,.4296875,-.18187046,-.61156273
-17.6,27,-15.941024,20.670357,-56.454178,24.57213,-19.16432,18.051479,-54.544567,16.215929,8.1114922,219.52417,-422.14798,438.37094,27.275812,221.08644,-406.04565,460.59726,.35742283,.42969704,-.18187523,-.61156273
-17.5,27,-15.905282,20.62401,-56.327599,24.517035,-19.121349,18.011003,-54.422268,16.179569,8.0933046,219.03195,-421.20145,437.38806,27.214655,220.59073,-405.13522,459.56454,.35742283,.42969704,-.18187046,-.61157227
-17.4,27,-15.869539,20.577663,-56.201019,24.461941,-19.078381,17.97053,-54.299973,16.143211,8.0751181,218.53975,-420.25491,436.40515,27.153498,220.09502,-404.22482,458.5318,.35742283,.42969704,-.18187046,-.61157227
-17.3,27,-15.833797,20.531317,-56.07444,24.406845,-19.03541,17.930056,-54.177673,16.106852,8.0569305,218.04755,-419.30838,435.42224,27.09234,219.5993,-403.31439,457.49908,.35741806,.42969704,-.18187046,-.61156273
-17.2,27,-15.798056,20.484972,-55.947865,24.351751,-18.992441,17.889582,-54.055378,16.070494,8.038744,217.55534,-418.36188,434.43936,27.031185,219.10361,-402.40399,456.46637,.35742283,.4296875,-.18187046,-.61156273
-17.1,27,-15.762313,20.438625,-55.821285,24.296658,-18.949472,17.849108,-53.933083,16.034136,8.0205564,217.06313,-417.41537,433.45648,26.970028,218.60789,-401.49356,455.43362,.35742283,.4296875,-.18187523,-.61156273
-17,27,-15.726571,20.392279,-55.694706,24.241564,-18.906504,17.808634,-53.810783,15.997777,8.0023689,216.57092,-416.46884,432.47357,26.908873,218.11218,-400.58316,454.40088,.35742283,.42969704,-.18187284,-.61156273
-16.9,27,-15.690828,20.345934,-55.568127,24.186468,-18.863533,17.76816,-53.688484,15.961418,7.9841819,216.07872,-415.52231,431.49069,26.847715,217.61647,-399.67273,453.36816,.35742283,.42969704,-.18187284,-.61157227
-16.8,27,-15.655087,20.299587,-55.441547,24.131374,-18.820564,17.727684,-53.566189,15.925059,7.9659944,215.5865,-414.57581,430.50778,26.786558,217.12076,-398.7623,452.33542,.35741806,.4296875,-.18187284,-.61156273
-16.7,27,-15.619345,20.253242,-55.314968,24.076281,-18.777596,17.687212,-53.443893,15.888701,7.9478073,215.0943,-413.62927,429.5249,26.725403,216.62506,-397.8519,451.3027,.35742283,.4296875,-.18187046,-.61156273
-16.6,27,-15.583602,20.206896,-55.188389,24.021185,-18.734627,17.646736,-53.321594,15.852343,7.9296203,214.6021,-412.68277,428.54199,26.664246,216.12935,-396.9415,450.26999,.35742283,.42969704,-.18187284,-.61156273
-16.5,27,-15.54786,20.160549,-55.06181,23.966091,-18.691656,17.606262,-53.199295,15.815984,7.9114327,214.10989,-411.73624,427.55911,26.60309,215.63364,-396.03107,449.23724,.35742283,.42969704,-.18187284,-.61156273
-16.4,27,-15.512117,20.114202,-54.93523,23.910995,-18.648687,17.565788,-53.077,15.779625,7.8932457,213.61768,-410.7897,426.5762,26.541933,215.13792,-395.12064,448.2045,.3574276,.42969704,-.18187046,-.61157227
-16.3,27,-15.476375,20.067856,-54.808651,23.855902,-18.605717,17.525314,-52.9547,15.743266,7.8750587,213.12547,-409.8432,425.59332,26.480776,214.64221,-394.21024,447.17178,.35741806,.42969704,-.18187046,-.61156273
-16.2,27,-15.440634,20.021511,-54.682076,23.800808,-18.562748,17.48484,-52.832405,15.706908,7.8568716,212.63327,-408.8967,424.61044,26.419621,214.14651,-393.29984,446.13907,.35741806,.4296875,-.18187284,-.61156273
-16.1,27,-15.404891,19.975164,-54.555496,23.745712,-18.519779,17.444366,-52.71011,15.670549,7.8386841,212.14107,-407.95016,423.62753,26.358463,213.6508,-392.3894,445.10632,.3574276,.4296875,-.18187284,-.61157227
-16,27,-15.369148,19.92882,-54.428917,23.690619,-18.47681,17.403893,-52.587811,15.634191,7.820497,211.64885,-407.00363,422.64462,26.297306,213.15509,-391.47897,444.07361,.35742283,.42969704,-.18187284,-.61156273
-15.9,27,-15.333406,19.882473,-54.302338,23.635523,-18.43384,17.363417,-52.465511,15.597833,7.8023095,211.15665,-406.05713,421.66174,26.236151,212.65938,-390.56857,443.04086,.35741806,.42969704,-.18187284,-.61156273
-15.8,27,-15.297665,19.836126,-54.175758,23.580429,-18.390871,17.322943,-52.343216,15.561474,7.7841225,210.66444,-405.1106,420.67883,26.174994,212.16367,-389.65814,442.00815,.35742283,.4296875,-.18187046,-.61157227
-15.7,27,-15.261922,19.78978,-54.049179,23.525335,-18.347902,17.282469,-52.220921,15.525115,7.7659354,210.17224,-404.16406,419.69595,26.113836,211.66795,-388.74774,440.9754,.35742283,.4296875,-.18187046,-.61156273
-15.6,27,-15.22618,19.743435,-53.9226,23.470242,-18.304934,17.241995,-52.098621,15.488757,7.7477484,209.68004,-403.21756,418.71307,26.052681,211.17226,-387.83731,439.94269,.35742283,.42969704,-.18187284,-.61156273
-15.5,27,-15.190437,19.697088,-53.796021,23.415146,-18.261963,17.201521,-51.976326,15.452398,7.7295609,209.18782,-402.27103,417.73016,25.991524,210.67654,-386.92691,438.90994,.35742283,.42969704,-.18187284,-.61157227
-15.4,27,-15.154696,19.650742,-53.669441,23.360052,-18.218994,17.161047,-51.854027,15.416039,7.7113738,208.69562,-401.32452,416.74725,25.930367,210.18083,-386.01648,437.87723,.35741806,.4296875,-.18187046,-.61156273
-15.3,27,-15.118954,19.604397,-53.542862,23.304956,-18.176025,17.120573,-51.731731,15.379681,7.6931868,208.20341,-400.37799,415.76437,25.869211,209.68512,-385.10608,436.84448,.35742283,.42969704,-.18187284,-.61156273
-15.2,27,-15.083211,19.55805,-53.416283,23.249863,-18.133055,17.080099,-51.609432,15.343322,7.6749992,207.7112,-399.43149,414.78146,25.808054,209.18941,-384.19565,435.81177,.35742283,.42969704,-.18187284,-.61156273
-15.1,27,-15.047469,19.511703,-53.289707,23.194769,-18.090086,17.039625,-51.487137,15.306964,7.6568122,207.21899,-398.48495,413.79858,25.746899,208.6937,-383.28525,434.77905,.35742283,.4296875,-.18187046,-.61156273
-15,27,-15.011726,19.465359,-53.163128,23.139673,-18.047117,16.999149,-51.364838,15.270605,7.6386251,206.72679,-397.53845,412.81567,25.685741,208.198,-382.37482,433.74631,.35742283,.42969704,-.18187284,-.61157227
-14.9,27,-14.975985,19.419012,-53.036549,23.084579,-18.004147,16.958675,-51.242542,15.234246,7.6204376,206.23459,-396.59192,411.83279,25.624584,207.70229,-381.46442,432.71356,.35742283,.42969704,-.18187284,-.61156273
-14.8,27,-14.940242,19.372665,-52.909969,23.029486,-17.961178,16.918201,-51.120243,15.197888,7.6022506,205.74237,-395.64539,410.84991,25.563429,207.20657,-380.55399,431.68085,.35742283,.4296875,-.18187046,-.61156273
-14.7,27,-14.9045,19.326319,-52.78339,22.97439,-17.918209,16.877728,-50.997948,15.16153,7.5840635,205.25017,-394.69888,409.867,25.502272,206.71086,-379.64359,430.6481,.35741806,.4296875,-.18187284,-.61156273
-14.6,27,-14.868758,19.279974,-52.656811,22.919296,-17.87524,16.837254,-50.875648,15.125171,7.565876,204.75797,-393.75235,408.88412,25.441116,206.21515,-378.73315,429.61539,.35742283,.42969704,-.18187284,-.61156273
-14.5,27,-14.833015,19.233627,-52.530231,22.864201,-17.83227,16.79678,-50.753353,15.088812,7.547689,204.26576,-392.80585,407.90121,25.379959,205.71944,-377.82275,428.58267,.35742283,.42969704,-.18187284,-.61157227
-14.4,27,-14.797274,19.187281,-52.403652,22.809107,-17.789301,16.756306,-50.631054,15.052453,7.5295014,203.77354,-391.85931,406.9183,25.318802,205.22372,-376.91232,427.54993,.35742283,.4296875,-.18187284,-.61156273
-14.3,27,-14.761531,19.140936,-52.277077,22.754013,-17.746332,16.715832,-50.508759,15.016095,7.5113144,203.28134,-390.91281,405.93542,25.257647,204.72803,-376.00192,426.51721,.35742283,.42969704,-.18187046,-.61156273
-14.2,27,-14.725789,19.094589,-52.150497,22.698917,-17.703362,16.675356,-50.386459,14.979736,7.4931273,202.78914,-389.96628,404.95255,25.196489,204.23232,-375.09149,425.48447,.35741806,.42969704,-.18187046,-.61157227
-14.1,27,-14.690047,19.048243,-52.023918,22.643824,-17.660393,16.634882,-50.264164,14.943378,7.4749403,202.29694,-389.01978,403.96964,25.135332,203.7366,-374.18109,424.45175,.35742283,.4296875,-.18187284,-.61156273
-14,27,-14.654305,19.001898,-51.897339,22.58873,-17.617424,16.594408,-50.141865,14.90702,7.4567528,201.80472,-388.07324,402.98676,25.074177,203.24089,-373.27066,423.41901,.3574276,.42969704,-.18187284,-.61156273
-13.9,27,-14.618562,18.955551,-51.77076,22.533634,-17.574453,16.553934,-50.019569,14.870661,7.4385657,201.31252,-387.12671,402.00385,25.01302,202.74518,-372.36023,422.38629,.35742283,.42969704,-.18187046,-.61156273
-13.8,27,-14.58282,18.909204,-51.64418,22.47854,-17.531485,16.51346,-49.89727,14.834302,7.4203787,200.82031,-386.18021,401.02097,24.951864,202.24948,-371.44983,421.35355,.35741806,.4296875,-.18187284,-.61156273
-13.7,27,-14.547078,18.862858,-51.517601,22.423445,-17.488516,16.472986,-49.774975,14.797943,7.4021912,200.32811,-385.23367,400.03806,24.890707,201.75377,-370.5394,420.32083,.35741806,.4296875,-.18187284,-.61157227
-13.6,27,-14.511336,18.816513,-51.391022,22.368351,-17.445547,16.432512,-49.652679,14.761585,7.3840041,199.83589,-384.28717,399.05518,24.82955,201.25806,-369.629,419.28809,.35742283,.42969704,-.18187046,-.61156273
-13.5,27,-14.475594,18.770166,-51.264442,22.313257,-17.402576,16.392038,-49.53038,14.725226,7.3658171,199.34369,-383.34064,398.07227,24.768394,200.76234,-368.71857,418.25537,.3574276,.42969704,-.18187284,-.61156273
-13.4,27,-14.439851,18.72382,-51.137863,22.258162,-17.359608,16.351563,-49.408081,14.688868,7.3476295,198.85149,-382.3941,397.08939,24.707237,200.26663,-367.80817,417.22263,.35742283,.4296875,-.18187284,-.61157227
-13.3,27,-14.404109,18.677475,-51.011288,22.203068,-17.316639,16.311089,-49.285786,14.65251,7.3294425,198.35928,-381.4476,396.10648,24.64608,199.77094,-366.89774,416.18991,.35741806,.42969704,-.18187046,-.61156273
-13.2,27,-14.368367,18.631128,-50.884708,22.147974,-17.273668,16.270615,-49.163486,14.616151,7.3112555,197.86707,-380.50107,395.1236,24.584925,199.27522,-365.98734,415.15717,.35742283,.42969704,-.18187284,-.61156273
-13.1,27,-14.332624,18.584782,-50.758129,22.092878,-17.2307,16.230141,-49.041191,14.579792,7.2930679,197.37486,-379.55457,394.14069,24.523767,198.77951,-365.0769,414.12445,.35742283,.4296875,-.18187284,-.61157227
-13,27,-14.296883,18.538437,-50.63155,22.037785,-17.187731,16.189667,-48.918892,14.543433,7.2748809,196.88266,-378.60803,393.15781,24.46261,198.2838,-364.1665,413.09171,.35742283,.42969704,-.18187046,-.61156273
-12.9,27,-14.26114,18.49209,-50.504971,21.982689,-17.14476,16.149193,-48.796597,14.507074,7.2566938,196.39044,-377.6615,392.1749,24.401455,197.78809,-363.25607,412.05899,.35742283,.42969704,-.18187284,-.61156273
-12.8,27,-14.225398,18.445744,-50.378391,21.927595,-17.101791,16.108719,-48.674301,14.470716,7.2385063,195.89824,-376.715,391.19202,24.340298,197.29239,-362.34567,411.02628,.35741806,.4296875,-.18187284,-.61157227
-12.7,27,-14.189656,18.399397,-50.251812,21.872501,-17.058823,16.068245,-48.552002,14.434358,7.2203193,195.40604,-375.76846,390.20911,24.27914,196.79668,-361.43524,409.99353,.35742283,.4296875,-.18187046,-.61156273
-12.6,27,-14.153913,18.353052,-50.125233,21.817408,-17.015854,16.027771,-48.429707,14.397999,7.2021322,194.91383,-374.82196,389.22623,24.217985,196.30096,-360.52484,408.96082,.35742283,.42969704,-.18187284,-.61156273
-12.5,27,-14.118172,18.306705,-49.998653,21.762312,-16.972883,15.987296,-48.307407,14.361641,7.1839447,194.42163,-373.87543,388.24332,24.156828,195.80525,-359.61441,407.92807,.35742283,.42969704,-.18187284,-.61157227
-12.4,27,-14.082429,18.260359,-49.872074,21.707218,-16.929914,15.946821,-48.185108,14.325282,7.1657577,193.92941,-372.92892,387.26044,24.095671,195.30954,-358.70401,406.89532,.35742283,.4296875,-.18187046,-.61156273
-12.3,27,-14.046687,18.214014,-49.745499,21.652122,-16.886946,15.906347,-48.062813,14.288923,7.1475706,193.43721,-371.98239,386.27753,24.034515,194.81384,-357.79358,405.86261,.35742283,.42969704,-.18187284,-.61156273
-12.2,27,-14.010944,18.167667,-49.618919,21.597029,-16.843975,15.865873,-47.940517,14.252564,7.1293831,192.94501,-371.03589,385.29465,23.973358,194.31813,-356.88318,404.8299,.35742283,.42969704,-.18187284,-.61156273
-12.1,27,-13.975203,18.121321,-49.49234,21.541935,-16.801006,15.825399,-47.818218,14.216207,7.111196,192.4528,-370.08936,384.31174,23.912203,193.82242,-355.97275,403.79715,.35741806,.4296875,-.18187046,-.61156273
-12,27,-13.939461,18.074976,-49.365761,21.486839,-16.758038,15.784925,-47.695923,14.179848,7.093009,191.96059,-369.14282,383.32886,23.851046,193.32671,-355.06235,402.76443,.35742283,.42969704,-.18187284,-.61157227
-11.9,27,-13.903718,18.028629,-49.239182,21.431746,-16.715067,15.744451,-47.573624,14.143489,7.0748215,191.46838,-368.19632,382.34595,23.789888,192.83099,-354.15192,401.73169,.35742283,.42969704,-.18187284,-.61156273
-11.8,27,-13.867976,17.982283,-49.112602,21.376652,-16.672098,15.703977,-47.451328,14.10713,7.0566344,190.97618,-367.24979,381.36307,23.728733,192.33528,-353.24152,400.69897,.35742283,.4296875,-.18187046,-.61156273
-11.7,27,-13.832233,17.935936,-48.986023,21.321556,-16.629129,15.663503,-47.329029,14.070772,7.0384474,190.48396,-366.30328,380.38016,23.667576,191.83957,-352.33109,399.66623,.35742283,.4296875,-.18187046,-.61156273
-11.6,27,-13.796492,17.889591,-48.859447,21.266462,-16.586161,15.623029,-47.206734,14.034413,7.0202603,189.99176,-365.35675,379.39728,23.606421,191.34387,-351.42068,398.63351,.35741806,.42969704,-.18187284,-.61156273
-11.5,27,-13.76075,17.843245,-48.732868,21.211367,-16.54319,15.582554,-47.084435,13.998055,7.0020728,189.49956,-364.41025,378.41437,23.545263,190.84816,-350.51025,397.60077,.35742283,.42969704,-.18187284,-.61157227
-11.4,27,-13.725007,17.796898,-48.606285,21.156273,-16.500221,15.54208,-46.962139,13.961696,6.9838858,189.00735,-363.46371,377.43149,23.484106,190.35245,-349.59982,396.56805,.35742283,.4296875,-.18187046,-.61156273
-11.3,27,-13.689265,17.750553,-48.47971,21.101179,-16.457253,15.501606,-46.83984,13.925338,6.9656987,188.51515,-362.51721,376.44861,23.422951,189.85674,-348.68942,395.53531,.35742283,.42969704,-.18187284,-.61156273
-11.2,27,-13.653522,17.704206,-48.35313,21.046083,-16.414282,15.461131,-46.717545,13.888979,6.9475112,188.02293,-361.57068,375.4657,23.361794,189.36102,-347.77899,394.50259,.35742283,.42969704,-.18187284,-.61157227
-11.1,27,-13.617781,17.65786,-48.226551,20.99099,-16.371313,15.420658,-46.595245,13.85262,6.9293242,187.53073,-360.62415,374.48282,23.300636,188.86533,-346.86859,393.46988,.35742283,.4296875,-.18187284,-.61156273
-11,27,-13.582038,17.611515,-48.099972,20.935896,-16.328344,15.380183,-46.47295,13.816261,6.9111366,187.03853,-359.67764,373.49991,23.239481,188.36961,-345.95816,392.43713,.35742283,.42969704,-.18187284,-.61156273
-10.9,27,-13.546296,17.565168,-47.973392,20.8808,-16.285374,15.339709,-46.350651,13.779903,6.8929496,186.54631,-358.73111,372.517,23.178324,187.8739,-345.04776,391.40439,.35741806,.42969704,-.18187046,-.61156273
-10.8,27,-13.510554,17.518822,-47.846813,20.825706,-16.242405,15.299235,-46.228355,13.743545,6.8747625,186.05411,-357.78461,371.53412,23.117168,187.37819,-344.13733,390.37167,.35742283,.4296875,-.18187284,-.61156273
-10.7,27,-13.474812,17.472475,-47.720234,20.770611,-16.199436,15.25876,-46.106056,13.707186,6.856575,185.5619,-356.83807,370.55121,23.056011,186.88248,-343.22693,389.33896,.35742283,.42969704,-.18187284,-.61157227
-10.6,27,-13.43907,17.42613,-47.593658,20.715517,-16.156466,15.218287,-45.983761,13.670828,6.838388,185.0697,-355.89157,369.56833,22.994854,186.38678,-342.3165,388.30621,.35742283,.42969704,-.18187046,-.61156273
-10.5,27,-13.403327,17.379784,-47.467079,20.660423,-16.113497,15.177813,-45.861462,13.634469,6.8202009,184.57748,-354.94504,368.58545,22.933699,185.89107,-341.4061,387.2735,.35742283,.4296875,-.18187284,-.61156273
-10.4,27,-13.367585,17.333437,-47.3405,20.605328,-16.070528,15.137339,-45.739166,13.59811,6.8020134,184.08528,-353.9985,367.60254,22.872541,185.39536,-340.49567,386.24075,.35741806,.4296875,-.18187284,-.61157227
-10.3,27,-13.331843,17.287092,-47.213921,20.550234,-16.027559,15.096865,-45.616867,13.561751,6.7838264,183.59308,-353.052,366.61966,22.811384,184.89964,-339.58527,385.20804,.35742283,.42969704,-.18187046,-.61156273
-10.2,27,-13.296101,17.240746,-47.087341,20.49514,-15.984589,15.05639,-45.494572,13.525393,6.7656393,183.10088,-352.10547,365.63675,22.750229,184.40393,-338.67484,384.17529,.35742283,.42969704,-.18187046,-.61156273
-10.1,27,-13.260359,17.194399,-46.960762,20.440044,-15.94162,15.015916,-45.372272,13.489035,6.7474523,182.60867,-351.15897,364.65387,22.689072,183.90823,-337.76443,383.14258,.35742283,.42969227,-.18187284,-.61157227
-10,27,-13.224616,17.148054,-46.834183,20.384951,-15.89865,14.975442,-45.249977,13.452676,6.7292647,182.11646,-350.21243,363.67096,22.627914,183.41252,-336.854,382.10983,.35742283,.42969704,-.18187284,-.61156273
-9.9,27,-13.188874,17.101707,-46.707603,20.329857,-15.85568,14.934967,-45.127678,13.416317,6.7110777,181.62425,-349.2659,362.68808,22.566759,182.91681,-335.9436,381.07712,.35742283,.42969227,-.18187046,-.61156273
-9.800000000000001,27,-13.153131,17.055361,-46.581024,20.274761,-15.812712,14.894493,-45.005383,13.379959,6.6928906,181.13205,-348.3194,361.70517,22.505602,182.4211,-335.03317,380.04437,.35742283,.42969227,-.18187284,-.61157227
-9.699999999999999,27,-13.11739,17.009014,-46.454445,20.219667,-15.769742,14.854019,-44.883083,13.3436,6.6747031,180.63983,-347.37286,360.72229,22.444445,181.92538,-334.12277,379.01166,.35741806,.42969227,-.18187284,-.61156273
-9.6,27,-13.081648,16.962669,-46.327869,20.164574,-15.726773,14.813545,-44.760788,13.307241,6.6565161,180.14763,-346.42636,359.73938,22.383289,181.42967,-333.21234,377.97891,.35742283,.42969227,-.18187046,-.61156273
-9.5,27,-13.045905,16.916323,-46.20129,20.109478,-15.683804,14.773071,-44.638489,13.270883,6.638329,179.65543,-345.47983,358.7565,22.322132,180.93398,-332.30194,376.9462,.35742283,.42969704,-.18187284,-.61157227
-9.4,27,-13.010163,16.869976,-46.074711,20.054384,-15.640834,14.732596,-44.516193,13.234525,6.6201415,179.16322,-344.53329,357.77359,22.260975,180.43826,-331.39151,375.91345,.35742283,.42969227,-.18187284,-.61156273
-9.300000000000001,27,-12.974421,16.823631,-45.948132,19.999289,-15.597865,14.692122,-44.393898,13.198166,6.6019545,178.67101,-343.58679,356.79071,22.19982,179.94255,-330.48111,374.88074,.35742283,.42969227,-.18187046,-.61156273
-9.199999999999999,27,-12.938679,16.777285,-45.821552,19.944195,-15.554895,14.651649,-44.271599,13.161807,6.5837674,178.1788,-342.64026,355.8078,22.138662,179.44684,-329.57068,373.84799,.35741806,.42969227,-.18187284,-.61156273
-9.1,27,-12.902937,16.730938,-45.694973,19.889101,-15.511927,14.611175,-44.149303,13.125449,6.5655799,177.6866,-341.69376,354.82492,22.077507,178.95113,-328.66028,372.81528,.35742283,.42969227,-.18187284,-.61156273
-9,27,-12.867194,16.684593,-45.568394,19.834005,-15.468957,14.5707,-44.027004,13.08909,6.5473928,177.1944,-340.74722,353.84201,22.01635,178.45541,-327.74985,371.78256,.35742283,.42969704,-.18187284,-.61157227
-8.9,27,-12.831452,16.638247,-45.441814,19.778912,-15.425987,14.530226,-43.904705,13.052732,6.5292053,176.70218,-339.80072,352.85913,21.955193,177.95972,-326.83942,370.74982,.35742283,.42969227,-.18187284,-.61156273
-8.800000000000001,27,-12.79571,16.5919,-45.315235,19.723818,-15.383018,14.489752,-43.78241,13.016373,6.5110183,176.20998,-338.85419,351.87622,21.894037,177.464,-325.92902,369.7171,.35742283,.42969227,-.18187046,-.61156273
-8.699999999999999,27,-12.759968,16.545553,-45.188656,19.668722,-15.340049,14.449278,-43.66011,12.980014,6.4928312,175.71777,-337.90768,350.89334,21.83288,176.96829,-325.01859,368.68436,.35741806,.42969227,-.18187046,-.61156273
-8.6,27,-12.724226,16.499208,-45.06208,19.613628,-15.29708,14.408804,-43.537815,12.943656,6.4746442,175.22557,-336.96115,349.91043,21.771725,176.47258,-324.10818,367.65164,.35742283,.42969227,-.18187284,-.61156273
-8.5,27,-12.688483,16.452862,-44.935501,19.558535,-15.25411,14.368329,-43.41552,12.907297,6.4564567,174.73335,-336.01462,348.92755,21.710567,175.97687,-323.19775,366.6189,.3574276,.42969704,-.18187284,-.61157227
-8.4,27,-12.65274,16.406515,-44.808922,19.503439,-15.211141,14.327855,-43.293221,12.870938,6.4382696,174.24115,-335.06812,347.94464,21.64941,175.48116,-322.28735,365.58618,.35742283,.42969227,-.18187046,-.61156273
-8.300000000000001,27,-12.616999,16.36017,-44.682343,19.448345,-15.168172,14.287381,-43.170925,12.83458,6.4200826,173.74895,-334.12158,346.96176,21.588255,174.98546,-321.37692,364.55344,.35741806,.42969227,-.18187284,-.61156273
-8.199999999999999,27,-12.581257,16.313824,-44.555763,19.39325,-15.125202,14.246906,-43.048626,12.798222,6.401895,173.25674,-333.17508,345.97885,21.527098,174.48975,-320.46652,363.52072,.35742283,.42969227,-.18187284,-.61157227
-8.1,27,-12.545514,16.267477,-44.429184,19.338156,-15.082233,14.206432,-42.926331,12.761863,6.383708,172.76453,-332.22855,344.99597,21.46594,173.99403,-319.55609,362.48798,.35742283,.42969227,-.18187046,-.61156273
-8,27,-12.509772,16.221132,-44.302605,19.283062,-15.039264,14.165958,-42.804031,12.725504,6.365521,172.27232,-331.28204,344.01306,21.404785,173.49832,-318.64569,361.45526,.35742283,.42969227,-.18187284,-.61156273
-7.9,27,-12.47403,16.174786,-44.176025,19.227966,-14.996295,14.125484,-42.681736,12.689146,6.3473334,171.78012,-330.33551,343.03018,21.343628,173.00261,-317.73526,360.42252,.35742283,.42969227,-.18187284,-.61156273
-7.8,27,-12.438288,16.128439,-44.04945,19.172873,-14.953325,14.085011,-42.559437,12.652787,6.3291464,171.28792,-329.38901,342.04727,21.282473,172.50691,-316.82486,359.3898,.35741806,.42969704,-.18187046,-.61156273
-7.7,27,-12.402546,16.082092,-43.922871,19.117779,-14.910356,14.044536,-42.437141,12.616428,6.3109593,170.7957,-328.44247,341.06439,21.221315,172.0112,-315.91443,358.35706,.35742283,.42969227,-.18187284,-.61157227
-7.6,27,-12.366803,16.035748,-43.796291,19.062683,-14.867387,14.004062,-42.314842,12.58007,6.2927718,170.3035,-327.49594,340.08148,21.160158,171.51549,-315.00403,357.32434,.35742283,.42969227,-.18187284,-.61156273
-7.5,27,-12.331061,15.989401,-43.669712,19.007589,-14.824417,13.963588,-42.192547,12.543712,6.2745848,169.81129,-326.54944,339.0986,21.099003,171.01978,-314.0936,356.2916,.35742283,.42969227,-.18187046,-.61156273
-7.4,27,-12.295319,15.943055,-43.543133,18.952496,-14.781448,13.923114,-42.070248,12.507353,6.2563977,169.31909,-325.60291,338.11572,21.037846,170.52406,-313.1832,355.25888,.35742283,.42969227,-.18187284,-.61157227
-7.3,27,-12.259577,15.896709,-43.416553,18.8974,-14.738479,13.882639,-41.947952,12.470994,6.2382102,168.82687,-324.6564,337.13281,20.976688,170.02837,-312.27277,354.22617,.35742283,.42969704,-.18187284,-.61156273
-7.2,27,-12.223834,15.850363,-43.289974,18.842306,-14.695509,13.842165,-41.825653,12.434635,6.2200232,168.33467,-323.70987,336.1499,20.915533,169.53265,-311.36237,353.19342,.35742283,.42969227,-.18187046,-.61156273
-7.1,27,-12.188092,15.804017,-43.163395,18.78721,-14.65254,13.801691,-41.703358,12.398277,6.2018361,167.84247,-322.76334,335.16702,20.854376,169.03694,-310.45193,352.16068,.35741806,.42969227,-.18187284,-.61157227
-7,27,-12.15235,15.75767,-43.036816,18.732117,-14.609571,13.761217,-41.581059,12.361918,6.1836486,167.35027,-321.81683,334.18414,20.793219,168.54123,-309.54153,351.12796,.35742283,.42969227,-.18187284,-.61156273
-6.9,27,-12.116608,15.711325,-42.910236,18.677023,-14.566602,13.720742,-41.458763,12.32556,6.1654615,166.85805,-320.8703,333.20123,20.732063,168.04552,-308.6311,350.09525,.35742283,.42969227,-.18187046,-.61156273
-6.8,27,-12.080866,15.664979,-42.783661,18.621927,-14.523632,13.680268,-41.336464,12.289202,6.1472745,166.36584,-319.9238,332.21835,20.670906,167.54982,-307.7207,349.0625,.35742283,.42969704,-.18187284,-.61157227
-6.7,27,-12.045123,15.618632,-42.657082,18.566833,-14.480662,13.639794,-41.214169,12.252843,6.129087,165.87364,-318.97726,331.23544,20.609749,167.05411,-306.81027,348.02979,.35742283,.42969227,-.18187284,-.61156273
-6.6,27,-12.009381,15.572287,-42.530502,18.51174,-14.437694,13.59932,-41.091869,12.216484,6.1108999,165.38144,-318.03076,330.25256,20.548594,166.5584,-305.89987,346.99704,.35741806,.42969227,-.18187046,-.61156273
-6.5,27,-11.973639,15.52594,-42.403923,18.456644,-14.394724,13.558846,-40.969574,12.180125,6.0927129,164.88922,-317.08423,329.26965,20.487436,166.06268,-304.98944,345.96432,.35742283,.42969227,-.18187284,-.61156273
-6.4,27,-11.937897,15.479594,-42.277344,18.40155,-14.351755,13.518372,-40.847275,12.143767,6.0745254,164.39702,-316.13773,328.28677,20.426281,165.56697,-304.07904,344.93158,.35742283,.42969227,-.18187284,-.61156273
-6.3,27,-11.902155,15.433249,-42.150764,18.346457,-14.308785,13.477898,-40.724979,12.107409,6.0563383,163.90482,-315.19119,327.30386,20.365124,165.07126,-303.16861,343.89886,.35742283,.42969704,-.18187046,-.61157227
-6.2,27,-11.866412,15.386902,-42.024185,18.291361,-14.265816,13.437424,-40.60268,12.07105,6.0381513,163.4126,-314.24466,326.32098,20.303967,164.57555,-302.25818,342.86612,.35742283,.42969227,-.18187284,-.61156273
-6.1,27,-11.83067,15.340556,-41.897606,18.236267,-14.222847,13.396949,-40.480385,12.034691,6.0199637,162.92039,-313.29816,325.33807,20.242811,164.07985,-301.34778,341.8334,.35742283,.42969227,-.18187284,-.61156273
-6,27,-11.794928,15.294209,-41.771027,18.181171,-14.179877,13.356475,-40.358086,11.998333,6.0017767,162.42819,-312.35162,324.35519,20.181654,163.58414,-300.43735,340.80066,.35742283,.42969227,-.18187046,-.61157227
-5.9,27,-11.759186,15.247864,-41.644451,18.126078,-14.136909,13.316001,-40.23579,11.961974,5.9835896,161.93599,-311.40512,323.37228,20.120497,163.08842,-299.52695,339.76794,.35741806,.42969227,-.18187046,-.61156273
-5.8,27,-11.723444,15.201518,-41.517872,18.070984,-14.093939,13.275527,-40.113495,11.925615,5.9654026,161.44379,-310.45859,322.3894,20.059341,162.59271,-298.61652,338.7352,.35742283,.42969704,-.18187284,-.61156273
-5.7,27,-11.687701,15.155171,-41.391293,18.015888,-14.050969,13.235052,-39.991196,11.889256,5.9472151,160.95157,-309.51205,321.40649,19.998184,162.097,-297.70612,337.70248,.35742283,.42969227,-.18187284,-.61157227
-5.6,27,-11.651959,15.108826,-41.264713,17.960794,-14.008,13.194578,-39.868896,11.852899,5.929028,160.45937,-308.56555,320.42361,19.937027,161.6013,-296.79568,336.66974,.35742283,.42969227,-.18187284,-.61156273
-5.5,27,-11.616217,15.062479,-41.138134,17.905701,-13.965031,13.154104,-39.746601,11.81654,5.9108405,159.96716,-307.61902,319.4407,19.875872,161.10559,-295.88528,335.63702,.35742283,.42969704,-.18187284,-.61156273
-5.4,27,-11.580475,15.016133,-41.011555,17.850605,-13.922061,13.11363,-39.624306,11.780181,5.8926535,159.47496,-306.67252,318.45782,19.814714,160.60988,-294.97485,334.60428,.35741806,.42969227,-.18187046,-.61156273
-5.3,27,-11.544733,14.969788,-40.884975,17.795511,-13.879092,13.073156,-39.502007,11.743822,5.8744664,158.98274,-305.72598,317.47491,19.753559,160.11417,-294.06445,333.57156,.35742283,.42969227,-.18187284,-.61156273
-5.2,27,-11.50899,14.923441,-40.758396,17.740416,-13.836123,13.032681,-39.379707,11.707464,5.8562789,158.49054,-304.77948,316.49203,19.692402,159.61845,-293.15402,332.53882,.35742283,.42969227,-.18187284,-.61157227
-5.1,27,-11.473248,14.877095,-40.631817,17.685322,-13.793154,12.992208,-39.257412,11.671105,5.8380919,157.99834,-303.83295,315.50912,19.631245,159.12276,-292.24362,331.5061,.35742283,.42969227,-.18187046,-.61156273
-5,27,-11.437506,14.830749,-40.505241,17.630228,-13.750184,12.951734,-39.135117,11.634747,5.8199048,157.50612,-302.88644,314.52625,19.570089,158.62704,-291.33319,330.47339,.35742283,.42969704,-.18187046,-.61156273
-4.9,27,-11.401764,14.784403,-40.378662,17.575132,-13.707214,12.91126,-39.012817,11.598389,5.8017178,157.01392,-301.93991,313.54333,19.508932,158.13133,-290.42279,329.44064,.35741806,.42969227,-.18187284,-.61156273
-4.8,27,-11.366022,14.738057,-40.252083,17.520039,-13.664246,12.870785,-38.890522,11.56203,5.7835302,156.52171,-300.99338,312.56046,19.447777,157.63562,-289.51236,328.40793,.35742283,.42969227,-.18187284,-.61156273
-4.7,27,-11.330279,14.69171,-40.125504,17.464945,-13.621276,12.830311,-38.768223,11.525671,5.7653432,156.02951,-300.04688,311.57755,19.38662,157.13991,-288.60196,327.37518,.35742283,.42969227,-.18187284,-.61157227
-4.6,27,-11.294538,14.645365,-39.998924,17.409849,-13.578307,12.789837,-38.645927,11.489312,5.7471557,155.53729,-299.10034,310.59467,19.325462,156.6442,-287.69153,326.34247,.35742283,.42969227,-.18187284,-.61156273
-4.5,27,-11.258795,14.599018,-39.872345,17.354755,-13.535337,12.749363,-38.523628,11.452954,5.7289686,155.04509,-298.15384,309.61176,19.264307,156.1485,-286.78113,325.30972,.35742283,.42969704,-.18187046,-.61156273
-4.4,27,-11.223053,14.552672,-39.745766,17.299662,-13.492368,12.708888,-38.401333,11.416595,5.7107816,154.55289,-297.20731,308.62888,19.20315,155.65279,-285.8707,324.27701,.35742283,.42969227,-.18187046,-.61157227
-4.3,27,-11.18731,14.506327,-39.619186,17.244566,-13.449399,12.668414,-38.279034,11.380237,5.6925945,154.06068,-296.2608,307.64597,19.141993,155.15707,-284.9603,323.24426,.35742283,.42969227,-.18187284,-.61156273
-4.2,27,-11.151568,14.45998,-39.492607,17.189472,-13.406429,12.62794,-38.156738,11.343878,5.674407,153.56847,-295.31427,306.66309,19.080837,154.66136,-284.04987,322.21155,.35742283,.42969227,-.18187284,-.61156273
-4.1,27,-11.115826,14.413634,-39.366028,17.134377,-13.363461,12.587466,-38.034439,11.30752,5.65622,153.07626,-294.36774,305.68018,19.01968,154.16565,-283.13947,321.1788,.35742283,.42969227,-.18187046,-.61157227
-4,27,-11.080084,14.367288,-39.239452,17.079283,-13.320491,12.546991,-37.912144,11.271161,5.6380329,152.58406,-293.42123,304.6973,18.958523,153.66995,-282.22903,320.14609,.35741806,.42969704,-.18187284,-.61156273
-3.9,27,-11.044342,14.320942,-39.112873,17.024189,-13.277521,12.506517,-37.789845,11.234802,5.6198454,152.09186,-292.4747,303.71439,18.897367,153.17424,-281.31863,319.11334,.35742283,.42969227,-.18187284,-.61156273
-3.8,27,-11.008599,14.274595,-38.986294,16.969093,-13.234552,12.466043,-37.667549,11.198443,5.6016583,151.59964,-291.5282,302.73151,18.83621,152.67853,-280.4082,318.08063,.35742283,.42969227,-.18187046,-.61156273
-3.7,27,-10.972857,14.22825,-38.859715,16.914,-13.191583,12.42557,-37.54525,11.162086,5.5834713,151.10744,-290.58167,301.7486,18.775055,152.18282,-279.49777,317.04788,.35742283,.42969227,-.18187284,-.61156273
-3.6,27,-10.937115,14.181904,-38.733135,16.858906,-13.148614,12.385095,-37.422955,11.125727,5.5652838,150.61523,-289.63516,300.76572,18.713898,151.6871,-278.58737,316.01517,.35742283,.42969227,-.18187284,-.61157227
-3.5,27,-10.901373,14.135557,-38.606556,16.80381,-13.105644,12.344621,-37.300655,11.089368,5.5470967,150.12303,-288.68863,299.78281,18.65274,151.19139,-277.67694,314.98242,.35741806,.42969704,-.18187046,-.61156273
-3.4,27,-10.865631,14.089211,-38.479977,16.748716,-13.062675,12.304147,-37.17836,11.053009,5.5289097,149.63081,-287.7421,298.79993,18.591585,150.69569,-276.76654,313.94971,.35742283,.42969227,-.18187284,-.61156273
-3.3,27,-10.829888,14.042865,-38.353397,16.693623,-13.019706,12.263673,-37.056061,11.016651,5.5107222,149.13861,-286.79559,297.81705,18.530428,150.19998,-275.85611,312.91696,.35742283,.42969227,-.18187284,-.61157227
-3.2,27,-10.794147,13.996519,-38.226818,16.638527,-12.976736,12.223198,-36.933765,10.980292,5.4925351,148.64641,-285.84906,296.83414,18.469271,149.70427,-274.94571,311.88425,.35742283,.42969227,-.18187046,-.61156273
-3.1,27,-10.758404,13.950173,-38.100243,16.583433,-12.933767,12.182724,-36.811466,10.943933,5.4743481,148.15421,-284.90256,295.85126,18.408115,149.20856,-274.03528,310.85153,.35742283,.42969227,-.18187284,-.61156273
-3,27,-10.722662,13.903827,-37.973663,16.528337,-12.890798,12.14225,-36.689171,10.907575,5.4561605,147.66199,-283.95602,294.86835,18.346958,148.71284,-273.12488,309.81879,.35741806,.42969704,-.18187284,-.61157227
-2.9,27,-10.68692,13.857481,-37.847084,16.473244,-12.847828,12.101776,-36.566872,10.871217,5.4379735,147.16978,-283.00952,293.88547,18.285801,148.21715,-272.21445,308.78607,.35742283,.42969227,-.18187046,-.61156273
-2.8,27,-10.651177,13.811134,-37.720505,16.41815,-12.804859,12.061301,-36.444576,10.834858,5.4197865,146.67758,-282.06299,292.90256,18.224646,147.72144,-271.30405,307.75333,.35742283,.42969227,-.18187284,-.61156273
-2.7,27,-10.615436,13.764789,-37.593925,16.363054,-12.761889,12.020827,-36.322277,10.798499,5.4015989,146.18538,-281.11646,291.91968,18.163488,147.22572,-270.39362,306.72061,.35742283,.42969227,-.18187284,-.61157227
-2.6,27,-10.579693,13.718443,-37.467346,16.307961,-12.718921,11.980353,-36.199982,10.76214,5.3834119,145.69316,-280.16995,290.93677,18.102331,146.73001,-269.48322,305.68787,.35742283,.42969227,-.18187046,-.61156273
-2.5,27,-10.543951,13.672096,-37.340767,16.252867,-12.675951,11.939879,-36.077682,10.725782,5.3652248,145.20096,-279.22342,289.95389,18.041176,146.2343,-268.57278,304.65515,.35742283,.42969704,-.18187284,-.61156273
-2.4,27,-10.508208,13.625751,-37.214188,16.197771,-12.632981,11.899405,-35.955387,10.689424,5.3470373,144.70876,-278.27692,288.97098,17.980019,145.7386,-267.66238,303.62241,.35742283,.42969227,-.18187284,-.61156273
-2.3,27,-10.472466,13.579405,-37.087608,16.142677,-12.590013,11.858931,-35.833088,10.653065,5.3288503,144.21655,-277.33038,287.9881,17.918863,145.24289,-266.75195,302.58969,.35741806,.42969227,-.18187046,-.61156273
-2.2,27,-10.436725,13.533058,-36.961033,16.087584,-12.547043,11.818457,-35.710793,10.616707,5.3106632,143.72433,-276.38388,287.00519,17.857706,144.74718,-265.84155,301.55695,.35742283,.42969704,-.18187284,-.61157227
-2.1,27,-10.400982,13.486712,-36.834454,16.032488,-12.504073,11.777983,-35.588493,10.580348,5.2924757,143.23213,-275.43735,286.02231,17.796549,144.25146,-264.93112,300.52423,.35742283,.42969227,-.18187284,-.61156273
-2,27,-10.36524,13.440366,-36.707874,15.977394,-12.461104,11.737509,-35.466198,10.543989,5.2742887,142.73993,-274.49081,285.0394,17.735394,143.75575,-264.02072,299.49149,.35742283,.42969227,-.18187046,-.61156273
-1.9,27,-10.329497,13.39402,-36.581295,15.922299,-12.418135,11.697034,-35.343899,10.50763,5.2561016,142.24773,-273.54431,284.05652,17.674236,143.26004,-263.11029,298.45877,.35742283,.42969227,-.18187284,-.61157227
-1.8,27,-10.293756,13.347674,-36.454716,15.867205,-12.375166,11.65656,-35.221603,10.471272,5.2379141,141.75551,-272.59778,283.07361,17.613079,142.76434,-262.19989,297.42603,.35742283,.42969227,-.18187284,-.61156273
-1.7,27,-10.258013,13.301328,-36.328136,15.81211,-12.332196,11.616086,-35.099308,10.434914,5.219727,141.26331,-271.65128,282.09073,17.551924,142.26863,-261.28946,296.39331,.35742283,.42969227,-.18187046,-.61156273
-1.6,27,-10.222271,13.254982,-36.201557,15.757016,-12.289227,11.575612,-34.977009,10.398555,5.20154,140.7711,-270.70474,281.10782,17.490767,141.77292,-260.37906,295.36057,.35741806,.42969227,-.18187284,-.61156273
-1.5,27,-10.186529,13.208635,-36.074978,15.701921,-12.246258,11.535137,-34.854713,10.362196,5.1833525,140.2789,-269.75824,280.12494,17.429611,141.27721,-259.46863,294.32785,.35742283,.42969704,-.18187284,-.61156273
-1.4,27,-10.150786,13.16229,-35.948399,15.646827,-12.203288,11.494663,-34.732414,10.325838,5.1651654,139.78668,-268.81171,279.14203,17.368454,140.78149,-258.55823,293.29514,.35742283,.42969227,-.18187046,-.61157227
-1.3,27,-10.115045,13.115944,-35.821819,15.591732,-12.160319,11.454189,-34.610119,10.289479,5.1469784,139.29448,-267.86517,278.15915,17.307297,140.28578,-257.6478,292.26239,.35742283,.42969227,-.18187284,-.61156273
-1.2,27,-10.079302,13.069597,-35.695244,15.536638,-12.11735,11.413715,-34.48782,10.25312,5.1287909,138.80228,-266.91867,277.17624,17.246141,139.79008,-256.7374,291.22968,.35742283,.42969227,-.18187284,-.61156273
-1.1,27,-10.04356,13.023252,-35.568665,15.481544,-12.074381,11.37324,-34.365524,10.216762,5.1106038,138.31007,-265.97214,276.19336,17.184984,139.29437,-255.82697,290.19693,.35742283,.42969227,-.18187046,-.61157227
-1,27,-10.007817,12.976905,-35.442085,15.426449,-12.031411,11.332767,-34.243225,10.180404,5.0924168,137.81786,-265.02563,275.21045,17.123827,138.79866,-254.91655,289.16422,.35742283,.42969704,-.18187284,-.61156273
-.9,27,-9.9720755,12.930559,-35.315506,15.371355,-11.988441,11.292293,-34.12093,10.144045,5.0742292,137.32565,-264.0791,274.22757,17.062672,138.30295,-254.00613,288.13147,.35741806,.42969227,-.18187284,-.61156273
-.8,27,-9.9363337,12.884213,-35.188927,15.31626,-11.945473,11.251819,-33.998631,10.107686,5.0560422,136.83345,-263.1326,273.24466,17.001514,137.80724,-253.09572,287.09875,.35742283,.42969227,-.18187046,-.61157227
-.7,27,-9.9005909,12.837867,-35.062347,15.261166,-11.902503,11.211344,-33.876335,10.071327,5.0378551,136.34125,-262.18607,272.26178,16.940357,137.31154,-252.1853,286.06601,.35742283,.42969227,-.18187284,-.61156273
-.6,27,-9.8648491,12.791521,-34.935768,15.206071,-11.859534,11.17087,-33.754036,10.034969,5.0196676,135.84903,-261.23953,271.27887,16.879202,136.81583,-251.27489,285.03329,.35742283,.42969227,-.18187284,-.61156273
-.5,27,-9.8291063,12.745174,-34.809189,15.150977,-11.816565,11.130396,-33.631741,9.9986105,5.0014806,135.35683,-260.29303,270.29599,16.818045,136.32011,-250.36447,284.00055,.35742283,.42969704,-.18187046,-.61156273
-.4,27,-9.7933645,12.698829,-34.68261,15.095882,-11.773595,11.089922,-33.509441,9.9622517,4.9832935,134.86462,-259.3465,269.31308,16.756889,135.8244,-249.45406,282.96783,.35741806,.42969227,-.18187284,-.61156273
-.3,27,-9.7576227,12.652483,-34.556034,15.040788,-11.730626,11.049447,-33.387146,9.9258938,4.965106,134.37242,-258.39999,268.3302,16.695732,135.32869,-248.54364,281.93509,.35742283,.42969227,-.18187284,-.61157227
-.2,27,-9.72188,12.606136,-34.429455,14.985693,-11.687656,11.008973,-33.264847,9.889535,4.946919,133.8802,-257.45346,267.34729,16.634575,134.83298,-247.63322,280.90237,.35742283,.42969704,-.18187046,-.61156273
-.1,27,-9.6861382,12.559791,-34.302876,14.930599,-11.644687,10.968499,-33.142551,9.8531761,4.9287319,133.388,-256.50696,266.36441,16.57342,134.33728,-246.72281,279.86963,.35742283,.42969227,-.18187284,-.61156273
0,27,-9.6503954,12.513444,-34.176296,14.875504,-11.601718,10.928025,-33.020252,9.8168173,4.9105444,132.8958,-255.56042,265.3815,16.512262,133.84157,-245.81239,278.83691,.35742283,.42969227,-.18187284,-.61157227
.1,27,-9.6146536,12.467098,-34.049717,14.82041,-11.558748,10.88755,-32.897957,9.7804594,4.8923573,132.40358,-254.61391,264.39862,16.451105,133.34586,-244.90196,277.80417,.35742283,.42969227,-.18187046,-.61156273
.2,27,-9.5789108,12.420753,-33.923138,14.765316,-11.515779,10.847076,-32.775658,9.7441006,4.8741703,131.91138,-253.66739,263.41571,16.38995,132.85014,-243.99155,276.77145,.35742283,.42969227,-.18187284,-.61156273
.3,27,-9.543169,12.374406,-33.796558,14.710221,-11.47281,10.806602,-32.653362,9.7077417,4.8559828,131.41917,-252.72087,262.43283,16.328793,132.35443,-243.08113,275.73871,.35741806,.42969704,-.18187284,-.61156273
.4,27,-9.5074272,12.32806,-33.669979,14.655127,-11.42984,10.766129,-32.531063,9.6713829,4.8377957,130.92697,-251.77434,261.44995,16.267637,131.85873,-242.17072,274.70599,.35742283,.42969227,-.18187046,-.61156273
.5,27,-9.4716845,12.281713,-33.5434,14.600032,-11.386871,10.725655,-32.408768,9.635025,4.8196087,130.43475,-250.82782,260.46704,16.20648,131.36302,-241.2603,273.67328,.35742283,.42969227,-.18187284,-.61157227
.6,27,-9.4359426,12.235368,-33.416824,14.544938,-11.343902,10.68518,-32.286469,9.5986662,4.8014212,129.94255,-249.8813,259.48416,16.145323,130.86731,-240.34988,272.64053,.35742283,.42969227,-.18187284,-.61156273
.7,27,-9.4001999,12.189022,-33.290245,14.489843,-11.300933,10.644706,-32.164173,9.5623074,4.7832341,129.45035,-248.93478,258.50125,16.084167,130.3716,-239.43947,271.60782,.35742283,.42969227,-.18187046,-.61156273
.8,27,-9.3644581,12.142675,-33.163666,14.434749,-11.257963,10.604232,-32.041874,9.5259485,4.7650471,128.95815,-247.98827,257.51837,16.02301,129.87589,-238.52905,270.57507,.35741806,.42969704,-.18187046,-.6115675
.9,27,-9.3287163,12.09633,-33.037086,14.379654,-11.214993,10.563758,-31.919579,9.4895906,4.74686,128.46593,-247.04175,256.53546,15.961854,129.38017,-237.61864,269.54236,.35742283,.42969227,-.18187284,-.6115675
1,27,-9.2929735,12.049983,-32.910507,14.32456,-11.172025,10.523283,-31.797281,9.4532318,4.7286725,127.97372,-246.09523,255.55257,15.900697,128.88448,-236.70822,268.50961,.35742283,.42969227,-.18187284,-.6115675
1.1,27,-9.2572317,12.003637,-32.783928,14.269465,-11.129055,10.482809,-31.674984,9.416873,4.7104855,127.48152,-245.1487,254.56967,15.83954,128.38876,-235.79781,267.4769,.35742283,.42969227,-.18187284,-.61156273
1.2,27,-9.221489,11.957292,-32.657349,14.214371,-11.086086,10.442335,-31.552687,9.3805141,4.6922979,126.98931,-244.20218,253.58678,15.778384,127.89305,-234.88739,266.44415,.35742283,.42969227,-.18187284,-.61156273
1.3,27,-9.1857471,11.910945,-32.530769,14.159277,-11.043117,10.401861,-31.430389,9.3441563,4.6741109,126.49711,-243.25566,252.60388,15.717228,127.39734,-233.97697,265.41144,.35742283,.42969704,-.18187046,-.6115675
1.4,27,-9.1500044,11.864599,-32.40419,14.104182,-11.000147,10.361386,-31.308092,9.3077974,4.6559238,126.0049,-242.30914,251.62099,15.656071,126.90163,-233.06656,264.37869,.35742283,.42969227,-.18187046,-.6115675
1.5,27,-9.1142626,11.818253,-32.277615,14.049088,-10.957178,10.320912,-31.185795,9.2714386,4.6377368,125.5127,-241.36263,250.63809,15.594914,126.40592,-232.15614,263.34598,.35741806,.42969227,-.18187284,-.61156273
1.6,27,-9.0785208,11.771907,-32.151035,13.993993,-10.914208,10.280438,-31.063498,9.2350798,4.6195493,125.02048,-240.41611,249.6552,15.533758,125.91021,-231.24573,262.31323,.35742283,.42969227,-.18187284,-.61156273
1.7,27,-9.042778,11.725561,-32.024456,13.938899,-10.87124,10.239964,-30.9412,9.1987219,4.6013622,124.52828,-239.46959,248.6723,15.472602,125.41451,-230.33531,261.28052,.35742283,.42969227,-.18187046,-.6115675
1.8,27,-9.0070362,11.679214,-31.897877,13.883804,-10.82827,10.19949,-30.818903,9.1623631,4.5831752,124.03607,-238.52306,247.68941,15.411445,124.91879,-229.4249,260.24777,.35742283,.42969704,-.18187284,-.6115675
1.9,27,-8.9712934,11.632869,-31.771297,13.82871,-10.7853,10.159016,-30.696606,9.1260042,4.5649877,123.54387,-237.57654,246.70651,15.350288,124.42309,-228.51448,259.21506,.35742283,.42969227,-.18187284,-.61156273
2,27,-8.9355516,11.586522,-31.644718,13.773615,-10.742332,10.118542,-30.574308,9.0896463,4.5468006,123.05166,-236.63002,245.72362,15.289132,123.92738,-227.60406,258.18231,.35741806,.42969227,-.18187046,-.61156273
2.1,27,-8.8998098,11.540176,-31.518139,13.718521,-10.699362,10.078068,-30.452011,9.0532875,4.5286136,122.55946,-235.6835,244.74074,15.227976,123.43166,-226.69365,257.1496,.35742283,.42969227,-.18187284,-.6115675
2.2,27,-8.8640671,11.493831,-31.391562,13.663426,-10.656393,10.037593,-30.329714,9.0169287,4.510426,122.06725,-234.73698,243.75783,15.166819,122.93596,-225.78323,256.11685,.35742283,.42969227,-.18187284,-.6115675
2.3,27,-8.8283253,11.447484,-31.264982,13.608332,-10.613423,9.9971189,-30.207417,8.9805698,4.492239,121.57504,-233.79047,242.77495,15.105662,122.44025,-224.87282,255.08414,.35742283,.42969704,-.18187046,-.61156273
2.4,27,-8.7925825,11.401138,-31.138403,13.553237,-10.570454,9.956645,-30.085119,8.944212,4.474052,121.08283,-232.84395,241.79204,15.044506,121.94453,-223.9624,254.05141,.35742283,.42969227,-.18187284,-.6115675
2.5,27,-8.7568407,11.354792,-31.011824,13.498143,-10.527485,9.9161711,-29.962822,8.9078531,4.4558644,120.59063,-231.89742,240.80916,14.983349,121.44883,-223.05199,253.01868,.35742283,.42969227,-.18187284,-.6115675
2.6,27,-8.7210979,11.308446,-30.885244,13.443048,-10.484515,9.8756971,-29.840525,8.8714943,4.4376774,120.09842,-230.9509,239.82626,14.922193,120.95312,-222.14157,251.98595,.35742283,.42969227,-.18187046,-.61156273
2.7,27,-8.6853561,11.2621,-30.758667,13.387954,-10.441546,9.8352222,-29.718227,8.8351355,4.4194903,119.60622,-230.00438,238.84337,14.861036,120.45741,-221.23114,250.95322,.35741806,.42969227,-.18187284,-.61156273
2.8,27,-8.6496143,11.215754,-30.632088,13.33286,-10.398577,9.7947483,-29.59593,8.7987776,4.4013028,119.11401,-229.05786,237.86047,14.79988,119.9617,-220.32072,249.92049,.35742283,.42969704,-.18187284,-.6115675
2.9,27,-8.6138716,11.169408,-30.505508,13.277765,-10.355607,9.7542744,-29.473633,8.7624187,4.3831158,118.6218,-228.11134,236.87758,14.738723,119.46599,-219.41031,248.88776,.35742283,.42969227,-.18187046,-.6115675
3,27,-8.5781298,11.123061,-30.378929,13.222671,-10.312638,9.7138004,-29.351336,8.7260599,4.3649287,118.12959,-227.16483,235.89468,14.677567,118.97028,-218.49989,247.85503,.35742283,.42969227,-.18187284,-.61156273
3.1,27,-8.542387,11.076715,-30.252352,13.167576,-10.269669,9.6733255,-29.229038,8.6897011,4.3467412,117.63739,-226.21831,234.91179,14.61641,118.47457,-217.58948,246.8223,.35742283,.42969227,-.18187284,-.61156273
3.2,27,-8.5066452,11.03037,-30.125772,13.112482,-10.2267,9.6328516,-29.106741,8.6533432,4.3285542,117.14518,-225.27177,233.92889,14.555254,117.97886,-216.67906,245.78957,.35742283,.42969227,-.18187046,-.6115675
3.3,27,-8.4709024,10.984023,-29.999193,13.057387,-10.18373,9.5923777,-28.984444,8.6169844,4.3103671,116.65298,-224.32526,232.946,14.494097,117.48315,-215.76865,244.75685,.35742283,.42969704,-.18187284,-.6115675
3.4,27,-8.4351606,10.937677,-29.872614,13.002293,-10.14076,9.5519037,-28.862146,8.5806255,4.2921796,116.16077,-223.37874,231.9631,14.43294,116.98744,-214.85823,243.72411,.35741806,.42969227,-.18187284,-.61156273
3.5,27,-8.3994188,10.891331,-29.746035,12.947198,-10.097792,9.5114288,-28.739849,8.5442667,4.2739925,115.66856,-222.43222,230.98021,14.371784,116.49173,-213.94781,242.69139,.35742283,.42969227,-.18187046,-.61156273
3.6,27,-8.3636761,10.844985,-29.619457,12.892104,-10.054822,9.4709549,-28.617554,8.5079088,4.2558055,115.17635,-221.4857,229.99731,14.310628,115.99603,-213.0374,241.65866,.35742283,.42969227,-.18187284,-.6115675
3.7,27,-8.3279343,10.798639,-29.492878,12.837009,-10.011853,9.430481,-28.495256,8.47155,4.237618,114.68415,-220.53918,229.01442,14.249471,115.50031,-212.12698,240.62593,.35742283,.42969227,-.18187284,-.6115675
3.8,27,-8.2921915,10.752293,-29.366299,12.781915,-9.9688835,9.390007,-28.372959,8.4351912,4.2194309,114.19194,-219.59267,228.03152,14.188314,115.00461,-211.21657,239.5932,.35742283,.42969704,-.18187046,-.61156273
3.9,27,-8.2564497,10.705947,-29.239719,12.72682,-9.9259138,9.3495321,-28.250662,8.3988323,4.2012439,113.69974,-218.64613,227.04863,14.127158,114.5089,-210.30615,238.56047,.35741806,.42969227,-.18187284,-.6115675
4,27,-8.2207079,10.6596,-29.11314,12.671726,-9.8829451,9.3090582,-28.128365,8.3624744,4.1830564,113.20753,-217.69962,226.06573,14.066001,114.01318,-209.39574,237.52774,.35742283,.42969227,-.18187284,-.6115675
4.1,27,-8.1849651,10.613255,-28.986563,12.616632,-9.8399754,9.2685843,-28.006067,8.3261156,4.1648693,112.71532,-216.7531,225.08284,14.004845,113.51748,-208.48532,236.49501,.35742283,.42969227,-.18187046,-.61156273
4.2,27,-8.1492233,10.566909,-28.859983,12.561537,-9.7970066,9.2281103,-27.88377,8.2897568,4.1466823,112.22311,-215.80658,224.09995,13.943688,113.02177,-207.57491,235.46228,.35742283,.42969227,-.18187284,-.6115675
4.3,27,-8.1134806,10.520562,-28.733404,12.506443,-9.7540369,9.1876354,-27.761473,8.2533979,4.1284947,111.7309,-214.86006,223.11705,13.882531,112.52605,-206.66449,234.42955,.35742283,.42969704,-.18187284,-.6115675
4.4,27,-8.0777388,10.474216,-28.606825,12.451348,-9.7110672,9.1471615,-27.639175,8.2170401,4.1103077,111.2387,-213.91354,222.13416,13.821375,112.03035,-205.75407,233.39682,.35742283,.42969227,-.18187046,-.61156273
4.5,27,-8.041996,10.42787,-28.480246,12.396254,-9.6680984,9.1066875,-27.516878,8.1806812,4.0921206,110.7465,-212.96703,221.15126,13.760219,111.53464,-204.84366,232.36409,.35742283,.42969227,-.18187284,-.61156273
4.6,27,-8.0062542,10.381524,-28.353668,12.341159,-9.6251287,9.0662136,-27.394581,8.1443224,4.0739331,110.25429,-212.02051,220.16837,13.699062,111.03893,-203.93324,231.33136,.35742044,.42969227,-.18187284,-.61156273
4.7,27,-7.9705119,10.335178,-28.227089,12.286065,-9.58216,9.0257397,-27.272284,8.1079645,4.0557461,109.76208,-211.07399,219.18547,13.637906,110.54322,-203.02283,230.29863,.35742283,.42969227,-.18187046,-.6115675
4.8,27,-7.9347696,10.288832,-28.10051,12.23097,-9.5391903,8.9852648,-27.149986,8.0716057,4.037559,109.26987,-210.12746,218.20258,13.576749,110.04751,-202.11241,229.2659,.35742283,.42969704,-.18187284,-.6115675
4.9,27,-7.8990273,10.242486,-27.97393,12.175876,-9.4962206,8.9447908,-27.027689,8.0352468,4.0193715,108.77766,-209.18094,217.21968,13.515593,109.5518,-201.202,228.23317,.35742044,.42969227,-.18187284,-.61156273
5,27,-7.8632855,10.196139,-27.847353,12.120782,-9.4532518,8.9043169,-26.905392,7.9988885,4.0011845,108.28546,-208.23442,216.23679,13.454436,109.05609,-200.29158,227.20044,.35742044,.42969227,-.18187046,-.61156273
5.1,27,-7.8275433,10.149794,-27.720774,12.065687,-9.4102821,8.863843,-26.783094,7.9625297,3.9829974,107.79326,-207.2879,215.25389,13.39328,108.56038,-199.38116,226.16772,.35742283,.42969227,-.18187165,-.6115675
5.2,27,-7.791801,10.103448,-27.594194,12.010592,-9.3673134,8.8233681,-26.660797,7.9261713,3.9648101,107.30105,-206.34138,214.271,13.332123,108.06467,-198.47075,225.13499,.35742283,.42969227,-.18187284,-.6115675
5.3,27,-7.7560587,10.057101,-27.467615,11.955498,-9.3243437,8.7828941,-26.5385,7.8898125,3.9466228,106.80884,-205.39485,213.2881,13.270967,107.56896,-197.56032,224.10225,.35742283,.42969704,-.18187284,-.61156273
5.4,27,-7.7203164,10.010756,-27.341036,11.900404,-9.281374,8.7424202,-26.416203,7.8534541,3.9284356,106.31664,-204.44833,212.30521,13.20981,107.07325,-196.6499,223.06953,.35742283,.42969227,-.18187165,-.6115675
5.5,27,-7.6845741,9.9644098,-27.214458,11.845309,-9.2384052,8.7019463,-26.293905,7.8170953,3.9102485,105.82442,-203.50182,211.32231,13.148653,106.57755,-195.73949,222.0368,.35742044,.42969227,-.18187165,-.6115675
5.6,27,-7.6488323,9.9180632,-27.087879,11.790215,-9.1954355,8.6614714,-26.171608,7.7807369,3.8920612,105.33222,-202.5553,210.33942,13.087497,106.08183,-194.82907,221.00407,.35742044,.42969227,-.18187165,-.61156273
5.7,27,-7.61309,9.8717175,-26.9613,11.735121,-9.1524668,8.6209974,-26.049311,7.7443786,3.8738742,104.84002,-201.60878,209.35654,13.02634,105.58613,-193.91866,219.97134,.35742283,.42969227,-.18187165,-.6115675
5.8,27,-7.5773478,9.8253708,-26.834721,11.680026,-9.1094971,8.5805235,-25.927013,7.7080197,3.8556869,104.34781,-200.66226,208.37363,12.965183,105.09042,-193.00824,218.93861,.35742283,.42969704,-.18187284,-.6115675
5.9,27,-7.5416055,9.7790251,-26.708141,11.624931,-9.0665274,8.5400496,-25.804716,7.6716609,3.8374996,103.8556,-199.71574,207.39073,12.904027,104.5947,-192.09782,217.90588,.35742283,.42969227,-.18187165,-.61156273
6,27,-7.5058632,9.7326794,-26.581564,11.569837,-9.0235586,8.4995747,-25.682419,7.6353025,3.8193126,103.3634,-198.76923,206.40784,12.842871,104.099,-191.18741,216.87315,.35742283,.42969227,-.18187165,-.61156273
6.1,27,-7.4701209,9.6863327,-26.454985,11.514743,-8.9805889,8.4591007,-25.560122,7.5989442,3.8011253,102.87119,-197.82269,205.42496,12.781714,103.60329,-190.27699,215.84042,.35742044,.42969227,-.18187284,-.61156273
6.2,27,-7.4343791,9.639987,-26.328405,11.459648,-8.9376202,8.4186268,-25.437824,7.5625854,3.782938,102.37898,-196.87617,204.44206,12.720558,103.10757,-189.36658,214.80769,.35742044,.42969227,-.18187284,-.6115675
6.3,27,-7.3986368,9.5936403,-26.201826,11.404553,-8.8946505,8.3781528,-25.315527,7.5262265,3.7647507,101.88677,-195.92966,203.45915,12.659401,102.61186,-188.45616,213.77496,.35742283,.42969704,-.18187165,-.6115675
6.4,27,-7.3628945,9.5472946,-26.075249,11.349459,-8.8516808,8.337678,-25.19323,7.4898682,3.7465637,101.39457,-194.98314,202.47627,12.598245,102.11616,-187.54575,212.74223,.35742283,.42969227,-.18187165,-.61156273
6.5,27,-7.3271523,9.5009489,-25.948669,11.294365,-8.808712,8.297204,-25.070932,7.4535098,3.7283764,100.90236,-194.03662,201.49338,12.537088,101.62045,-186.63533,211.7095,.35742283,.42969227,-.18187165,-.61156273
6.6,27,-7.29141,9.4546022,-25.82209,11.23927,-8.7657423,8.2567301,-24.948635,7.417151,3.7101893,100.41016,-193.0901,200.51048,12.475932,101.12474,-185.72491,210.67677,.35742044,.42969227,-.18187165,-.6115675
6.7,27,-7.2556682,9.4082565,-25.695511,11.184175,-8.7227736,8.2162561,-24.82634,7.3807926,3.6920021,99.917946,-192.14359,199.52759,12.414775,100.62903,-184.8145,209.64404,.35742283,.42969227,-.18187284,-.6115675
6.8,27,-7.2199254,9.3619099,-25.568932,11.129081,-8.6798038,8.1757813,-24.704041,7.3444338,3.6738148,99.425743,-191.19705,198.54469,12.353619,100.13332,-183.90408,208.61131,.35742283,.42969704,-.18187165,-.61156273
6.9,27,-7.1841836,9.3155642,-25.442354,11.073987,-8.6368341,8.1353073,-24.581743,7.3080754,3.6556277,98.933533,-190.25053,197.5618,12.292462,99.637611,-182.99367,207.57858,.35742044,.42969227,-.18187165,-.6115675
7,27,-7.1484413,9.2692184,-25.315775,11.018892,-8.5938654,8.0948334,-24.459446,7.2717166,3.6374404,98.44133,-189.30402,196.5789,12.231305,99.141899,-182.08325,206.54585,.35742283,.42969227,-.18187284,-.6115675
7.1,27,-7.112699,9.2228718,-25.189196,10.963798,-8.5508957,8.0543594,-24.337151,7.2353582,3.6192532,97.94912,-188.3575,195.59601,12.170149,98.646194,-181.17284,205.51314,.35742283,.42969227,-.18187165,-.61156273
7.2,27,-7.0769567,9.1765261,-25.062616,10.908704,-8.5079269,8.0138855,-24.214853,7.1989994,3.6010661,97.456917,-187.41098,194.61311,12.108993,98.150482,-180.26242,204.48041,.35742283,.42969227,-.18187165,-.6115675
7.3,27,-7.0412145,9.1301794,-24.936037,10.853609,-8.4649572,7.9734106,-24.092554,7.162641,3.5828788,96.964706,-186.46446,193.63022,12.047835,97.65477,-179.35201,203.44766,.35742283,.42969704,-.18187284,-.6115675
7.4,27,-7.0054722,9.0838337,-24.80946,10.798514,-8.4219875,7.9329367,-23.970259,7.1262822,3.5646915,96.472504,-185.51794,192.64732,11.986679,97.159065,-178.44159,202.41495,.35742044,.42969227,-.18187165,-.61156273
7.5,27,-6.9697304,9.037488,-24.68288,10.74342,-8.3790188,7.8924623,-23.847961,7.0899239,3.5465045,95.980293,-184.57141,191.66443,11.925523,96.663353,-177.53117,201.38222,.35742044,.42969227,-.18187165,-.61156273
7.6,27,-6.9339881,8.9911413,-24.556301,10.688326,-8.3360491,7.8519883,-23.725664,7.053565,3.5283172,95.488091,-183.62489,190.68153,11.864367,96.167641,-176.62076,200.34949,.35742283,.42969227,-.18187165,-.61156273
7.7,27,-6.8982458,8.9447956,-24.429724,10.633231,-8.2930803,7.8115144,-23.603367,7.0172067,3.5101302,94.99588,-182.67838,189.69864,11.80321,95.671936,-175.71034,199.31676,.35742283,.42969227,-.18187165,-.6115675
7.8,27,-6.8625035,8.8984489,-24.303143,10.578136,-8.2501106,7.77104,-23.48107,6.9808478,3.4919429,94.503677,-181.73186,188.71574,11.742053,95.176224,-174.79991,198.28403,.35742283,.42969704,-.18187284,-.6115675
7.9,27,-6.8267612,8.8521032,-24.176565,10.523042,-8.2071409,7.7305655,-23.358772,6.9444895,3.4737556,94.011467,-180.78534,187.73285,11.680897,94.680511,-173.8895,197.2513,.35742283,.42969227,-.18187284,-.61156273
8,27,-6.791019,8.8057575,-24.049986,10.467948,-8.1641722,7.6900916,-23.236475,6.9081306,3.4555683,93.519264,-179.83882,186.74995,11.61974,94.184807,-172.97908,196.21857,.35742283,.42969227,-.18187165,-.6115675
8.1,27,-6.7552767,8.7594109,-23.923407,10.412853,-8.1212025,7.6496172,-23.114178,6.8717723,3.4373813,93.027054,-178.89229,185.76706,11.558583,93.689095,-172.06866,195.18584,.35742044,.42969704,-.18187165,-.6115675
8.199999999999999,27,-6.7195349,8.7130651,-23.796829,10.357759,-8.0782328,7.6091433,-22.99188,6.8354139,3.419194,92.534851,-177.94579,184.78416,11.497427,93.19339,-171.15825,194.15311,.35742044,.42969227,-.18187284,-.61156273
8.300000000000001,27,-6.6837926,8.6667185,-23.67025,10.302664,-8.035264,7.5686693,-22.869583,6.7990551,3.4010067,92.042641,-176.99925,183.80127,11.436271,92.697678,-170.24783,193.12038,.35742283,.42968988,-.18187165,-.61156273
8.4,27,-6.6480503,8.6203728,-23.543671,10.24757,-7.9922948,7.5281954,-22.747286,6.7626967,3.3828197,91.550438,-176.05273,182.81837,11.375114,92.201973,-169.33742,192.08765,.35742283,.42969465,-.18187165,-.6115675
8.5,27,-6.612308,8.5740271,-23.417091,10.192475,-7.9493251,7.487721,-22.624989,6.7263379,3.3646324,91.058228,-175.10622,181.83548,11.313957,91.706261,-168.427,191.05492,.35742283,.42969465,-.18187284,-.6115675
8.6,27,-6.5765657,8.5276804,-23.290512,10.137381,-7.9063559,7.4472466,-22.502691,6.6899791,3.3464451,90.566017,-174.1597,180.85258,11.252801,91.210548,-167.51659,190.02219,.35742044,.42969227,-.18187165,-.61156273
8.699999999999999,27,-6.5408239,8.4813347,-23.163935,10.082287,-7.8633866,7.4067726,-22.380394,6.6536207,3.328258,90.073814,-173.21318,179.86969,11.191645,90.714836,-166.60617,188.98946,.35742044,.42969465,-.18187165,-.6115675
8.800000000000001,27,-6.5050817,8.434988,-23.037355,10.027192,-7.8204169,7.3662982,-22.258097,6.6172624,3.3100708,89.581612,-172.26665,178.8868,11.130487,90.219131,-165.69576,187.95673,.35742283,.42969227,-.18187165,-.61156273
8.9,27,-6.4693394,8.3886423,-22.910776,9.9720974,-7.7774482,7.3258243,-22.135799,6.580904,3.2918837,89.089401,-171.32014,177.9039,11.069332,89.723419,-164.78534,186.92401,.35742283,.42969227,-.18187165,-.61156273
9,27,-6.4335971,8.3422966,-22.784197,9.9170027,-7.7344785,7.2853498,-22.013502,6.5445452,3.2736964,88.597198,-170.37361,176.92101,11.008175,89.227707,-163.87492,185.89128,.35742283,.42969465,-.18187284,-.6115675
9.1,27,-6.3978548,8.2959499,-22.657618,9.861908,-7.6915092,7.2448759,-21.891205,6.5081863,3.2555091,88.104988,-169.42709,175.93811,10.947019,88.732002,-162.96451,184.85854,.35742044,.42969227,-.18187165,-.61156273
9.199999999999999,27,-6.362113,8.2496042,-22.53104,9.8068142,-7.64854,7.204402,-21.768908,6.471828,3.2373221,87.612785,-168.48058,174.95522,10.885862,88.23629,-162.05409,183.82582,.35742283,.42969465,-.18187165,-.6115675
9.300000000000001,27,-6.3263702,8.2032576,-22.404461,9.7517195,-7.6055703,7.1639276,-21.64661,6.4354692,3.2191348,87.120575,-167.53406,173.97232,10.824705,87.740578,-161.14368,182.79309,.35742283,.42969227,-.18187165,-.6115675
9.4,27,-6.2906284,8.1569118,-22.277882,9.6966257,-7.5626016,7.1234536,-21.524313,6.3991108,3.2009478,86.628372,-166.58754,172.98944,10.763549,87.244873,-160.23326,181.76036,.35742044,.42969227,-.18187165,-.61156273
9.5,27,-6.2548862,8.1105661,-22.151302,9.641531,-7.5196319,7.0829792,-21.402016,6.362752,3.1827605,86.136162,-165.64102,172.00653,10.702393,86.749161,-159.32285,180.72763,.35742283,.42969465,-.18187284,-.6115675
9.6,27,-6.2191439,8.0642195,-22.024723,9.5864363,-7.4766626,7.0425048,-21.279718,6.3263936,3.1645732,85.643951,-164.69449,171.02364,10.641235,86.253448,-158.41243,179.6949,.35742283,.42969227,-.18187284,-.6115675
9.699999999999999,27,-6.1834016,8.0178738,-21.898146,9.5313416,-7.4336934,7.0020308,-21.157421,6.2900352,3.1463859,85.151749,-163.74797,170.04076,10.580079,85.757744,-157.50201,178.66217,.35742283,.42969465,-.18187165,-.61156273
9.800000000000001,27,-6.1476593,7.9715276,-21.771566,9.4762468,-7.3907237,6.9615564,-21.035124,6.2536764,3.1281989,84.659538,-162.80145,169.05785,10.518923,85.262032,-156.5916,177.62944,.35742044,.42969227,-.18187165,-.61156273
9.9,27,-6.1119175,7.9251814,-21.644987,9.4211531,-7.347755,6.9210825,-20.912828,6.2173181,3.1100116,84.167336,-161.85493,168.07497,10.457767,84.766327,-155.68118,176.59671,.35742044,.42969227,-.18187284,-.6115675
10,27,-6.0761752,7.8788352,-21.518408,9.3660583,-7.3047853,6.8806086,-20.790529,6.1809592,3.0918243,83.675133,-160.90842,167.09207,10.396609,84.270615,-154.77077,175.56398,.35742283,.42969465,-.18187284,-.6115675
10.1,27,-6.0404329,7.832489,-21.391829,9.3109636,-7.261816,6.8401341,-20.668232,6.1446004,3.073637,83.182922,-159.9619,166.10916,10.335453,83.774902,-153.86034,174.53125,.35742283,.42969227,-.18187165,-.61156273
10.2,27,-6.0046906,7.7861433,-21.265251,9.2558699,-7.2188468,6.7996602,-20.545935,6.108242,3.05545,82.69072,-159.01538,165.12628,10.274297,83.279198,-152.94994,173.49852,.35742283,.42969465,-.18187165,-.6115675
10.3,27,-5.9689484,7.7397971,-21.138672,9.2007751,-7.1758771,6.7591858,-20.423637,6.0718832,3.0372627,82.198509,-158.06885,164.14337,10.21314,82.783485,-152.03951,172.46579,.35742044,.42969227,-.18187165,-.61156273
10.4,27,-5.9332066,7.6934509,-21.012093,9.1456804,-7.1329083,6.7187119,-20.301342,6.0355248,3.0190756,81.706306,-157.12234,163.16049,10.151984,82.287781,-151.1291,171.43307,.35742283,.42969227,-.18187165,-.61156273
10.5,27,-5.8974638,7.6471047,-20.885513,9.0905857,-7.0899386,6.6782374,-20.179043,5.9991665,3.0008883,81.214096,-156.17581,162.1776,10.090827,81.792068,-150.21867,170.40033,.35742521,.42969465,-.18187284,-.6115675
10.6,27,-5.8617215,7.6007586,-20.758934,9.035491,-7.0469694,6.637763,-20.056746,5.9628077,2.9827011,80.721886,-155.22929,161.19469,10.029671,81.296356,-149.30826,169.3676,.35742044,.42969227,-.18187165,-.61156273
10.7,27,-5.8259797,7.5544128,-20.632357,8.9803972,-7.0040002,6.5972891,-19.93445,5.9264493,2.964514,80.229683,-154.28278,160.21181,9.9685144,80.800652,-148.39784,168.33488,.35742044,.42969465,-.18187165,-.6115675
10.8,27,-5.7902374,7.5080667,-20.505777,8.9253025,-6.9610305,6.5568151,-19.812151,5.8900905,2.9463267,79.737473,-153.33626,159.22891,9.9073572,80.304939,-147.48743,167.30214,.35742283,.42969227,-.18187165,-.6115675
10.9,27,-5.7544951,7.4617205,-20.3792,8.8702087,-6.9180617,6.5163412,-19.689856,5.8537321,2.9281397,79.24527,-152.38974,158.24602,9.8462009,79.809235,-146.57701,166.26942,.35742283,.42969227,-.18187165,-.61156273
11,27,-5.7187529,7.4153743,-20.252621,8.815114,-6.875092,6.4758668,-19.567558,5.8173733,2.9099524,78.753059,-151.44322,157.26312,9.7850447,79.313522,-145.6666,165.23669,.35742283,.42969704,-.18187284,-.6115675
11.1,27,-5.6830106,7.3690281,-20.12604,8.7600193,-6.8321223,6.4353924,-19.445259,5.7810144,2.8917651,78.260857,-150.49669,156.28023,9.7238874,78.81781,-144.75618,164.20395,.35742044,.42969227,-.18187165,-.6115675
11.2,27,-5.6472688,7.3226824,-19.999462,8.7049246,-6.7891536,6.3949184,-19.322964,5.7446561,2.8735781,77.768654,-149.55017,155.29733,9.6627312,78.322105,-143.84576,163.17123,.35742044,.42969227,-.18187165,-.61156273
11.3,27,-5.6115265,7.2763362,-19.872883,8.6498299,-6.7461839,6.354444,-19.200666,5.7082977,2.8553908,77.276443,-148.60365,154.31444,9.6015749,77.826393,-142.93535,162.1385,.35742283,.42969227,-.18187284,-.61156273
11.4,27,-5.5757842,7.22999,-19.746305,8.5947361,-6.7032151,6.3139701,-19.078369,5.6719394,2.8372035,76.784241,-147.65714,153.33154,9.5404186,77.330681,-142.02493,161.10577,.35742283,.42969227,-.18187165,-.6115675
11.5,27,-5.5400419,7.1836438,-19.619726,8.5396414,-6.6602454,6.2734957,-18.956072,5.6355805,2.8190165,76.29203,-146.71062,152.34865,9.4792614,76.834976,-141.11452,160.07304,.35742283,.42969704,-.18187165,-.6115675
11.6,27,-5.5042996,7.1372976,-19.493147,8.4845467,-6.6172757,6.2330217,-18.833773,5.5992217,2.8008292,75.79982,-145.76408,151.36575,9.4181051,76.339264,-140.2041,159.04031,.35742044,.42969227,-.18187284,-.61156273
11.7,27,-5.4685578,7.0909519,-19.366568,8.4294529,-6.574307,6.1925478,-18.711477,5.5628633,2.7826419,75.307617,-144.81758,150.38286,9.3569489,75.843552,-139.29369,158.00758,.35742283,.42969227,-.18187284,-.6115675
11.8,27,-5.4328151,7.0446057,-19.239988,8.3743582,-6.5313373,6.1520734,-18.58918,5.5265045,2.7644546,74.815407,-143.87105,149.39996,9.2957916,75.347847,-138.38327,156.97485,.35742283,.42969227,-.18187165,-.61156273
11.9,27,-5.3970733,6.9982595,-19.113411,8.3192635,-6.4883685,6.1115994,-18.466883,5.4901462,2.7462676,74.323204,-142.92453,148.41707,9.2346363,74.852135,-137.47285,155.94212,.35742044,.42969227,-.18187165,-.61156273
12,27,-5.361331,6.9519134,-18.986832,8.2641687,-6.4453988,6.071125,-18.344585,5.4537873,2.7280803,73.830994,-141.97801,147.43417,9.1734791,74.356422,-136.56244,154.90939,.35742283,.42969704,-.18187284,-.6115675
12.1,27,-5.3255887,6.9055672,-18.860252,8.209074,-6.4024291,6.0306506,-18.222288,5.417429,2.709893,73.338791,-141.03149,146.45128,9.1123228,73.86071,-135.65202,153.87666,.35742283,.42969227,-.18187165,-.61156273
12.2,27,-5.2898464,6.8592215,-18.733673,8.1539803,-6.3594604,5.9901767,-18.099991,5.3810706,2.6917059,72.846581,-140.08498,145.46838,9.0511665,73.365005,-134.74161,152.84393,.35742283,.42969227,-.18187165,-.6115675
12.3,27,-5.2541041,6.8128753,-18.607094,8.0988855,-6.3164907,5.9497023,-17.977694,5.3447118,2.6735187,72.354378,-139.13846,144.48549,8.9900093,72.869293,-133.83119,151.8112,.35742044,.42969465,-.18187165,-.6115675
12.4,27,-5.2183623,6.7665296,-18.480516,8.0437918,-6.2735214,5.9092283,-17.855396,5.3083534,2.6553316,71.862175,-138.19194,143.50259,8.928853,72.373589,-132.92078,150.77849,.35742044,.42969227,-.18187165,-.61156273
12.5,27,-5.18262,6.7201829,-18.353937,7.9886971,-6.2305522,5.8687544,-17.733099,5.2719946,2.6371443,71.369965,-137.24541,142.5197,8.8676968,71.877876,-132.01036,149.74574,.35742283,.42969465,-.18187284,-.6115675
12.6,27,-5.1468778,6.6738367,-18.227358,7.9336023,-6.1875825,5.82828,-17.610802,5.2356358,2.618957,70.877754,-136.29889,141.5368,8.8065395,71.382164,-131.09993,148.71301,.35742283,.42969227,-.18187165,-.6115675
12.7,27,-5.1111355,6.627491,-18.100779,7.8785081,-6.1446137,5.787806,-17.488504,5.1992774,2.60077,70.385551,-135.35237,140.55391,8.7453833,70.886459,-130.18953,147.6803,.35742283,.42969227,-.18187165,-.61156273
12.8,27,-5.0753932,6.5811448,-17.974199,7.8234134,-6.101644,5.7473316,-17.366207,5.1629186,2.5825827,69.893341,-134.40585,139.57101,8.684227,70.390747,-129.2791,146.64755,.35742044,.42969465,-.18187165,-.61156273
12.9,27,-5.0396514,6.5347991,-17.847622,7.7683191,-6.0586748,5.7068577,-17.24391,5.1265602,2.5643957,69.401138,-133.45934,138.58813,8.6230707,69.895042,-128.3687,145.61484,.35742283,.42969227,-.18187165,-.6115675
13,27,-5.0039086,6.4884524,-17.721043,7.7132244,-6.0157056,5.6663833,-17.121613,5.0902019,2.5462084,68.908928,-132.51282,137.60522,8.5619135,69.39933,-127.45827,144.58211,.35742521,.42969465,-.18187284,-.6115675
13.1,27,-4.9681664,6.4421062,-17.594463,7.6581297,-5.9727359,5.6259089,-16.999315,5.053843,2.5280211,68.416725,-131.56628,136.62233,8.5007572,68.903618,-126.54785,143.54936,.35742044,.42969227,-.18187165,-.61156273
13.2,27,-4.9324245,6.3957605,-17.467884,7.6030359,-5.9297671,5.5854349,-16.877018,5.0174847,2.5098341,67.924515,-130.61978,135.63943,8.4396009,68.407913,-125.63744,142.51665,.35742044,.42969227,-.18187165,-.6115675
13.3,27,-4.8966823,6.3494143,-17.341305,7.5479412,-5.8867974,5.544961,-16.754721,4.9811258,2.4916468,67.432312,-129.67325,134.65654,8.3784437,67.912201,-124.72702,141.48392,.35742283,.42969465,-.18187284,-.61156273
13.4,27,-4.86094,6.3030686,-17.214727,7.492847,-5.8438282,5.504487,-16.632423,4.9447675,2.4734595,66.940102,-128.72673,133.67366,8.3172884,67.416496,-123.81661,140.45119,.35742283,.42969227,-.18187284,-.61156273
13.5,27,-4.8251977,6.256722,-17.088148,7.4377522,-5.800859,5.4640126,-16.510126,4.9084086,2.4552722,66.447899,-127.78021,132.69075,8.2561312,66.920784,-122.9062,139.41846,.35742283,.42969465,-.18187284,-.6115675
13.6,27,-4.7894554,6.2103758,-16.961569,7.3826575,-5.7578893,5.4235382,-16.387829,4.8720503,2.4370849,65.955688,-126.83369,131.70786,8.1949749,66.425072,-121.99577,138.38573,.35742044,.42969227,-.18187165,-.61156273
13.7,27,-4.7537136,6.1640301,-16.83499,7.3275633,-5.7149205,5.3830643,-16.265532,4.8356915,2.4188979,65.463486,-125.88718,130.72498,8.1338186,65.929367,-121.08537,137.353,.35742044,.42969227,-.18187165,-.6115675
13.8,27,-4.7179713,6.1176839,-16.70841,7.2724686,-5.6719508,5.3425899,-16.143234,4.7993331,2.4007106,64.971275,-124.94065,129.74207,8.0726614,65.433655,-120.17494,136.32027,.35742283,.42969465,-.18187165,-.6115675
13.9,27,-4.682229,6.0713382,-16.581833,7.2173748,-5.6289816,5.3021159,-16.020939,4.7629747,2.3825235,64.479073,-123.99413,128.75919,8.0115051,64.93795,-119.26453,135.28754,.35742283,.42969227,-.18187165,-.61156511
14,27,-4.6464868,6.0249915,-16.455254,7.1622801,-5.5860124,5.2616415,-15.898641,4.7266159,2.3643363,63.986862,-123.04762,127.77628,7.9503484,64.442238,-118.35411,134.25481,.35742283,.42969465,-.18187284,-.6115675
14.1,27,-4.6107445,5.9786453,-16.328674,7.1071854,-5.5430427,5.2211676,-15.776342,4.6902571,2.346149,63.494656,-122.10109,126.79339,7.8891916,63.946526,-117.4437,133.22208,.35742044,.42969227,-.18187165,-.61156273
14.2,27,-4.5750027,5.9322996,-16.202097,7.0520911,-5.5000739,5.1806936,-15.654046,4.6538987,2.3279619,63.002453,-121.15457,125.8105,7.8280358,63.450817,-116.53328,132.18935,.35742283,.42969227,-.18187165,-.61156273
14.3,27,-4.5392599,5.8859534,-16.075516,6.9969964,-5.4571042,5.1402192,-15.531749,4.6175399,2.3097746,62.510242,-120.20805,124.8276,7.7668791,62.955105,-115.62286,131.15662,.35742283,.42969465,-.18187165,-.61156511
14.4,27,-4.5035181,5.8396077,-15.948938,6.9419022,-5.414135,5.0997453,-15.409452,4.5811815,2.2915876,62.01804,-119.26154,123.84471,7.7057228,62.4594,-114.71245,130.1239,.35742044,.42969227,-.18187165,-.61156511
14.5,27,-4.4677758,5.7932611,-15.822359,6.8868074,-5.3711658,5.0592709,-15.287154,4.5448232,2.2734003,61.525829,-118.31501,122.86181,7.6445661,61.963688,-113.80203,129.09116,.35742283,.42969465,-.18187284,-.6115675
14.6,27,-4.4320335,5.7469149,-15.69578,6.8317132,-5.328196,5.0187964,-15.164857,4.5084643,2.255213,61.033623,-117.36848,121.87891,7.5834093,61.467976,-112.89161,128.05843,.35742283,.42969227,-.18187165,-.61156511
14.7,27,-4.3962913,5.7005692,-15.569201,6.776619,-5.2852273,4.9783225,-15.04256,4.472106,2.237026,60.54142,-116.42197,120.89603,7.522253,60.972271,-111.9812,127.0257,.35742283,.42969227,-.18187165,-.61156511
14.8,27,-4.360549,5.654223,-15.442622,6.7215242,-5.2422576,4.9378481,-14.920262,4.4357471,2.2188387,60.04921,-115.47545,119.91312,7.4610963,60.476559,-111.07078,125.99297,.35742044,.42969465,-.18187165,-.61156511
14.9,27,-4.3248072,5.6078773,-15.316044,6.66643,-5.1992884,4.8973742,-14.797966,4.3993888,2.2006516,59.557007,-114.52894,118.93024,7.39994,59.98085,-110.16037,124.96025,.35742044,.42969227,-.18187165,-.61156511
15,27,-4.2890649,5.5615306,-15.189465,6.6113353,-5.1563191,4.8569002,-14.675668,4.36303,2.1824644,59.064796,-113.58241,117.94734,7.3387833,59.485142,-109.24995,123.92751,.35742283,.42969465,-.18187284,-.6115675
15.1,27,-4.2533226,5.5151844,-15.062885,6.5562406,-5.1133494,4.8164258,-14.55337,4.3266711,2.1642771,58.57259,-112.63589,116.96444,7.2776265,58.989429,-108.33953,122.89478,.35742283,.42969227,-.18187284,-.61156511
15.2,27,-4.2175803,5.4688387,-14.936307,6.5011463,-5.0703807,4.7759519,-14.431074,4.2903128,2.1460898,58.080383,-111.68937,115.98155,7.2164702,58.493721,-107.42912,121.86206,.35742283,.42969227,-.18187165,-.61156511
15.3,27,-4.181838,5.4224925,-14.809728,6.4460521,-5.027411,4.7354774,-14.308776,4.2539544,2.1279027,57.588177,-110.74285,114.99866,7.1553135,57.998013,-106.5187,120.82932,.35742044,.42969465,-.18187165,-.61156511
15.4,27,-4.1460962,5.3761468,-14.683149,6.3909578,-4.9844418,4.6950035,-14.18648,4.2175961,2.1097155,57.095974,-109.79633,114.01576,7.0941572,57.502304,-105.60828,119.7966,.35742044,.42969227,-.18187284,-.61156511
15.5,27,-4.1103539,5.3298001,-14.55657,6.3358631,-4.9414725,4.6545291,-14.064182,4.1812372,2.0915282,56.603764,-108.84981,113.03287,7.0330005,57.006592,-104.69787,118.76387,.35742521,.42969465,-.18187284,-.6115675
15.6,27,-4.0746112,5.2834539,-14.429991,6.2807684,-4.8985028,4.6140547,-13.941884,4.1448784,2.0733409,56.111557,-107.90329,112.04997,6.9718437,56.51088,-103.78745,117.73113,.35742283,.42969227,-.18187165,-.61156273
15.7,27,-4.0388694,5.2371082,-14.303413,6.2256742,-4.8555341,4.5735807,-13.819588,4.10852,2.0551538,55.61935,-106.95677,111.06708,6.9106879,56.015175,-102.87704,116.69841,.35742044,.42969227,-.18187165,-.61156273
15.8,27,-4.0031271,5.190762,-14.176833,6.1705794,-4.8125644,4.5331068,-13.69729,4.0721612,2.0369666,55.127144,-106.01025,110.08418,6.8495312,55.519463,-101.96661,115.66568,.35742164,.42969465,-.18187165,-.61156511
15.9,27,-3.9673851,5.1444163,-14.050256,6.1154852,-4.7695951,4.4926329,-13.574993,4.0358028,2.0187795,54.634941,-105.06374,109.1013,6.7883749,55.023758,-101.05621,114.63296,.35742164,.42969227,-.18187165,-.61156511
16,27,-3.9316428,5.0980697,-13.923676,6.0603909,-4.7266259,4.4521585,-13.452696,3.9994442,2.0005922,54.142731,-104.11721,108.11839,6.7272182,54.528046,-100.14579,113.60022,.35742402,.42969465,-.18187284,-.6115675
16.1,27,-3.8959002,5.0517235,-13.797097,6.0052962,-4.6836562,4.411684,-13.330398,3.9630854,1.9824049,53.650524,-103.17068,107.1355,6.6660614,54.032333,-99.235367,112.56749,.35742402,.42969465,-.18187284,-.6115675
16.2,27,-3.860158,5.0053773,-13.670517,5.9502015,-4.640687,4.3712096,-13.2081,3.9267268,1.9642177,53.158314,-102.22416,106.1526,6.6049047,53.536621,-98.324944,111.53476,.35741925,.42968988,-.18187106,-.61156273
16.3,27,-3.8244164,4.9590321,-13.543941,5.8951077,-4.5977182,4.3307362,-13.085805,3.8903687,1.9460307,52.666115,-101.27766,105.16972,6.5437489,53.04092,-97.414543,110.50204,.35742044,.42969227,-.18187106,-.61156273
16.4,27,-3.7886739,4.9126859,-13.417361,5.840013,-4.5547485,4.2902617,-12.963508,3.8540101,1.9278435,52.173904,-100.33113,104.18682,6.4825921,52.545208,-96.504128,109.46931,.35742402,.42969465,-.18187225,-.6115675
16.5,27,-3.7529316,4.8663397,-13.290782,5.7849183,-4.5117793,4.2497873,-12.841209,3.8176513,1.9096563,51.681698,-99.384613,103.20392,6.4214354,52.0495,-95.593704,108.43658,.35742283,.42969465,-.18187225,-.6115675
16.6,27,-3.7171893,4.819993,-13.164203,5.7298236,-4.4688096,4.2093134,-12.718912,3.7812924,1.891469,51.189487,-98.438087,102.22102,6.3602786,51.553787,-94.683289,107.40385,.35742283,.42969465,-.18187284,-.6115675
16.7,27,-3.681447,4.7736468,-13.037623,5.6747289,-4.4258404,4.168839,-12.596614,3.7449338,1.8732817,50.697281,-97.491562,101.23813,6.2991219,51.058075,-93.772865,106.37111,.35742044,.42968988,-.18187106,-.61156273
16.8,27,-3.6457052,4.7273016,-12.911046,5.6196356,-4.3828716,4.1283655,-12.474319,3.7085757,1.8550948,50.205082,-96.545059,100.25525,6.2379661,50.562374,-92.862465,105.33839,.35742044,.42969227,-.18187106,-.61156273
16.9,27,-3.6099629,4.6809554,-12.784467,5.5645409,-4.3399019,4.0878911,-12.352021,3.6722171,1.8369075,49.712872,-95.598534,99.272346,6.1768093,50.066662,-91.952042,104.30566,.35742283,.42969465,-.18187284,-.6115675
17,27,-3.5742207,4.6346092,-12.657887,5.5094461,-4.2969327,4.0474167,-12.229723,3.6358583,1.8187202,49.220665,-94.652008,98.289452,6.1156526,49.57095,-91.041626,103.27293,.35742283,.42969465,-.18187284,-.6115675
17.1,27,-3.5384784,4.5882626,-12.531308,5.4543514,-4.253963,4.0069423,-12.107426,3.5994997,1.8005329,48.728455,-93.705482,97.306549,6.0544958,49.075237,-90.131203,102.2402,.35742402,.42969465,-.18187284,-.6115675
17.2,27,-3.5027359,4.5419164,-12.404729,5.3992567,-4.2109938,3.9664681,-11.985128,3.5631409,1.7823457,48.236248,-92.758965,96.323654,5.9933391,48.579529,-89.220787,101.20747,.35742044,.42968988,-.18187106,-.61156034
17.3,27,-3.4669943,4.4955711,-12.278152,5.3441629,-4.168025,3.9259944,-11.862833,3.526783,1.7641587,47.744049,-91.812454,95.340775,5.9321837,48.083824,-88.310379,100.17475,.35741925,.42969227,-.18187106,-.61156034
17.4,27,-3.431252,4.4492249,-12.151572,5.2890687,-4.1250553,3.8855202,-11.740535,3.4904242,1.7459714,47.251839,-90.865929,94.357872,5.871027,47.588116,-87.399963,99.142014,.35742402,.42969465,-.18187284,-.6115675
17.5,27,-3.3955095,4.4028788,-12.024993,5.233974,-4.0820861,3.8450458,-11.618237,3.4540653,1.7277842,46.759632,-89.919411,93.374977,5.8098702,47.092403,-86.48954,98.109283,.35742402,.42969465,-.18187225,-.6115675
17.6,27,-3.3597672,4.3565321,-11.898414,5.1788793,-4.0391164,3.8045714,-11.495939,3.4177067,1.709597,46.267422,-88.972885,92.392082,5.7487135,46.596691,-85.579124,97.076553,.35742283,.42969584,-.18187225,-.6115675
17.7,27,-3.3240249,4.3101859,-11.771834,5.1237845,-3.9961469,3.7640972,-11.373642,3.3813479,1.6914097,45.775215,-88.02636,91.40918,5.6875567,46.100979,-84.668701,96.043816,.35741925,.42969108,-.18187106,-.61156273
17.8,27,-3.2882833,4.2638407,-11.645257,5.0686908,-3.9531782,3.7236238,-11.251347,3.34499,1.6732228,45.283016,-87.079857,90.4263,5.6264009,45.605278,-83.758301,95.011101,.35742044,.42969108,-.18187106,-.61156273
17.9,27,-3.2525408,4.2174945,-11.518678,5.0135961,-3.9102087,3.6831493,-11.129048,3.3086312,1.6550355,44.790806,-86.133331,89.443405,5.5652442,45.109566,-82.847885,93.978371,.35742402,.42969465,-.18187284,-.6115675
18,27,-3.2167985,4.1711483,-11.392098,4.9585013,-3.8672392,3.6426749,-11.006751,3.2722726,1.6368482,44.298599,-85.186806,88.460503,5.5040874,44.613853,-81.937462,92.945641,.35742283,.42969465,-.18187284,-.6115675
18.1,27,-3.1810563,4.1248016,-11.265519,4.9034066,-3.8242698,3.6022007,-10.884454,3.2359138,1.6186609,43.806389,-84.240288,87.477608,5.4429307,44.118145,-81.027039,91.912903,.35742283,.42969465,-.18187284,-.6115675
18.2,27,-3.145314,4.0784554,-11.13894,4.8483124,-3.7813003,3.5617263,-10.762156,3.1995552,1.6004736,43.314182,-83.293762,86.494705,5.3817739,43.622433,-80.116623,90.880173,.35742044,.42969108,-.18187106,-.61156273
18.3,27,-3.1095722,4.0321102,-11.012363,4.7932186,-3.7383316,3.5212529,-10.63986,3.163197,1.5822867,42.821983,-82.347252,85.511826,5.3206182,43.126732,-79.206223,89.847458,.35742044,.42969108,-.18187106,-.61156273
18.4,27,-3.0738299,3.985764,-10.885783,4.7381239,-3.6953621,3.4807785,-10.517563,3.1268384,1.5640994,42.329773,-81.400734,84.528931,5.2594614,42.63102,-78.295799,88.81472,.35742283,.42969465,-.18187284,-.6115675
18.5,27,-3.0380876,3.9394176,-10.759204,4.6830292,-3.6523926,3.4403043,-10.395265,3.0904796,1.5459121,41.837566,-80.454208,83.546036,5.1983047,42.135307,-77.385384,87.78199,.35742402,.42969465,-.18187284,-.6115675
18.6,27,-3.0023451,3.8930714,-10.632625,4.6279345,-3.6094232,3.3998299,-10.272967,3.0541208,1.5277249,41.345356,-79.507683,82.563133,5.1371479,41.639595,-76.47496,86.74926,.35742402,.42969465,-.18187225,-.6115675
18.7,27,-2.9666028,3.8467252,-10.506045,4.5728397,-3.5664537,3.3593554,-10.150669,3.0177622,1.5095377,40.853149,-78.561157,81.580238,5.0759912,41.143887,-75.564545,85.716522,.35741925,.42969108,-.18187046,-.61156034
18.8,27,-2.9308612,3.8003798,-10.379469,4.5177464,-3.5234849,3.318882,-10.028374,2.9814041,1.4913508,40.360947,-77.614655,80.597359,5.0148358,40.648182,-74.654137,84.683807,.35741925,.42969108,-.18187106,-.61156034
18.9,27,-2.895119,3.7540336,-10.25289,4.4626517,-3.4805155,3.2784076,-9.9060764,2.9450455,1.4731635,39.86874,-76.668129,79.614456,4.9536791,40.152473,-73.743721,83.651077,.35742402,.42969465,-.18187284,-.6115675
19,27,-2.8593764,3.7076871,-10.12631,4.407557,-3.437546,3.2379334,-9.7837791,2.9086866,1.4549762,39.37653,-75.721611,78.631561,4.8925223,39.656761,-72.833298,82.618347,.35742402,.42969465,-.18187284,-.6115675
19.1,27,-2.8236341,3.661341,-9.9997301,4.3524623,-3.3945765,3.197459,-9.6614809,2.872328,1.4367889,38.884323,-74.775085,77.648659,4.8313656,39.161049,-71.922882,81.585609,.35742283,.42969465,-.18187284,-.6115675
19.2,27,-2.7878919,3.6149948,-9.8731508,4.2973676,-3.3516071,3.1569848,-9.5391836,2.8359692,1.4186016,38.392113,-73.82856,76.665764,4.7702088,38.665337,-71.012459,80.552879,.35742044,.42969108,-.18187106,-.61156273
19.3,27,-2.7521501,3.5686493,-9.7465744,4.2422738,-3.3086383,3.1165111,-9.4168882,2.7996113,1.4004147,37.899914,-72.882057,75.682884,4.709053,38.169636,-70.102058,79.520164,.35742044,.42969108,-.18187106,-.61156273
19.4,27,-2.7164078,3.5223031,-9.6199951,4.1871791,-3.2656689,3.0760369,-9.29459,2.7632525,1.3822274,37.407707,-71.935532,74.699982,4.6478963,37.673923,-69.191635,78.487434,.35742283,.42969465,-.18187284,-.6115675
19.5,27,-2.6806655,3.4759567,-9.4934158,4.1320844,-3.2226994,3.0355625,-9.1722927,2.7268937,1.3640401,36.915497,-70.989006,73.717087,4.5867395,37.178211,-68.281219,77.454697,.35742283,.42969465,-.18187284,-.6115675
19.6,27,-2.6449232,3.4296105,-9.3668365,4.0769901,-3.1797299,2.9950881,-9.0499945,2.6905351,1.3458529,36.42329,-70.04248,72.734192,4.5255828,36.682503,-67.370796,76.421967,.35742402,.42969465,-.18187284,-.6115675
19.7,27,-2.6091807,3.3832643,-9.2402573,4.0218954,-3.1367605,2.9546139,-8.9276972,2.6541762,1.3276656,35.93108,-69.095963,71.751289,4.464426,36.18679,-66.460381,75.389229,.35742044,.42969108,-.18187046,-.61156273
19.8,27,-2.5734391,3.3369188,-9.1136799,3.9668016,-3.0937917,2.9141402,-8.8054018,2.6178184,1.3094788,35.438881,-68.149452,70.76841,4.4032702,35.69109,-65.54998,74.356514,.35741925,.42969108,-.18187046,-.61156273
19.9,27,-2.5376968,3.2905726,-8.9871006,3.9117069,-3.0508223,2.873666,-8.6831045,2.5814595,1.2912915,34.946674,-67.202927,69.785515,4.3421135,35.195377,-64.639557,73.323784,.35742402,.42969465,-.18187284,-.6115675
20,27,-2.5019543,3.2442262,-8.8605213,3.8566122,-3.0078528,2.8331916,-8.5608063,2.5451009,1.2731042,34.454464,-66.256409,68.802612,4.2809567,34.699665,-63.729137,72.291054,.35742402,.42969465,-.18187284,-.6115675
20.1,27,-2.466212,3.19788,-8.733942,3.8015175,-2.9648833,2.7927175,-8.438509,2.5087421,1.2549169,33.962257,-65.309883,67.819717,4.2198,34.203953,-62.818718,71.258316,.35742283,.42969465,-.18187284,-.6115675
20.2,27,-2.4304698,3.1515338,-8.6073627,3.746423,-2.9219139,2.752243,-8.3162107,2.4723835,1.2367296,33.470047,-64.363358,66.836815,4.1586432,33.708241,-61.908298,70.225586,.35741925,.42969108,-.18187106,-.61156034
20.3,27,-2.3947282,3.1051884,-8.4807854,3.6913292,-2.8789451,2.7117696,-8.1939154,2.4360254,1.2185427,32.977848,-63.416855,65.853935,4.0974879,33.21254,-60.997894,69.192871,.35742044,.42969108,-.18187106,-.61156034
20.4,27,-2.3589857,3.0588422,-8.3542061,3.6362348,-2.8359756,2.6712952,-8.0716181,2.3996665,1.2003554,32.485641,-62.470329,64.87104,4.0363312,32.716827,-60.087475,68.160141,.35742402,.42969465,-.18187284,-.61156869
20.5,27,-2.3232434,3.0124958,-8.2276268,3.58114,-2.7930062,2.6308208,-7.9493203,2.363308,1.1821681,31.993431,-61.523808,63.888142,3.9751742,32.221119,-59.177055,67.127403,.35742283,.42969465,-.18187284,-.61156869
20.6,27,-2.2875011,2.9661496,-8.1010475,3.5260453,-2.7500367,2.5903466,-7.8270226,2.3269491,1.1639808,31.501223,-60.577282,62.905243,3.9140174,31.725407,-58.266636,66.094673,.35742283,.42969465,-.18187284,-.6115675
20.7,27,-2.2517588,2.9198034,-7.9744682,3.4709506,-2.7070673,2.5498722,-7.7047248,2.2905905,1.1457936,31.009014,-59.63076,61.922344,3.8528607,31.229694,-57.356216,65.061935,.35742044,.42969108,-.18187106,-.61156154
20.8,27,-2.216017,2.8734579,-7.8478913,3.4158571,-2.6640985,2.5093987,-7.5824294,2.2542324,1.1276066,30.516815,-58.684254,60.939465,3.7917051,30.733994,-56.445812,64.029221,.35742044,.42969108,-.18187046,-.61156154
20.9,27,-2.1802747,2.8271117,-7.7213116,3.3607624,-2.621129,2.4689243,-7.4601316,2.2178738,1.1094195,30.024607,-57.737728,59.95657,3.7305484,30.238281,-55.535393,62.99649,.35742283,.42969465,-.18187225,-.6115675
21,27,-2.1445324,2.7807653,-7.5947323,3.3056676,-2.5781596,2.4284501,-7.3378339,2.181515,1.0912322,29.532398,-56.791206,58.973671,3.6693916,29.742571,-54.624973,61.963757,.35742402,.42969465,-.18187284,-.6115675
21.1,27,-2.1087899,2.7344191,-7.468153,3.2505729,-2.5351901,2.3879757,-7.2155361,2.1451564,1.0730449,29.04019,-55.844681,57.990772,3.6082349,29.246859,-53.714554,60.931026,.35742402,.42969465,-.18187284,-.6115675
21.2,27,-2.0730476,2.6880729,-7.3415737,3.1954784,-2.4922206,2.3475013,-7.0932388,2.1087976,1.0548576,28.547981,-54.898159,57.007874,3.5470781,28.751148,-52.804134,59.898293,.35741925,.42969108,-.18187106,-.61156154
21.3,27,-2.0373061,2.6417274,-7.2149968,3.1403847,-2.4492519,2.3070278,-6.9709435,2.0724394,1.0366707,28.055782,-53.951653,56.024994,3.4859226,28.255445,-51.893734,58.865578,.35741925,.42969108,-.18187106,-.61156154
21.4,27,-2.0015638,2.5953813,-7.0884175,3.08529,-2.4062824,2.2665534,-6.8486457,2.0360808,1.0184834,27.563574,-53.005127,55.042095,3.4247658,27.759733,-50.983315,57.832844,.35742342,.42969465,-.18187284,-.6115675
21.5,27,-1.9658214,2.5490348,-6.9618382,3.0301955,-2.363313,2.2260792,-6.7263479,1.9997221,1.0002961,27.071365,-52.058605,54.059196,3.3636091,27.264023,-50.072895,56.80011,.35742402,.42969465,-.18187284,-.6115675
21.6,27,-1.930079,2.5026886,-6.8352585,2.9751008,-2.3203435,2.1856048,-6.6040502,1.9633634,.98210883,26.579157,-51.11208,53.076298,3.3024523,26.768311,-49.162472,55.76738,.35742342,.42969465,-.18187255,-.6115675
21.7,27,-1.8943367,2.4563425,-6.7086792,2.920006,-2.277374,2.1451306,-6.4817524,1.9270047,.96392161,26.086948,-50.165558,52.093399,3.2412956,26.2726,-48.252052,54.734646,.35741985,.42969108,-.18187076,-.61156273
21.8,27,-1.858595,2.409997,-6.5821023,2.8649125,-2.2344053,2.1046569,-6.359457,1.8906466,.94573468,25.594749,-49.219051,51.110519,3.1801398,25.776897,-47.341652,53.701931,.35742044,.42969108,-.18187106,-.61156273
21.9,27,-1.8228526,2.3636508,-6.455523,2.8098178,-2.1914358,2.0641828,-6.2371593,1.8542879,.9275474,25.102541,-48.27253,50.127625,3.118983,25.281187,-46.431232,52.669197,.35742342,.42969465,-.18187284,-.6115675
22,27,-1.7871103,2.3173046,-6.3289437,2.7547231,-2.1484663,2.0237083,-6.1148615,1.8179291,.90936011,24.610332,-47.326004,49.144726,3.0578263,24.785475,-45.520813,51.636463,.35742342,.42969465,-.18187284,-.6115675
22.1,27,-1.7513679,2.2709582,-6.2023644,2.6996284,-2.1054969,1.983234,-5.9925642,1.7815704,.89117283,24.118124,-46.379482,48.161827,2.9966695,24.289764,-44.610394,50.603733,.35742342,.42969584,-.18187284,-.6115675
22.2,27,-1.7156256,2.224612,-6.0757852,2.6445336,-2.0625272,1.9427596,-5.8702664,1.7452117,.87298554,23.625916,-45.432957,47.178928,2.9355128,23.794052,-43.699974,49.570999,.35741985,.42969108,-.18187106,-.61156154
22.3,27,-1.679884,2.1782665,-5.9492078,2.5894401,-2.0195587,1.9022862,-5.7479711,1.7088537,.85479861,23.133717,-44.48645,46.196049,2.8743572,23.298351,-42.78957,48.538284,.35741985,.42969048,-.18187076,-.61156154
22.4,27,-1.6441417,2.1319203,-5.8226285,2.5343454,-1.9765891,1.8618119,-5.6256733,1.672495,.83661139,22.641508,-43.539928,45.21315,2.8132005,22.802639,-41.87915,47.50555,.35742342,.42969525,-.18187255,-.6115675
22.5,27,-1.6083993,2.0855742,-5.6960492,2.4792507,-1.9336196,1.8213375,-5.5033755,1.6361363,.81842411,22.1493,-42.593403,44.230251,2.7520437,22.306927,-40.968731,46.47282,.35742342,.42969465,-.18187284,-.6115675
22.6,27,-1.572657,2.0392277,-5.5694699,2.4241562,-1.8906502,1.7808632,-5.3810778,1.5997776,.80023682,21.657091,-41.646881,43.247353,2.690887,21.811216,-40.058311,45.440086,.35742342,.42969465,-.18187284,-.6115675
22.7,27,-1.5369146,1.9928815,-5.4428906,2.3690615,-1.8476807,1.7403889,-5.25878,1.5634189,.78204954,21.164883,-40.700356,42.264458,2.6297302,21.315504,-39.147892,44.407352,.35742044,.42969108,-.18187106,-.61156154
22.8,27,-1.5011729,1.9465362,-5.3163137,2.3139677,-1.8047119,1.6999153,-5.1364846,1.5270607,.76386261,20.672684,-39.753853,41.281578,2.5685747,20.819803,-38.237488,43.374638,.35741985,.42969108,-.18187076,-.61156154
22.9,27,-1.4654306,1.9001899,-5.1897345,2.2588732,-1.7617425,1.659441,-5.0141869,1.490702,.74567538,20.180473,-38.807327,40.298679,2.5074179,20.324091,-37.327068,42.341904,.35742342,.42969465,-.18187255,-.6115675
23,27,-1.4296882,1.8538436,-5.0631552,2.2037785,-1.718773,1.6189667,-4.8918896,1.4543433,.7274881,19.688265,-37.860806,39.315781,2.4462612,19.828381,-36.416649,41.309174,.35742342,.42969465,-.18187284,-.6115675
23.1,27,-1.3939459,1.8074974,-4.9365754,2.1486838,-1.6758035,1.5784924,-4.7695918,1.4179846,.70930082,19.196056,-36.91428,38.332882,2.3851044,19.332668,-35.506229,40.27644,.35742342,.42969465,-.18187284,-.6115675
23.2,27,-1.3582035,1.7611511,-4.8099961,2.0935891,-1.6328341,1.538018,-4.647294,1.3816259,.69111353,18.703848,-35.967754,37.349983,2.3239477,18.836958,-34.59581,39.243706,.35742044,.42969108,-.18187106,-.61156273
23.3,27,-1.3224618,1.7148057,-4.6834192,2.0384955,-1.5898653,1.4975445,-4.5249987,1.3452679,.6729266,18.211649,-35.021252,36.367104,2.2627919,18.341255,-33.68541,38.210991,.35741985,.42969108,-.18187076,-.61156273
23.4,27,-1.2867196,1.6684594,-4.5568399,1.9834008,-1.5468959,1.4570701,-4.4027009,1.3089092,.65473938,17.71944,-34.074726,35.384205,2.2016351,17.845545,-32.77499,37.178257,.35742342,.42969465,-.18187255,-.6115675
23.5,27,-1.2509772,1.6221131,-4.4302607,1.9283061,-1.5039264,1.4165958,-4.2804031,1.2725505,.6365521,17.227232,-33.128204,34.401306,2.1404784,17.349833,-31.864569,36.145527,.35742342,.42969465,-.18187284,-.6115675
23.6,27,-1.2152349,1.5757669,-4.3036814,1.8732115,-1.4609569,1.3761215,-4.1581054,1.2361917,.61836481,16.735023,-32.181679,33.418407,2.0793216,16.85412,-30.954149,35.112793,.35742342,.42969465,-.18187284,-.6115675
23.7,27,-1.1794925,1.5294206,-4.1771021,1.8181168,-1.4179875,1.3356472,-4.0358076,1.199833,.60017753,16.242815,-31.235155,32.435513,2.0181649,16.35841,-30.04373,34.080059,.35741985,.42969108,-.18187106,-.61156154
23.8,27,-1.1437509,1.4830753,-4.0505247,1.7630231,-1.3750187,1.2951736,-3.9135125,1.1634749,.5819906,15.750616,-30.288651,31.452631,1.9570093,15.862708,-29.133327,33.047344,.35741985,.42969108,-.18187106,-.61156154
23.9,27,-1.1080085,1.436729,-3.9239457,1.7079285,-1.3320493,1.2546993,-3.7912147,1.1271162,.56380332,15.258408,-29.342127,30.469732,1.8958526,15.366997,-28.222906,32.01461,.35742342,.42969465,-.18187255,-.6115675
24,27,-1.0722662,1.3903826,-3.7973661,1.6528338,-1.2890798,1.2142251,-3.6689169,1.0907575,.54561609,14.766199,-28.395603,29.486835,1.8346958,14.871285,-27.312487,30.981878,.35742342,.42969465,-.18187255,-.6115675
24.1,27,-1.0365238,1.3440365,-3.6707869,1.5977392,-1.2461103,1.1737506,-3.5466194,1.0543988,.52742881,14.273991,-27.44908,28.503937,1.7735391,14.375574,-26.402067,29.949146,.35742342,.42969525,-.18187284,-.6115675
24.2,27,-1.0007815,1.2976902,-3.5442076,1.5426445,-1.2031407,1.1332763,-3.4243217,1.0180401,.50924152,13.781782,-26.502556,27.521038,1.7123823,13.879862,-25.491648,28.916412,.35741985,.42969108,-.18187106,-.61156154
24.3,27,-.96503985,1.2513448,-3.4176304,1.4875509,-1.1601721,1.0928028,-3.3020263,.98168206,.49105459,13.289583,-25.556049,26.538158,1.6512268,13.38416,-24.581245,27.883699,.35742015,.42969048,-.18187091,-.61156213
24.4,27,-.92929751,1.2049985,-3.2910511,1.4324563,-1.1172026,1.0523285,-3.1797285,.94532329,.47286734,12.797375,-24.609526,25.55526,1.5900699,12.888449,-23.670826,26.850965,.35742342,.42969465,-.1818727,-.61156809
24.5,27,-.89355516,1.1586523,-3.1644719,1.3773615,-1.0742332,1.0118542,-3.0574307,.90896457,.45468006,12.305166,-23.663002,24.572363,1.5289131,12.392737,-22.760406,25.818232,.35742342,.42969525,-.18187284,-.6115675
24.6,27,-.85781282,1.112306,-3.0378926,1.3222668,-1.0312636,.97137982,-2.9351332,.87260586,.43649277,11.812958,-22.716478,23.589464,1.4677564,11.897026,-21.849987,24.7855,.35742342,.42969525,-.1818727,-.6115675
24.7,27,-.82207048,1.0659597,-2.9113131,1.2671722,-.98829412,.93090552,-2.8128355,.83624715,.41830552,11.320749,-21.769955,22.606565,1.4065996,11.401315,-20.939568,23.752766,.35742015,.42969048,-.18187091,-.61156154
24.8,27,-.78632879,1.0196143,-2.7847362,1.2120786,-.94532549,.890432,-2.6905401,.79988909,.40011859,10.82855,-20.82345,21.623686,1.3454441,10.905613,-20.029163,22.720053,.35742015,.42969078,-.18187106,-.61156154
24.9,27,-.75058645,.97326809,-2.6581569,1.1569839,-.90235597,.84995764,-2.5682423,.76353037,.3819313,10.336342,-19.876926,20.640789,1.2842873,10.409902,-19.118744,21.687319,.35742342,.42969495,-.1818727,-.6115675
25,27,-.71484411,.92692178,-2.5315776,1.1018893,-.8593865,.80948335,-2.4459448,.72717166,.36374405,9.8441324,-18.930403,19.65789,1.2231306,9.9141903,-18.208324,20.654587,.35742342,.42969465,-.1818727,-.6115675
25.1,27,-.67910177,.88057554,-2.4049981,1.0467945,-.81641704,.76900899,-2.323647,.69081295,.34555677,9.3519239,-17.983877,18.674992,1.1619738,9.418479,-17.297905,19.621853,.35742342,.42969495,-.1818727,-.6115675
25.2,27,-.64335942,.83422929,-2.2784188,.99169987,-.77344751,.7285347,-2.2013493,.65445423,.32736951,8.8597155,-17.037354,17.692093,1.1008171,8.9227676,-16.387486,18.589119,.35741985,.42969078,-.18187091,-.61156213
25.3,27,-.6076178,.78788388,-2.1518419,.93660629,-.73047888,.68806112,-2.0790539,.61809617,.30918258,8.3675165,-16.090849,16.709213,1.0396614,8.4270649,-15.477083,17.556406,.35741985,.42969078,-.18187106,-.61156213
25.4,27,-.57187545,.74153763,-2.0252624,.88151157,-.68750936,.64758682,-1.9567562,.58173746,.2909953,7.875308,-15.144325,15.726315,.97850466,7.931354,-14.566664,16.523672,.35742342,.42969495,-.1818727,-.6115675
25.5,27,-.53613311,.69519132,-1.8986831,.82641691,-.64453989,.60711253,-1.8344585,.54537874,.27280805,7.3830996,-14.197802,14.743418,.91734791,7.4356427,-13.656243,15.490939,.35742342,.42969495,-.1818727,-.6115675
25.6,27,-.50039077,.64884508,-1.7721038,.77132225,-.60157037,.56663817,-1.7121608,.50902003,.25462076,6.8908911,-13.251278,13.760519,.85619116,6.9399309,-12.745824,14.458206,.35742357,.42969495,-.18187277,-.6115675
25.7,27,-.4646484,.60249883,-1.6455244,.71622759,-.5586009,.52616388,-1.5898631,.47266132,.23643349,6.3986826,-12.304754,12.777621,.79503441,6.4442196,-11.835404,13.425473,.35742015,.42969078,-.18187098,-.61156183
25.8,27,-.42890674,.55615342,-1.5189475,.66113394,-.51563221,.4856903,-1.4675678,.43630329,.21824656,5.9064837,-11.358249,11.794742,.73387879,5.9485178,-10.925002,12.392759,.35742,.42969078,-.18187098,-.61156183
25.9,27,-.3931644,.50980717,-1.3923681,.60603929,-.47266275,.445216,-1.34527,.39994454,.20005929,5.4142752,-10.411725,10.811843,.67272204,5.4528065,-10.014582,11.360026,.35742342,.4296948,-.1818727,-.6115675
26,27,-.35742205,.46346089,-1.2657888,.55094463,-.42969325,.40474167,-1.2229724,.36358583,.18187203,4.9220662,-9.4652014,9.8289452,.61156529,4.9570951,-9.1041622,10.327293,.35742342,.42969495,-.1818727,-.6115675
26.1,27,-.32167971,.41711465,-1.1392094,.49584994,-.38672376,.36426735,-1.1006746,.32722712,.16368476,4.4298577,-8.5186768,8.8460464,.55040854,4.4613838,-8.1937428,9.2945595,.35742342,.42969495,-.1818727,-.61156768
26.2,27,-.28593737,.37076837,-1.01263,.44075528,-.34375426,.32379302,-.97837692,.2908684,.14549749,3.9376495,-7.5721536,7.8631487,.48925176,3.9656723,-7.2833228,8.2618265,.35742,.42969078,-.18187098,-.61156201
26.3,27,-.25019571,.32442299,-.88605309,.38566166,-.3007856,.28331947,-.85608155,.25451037,.12731056,3.4454503,-6.625648,6.8802691,.42809615,3.4699702,-6.3729205,7.2291131,.35742,.42969078,-.18187103,-.61156183
26.4,27,-.21445337,.27807671,-.75947374,.33056697,-.25781611,.24284515,-.7337839,.21815164,.10912328,2.9532418,-5.6791244,5.8973708,.3669394,2.9742589,-5.462501,6.1963797,.35742342,.42969489,-.18187274,-.6115675
26.5,27,-.17871103,.23173045,-.6328944,.27547231,-.21484663,.20237084,-.6114862,.18179291,.090936013,2.4610331,-4.7326007,4.9144726,.30578265,2.4785476,-4.5520811,5.1636467,.35742342,.42969486,-.1818727,-.61156756
26.6,27,-.14296868,.18538418,-.50631499,.22037764,-.17187713,.16189651,-.48918846,.1454342,.072748743,1.9688247,-3.7860768,3.9315743,.24462588,1.9828361,-3.6416614,4.1309133,.35742339,.42969489,-.18187271,-.61156768
26.7,27,-.10722635,.13903792,-.37973565,.16528296,-.12890765,.12142219,-.36689076,.10907547,.05456147,1.4766161,-2.8395531,2.9486761,.18346912,1.4871247,-2.7312417,3.0981801,.35742,.42969078,-.181871,-.61156178
26.8,27,-.071484685,.092692532,-.25315872,.11018934,-.085938975,.080948643,-.24459541,.072717443,.036374543,.98441702,-1.8930475,1.9657965,.12231352,.99142277,-1.8208394,2.0654664,.35742003,.42969081,-.181871,-.61156178
26.9,27,-.035742342,.046346266,-.12657936,.055094671,-.042969488,.040474322,-.1222977,.036358722,.018187271,.49220851,-.94652373,.98289824,.061156761,.49571139,-.9104197,1.0327332,.35742342,.42969489,-.18187271,-.61156762
27,27,0,0,0,0,0,0,0,0,0,0,0,0,0,0,0,0,.35676369,.42915815,-.18247391,-.61163205
27.1,27,.035610396,.046360146,-.055253822,.12647462,.042862143,.040445346,-.036409277,.12213356,-.018307513,.49224469,-.98308939,.94647431,-.061169654,.49574271,-1.0328075,.91046816,.35214561,.42540103,-.18668236,-.61208338
27.2,27,.070429124,.092807345,-.11146993,.25232819,.085080206,.080717497,-.073123187,.24328358,-.037336472,.9847073,-1.9673274,1.8926544,-.12241668,.9916743,-2.0660627,1.8212292,.34026715,.41573572,-.19750234,-.6132381
27.3,27,.10366382,.13944657,-.16964644,.37697408,.12600929,.12064581,-.11045217,.36247072,-.057807982,1.4776013,-2.9538534,2.8382373,-.18381727,1.4879797,-3.1002038,2.7325692,.32047537,.39963365,-.21553858,-.61517227
27.4,27,.1345242,.1864228,-.23085776,.49990615,.16500694,.16006871,-.14872198,.47873583,-.080444187,1.9711779,-3.943882,3.7829936,-.24545112,1.9848826,-4.1357493,3.6448474,.2927703,.37709489,-.24079096,-.61788589
27.5,27,.16221789,.23393354,-.29628345,.62071919,.20142826,.19883266,-.1882766,.59113312,-.10596617,2.4656751,-4.9386005,4.7266684,-.30739444,2.4825947,-5.1731906,4.5584021,.25714502,.34811115,-.27325606,-.62136722
27.6,27,.1859532,.28224924,-.36724517,.73915154,.23462917,.23679921,-.22948875,.6987471,-.1350954,2.9613593,-5.9392529,5.6690621,-.36972457,2.9813585,-6.2130799,5.4736309,.21360308,.31268671,-.31293574,-.62562245
27.7,27,.2049385,.33172718,-.44523481,.85511184,.26396561,.2738485,-.27276763,.80069882,-.16855332,3.4585209,-6.9471297,6.610023,-.43251893,3.4814429,-7.2560215,6.3909836,.1621411,.27081737,-.35982811,-.63064545
27.8,27,.21838142,.3828226,-.53193706,.96869993,.28879264,.30988351,-.31856784,.89615309,-.20706102,3.9574699,-7.9635596,7.5494375,-.49585366,3.9831388,-8.3026619,7.310955,.10276578,.22251114,-.41393667,-.63644785
27.9,27,.22549166,.43610042,-.62924951,1.0802329,.30846784,.34483832,-.36740285,.98433852,-.25134066,4.4585781,-8.9899931,8.4873114,-.55980849,4.4868026,-9.3537798,8.2341633,.035477057,.1677683,-.47526151,-.64302981
28,27,.22547683,.49223322,-.73928249,1.1902362,.3223463,.37868002,-.41985291,1.0645455,-.30211332,4.9622254,-10.027897,9.4236698,-.62445962,4.9928036,-10.410174,9.1612558,-.039021298,.10715857,-.54315162,-.65031022
28.1,27,.2176874,.5519498,-.86411428,1.299489,.32989955,.41144174,-.47651145,1.1363106,-.35997099,5.4687953,-11.078613,10.358671,-.68987054,5.5015216,-11.472655,10.092914,-.11717349,.043576062,-.6143716,-.65794766
28.2,27,.20204213,.61582291,-1.0049486,1.4090328,.33106151,.4432852,-.53776151,1.1998845,-.42498764,5.9785032,-12.142638,11.292664,-.75604916,6.0131903,-12.541685,11.029587,-.19543037,-.020092875,-.685682,-.66558897
28.3,27,.17860132,.68432897,-1.1626589,1.5198615,.32588097,.47440973,-.60394502,1.2557069,-.49710739,6.4915104,-13.220234,12.226019,-.82298833,6.5279918,-13.617617,11.971641,-.2730749,-.083262324,-.75643915,-.67317694
28.4,27,.14742716,.75788254,-1.3379953,1.6328496,.31440905,.50502694,-.67542559,1.3042437,-.57627547,7.0080042,-14.311711,13.159161,-.89068455,7.0461364,-14.700858,12.919489,-.35010752,-.14593259,-.82664341,-.68071127
28.5,27,.10857982,.83682883,-1.5315746,1.7487342,.29669446,.5353542,-.75258046,1.3459694,-.66243607,7.5281405,-15.41732,14.092448,-.95913059,7.5678015,-15.791749,13.873487,-.42653444,-.20811126,-.89629114,-.68818003
28.6,27,.062120266,.92145026,-1.743889,1.8681296,.2727868,.5656153,-.8357988,1.3813725,-.7555337,8.0520802,-16.537321,15.026254,-1.0283206,8.0931692,-16.89064,14.833999,-.5023523,-.26979461,-.96538395,-.69558889
28.7,27,.0081093656,1.0119709,-1.9753171,1.9915359,.24273553,.59603786,-.92547715,1.4109483,-.85551286,8.5799789,-17.671963,15.960937,-1.0982484,8.6224155,-17.997871,15.801375,-.5775637,-.33098593,-1.0339192,-.70293307
28.8,27,-.053392477,1.1085629,-2.226136,2.1193509,.20658961,.62684995,-1.0220137,1.4351929,-.96231753,9.1119766,-18.821463,16.896828,-1.1689072,9.1557026,-19.113754,16.77594,-.65216368,-.3916783,-1.1019015,-.71022332
28.9,27,-.12232337,1.2113574,-2.4965401,2.2518933,.16439988,.65828067,-1.1258065,1.4546063,-1.0758932,9.6482372,-19.98609,17.834303,-1.240293,9.6932125,-20.23864,17.758055,-.72615153,-.45187145,-1.1693314,-.71745992
29,27,-.19862278,1.3204455,-2.7866485,2.3894031,.11621532,.69055319,-1.237244,1.4696747,-1.1961838,10.188889,-21.166039,18.77367,-1.3123991,10.235094,-21.372816,18.748016,-.79953247,-.51157218,-1.2362033,-.72463155
29.1,27,-.28222987,1.4358902,-3.096523,2.5320632,.062085446,.72388512,-1.3567034,1.4808743,-1.3231338,10.734064,-22.361513,19.715246,-1.3852193,10.781499,-22.516569,19.74613,-.87230688,-.57077938,-1.3025224,-.73174298
29.2,27,-.37308416,1.5577291,-3.4261773,2.6800089,.0020594392,.7584855,-1.4845448,1.4886637,-1.4566883,11.28389,-23.572706,20.65933,-1.4587477,11.332571,-23.670179,20.752684,-.94447392,-.62949371,-1.368283,-.73878944
29.3,27,-.47112465,1.6859792,-3.7755833,2.833334,-.063813299,.79455161,-1.6211058,1.4934793,-1.5967904,11.838477,-24.79978,21.606199,-1.5329772,11.88844,-24.833891,21.767937,-1.016029,-.68770897,-1.4334911,-.74578226
29.4,27,-.57628995,1.8206444,-4.1446872,2.9921074,-.13548236,.83227003,-1.7667016,1.4957368,-1.7433865,12.397959,-26.042938,22.556166,-1.6079042,12.449255,-26.007996,22.792187,-1.0869712,-.74542439,-1.4981455,-.75272083
29.5,27,-.68851888,1.9617126,-4.5334048,3.1563671,-.21289818,.87181091,-1.9216162,1.4958198,-1.8964195,12.962433,-27.302322,23.509483,-1.6835214,13.015131,-27.192711,23.825666,-1.1573055,-.80264634,-1.5622413,-.75959444
29.6,27,-.80775106,2.1091638,-4.9416361,3.3261337,-.29601163,.91332984,-2.0861053,1.494082,-2.0558348,13.532003,-28.578075,24.466406,-1.7598231,13.586187,-28.388262,24.868616,-1.2270359,-.85937685,-1.6257858,-.76640904
29.7,27,-.93392605,2.2629695,-5.3692646,3.5014124,-.38477355,.95696616,-2.2603927,1.4908456,-2.2215767,14.106768,-29.870333,25.427179,-1.8368032,14.162537,-29.594864,25.921259,-1.2961584,-.91561455,-1.6887712,-.77315748
29.8,27,-1.0669827,2.4230938,-5.8161592,3.6821938,-.47913453,1.0028422,-2.4446692,1.4864001,-2.393589,14.686806,-31.179199,26.392021,-1.9144546,14.744273,-30.812698,26.983789,-1.364669,-.97135276,-1.7512059,-.77985287
29.9,27,-1.2068598,2.589499,-6.2821846,3.8684649,-.5790441,1.051066,-2.6390955,1.4810075,-2.5718179,15.272223,-32.504826,27.361189,-1.9927738,15.331516,-32.041992,28.056446,-1.432566,-1.0265906,-1.8130851,-.78649461
30,27,-1.353496,2.76214,-6.7671909,4.0601988,-.68445265,1.101728,-2.8437996,1.4748944,-2.756206,15.86309,-33.84729,28.334877,-2.0717535,15.924349,-33.282906,29.139397,-1.4998555,-1.0813355,-1.8744051,-.7930696
30.1,27,-1.5068309,2.9409707,-7.2710276,4.2573657,-.79531121,1.1549041,-3.0588818,1.4682593,-2.9466989,16.45948,-35.206688,29.31329,-2.1513877,16.52286,-34.535599,30.232821,-1.5665424,-1.1355898,-1.9351768,-.79958677
30.2,27,-1.6668044,3.1259425,-7.793539,4.4599299,-.91157061,1.210657,-3.2844148,1.4612736,-3.1432414,17.061464,-36.583099,30.296616,-2.2316709,17.127129,-35.800228,31.336885,-1.6326189,-1.1893493,-1.9953883,-.80603838
30.3,27,-1.8333547,3.3170028,-8.3345604,4.6678514,-1.0331811,1.2690351,-3.5204442,1.454082,-3.3457766,17.669098,-37.976574,31.285021,-2.3125954,17.737223,-37.076916,32.451725,-1.6980845,-1.2426106,-2.0550466,-.81243634
30.4,27,-2.0064213,3.5141017,-8.8939342,4.8810916,-1.1600927,1.3300774,-3.7669964,1.446811,-3.5542507,18.282459,-39.387215,32.278713,-2.3941581,18.353231,-38.365833,33.577515,-1.7629373,-1.2953711,-2.1141505,-.81878066
30.5,27,-2.1859422,3.7171838,-9.471489,5.0996041,-1.2922553,1.3938102,-4.0240731,1.4395624,-3.7686067,18.901592,-40.815048,33.277832,-2.4763515,18.97521,-39.66708,34.714375,-1.8271792,-1.3476372,-2.1726954,-.82505822
30.6,27,-2.3718572,3.9261954,-10.067059,5.3233442,-1.4296201,1.4602518,-4.2916613,1.4324208,-3.9887898,19.526546,-42.26012,34.282539,-2.5591698,19.603216,-40.980766,35.862427,-1.8908226,-1.3994157,-2.2306943,-.83127737
30.7,27,-2.5641067,4.1410823,-10.680479,5.5522652,-1.5721384,1.5294124,-4.5697317,1.4254549,-4.2147455,20.15737,-43.722462,35.292973,-2.642607,20.237305,-42.306995,37.021782,-1.9538569,-1.450699,-2.2881305,-.83743095
30.8,27,-2.7626286,4.3617868,-11.311573,5.7863164,-1.7197599,1.6012943,-4.8582392,1.4187193,-4.4464159,20.79409,-45.202084,36.30925,-2.726656,20.877518,-43.64584,38.192528,-2.0162749,-1.5014809,-2.3450112,-.84353089
30.9,27,-2.9673617,4.5882545,-11.960176,6.0254521,-1.8724346,1.6758955,-5.1571293,1.4122602,-4.6837478,21.436764,-46.699032,37.331535,-2.8113132,21.523914,-44.99741,39.374783,-2.0780826,-1.5517652,-2.4013424,-.84957719
31,27,-3.1782451,4.8204284,-12.626111,6.2696214,-2.030113,1.7532071,-5.4663358,1.4061099,-4.9266844,22.085413,-48.213299,38.359928,-2.8965714,22.176527,-46.361767,40.568623,-2.1392822,-1.6015553,-2.4571133,-.85555792
31.1,27,-3.3952181,5.0582523,-13.309211,6.5187745,-2.1927457,1.833217,-5.7857847,1.4002936,-5.1751704,22.740065,-49.744881,39.394539,-2.9824247,22.83539,-47.738964,41.774117,-2.1998703,-1.6508484,-2.5123262,-.86147904
31.2,27,-3.6182191,5.3016682,-14.009298,6.7728601,-2.3602827,1.9159088,-6.1153951,1.3948298,-5.4291496,23.400745,-51.29377,40.435467,-3.0688672,23.500532,-49.129063,42.991329,-2.2598743,-1.699667,-2.5670028,-.86733699
31.3,27,-3.847193,5.5506234,-14.726215,7.0318294,-2.5326791,2.0012648,-6.4550858,1.389728,-5.688571,24.067467,-52.85994,41.4828,-3.1558921,24.171974,-50.532093,44.220306,-2.3192489,-1.7479718,-2.6211143,-.8731401
31.4,27,-4.0820689,5.8050547,-15.459767,7.2956295,-2.709877,2.0892618,-6.8047547,1.3850005,-5.9533725,24.740259,-54.44339,42.536644,-3.2434952,24.849751,-51.948112,45.461121,-2.3779976,-1.7957664,-2.6746535,-.87888718
31.5,27,-4.3227925,6.064909,-16.209797,7.5642114,-2.8918324,2.179877,-7.1643128,1.3806481,-6.2235017,25.419127,-56.044075,43.597073,-3.3316696,25.533875,-53.377144,46.713806,-2.436161,-1.8430865,-2.7276564,-.88456988
31.6,27,-4.5693011,6.3301287,-16.976126,7.837523,-3.0784943,2.2730856,-7.5336604,1.3766714,-6.4989038,26.104082,-57.661964,44.664158,-3.4204092,26.224358,-54.819206,47.978386,-2.4936962,-1.8898988,-2.7800918,-.89019299
31.7,27,-4.8215318,6.6006541,-17.758575,8.1155119,-3.2698121,2.3688602,-7.912693,1.3730688,-6.77952,26.795126,-59.297001,45.737961,-3.5097082,26.921207,-56.274307,49.25489,-2.5506639,-1.936245,-2.8319979,-.8957541
31.8,27,-5.0794339,6.8764358,-18.557001,8.3981333,-3.4657433,2.4671762,-8.3013201,1.369833,-7.0653033,27.492258,-60.949142,46.818535,-3.59956,27.62443,-57.742447,50.543327,-2.6069975,-1.982075,-2.8833365,-.90125918
31.9,27,-5.3429313,7.1574063,-19.371191,8.6853275,-3.6662271,2.5680013,-8.6994171,1.3669629,-7.3561873,28.19549,-62.618332,47.905956,-3.68996,28.334034,-59.223648,51.843727,-2.6626921,-2.0273888,-2.9340982,-.90670943
32,27,-5.6119723,7.4435153,-20.200994,8.9770498,-3.8712211,2.6713092,-9.1068907,1.364449,-7.652123,28.90481,-64.304504,49.000263,-3.7809019,29.050016,-60.717888,53.156086,-2.7178144,-2.0722353,-2.9843235,-.91208935
32.1,27,-5.8864942,7.7347031,-21.046234,9.2732449,-4.0806742,2.7770698,-9.5236311,1.3622828,-7.953052,29.620201,-66.007584,50.101475,-3.8723779,29.772364,-62.225136,54.480381,-2.7723122,-2.1165705,-3.0339932,-.91742039
32.2,27,-6.1664348,8.0309143,-21.906736,9.5738668,-4.2945352,2.8852539,-9.9495287,1.3604584,-8.2589216,30.341682,-67.727524,51.209686,-3.964386,30.501091,-63.745426,55.816654,-2.8262162,-2.1604252,-3.0831122,-.92268944
32.3,27,-6.4517374,8.3320913,-22.782337,9.8788614,-4.5127592,2.9958315,-10.38448,1.3589628,-8.5696745,31.069208,-69.464203,52.324852,-4.0569158,31.236158,-65.278664,57.164833,-2.8795028,-2.2037768,-3.131671,-.9278965
32.4,27,-6.7423353,8.6381769,-23.67285,10.18818,-4.7352905,3.1087723,-10.828372,1.3577909,-8.8852558,31.802792,-71.217583,53.447071,-4.1499653,31.977583,-66.824875,58.524948,-2.9321671,-2.246623,-3.1796694,-.93304157
32.5,27,-7.0381708,8.9491119,-24.57811,10.501767,-4.9620838,3.2240458,-11.281097,1.3569297,-9.2056084,32.542385,-72.987511,54.576294,-4.2435241,32.725315,-68.383965,59.896915,-2.9842424,-2.2889948,-3.2271147,-.93811989
32.6,27,-7.3391838,9.2648439,-25.497944,10.819576,-5.1930895,3.3416228,-11.74255,1.356371,-9.5306787,33.287983,-74.773926,55.712566,-4.3375893,33.479351,-69.95591,61.280735,-3.0357027,-2.3308587,-3.2740164,-.94316244
32.7,27,-7.6453114,9.5853138,-26.432182,11.14156,-5.4282556,3.4614735,-12.212619,1.3561077,-9.8604116,34.039581,-76.576767,56.855938,-4.4321566,34.239689,-71.540718,62.676403,-3.086555,-2.3722291,-3.3203602,-.94813108
32.8,27,-7.9564948,9.9104652,-27.38065,11.46766,-5.6675353,3.5835669,-12.691197,1.3561267,-10.194751,34.797119,-78.395851,58.006348,-4.5272155,35.006268,-73.138245,64.083809,-3.1367922,-2.4131012,-3.3661413,-.95304012
32.9,27,-8.2726698,10.24024,-28.343172,11.797832,-5.9108758,3.7078733,-13.178174,1.3564224,-10.53364,35.560604,-80.23114,59.16386,-4.6227646,35.779095,-74.748505,65.502975,-3.186419,-2.4534774,-3.4113646,-.95788956
33,27,-8.5937786,10.574582,-29.319578,12.132021,-6.1582308,3.834363,-13.673444,1.3569826,-10.877024,36.329971,-82.082458,60.328407,-4.7187934,36.558109,-76.371368,66.933784,-3.2354498,-2.4933696,-3.4560394,-.96266747
33.1,27,-8.9197598,10.913435,-30.3097,12.47018,-6.4095497,3.9630065,-14.1769,1.3578002,-11.224848,37.105206,-83.949715,61.500019,-4.8152981,37.343288,-78.006798,68.376205,-3.2838535,-2.5327468,-3.5001612,-.96740961
33.2,27,-9.2505493,11.256742,-31.313358,12.812259,-6.6647801,4.0937738,-14.688429,1.3588687,-11.577056,37.886292,-85.832817,62.678707,-4.9122753,38.134624,-79.654762,69.830215,-3.331666,-2.5716448,-3.5437298,-.972085
33.3,27,-9.5860929,11.604447,-32.330391,13.158205,-6.9238787,4.2266364,-15.207934,1.3601762,-11.933594,38.673161,-87.731598,63.864407,-5.0097151,38.932041,-81.315117,71.295685,-3.3788729,-2.6100492,-3.5867453,-.9766984
33.4,27,-9.9263239,11.956493,-33.360619,13.507973,-7.18679,4.3615642,-15.735298,1.3617185,-12.294405,39.465805,-89.645966,65.057152,-5.107615,39.735538,-82.987839,72.772606,-3.4254456,-2.6479387,-3.6291885,-.98124743
33.5,27,-10.271182,12.312821,-34.403866,13.861505,-7.4534664,4.4985275,-16.270418,1.363485,-12.659431,40.264156,-91.575722,66.256866,-5.2059646,40.545036,-84.672775,74.260841,-3.4714222,-2.685349,-3.6710787,-.98572969
33.6,27,-10.620608,12.673377,-35.459972,14.218755,-7.7238598,4.6374984,-16.813189,1.3654695,-13.028621,41.068184,-93.520782,67.463547,-5.3047609,41.360512,-86.369873,75.760353,-3.5167837,-2.7222562,-3.71243,-.9901762
33.7,27,-10.974539,13.038104,-36.528755,14.579676,-7.9979177,4.7784472,-17.363503,1.3676668,-13.401917,41.877869,-95.481033,68.6772,-5.4039998,42.181942,-88.079086,77.271088,-3.5615635,-2.7586842,-3.753233,-.9945488
33.8,27,-11.332921,13.406948,-37.610058,14.944216,-8.2755966,4.9213471,-17.921261,1.3700668,-13.779267,42.693134,-97.456268,69.897736,-5.5036707,43.009243,-89.80024,78.7929,-3.6057138,-2.7946019,-3.7934685,-.99886417
33.9,27,-11.695682,13.779848,-38.703686,15.312324,-8.556838,5.0661669,-18.486343,1.3726666,-14.160611,43.513958,-99.446396,71.125175,-5.6037726,43.8424,-91.533295,80.325752,-3.6492395,-2.830019,-3.8331366,-1.0031199
34,27,-12.062769,14.156749,-39.809486,15.683949,-8.8416004,5.2128797,-19.058657,1.3754567,-14.545895,44.340263,-101.45122,72.359428,-5.7042947,44.681332,-93.278099,81.869507,-3.6921835,-2.8649569,-3.8722563,-1.0073042
34.1,27,-12.434118,14.537594,-40.927277,16.05904,-9.1298294,5.3614569,-19.638092,1.3784328,-14.935062,45.17202,-103.4706,73.600471,-5.8052335,45.526005,-95.034561,83.424095,-3.734498,-2.899375,-3.9108276,-1.0114503
34.2,27,-12.809669,14.922327,-42.056892,16.437555,-9.4214754,5.5118694,-20.224541,1.3815905,-15.32806,46.009193,-105.50443,74.848305,-5.9065847,46.376381,-96.80262,84.989449,-3.776226,-2.9333258,-3.9488554,-1.0155272
34.3,27,-13.189363,15.310894,-43.198166,16.819439,-9.7164946,5.6640916,-20.817909,1.3849214,-15.724833,46.8517,-107.55247,76.102814,-6.0083389,47.232376,-98.5821,86.565422,-3.8173246,-2.9667664,-3.986311,-1.0195446
34.4,27,-13.573133,15.703235,-44.350906,17.204641,-10.014829,5.8180928,-21.418081,1.3884236,-16.125322,47.699512,-109.61465,77.364006,-6.1104937,48.093967,-100.37293,88.151947,-3.8578129,-2.9997015,-4.0232038,-1.0235023
34.5,27,-13.960926,16.099295,-45.514965,17.593111,-10.316435,5.9738464,-22.02496,1.3920889,-16.529474,48.552555,-111.69073,78.631783,-6.2130394,48.961063,-102.17496,89.748878,-3.8977194,-3.0321693,-4.0595627,-1.027391
34.6,27,-14.352677,16.499018,-46.690159,17.984802,-10.621263,6.1313252,-22.638439,1.3959138,-16.937235,49.410782,-113.78059,79.90612,-6.3159719,49.833622,-103.98808,91.356133,-3.9369869,-3.0641174,-4.0953541,-1.031239
34.7,27,-14.748323,16.902346,-47.876312,18.379667,-10.929258,6.2905006,-23.258413,1.3998955,-17.348545,50.274151,-115.88407,81.186981,-6.4192872,50.711601,-105.8122,92.973625,-3.9756536,-3.0955791,-4.1305923,-1.0350156
34.8,27,-15.147808,17.309225,-49.073265,18.777649,-11.240378,6.4513454,-23.884783,1.4040267,-17.763353,51.142574,-118.00096,82.474251,-6.522975,51.59491,-107.64714,94.601189,-4.0137243,-3.1265497,-4.165287,-1.0387373
34.9,27,-15.551068,17.719599,-50.280842,19.178707,-11.554568,6.613833,-24.517443,1.4083058,-18.181602,52.016029,-120.13115,83.767937,-6.6270347,52.483517,-109.49284,96.23877,-4.0511751,-3.1570148,-4.1994095,-1.0423994
35,27,-15.958043,18.133408,-51.498867,19.582781,-11.871781,6.7779346,-25.156288,1.4127263,-18.603235,52.894417,-122.27438,85.067917,-6.7314548,53.377327,-111.3491,97.886185,-4.0880728,-3.1870413,-4.233036,-1.0459924
35.1,27,-16.368683,18.550608,-52.727207,19.98984,-12.191977,6.9436283,-25.801239,1.4172848,-19.02821,53.777706,-124.43058,86.374161,-6.8362331,54.276306,-113.21584,99.543373,-4.1242361,-3.2164574,-4.2660046,-1.0495377
35.2,27,-16.78289,18.971109,-53.965584,20.399801,-12.515073,7.1108727,-26.452127,1.4219812,-19.456436,54.665817,-126.59947,87.6866,-6.9413624,55.180367,-115.0929,101.21017,-4.1598225,-3.2454109,-4.2984295,-1.0530138
35.3,27,-17.200647,19.394896,-55.213943,20.812649,-12.841059,7.2796569,-27.108925,1.4268068,-19.887896,55.558697,-128.78094,89.00515,-7.0468359,56.089455,-116.98015,102.88647,-4.1948318,-3.2738972,-4.3303299,-1.0564375
35.4,27,-17.621857,19.821877,-56.472023,21.22831,-13.169852,7.4499402,-27.771467,1.4317629,-20.322502,56.456276,-130.97476,90.329765,-7.1526499,57.003494,-118.87745,104.57214,-4.2292976,-3.3019304,-4.3617249,-1.0598063
35.5,27,-18.046507,20.252041,-57.739777,21.646763,-13.501445,7.6217141,-28.43973,1.436841,-20.760241,57.358505,-133.18085,91.660362,-7.2587972,57.922443,-120.7847,106.26711,-4.2632484,-3.3295536,-4.392662,-1.0631084
35.6,27,-18.474506,20.685303,-59.016953,22.067944,-13.835763,7.7949409,-29.113565,1.4420409,-21.201035,58.265312,-135.39894,92.99688,-7.3652716,58.84621,-122.70173,107.97118,-4.2962742,-3.3564234,-4.4227791,-1.0663486
35.7,27,-18.905762,21.12158,-60.303299,22.491777,-14.172729,7.9695811,-29.792822,1.4473624,-21.644796,59.176605,-137.62881,94.339218,-7.4720669,59.774715,-124.62836,109.68422,-4.3287849,-3.3828783,-4.4524002,-1.0695291
35.8,27,-19.340263,21.560862,-61.598778,22.918249,-14.512339,8.145627,-30.477474,1.4527977,-22.091515,60.092342,-139.87035,95.687309,-7.5791774,60.707905,-126.56448,111.40614,-4.3607712,-3.4088945,-4.481554,-1.0726547
35.9,27,-19.777916,22.003059,-62.903118,23.347288,-14.854508,8.3230391,-31.167366,1.458348,-22.541107,61.012451,-142.12332,97.0411,-7.6865978,61.645706,-128.50996,113.13676,-4.3922043,-3.4344625,-4.5101929,-1.0757232
36,27,-20.218704,22.448156,-64.216286,23.778875,-15.199231,8.5018082,-31.862469,1.4640063,-22.993553,61.936882,-144.3876,98.400505,-7.794322,62.588058,-130.46466,114.87602,-4.4230366,-3.4595633,-4.5382786,-1.0787249
36.1,27,-20.662523,22.896061,-65.537979,24.212931,-15.546421,8.6818914,-32.562614,1.4697731,-23.448763,62.865532,-146.66295,99.765411,-7.9023428,63.534866,-132.42839,116.62371,-4.4530869,-3.4840107,-4.5656872,-1.0816765
36.2,27,-21.109322,23.346724,-66.868057,24.649416,-15.896033,8.863265,-33.267712,1.4756466,-23.906691,63.798359,-148.94917,101.1358,-8.0106573,64.486076,-134.40105,118.37973,-4.4826317,-3.5080338,-4.5925999,-1.0845613
36.3,27,-21.55905,23.800095,-68.206383,25.08828,-16.248028,9.0459061,-33.977676,1.481622,-24.367283,64.735268,-151.24608,102.51151,-8.1192551,65.441597,-136.38243,120.14392,-4.5115566,-3.5315657,-4.6189499,-1.087389
36.4,27,-22.011633,24.256113,-69.552742,25.529474,-16.602346,9.229785,-34.69239,1.4876995,-24.830481,65.676216,-153.5535,103.89253,-8.2281351,66.401367,-138.37244,121.91616,-4.5398808,-3.5546112,-4.6447754,-1.0901594
36.5,27,-22.467026,24.714729,-70.907005,25.972954,-16.95895,9.4148798,-35.411774,1.4938743,-25.296238,66.621101,-155.8712,105.27872,-8.3372869,67.365303,-140.37086,123.69629,-4.5676136,-3.5771847,-4.6700382,-1.0928535
36.6,27,-22.925156,25.17588,-72.268974,26.418663,-17.317783,9.60116,-36.135712,1.5001458,-25.764488,67.569878,-158.19901,106.67003,-8.4467058,68.333336,-142.37758,125.48417,-4.5946693,-3.5991955,-4.6947002,-1.0955095
36.7,27,-23.38596,25.639507,-73.638474,26.866552,-17.678789,9.788599,-36.86409,1.506513,-26.235178,68.522461,-160.53673,108.06638,-8.5563889,69.305382,-144.39244,127.27967,-4.6211624,-3.620739,-4.7188473,-1.0980988
36.8,27,-23.849388,26.105566,-75.015358,27.31658,-18.041931,9.9771748,-37.596836,1.5129715,-26.708258,69.478775,-162.88416,109.46764,-8.6663256,70.281372,-146.41528,129.08263,-4.6470547,-3.6418056,-4.7424412,-1.1006308
36.9,27,-24.315371,26.573988,-76.399429,27.76869,-18.40715,10.166857,-38.333824,1.5195218,-27.183666,70.438759,-165.2411,110.87376,-8.776515,71.26123,-148.44595,130.89293,-4.672327,-3.6623669,-4.7654724,-1.1031008
37,27,-24.783854,27.044725,-77.790543,28.222836,-18.774405,10.357621,-39.07497,1.52616,-27.661352,71.402321,-167.60733,112.28463,-8.8869457,72.244858,-150.48427,132.71037,-4.6970081,-3.6824608,-4.7879505,-1.1054993
37.1,27,-25.254772,27.517721,-79.188515,28.678968,-19.143642,10.549442,-39.820168,1.5328852,-28.141256,72.3694,-169.98267,113.70016,-8.9976149,73.232193,-152.53008,134.53485,-4.7210407,-3.7020016,-4.8098564,-1.1078596
37.2,27,-25.728062,27.99291,-80.593155,29.137035,-19.514805,10.74229,-40.569305,1.5396971,-28.623323,73.33992,-172.36693,115.12029,-9.1085176,74.223167,-154.58325,136.36623,-4.7444916,-3.7210751,-4.8312378,-1.1101532
37.3,27,-26.203671,28.470251,-82.004341,29.596994,-19.887857,10.936145,-41.322308,1.5465914,-29.107504,74.313805,-174.75987,116.54487,-9.2196455,75.217682,-156.6436,138.2043,-4.7673321,-3.7396622,-4.852047,-1.1123848
37.4,27,-26.681528,28.949673,-83.421844,30.05879,-20.262737,11.130974,-42.079044,1.5535692,-29.593733,75.290977,-177.16133,117.97387,-9.3309946,76.215675,-158.71097,140.04898,-4.7895432,-3.7577343,-4.8722839,-1.1145544
37.5,27,-27.161579,29.431129,-84.845535,30.522373,-20.639404,11.326755,-42.839436,1.5606266,-30.081961,76.271347,-179.57106,119.40714,-9.4425564,77.217041,-160.78517,141.90005,-4.811182,-3.7753487,-4.8920059,-1.1166573
37.6,27,-27.643764,29.914562,-86.27523,30.987701,-21.017807,11.523462,-43.603378,1.5677632,-30.572134,77.25486,-181.98888,120.8446,-9.5543261,78.22171,-162.86607,143.75742,-4.8321819,-3.7924194,-4.9111462,-1.118722
37.7,27,-28.128016,30.399912,-87.710747,31.454718,-21.397888,11.721066,-44.370758,1.5749787,-31.06419,78.24144,-184.41458,122.28621,-9.6663008,79.229622,-164.95351,145.62091,-4.8526001,-3.8090324,-4.9297428,-1.1207199
37.8,27,-28.614285,30.887133,-89.151947,31.923382,-21.779613,11.919547,-45.141499,1.5822695,-31.558083,79.230988,-186.84796,123.7318,-9.77847,80.240669,-167.0473,147.49036,-4.8723888,-3.82514,-4.9477768,-1.1226511
37.9,27,-29.102493,31.376152,-90.598618,32.393635,-22.162916,12.118872,-45.915466,1.5896366,-32.053745,80.22345,-189.28882,125.18132,-9.890831,81.254791,-169.14729,149.36563,-4.8915482,-3.840723,-4.9652481,-1.1245203
38,27,-29.592594,31.866924,-92.050613,32.865429,-22.547758,12.319019,-46.692593,1.5970765,-32.551132,81.218719,-191.73689,126.63464,-10.003374,82.271873,-171.2533,151.24654,-4.9101448,-3.8558483,-4.9821854,-1.1263275
38.1,27,-30.084522,32.359394,-93.507767,33.338722,-22.934086,12.519962,-47.472763,1.604589,-33.050182,82.216743,-194.19203,128.09167,-10.116096,83.291862,-173.36514,153.13295,-4.9281025,-3.8704586,-4.9985504,-1.1280966
38.2,27,-30.578215,32.8535,-94.969894,33.813461,-23.32185,12.721675,-48.255875,1.6121737,-33.550842,83.217445,-196.65404,129.55235,-10.228993,84.314674,-175.48273,155.02473,-4.9454498,-3.8845825,-5.0143623,-1.1297894
38.3,27,-31.073612,33.34919,-96.436821,34.289597,-23.711002,12.92413,-49.041832,1.6198279,-34.053055,84.220718,-199.12263,131.01653,-10.342054,85.34021,-177.60579,156.92168,-4.9621868,-3.8981915,-5.0296211,-1.1314249
38.4,27,-31.570652,33.846401,-97.908379,34.767078,-24.101488,13.127302,-49.830528,1.627552,-34.556767,85.226517,-201.59767,132.48415,-10.455278,86.368401,-179.73424,158.82367,-4.9783516,-3.9113426,-5.0443649,-1.133008
38.5,27,-32.069283,34.345093,-99.38443,35.245865,-24.493271,13.33117,-50.621883,1.6353432,-35.061928,86.234741,-204.07892,133.95506,-10.568656,87.399155,-181.86784,160.73055,-4.9938965,-3.9239979,-5.0585175,-1.1345148
38.6,27,-32.569431,34.845196,-100.86476,35.725895,-24.886288,13.535702,-51.415775,1.6432014,-35.56847,87.245308,-206.56613,135.4292,-10.682181,88.432381,-184.00647,162.64211,-5.0087929,-3.9361,-5.0720787,-1.1359835
38.7,27,-33.071041,35.346653,-102.34921,36.20713,-25.280491,13.740873,-52.212109,1.6511263,-36.076344,88.258163,-209.05917,136.90648,-10.795853,89.468025,-186.14996,164.55826,-5.0230789,-3.9477348,-5.0851059,-1.1373806
38.8,27,-33.574047,35.849415,-103.83761,36.68951,-25.675835,13.946659,-53.010784,1.6591154,-36.585491,89.273193,-211.55774,138.38675,-10.909657,90.505959,-188.29808,166.47876,-5.0367737,-3.9588737,-5.097599,-1.1387157
38.9,27,-34.078396,36.35342,-105.32979,37.172997,-26.072266,14.153033,-53.811703,1.6671695,-37.095863,90.290344,-214.06169,139.86996,-11.023596,91.546135,-190.45073,168.40353,-5.0499153,-3.9695549,-5.1095581,-1.1399984
39,27,-34.58403,36.85862,-106.8256,37.657543,-26.469746,14.359973,-54.614777,1.6752855,-37.607403,91.309525,-216.57079,141.35597,-11.137657,92.588455,-192.6077,170.33238,-5.0624084,-3.9797401,-5.120945,-1.1412048
39.1,27,-35.090878,37.364956,-108.32484,38.143089,-26.868214,14.56745,-55.419891,1.6834637,-38.120052,92.33065,-219.08479,142.8447,-11.251837,93.632828,-194.7688,172.26514,-5.074234,-3.9893532,-5.1317406,-1.1423779
39.2,27,-35.598877,37.87236,-109.82735,38.629589,-27.267616,14.775435,-56.226936,1.6917042,-38.633751,93.353645,-221.60353,144.33604,-11.366133,94.679176,-196.93391,174.20164,-5.0855255,-3.9985275,-5.1420021,-1.1434793
39.3,27,-36.107983,38.380798,-111.33296,39.116997,-27.667919,14.98391,-57.035843,1.7000041,-39.148453,94.378433,-224.12679,145.82988,-11.480533,95.727417,-199.10281,176.14175,-5.0961685,-4.0071964,-5.1517105,-1.1445189
39.4,27,-36.618111,38.89019,-112.84148,39.605263,-28.069056,15.192841,-57.846478,1.7083646,-39.664093,95.404922,-226.65431,147.32613,-11.595037,96.777458,-201.27536,178.0853,-5.1062202,-4.0153694,-5.1608658,-1.1455011
39.5,27,-37.129227,39.400501,-114.35279,40.094337,-28.470993,15.402209,-58.658772,1.7167829,-40.180626,96.433037,-229.18591,148.82465,-11.709633,97.829208,-203.45137,180.0321,-5.1156998,-4.0230942,-5.1695061,-1.1464167
39.6,27,-37.641251,39.911667,-115.86668,40.584175,-28.873674,15.611988,-59.472607,1.7252593,-40.697994,97.462692,-231.72136,150.32538,-11.82432,98.882599,-205.63065,181.98201,-5.1244926,-4.0302467,-5.177536,-1.1472893
39.7,27,-38.154125,40.423622,-117.38297,41.074718,-29.277042,15.822145,-60.287876,1.733794,-41.216133,98.49382,-234.26047,151.8282,-11.939091,99.937531,-207.81306,183.93488,-5.1326942,-4.0369129,-5.1849937,-1.1480904
39.8,27,-38.667789,40.936321,-118.9015,41.565926,-29.681057,16.032661,-61.104496,1.7423844,-41.734993,99.526314,-236.80298,153.33299,-12.053938,100.99392,-209.99838,185.8905,-5.1403236,-4.0431118,-5.1919556,-1.1488342
39.9,27,-39.18219,41.449707,-120.42213,42.057747,-30.085665,16.243511,-61.922363,1.7510314,-42.254524,100.56012,-239.34874,154.83969,-12.168858,102.05169,-212.18649,187.84877,-5.1473618,-4.0488338,-5.1983643,-1.1495209
40,27,-39.697262,41.963726,-121.94465,42.550133,-30.490824,16.454668,-62.741379,1.7597327,-42.774666,101.59513,-241.89746,156.34813,-12.283842,103.11073,-214.37717,189.80948,-5.1537323,-4.0540314,-5.2041626,-1.150136
40.1,27,-40.212936,42.478313,-123.4689,43.04303,-30.896471,16.666103,-63.561432,1.7684888,-43.295357,102.63127,-244.44894,157.85823,-12.398885,104.17097,-216.57024,191.77246,-5.1594925,-4.0587234,-5.2094269,-1.1507082
40.2,27,-40.72916,42.993423,-124.99472,43.536396,-31.302568,16.877794,-64.382439,1.7772994,-43.816551,103.66848,-247.00304,159.36993,-12.513984,105.23234,-218.76558,193.73761,-5.1646996,-4.0629578,-5.2141762,-1.1512184
40.3,27,-41.245876,43.508991,-126.52193,44.030178,-31.709063,17.089714,-65.204285,1.7861625,-44.338192,104.70663,-249.55943,160.88306,-12.629128,106.29472,-220.96295,195.7047,-5.169239,-4.0666294,-5.2182961,-1.1516619
40.4,27,-41.763008,44.02496,-128.05034,44.524326,-32.115894,17.301836,-66.026871,1.7950792,-44.86021,105.74569,-252.11795,162.39754,-12.744316,107.35804,-223.16222,197.67358,-5.1732063,-4.0698719,-5.2219009,-1.1520481
40.5,27,-42.280518,44.541286,-129.57983,45.018799,-32.523037,17.514139,-66.850121,1.8040471,-45.382572,106.78555,-254.67839,163.91324,-12.859538,108.42221,-225.36317,199.6441,-5.1766014,-4.0726471,-5.2250099,-1.1523676
40.6,27,-42.798328,45.057907,-131.1102,45.513542,-32.930424,17.726597,-67.673912,1.8130665,-45.905212,107.82612,-257.24051,165.4301,-12.97479,109.48715,-227.56566,201.61609,-5.1792908,-4.0748215,-5.2274704,-1.1526394
40.7,27,-43.316376,45.574753,-132.64125,46.008499,-33.338001,17.939177,-68.498138,1.8221378,-46.428066,108.86733,-259.80411,166.94798,-13.090066,110.55276,-229.7695,203.58937,-5.1814461,-4.0765572,-5.2294159,-1.152854
40.8,27,-43.834618,46.091793,-134.17287,46.503639,-33.745735,18.151861,-69.322731,1.8312587,-46.951096,109.9091,-262.36896,168.46678,-13.20536,111.61897,-231.97452,205.5638,-5.1829529,-4.0777969,-5.2308083,-1.1530018
40.9,27,-44.352966,46.608948,-135.70482,46.99889,-34.153561,18.364618,-70.147552,1.8404305,-47.474228,110.95133,-264.93484,169.98639,-13.320666,112.68568,-234.18053,207.5392,-5.1838493,-4.0785408,-5.2316284,-1.1530876
41,27,-44.871387,47.126179,-137.237,47.494228,-34.561443,18.577431,-70.972534,1.8496509,-47.997421,111.99396,-267.50156,171.5067,-13.435978,113.75279,-236.38736,209.5154,-5.1842499,-4.0788651,-5.2319717,-1.1531162
41.1,27,-45.389816,47.643433,-138.76923,47.989594,-34.969334,18.79027,-71.797585,1.85892,-48.520622,113.0369,-270.06888,173.02762,-13.55129,114.82025,-238.59485,211.49226,-5.184269,-4.0788651,-5.2320099,-1.1531305
41.2,27,-45.908241,48.160694,-140.30147,48.484985,-35.377216,19.003132,-72.622673,1.8682374,-49.043823,114.08014,-272.63678,174.54915,-13.666604,115.88803,-240.80298,213.46976,-5.184269,-4.0788651,-5.2320099,-1.1531305
41.3,27,-46.42667,48.677971,-141.83374,48.9804,-35.785107,19.216021,-73.447815,1.8775997,-49.567024,115.12366,-275.20526,176.07121,-13.781916,116.95612,-243.01169,215.44786,-5.1842499,-4.0788651,-5.2319717,-1.1531258
41.4,27,-46.945091,49.195255,-143.36601,49.475838,-36.192989,19.428926,-74.272987,1.8870072,-50.090218,116.16747,-277.77426,177.59384,-13.897229,118.0245,-245.22101,217.42654,-5.184288,-4.0789032,-5.2320099,-1.1531305
41.5,27,-47.463528,49.712563,-144.89836,49.971306,-36.600887,19.641863,-75.098228,1.8964565,-50.613426,117.21156,-280.34387,179.117,-14.012542,119.09319,-247.43091,219.40582,-5.1843262,-4.0789223,-5.232048,-1.153121
41.6,27,-47.981956,50.229874,-146.43069,50.466789,-37.008774,19.854815,-75.923492,1.9059476,-51.136627,118.2559,-282.91391,180.64067,-14.127853,120.16215,-249.64133,221.38562,-5.1842308,-4.0788269,-5.2319717,-1.1531258
41.7,27,-48.500374,50.747189,-147.96304,50.962288,-37.416653,20.067783,-76.748787,1.9154795,-51.659821,119.3005,-285.4845,182.16487,-14.243167,121.23138,-251.85233,223.36598,-5.184288,-4.0788841,-5.2320099,-1.1531353
41.8,27,-49.018814,51.26453,-149.49545,51.457825,-37.824551,20.280781,-77.57415,1.9250493,-52.183029,120.34537,-288.0556,183.68954,-14.35848,122.3009,-254.06384,225.34689,-5.1843071,-4.0789032,-5.232029,-1.1531353
41.9,27,-49.537235,51.781868,-151.02783,51.953365,-38.232433,20.49379,-78.399521,1.9346578,-52.706226,121.39047,-290.62717,185.21472,-14.473794,123.37068,-256.27588,227.32829,-5.1842499,-4.0788651,-5.2319908,-1.1531258
42,27,-50.055664,52.299225,-152.56026,52.448933,-38.640324,20.706821,-79.224945,1.944302,-53.229427,122.43581,-293.19919,186.74034,-14.589106,124.44071,-258.4884,229.3102,-5.1843071,-4.0789032,-5.232029,-1.153121
42.1,27,-50.574097,52.816593,-154.09271,52.944519,-39.048214,20.919872,-80.050415,1.9539815,-53.752632,123.48138,-295.7717,188.26643,-14.704418,125.51099,-260.70145,231.2926,-5.184269,-4.0788651,-5.2320099,-1.1531305
42.2,27,-51.092518,53.333958,-155.62515,53.440121,-39.456097,21.132936,-80.875893,1.9636962,-54.275829,124.52719,-298.34464,189.79298,-14.819732,126.58151,-262.91495,233.27548,-5.1842499,-4.0788651,-5.2319908,-1.1531258
42.3,27,-51.610947,53.851341,-157.15764,53.935741,-39.863987,21.34602,-81.701416,1.9734434,-54.79903,125.57321,-300.918,191.31995,-14.935043,127.65228,-265.12891,235.25882,-5.184269,-4.0788651,-5.2319908,-1.1531305
42.4,27,-52.129372,54.368729,-158.69012,54.431381,-40.27187,21.559118,-82.52697,1.9832237,-55.322227,126.61946,-303.49182,192.84735,-15.050358,128.72327,-267.34332,237.24261,-5.184288,-4.0788651,-5.2320099,-1.1531305
42.5,27,-52.647804,54.886131,-160.22264,54.927036,-40.67976,21.772234,-83.352554,1.9930345,-55.845432,127.66591,-306.06601,194.37515,-15.165669,129.79448,-269.5582,239.22685,-5.1843071,-4.0789032,-5.232029,-1.153121
42.6,27,-53.166233,55.403538,-161.75517,55.422707,-41.08765,21.985367,-84.178177,2.0028758,-56.368633,128.71257,-308.64063,195.90335,-15.280982,130.86592,-271.77347,241.21152,-5.184269,-4.0788841,-5.2319908,-1.1531305
42.7,27,-53.684658,55.920952,-163.2877,55.918396,-41.495537,22.198511,-85.003822,2.0127473,-56.89183,129.75943,-311.21564,197.43198,-15.396296,131.93758,-273.9892,243.19661,-5.184269,-4.0788841,-5.2319908,-1.1531258
42.8,27,-54.203087,56.438377,-164.82027,56.414101,-41.903427,22.411673,-85.829498,2.0226469,-57.415031,130.80647,-313.79102,198.96095,-15.511607,133.00945,-276.20532,245.1821,-5.1842499,-4.078846,-5.2319908,-1.1531258
42.9,27,-54.721508,56.955803,-166.35283,56.909813,-42.311306,22.624846,-86.65519,2.0325754,-57.938229,131.85373,-316.36679,200.49033,-15.626921,134.08151,-278.42184,247.168,-5.184269,-4.0788651,-5.2320099,-1.1531305
43,27,-55.239941,57.473244,-167.88544,57.405552,-42.7192,22.838037,-87.480934,2.0425298,-58.461433,132.90115,-318.94293,202.02005,-15.742233,135.15378,-280.63876,249.1543,-5.1843071,-4.0789223,-5.232029,-1.1531258
43.1,27,-55.758369,57.990692,-169.41805,57.901299,-43.12709,23.051241,-88.306694,2.052511,-58.984634,133.94878,-321.51941,203.55014,-15.857546,136.22623,-282.85605,251.14096,-5.1847839,-4.0792847,-5.2324677,-1.1531782
43.2,27,-56.276897,58.508236,-170.95093,58.397137,-43.535057,23.264496,-89.132629,2.0625167,-59.507927,134.9967,-324.09659,205.08073,-15.972869,137.29903,-285.07401,253.12827,-5.183754,-4.0784454,-5.2315331,-1.1530781
43.3,27,-56.79512,59.025509,-172.48299,58.89275,-43.94278,23.477642,-89.958115,2.0725515,-60.030941,136.0444,-326.67307,206.61119,-16.088161,138.37158,-287.2915,255.11517,-5.183754,-4.0784645,-5.2315521,-1.1530828
43.4,27,-57.313648,59.543068,-174.01591,59.388622,-44.35075,23.690924,-90.784103,2.0826066,-60.554237,137.09268,-329.25095,208.14247,-16.203485,139.44475,-289.51016,257.10321,-5.1847839,-4.0792847,-5.2324677,-1.1531734
43.5,27,-57.832077,60.060539,-175.54857,59.884418,-44.758636,23.904175,-91.609962,2.0926862,-61.077435,138.14098,-331.82877,209.6739,-16.318796,140.51794,-291.72888,259.09131,-5.1843262,-4.0789223,-5.232029,-1.1531258
43.6,27,-58.350513,60.578026,-177.08127,60.380238,-45.166534,24.117443,-92.435852,2.1027887,-61.600643,139.18945,-334.40695,211.20566,-16.434111,141.59131,-293.948,261.07977,-5.184803,-4.0793228,-5.2324867,-1.153183
43.7,27,-58.869038,61.095604,-178.61423,60.876144,-45.574501,24.330759,-93.261909,2.1129129,-62.123932,140.2382,-336.98575,212.7379,-16.549433,142.66499,-296.16769,263.06882,-5.1837158,-4.0784073,-5.2314949,-1.1530685
43.8,27,-59.387257,61.6129,-180.14632,61.371811,-45.982216,24.543961,-94.087494,2.1230628,-62.646942,141.28671,-339.56381,214.26993,-16.664724,143.73842,-298.38684,265.0574,-5.183754,-4.0784454,-5.2315331,-1.1530876
43.9,27,-59.905788,62.130497,-181.67932,61.867744,-46.39019,24.757301,-94.913612,2.13323,-63.170238,142.33578,-342.14325,215.80278,-16.78005,144.81242,-300.60721,267.04709,-5.184803,-4.0793228,-5.2324867,-1.153183
44,27,-60.424217,62.647999,-183.21204,62.363605,-46.79808,24.970612,-95.739578,2.1434186,-63.693439,143.38486,-344.72263,217.33572,-16.895361,145.88646,-302.82755,269.03683,-5.184288,-4.0788841,-5.2319908,-1.1531162
44.1,27,-60.942646,63.165508,-184.74477,62.859474,-47.205967,25.183929,-96.565559,2.1536276,-64.216637,144.43408,-347.30225,218.86896,-17.010674,146.96063,-305.04822,271.02686,-5.1843071,-4.0788841,-5.232029,-1.1531353
44.2,27,-61.461079,63.683025,-186.27751,63.355362,-47.613857,25.397259,-97.391571,2.1638567,-64.739845,145.48346,-349.8822,220.40251,-17.125988,148.03497,-307.2692,273.01724,-5.184269,-4.0788651,-5.2320099,-1.1531258
44.3,27,-61.9795,64.200539,-187.81024,63.85125,-48.02174,25.610596,-98.217583,2.1741047,-65.263039,146.53296,-352.46237,221.93628,-17.241299,149.10944,-309.49042,275.00784,-5.1842499,-4.0788651,-5.2319717,-1.1531258
44.4,27,-62.497929,64.718071,-189.343,64.347153,-48.42963,25.823944,-99.043633,2.1843719,-65.78624,147.58261,-355.04285,223.47037,-17.356613,150.18408,-311.71201,276.99878,-5.184288,-4.0789032,-5.2320099,-1.1531353
44.5,27,-63.016357,65.235596,-190.87578,64.843063,-48.837521,26.037302,-99.869698,2.1946566,-66.309441,148.63239,-357.62357,225.00468,-17.471926,151.25883,-313.93381,278.98996,-5.184288,-4.0788841,-5.232048,-1.1531258
44.6,27,-63.534786,65.753136,-192.40857,65.338989,-49.245407,26.250669,-100.69578,2.2049592,-66.832649,149.6823,-360.20453,226.53925,-17.587238,152.33374,-316.15588,280.98141,-5.184288,-4.0788841,-5.232048,-1.1531258
44.7,27,-64.053215,66.270676,-193.94136,65.834923,-49.653297,26.464046,-101.52187,2.2152796,-67.35585,150.73233,-362.7858,228.0741,-17.702551,153.4088,-318.37827,282.97318,-5.184269,-4.0788651,-5.2319717,-1.1531258
44.8,27,-64.57164,66.788216,-195.47414,66.330856,-50.06118,26.677427,-102.34798,2.2256167,-67.879044,151.78249,-365.36725,229.60915,-17.817863,154.48396,-320.60086,284.96515,-5.1842499,-4.078846,-5.2319717,-1.1531353
44.9,27,-65.090065,67.305763,-197.00694,66.826813,-50.469067,26.89082,-103.17411,2.2359707,-68.402245,152.83278,-367.94897,231.14449,-17.933178,155.55928,-322.82376,286.9574,-5.184288,-4.0788841,-5.2320099,-1.1531258
45,27,-65.608498,67.823318,-198.53976,67.322769,-50.876957,27.104221,-104.00026,2.2463403,-68.925446,153.88318,-370.53091,232.68002,-18.048489,156.6347,-325.04688,288.94989,-5.184288,-4.0789032,-5.2320099,-1.1531162
45.1,27,-66.126923,68.340881,-200.07259,67.818741,-51.284847,27.317631,-104.82642,2.2567255,-69.448647,154.93369,-373.1131,234.21581,-18.163801,157.71027,-327.27023,290.94266,-5.184288,-4.0789032,-5.232048,-1.1531353
45.2,27,-66.645355,68.858444,-201.60542,68.31472,-51.692738,27.531048,-105.6526,2.267127,-69.971855,155.98433,-375.69553,235.75182,-18.279116,158.78596,-329.49387,292.93564,-5.1842499,-4.0788651,-5.2320099,-1.1531258
45.3,27,-67.163773,69.376007,-203.13824,68.810699,-52.10062,27.744471,-106.47878,2.2775428,-70.495049,157.03506,-378.27811,237.28802,-18.394426,159.86176,-331.71771,294.92883,-5.1842499,-4.078846,-5.2319717,-1.1531258
45.4,27,-67.682205,69.893578,-204.6711,69.306694,-52.508507,27.957903,-107.30499,2.2879741,-71.01825,158.08594,-380.86099,238.82449,-18.509741,160.93768,-333.9418,296.9223,-5.1843262,-4.0788841,-5.2320099,-1.1531353
45.5,27,-68.200638,70.411156,-206.20396,69.802696,-52.916397,28.171343,-108.13121,2.298419,-71.541451,159.1369,-383.44403,240.36113,-18.625053,162.01372,-336.16611,298.91599,-5.184288,-4.0789032,-5.2320099,-1.1531258
45.6,27,-68.719063,70.928734,-207.73683,70.298706,-53.324287,28.38479,-108.95745,2.3088779,-72.064651,160.18797,-386.02731,241.89799,-18.740366,163.08986,-338.39063,300.90988,-5.184288,-4.0788841,-5.2320099,-1.1531353
45.7,27,-69.237495,71.44632,-209.26971,70.794724,-53.732174,28.598244,-109.7837,2.3193512,-72.587852,161.23915,-388.61078,243.43507,-18.85568,164.16612,-340.61539,302.90402,-5.1842499,-4.0788651,-5.2320099,-1.1531258
45.8,27,-69.755913,71.963898,-210.80257,71.290741,-54.14006,28.811701,-110.60995,2.3298376,-73.111053,162.29042,-391.19443,244.97232,-18.970991,165.24248,-342.8403,304.89832,-5.1842499,-4.0788651,-5.2320099,-1.1531258
45.9,27,-70.274345,72.481491,-212.33546,71.786774,-54.547947,29.025167,-111.43623,2.3403375,-73.634254,163.34181,-393.77832,246.50981,-19.086306,166.31897,-345.06549,306.89288,-5.184288,-4.0788841,-5.2320099,-1.1531353
46,27,-70.79277,72.999084,-213.86836,72.282814,-54.955837,29.238642,-112.26252,2.3508496,-74.157455,164.39328,-396.36237,248.04745,-19.201618,167.39555,-347.29086,308.88763,-5.184288,-4.0789032,-5.2320099,-1.1531162
46.1,27,-71.311203,73.516685,-215.40126,72.778854,-55.363728,29.452124,-113.08883,2.3613741,-74.680656,165.44485,-398.94662,249.5853,-19.316929,168.47223,-349.51642,310.88257,-5.184288,-4.0788841,-5.2320099,-1.1531258
46.2,27,-71.829628,74.034286,-216.93417,73.27491,-55.771614,29.665609,-113.91514,2.371912,-75.203857,166.49654,-401.53107,251.12335,-19.432243,169.54903,-351.74222,312.87772,-5.1842499,-4.078846,-5.2319717,-1.1531258
46.3,27,-72.348053,74.551888,-218.46707,73.770966,-56.179497,29.879099,-114.74146,2.3824611,-75.727051,167.54828,-404.11566,252.66154,-19.547554,170.62589,-353.96814,314.87305,-5.184288,-4.0788651,-5.2320099,-1.1531258
46.4,27,-72.866486,75.069496,-220,74.267029,-56.587387,30.092598,-115.56779,2.3930225,-76.250259,168.60014,-406.70047,254.19995,-19.662868,171.70288,-356.19434,316.86859,-5.184288,-4.0789032,-5.232048,-1.1531353
46.5,27,-73.384911,75.587112,-221.53293,74.7631,-56.995277,30.306103,-116.39415,2.4035947,-76.77346,169.65208,-409.28543,255.73851,-19.778181,172.77995,-358.42065,318.86429,-5.184288,-4.0789032,-5.2320099,-1.1531258
46.6,27,-73.903343,76.104729,-223.06586,75.259178,-57.403168,30.519613,-117.22051,2.4141784,-77.296661,170.7041,-411.87054,257.27725,-19.893494,173.85712,-360.64716,320.86017,-5.184288,-4.0788841,-5.2320099,-1.1531353
46.7,27,-74.421768,76.622345,-224.5988,75.755264,-57.811054,30.73313,-118.04688,2.4247737,-77.819862,171.75623,-414.4559,258.81616,-20.008808,174.93439,-362.8739,322.85626,-5.1842499,-4.078846,-5.2319717,-1.1531258
46.8,27,-74.940193,77.139961,-226.13173,76.25135,-58.218937,30.94665,-118.87325,2.4353795,-78.343056,172.80841,-417.04132,260.35522,-20.124119,176.01172,-365.10074,324.85251,-5.1842499,-4.0788651,-5.2319717,-1.1531258
46.9,27,-75.458618,77.657585,-227.66469,76.747444,-58.626827,31.160175,-119.69965,2.445996,-78.866257,173.86072,-419.62698,261.89447,-20.239433,177.08916,-367.32782,326.84894,-5.184288,-4.0789032,-5.2320099,-1.1531353
47,27,-75.977051,78.175209,-229.19765,77.243546,-59.034718,31.373709,-120.52605,2.4566226,-79.389458,174.91307,-422.21277,263.43387,-20.354746,178.16669,-369.55502,328.84552,-5.1843262,-4.0789032,-5.2320099,-1.1531258
