temp,ref,yhat_comm,se_comm,lowerci_comm,upperci_comm,yhat_low,se_low,lowerci_low,upperci_low,yhat_high,se_high,lowerci_high,upperci_high,yhat_marg,se_marg,lowerci_marg,upperci_marg
45,27,-48.951836,16.055662,-80.420357,-17.483315,-16.945484,13.224108,-42.864262,8.9732914,-61.142498,23.281361,-106.77312,-15.511868,-44.197014,27.041439,-97.197258,8.8032341
40,27,-25.438385,8.4331045,-41.966969,-8.9098024,-8.9962292,6.9425874,-22.603451,4.6109924,-30.085272,12.375164,-54.340145,-5.8303967,-21.089043,14.365532,-49.244968,7.0668826
35,27,-5.6027651,2.3367693,-10.182749,-1.0227811,-2.249526,2.2801723,-6.7185817,2.2195296,-4.2479239,4.6937771,-13.447558,4.9517107,-1.9983977,5.2890983,-12.364841,8.3680449
30,27,.1299997,.68440235,-1.2114043,1.4714037,-.11408252,.88364577,-1.8459964,1.6178313,1.5734982,1.9503978,-2.2492113,5.3962078,1.6875807,2.1502998,-2.5269294,5.9020905
10,27,-2.8054442,4.1048245,-10.850752,5.2398639,-.029968332,5.2837057,-10.385841,10.325905,-11.852671,11.587553,-34.563858,10.858517,-11.822702,12.773529,-36.85836,13.212955
5,27,-3.6305749,5.3121257,-14.04215,6.7810001,-.038782548,6.8377371,-13.4405,13.362936,-15.33875,14.995657,-44.729698,14.052198,-15.299968,16.530449,-47.699055,17.099117
0,27,-4.4557056,6.5194268,-17.233547,8.3221369,-.047596764,8.3917685,-16.495159,16.399967,-18.824829,18.403761,-54.895538,17.24588,-18.777233,20.287371,-58.539745,20.985281
