temp,ref,yhat_comm,se_comm,lowerci_comm,upperci_comm,yhat_low,se_low,lowerci_low,upperci_low,yhat_high,se_high,lowerci_high,upperci_high,yhat_marg,se_marg,lowerci_marg,upperci_marg
45,27,1.3727498,3.2987494,-5.09268,7.8381796,5.0373645,4.2356224,-3.2643032,13.339032,-2.8390017,4.2044244,-11.079522,5.4015193,-7.8763661,5.2838693,-18.232559,2.4798267
40,27,.18150885,1.7348983,-3.2188294,3.581847,1.8520033,2.2244117,-2.5077636,6.2117701,-1.7371434,2.2116983,-6.0719924,2.5977058,-3.5891466,2.7734005,-9.0249119,1.8466187
35,27,-.70932478,.70982718,-2.1005604,.68191087,-.67087972,.9128719,-2.4600756,1.1183163,-.75147116,.91551554,-2.5458486,1.0429064,-.08059144,1.1552764,-2.3448918,2.1837089
30,27,-.44822913,.32032642,-1.0760574,.17959911,-.65345091,.41425982,-1.4653852,.15848346,-.21132116,.41529155,-1.0252776,.60263532,.44212973,.52877927,-.59425855,1.478518
10,27,2.7089443,1.911617,-1.0377563,6.4556446,4.0755324,2.473299,-.77204454,8.9231091,1.1321319,2.4781163,-3.7248867,5.9891505,-2.9434004,3.1573906,-9.131772,3.2449713
5,27,3.5056925,2.4738574,-1.3429787,8.3543634,5.2742186,3.2007399,-.99911642,11.547553,1.465112,3.206974,-4.8204417,7.7506657,-3.8091063,4.0860348,-11.817588,4.1993747
0,27,4.3024406,3.0360975,-1.6482011,10.253083,6.4729042,3.9281807,-1.2261884,14.171997,1.7980919,3.9358318,-5.9159966,9.5121803,-4.6748123,5.014679,-14.503403,5.1537781
