temp,ref,yhat_comm,se_comm,lowerci_comm,upperci_comm,yhat_low,se_low,lowerci_low,upperci_low,yhat_high,se_high,lowerci_high,upperci_high,yhat_marg,se_marg,lowerci_marg,upperci_marg
-20,27,-24.964287,20.129379,-64.417145,14.488572,-1.432086,19.292839,-39.245354,36.381184,-232.29688,89.232353,-407.18906,-57.404671,-230.86479,91.355263,-409.91782,-51.811756
-19.9,27,-24.911171,20.086552,-64.28009,14.457746,-1.429039,19.251789,-39.161854,36.303776,-231.80261,89.042496,-406.32269,-57.282532,-230.37358,91.160889,-409.04565,-51.701519
-19.8,27,-24.858055,20.043722,-64.143028,14.426919,-1.425992,19.210741,-39.078354,36.226368,-231.30836,88.852638,-405.45633,-57.160397,-229.88237,90.966515,-408.17346,-51.591278
-19.7,27,-24.804941,20.000895,-64.005974,14.396092,-1.422945,19.169693,-38.994854,36.148964,-230.81413,88.662788,-404.59,-57.038258,-229.39119,90.772148,-407.30133,-51.481045
-19.6,27,-24.751825,19.958067,-63.868916,14.365266,-1.419898,19.128645,-38.91135,36.071556,-230.31987,88.472931,-403.72363,-56.916122,-228.89998,90.577774,-406.42917,-51.370804
-19.5,27,-24.698709,19.915237,-63.731857,14.334439,-1.416851,19.087595,-38.82785,35.994148,-229.82562,88.283073,-402.85727,-56.793983,-228.40878,90.3834,-405.55698,-51.260567
-19.4,27,-24.645594,19.87241,-63.594799,14.303612,-1.4138041,19.046547,-38.74435,35.91674,-229.33138,88.093216,-401.99091,-56.671844,-227.91757,90.189026,-404.68481,-51.15033
-19.3,27,-24.592478,19.82958,-63.457741,14.272785,-1.4107571,19.005499,-38.660851,35.839336,-228.83713,87.903358,-401.12454,-56.549706,-227.42638,89.994652,-403.81265,-51.040092
-19.2,27,-24.539364,19.786753,-63.320686,14.241959,-1.4077101,18.964451,-38.577351,35.761929,-228.34288,87.713509,-400.25821,-56.42757,-226.93518,89.800285,-402.94049,-50.929855
-19.1,27,-24.486248,19.743923,-63.183628,14.211132,-1.4046631,18.923401,-38.493847,35.684521,-227.84863,87.523651,-399.39185,-56.305435,-226.44397,89.605911,-402.06833,-50.819618
-19,27,-24.433132,19.701096,-63.04657,14.180305,-1.4016161,18.882353,-38.410347,35.607117,-227.35439,87.333794,-398.52548,-56.183296,-225.95277,89.411537,-401.19617,-50.709377
-18.9,27,-24.380016,19.658266,-62.909512,14.149478,-1.3985691,18.841303,-38.326847,35.529709,-226.86014,87.143936,-397.65912,-56.061157,-225.46156,89.217163,-400.32397,-50.59914
-18.8,27,-24.3269,19.615438,-62.772453,14.118651,-1.3955221,18.800255,-38.243343,35.452301,-226.36588,86.954079,-396.79276,-55.939018,-224.97037,89.022789,-399.45181,-50.488903
-18.7,27,-24.273787,19.572611,-62.635395,14.087825,-1.3924751,18.759207,-38.159847,35.374897,-225.87164,86.764229,-395.92639,-55.816883,-224.47917,88.828415,-398.57968,-50.378666
-18.6,27,-24.220671,19.529781,-62.498337,14.056998,-1.3894281,18.718159,-38.076344,35.297489,-225.3774,86.574371,-395.06003,-55.694744,-223.98796,88.634041,-397.70749,-50.268429
-18.5,27,-24.167555,19.486954,-62.361279,14.026172,-1.3863811,18.677109,-37.992844,35.220081,-224.88313,86.384514,-394.19366,-55.572609,-223.49677,88.439674,-396.83533,-50.158188
-18.4,27,-24.114439,19.444124,-62.22422,13.995344,-1.3833342,18.636061,-37.909344,35.142673,-224.38889,86.194656,-393.3273,-55.45047,-223.00555,88.2453,-395.96317,-50.047951
-18.3,27,-24.061323,19.401295,-62.087162,13.964518,-1.3802871,18.595013,-37.82584,35.065266,-223.89464,86.004799,-392.46094,-55.328331,-222.51436,88.050926,-395.091,-49.937714
-18.2,27,-24.008207,19.358467,-61.950108,13.933691,-1.3772402,18.553965,-37.74234,34.987862,-223.40041,85.814949,-391.5946,-55.206196,-222.02316,87.856552,-394.21884,-49.827477
-18.1,27,-23.955093,19.315639,-61.813049,13.902864,-1.3741932,18.512915,-37.65884,34.910454,-222.90614,85.625092,-390.72824,-55.084057,-221.53195,87.662178,-393.34668,-49.717239
-18,27,-23.901978,19.27281,-61.675991,13.872038,-1.3711462,18.471867,-37.57534,34.833046,-222.4119,85.435234,-389.86188,-54.961918,-221.04076,87.467804,-392.47449,-49.607002
-17.9,27,-23.848862,19.229982,-61.538933,13.84121,-1.3680991,18.430819,-37.491837,34.755642,-221.91765,85.245377,-388.99551,-54.839783,-220.54955,87.27343,-391.60233,-49.496761
-17.8,27,-23.795746,19.187153,-61.401875,13.810384,-1.3650521,18.389769,-37.408337,34.678234,-221.4234,85.055519,-388.12915,-54.717644,-220.05835,87.079056,-390.73016,-49.386524
-17.7,27,-23.74263,19.144325,-61.26482,13.779557,-1.3620052,18.348721,-37.324837,34.600826,-220.92915,84.865662,-387.26282,-54.595509,-219.56715,86.884689,-389.858,-49.276287
-17.6,27,-23.689514,19.101498,-61.127762,13.748731,-1.3589582,18.307673,-37.241337,34.523422,-220.43491,84.675812,-386.39645,-54.47337,-219.07594,86.690315,-388.98584,-49.16605
-17.5,27,-23.6364,19.058668,-60.990704,13.717904,-1.3559113,18.266624,-37.157837,34.446014,-219.94066,84.485954,-385.53009,-54.351231,-218.58475,86.495941,-388.11368,-49.055813
-17.4,27,-23.583284,19.015839,-60.853645,13.687077,-1.3528641,18.225574,-37.074333,34.368607,-219.4464,84.296097,-384.66373,-54.229092,-218.09354,86.301567,-387.24152,-48.945572
-17.3,27,-23.530169,18.973011,-60.716587,13.65625,-1.3498172,18.184526,-36.990833,34.291199,-218.95215,84.106239,-383.79736,-54.106956,-217.60234,86.107193,-386.36932,-48.835335
-17.2,27,-23.477053,18.930183,-60.579529,13.625423,-1.3467703,18.143478,-36.907333,34.213795,-218.45792,83.916382,-382.931,-53.984821,-217.11115,85.912827,-385.49719,-48.725098
-17.1,27,-23.423937,18.887354,-60.442471,13.594597,-1.3437233,18.10243,-36.823833,34.136387,-217.96365,83.726524,-382.06464,-53.862682,-216.61993,85.718452,-384.625,-48.614861
-17,27,-23.370821,18.844526,-60.305412,13.56377,-1.3406762,18.06138,-36.740334,34.058979,-217.46941,83.536674,-381.19827,-53.740543,-216.12874,85.524078,-383.75284,-48.504623
-16.9,27,-23.317705,18.801697,-60.168354,13.532943,-1.3376292,18.020332,-36.65683,33.981571,-216.97516,83.346817,-380.33191,-53.618404,-215.63753,85.329704,-382.88068,-48.394386
-16.8,27,-23.264591,18.758869,-60.031296,13.502116,-1.3345822,17.979282,-36.57333,33.904167,-216.48091,83.15696,-379.46555,-53.496265,-215.14633,85.13533,-382.00851,-48.284145
-16.7,27,-23.211475,18.716042,-59.894241,13.47129,-1.3315353,17.938234,-36.48983,33.826759,-215.98666,82.967102,-378.59921,-53.37413,-214.65514,84.940964,-381.13635,-48.173912
-16.6,27,-23.15836,18.673212,-59.757183,13.440463,-1.3284882,17.897186,-36.40633,33.749352,-215.49242,82.777245,-377.73285,-53.251995,-214.16393,84.74659,-380.26419,-48.063671
-16.5,27,-23.105244,18.630383,-59.620125,13.409636,-1.3254412,17.856138,-36.322826,33.671947,-214.99817,82.587395,-376.86649,-53.129856,-213.67273,84.552216,-379.39203,-47.953434
-16.4,27,-23.052128,18.587555,-59.483067,13.37881,-1.3223943,17.815088,-36.239326,33.59454,-214.50392,82.397537,-376.00012,-53.007717,-213.18152,84.357841,-378.51984,-47.843197
-16.3,27,-22.999012,18.544725,-59.346008,13.347982,-1.3193473,17.77404,-36.155827,33.517132,-214.00966,82.20768,-375.13376,-52.885578,-212.69032,84.163467,-377.64767,-47.732956
-16.2,27,-22.945898,18.501898,-59.208954,13.317156,-1.3163004,17.732992,-36.072327,33.439728,-213.51543,82.017822,-374.2674,-52.763443,-212.19913,83.969093,-376.77554,-47.622723
-16.1,27,-22.892782,18.45907,-59.071896,13.286329,-1.3132533,17.691944,-35.988827,33.36232,-213.02118,81.827965,-373.40103,-52.641304,-211.70792,83.774719,-375.90335,-47.512482
-16,27,-22.839666,18.416241,-58.934837,13.255503,-1.3102063,17.650894,-35.905323,33.284912,-212.52692,81.638107,-372.53467,-52.519169,-211.21672,83.580345,-375.03119,-47.402245
-15.9,27,-22.786551,18.373413,-58.797779,13.224676,-1.3071593,17.609846,-35.821823,33.207504,-212.03267,81.448257,-371.6683,-52.39703,-210.72551,83.385971,-374.15903,-47.292007
-15.8,27,-22.733437,18.330584,-58.660721,13.19385,-1.3041123,17.568798,-35.738323,33.1301,-211.53842,81.2584,-370.80197,-52.274891,-210.23431,83.191605,-373.28687,-47.18177
-15.7,27,-22.680321,18.287756,-58.523663,13.163022,-1.3010653,17.527748,-35.654823,33.052692,-211.04417,81.068542,-369.93561,-52.152756,-209.74312,82.997231,-372.4147,-47.071533
-15.6,27,-22.627205,18.244928,-58.386604,13.132195,-1.2980183,17.4867,-35.571323,32.975285,-210.54993,80.878685,-369.06924,-52.030617,-209.25191,82.802856,-371.54254,-46.961296
-15.5,27,-22.574089,18.202099,-58.249546,13.101369,-1.2949713,17.445652,-35.48782,32.897877,-210.05568,80.688828,-368.20288,-51.908478,-208.76071,82.608482,-370.67035,-46.851055
-15.4,27,-22.520973,18.159269,-58.112488,13.070542,-1.2919244,17.404604,-35.40432,32.820473,-209.56143,80.49897,-367.33652,-51.786343,-208.2695,82.414108,-369.79819,-46.740818
-15.3,27,-22.467859,18.116442,-57.975433,13.039716,-1.2888774,17.363554,-35.32082,32.743065,-209.06718,80.30912,-366.47015,-51.664204,-207.77831,82.219742,-368.92603,-46.630581
-15.2,27,-22.414743,18.073614,-57.838375,13.008888,-1.2858304,17.322506,-35.23732,32.665657,-208.57294,80.119263,-365.60379,-51.542065,-207.28711,82.025368,-368.05386,-46.520344
-15.1,27,-22.361628,18.030785,-57.701317,12.978062,-1.2827834,17.281458,-35.153816,32.588249,-208.07869,79.929405,-364.73746,-51.41993,-206.7959,81.830994,-367.1817,-46.410107
-15,27,-22.308512,17.987957,-57.564259,12.947235,-1.2797364,17.240408,-35.070316,32.510845,-207.58444,79.739548,-363.87109,-51.297791,-206.3047,81.63662,-366.30954,-46.299866
-14.9,27,-22.255396,17.945127,-57.4272,12.916409,-1.2766894,17.19936,-34.986816,32.433437,-207.09018,79.54969,-363.00473,-51.175652,-205.81349,81.442245,-365.43738,-46.189629
-14.8,27,-22.20228,17.9023,-57.290142,12.885582,-1.2736424,17.158312,-34.903316,32.35603,-206.59595,79.35984,-362.13837,-51.053516,-205.3223,81.247871,-364.56522,-46.079391
-14.7,27,-22.149164,17.85947,-57.153084,12.854754,-1.2705954,17.117264,-34.819813,32.278622,-206.10168,79.169983,-361.272,-50.931377,-204.8311,81.053497,-363.69302,-45.969154
-14.6,27,-22.09605,17.816643,-57.016029,12.823928,-1.2675484,17.076214,-34.736313,32.201218,-205.60744,78.980125,-360.40564,-50.809242,-204.33989,80.859131,-362.82086,-45.858917
-14.5,27,-22.042934,17.773813,-56.878971,12.793101,-1.2645015,17.035166,-34.652813,32.12381,-205.11319,78.790268,-359.53928,-50.687103,-203.84869,80.664757,-361.9487,-45.74868
-14.4,27,-21.989819,17.730986,-56.741913,12.762275,-1.2614545,16.994118,-34.569313,32.046402,-204.61894,78.60041,-358.67291,-50.564964,-203.35748,80.470383,-361.07654,-45.638439
-14.3,27,-21.936703,17.688158,-56.604855,12.731448,-1.2584075,16.95307,-34.485813,31.968996,-204.12469,78.410561,-357.80658,-50.442829,-202.86629,80.276009,-360.20438,-45.528202
-14.2,27,-21.883587,17.645329,-56.467796,12.700621,-1.2553605,16.91202,-34.402309,31.89159,-203.63045,78.220703,-356.94022,-50.32069,-202.37509,80.081635,-359.33221,-45.417965
-14.1,27,-21.830473,17.602501,-56.330738,12.669794,-1.2523135,16.870972,-34.31881,31.814184,-203.1362,78.030846,-356.07385,-50.198555,-201.88388,79.88726,-358.46005,-45.307728
-14,27,-21.777357,17.559671,-56.19368,12.638968,-1.2492665,16.829924,-34.23531,31.736776,-202.64195,77.840988,-355.20749,-50.076416,-201.39268,79.692894,-357.58789,-45.197491
-13.9,27,-21.724241,17.516844,-56.056622,12.608141,-1.2462195,16.788874,-34.15181,31.659369,-202.14771,77.651131,-354.34113,-49.954277,-200.90147,79.49852,-356.7157,-45.08725
-13.8,27,-21.671125,17.474014,-55.919567,12.577314,-1.2431725,16.747826,-34.06831,31.581963,-201.65346,77.461281,-353.47476,-49.832142,-200.41028,79.304146,-355.84354,-44.977013
-13.7,27,-21.61801,17.431187,-55.782509,12.546487,-1.2401255,16.706778,-33.984806,31.504557,-201.15921,77.271423,-352.6084,-49.710003,-199.91908,79.109772,-354.97137,-44.866776
-13.6,27,-21.564896,17.388357,-55.645451,12.51566,-1.2370785,16.66573,-33.901306,31.427149,-200.66496,77.081566,-351.74207,-49.587864,-199.42789,78.915398,-354.09921,-44.756538
-13.5,27,-21.51178,17.34553,-55.508392,12.484834,-1.2340316,16.62468,-33.817806,31.349743,-200.1707,76.891708,-350.8757,-49.465729,-198.93668,78.721024,-353.22705,-44.646301
-13.4,27,-21.458664,17.3027,-55.371334,12.454007,-1.2309846,16.583632,-33.734306,31.272335,-199.67645,76.701851,-350.00934,-49.34359,-198.44547,78.526649,-352.35489,-44.536064
-13.3,27,-21.405548,17.259872,-55.234276,12.423181,-1.2279376,16.542583,-33.650803,31.194929,-199.18221,76.511993,-349.14297,-49.221451,-197.95427,78.332283,-351.48273,-44.425827
-13.2,27,-21.352432,17.217045,-55.097218,12.392353,-1.2248906,16.501534,-33.567303,31.117521,-198.68796,76.322144,-348.27661,-49.099316,-197.46307,78.137909,-350.61057,-44.315586
-13.1,27,-21.299316,17.174215,-54.960163,12.361526,-1.2218436,16.460485,-33.483803,31.040115,-198.19371,76.132286,-347.41025,-48.977177,-196.97188,77.943535,-349.7384,-44.205349
-13,27,-21.246202,17.131388,-54.823105,12.3307,-1.2187966,16.419437,-33.400303,30.962709,-197.69946,75.942429,-346.54388,-48.855038,-196.48067,77.749161,-348.86621,-44.095112
-12.9,27,-21.193087,17.088558,-54.686047,12.299873,-1.2157496,16.378387,-33.316799,30.885302,-197.20522,75.752571,-345.67752,-48.732903,-195.98947,77.554787,-347.99405,-43.984875
-12.8,27,-21.139971,17.045731,-54.548988,12.269047,-1.2127026,16.337339,-33.233299,30.807896,-196.71097,75.562714,-344.81116,-48.610764,-195.49826,77.360413,-347.12189,-43.874638
-12.7,27,-21.086855,17.002901,-54.41193,12.23822,-1.2096556,16.296291,-33.149799,30.730488,-196.21672,75.372856,-343.94479,-48.488625,-195.00706,77.166039,-346.24973,-43.764397
-12.6,27,-21.033739,16.960073,-54.274872,12.207394,-1.2066087,16.255243,-33.066299,30.653082,-195.72247,75.183006,-343.07846,-48.366489,-194.51587,76.971672,-345.37756,-43.65416
-12.5,27,-20.980623,16.917244,-54.137814,12.176566,-1.2035617,16.214193,-32.9828,30.575674,-195.22823,74.993149,-342.2121,-48.24435,-194.02466,76.777298,-344.5054,-43.543922
-12.4,27,-20.927509,16.874416,-54.000755,12.14574,-1.2005147,16.173145,-32.899296,30.498268,-194.73396,74.803291,-341.34573,-48.122215,-193.53346,76.582924,-343.63324,-43.433685
-12.3,27,-20.874393,16.831589,-53.863701,12.114913,-1.1974677,16.132097,-32.815796,30.420862,-194.23973,74.613434,-340.47937,-48.000076,-193.04225,76.38855,-342.76108,-43.323448
-12.2,27,-20.821278,16.788759,-53.726643,12.084086,-1.1944207,16.091047,-32.732296,30.343454,-193.74547,74.423576,-339.61301,-47.877937,-192.55106,76.194176,-341.88889,-43.213211
-12.1,27,-20.768162,16.745932,-53.589584,12.05326,-1.1913737,16.049999,-32.648796,30.266048,-193.25122,74.233727,-338.74664,-47.755802,-192.05986,75.999809,-341.01672,-43.102974
-12,27,-20.715046,16.703102,-53.452526,12.022432,-1.1883267,16.008951,-32.565292,30.188641,-192.75697,74.043869,-337.88028,-47.633663,-191.56865,75.805435,-340.14456,-42.992733
-11.9,27,-20.66193,16.660275,-53.315468,11.991606,-1.1852796,15.967902,-32.481792,30.111235,-192.26273,73.854012,-337.01392,-47.511524,-191.07745,75.611061,-339.2724,-42.882496
-11.8,27,-20.608816,16.617445,-53.17841,11.960779,-1.1822327,15.926854,-32.398293,30.033827,-191.76848,73.664154,-336.14758,-47.389389,-190.58624,75.416687,-338.40024,-42.772259
-11.7,27,-20.5557,16.574617,-53.041351,11.929953,-1.1791856,15.885805,-32.314793,29.956421,-191.27423,73.474297,-335.28122,-47.26725,-190.09505,75.222313,-337.52808,-42.662022
-11.6,27,-20.502584,16.531788,-52.904297,11.899126,-1.1761388,15.844757,-32.231293,29.879015,-190.77998,73.284447,-334.41486,-47.145115,-189.60385,75.027939,-336.65591,-42.551785
-11.5,27,-20.449469,16.48896,-52.767239,11.868299,-1.1730918,15.803708,-32.147789,29.801607,-190.28574,73.094589,-333.54849,-47.022976,-189.11264,74.833565,-335.78375,-42.441544
-11.4,27,-20.396353,16.446131,-52.63018,11.837472,-1.1700447,15.762659,-32.064289,29.724199,-189.79149,72.904732,-332.68213,-46.900837,-188.62144,74.639191,-334.91156,-42.331306
-11.3,27,-20.343239,16.403303,-52.493122,11.806645,-1.1669978,15.721611,-31.980789,29.646793,-189.29724,72.714874,-331.81577,-46.778702,-188.13023,74.444824,-334.0394,-42.221069
-11.2,27,-20.290123,16.360476,-52.356064,11.775819,-1.1639507,15.680562,-31.897287,29.569387,-188.80299,72.525017,-330.9494,-46.656563,-187.63904,74.25045,-333.16724,-42.110832
-11.1,27,-20.237007,16.317646,-52.219006,11.744992,-1.1609038,15.639514,-31.813787,29.49198,-188.30875,72.335167,-330.08307,-46.534424,-187.14784,74.056076,-332.29507,-42.000595
-11,27,-20.183891,16.274818,-52.081947,11.714165,-1.1578567,15.598465,-31.730288,29.414574,-187.81448,72.145309,-329.21671,-46.412289,-186.65663,73.861702,-331.42291,-41.890354
-10.9,27,-20.130775,16.231989,-51.944889,11.683338,-1.1548097,15.557416,-31.646786,29.337166,-187.32024,71.955452,-328.35034,-46.29015,-186.16544,73.667328,-330.55075,-41.780117
-10.8,27,-20.077662,16.189161,-51.807835,11.652512,-1.1517627,15.516368,-31.563286,29.25976,-186.82599,71.765594,-327.48398,-46.168011,-185.67422,73.472961,-329.67859,-41.66988
-10.7,27,-20.024546,16.146332,-51.670776,11.621685,-1.1487157,15.475319,-31.479784,29.182352,-186.33174,71.575737,-326.61761,-46.045876,-185.18303,73.278587,-328.80643,-41.559643
-10.6,27,-19.97143,16.103504,-51.533718,11.590858,-1.1456687,15.434271,-31.396284,29.104946,-185.83749,71.385887,-325.75125,-45.923737,-184.69183,73.084213,-327.93427,-41.449406
-10.5,27,-19.918314,16.060675,-51.39666,11.560031,-1.1426218,15.393222,-31.312782,29.02754,-185.34325,71.19603,-324.88489,-45.801598,-184.20062,72.889839,-327.06207,-41.339169
-10.4,27,-19.865198,16.017847,-51.259602,11.529204,-1.1395748,15.352174,-31.229282,28.950132,-184.849,71.006172,-324.01852,-45.679462,-183.70943,72.695465,-326.18991,-41.228928
-10.3,27,-19.812082,15.975019,-51.122543,11.498378,-1.1365278,15.311125,-31.145782,28.872726,-184.35475,70.816315,-323.15219,-45.557323,-183.21822,72.501091,-325.31775,-41.11869
-10.2,27,-19.758968,15.93219,-50.985485,11.467551,-1.1334808,15.270077,-31.062281,28.795319,-183.8605,70.626457,-322.28583,-45.435188,-182.72702,72.306717,-324.44559,-41.008453
-10.1,27,-19.705853,15.889361,-50.848431,11.436725,-1.1304338,15.229028,-30.978781,28.717913,-183.36626,70.4366,-321.41946,-45.313049,-182.23582,72.11235,-323.57343,-40.898216
-10,27,-19.652737,15.846533,-50.711372,11.405897,-1.1273868,15.18798,-30.895279,28.640505,-182.87201,70.24675,-320.5531,-45.19091,-181.74461,71.917976,-322.70126,-40.787979
-9.9,27,-19.599621,15.803704,-50.574314,11.375071,-1.1243398,15.146931,-30.811779,28.563099,-182.37775,70.056892,-319.68674,-45.068775,-181.25342,71.723602,-321.8291,-40.677738
-9.800000000000001,27,-19.546505,15.760877,-50.437256,11.344244,-1.1212928,15.105882,-30.728277,28.485693,-181.88351,69.867035,-318.82037,-44.946636,-180.76222,71.529228,-320.95694,-40.567501
-9.699999999999999,27,-19.493389,15.718047,-50.300198,11.313417,-1.1182458,15.064834,-30.644777,28.408285,-181.38925,69.677177,-317.95401,-44.824497,-180.27101,71.334854,-320.08475,-40.457264
-9.6,27,-19.440275,15.67522,-50.163139,11.282591,-1.1151989,15.023785,-30.561277,28.330879,-180.895,69.48732,-317.08765,-44.702362,-179.77982,71.14048,-319.21259,-40.347027
-9.5,27,-19.387159,15.632391,-50.026081,11.251763,-1.1121519,14.982737,-30.477776,28.253471,-180.40076,69.297462,-316.22131,-44.580223,-179.2886,70.946106,-318.34042,-40.23679
-9.4,27,-19.334044,15.589562,-49.889023,11.220937,-1.1091049,14.941688,-30.394274,28.176065,-179.90651,69.107613,-315.35495,-44.458084,-178.79741,70.75174,-317.46826,-40.126553
-9.300000000000001,27,-19.280928,15.546734,-49.751968,11.19011,-1.1060579,14.90064,-30.310774,28.098658,-179.41226,68.917755,-314.48859,-44.335949,-178.30621,70.557365,-316.5961,-40.016315
-9.199999999999999,27,-19.227812,15.503905,-49.61491,11.159284,-1.1030109,14.859591,-30.227272,28.021252,-178.91801,68.727898,-313.62222,-44.21381,-177.815,70.362991,-315.72394,-39.906075
-9.1,27,-19.174698,15.461077,-49.477852,11.128457,-1.0999639,14.818542,-30.143772,27.943846,-178.42377,68.53804,-312.75586,-44.091675,-177.32381,70.168617,-314.85178,-39.795837
-9,27,-19.121582,15.418248,-49.340794,11.097631,-1.0969169,14.777493,-30.060272,27.866438,-177.92952,68.348183,-311.8895,-43.969536,-176.8326,69.974243,-313.97961,-39.6856
-8.9,27,-19.068466,15.37542,-49.203735,11.066803,-1.0938699,14.736444,-29.97677,27.78903,-177.43527,68.158325,-311.02313,-43.847397,-176.3414,69.779869,-313.10742,-39.575363
-8.800000000000001,27,-19.01535,15.332592,-49.066677,11.035976,-1.0908229,14.695396,-29.89327,27.711624,-176.94102,67.968475,-310.15677,-43.725262,-175.8502,69.585503,-312.23526,-39.465126
-8.699999999999999,27,-18.962234,15.289762,-48.929619,11.00515,-1.0877759,14.654347,-29.809769,27.634218,-176.44678,67.778618,-309.29041,-43.603123,-175.35899,69.391129,-311.3631,-39.354885
-8.6,27,-18.909121,15.246935,-48.792564,10.974323,-1.084729,14.613299,-29.726269,27.55681,-175.95253,67.58876,-308.42407,-43.480984,-174.8678,69.196754,-310.49094,-39.244648
-8.5,27,-18.856005,15.204106,-48.655506,10.943497,-1.081682,14.57225,-29.642767,27.479404,-175.45827,67.398903,-307.55771,-43.358849,-174.37659,69.00238,-309.61877,-39.134411
-8.4,27,-18.802889,15.161278,-48.518444,10.912669,-1.078635,14.531201,-29.559267,27.401997,-174.96402,67.209045,-306.69135,-43.23671,-173.88539,68.808006,-308.74661,-39.024174
-8.300000000000001,27,-18.749773,15.118449,-48.38139,10.881843,-1.075588,14.490153,-29.475767,27.324591,-174.46977,67.019196,-305.82498,-43.114571,-173.3942,68.613632,-307.87445,-38.913937
-8.199999999999999,27,-18.696657,15.075621,-48.244331,10.851016,-1.072541,14.449104,-29.392265,27.247183,-173.97552,66.829338,-304.95862,-42.992435,-172.90298,68.419258,-307.00229,-38.803699
-8.1,27,-18.643541,15.032792,-48.107273,10.820189,-1.069494,14.408056,-29.308765,27.169777,-173.48128,66.639481,-304.09225,-42.870296,-172.41179,68.224892,-306.13013,-38.693462
-8,27,-18.590425,14.989964,-47.970215,10.789363,-1.066447,14.367007,-29.225264,27.092371,-172.98703,66.449623,-303.22589,-42.748161,-171.92058,68.030518,-305.25793,-38.583221
-7.9,27,-18.537312,14.947135,-47.833157,10.758535,-1.0634,14.325959,-29.141764,27.014963,-172.49278,66.259766,-302.35956,-42.626022,-171.42938,67.836143,-304.38577,-38.472984
-7.8,27,-18.484196,14.904306,-47.696098,10.727709,-1.060353,14.28491,-29.058262,26.937557,-171.99854,66.069916,-301.49319,-42.503883,-170.93819,67.641769,-303.51361,-38.362747
-7.7,27,-18.43108,14.861478,-47.55904,10.696882,-1.0573061,14.243861,-28.974762,26.860149,-171.50429,65.880058,-300.62683,-42.381748,-170.44698,67.447395,-302.64145,-38.25251
-7.6,27,-18.377964,14.81865,-47.421986,10.666056,-1.0542591,14.202813,-28.89126,26.782743,-171.01004,65.690201,-299.76047,-42.259609,-169.95578,67.253021,-301.76929,-38.142273
-7.5,27,-18.324848,14.775822,-47.284927,10.635229,-1.0512121,14.161764,-28.80776,26.705336,-170.51579,65.500343,-298.8941,-42.13747,-169.46457,67.058655,-300.89713,-38.032032
-7.4,27,-18.271734,14.732993,-47.147869,10.604403,-1.0481651,14.120716,-28.72426,26.62793,-170.02155,65.310486,-298.02774,-42.015335,-168.97337,66.864281,-300.02496,-37.921795
-7.3,27,-18.218618,14.690165,-47.010811,10.573575,-1.0451181,14.079667,-28.640759,26.550522,-169.5273,65.120636,-297.16138,-41.893196,-168.48218,66.669907,-299.1528,-37.811558
-7.2,27,-18.165503,14.647336,-46.873753,10.542748,-1.0420711,14.038619,-28.557259,26.473116,-169.03304,64.930779,-296.29501,-41.771057,-167.99097,66.475533,-298.28061,-37.701321
-7.1,27,-18.112387,14.604507,-46.736694,10.511922,-1.0390241,13.99757,-28.473757,26.395708,-168.53879,64.740921,-295.42865,-41.648922,-167.49977,66.281158,-297.40845,-37.591084
-7,27,-18.059271,14.561679,-46.599636,10.481095,-1.0359771,13.956521,-28.390257,26.318302,-168.04454,64.551064,-294.56232,-41.526783,-167.00856,66.086784,-296.53629,-37.480846
-6.9,27,-18.006155,14.51885,-46.462582,10.450269,-1.0329301,13.915473,-28.306755,26.240896,-167.55029,64.361206,-293.69595,-41.404648,-166.51736,65.892418,-295.66412,-37.370605
-6.8,27,-17.953041,14.476022,-46.325523,10.419441,-1.0298831,13.874424,-28.223255,26.163488,-167.05605,64.171356,-292.82959,-41.282509,-166.02617,65.698044,-294.79196,-37.260368
-6.7,27,-17.899925,14.433193,-46.188465,10.388615,-1.0268362,13.833376,-28.139753,26.086082,-166.5618,63.981495,-291.96323,-41.16037,-165.53496,65.50367,-293.9198,-37.150131
-6.6,27,-17.846809,14.390365,-46.051407,10.357788,-1.0237892,13.792327,-28.056253,26.008675,-166.06755,63.791641,-291.09686,-41.038235,-165.04376,65.309296,-293.04764,-37.039894
-6.5,27,-17.793694,14.347537,-45.914349,10.326962,-1.0207422,13.751279,-27.972754,25.931269,-165.5733,63.601784,-290.2305,-40.916096,-164.55257,65.114922,-292.17548,-36.929657
-6.4,27,-17.740578,14.304708,-45.77729,10.296135,-1.0176952,13.71023,-27.889252,25.853861,-165.07906,63.411926,-289.36414,-40.793957,-164.06136,64.920547,-291.30328,-36.81942
-6.3,27,-17.687464,14.26188,-45.640232,10.265307,-1.0146482,13.669182,-27.805752,25.776455,-164.58481,63.222073,-288.4978,-40.671822,-163.57016,64.726173,-290.43112,-36.709179
-6.2,27,-17.634348,14.219051,-45.503174,10.234481,-1.0116012,13.628133,-27.72225,25.699047,-164.09056,63.032215,-287.63144,-40.549683,-163.07895,64.531807,-289.55896,-36.598942
-6.1,27,-17.581232,14.176223,-45.366119,10.203654,-1.0085542,13.587084,-27.63875,25.621641,-163.59631,62.842358,-286.76508,-40.427544,-162.58775,64.337433,-288.6868,-36.488705
-6,27,-17.528116,14.133394,-45.229061,10.172828,-1.0055072,13.546036,-27.555248,25.544235,-163.10205,62.652504,-285.89871,-40.305408,-162.09656,64.143059,-287.81464,-36.378468
-5.9,27,-17.475,14.090566,-45.092003,10.142001,-1.0024602,13.504987,-27.471748,25.466827,-162.6078,62.462646,-285.03235,-40.18327,-161.60535,63.948685,-286.94247,-36.26823
-5.8,27,-17.421885,14.047737,-44.954945,10.111175,-.99941319,13.463939,-27.388248,25.389421,-162.11356,62.272793,-284.16599,-40.061134,-161.11415,63.754314,-286.07031,-36.157993
-5.7,27,-17.368771,14.004909,-44.817886,10.080347,-.9963662,13.42289,-27.304747,25.312014,-161.61931,62.082935,-283.29962,-39.938995,-160.62294,63.55994,-285.19815,-36.047752
-5.6,27,-17.315655,13.96208,-44.680828,10.04952,-.99331921,13.381841,-27.221247,25.234608,-161.12506,61.893078,-282.43326,-39.816856,-160.13174,63.365566,-284.32596,-35.937515
-5.5,27,-17.262539,13.919252,-44.54377,10.018694,-.99027222,13.340793,-27.137745,25.1572,-160.63081,61.703224,-281.56689,-39.694721,-159.64055,63.171192,-283.4538,-35.827278
-5.4,27,-17.209423,13.876424,-44.406715,9.9878674,-.98722523,13.299744,-27.054245,25.079794,-160.13657,61.513367,-280.70056,-39.572582,-159.14934,62.976822,-282.58163,-35.717041
-5.3,27,-17.156307,13.833595,-44.269657,9.9570408,-.98417825,13.258696,-26.970743,25.002388,-159.64232,61.323513,-279.8342,-39.450443,-158.65814,62.782448,-281.70947,-35.606804
-5.2,27,-17.103191,13.790767,-44.132599,9.9262133,-.98113126,13.217647,-26.887243,24.92498,-159.14807,61.133656,-278.96783,-39.328308,-158.16693,62.588074,-280.83731,-35.496563
-5.1,27,-17.050077,13.747938,-43.995541,9.8953867,-.97808427,13.176599,-26.803741,24.847574,-158.65382,60.943798,-278.10147,-39.206169,-157.67574,62.393703,-279.96515,-35.386326
-5,27,-16.996962,13.70511,-43.858482,9.8645601,-.97503728,13.13555,-26.720242,24.770166,-158.15958,60.753944,-277.23511,-39.08403,-157.18454,62.199329,-279.09299,-35.276089
-4.9,27,-16.943846,13.662281,-43.721424,9.8337336,-.97199029,13.094501,-26.636742,24.69276,-157.66533,60.564087,-276.36874,-38.961895,-156.69333,62.004955,-278.22083,-35.165852
-4.8,27,-16.89073,13.619452,-43.584366,9.802907,-.9689433,13.053452,-26.55324,24.615353,-157.17108,60.374229,-275.50238,-38.839756,-156.20213,61.810585,-277.34866,-35.055614
-4.7,27,-16.837614,13.576624,-43.447308,9.7720795,-.96589631,13.012403,-26.46974,24.537947,-156.67682,60.184376,-274.63602,-38.717617,-155.71092,61.616211,-276.47647,-34.945377
-4.6,27,-16.7845,13.533795,-43.310253,9.7412529,-.96284932,12.971355,-26.386238,24.460539,-156.18257,59.994518,-273.76968,-38.595482,-155.21973,61.421837,-275.60431,-34.835136
-4.5,27,-16.731384,13.490968,-43.173195,9.7104263,-.95980233,12.930306,-26.302738,24.383133,-155.68832,59.804661,-272.90332,-38.473343,-154.72853,61.227463,-274.73215,-34.724899
-4.4,27,-16.678268,13.448139,-43.036137,9.6795998,-.95675534,12.889258,-26.219236,24.305727,-155.19408,59.614807,-272.03696,-38.351208,-154.23732,61.033092,-273.85999,-34.614662
-4.3,27,-16.625153,13.405311,-42.899078,9.6487732,-.95370835,12.848209,-26.135736,24.228319,-154.69983,59.42495,-271.17059,-38.229069,-153.74612,60.838718,-272.98782,-34.504425
-4.2,27,-16.572037,13.362482,-42.76202,9.6179457,-.9506613,12.80716,-26.052235,24.150913,-154.20558,59.235092,-270.30423,-38.10693,-153.25491,60.644344,-272.11566,-34.394188
-4.1,27,-16.518921,13.319654,-42.624962,9.5871191,-.94761431,12.766112,-25.968735,24.073505,-153.71133,59.045238,-269.43787,-37.984795,-152.76372,60.449974,-271.2435,-34.283951
-4,27,-16.465807,13.276825,-42.487904,9.5562925,-.94456732,12.725063,-25.885233,23.996099,-153.21709,58.855381,-268.5715,-37.862656,-152.27252,60.2556,-270.37134,-34.17371
-3.9,27,-16.412691,13.233996,-42.350849,9.525466,-.94152039,12.684015,-25.801733,23.918692,-152.72284,58.665527,-267.70517,-37.740517,-151.78131,60.061226,-269.49915,-34.063473
-3.8,27,-16.359575,13.191168,-42.213791,9.4946394,-.93847334,12.642966,-25.718233,23.841286,-152.22859,58.47567,-266.83881,-37.618382,-151.29012,59.866856,-268.62698,-33.953236
-3.7,27,-16.306459,13.148339,-42.076733,9.4638119,-.93542635,12.601918,-25.634731,23.76388,-151.73434,58.285812,-265.97244,-37.496243,-150.79892,59.672482,-267.75482,-33.842999
-3.6,27,-16.253344,13.105511,-41.939674,9.4329853,-.93237936,12.560869,-25.551231,23.686472,-151.2401,58.095959,-265.10608,-37.374104,-150.30771,59.478107,-266.88266,-33.732761
-3.5,27,-16.20023,13.062683,-41.802616,9.4021587,-.92933238,12.519821,-25.46773,23.609066,-150.74583,57.906101,-264.23972,-37.251968,-149.81651,59.283737,-266.0105,-33.622524
-3.4,27,-16.147114,13.019855,-41.665558,9.3713322,-.92628539,12.478772,-25.38423,23.531658,-150.25159,57.716248,-263.37335,-37.129829,-149.3253,59.089363,-265.13834,-33.512283
-3.3,27,-16.093998,12.977026,-41.5285,9.3405056,-.9232384,12.437723,-25.300728,23.454252,-149.75734,57.52639,-262.50699,-37.00769,-148.83411,58.894989,-264.26617,-33.402046
-3.2,27,-16.040882,12.934197,-41.391441,9.309679,-.92019141,12.396675,-25.217228,23.376844,-149.26309,57.336533,-261.64063,-36.885555,-148.34291,58.700619,-263.39401,-33.291809
-3.1,27,-15.987766,12.891369,-41.254387,9.2788515,-.91714442,12.355626,-25.133726,23.299438,-148.76884,57.146679,-260.77426,-36.763416,-147.8517,58.506245,-262.52182,-33.181572
-3,27,-15.934651,12.84854,-41.117329,9.2480249,-.91409743,12.314578,-25.050226,23.222031,-148.2746,56.956821,-259.90793,-36.641281,-147.3605,58.311871,-261.64966,-33.071335
-2.9,27,-15.881536,12.805712,-40.98027,9.2171984,-.91105044,12.273529,-24.966726,23.144625,-147.78035,56.766964,-259.04156,-36.519142,-146.86929,58.117496,-260.7775,-32.961098
-2.8,27,-15.828421,12.762883,-40.843212,9.1863718,-.90800345,12.232481,-24.883224,23.067219,-147.2861,56.57711,-258.1752,-36.397003,-146.3781,57.923126,-259.90533,-32.850857
-2.7,27,-15.775305,12.720055,-40.706154,9.1555452,-.90495646,12.191432,-24.799725,22.989811,-146.79185,56.387253,-257.30884,-36.274868,-145.8869,57.728752,-259.03317,-32.74062
-2.6,27,-15.722189,12.677226,-40.569096,9.1247177,-.90190947,12.150383,-24.716223,22.912405,-146.29761,56.197395,-256.44247,-36.152729,-145.39569,57.534378,-258.16101,-32.630383
-2.5,27,-15.669074,12.634398,-40.432037,9.0938911,-.89886248,12.109335,-24.632723,22.834997,-145.80336,56.007542,-255.57611,-36.03059,-144.9045,57.340008,-257.28885,-32.520145
-2.4,27,-15.615958,12.59157,-40.294983,9.0630646,-.89581549,12.068286,-24.549221,22.757591,-145.30911,55.817684,-254.70976,-35.908455,-144.41328,57.145634,-256.41669,-32.409908
-2.3,27,-15.562842,12.548741,-40.157925,9.032238,-.8927685,12.027238,-24.465721,22.680183,-144.81485,55.627831,-253.8434,-35.786316,-143.92209,56.95126,-255.54451,-32.299667
-2.2,27,-15.509727,12.505913,-40.020866,9.0014114,-.88972151,11.986189,-24.382221,22.602777,-144.3206,55.437973,-252.97704,-35.664177,-143.43089,56.756889,-254.67235,-32.18943
-2.1,27,-15.456612,12.463084,-39.883808,8.9705839,-.88667452,11.945141,-24.298719,22.52537,-143.82635,55.248116,-252.11067,-35.542042,-142.93968,56.562515,-253.80017,-32.079193
-2,27,-15.403496,12.420256,-39.74675,8.9397573,-.88362753,11.904092,-24.215219,22.447964,-143.33211,55.058262,-251.24432,-35.419903,-142.44849,56.368141,-252.92801,-31.968956
-1.9,27,-15.350381,12.377427,-39.609692,8.9089308,-.88058054,11.863043,-24.131718,22.370558,-142.83786,54.868404,-250.37796,-35.297768,-141.95728,56.173767,-252.05585,-31.858719
-1.8,27,-15.297265,12.334599,-39.472633,8.8781042,-.87753356,11.821995,-24.048218,22.29315,-142.34361,54.678547,-249.5116,-35.175629,-141.46608,55.979397,-251.18369,-31.74848
-1.7,27,-15.24415,12.29177,-39.335575,8.8472776,-.87448657,11.780946,-23.964716,22.215744,-141.84937,54.488693,-248.64523,-35.05349,-140.97488,55.785023,-250.31151,-31.638243
-1.6,27,-15.191034,12.248941,-39.198521,8.8164501,-.87143958,11.739898,-23.881216,22.138336,-141.35512,54.298836,-247.77888,-34.931355,-140.48367,55.590649,-249.43935,-31.528006
-1.5,27,-15.137918,12.206113,-39.061462,8.7856236,-.86839259,11.698849,-23.797714,22.06093,-140.86087,54.108982,-246.91252,-34.809216,-139.99248,55.396278,-248.56718,-31.417767
-1.4,27,-15.084804,12.163285,-38.924404,8.754797,-.8653456,11.657801,-23.714214,21.983522,-140.36662,53.919125,-246.04616,-34.687077,-139.50127,55.201904,-247.69502,-31.307529
-1.3,27,-15.031688,12.120457,-38.787346,8.7239704,-.86229861,11.616752,-23.630714,21.906116,-139.87238,53.729267,-245.17979,-34.564941,-139.01007,55.00753,-246.82285,-31.197292
-1.2,27,-14.978572,12.077628,-38.650288,8.6931438,-.85925162,11.575703,-23.547213,21.828711,-139.37813,53.539413,-244.31345,-34.442802,-138.51888,54.81316,-245.95068,-31.087053
-1.1,27,-14.925457,12.0348,-38.513229,8.6623173,-.85620463,11.534655,-23.463713,21.751303,-138.88388,53.349556,-243.44708,-34.320663,-138.02766,54.618786,-245.07852,-30.976816
-1,27,-14.872341,11.991971,-38.376171,8.6314898,-.85315758,11.493606,-23.380211,21.673897,-138.38962,53.159698,-242.58072,-34.198528,-137.53647,54.424412,-244.20636,-30.866579
-.9,27,-14.819225,11.949142,-38.239113,8.6006632,-.85011059,11.452558,-23.296711,21.596489,-137.89537,52.969845,-241.71436,-34.076389,-137.04527,54.230042,-243.3342,-30.75634
-.8,27,-14.76611,11.906314,-38.102058,8.5698366,-.8470636,11.411509,-23.213209,21.519083,-137.40112,52.779987,-240.84801,-33.954254,-136.55406,54.035667,-242.46202,-30.646103
-.7,27,-14.712995,11.863485,-37.965,8.53901,-.84401661,11.370461,-23.129709,21.441675,-136.90688,52.59013,-239.98164,-33.832115,-136.06287,53.841293,-241.58986,-30.535864
-.6,27,-14.659879,11.820657,-37.827942,8.5081835,-.84096962,11.329412,-23.046207,21.364269,-136.41263,52.400276,-239.11528,-33.709976,-135.57166,53.646923,-240.7177,-30.425627
-.5,27,-14.606764,11.777828,-37.690884,8.477356,-.83792263,11.288363,-22.962708,21.286861,-135.91838,52.210419,-238.24892,-33.587841,-135.08046,53.452549,-239.84554,-30.31539
-.4,27,-14.553648,11.735001,-37.553825,8.4465294,-.83487564,11.247314,-22.879208,21.209455,-135.42413,52.020565,-237.38257,-33.465702,-134.58926,53.258175,-238.97336,-30.205151
-.3,27,-14.500533,11.692172,-37.416767,8.4157028,-.83182865,11.206265,-22.795706,21.13205,-134.92989,51.830708,-236.5162,-33.343563,-134.09805,53.063801,-238.1012,-30.094913
-.2,27,-14.447417,11.649343,-37.279709,8.3848763,-.82878166,11.165217,-22.712206,21.054642,-134.43564,51.64085,-235.64984,-33.221428,-133.60686,52.869431,-237.22903,-29.984676
-.1,27,-14.394301,11.606515,-37.142654,8.3540497,-.82573467,11.124168,-22.628704,20.977236,-133.94139,51.450996,-234.78348,-33.099289,-133.11565,52.675056,-236.35687,-29.874437
0,27,-14.341187,11.563686,-37.005596,8.3232222,-.82268769,11.08312,-22.545204,20.899828,-133.44714,51.261139,-233.91713,-32.97715,-132.62445,52.480682,-235.4847,-29.7642
.1,27,-14.288071,11.520858,-36.868538,8.2923956,-.8196407,11.042071,-22.461702,20.822422,-132.9529,51.071281,-233.05077,-32.855015,-132.13326,52.286312,-234.61253,-29.653963
.2,27,-14.234955,11.478029,-36.73148,8.261569,-.81659371,11.001022,-22.378202,20.745014,-132.45863,50.881428,-232.1844,-32.732876,-131.64204,52.091938,-233.74037,-29.543724
.3,27,-14.18184,11.435201,-36.594421,8.2307425,-.81354672,10.959974,-22.294701,20.667608,-131.96439,50.69157,-231.31804,-32.610741,-131.15085,51.897564,-232.86821,-29.433487
.4,27,-14.128724,11.392372,-36.457363,8.1999159,-.81049973,10.918925,-22.211201,20.5902,-131.47014,50.501717,-230.45169,-32.488602,-130.65964,51.703194,-231.99603,-29.32325
.5,27,-14.075608,11.349544,-36.320305,8.1690884,-.80745274,10.877877,-22.127701,20.512794,-130.97589,50.311859,-229.58533,-32.366463,-130.16844,51.50882,-231.12387,-29.213011
.6,27,-14.022493,11.306715,-36.183247,8.1382618,-.80440575,10.836828,-22.044199,20.435389,-130.48164,50.122002,-228.71896,-32.244328,-129.67725,51.314445,-230.25171,-29.102774
.7,27,-13.969378,11.263887,-36.046192,8.1074352,-.80135876,10.79578,-21.960699,20.357981,-129.9874,49.932148,-227.8526,-32.122189,-129.18604,51.120075,-229.37955,-28.992537
.8,27,-13.916262,11.221059,-35.909134,8.0766087,-.79831177,10.754731,-21.877197,20.280575,-129.49315,49.74229,-226.98625,-32.00005,-128.69484,50.925701,-228.50737,-28.882298
.9,27,-13.863147,11.17823,-35.772076,8.0457821,-.79526478,10.713683,-21.793697,20.203167,-128.9989,49.552433,-226.11989,-31.877913,-128.20363,50.731327,-227.63521,-28.77206
1,27,-13.810031,11.135402,-35.635017,8.0149555,-.79221779,10.672634,-21.710196,20.125761,-128.50465,49.362579,-225.25352,-31.755775,-127.71243,50.536953,-226.76305,-28.661823
1.1,27,-13.756915,11.092573,-35.497959,7.9841285,-.7891708,10.631585,-21.626696,20.048353,-128.01041,49.172722,-224.38716,-31.633638,-127.22123,50.342583,-225.89088,-28.551584
1.2,27,-13.7038,11.049745,-35.360901,7.9533014,-.78612381,10.590537,-21.543194,19.970947,-127.51615,48.982864,-223.52081,-31.511501,-126.73003,50.148209,-225.01871,-28.441347
1.3,27,-13.650684,11.006916,-35.223843,7.9224749,-.78307682,10.549488,-21.459694,19.893539,-127.0219,48.793011,-222.65445,-31.389362,-126.23883,49.953835,-224.14655,-28.33111
1.4,27,-13.597569,10.964087,-35.086784,7.8916483,-.78002983,10.50844,-21.376194,19.816133,-126.52766,48.603153,-221.78809,-31.267225,-125.74763,49.759464,-223.27438,-28.220871
1.5,27,-13.544454,10.921259,-34.94973,7.8608212,-.77698284,10.467391,-21.292692,19.738728,-126.03341,48.4133,-220.92172,-31.145088,-125.25642,49.56509,-222.40222,-28.110634
1.6,27,-13.491338,10.87843,-34.812672,7.8299947,-.77393585,10.426343,-21.209192,19.66132,-125.53916,48.223442,-220.05537,-31.022949,-124.76522,49.370716,-221.53004,-28.000397
1.7,27,-13.438223,10.835603,-34.675613,7.7991676,-.77088886,10.385294,-21.12569,19.583914,-125.04491,48.033585,-219.18901,-30.900812,-124.27402,49.176346,-220.65788,-27.890158
1.8,27,-13.385107,10.792774,-34.538555,7.7683411,-.76784188,10.344245,-21.042191,19.506506,-124.55066,47.843731,-218.32265,-30.778675,-123.78282,48.981972,-219.78572,-27.779921
1.9,27,-13.331991,10.749946,-34.401497,7.7375145,-.76479489,10.303197,-20.958689,19.4291,-124.05641,47.653873,-217.45628,-30.656538,-123.29162,48.787598,-218.91356,-27.669683
2,27,-13.278876,10.707117,-34.264439,7.7066875,-.76174784,10.262148,-20.875189,19.351692,-123.56216,47.464016,-216.58994,-30.534399,-122.80042,48.593227,-218.0414,-27.559444
2.1,27,-13.22576,10.664289,-34.12738,7.6758609,-.75870085,10.2211,-20.791687,19.274286,-123.06792,47.274162,-215.72357,-30.412262,-122.30922,48.398853,-217.16922,-27.449207
2.2,27,-13.172645,10.62146,-33.990326,7.6450338,-.75565386,10.180051,-20.708187,19.196878,-122.57367,47.084305,-214.85721,-30.290125,-121.81802,48.204479,-216.29706,-27.338968
2.3,27,-13.11953,10.578631,-33.853268,7.6142073,-.75260687,10.139003,-20.624687,19.119473,-122.07942,46.894451,-213.99084,-30.167988,-121.32681,48.010109,-215.4249,-27.228731
2.4,27,-13.066414,10.535803,-33.716209,7.5833807,-.74955988,10.097954,-20.541185,19.042067,-121.58517,46.704594,-213.1245,-30.045849,-120.83561,47.815735,-214.55272,-27.118494
2.5,27,-13.013298,10.492974,-33.579151,7.5525537,-.74651289,10.056905,-20.457685,18.964659,-121.09092,46.514736,-212.25813,-29.923712,-120.34441,47.621361,-213.68056,-27.008255
2.6,27,-12.960183,10.450146,-33.442093,7.5217271,-.7434659,10.015857,-20.374184,18.887253,-120.59667,46.324883,-211.39177,-29.801575,-119.85321,47.426987,-212.8084,-26.898018
2.7,27,-12.907067,10.407318,-33.305035,7.4909005,-.74041891,9.9748077,-20.290684,18.809845,-120.10242,46.135025,-210.52541,-29.679436,-119.36201,47.232616,-211.93623,-26.787781
2.8,27,-12.853952,10.36449,-33.167976,7.4600735,-.73737192,9.9337597,-20.207182,18.732439,-119.60818,45.945168,-209.65906,-29.557299,-118.8708,47.038242,-211.06407,-26.677542
2.9,27,-12.800837,10.321661,-33.030918,7.4292469,-.73432493,9.8927107,-20.123682,18.655031,-119.11393,45.755314,-208.79269,-29.435162,-118.3796,46.843868,-210.19189,-26.567305
3,27,-12.747721,10.278832,-32.893864,7.3984199,-.73127794,9.8516626,-20.04018,18.577625,-118.61967,45.565456,-207.92633,-29.313025,-117.8884,46.649498,-209.31973,-26.457067
3.1,27,-12.694606,10.236004,-32.756805,7.3675933,-.72823095,9.8106136,-19.95668,18.500219,-118.12543,45.375603,-207.05997,-29.190886,-117.3972,46.455124,-208.44757,-26.346828
3.2,27,-12.64149,10.193175,-32.619747,7.3367667,-.72518396,9.7695646,-19.87318,18.422812,-117.63118,45.185745,-206.19362,-29.068748,-116.906,46.26075,-207.57541,-26.236591
3.3,27,-12.588374,10.150347,-32.482689,7.3059397,-.72213697,9.7285166,-19.789679,18.345406,-117.13693,44.995888,-205.32726,-28.946611,-116.41479,46.06638,-206.70323,-26.126354
3.4,27,-12.535259,10.107518,-32.345631,7.2751131,-.71908998,9.6874676,-19.706179,18.267998,-116.64268,44.806034,-204.46089,-28.824472,-115.92359,45.872005,-205.83107,-26.016115
3.5,27,-12.482143,10.06469,-32.208572,7.2442861,-.716043,9.6464195,-19.622677,18.190592,-116.14844,44.616177,-203.59453,-28.702335,-115.4324,45.677631,-204.95891,-25.905878
3.6,27,-12.429028,10.021861,-32.071514,7.2134595,-.71299601,9.6053705,-19.539177,18.113184,-115.65419,44.426319,-202.72818,-28.580198,-114.94119,45.483261,-204.08675,-25.795641
3.7,27,-12.375913,9.9790325,-31.934458,7.1826329,-.70994902,9.5643225,-19.455675,18.035778,-115.15993,44.236465,-201.86182,-28.458061,-114.44999,45.288887,-203.21457,-25.685402
3.8,27,-12.322797,9.9362049,-31.7974,7.1518059,-.70690203,9.5232735,-19.372175,17.95837,-114.66569,44.046608,-200.99545,-28.335922,-113.95879,45.094513,-202.34241,-25.575165
3.9,27,-12.269681,9.8933764,-31.660341,7.1209793,-.70385504,9.4822245,-19.288673,17.880964,-114.17144,43.85675,-200.12909,-28.213785,-113.46758,44.900139,-201.47025,-25.464928
4,27,-12.216566,9.8505478,-31.523285,7.0901527,-.70080805,9.4411764,-19.205173,17.803558,-113.67719,43.666897,-199.26274,-28.091648,-112.97639,44.705769,-200.59808,-25.354689
4.1,27,-12.16345,9.8077192,-31.386227,7.0593257,-.69776106,9.4001274,-19.121674,17.726151,-113.18295,43.477039,-198.39638,-27.969511,-112.48518,44.511395,-199.72591,-25.244452
4.2,27,-12.110335,9.7648907,-31.249168,7.0284991,-.69471407,9.3590794,-19.038172,17.648745,-112.6887,43.287186,-197.53001,-27.847372,-111.99398,44.31702,-198.85374,-25.134214
4.3,27,-12.05722,9.7220621,-31.11211,6.9976721,-.69166708,9.3180304,-18.954672,17.571337,-112.19444,43.097328,-196.66365,-27.725235,-111.50278,44.12265,-197.98158,-25.023975
4.4,27,-12.004104,9.6792336,-30.975054,6.9668455,-.68862009,9.2769823,-18.87117,17.493931,-111.7002,42.907471,-195.7973,-27.603098,-111.01157,43.928276,-197.10942,-24.913738
4.5,27,-11.950989,9.636405,-30.837996,6.9360189,-.6855731,9.2359333,-18.78767,17.416523,-111.20595,42.717617,-194.93094,-27.480959,-110.52038,43.733902,-196.23724,-24.803501
4.6,27,-11.897873,9.5935764,-30.700937,6.9051919,-.68252611,9.1948843,-18.704168,17.339117,-110.7117,42.52776,-194.06458,-27.358822,-110.02917,43.539532,-195.36508,-24.693262
4.7,27,-11.844757,9.5507488,-30.563881,6.8743653,-.67947912,9.1538363,-18.620668,17.261711,-110.21745,42.337906,-193.19823,-27.236685,-109.53797,43.345158,-194.49292,-24.583025
4.8,27,-11.791642,9.5079193,-30.426823,6.8435383,-.67643207,9.1127872,-18.537167,17.184303,-109.7232,42.148048,-192.33186,-27.114546,-109.04677,43.150784,-193.62076,-24.472786
4.9,27,-11.738526,9.4650917,-30.289764,6.8127117,-.67338508,9.0717392,-18.453667,17.106897,-109.22895,41.958191,-191.4655,-26.992409,-108.55556,42.956413,-192.74858,-24.362549
5,27,-11.68541,9.4222631,-30.152706,6.7818851,-.67033809,9.0306902,-18.370167,17.02949,-108.7347,41.768337,-190.59914,-26.870272,-108.06437,42.762039,-191.87642,-24.252312
5.1,27,-11.632296,9.3794346,-30.01565,6.7510581,-.6672911,8.9896421,-18.286665,16.952084,-108.24046,41.57848,-189.73277,-26.748135,-107.57317,42.567665,-191.00426,-24.142075
5.2,27,-11.57918,9.336606,-29.878592,6.7202315,-.66424412,8.9485931,-18.203165,16.874676,-107.74621,41.388622,-188.86642,-26.625998,-107.08196,42.373295,-190.1321,-24.031836
5.3,27,-11.526064,9.2937775,-29.741533,6.689405,-.66119713,8.9075441,-18.119663,16.79727,-107.25196,41.198769,-188.00006,-26.503859,-106.59076,42.178921,-189.25992,-23.921598
5.4,27,-11.472949,9.2509489,-29.604475,6.6585779,-.65815014,8.8664961,-18.036163,16.719862,-106.75771,41.008911,-187.1337,-26.381721,-106.09956,41.984547,-188.38776,-23.811359
5.5,27,-11.419833,9.2081203,-29.467419,6.6277514,-.65510315,8.8254471,-17.952662,16.642456,-106.26346,40.819054,-186.26733,-26.259584,-105.60836,41.790173,-187.51559,-23.701122
5.6,27,-11.366718,9.1652918,-29.33036,6.5969248,-.65205616,8.784399,-17.869162,16.56505,-105.76921,40.6292,-185.40099,-26.137445,-105.11716,41.595802,-186.64343,-23.590885
5.7,27,-11.313602,9.1224642,-29.193302,6.5660977,-.64900917,8.74335,-17.785662,16.487642,-105.27496,40.439342,-184.53462,-26.015308,-104.62595,41.401428,-185.77127,-23.480648
5.8,27,-11.260487,9.0796347,-29.056244,6.5352712,-.64596218,8.702302,-17.70216,16.410236,-104.78072,40.249485,-183.66826,-25.893171,-104.13475,41.207054,-184.89909,-23.370409
5.9,27,-11.207372,9.0368071,-28.919188,6.5044441,-.64291519,8.661253,-17.61866,16.332829,-104.28647,40.059631,-182.8019,-25.771032,-103.64355,41.012684,-184.02693,-23.260172
6,27,-11.154256,8.9939785,-28.782129,6.4736176,-.6398682,8.620204,-17.535158,16.255423,-103.79222,39.869774,-181.93555,-25.648895,-103.15235,40.81831,-183.15477,-23.149933
6.1,27,-11.10114,8.9511499,-28.645071,6.442791,-.63682121,8.5791559,-17.451658,16.178015,-103.29797,39.67992,-181.06918,-25.526758,-102.66115,40.623936,-182.28261,-23.039696
6.2,27,-11.048025,8.9083214,-28.508015,6.4119639,-.63377422,8.5381069,-17.368156,16.100609,-102.80372,39.490063,-180.20282,-25.404621,-102.16994,40.429565,-181.41043,-22.929459
6.3,27,-10.994909,8.8654928,-28.370956,6.3811374,-.63072723,8.4970589,-17.284657,16.023201,-102.30947,39.300205,-179.33646,-25.282482,-101.67874,40.235191,-180.53827,-22.81922
6.4,27,-10.941793,8.8226643,-28.233898,6.3503103,-.62768024,8.4560099,-17.201155,15.945795,-101.81522,39.110352,-178.47011,-25.160345,-101.18755,40.040817,-179.66611,-22.708982
6.5,27,-10.888679,8.7798357,-28.09684,6.3194838,-.62463325,8.4149618,-17.117655,15.868388,-101.32098,38.920494,-177.60374,-25.038208,-100.69634,39.846447,-178.79395,-22.598745
6.6,27,-10.835563,8.7370071,-27.959784,6.2886572,-.62158626,8.3739128,-17.034155,15.790981,-100.82673,38.73064,-176.73738,-24.916071,-100.20514,39.652073,-177.92177,-22.488506
6.7,27,-10.782448,8.6941786,-27.822725,6.2578301,-.61853927,8.3328648,-16.950653,15.713574,-100.33248,38.540783,-175.87103,-24.793932,-99.713943,39.457699,-177.04961,-22.378269
6.8,27,-10.729332,8.65135,-27.685667,6.2270036,-.61549228,8.2918158,-16.867153,15.636168,-99.838226,38.350925,-175.00467,-24.671795,-99.222733,39.263325,-176.17744,-22.268032
6.9,27,-10.676216,8.6085224,-27.548609,6.1961765,-.61244529,8.2507668,-16.783651,15.558761,-99.343979,38.161072,-174.13831,-24.549658,-98.731537,39.068954,-175.30528,-22.157793
7,27,-10.623101,8.5656939,-27.411552,6.16535,-.60939831,8.2097187,-16.700151,15.481355,-98.849731,37.971214,-173.27194,-24.427519,-98.240334,38.87458,-174.43311,-22.047556
7.1,27,-10.569985,8.5228653,-27.274494,6.1345234,-.60635132,8.1686697,-16.61665,15.403948,-98.355484,37.781357,-172.40558,-24.305382,-97.74913,38.680206,-173.56094,-21.937319
7.2,27,-10.51687,8.4800367,-27.137436,6.1036968,-.60330433,8.1276217,-16.53315,15.326541,-97.861237,37.591503,-171.53923,-24.183245,-97.257935,38.485836,-172.68878,-21.82708
7.3,27,-10.463755,8.4372082,-27.000378,6.0728698,-.60025734,8.0865726,-16.449648,15.249134,-97.366982,37.401646,-170.67287,-24.061108,-96.766731,38.291462,-171.81662,-21.716843
7.4,27,-10.410639,8.3943796,-26.863321,6.0420432,-.59721035,8.0455236,-16.366148,15.171727,-96.872734,37.211788,-169.8065,-23.938969,-96.275528,38.097088,-170.94444,-21.606606
7.5,27,-10.357523,8.3515511,-26.726263,6.0112162,-.59416336,8.0044756,-16.282646,15.09432,-96.378487,37.021935,-168.94014,-23.816832,-95.784325,37.902718,-170.07228,-21.496367
7.6,27,-10.304408,8.3087225,-26.589205,5.9803896,-.59111637,7.9634271,-16.199146,15.016913,-95.884239,36.832077,-168.07379,-23.694695,-95.293121,37.708344,-169.20012,-21.386129
7.7,27,-10.251292,8.2658939,-26.452148,5.949563,-.58806938,7.9223785,-16.115646,14.939507,-95.389992,36.642223,-167.20743,-23.572557,-94.801926,37.513969,-168.32796,-21.275892
7.8,27,-10.198176,8.2230654,-26.31509,5.918736,-.58502233,7.8813295,-16.032145,14.8621,-94.895744,36.452366,-166.34106,-23.450418,-94.310722,37.319595,-167.45578,-21.165653
7.9,27,-10.145061,8.1802378,-26.178032,5.8879094,-.58197534,7.840281,-15.948644,14.784694,-94.401497,36.262508,-165.4747,-23.328281,-93.819519,37.125225,-166.58362,-21.055416
8,27,-10.091946,8.1374092,-26.040974,5.8570824,-.57892835,7.7992325,-15.865144,14.707287,-93.907242,36.072655,-164.60835,-23.206144,-93.328316,36.930851,-165.71146,-20.945177
8.1,27,-10.03883,8.0945807,-25.903915,5.8262558,-.57588136,7.758184,-15.781642,14.62988,-93.412994,35.882797,-163.74199,-23.084005,-92.837112,36.736477,-164.83929,-20.83494
8.199999999999999,27,-9.9857149,8.0517521,-25.766859,5.7954292,-.57283437,7.7171354,-15.698142,14.552473,-92.918747,35.692944,-162.87563,-22.961868,-92.345917,36.542107,-163.96713,-20.724703
8.300000000000001,27,-9.9325991,8.0089235,-25.629801,5.7646022,-.56978738,7.6760869,-15.614641,14.475066,-92.4245,35.503086,-162.00926,-22.839731,-91.854713,36.347733,-163.09496,-20.614464
8.4,27,-9.8794842,7.966095,-25.492744,5.7337756,-.56674039,7.6350384,-15.53114,14.39766,-91.930252,35.313229,-161.14291,-22.717594,-91.36351,36.153362,-162.22279,-20.504227
8.5,27,-9.8263683,7.9232664,-25.355686,5.7029486,-.5636934,7.5939898,-15.447639,14.320252,-91.436005,35.123375,-160.27655,-22.595455,-90.872307,35.958988,-161.35063,-20.39399
8.6,27,-9.7732525,7.8804379,-25.218628,5.672122,-.56064641,7.5529408,-15.364139,14.242846,-90.94175,34.933517,-159.41019,-22.473318,-90.381104,35.764614,-160.47845,-20.283751
8.699999999999999,27,-9.7201376,7.8376098,-25.08157,5.6412954,-.55759943,7.5118923,-15.280639,14.16544,-90.447502,34.74366,-158.54382,-22.351181,-89.889908,35.57024,-159.60629,-20.173513
8.800000000000001,27,-9.6670218,7.7947812,-24.944511,5.6104684,-.55455244,7.4708438,-15.197137,14.088033,-89.953255,34.553806,-157.67747,-22.229042,-89.398705,35.37587,-158.73413,-20.063276
8.9,27,-9.6139069,7.7519526,-24.807455,5.5796418,-.55150545,7.4297953,-15.113637,14.010626,-89.459007,34.363949,-156.81111,-22.106905,-88.907501,35.181496,-157.86197,-19.953039
9,27,-9.560791,7.7091241,-24.670397,5.5488153,-.54845846,7.3887467,-15.030136,13.933219,-88.96476,34.174091,-155.94475,-21.984768,-88.416298,34.987122,-156.98981,-19.8428
9.1,27,-9.5076752,7.6662955,-24.533339,5.5179882,-.54541147,7.3476977,-14.946634,13.855812,-88.470505,33.984238,-155.07838,-21.862629,-87.925095,34.792747,-156.11763,-19.732561
9.199999999999999,27,-9.4545603,7.6234674,-24.396282,5.4871616,-.54236448,7.3066497,-14.863134,13.778405,-87.976265,33.79438,-154.21204,-21.740492,-87.433899,34.598377,-155.24547,-19.622324
9.300000000000001,27,-9.4014444,7.5806389,-24.259222,5.4563346,-.53931749,7.2656007,-14.779634,13.700998,-87.48201,33.604523,-153.34567,-21.618355,-86.942696,34.404003,-154.37331,-19.512087
9.4,27,-9.3483286,7.5378103,-24.122166,5.425508,-.5362705,7.2245526,-14.696133,13.623592,-86.987762,33.414669,-152.47931,-21.496218,-86.451492,34.209633,-153.50114,-19.40185
9.5,27,-9.2952127,7.4949818,-23.985107,5.3946815,-.53322351,7.1835036,-14.612632,13.546185,-86.493515,33.224812,-151.61295,-21.374081,-85.960289,34.015259,-152.62897,-19.291611
9.6,27,-9.2420979,7.4521532,-23.848049,5.3638544,-.53017652,7.1424551,-14.529131,13.468778,-85.999268,33.034954,-150.74658,-21.251942,-85.469086,33.820885,-151.75681,-19.181374
9.699999999999999,27,-9.188982,7.4093251,-23.710993,5.3330278,-.52712953,7.1014066,-14.445631,13.391372,-85.50502,32.8451,-149.88023,-21.129805,-84.97789,33.626514,-150.88464,-19.071136
9.800000000000001,27,-9.1358662,7.3664966,-23.573935,5.3022008,-.52408254,7.060358,-14.362129,13.313965,-85.010765,32.655243,-149.01387,-21.007668,-84.486687,33.43214,-150.01248,-18.960897
9.9,27,-9.0827513,7.323668,-23.436876,5.2713742,-.52103555,7.0193095,-14.278629,13.236558,-84.516525,32.465389,-148.14752,-20.88553,-83.995491,33.237766,-149.14032,-18.85066
10,27,-9.0296354,7.2808394,-23.299818,5.2405477,-.51798856,6.9782605,-14.195128,13.159151,-84.02227,32.275532,-147.28116,-20.763391,-83.50428,33.043392,-148.26814,-18.740423
10.1,27,-8.9765196,7.2380109,-23.16276,5.2097206,-.51494157,6.937212,-14.111628,13.081744,-83.528023,32.085674,-146.41479,-20.641254,-83.013077,32.849018,-147.39598,-18.630184
10.2,27,-8.9234047,7.1951828,-23.025703,5.178894,-.51189458,6.8961635,-14.028127,13.004337,-83.033775,31.895821,-145.54843,-20.519117,-82.521881,32.654648,-146.52382,-18.519947
10.3,27,-8.8702888,7.1523542,-22.888645,5.148067,-.50884759,6.8551149,-13.944626,12.92693,-82.539528,31.705963,-144.68207,-20.396978,-82.030678,32.460274,-145.65164,-18.409708
10.4,27,-8.817174,7.1095257,-22.751589,5.1172404,-.5058006,6.8140664,-13.861126,12.849524,-82.04528,31.516109,-143.81572,-20.274841,-81.539482,32.265903,-144.77948,-18.299471
10.5,27,-8.7640581,7.0666971,-22.614531,5.0864139,-.50275362,6.7730179,-13.777624,12.772118,-81.551025,31.326252,-142.94936,-20.152704,-81.048279,32.071529,-143.90732,-18.189234
10.6,27,-8.7109423,7.0238686,-22.477472,5.0555868,-.4997066,6.7319689,-13.694123,12.69471,-81.056778,31.136395,-142.08299,-20.030565,-80.557076,31.877155,-143.03514,-18.078995
10.7,27,-8.6578274,6.9810405,-22.340414,5.0247602,-.49665961,6.6909208,-13.610623,12.617304,-80.562531,30.946541,-141.21663,-19.908428,-80.065872,31.682783,-142.16299,-17.968758
10.8,27,-8.6047115,6.9382119,-22.203356,4.9939337,-.49361262,6.6498718,-13.527122,12.539897,-80.068283,30.756683,-140.35028,-19.786291,-79.574669,31.488409,-141.29082,-17.858521
10.9,27,-8.5515966,6.8953834,-22.066299,4.9631071,-.49056563,6.6088238,-13.443622,12.46249,-79.574036,30.566828,-139.48392,-19.664154,-79.083473,31.294039,-140.41866,-17.748283
11,27,-8.4984808,6.8525548,-21.929241,4.9322801,-.48751864,6.5677748,-13.360121,12.385083,-79.079788,30.376972,-138.61755,-19.542015,-78.59227,31.099665,-139.54649,-17.638044
11.1,27,-8.445365,6.8097262,-21.792183,4.901453,-.48447162,6.5267262,-13.27662,12.307676,-78.585533,30.187115,-137.75119,-19.419878,-78.101067,30.905291,-138.67432,-17.527807
11.2,27,-8.3922501,6.7668982,-21.655127,4.8706264,-.48142466,6.4856777,-13.193119,12.23027,-78.091286,29.997259,-136.88484,-19.297741,-77.609863,30.710918,-137.80215,-17.41757
11.3,27,-8.3391342,6.7240691,-21.518068,4.8397999,-.47837764,6.4446287,-13.109618,12.152863,-77.597038,29.807404,-136.01848,-19.175602,-77.11866,30.516546,-136.92999,-17.307331
11.4,27,-8.2860184,6.681241,-21.38101,4.8089733,-.47533068,6.4035807,-13.026118,12.075457,-77.102791,29.617548,-135.15211,-19.053465,-76.627464,30.322174,-136.05783,-17.197094
11.5,27,-8.2329035,6.6384125,-21.243952,4.7781463,-.47228366,6.3625317,-12.942616,11.99805,-76.608543,29.427691,-134.28575,-18.931328,-76.136261,30.1278,-135.18567,-17.086855
11.6,27,-8.1797876,6.5955839,-21.106894,4.7473192,-.46923667,6.3214831,-12.859116,11.920643,-76.114288,29.237835,-133.41939,-18.809189,-75.645058,29.933426,-134.31349,-16.976618
11.7,27,-8.1266718,6.5527558,-20.969837,4.7164927,-.46618971,6.2804346,-12.775616,11.843236,-75.620049,29.047979,-132.55304,-18.687054,-75.153854,29.739054,-133.44133,-16.866381
11.8,27,-8.0735569,6.5099268,-20.832779,4.6856661,-.46314269,6.2393861,-12.692115,11.765829,-75.125793,28.858122,-131.68668,-18.564915,-74.662651,29.544682,-132.56917,-16.756142
11.9,27,-8.0204411,6.4670987,-20.695723,4.6548395,-.46009573,6.1983376,-12.608614,11.688423,-74.631546,28.668268,-130.82033,-18.442778,-74.171455,29.350309,-131.69701,-16.645905
12,27,-7.9673257,6.4242702,-20.558664,4.6240125,-.45704871,6.157289,-12.525113,11.611015,-74.137299,28.478411,-129.95396,-18.320641,-73.680252,29.155935,-130.82483,-16.535667
12.1,27,-7.9142098,6.3814416,-20.421606,4.5931854,-.45400172,6.11624,-12.441612,11.533608,-73.643051,28.288553,-129.0876,-18.198502,-73.189049,28.961561,-129.95267,-16.425428
12.2,27,-7.8610945,6.3386135,-20.284548,4.5623589,-.45095474,6.075192,-12.358111,11.456203,-73.148804,28.0987,-128.22124,-18.076365,-72.697845,28.767191,-129.08051,-16.315191
12.3,27,-7.8079791,6.2957845,-20.14749,4.5315323,-.44790775,6.034143,-12.274611,11.378796,-72.654549,27.908842,-127.35488,-17.954227,-72.206642,28.572817,-128.20833,-16.204954
12.4,27,-7.7548637,6.2529564,-20.010433,4.5007057,-.44486076,5.9930944,-12.191111,11.301389,-72.160309,27.718987,-126.48853,-17.83209,-71.715446,28.378445,-127.33617,-16.094717
12.5,27,-7.7017479,6.2101278,-19.873375,4.4698787,-.44181377,5.9520459,-12.10761,11.223982,-71.666054,27.529131,-125.62216,-17.709951,-71.224243,28.184071,-126.464,-15.984478
12.6,27,-7.6486325,6.1672993,-19.736317,4.4390521,-.43876675,5.9109974,-12.024108,11.146575,-71.171806,27.339273,-124.7558,-17.587814,-70.73304,27.989697,-125.59184,-15.87424
12.7,27,-7.5955172,6.1244712,-19.59926,4.4082255,-.43571979,5.8699489,-11.940608,11.069168,-70.677559,27.149418,-123.88944,-17.465677,-70.241837,27.795326,-124.71967,-15.764003
12.8,27,-7.5424013,6.0816422,-19.462202,4.3773985,-.43267277,5.8288999,-11.857107,10.991761,-70.183311,26.959562,-123.02308,-17.343538,-69.750633,27.600952,-123.84751,-15.653765
12.9,27,-7.4892864,6.0388141,-19.325144,4.3465719,-.42962581,5.7878518,-11.773606,10.914355,-69.689064,26.769707,-122.15672,-17.221401,-69.259438,27.40658,-122.97535,-15.543528
13,27,-7.4361706,5.9959855,-19.188086,4.3157449,-.42657879,5.7468028,-11.690105,10.836948,-69.194809,26.579849,-121.29036,-17.099264,-68.768234,27.212206,-122.10318,-15.43329
13.1,27,-7.3830547,5.9531569,-19.051027,4.2849183,-.4235318,5.7057543,-11.606605,10.759541,-68.700562,26.389994,-120.424,-16.977125,-68.277031,27.017834,-121.23101,-15.32305
13.2,27,-7.3299398,5.9103289,-18.913971,4.2540917,-.42048484,5.6647058,-11.523105,10.682135,-68.206314,26.200138,-119.55764,-16.854988,-67.785828,26.823462,-120.35885,-15.212813
13.3,27,-7.276824,5.8674998,-18.776913,4.2232647,-.41743782,5.6236572,-11.439603,10.604728,-67.712067,26.010281,-118.69128,-16.732851,-67.294624,26.629087,-119.48668,-15.102575
13.4,27,-7.2237086,5.8246717,-18.639856,4.1924381,-.41439086,5.5826087,-11.356103,10.527321,-67.217819,25.820427,-117.82493,-16.610714,-66.803429,26.434715,-118.61452,-14.992338
13.5,27,-7.1705933,5.7818432,-18.502798,4.1616111,-.41134384,5.5415602,-11.272602,10.449914,-66.723572,25.630569,-116.95856,-16.488575,-66.312225,26.240341,-117.74235,-14.8821
13.6,27,-7.1174774,5.7390146,-18.36574,4.1307845,-.40829685,5.5005112,-11.189101,10.372507,-66.229317,25.440712,-116.0922,-16.366438,-65.821022,26.045969,-116.87018,-14.771862
13.7,27,-7.064362,5.6961861,-18.228682,4.0999579,-.40524986,5.4594631,-11.1056,10.295101,-65.735069,25.250858,-115.22585,-16.244301,-65.329826,25.851597,-115.99802,-14.661625
13.8,27,-7.0112467,5.6533575,-18.091623,4.0691309,-.40220287,5.4184141,-11.022099,10.217693,-65.240822,25.061001,-114.35948,-16.122162,-64.838623,25.657223,-115.12585,-14.551387
13.9,27,-6.9581313,5.6105294,-17.954567,4.0383043,-.39915588,5.3773656,-10.9386,10.140287,-64.746574,24.871145,-113.49313,-16.000027,-64.34742,25.462851,-114.25369,-14.44115
14,27,-6.9050155,5.5677009,-17.817509,4.0074778,-.3961089,5.3363171,-10.855098,10.062881,-64.252327,24.68129,-112.62676,-15.877888,-63.856216,25.268476,-113.38152,-14.330912
14.1,27,-6.8518996,5.5248723,-17.68045,3.9766507,-.39306188,5.2952681,-10.771597,9.9854736,-63.758076,24.491432,-111.7604,-15.75575,-63.365013,25.074104,-112.50935,-14.220673
14.2,27,-6.7987847,5.4820437,-17.543394,3.9458241,-.39001492,5.25422,-10.688097,9.9080667,-63.263828,24.301577,-110.89404,-15.633613,-62.873814,24.879732,-111.63719,-14.110435
14.3,27,-6.7456689,5.4392152,-17.406336,3.9149971,-.3869679,5.213171,-10.604595,9.8306599,-62.769577,24.111721,-110.02768,-15.511475,-62.38261,24.685358,-110.76502,-14.000197
14.4,27,-6.6925535,5.3963871,-17.269278,3.8841705,-.38392094,5.172123,-10.521095,9.7532539,-62.275333,23.921865,-109.16133,-15.389338,-61.891411,24.490986,-109.89286,-13.88996
14.5,27,-6.6394382,5.3535585,-17.132219,3.8533437,-.38087392,5.131074,-10.437594,9.6758461,-61.781082,23.732008,-108.29497,-15.2672,-61.400208,24.296614,-109.0207,-13.779722
14.6,27,-6.5863223,5.31073,-16.995161,3.8225169,-.37782693,5.0900254,-10.354094,9.5984392,-61.286831,23.542152,-107.4286,-15.145061,-60.909004,24.10224,-108.14853,-13.669484
14.7,27,-6.5332069,5.2679014,-16.858105,3.7916903,-.37477997,5.0489769,-10.270593,9.5210333,-60.792587,23.352297,-106.56225,-15.022924,-60.417805,23.907867,-107.27637,-13.559247
14.8,27,-6.4800916,5.2250729,-16.721046,3.7608635,-.37173295,5.0079284,-10.187092,9.4436264,-60.298336,23.162441,-105.69588,-14.900786,-59.926601,23.713493,-106.4042,-13.449009
14.9,27,-6.4269762,5.1822448,-16.58399,3.730037,-.36868599,4.9668798,-10.103592,9.3662195,-59.804089,22.972586,-104.82953,-14.77865,-59.435402,23.519121,-105.53204,-13.338772
15,27,-6.3738604,5.1394162,-16.446932,3.6992099,-.36563897,4.9258313,-10.02009,9.2888126,-59.309837,22.782728,-103.96317,-14.656512,-58.944199,23.324749,-104.65987,-13.228534
15.1,27,-6.320745,5.0965877,-16.309874,3.6683831,-.36259198,4.8847823,-9.9365892,9.2114058,-58.81559,22.592873,-103.0968,-14.534374,-58.452995,23.130375,-103.7877,-13.118296
15.2,27,-6.2676296,5.0537591,-16.172815,3.6375566,-.35954499,4.8437338,-9.8530893,9.1339989,-58.321342,22.403017,-102.23045,-14.412237,-57.9618,22.936003,-102.91553,-13.008059
15.3,27,-6.2145138,5.0109305,-16.035757,3.6067297,-.356498,4.8026853,-9.7695885,9.056592,-57.827091,22.21316,-101.36408,-14.290099,-57.470592,22.741629,-102.04337,-12.89782
15.4,27,-6.1613989,4.9681025,-15.898701,3.5759032,-.35345101,4.7616367,-9.6860876,8.9791861,-57.332848,22.023306,-100.49773,-14.167962,-56.979397,22.547258,-101.17121,-12.787582
15.5,27,-6.108283,4.9252739,-15.761642,3.5450764,-.35040402,4.7205882,-9.6025867,8.9017792,-56.838596,21.833448,-99.631371,-14.045824,-56.488194,22.352884,-100.29904,-12.677344
15.6,27,-6.0551672,4.8824453,-15.624584,3.5142493,-.347357,4.6795392,-9.5190859,8.8243713,-56.344345,21.643591,-98.765007,-13.923686,-55.99699,22.15851,-99.426872,-12.567106
15.7,27,-6.0020518,4.8396168,-15.487527,3.4834228,-.34431005,4.6384912,-9.435585,8.7469654,-55.850101,21.453737,-97.898651,-13.801549,-55.505791,21.964138,-98.55471,-12.456869
15.8,27,-5.9489365,4.7967882,-15.350469,3.4525959,-.34126303,4.5974422,-9.3520842,8.6695585,-55.35585,21.26388,-97.032288,-13.679411,-55.014587,21.769764,-97.682541,-12.346631
15.9,27,-5.8958211,4.7539601,-15.213411,3.4217694,-.33821607,4.5563941,-9.2685843,8.5921516,-54.861603,21.074024,-96.165932,-13.557274,-54.523388,21.575394,-96.810379,-12.236394
16,27,-5.8427052,4.7111316,-15.076353,3.3909426,-.33516905,4.5153451,-9.1850834,8.5147448,-54.367352,20.884169,-95.299568,-13.435136,-54.032185,21.38102,-95.93821,-12.126156
16.1,27,-5.7895899,4.668303,-14.939295,3.3601158,-.33212206,4.4742966,-9.1015816,8.4373379,-53.8731,20.694311,-94.433205,-13.312998,-53.540981,21.186646,-95.06604,-12.015918
16.2,27,-5.736474,4.625474,-14.802237,3.3292887,-.32907507,4.4332476,-9.0180807,8.359931,-53.378853,20.504454,-93.566841,-13.19086,-53.049778,20.992271,-94.193871,-11.90568
16.3,27,-5.6833591,4.5826464,-14.665181,3.2984624,-.32602811,4.3921995,-8.9345818,8.2825251,-52.884609,20.314602,-92.7005,-13.068724,-52.558582,20.797903,-93.321724,-11.795444
16.4,27,-5.6302438,4.5398178,-14.528123,3.2676356,-.32298112,4.351151,-8.8510799,8.2051182,-52.390362,20.124744,-91.834137,-12.946586,-52.067379,20.603529,-92.449554,-11.685205
16.5,27,-5.5771279,4.4969893,-14.391065,3.2368088,-.3199341,4.310102,-8.7675791,8.1277113,-51.896111,19.934887,-90.967773,-12.824448,-51.576176,20.409155,-91.577385,-11.574966
16.6,27,-5.5240121,4.4541607,-14.254006,3.205982,-.31688711,4.2690535,-8.6840782,8.0503044,-51.401859,19.745031,-90.10141,-12.70231,-51.084972,20.214781,-90.705215,-11.464728
16.7,27,-5.4708967,4.4113317,-14.116948,3.1751549,-.31384009,4.2280049,-8.6005774,7.9728971,-50.907608,19.555174,-89.235046,-12.580172,-50.593769,20.020407,-89.833046,-11.35449
16.8,27,-5.4177818,4.368504,-13.979893,3.1443288,-.31079316,4.1869569,-8.5170774,7.8954911,-50.413368,19.36532,-88.368698,-12.458036,-50.102573,19.826038,-88.960892,-11.244254
16.9,27,-5.364666,4.3256755,-13.842834,3.1135018,-.30774614,4.1459079,-8.4335766,7.8180842,-49.919117,19.175465,-87.502335,-12.335897,-49.61137,19.631664,-88.088722,-11.134016
17,27,-5.3115506,4.2828469,-13.705776,3.082675,-.30469915,4.1048594,-8.3500757,7.7406774,-49.424866,18.985607,-86.635971,-12.213759,-49.120167,19.43729,-87.216553,-11.023778
17.1,27,-5.2584348,4.2400184,-13.568718,3.0518482,-.30165213,4.0638103,-8.2665739,7.66327,-48.930614,18.79575,-85.769608,-12.091621,-48.628963,19.242916,-86.344383,-10.91354
17.2,27,-5.2053189,4.1971893,-13.43166,3.0210214,-.29860514,4.0227618,-8.183073,7.5858631,-48.436363,18.605894,-84.903244,-11.969483,-48.13776,19.048544,-85.472221,-10.803302
17.3,27,-5.1522045,4.1543617,-13.294603,2.990195,-.29555818,3.9817138,-8.0995741,7.5084577,-47.942123,18.41604,-84.036903,-11.847348,-47.646564,18.854174,-84.600067,-10.693066
17.4,27,-5.0990887,4.1115332,-13.157545,2.9593682,-.29251119,3.940665,-8.0160723,7.4310503,-47.447872,18.226183,-83.17054,-11.72521,-47.155361,18.6598,-83.727898,-10.582828
17.5,27,-5.0459728,4.0687046,-13.020487,2.9285412,-.28946418,3.8996162,-7.9325719,7.3536434,-46.953621,18.036327,-82.304176,-11.603072,-46.664158,18.465425,-82.855728,-10.472589
17.6,27,-4.992857,4.0258756,-12.883429,2.8977144,-.28641719,3.8585675,-7.8490705,7.2762361,-46.459373,17.84647,-81.437813,-11.480934,-46.172955,18.271051,-81.983559,-10.36235
17.7,27,-4.9397416,3.9830472,-12.74637,2.8668876,-.2833702,3.8175187,-7.7655697,7.1988292,-45.965122,17.656612,-80.571449,-11.358796,-45.681751,18.076679,-81.111389,-10.252112
17.8,27,-4.8866267,3.9402194,-12.609315,2.8360612,-.28032324,3.7764709,-7.6820703,7.1214237,-45.470882,17.466761,-79.705101,-11.23666,-45.190556,17.882309,-80.239235,-10.141876
17.9,27,-4.8335109,3.8973908,-12.472257,2.8052344,-.27727625,3.7354221,-7.5985689,7.0440164,-44.976631,17.276903,-78.838737,-11.114522,-44.699352,17.687935,-79.367065,-10.031638
18,27,-4.7803955,3.854562,-12.335198,2.7744076,-.27422923,3.6943734,-7.5150681,6.9666095,-44.48238,17.087046,-77.972374,-10.992384,-44.208149,17.493561,-78.494904,-9.9214001
18.1,27,-4.7272797,3.8117335,-12.19814,2.7435806,-.27118224,3.6533246,-7.4315667,6.8892026,-43.988129,16.89719,-77.10601,-10.870246,-43.716946,17.299187,-77.622734,-9.811162
18.2,27,-4.6741638,3.7689049,-12.061082,2.7127538,-.26813522,3.6122758,-7.3480659,6.8117952,-43.493877,16.707333,-76.239647,-10.748108,-43.225742,17.104815,-76.750565,-9.7009239
18.3,27,-4.6210494,3.7260771,-11.924026,2.6819274,-.26508829,3.5712278,-7.2645664,6.7343898,-42.999638,16.517479,-75.373299,-10.625972,-42.73455,16.910444,-75.87841,-9.5906878
18.4,27,-4.5679336,3.6832483,-11.786967,2.6511006,-.26204127,3.530179,-7.1810651,6.6569824,-42.505386,16.327623,-74.506943,-10.503834,-42.243347,16.71607,-75.006241,-9.4804497
18.5,27,-4.5148177,3.6404197,-11.649909,2.6202738,-.25899428,3.4891303,-7.0975642,6.5795755,-42.011135,16.137766,-73.640579,-10.381696,-41.75214,16.521696,-74.134071,-9.3702116
18.6,27,-4.4617023,3.5975912,-11.512851,2.5894468,-.25594726,3.4480817,-7.0140629,6.5021687,-41.516884,15.947909,-72.774216,-10.259558,-41.260937,16.327324,-73.261902,-9.2599726
18.7,27,-4.4085865,3.5547626,-11.375793,2.55862,-.25290027,3.407033,-6.930562,6.4247613,-41.022636,15.758053,-71.907852,-10.13742,-40.769733,16.13295,-72.389732,-9.1497345
18.8,27,-4.3554716,3.5119348,-11.238737,2.5277936,-.24985333,3.3659849,-6.8470626,6.3473558,-40.528393,15.568199,-71.041504,-10.015284,-40.278542,15.93858,-71.517586,-9.0394983
18.9,27,-4.3023562,3.469106,-11.101679,2.4969668,-.24680632,3.3249362,-6.7635612,6.269949,-40.034142,15.378343,-70.17514,-9.8931456,-39.787338,15.744205,-70.645416,-8.9292603
19,27,-4.2492404,3.4262774,-10.964621,2.46614,-.24375932,3.2838874,-6.6800604,6.1925416,-39.539894,15.188486,-69.308777,-9.7710075,-39.296135,15.549832,-69.773247,-8.8190222
19.1,27,-4.1961246,3.3834488,-10.827562,2.4353132,-.24071231,3.2428386,-6.596559,6.1151347,-39.045643,14.998629,-68.442413,-9.6488695,-38.804932,15.355458,-68.901077,-8.7087841
19.2,27,-4.1430087,3.34062,-10.690504,2.4044862,-.23766531,3.2017899,-6.5130582,6.0377274,-38.551392,14.808772,-67.57605,-9.5267315,-38.313728,15.161085,-68.028908,-8.598546
19.3,27,-4.0898943,3.2977924,-10.553449,2.3736601,-.23461837,3.160742,-6.4295588,5.9603219,-38.057152,14.618919,-66.709702,-9.4045963,-37.822533,14.966715,-67.156754,-8.4883099
19.4,27,-4.0367785,3.2549636,-10.41639,2.342833,-.23157136,3.1196933,-6.3460579,5.882915,-37.562901,14.429062,-65.843346,-9.2824583,-37.331329,14.772342,-66.284584,-8.3780718
19.5,27,-3.9836628,3.2121351,-10.279332,2.3120062,-.22852436,3.0786445,-6.2625566,5.8055077,-37.068649,14.239205,-64.976982,-9.1603203,-36.840126,14.577968,-65.412415,-8.2678337
19.6,27,-3.930547,3.1693065,-10.142274,2.2811794,-.22547735,3.0375957,-6.1790557,5.7281008,-36.574398,14.049349,-64.110619,-9.0381823,-36.348923,14.383595,-64.540245,-8.1575956
19.7,27,-3.8774314,3.1264777,-10.005216,2.2503526,-.22243035,2.996547,-6.0955544,5.6506939,-36.080147,13.859491,-63.244251,-8.9160442,-35.857719,14.18922,-63.668079,-8.0473566
19.8,27,-3.8243167,3.0836501,-9.8681593,2.2195263,-.2193834,2.9554989,-6.0120549,5.573288,-35.585907,13.669639,-62.377907,-8.7939081,-35.366524,13.99485,-62.795925,-7.9371209
19.9,27,-3.7712009,3.0408213,-9.731101,2.1886995,-.2163364,2.9144502,-5.9285541,5.4958811,-35.091656,13.479782,-61.511543,-8.6717701,-34.87532,13.800477,-61.923759,-7.8268828
20,27,-3.7180853,2.9979928,-9.5940428,2.1578724,-.21328939,2.8734014,-5.8450527,5.4184742,-34.597404,13.289925,-60.64518,-8.5496321,-34.384117,13.606103,-61.05159,-7.7166448
20.1,27,-3.6649697,2.9551642,-9.4569845,2.1270456,-.21024241,2.8323526,-5.7615519,5.3410668,-34.103157,13.100068,-59.778816,-8.427494,-33.892914,13.41173,-60.17942,-7.6064062
20.2,27,-3.6118538,2.9123354,-9.3199263,2.0962188,-.2071954,2.7913039,-5.6780505,5.26366,-33.608906,12.910212,-58.912453,-8.305356,-33.401711,13.217356,-59.307251,-7.4961681
20.3,27,-3.5587392,2.8695076,-9.1828709,2.0653925,-.20414846,2.7502561,-5.5945511,5.1862545,-33.114662,12.720358,-58.046108,-8.1832199,-32.910515,13.022986,-58.435101,-7.385932
20.4,27,-3.5056236,2.826679,-9.0458126,2.0345657,-.20110145,2.7092073,-5.5110502,5.1088471,-32.620415,12.530501,-57.179745,-8.0610819,-32.419312,12.828612,-57.562931,-7.2756939
20.5,27,-3.4525077,2.7838504,-8.9087543,2.0037389,-.19805445,2.6681585,-5.4275489,5.0314403,-32.126163,12.340645,-56.313381,-7.9389439,-31.928108,12.634238,-56.690762,-7.1654558
20.6,27,-3.3993921,2.7410219,-8.7716961,1.9729118,-.19500744,2.6271098,-5.344048,4.9540329,-31.631912,12.150788,-55.447018,-7.8168058,-31.436905,12.439865,-55.818592,-7.0552173
20.7,27,-3.3462763,2.6981931,-8.6346378,1.942085,-.19196044,2.586061,-5.2605467,4.876626,-31.137661,11.960931,-54.580654,-7.6946678,-30.945702,12.245491,-54.946423,-6.9449792
20.8,27,-3.2931616,2.6553652,-8.4975824,1.9112587,-.18891349,2.545013,-5.1770473,4.7992206,-30.643421,11.771078,-53.71431,-7.5725322,-30.454508,12.051122,-54.074272,-6.834743
20.9,27,-3.240046,2.6125367,-8.3605242,1.8804319,-.18586649,2.5039642,-5.0935464,4.7218132,-30.14917,11.581221,-52.847946,-7.4503942,-29.963305,11.856748,-53.202103,-6.7245049
21,27,-3.1869302,2.5697081,-8.2234659,1.849605,-.18281949,2.4629157,-5.0100451,4.6444063,-29.654919,11.391364,-51.981583,-7.3282561,-29.472099,11.662374,-52.329933,-6.6142669
21.1,27,-3.1338146,2.5268795,-8.0864077,1.8187782,-.17977248,2.4218669,-4.9265442,4.5669994,-29.160669,11.201508,-51.115219,-7.2061176,-28.980896,11.468,-51.457764,-6.5040283
21.2,27,-3.0806987,2.4840508,-7.9493489,1.7879512,-.17672548,2.3808181,-4.8430433,4.4895921,-28.666418,11.011651,-50.248856,-7.0839796,-28.489693,11.273627,-50.585594,-6.3937902
21.3,27,-3.0275841,2.4412229,-7.8122931,1.757125,-.17367853,2.3397701,-4.7595434,4.4121866,-28.172178,10.821797,-49.382511,-6.961844,-27.998499,11.079257,-49.713444,-6.2835541
21.4,27,-2.9744685,2.3983943,-7.6752348,1.7262981,-.17063153,2.2987213,-4.6760426,4.3347793,-27.677927,10.631941,-48.516148,-6.8397059,-27.507296,10.884883,-48.841274,-6.173316
21.5,27,-2.9213526,2.3555658,-7.5381765,1.6954713,-.16758452,2.2576725,-4.5925417,4.2573724,-27.183676,10.442084,-47.649784,-6.7175679,-27.016092,10.69051,-47.969105,-6.0630779
21.6,27,-2.868237,2.312737,-7.4011183,1.6646444,-.16453753,2.2166238,-4.5090404,4.1799655,-26.689426,10.252227,-46.783421,-6.5954299,-26.524889,10.496136,-47.096935,-5.9528399
21.7,27,-2.8151214,2.2699084,-7.26406,1.6338176,-.16149053,2.175575,-4.4255395,4.1025581,-26.195175,10.06237,-45.917057,-6.4732919,-26.033684,10.301763,-46.22477,-5.8426013
21.8,27,-2.7620065,2.2270806,-7.1270046,1.6029912,-.15844359,2.1345272,-4.3420401,4.0251527,-25.700933,9.8725176,-45.050713,-6.3511562,-25.54249,10.107392,-45.352615,-5.7323651
21.9,27,-2.7088909,2.184252,-6.9899464,1.5721644,-.15539658,2.0934784,-4.2585387,3.9477456,-25.206684,9.6826601,-44.184349,-6.2290182,-25.051287,9.9130192,-44.480446,-5.6221271
22,27,-2.6557753,2.1414235,-6.8528881,1.5413375,-.15234958,2.0524297,-4.1750379,3.8703387,-24.712433,9.4928036,-43.317986,-6.1068797,-24.560083,9.7186451,-43.608276,-5.511889
22.1,27,-2.6026595,2.0985947,-6.7158298,1.5105107,-.14930257,2.0113809,-4.0915365,3.7929316,-24.218182,9.302947,-42.451622,-5.9847417,-24.06888,9.524272,-42.736111,-5.4016509
22.2,27,-2.5495439,2.0557661,-6.5787716,1.4796838,-.14625557,1.9703321,-4.0080357,3.7155244,-23.723932,9.1130896,-41.585258,-5.8626037,-23.577677,9.3298979,-41.863941,-5.2914124
22.3,27,-2.4964292,2.0129383,-6.4417157,1.4488575,-.14320862,1.9292842,-3.924536,3.6381187,-23.229691,8.9232368,-40.718914,-5.740468,-23.086483,9.1355276,-40.991787,-5.1811767
22.4,27,-2.4433134,1.9701097,-6.3046575,1.4180306,-.14016162,1.8882354,-3.8410351,3.5607119,-22.735441,8.7333803,-39.852551,-5.61833,-22.595278,8.9411545,-40.119617,-5.0709381
22.5,27,-2.3901978,1.927281,-6.1675992,1.3872038,-.13711461,1.8471867,-3.757534,3.4833047,-22.24119,8.5435228,-38.986187,-5.496192,-22.104074,8.7467804,-39.247452,-4.9607
22.6,27,-2.3370819,1.8844525,-6.0305409,1.3563769,-.13406761,1.8061379,-3.6740329,3.4058976,-21.746939,8.3536663,-38.119823,-5.374054,-21.612871,8.5524073,-38.375282,-4.850462
22.7,27,-2.2839663,1.8416238,-5.8934827,1.3255501,-.13102061,1.7650892,-3.5905318,3.3284905,-21.252689,8.1638098,-37.25346,-5.2519159,-21.121668,8.3580332,-37.503113,-4.7402239
22.8,27,-2.2308517,1.7987959,-5.7564268,1.2947237,-.12797366,1.7240412,-3.5070324,3.251085,-20.758448,7.9739566,-36.387115,-5.1297803,-20.630474,8.1636639,-36.630959,-4.6299877
22.9,27,-2.1777358,1.7559674,-5.6193686,1.2638968,-.12492666,1.6829925,-3.4235313,3.1736779,-20.264196,7.7840996,-35.520752,-5.0076418,-20.139271,7.9692898,-35.758793,-4.5197492
23,27,-2.1246202,1.7131387,-5.4823103,1.23307,-.12187966,1.6419437,-3.3400302,3.0962708,-19.769947,7.594243,-34.654388,-4.8855038,-19.648067,7.7749162,-34.886623,-4.4095111
23.1,27,-2.0715044,1.67031,-5.345252,1.2022431,-.11883266,1.6008949,-3.2565291,3.0188637,-19.275696,7.404386,-33.788025,-4.7633657,-19.156864,7.5805426,-34.014454,-4.299273
23.2,27,-2.0183887,1.6274815,-5.2081938,1.1714163,-.11578565,1.5598462,-3.173028,2.9414568,-18.781445,7.214529,-32.921661,-4.6412277,-18.665659,7.386169,-33.142284,-4.1890349
23.3,27,-1.9652741,1.5846536,-5.0711379,1.14059,-.11273871,1.5187982,-3.0895286,2.8640511,-18.287205,7.0246758,-32.055317,-4.5190921,-18.174465,7.1917987,-32.270134,-4.0787988
23.4,27,-1.9121584,1.5418251,-4.9340796,1.1097631,-.1096917,1.4777495,-3.0060275,2.786644,-17.792953,6.8348193,-31.188953,-4.3969541,-17.683262,6.9974251,-31.397963,-3.9685605
23.5,27,-1.8590426,1.4989964,-4.7970214,1.0789362,-.1066447,1.4367007,-2.9225264,2.7092371,-17.298702,6.6449623,-30.32259,-4.274816,-17.192059,6.8030515,-30.525795,-3.8583224
23.6,27,-1.8059269,1.4561677,-4.6599631,1.0481094,-.1035977,1.3956519,-2.8390253,2.63183,-16.804453,6.4551058,-29.456226,-4.152678,-16.700855,6.6086779,-29.653625,-3.7480841
23.7,27,-1.7528112,1.4133391,-4.5229049,1.0172825,-.1005507,1.3546033,-2.7555242,2.5544229,-16.310202,6.2652488,-28.589865,-4.03054,-16.209652,6.4143043,-28.781456,-3.6378458
23.8,27,-1.6996965,1.3705113,-4.3858495,.98645622,-.097503752,1.3135552,-2.6720247,2.4770172,-15.815961,6.0753956,-27.723518,-3.9084041,-15.718457,6.2199345,-27.909304,-3.5276098
23.9,27,-1.6465808,1.3276826,-4.2487912,.95562935,-.094456747,1.2725065,-2.5885236,2.3996103,-15.321711,5.8855391,-26.857155,-3.7862661,-15.227254,6.0255609,-27.037136,-3.4173715
24,27,-1.5934651,1.2848541,-4.111733,.92480248,-.091409743,1.2314578,-2.5050225,2.3222032,-14.827459,5.695682,-25.990791,-3.6641281,-14.73605,5.8311872,-26.164967,-3.3071334
24.1,27,-1.5403494,1.2420254,-3.9746745,.89397562,-.088362738,1.1904091,-2.4215217,2.244796,-14.333209,5.5058255,-25.124428,-3.5419898,-14.244846,5.6368136,-25.292797,-3.1968951
24.2,27,-1.4872338,1.1991968,-3.8376162,.86314875,-.085315734,1.1493603,-2.3380206,2.1673889,-13.838959,5.3159685,-24.258066,-3.4198518,-13.753643,5.44244,-24.42063,-3.086657
24.3,27,-1.434119,1.156369,-3.7005606,.83232248,-.082268789,1.1083124,-2.2545209,2.0899835,-13.344718,5.1261153,-23.39172,-3.2977161,-13.262449,5.2480698,-23.548477,-2.9764209
24.4,27,-1.3810033,1.1135403,-3.5635023,.80149561,-.079221793,1.0672636,-2.17102,2.0125763,-12.850467,4.9362588,-22.525356,-3.1755781,-12.771245,5.0536962,-22.676308,-2.8661826
24.5,27,-1.3278877,1.0707117,-3.4264441,.77066875,-.076174788,1.0262148,-2.0875189,1.9351693,-12.356216,4.7464018,-21.658993,-3.0534399,-12.280042,4.8593225,-21.804138,-2.7559445
24.6,27,-1.2747719,1.0278831,-3.2893858,.73984188,-.073127784,.98516607,-2.0040178,1.8577622,-11.861966,4.5565448,-20.792629,-2.9313018,-11.788838,4.6649489,-20.931971,-2.6457062
24.7,27,-1.2216562,.98505443,-3.1523273,.70901501,-.070080779,.94411731,-1.9205167,1.7803551,-11.367716,4.3666883,-19.926268,-2.8091638,-11.297635,4.4705753,-20.059801,-2.5354681
24.8,27,-1.1685416,.94222659,-3.0152717,.67818874,-.067033835,.90306938,-1.8370172,1.7029495,-10.873474,4.1768351,-19.059921,-2.6870282,-10.80644,4.2762055,-19.187649,-2.4252319
24.9,27,-1.1154258,.89939797,-2.8782134,.64736187,-.06398683,.86202061,-1.7535162,1.6255425,-10.379224,3.9869783,-18.193558,-2.5648901,-10.315237,4.0818319,-18.315479,-2.3149939
25,27,-1.0623101,.85656935,-2.7411551,.61653501,-.06093983,.82097185,-1.6700151,1.5481354,-9.8849735,3.7971215,-17.327194,-2.4427519,-9.8240337,3.8874581,-17.443312,-2.2047555
25.1,27,-1.0091944,.81374073,-2.6040969,.58570814,-.057892825,.77992308,-1.586514,1.4707284,-9.3907223,3.6072645,-16.460831,-2.3206139,-9.3328295,3.6930845,-16.571142,-2.0945175
25.2,27,-.95607865,.77091211,-2.4670386,.55488127,-.054845825,.73887438,-1.5030129,1.3933213,-8.896472,3.4174078,-15.594468,-2.1984758,-8.8416262,3.4987109,-15.698974,-1.9842792
25.3,27,-.902964,.72808427,-2.329983,.524055,-.051798876,.69782639,-1.4195135,1.3159157,-8.4022312,3.2275546,-14.728122,-2.0763402,-8.3504324,3.3043408,-14.826821,-1.8740431
25.4,27,-.84984827,.68525565,-2.1929247,.49322811,-.048751876,.65677762,-1.3360124,1.2385086,-7.9079804,3.0376978,-13.861759,-1.9542021,-7.8592286,3.1099672,-13.954652,-1.7638049
25.5,27,-.79673254,.64242703,-2.0558665,.46240124,-.045704871,.61572891,-1.2525113,1.1611016,-7.4137297,2.847841,-12.995396,-1.832064,-7.3680248,2.9155936,-13.082483,-1.6535667
25.6,27,-.74361688,.59959841,-1.9188081,.43157437,-.042657867,.57468015,-1.1690103,1.0836945,-6.9194794,2.6579843,-12.129033,-1.7099259,-6.8768215,2.72122,-12.210315,-1.5433285
25.7,27,-.69050115,.55676973,-1.7817498,.40074751,-.039610866,.53363138,-1.0855092,1.0062875,-6.4252286,2.4681275,-11.26267,-1.5877879,-6.3856177,2.5268462,-11.338145,-1.4330903
25.8,27,-.63738644,.51394194,-1.6446941,.36992124,-.036563922,.49258342,-1.0020097,.92888182,-5.9309878,2.2782743,-10.396323,-1.4656521,-5.894424,2.3324764,-10.465993,-1.3228542
25.9,27,-.58427078,.47111329,-1.5076358,.33909437,-.033516917,.45153469,-.91850859,.85147476,-5.4367371,2.0884175,-9.5299606,-1.3435141,-5.4032202,2.1381028,-9.5938244,-1.212616
26,27,-.53115505,.42828467,-1.3705776,.3082675,-.030469915,.41048592,-.83500755,.7740677,-4.9424868,1.8985608,-8.6635971,-1.2213759,-4.9120169,1.943729,-8.7216558,-1.1023778
26.1,27,-.47803932,.38545606,-1.2335193,.27744064,-.027422912,.36943719,-.75150645,.69666064,-4.448236,1.7087039,-7.7972341,-1.0992379,-4.4208131,1.7493554,-7.8494868,-.99213958
26.2,27,-.42492363,.34262741,-1.0964611,.24661377,-.024375908,.32838842,-.66800541,.61925358,-3.9539855,1.5188471,-6.930871,-.97709984,-3.9296095,1.5549817,-6.9773178,-.88190138
26.3,27,-.37180895,.29979959,-.95940536,.21578749,-.021328963,.28734046,-.58450592,.541848,-3.4597445,1.3289939,-6.0645247,-.85496414,-3.4384155,1.3606118,-6.1051655,-.77166528
26.4,27,-.31869322,.25697097,-.82234704,.18496062,-.018281961,.24629171,-.50100487,.46444091,-2.9654939,1.1391371,-5.1981616,-.73282605,-2.947212,1.1662382,-5.2329965,-.66142708
26.5,27,-.26557752,.21414234,-.68528879,.15413375,-.015234957,.20524296,-.41750377,.38703385,-2.4712434,.94928038,-4.3317986,-.61068797,-2.4560084,.97186452,-4.3608279,-.55118889
26.6,27,-.21246181,.1713137,-.54823053,.12330689,-.012187954,.16419421,-.3340027,.30962679,-1.9769927,.75942355,-3.4654355,-.48854992,-1.9648048,.77749085,-3.4886589,-.44095069
26.7,27,-.1593461,.12848508,-.41117224,.092480019,-.0091409516,.12314546,-.25050163,.23221973,-1.4827422,.56956679,-2.5990725,-.36641186,-1.4736012,.58311725,-2.6164901,-.3307125
26.8,27,-.10623141,.085657261,-.27411658,.061653737,-.0060940064,.082097501,-.16700214,.15481414,-.98850107,.37971359,-1.7327261,-.24427614,-.98240709,.38874727,-1.7443378,-.2204764
26.9,27,-.053115707,.042828631,-.13705829,.030826868,-.0030470032,.04104875,-.083501071,.07740707,-.49425054,.1898568,-.86636305,-.12213807,-.49120355,.19437364,-.8721689,-.1102382
27,27,0,0,0,0,0,0,0,0,0,0,0,0,0,0,0,0
27.1,27,.052995734,.042817842,-.030925699,.13691716,.0029780809,.041039139,-.077457152,.08341331,.49396819,.18979345,.12197984,.86595654,.4909901,.19430721,.11015498,.87182522
27.2,27,.10527162,.085571259,-.06244497,.2729882,.005542628,.082020953,-.15521549,.16630074,.98624218,.37920704,.24301,1.7294743,.98069954,.38821602,.21981011,1.741589
27.3,27,.1561068,.12819651,-.095153749,.40736735,.0072800494,.1228891,-.23357816,.24813826,1.4751183,.56785816,.36213681,2.5881,1.4678383,.58132565,.32846096,2.6072156
27.4,27,.20478345,.17063536,-.12965569,.5392226,.0077769281,.16359308,-.31285962,.32841349,1.9589213,.75537676,.47841012,3.4394326,1.9511445,.77324897,.43560433,3.4666846
27.5,27,.25058073,.21283165,-.16656163,.66772312,.0066196723,.20408539,-.39338034,.4066197,2.4359477,.94138455,.5908677,4.2810273,2.429328,.96359164,.54072303,4.3179326
27.6,27,.29277876,.25473627,-.20649518,.79205269,.0033947453,.24432646,-.47547629,.4822658,2.9045029,1.1255106,.69854265,5.1104631,2.901108,1.1519684,.64329153,5.1589246
27.7,27,.33065772,.29630798,-.25009525,.91141069,-.0023113787,.28428575,-.55950123,.55487847,3.3628929,1.3073882,.80045909,5.9253268,3.3652043,1.3380007,.74277115,5.9876375
27.8,27,.36349675,.33751422,-.29801896,1.0250125,-.010912301,.32394311,-.64582914,.62400454,3.8094141,1.486653,.89562792,6.7232008,3.8203266,1.5213147,.83860457,6.8020487
27.9,27,.39057803,.37833628,-.35094744,1.1321036,-.022821426,.36329371,-.734864,.6892212,4.2423916,1.662958,.98305374,7.501729,4.265213,1.7015576,.9302212,7.6002045
28,27,.4111807,.41876632,-.40958619,1.2319475,-.038452368,.40234569,-.82703543,.75013071,4.660121,1.8359534,1.0617186,8.258523,4.6985731,1.8783777,1.0170207,8.380126
28.1,27,.42471409,.45882067,-.47455791,1.3239861,-.05814442,.44113177,-.92274678,.80645794,5.0612125,2.0053685,1.1307627,8.991662,5.1193566,2.0515089,1.0984733,9.1402407
28.2,27,.43110439,.49856067,-.54605651,1.4082654,-.081940003,.47972396,-1.0221816,.85830164,5.4454923,2.171205,1.1900085,9.7009764,5.5274324,2.2209716,1.1744081,9.8804569
28.3,27,.430406,.53805816,-.62416863,1.4849807,-.10980733,.51820332,-1.1254672,.90585256,5.8130817,2.3335309,1.2394453,10.386718,5.9228892,2.3868549,1.2447395,10.601039
28.4,27,.42267627,.57738876,-.70898491,1.5543375,-.14171453,.55665433,-1.2327369,.94930786,6.1641293,2.4924252,1.279066,11.049192,6.3058438,2.5492611,1.3093841,11.302303
28.5,27,.40796953,.61662602,-.80059534,1.6165344,-.17762983,.59515911,-1.3441203,.98886055,6.4987564,2.6479583,1.3088536,11.688659,6.6763864,2.7082839,1.3682475,11.984525
28.6,27,.38634121,.65584445,-.89909029,1.6717727,-.21752141,.63380021,-1.4597471,1.0247042,6.8170929,2.8002052,1.3287915,12.305394,7.0346146,2.8640223,1.4212343,12.647995
28.7,27,.35784665,.69511801,-1.0045596,1.720253,-.26135749,.67265928,-1.5797455,1.0570306,7.1192698,2.9492424,1.3388608,12.899678,7.3806272,3.0165768,1.4682453,13.293009
28.8,27,.32254034,.73451936,-1.1170911,1.7621717,-.3091062,.71181577,-1.7042395,1.0860271,7.4054074,3.0951436,1.3390378,13.471777,7.7145138,3.1660464,1.5091767,13.91985
28.9,27,.28047943,.77412224,-1.2367723,1.7977312,-.3607358,.75134969,-1.8333541,1.1118826,7.6756549,3.2379937,1.3293037,14.022006,8.0363913,3.3125422,1.5439276,14.528854
29,27,.23171848,.81399691,-1.3636861,1.827123,-.41621441,.79133666,-1.9672058,1.1347769,7.9301338,3.3778694,1.3096315,14.550636,8.3463478,3.4561656,1.5723881,15.120308
29.1,27,.17631288,.85421276,-1.4979134,1.8505391,-.47551021,.83185077,-2.1059077,1.1548873,8.1689739,3.5148504,1.2799938,15.057954,8.6444836,3.5970232,1.5944479,15.69452
29.2,27,.11431757,.89483744,-1.6395316,1.8681667,-.53859162,.87296343,-2.2495685,1.1723853,8.3923044,3.649018,1.2403609,15.544249,8.9308968,3.7352233,1.6099933,16.251799
29.3,27,.045787662,.9359358,-1.7886128,1.8801881,-.60542649,.91474259,-2.398289,1.187436,8.6002493,3.7804513,1.1907005,16.009798,9.2056751,3.8708713,1.6189072,16.792444
29.4,27,-.02922029,.97757286,-1.9452279,1.8867873,-.67598331,.95725524,-2.5521691,1.2002025,8.7929544,3.9092405,1.1309836,16.454926,9.4689379,4.0040851,1.621075,17.316799
29.5,27,-.11065101,1.0198088,-2.1094396,1.8881376,-.7502299,1.000563,-2.7112975,1.2108377,8.9705429,4.0354662,1.061174,16.879911,9.7207727,4.1349726,1.6163751,17.825171
29.6,27,-.19844958,1.0627023,-2.2813079,1.8844087,-.82813466,1.0447253,-2.8757586,1.2194893,9.1331444,4.159214,.98123509,17.285053,9.9612789,4.2636471,1.6046842,18.317875
29.7,27,-.29256108,1.1063094,-2.4608877,1.8757654,-.909666,1.0897977,-3.0456305,1.2262983,9.2808886,4.2805686,.89112777,17.670649,10.190555,4.3902221,1.5858773,18.795231
29.8,27,-.39293033,1.1506824,-2.6482265,1.8623658,-.99479181,1.1358321,-3.2209816,1.2313981,9.4138975,4.3996148,.79081082,18.036983,10.408689,4.5148087,1.5598261,19.257551
29.9,27,-.49950075,1.1958735,-2.8433697,1.8443683,-1.0834805,1.1828785,-3.4018798,1.2349187,9.5323181,4.5164461,.68024659,18.38439,10.615799,4.6375303,1.5264062,19.705191
30,27,-.61221707,1.2419294,-3.0463541,1.8219199,-1.1756998,1.2309818,-3.5883801,1.2369803,9.6362743,4.6311483,.55939072,18.71316,10.811975,4.7585001,1.4854857,20.138464
30.1,27,-.73102444,1.288895,-3.2572122,1.7951634,-1.2714183,1.2801843,-3.7805336,1.2376966,9.7258959,4.7438107,.42819774,19.023594,10.997314,4.8778353,1.4369326,20.557695
30.2,27,-.85586792,1.3368121,-3.4759715,1.7642356,-1.3706045,1.3305244,-3.9783845,1.2371753,9.8013105,4.8545227,.2866208,19.316,11.171915,4.9956536,1.3806136,20.963215
30.3,27,-.98669213,1.3857189,-3.7026513,1.7292671,-1.473226,1.3820369,-4.1819687,1.2355168,9.8626413,4.9633718,.13461159,19.590672,11.335868,5.1120706,1.3163936,21.355341
30.4,27,-1.1234409,1.4356532,-3.9372694,1.6903876,-1.5792513,1.4347556,-4.3913207,1.2328179,9.9100361,5.0704565,-.027875811,19.847948,11.489288,5.227212,1.244141,21.734434
30.5,27,-1.2660583,1.4866474,-4.1798334,1.647717,-1.6886481,1.4887084,-4.606463,1.2291667,9.9436188,5.1758657,-.20089146,20.088129,11.632267,5.3411937,1.1637198,22.100815
30.6,27,-1.41449,1.5387322,-4.4303493,1.6013696,-1.801385,1.5439217,-4.8274159,1.224646,9.9635181,5.2796917,-.38448796,20.311523,11.764903,5.4541359,1.074993,22.454813
30.7,27,-1.5686812,1.5919354,-4.6888175,1.5514548,-1.9174309,1.6004189,-5.0541945,1.2193326,9.969861,5.3820271,-.57871896,20.51844,11.887292,5.5661573,.97782379,22.796759
30.8,27,-1.7285762,1.6462817,-4.9552293,1.4980768,-2.0367527,1.6582195,-5.2868032,1.2132978,9.9627733,5.4829631,-.78363717,20.709183,11.999526,5.6773748,.87207568,23.126976
30.9,27,-1.8941185,1.7017953,-5.2295761,1.441339,-2.1593192,1.7173427,-5.525249,1.2066106,9.9424009,5.5825996,-.99929339,20.884094,12.10172,5.7879143,.75761676,23.445824
31,27,-2.065253,1.7584957,-5.5118413,1.3813351,-2.2850986,1.7778032,-5.7695289,1.1993318,9.9088669,5.6810279,-1.2257432,21.043476,12.193965,5.897891,.63431084,23.75362
31.1,27,-2.241925,1.8164009,-5.8020053,1.3181554,-2.4140587,1.839614,-6.0196362,1.1915187,9.8623009,5.7783422,-1.4630421,21.187643,12.27636,6.0074244,.50202352,24.050695
31.2,27,-2.424078,1.8755267,-6.1000428,1.2518867,-2.5461676,1.902786,-6.2755599,1.1832244,9.8028345,5.8746376,-1.711244,21.316914,12.349002,6.116632,.36062351,24.337381
31.3,27,-2.6116621,1.9358865,-6.40593,1.1826057,-2.6813962,1.967328,-6.5372882,1.1744956,9.7305784,5.9700041,-1.9704146,21.431572,12.411975,6.2256265,.20997147,24.613977
31.4,27,-2.8046126,1.9974924,-6.7196259,1.1104004,-2.8197081,2.0332465,-6.8047981,1.1653818,9.6456995,6.0645456,-2.2405915,21.53199,12.465408,6.3345323,.049952973,24.880863
31.5,27,-3.0028799,2.060354,-7.0410995,1.0353397,-2.9610746,2.1005471,-7.0780711,1.1559221,9.5483074,6.1583519,-2.5218401,21.618456,12.509382,6.44346,-.11956707,25.13833
31.6,27,-3.2064078,2.1244791,-7.3703103,.95749485,-3.1054628,2.1692326,-7.3570805,1.1461549,9.4385347,6.2515173,-2.814214,21.691284,12.543998,6.5525231,-.29871166,25.386707
31.7,27,-3.4151385,2.1898737,-7.707212,.87693489,-3.25284,2.2393045,-7.6417961,1.1361159,9.3165159,6.3441367,-3.117764,21.750795,12.569356,6.6618347,-.48759958,25.626312
31.8,27,-3.6290262,2.2565427,-8.0517683,.79371643,-3.4031794,2.3107638,-7.9321933,1.1258346,9.182354,6.4362988,-3.4325602,21.797268,12.585533,6.7714996,-.68636227,25.857428
31.9,27,-3.8480015,2.3244891,-8.4039164,.70791346,-3.5564418,2.3836088,-8.2282295,1.1153454,9.0362244,6.5281062,-3.7586291,21.831078,12.592666,6.8816361,-.89509284,26.080425
32,27,-4.0720177,2.3937147,-8.7636118,.61957711,-3.7126002,2.4578373,-8.5298729,1.1046726,8.878231,6.6196465,-4.0960379,21.852499,12.590832,6.9923458,-1.1139147,26.295578
32.1,27,-4.3010173,2.4642191,-9.1307974,.52876353,-3.8716209,2.5334454,-8.8370829,1.0938408,8.7085018,6.711009,-4.4448342,21.861837,12.580123,7.1037307,-1.3429338,26.50318
32.2,27,-4.5349436,2.5360031,-9.5054178,.43553144,-4.033473,2.6104298,-9.1498213,1.0828755,8.5271912,6.8022943,-4.8050599,21.859444,12.560664,7.2159023,-1.5822442,26.703573
32.3,27,-4.773746,2.6090629,-9.8874149,.33992359,-4.1981249,2.6887834,-9.4680433,1.0717934,8.3343906,6.893579,-5.1767755,21.845556,12.532516,7.3289475,-1.8319572,26.89699
32.4,27,-5.0173621,2.6833971,-10.276724,.24199922,-4.3655438,2.7685008,-9.7917061,1.060618,8.1302748,6.9849658,-5.5600071,21.820557,12.495818,7.4429765,-2.0921481,27.083784
32.5,27,-5.2657423,2.7589993,-10.673282,.14179717,-4.5356979,2.8495731,-10.120759,1.0493628,7.9149327,7.0765305,-5.954812,21.784678,12.45063,7.5580716,-2.3629179,27.264179
32.6,27,-5.5188298,2.8358662,-11.077025,.039366044,-4.7085567,2.9319935,-10.455158,1.0380452,7.6885109,7.1683645,-6.3612256,21.738247,12.397068,7.6743307,-2.6443436,27.438478
32.7,27,-5.776567,2.9139929,-11.487887,-.06524606,-4.8840876,3.015754,-10.794857,1.0266817,7.4511604,7.2605605,-6.7792768,21.681599,12.335248,7.7918477,-2.9364924,27.606989
32.8,27,-6.0389023,2.9933703,-11.9058,-.17200419,-5.0622587,3.100843,-11.139799,1.0152818,7.2029743,7.3531895,-7.209012,21.614962,12.265233,7.9106965,-3.2394471,27.769913
32.9,27,-6.3057752,3.0739932,-12.330691,-.28085947,-5.2430377,3.187252,-11.489937,1.0038615,6.9441218,7.4463458,-7.6504474,21.538691,12.18716,8.0309715,-3.5532558,27.927576
33,27,-6.5771356,3.1558516,-12.762491,-.3917802,-5.4263935,3.2749693,-11.845216,.99242818,6.674695,7.5400972,-8.1036243,21.453014,12.101089,8.1527414,-3.8779905,28.080168
33.1,27,-6.8529263,3.2389379,-13.201128,-.5047245,-5.6122947,3.3639843,-12.205583,.98099333,6.3948407,7.6345291,-8.5685616,21.358244,12.007135,8.2760859,-4.2136946,28.227966
33.2,27,-7.1330881,3.3232434,-13.646525,-.61965054,-5.8007078,3.4542859,-12.570984,.96956795,6.1047125,7.7297235,-9.0452671,21.254692,11.90542,8.4010839,-4.560401,28.371243
33.3,27,-7.417573,3.4087574,-14.098615,-.73653156,-5.9916039,3.5458612,-12.941364,.95815659,5.8043952,7.8257427,-9.5337791,21.142569,11.795999,8.5277929,-4.9181681,28.510166
33.4,27,-7.7063193,3.4954705,-14.557315,-.85532296,-6.1849484,3.6386988,-13.316667,.94677049,5.4940639,7.9226718,-10.034087,21.022215,11.679012,8.6562891,-5.287003,28.645027
33.5,27,-7.9992738,3.5833702,-15.022551,-.97599739,-6.3807096,3.7327843,-13.696833,.93541324,5.1738129,8.0205688,-10.546213,20.893839,11.554523,8.7866249,-5.666945,28.77599
33.6,27,-8.2963829,3.6724467,-15.494246,-1.0985192,-6.5788574,3.8281059,-14.081807,.92409235,4.8437858,8.1195068,-11.070155,20.757727,11.422643,8.9188614,-6.0580044,28.90329
33.7,27,-8.5975857,3.7626891,-15.972322,-1.222851,-6.7793584,3.9246504,-14.471532,.91281509,4.5041351,8.2195578,-11.605903,20.614172,11.283493,9.0530605,-6.4601793,29.027166
33.8,27,-8.9028378,3.8540845,-16.456705,-1.3489707,-6.9821839,4.0224037,-14.865951,.90158296,4.1549435,8.3207731,-12.153472,20.46336,11.137127,9.1892624,-6.8734956,29.147751
33.9,27,-9.2120705,3.9466209,-16.947306,-1.4768353,-7.1872978,4.1213522,-15.264999,.8904044,3.7963953,8.4232244,-12.712821,20.305613,10.983693,9.3275232,-7.2979178,29.265303
34,27,-9.5252371,4.0402856,-17.444052,-1.6064235,-7.3946705,4.2214808,-15.668621,.87928009,3.4285734,8.5269585,-13.283958,20.141106,10.823244,9.4678793,-7.733458,29.379946
34.1,27,-9.8422804,4.1350656,-17.946859,-1.7377008,-7.6042695,4.3227758,-16.076756,.86821544,3.0516303,8.6320362,-13.86685,19.97011,10.6559,9.6103735,-8.1800861,29.491886
34.2,27,-10.163141,4.2309489,-18.455648,-1.8706342,-7.8160639,4.4252234,-16.489342,.85721505,2.6657143,8.7385159,-14.461462,19.792891,10.481778,9.7550488,-8.6377668,29.601322
34.3,27,-10.487772,4.3279214,-18.970343,-2.0052025,-8.0300226,4.5288081,-16.906322,.84627891,2.2709122,8.8464355,-15.067783,19.609608,10.300935,9.9019289,-9.1064892,29.708357
34.4,27,-10.816108,4.4259696,-19.490849,-2.141367,-8.24611,4.6335154,-17.327633,.83541304,1.8674042,8.9558544,-15.685748,19.420557,10.113514,10.051052,-9.5861855,29.813213
34.5,27,-11.148102,4.5250797,-20.017096,-2.2791083,-8.4642982,4.7393293,-17.753214,.82461673,1.4552732,9.0668058,-16.31534,19.225885,9.9195719,10.202435,-10.076836,29.915977
34.6,27,-11.483695,4.6252384,-20.548996,-2.4183948,-8.6845551,4.8462362,-18.183002,.8138935,1.0346693,9.1793365,-16.956499,19.025837,9.719224,10.356109,-10.578376,30.016825
34.7,27,-11.822829,4.7264318,-21.086466,-2.5591936,-8.906846,4.9542198,-18.61694,.80324686,.60574728,9.2934904,-17.609158,18.820654,9.5125933,10.512094,-11.090734,30.115919
34.8,27,-12.165455,4.8286443,-21.629423,-2.7014854,-9.1311417,5.0632653,-19.054958,.79267567,.1685943,9.4092932,-18.273281,18.61047,9.299736,10.670402,-11.613866,30.213339
34.9,27,-12.511512,4.9318638,-22.177788,-2.8452363,-9.3574104,5.1733575,-19.497005,.78218389,-.27662268,9.5267887,-18.948786,18.39554,9.0807877,10.831052,-12.147684,30.309259
35,27,-12.860948,5.0360737,-22.73147,-2.9904244,-9.585618,5.2844791,-19.943008,.77177066,-.7298035,9.645997,-19.635611,18.176004,8.8558149,10.994048,-12.692123,30.403753
35.1,27,-13.213717,5.141263,-23.290407,-3.1370265,-9.8157415,5.3966188,-20.39292,.76143712,-1.1908302,9.7669525,-20.333706,17.952045,8.6249113,11.159404,-13.247119,30.496941
35.2,27,-13.569727,5.2474093,-23.854462,-3.2849939,-10.047729,5.5097528,-20.846645,.75118899,-1.6594728,9.8896828,-21.042894,17.723949,8.3882551,11.327124,-13.812499,30.58901
35.3,27,-13.928967,5.354506,-24.423607,-3.4343286,-10.281569,5.6238737,-21.304159,.74102074,-2.1357303,10.014203,-21.763206,17.491747,8.1458387,11.497208,-14.388274,30.679951
35.4,27,-14.291346,5.462532,-24.997713,-3.5849793,-10.517213,5.7389584,-21.765366,.73093873,-2.6193581,10.14054,-22.494452,17.255735,7.8978553,11.669658,-14.974254,30.769964
35.5,27,-14.656853,5.5714812,-25.576756,-3.7369504,-10.754654,5.855001,-22.230246,.72093713,-3.1103637,10.268705,-23.236656,17.015928,7.64429,11.844472,-15.570448,30.859028
35.6,27,-15.025406,5.6813326,-26.160612,-3.8901985,-10.993845,5.9719796,-22.698709,.71102017,-3.6085389,10.398716,-23.989647,16.77257,7.3853059,12.021644,-16.176683,30.947294
35.7,27,-15.396918,5.7920656,-26.749159,-4.0446787,-11.234736,6.0898714,-23.170666,.70119208,-4.1136665,10.530587,-24.753237,16.525906,7.1210704,12.201165,-16.792774,31.034914
35.8,27,-15.771384,5.9036736,-27.342373,-4.2003965,-11.477324,6.2086706,-23.646095,.69144672,-4.6257582,10.664323,-25.527447,16.27593,6.8515658,12.383026,-17.41872,31.121853
35.9,27,-16.148714,6.0161362,-27.940123,-4.3573031,-11.721558,6.3283544,-24.124905,.68178946,-5.1445742,10.799936,-26.312061,16.022913,6.5769835,12.567218,-18.054312,31.208279
36,27,-16.528894,6.129446,-28.542387,-4.5154014,-11.967428,6.448916,-24.607071,.67221481,-5.6701169,10.937428,-27.107084,15.76685,6.2973113,12.753728,-18.699535,31.294157
36.1,27,-16.911833,6.2435794,-29.149023,-4.6746426,-12.214883,6.5703301,-25.092493,.66272718,-6.2021489,11.076803,-27.912285,15.507987,6.0127344,12.942535,-19.354168,31.379637
36.2,27,-17.297478,6.3585234,-29.759954,-4.8350019,-12.463894,6.6925826,-25.581116,.65332717,-6.7405386,11.218066,-28.727545,15.246467,5.7233558,13.133628,-20.018082,31.464792
36.3,27,-17.685787,6.4742632,-30.375111,-4.9964652,-12.714435,6.815659,-26.072882,.64401203,-7.2852116,11.361208,-29.552771,14.982347,5.4292231,13.326982,-20.691181,31.549627
36.4,27,-18.076693,6.5907831,-30.99439,-5.1589961,-12.966467,6.9395413,-26.567719,.63478446,-7.8359795,11.506232,-30.387781,14.715821,5.1304874,13.522581,-21.373285,31.63426
36.5,27,-18.470154,6.7080684,-31.617727,-5.3225818,-13.219967,7.0642157,-27.065575,.62564152,-8.3927774,11.653129,-31.232489,14.446935,4.8271894,13.7204,-22.064301,31.718679
36.6,27,-18.866104,6.8261027,-32.245022,-5.4871898,-13.474896,7.1896634,-27.566378,.6165849,-8.9554338,11.801891,-32.086716,14.175848,4.5194626,13.920416,-22.764051,31.802977
36.7,27,-19.264484,6.9448695,-32.876179,-5.6527901,-13.731223,7.3158684,-28.070061,.60761553,-9.5237942,11.952515,-32.950291,13.902704,4.2074289,14.122605,-23.472368,31.887226
36.8,27,-19.665253,7.0643559,-33.511135,-5.8193707,-13.988921,7.4428163,-28.576572,.59873062,-10.097791,12.104983,-33.82312,13.62754,3.8911297,14.326939,-24.189154,31.971413
36.9,27,-20.068342,7.1845441,-34.149788,-5.9868946,-14.247952,7.5704885,-29.085836,.58993256,-10.677233,12.259289,-34.704998,13.350532,3.5707197,14.533392,-24.914206,32.055645
37,27,-20.473705,7.3054194,-34.792065,-6.1553469,-14.50829,7.6988702,-29.597799,.58121872,-11.262044,12.415413,-35.595806,13.071718,3.2462456,14.741932,-25.647411,32.1399
37.1,27,-20.881285,7.4269662,-35.43787,-6.3246984,-14.7699,7.8279448,-30.112391,.57259017,-11.852069,12.573342,-36.495369,12.791229,2.9178307,14.952533,-26.388594,32.224255
37.2,27,-21.291016,7.5491681,-36.087116,-6.4949188,-15.032748,7.957695,-30.629543,.56404775,-12.447146,12.733063,-37.403492,12.509198,2.5856013,15.165161,-27.137569,32.308773
37.3,27,-21.702862,7.6720114,-36.739727,-6.6659951,-15.296808,8.0881062,-31.149206,.55558872,-13.047211,12.894551,-38.320068,12.225646,2.249598,15.379786,-27.89423,32.393425
37.4,27,-22.116747,7.7954779,-37.395603,-6.8378901,-15.562042,8.2191601,-31.671301,.54721546,-13.652063,13.057792,-39.244865,11.940739,1.9099786,15.596376,-28.658358,32.478313
37.5,27,-22.532629,7.9195533,-38.054668,-7.0105901,-15.828424,8.3508415,-32.19577,.53892529,-14.261632,13.22276,-40.177765,11.654501,1.5667906,15.814895,-29.429832,32.563416
37.6,27,-22.950453,8.0442228,-38.716839,-7.1840663,-16.095919,8.4831343,-32.722557,.53071886,-14.875768,13.389436,-41.11858,11.367043,1.2201502,16.035309,-30.208477,32.648777
37.7,27,-23.370152,8.1694679,-39.382015,-7.3582888,-16.364492,8.6160202,-33.251583,.52259713,-15.494306,13.557797,-42.067101,11.078489,.87018704,16.257584,-30.994093,32.734467
37.8,27,-23.791689,8.2952776,-40.050133,-7.5332437,-16.634121,8.749486,-33.782799,.51455736,-16.11718,13.727818,-43.023209,10.78885,.51694173,16.481686,-31.786568,32.82045
37.9,27,-24.214987,8.4216309,-40.721081,-7.7088943,-16.904762,8.8835125,-34.316128,.50660187,-16.744186,13.899474,-43.986656,10.498281,.16057548,16.707573,-32.585667,32.906818
38,27,-24.640007,8.5485153,-41.394787,-7.8852258,-17.176392,9.0180836,-34.851513,.49872798,-17.375259,14.072736,-44.957314,10.206797,-.19886772,16.935211,-33.391273,32.993538
38.1,27,-25.066689,8.6759138,-42.071167,-8.0622101,-17.448977,9.1531849,-35.388889,.49093634,-18.010244,14.24758,-45.934986,9.9144993,-.56126815,17.164564,-34.203197,33.080658
38.2,27,-25.494974,8.803812,-42.75013,-8.2398205,-17.722483,9.2887983,-35.928192,.48322755,-18.648989,14.423979,-46.919468,9.6214905,-.92650616,17.395594,-35.021244,33.168232
38.3,27,-25.92481,8.9321928,-43.431587,-8.4180355,-17.99688,9.4249077,-36.469357,.47559971,-19.291397,14.6019,-47.910595,9.3278008,-1.2945182,17.62826,-35.845272,33.256233
38.4,27,-26.356138,9.0610409,-44.115452,-8.5968256,-18.272133,9.5614958,-37.012321,.46805409,-19.937304,14.781318,-48.908154,9.0335484,-1.6651692,17.862522,-36.675072,33.344734
38.5,27,-26.788916,9.1903419,-44.801655,-8.7761765,-18.54822,9.6985493,-37.557026,.46058834,-20.58663,14.9622,-49.912003,8.7387419,-2.0384119,18.098347,-37.510521,33.433697
38.6,27,-27.223072,9.3200779,-45.490089,-8.9560547,-18.825098,9.8360481,-38.103397,.45320356,-21.239208,15.144515,-50.921909,8.4434967,-2.4141102,18.335688,-38.351398,33.523178
38.7,27,-27.658556,9.4502344,-46.180676,-9.1364355,-19.102739,9.973979,-38.651379,.4458999,-21.894894,15.328235,-51.937679,8.1478939,-2.7921543,18.574511,-39.197525,33.613216
38.8,27,-28.095312,9.5807953,-46.873325,-9.3172989,-19.381111,10.112322,-39.200897,.43867576,-22.553587,15.513321,-52.959137,7.851963,-3.1724772,18.814768,-40.048744,33.703789
38.9,27,-28.533285,9.7117443,-47.567955,-9.4986153,-19.660183,10.251063,-39.751896,.43153208,-23.215134,15.699748,-53.986076,7.5558081,-3.5549507,19.056425,-40.904858,33.794956
39,27,-28.972427,9.8430691,-48.264488,-9.6803684,-19.939926,10.390187,-40.304317,.42446688,-23.879446,15.88748,-55.018333,7.2594419,-3.9395208,19.299442,-41.765732,33.886688
39.1,27,-29.412678,9.9747496,-48.962826,-9.8625269,-20.220304,10.529675,-40.858089,.41748095,-24.546362,16.076483,-56.055687,6.9629645,-4.3260579,19.543774,-42.631149,33.979034
39.2,27,-29.853971,10.106771,-49.66288,-10.045063,-20.501284,10.669512,-41.413143,.41057491,-25.215723,16.266724,-57.097916,6.6664677,-4.7144394,19.789379,-43.500912,34.072033
39.3,27,-30.29627,10.23912,-50.364578,-10.227963,-20.782839,10.809681,-41.969425,.40374643,-25.887465,16.458166,-58.144878,6.3699498,-5.1046247,20.036221,-44.374893,34.165646
39.4,27,-30.739502,10.371778,-51.067814,-10.411189,-21.064932,10.950165,-42.526863,.39699736,-26.561384,16.65078,-59.196312,6.0735431,-5.4964519,20.28425,-45.252853,34.259949
39.5,27,-31.183628,10.504733,-51.772526,-10.59473,-21.347538,11.09095,-43.0854,.39032531,-27.237425,16.844524,-60.252087,5.7772379,-5.8898873,20.533434,-46.134678,34.354904
39.6,27,-31.628586,10.637966,-52.478615,-10.778556,-21.630621,11.232018,-43.644974,.38373104,-27.915422,17.03937,-61.311974,5.4811306,-6.284801,20.783726,-47.020153,34.450554
39.7,27,-32.07431,10.771461,-53.185986,-10.962634,-21.914146,11.373352,-44.205505,.37721533,-28.595209,17.235279,-62.375736,5.1853151,-6.6810641,21.035082,-47.909069,34.54694
39.8,27,-32.520756,10.905204,-53.894566,-11.146951,-22.198086,11.514936,-44.766945,.37077618,-29.276714,17.432213,-63.443222,4.8897948,-7.0786295,21.287462,-48.801289,34.644032
39.9,27,-32.967869,11.039179,-54.604263,-11.331476,-22.482407,11.656755,-45.329227,.36441469,-29.959768,17.63014,-64.514206,4.5946722,-7.4773612,21.540827,-49.696606,34.741882
40,27,-33.415596,11.173371,-55.314999,-11.51619,-22.76708,11.798793,-45.892288,.35812926,-30.644279,17.829023,-65.588524,4.2999625,-7.8771996,21.795132,-50.594872,34.840473
40.1,27,-33.863869,11.307763,-56.026676,-11.701062,-23.052069,11.941031,-46.456059,.35192072,-31.330084,18.028822,-66.665924,4.0057592,-8.2780151,22.050331,-51.495869,34.939842
40.2,27,-34.312645,11.44234,-56.73922,-11.886069,-23.337345,12.083454,-47.020481,.3457891,-32.017052,18.229507,-67.746231,3.7121284,-8.6797037,22.306389,-52.399426,35.040016
40.3,27,-34.761864,11.577086,-57.452538,-12.071191,-23.622877,12.226047,-47.585487,.33973309,-32.705078,18.431038,-68.829247,3.4190917,-9.0822001,22.563259,-53.305378,35.140976
40.4,27,-35.21146,11.711985,-58.166531,-12.256393,-23.908627,12.36879,-48.151009,.33375409,-33.393982,18.633375,-69.914726,3.1267617,-9.4853544,22.820898,-54.213493,35.242786
40.5,27,-35.661404,11.847023,-58.881142,-12.441664,-24.194572,12.51167,-48.716995,.32784998,-34.083706,18.836487,-71.002541,2.8351285,-9.8891344,23.079269,-55.123672,35.345402
40.6,27,-36.111622,11.982183,-59.596268,-12.626972,-24.480679,12.654672,-49.283379,.32202151,-34.774086,19.040335,-72.092461,2.5442832,-10.293408,23.338327,-56.035686,35.448872
40.7,27,-36.56205,12.117449,-60.311813,-12.812286,-24.766907,12.797774,-49.850082,.31626967,-35.464947,19.244879,-73.184219,2.2543218,-10.698042,23.598024,-56.949318,35.553238
40.8,27,-37.012657,12.252808,-61.027718,-12.997595,-25.053234,12.940966,-50.417061,.31059223,-36.156242,19.450087,-74.27771,1.9652292,-11.103006,23.858328,-57.864468,35.658455
40.9,27,-37.46336,12.388239,-61.743862,-13.182858,-25.339621,13.084226,-50.98423,.30499125,-36.847748,19.655916,-75.372635,1.6771404,-11.508128,24.119184,-58.780861,35.764603
41,27,-37.914131,12.523732,-62.460197,-13.368069,-25.626043,13.227543,-51.551552,.29946437,-37.539429,19.862337,-76.468895,1.3900343,-11.913386,24.380564,-59.69841,35.871639
41.1,27,-38.36491,12.659271,-63.176628,-13.553195,-25.912472,13.3709,-52.118954,.29401231,-38.231129,20.069309,-77.566254,1.1039947,-12.318657,24.64242,-60.616913,35.979599
41.2,27,-38.815685,12.794853,-63.893135,-13.738234,-26.198896,13.514295,-52.686428,.28863373,-38.922798,20.276815,-78.664627,.8190273,-12.723903,24.904736,-61.536285,36.088482
41.3,27,-39.266464,12.930476,-64.609734,-13.923196,-26.485323,13.657724,-53.253971,.28332481,-39.614498,20.484838,-79.764038,.53504711,-13.129173,25.167498,-62.456562,36.198215
41.4,27,-39.717232,13.066138,-65.326393,-14.108072,-26.771748,13.801188,-53.821579,.27808502,-40.30616,20.693361,-80.864403,.25208259,-13.534412,25.430689,-63.377647,36.308823
41.5,27,-40.168018,13.201843,-66.043159,-14.292883,-27.058178,13.944689,-54.389267,.27291018,-40.997875,20.902374,-81.965775,-.029972427,-13.939696,25.694304,-64.299606,36.420216
41.6,27,-40.618793,13.337583,-66.759979,-14.477614,-27.344604,14.08822,-54.957008,.26779991,-41.689564,21.111858,-83.068047,-.31108412,-14.344961,25.958321,-65.222336,36.532413
41.7,27,-41.069565,13.473357,-67.47686,-14.66227,-27.631027,14.231782,-55.524807,.2627525,-42.381226,21.321798,-84.171181,-.59127146,-14.7502,26.222729,-66.145805,36.645405
41.8,27,-41.520351,13.609172,-68.19384,-14.846866,-27.917459,14.375378,-56.092682,.25776425,-43.072941,21.532187,-85.275253,-.87063068,-15.155484,26.487526,-67.070076,36.759113
41.9,27,-41.971123,13.745016,-68.910858,-15.031384,-28.203882,14.519,-56.660599,.25283566,-43.764606,21.743004,-86.380112,-1.1490996,-15.560723,26.752686,-67.995026,36.873577
42,27,-42.421902,13.880897,-69.62796,-15.215842,-28.490309,14.662653,-57.22858,.24796303,-44.456303,21.954243,-87.485825,-1.4267783,-15.965994,27.018208,-68.920708,36.98872
42.1,27,-42.872684,14.01681,-70.345123,-15.40024,-28.776739,14.806335,-57.796623,.24314539,-45.14801,22.16589,-88.592354,-1.7036639,-16.371271,27.284081,-69.847084,37.104546
42.2,27,-43.323452,14.152752,-71.06234,-15.584567,-29.063162,14.950043,-58.364708,.23838228,-45.839672,22.37793,-89.699608,-1.9797361,-16.77651,27.550287,-70.774086,37.221062
42.3,27,-43.774231,14.288727,-71.779625,-15.768841,-29.34959,15.093778,-58.93285,.23367037,-46.531372,22.590357,-90.807655,-2.2550857,-17.181782,27.816828,-71.701759,37.3382
42.4,27,-44.225006,14.42473,-72.496956,-15.953053,-29.636015,15.237537,-59.501038,.22900969,-47.223042,22.803156,-91.916405,-2.5296764,-17.587027,28.083685,-72.630035,37.455982
42.5,27,-44.675785,14.560763,-73.214355,-16.137211,-29.922441,15.381324,-60.069283,.22439747,-47.914742,23.016321,-93.025902,-2.8035803,-17.992298,28.350855,-73.558952,37.574356
42.6,27,-45.126564,14.696825,-73.931808,-16.321316,-30.20887,15.525134,-60.637573,.219833,-48.606438,23.229839,-94.136086,-3.0767906,-18.397568,28.618326,-74.488457,37.693321
42.7,27,-45.577335,14.832913,-74.649315,-16.505362,-30.495295,15.668967,-61.205906,.21531567,-49.298111,23.443701,-95.246918,-3.3493013,-18.802814,28.886089,-75.41851,37.812881
42.8,27,-46.028114,14.969028,-75.366875,-16.68936,-30.781723,15.812824,-61.774288,.21084285,-49.989807,23.657896,-96.358437,-3.6211817,-19.208084,29.15414,-76.349152,37.93298
42.9,27,-46.478886,15.105167,-76.084473,-16.873301,-31.068146,15.956701,-62.342705,.20641479,-50.681469,23.872417,-97.470551,-3.8923926,-19.613323,29.422464,-77.280296,38.053646
43,27,-46.929668,15.241335,-76.802132,-17.057199,-31.354576,16.100603,-62.911179,.2020286,-51.373177,24.087257,-98.583336,-4.1630192,-20.018602,29.691065,-78.212021,38.174816
43.1,27,-47.380447,15.377525,-77.519844,-17.241051,-31.641003,16.244526,-63.479691,.19768418,-52.064877,24.302406,-99.696716,-4.4330349,-20.423872,29.959927,-79.144249,38.296505
43.2,27,-47.83131,15.513763,-78.237732,-17.424894,-31.927481,16.388494,-64.04834,.19337775,-52.75676,24.517891,-100.81094,-4.7025785,-20.829281,30.229092,-80.077209,38.418648
43.3,27,-48.281902,15.649952,-78.955246,-17.608561,-32.213802,16.532406,-64.616722,.18911994,-53.448021,24.733555,-101.9249,-4.9711442,-21.234219,30.498358,-81.009903,38.541466
43.4,27,-48.732773,15.786237,-79.673225,-17.792316,-32.500282,16.676414,-65.185455,.18489134,-54.139915,24.949619,-103.04027,-5.2395606,-21.639635,30.768017,-81.94384,38.66457
43.5,27,-49.183548,15.922519,-80.391113,-17.975985,-32.786705,16.820415,-65.754112,.18070306,-54.831604,25.16592,-104.15591,-5.5073061,-22.044899,31.037859,-82.877983,38.788189
43.6,27,-49.634335,16.058825,-81.109055,-18.159616,-33.073139,16.964439,-66.32283,.17655091,-55.523319,25.382498,-105.2721,-5.7745376,-22.450182,31.307938,-83.812614,38.912251
43.7,27,-50.085197,16.195171,-81.827156,-18.343245,-33.359615,17.108501,-66.891663,.17243214,-56.215206,25.599373,-106.38906,-6.0413561,-22.855591,31.578285,-84.747894,39.036713
43.8,27,-50.535786,16.331467,-82.544868,-18.526697,-33.645931,17.252504,-67.46022,.16835715,-56.906448,25.816387,-107.50564,-6.3072605,-23.260517,31.8487,-85.682823,39.161785
43.9,27,-50.986656,16.467857,-83.263062,-18.710249,-33.932415,17.396606,-68.029137,.16430672,-57.598351,26.033773,-108.62361,-6.5730948,-23.665937,32.11948,-86.618965,39.287086
44,27,-51.437435,16.604242,-83.981148,-18.893719,-34.218842,17.540697,-68.597977,.16029201,-58.290051,26.251364,-109.74178,-6.8383245,-24.071209,32.390419,-87.555267,39.412849
44.1,27,-51.88821,16.740644,-84.699272,-19.07715,-34.505268,17.684803,-69.16684,.15630965,-58.981739,26.469191,-110.8604,-7.1030817,-24.476473,32.66156,-88.491951,39.539005
44.2,27,-52.338989,16.877068,-85.417435,-19.260546,-34.791695,17.828928,-69.735748,.15235895,-59.673428,26.687252,-111.97948,-7.3673749,-24.881733,32.932899,-89.429031,39.665565
44.3,27,-52.789764,17.013506,-86.13562,-19.443903,-35.078121,17.973064,-70.30468,.1484388,-60.365108,26.905537,-113.09899,-7.6312261,-25.286989,33.204426,-90.36647,39.792492
44.4,27,-53.24054,17.149963,-86.853851,-19.627228,-35.364548,18.117218,-70.873642,.14454883,-61.056789,27.124046,-114.21894,-7.8946352,-25.692242,33.476147,-91.304283,39.9198
44.5,27,-53.691319,17.286438,-87.572113,-19.810522,-35.650974,18.261387,-71.442635,.14068761,-61.748486,27.342772,-115.33933,-8.1576395,-26.097513,33.748051,-92.242477,40.047447
44.6,27,-54.142097,17.42293,-88.290413,-19.993782,-35.937401,18.405571,-72.011658,.13685495,-62.440186,27.561708,-116.46014,-8.4202309,-26.502785,34.02013,-93.181015,40.175449
44.7,27,-54.592876,17.559439,-89.008743,-20.177008,-36.223827,18.549768,-72.580711,.13305064,-63.131866,27.780849,-117.58133,-8.6823997,-26.908035,34.292389,-94.119881,40.30381
44.8,27,-55.043648,17.695961,-89.727097,-20.360201,-36.510254,18.693979,-73.14978,.12927331,-63.823547,28.000191,-118.70291,-8.9441824,-27.313293,34.564812,-95.059074,40.432491
44.9,27,-55.494423,17.8325,-90.44548,-20.543364,-36.79668,18.838205,-73.71888,.12552282,-64.515228,28.21973,-119.82488,-9.2055721,-27.718546,34.837402,-95.998604,40.561512
45,27,-55.945202,17.969057,-91.163902,-20.7265,-37.083107,18.982443,-74.28801,.12179788,-65.206924,28.439461,-120.94724,-9.4666042,-28.123817,35.110161,-96.938469,40.690834
45.1,27,-56.395981,18.105627,-91.882355,-20.909607,-37.369534,19.126696,-74.85717,.11809836,-65.898621,28.65938,-122.06998,-9.7272682,-28.529087,35.383076,-97.878639,40.820469
45.2,27,-56.84676,18.24221,-92.600838,-21.092682,-37.65596,19.27096,-75.426346,.11442412,-66.590302,28.879482,-123.19305,-9.9875555,-28.93434,35.656147,-98.819107,40.950424
45.3,27,-57.297531,18.378809,-93.319336,-21.275728,-37.942387,19.415234,-75.995544,.11077396,-67.281982,29.09976,-124.31647,-10.247499,-29.339598,35.929367,-99.759857,41.080666
45.4,27,-57.748306,18.515421,-94.037865,-21.458748,-38.228813,19.559523,-76.564774,.10714776,-67.973663,29.320217,-125.44023,-10.507093,-29.74485,36.202736,-100.7009,41.211208
45.5,27,-58.199085,18.652048,-94.756432,-21.641745,-38.51524,19.703823,-77.134026,.10354435,-68.665359,29.540844,-126.56435,-10.76637,-30.150122,36.476254,-101.64226,41.342018
45.6,27,-58.649864,18.788687,-95.475014,-21.824715,-38.801666,19.848135,-77.7033,.099963658,-69.357056,29.761639,-127.6888,-11.025318,-30.555391,36.749908,-102.58389,41.473106
45.7,27,-59.100643,18.925341,-96.193626,-22.007656,-39.088097,19.99246,-78.272598,.096405648,-70.048737,29.982597,-128.81355,-11.283928,-30.960644,37.023705,-103.52577,41.604485
45.8,27,-59.551414,19.062004,-96.912254,-22.190571,-39.374519,20.136791,-78.841904,.092869155,-70.740417,30.203712,-129.93861,-11.542232,-31.365902,37.297634,-104.46792,41.736118
45.9,27,-60.00219,19.198683,-97.63092,-22.373463,-39.660946,20.281137,-79.411247,.08935418,-71.432098,30.424986,-131.06398,-11.800221,-31.771154,37.571697,-105.41033,41.868023
46,27,-60.452969,19.335373,-98.349609,-22.556334,-39.947372,20.425493,-79.980606,.085859604,-72.123795,30.646414,-132.18967,-12.057929,-32.176426,37.845894,-106.35301,42.00016
46.1,27,-60.903748,19.472076,-99.068321,-22.739182,-40.233799,20.56986,-80.549988,.082385428,-72.815498,30.867992,-133.31564,-12.315343,-32.581696,38.120213,-107.29594,42.132549
46.2,27,-61.354527,19.608791,-99.787048,-22.922003,-40.520229,20.714237,-81.119385,.078931652,-73.507179,31.089716,-134.44189,-12.572452,-32.986946,38.394657,-108.2391,42.265202
46.3,27,-61.805298,19.745514,-100.5058,-23.104799,-40.806652,20.858622,-81.688797,.075497217,-74.19886,31.311581,-135.56842,-12.829286,-33.392204,38.66922,-109.18249,42.398075
46.4,27,-62.256073,19.882252,-101.22457,-23.287577,-41.093079,21.003019,-82.25824,.072082154,-74.890533,31.533588,-136.69524,-13.085837,-33.797459,38.943909,-110.12611,42.531197
46.5,27,-62.706852,20.019001,-101.94337,-23.470335,-41.379505,21.147425,-82.827698,.06868542,-75.582237,31.755735,-137.82233,-13.342138,-34.202728,39.218712,-111.06998,42.664532
46.6,27,-63.157635,20.15576,-102.66219,-23.65307,-41.665932,21.29184,-83.397171,.065307073,-76.273933,31.978016,-138.94969,-13.598175,-34.607998,39.493626,-112.01408,42.798088
46.7,27,-63.60841,20.292528,-103.38103,-23.835785,-41.952362,21.436266,-83.966667,.061947152,-76.965614,32.200428,-140.07729,-13.853935,-35.013252,39.768654,-112.95838,42.931877
46.8,27,-64.059181,20.429306,-104.09988,-24.018476,-42.238785,21.580696,-84.536171,.058604665,-77.657295,32.422966,-141.20514,-14.109449,-35.41851,40.043789,-113.90289,43.065872
46.9,27,-64.509956,20.566097,-104.81877,-24.201149,-42.525211,21.72514,-85.105705,.055279683,-78.348976,32.645634,-142.33324,-14.364709,-35.823761,40.319031,-114.84761,43.200089
47,27,-64.960739,20.702898,-105.53767,-24.383804,-42.811638,21.869591,-85.675247,.051971238,-79.040672,32.868423,-143.46159,-14.619742,-36.229031,40.594383,-115.79256,43.334496
