temp,ref,yhat_comm,se_comm,lowerci_comm,upperci_comm,yhat_low,se_low,lowerci_low,upperci_low,yhat_high,se_high,lowerci_high,upperci_high,yhat_marg,se_marg,lowerci_marg,upperci_marg
45,27,-79.807556,49.210388,-176.25815,16.643034,-97.797165,64.35643,-223.93346,28.339121,-48.336155,63.924374,-173.62563,76.953316,49.461014,90.506538,-127.92855,226.85057
40,27,-39.071125,25.946003,-89.924355,11.782106,-51.115105,33.615952,-117.00116,14.770947,-15.964521,33.364635,-81.358009,49.428963,35.150581,46.715431,-56.409977,126.71114
35,27,-5.2216115,7.562891,-20.044605,9.6013823,-11.671772,9.121067,-29.548735,6.2051907,9.3802671,10.177194,-10.566665,29.3272,21.05204,12.628696,-3.6997507,45.803829
30,27,2.21962,2.3715656,-2.4285634,6.8678031,.014226448,2.7519188,-5.3794351,5.4078879,7.7802081,3.7750583,.38122955,15.179187,7.7659817,4.4087148,-.87494081,16.406904
10,27,-16.451736,14.135431,-44.156673,11.253199,-4.1524019,16.653933,-36.79351,28.488705,-48.040443,22.702961,-92.53743,-3.5434594,-43.888042,26.978304,-96.764549,8.9884624
5,27,-21.290483,18.29291,-57.143929,14.562963,-5.3736963,21.552147,-47.615128,36.867737,-62.169987,29.380302,-119.75433,-4.5856533,-56.796291,34.913101,-125.22471,11.632128
0,27,-26.129229,22.45039,-70.131187,17.872728,-6.5949912,26.450363,-58.436749,45.246765,-76.29953,36.057644,-146.97121,-5.6278472,-69.704536,42.847897,-153.68488,14.275793
