temp,ref,yhat_comm,se_comm,lowerci_comm,upperci_comm,yhat_low,se_low,lowerci_low,upperci_low,yhat_high,se_high,lowerci_high,upperci_high,yhat_marg,se_marg,lowerci_marg,upperci_marg
-20,27,-17.614567,11.297853,-39.75795,4.5288177,-.60659349,10.608655,-21.399174,20.185987,-191.02223,60.737617,-310.0658,-71.978691,-190.41565,61.764275,-311.47141,-69.359886
-19.9,27,-17.577089,11.273814,-39.673359,4.5191822,-.60530287,10.586082,-21.353643,20.143038,-190.6158,60.608391,-309.40607,-71.825546,-190.0105,61.632862,-310.80869,-69.212311
-19.8,27,-17.53961,11.249777,-39.588768,4.5095463,-.60401225,10.563511,-21.308113,20.10009,-190.20938,60.47916,-308.74634,-71.672401,-189.60536,61.501446,-310.146,-69.064743
-19.7,27,-17.502132,11.225739,-39.504177,4.4999104,-.60272163,10.54094,-21.262585,20.05714,-189.80295,60.349934,-308.08664,-71.519257,-189.20023,61.370037,-309.48328,-68.917168
-19.6,27,-17.464655,11.201701,-39.419586,4.4902749,-.60143101,10.518369,-21.217054,20.014193,-189.39651,60.220703,-307.42694,-71.366112,-188.79509,61.238621,-308.82059,-68.769592
-19.5,27,-17.427177,11.177663,-39.334995,4.480639,-.60014039,10.495796,-21.171524,19.971243,-188.99008,60.091473,-306.76721,-71.212959,-188.38995,61.107208,-308.15787,-68.622017
-19.4,27,-17.3897,11.153625,-39.250401,4.4710031,-.59884977,10.473225,-21.125994,19.928293,-188.58365,59.962246,-306.10748,-71.059814,-187.9848,60.975796,-307.49518,-68.474442
-19.3,27,-17.352222,11.129586,-39.16581,4.4613671,-.59755915,10.450653,-21.080463,19.885345,-188.17722,59.833015,-305.44778,-70.90667,-187.57967,60.844379,-306.83246,-68.326866
-19.2,27,-17.314745,11.105549,-39.081219,4.4517317,-.59626853,10.428082,-21.034933,19.842396,-187.7708,59.703789,-304.78809,-70.753525,-187.17453,60.712971,-306.16977,-68.179298
-19.1,27,-17.277266,11.081511,-38.996628,4.4420958,-.59497792,10.40551,-20.989403,19.799448,-187.36436,59.574558,-304.12836,-70.60038,-186.76939,60.581554,-305.50705,-68.031723
-19,27,-17.239788,11.057473,-38.912037,4.4324598,-.5936873,10.382938,-20.943872,19.756498,-186.95793,59.445328,-303.46863,-70.447227,-186.36424,60.450142,-304.84436,-67.884148
-18.9,27,-17.202311,11.033435,-38.827446,4.4228244,-.59239662,10.360367,-20.898342,19.713549,-186.5515,59.316101,-302.80893,-70.294083,-185.95911,60.318729,-304.18164,-67.736572
-18.8,27,-17.164833,11.009397,-38.742855,4.4131885,-.591106,10.337795,-20.852812,19.670601,-186.14507,59.186871,-302.1492,-70.140938,-185.55397,60.187313,-303.51892,-67.588997
-18.7,27,-17.127356,10.985359,-38.658264,4.4035525,-.58981538,10.315224,-20.807283,19.627651,-185.73865,59.057644,-301.4895,-69.987793,-185.14883,60.055904,-302.85623,-67.441429
-18.6,27,-17.089878,10.961321,-38.573673,4.3939171,-.58852476,10.292652,-20.761753,19.584703,-185.33221,58.928413,-300.82977,-69.834648,-184.7437,59.924488,-302.19354,-67.293854
-18.5,27,-17.052399,10.937283,-38.489079,4.3842812,-.58723414,10.270081,-20.716223,19.541754,-184.92578,58.799183,-300.17007,-69.681503,-184.33855,59.793076,-301.53082,-67.146278
-18.4,27,-17.014921,10.913245,-38.404488,4.3746452,-.58594352,10.247509,-20.670692,19.498804,-184.51935,58.669956,-299.51035,-69.528351,-183.93341,59.661663,-300.8681,-66.998703
-18.3,27,-16.977444,10.889207,-38.319897,4.3650093,-.5846529,10.224937,-20.625162,19.455856,-184.11292,58.540726,-298.85065,-69.375206,-183.52827,59.530247,-300.20541,-66.851128
-18.2,27,-16.939966,10.86517,-38.235306,4.3553739,-.58336228,10.202366,-20.579632,19.412907,-183.7065,58.411499,-298.19092,-69.222061,-183.12314,59.398834,-299.54272,-66.703552
-18.1,27,-16.902489,10.841131,-38.150715,4.3457379,-.58207166,10.179794,-20.534101,19.369959,-183.30006,58.282269,-297.53122,-69.068916,-182.71799,59.267422,-298.88,-66.555977
-18,27,-16.865011,10.817093,-38.066124,4.336102,-.58078104,10.157223,-20.488571,19.327009,-182.89363,58.153038,-296.87149,-68.915771,-182.31285,59.136009,-298.21729,-66.408401
-17.9,27,-16.827532,10.793055,-37.981533,4.3264666,-.57949042,10.134651,-20.443041,19.28406,-182.4872,58.023811,-296.21179,-68.762619,-181.90771,59.004593,-297.5546,-66.260826
-17.8,27,-16.790054,10.769017,-37.896938,4.3168306,-.57819974,10.112079,-20.397511,19.241112,-182.08076,57.894581,-295.55206,-68.609474,-181.50256,58.87318,-296.89188,-66.113258
-17.7,27,-16.752577,10.744979,-37.812351,4.3071947,-.57690918,10.089508,-20.351982,19.198162,-181.67435,57.765354,-294.89236,-68.456329,-181.09744,58.741768,-296.22919,-65.965683
-17.6,27,-16.715099,10.720942,-37.727757,4.2975593,-.57561851,10.066936,-20.306452,19.155214,-181.26791,57.636124,-294.23264,-68.303185,-180.69229,58.610355,-295.56647,-65.818108
-17.5,27,-16.677622,10.696903,-37.643166,4.2879233,-.57432789,10.044365,-20.260921,19.112265,-180.86148,57.506893,-293.57294,-68.15004,-180.28716,58.478943,-294.90378,-65.670532
-17.4,27,-16.640144,10.672865,-37.558575,4.2782874,-.57303727,10.021792,-20.215391,19.069315,-180.45505,57.377666,-292.91321,-67.996895,-179.88202,58.347527,-294.24106,-65.522957
-17.3,27,-16.602665,10.648827,-37.473984,4.2686515,-.57174665,9.9992208,-20.169859,19.026367,-180.04861,57.248436,-292.25348,-67.843742,-179.47687,58.216114,-293.57837,-65.375381
-17.2,27,-16.565187,10.624789,-37.389393,4.259016,-.57045603,9.9766502,-20.124331,18.983418,-179.6422,57.119209,-291.59378,-67.690598,-179.07173,58.084702,-292.91565,-65.227814
-17.1,27,-16.52771,10.600751,-37.304802,4.2493801,-.56916541,9.9540777,-20.0788,18.94047,-179.23576,56.989979,-290.93408,-67.537453,-178.6666,57.953289,-292.25296,-65.080238
-17,27,-16.490232,10.576714,-37.220211,4.2397442,-.56787479,9.9315062,-20.03327,18.89752,-178.82933,56.860748,-290.27435,-67.384308,-178.26146,57.821877,-291.59024,-64.932663
-16.9,27,-16.452755,10.552675,-37.135616,4.2301087,-.56658417,9.9089346,-19.98774,18.85457,-178.4229,56.731522,-289.61462,-67.231163,-177.85631,57.69046,-290.92755,-64.785088
-16.8,27,-16.415276,10.528637,-37.051025,4.2204728,-.56529349,9.886363,-19.942209,18.811623,-178.01646,56.602291,-288.95493,-67.078011,-177.45117,57.559048,-290.26483,-64.637512
-16.7,27,-16.3778,10.5046,-36.966434,4.2108369,-.56400293,9.8637915,-19.896679,18.768673,-177.61005,56.473064,-288.29523,-66.924873,-177.04604,57.427635,-289.60214,-64.489944
-16.6,27,-16.340321,10.480561,-36.881844,4.2012014,-.56271231,9.8412199,-19.851149,18.725725,-177.20361,56.343834,-287.6355,-66.771721,-176.6409,57.296223,-288.93942,-64.342369
-16.5,27,-16.302843,10.456523,-36.797253,4.1915655,-.56142163,9.8186483,-19.805618,18.682775,-176.79718,56.214603,-286.97577,-66.618576,-176.23576,57.164806,-288.27673,-64.194794
-16.4,27,-16.265366,10.432486,-36.712662,4.1819296,-.56013101,9.7960768,-19.760088,18.639826,-176.39075,56.085377,-286.31607,-66.465431,-175.83061,57.033394,-287.61401,-64.047218
-16.3,27,-16.227888,10.408447,-36.628067,4.1722937,-.55884039,9.7735052,-19.714558,18.596878,-175.98431,55.956146,-285.65634,-66.312286,-175.42548,56.901981,-286.95129,-63.899643
-16.2,27,-16.190411,10.38441,-36.54348,4.1626582,-.55754977,9.7509336,-19.669029,18.553928,-175.5779,55.82692,-284.99664,-66.159142,-175.02034,56.770569,-286.2886,-63.752071
-16.1,27,-16.152933,10.360372,-36.458885,4.1530223,-.55625916,9.7283621,-19.623499,18.510981,-175.17146,55.697689,-284.33691,-66.005989,-174.6152,56.639156,-285.62592,-63.604496
-16,27,-16.115454,10.336333,-36.374294,4.1433864,-.55496854,9.7057905,-19.577969,18.468031,-174.76503,55.568459,-283.67722,-65.852844,-174.21005,56.50774,-284.9632,-63.456921
-15.9,27,-16.077976,10.312295,-36.289703,4.1337509,-.55367792,9.683219,-19.532438,18.425081,-174.3586,55.439232,-283.01749,-65.699699,-173.80492,56.376328,-284.30048,-63.309345
-15.8,27,-16.040499,10.288258,-36.205112,4.124115,-.5523873,9.6606474,-19.486908,18.382133,-173.95216,55.310001,-282.35779,-65.546555,-173.39978,56.244915,-283.63779,-63.161774
-15.7,27,-16.003021,10.264219,-36.120522,4.1144791,-.55109668,9.6380758,-19.441378,18.339184,-173.54573,55.180771,-281.69806,-65.39341,-172.99464,56.113503,-282.97507,-63.014198
-15.6,27,-15.965544,10.240181,-36.035931,4.1048436,-.54980606,9.6155043,-19.395847,18.296236,-173.13931,55.051544,-281.03836,-65.240265,-172.58951,55.98209,-282.31238,-62.866623
-15.5,27,-15.928065,10.216144,-35.95134,4.0952077,-.54851544,9.5929327,-19.350317,18.253286,-172.73288,54.922314,-280.37863,-65.087112,-172.18436,55.850674,-281.64966,-62.719048
-15.4,27,-15.890588,10.192105,-35.866745,4.0855718,-.54722476,9.5703611,-19.304787,18.210337,-172.32645,54.793087,-279.7189,-64.933968,-171.77922,55.719261,-280.98697,-62.571472
-15.3,27,-15.85311,10.168067,-35.782154,4.0759363,-.54593414,9.5477896,-19.259256,18.167389,-171.92001,54.663857,-279.0592,-64.780823,-171.37408,55.587849,-280.32425,-62.423901
-15.2,27,-15.815632,10.14403,-35.697563,4.0663004,-.54464352,9.5252171,-19.213726,18.124439,-171.51358,54.534626,-278.39948,-64.627678,-170.96893,55.456432,-279.66156,-62.276325
-15.1,27,-15.778154,10.119991,-35.612972,4.0566645,-.5433529,9.5026464,-19.168198,18.081491,-171.10716,54.405399,-277.73978,-64.474533,-170.5638,55.32502,-278.99884,-62.128754
-15,27,-15.740676,10.095953,-35.528381,4.0470285,-.54206228,9.4800739,-19.122667,18.038542,-170.70073,54.276169,-277.08005,-64.321388,-170.15866,55.193607,-278.33615,-61.981178
-14.9,27,-15.703198,10.071916,-35.44379,4.0373931,-.54077166,9.4575024,-19.077137,17.995592,-170.2943,54.146942,-276.42035,-64.168236,-169.75352,55.062195,-277.67343,-61.833603
-14.8,27,-15.665721,10.047877,-35.3592,4.0277572,-.53948104,9.4349308,-19.031607,17.952644,-169.88786,54.017712,-275.76062,-64.015091,-169.34839,54.930782,-277.01074,-61.686031
-14.7,27,-15.628242,10.023839,-35.274609,4.0181212,-.53819042,9.4123592,-18.986076,17.909695,-169.48143,53.888481,-275.10092,-63.861946,-168.94324,54.799366,-276.34802,-61.538456
-14.6,27,-15.590765,9.9998016,-35.190018,4.0084858,-.53689981,9.3897877,-18.940546,17.866747,-169.075,53.759254,-274.44119,-63.708801,-168.5381,54.667953,-275.68533,-61.390881
-14.5,27,-15.553288,9.9757633,-35.105423,3.9988499,-.53560919,9.3672161,-18.895016,17.823797,-168.66858,53.630024,-273.78149,-63.555653,-168.13297,54.536541,-275.02261,-61.243305
-14.4,27,-15.515809,9.951725,-35.020832,3.9892139,-.53431857,9.3446445,-18.849485,17.780848,-168.26215,53.500797,-273.12177,-63.402508,-167.72783,54.405128,-274.35992,-61.09573
-14.3,27,-15.478332,9.9276876,-34.936241,3.9795783,-.53302795,9.322073,-18.803955,17.7379,-167.85571,53.371567,-272.46207,-63.249363,-167.32268,54.273716,-273.6972,-60.948158
-14.2,27,-15.440854,9.9036493,-34.85165,3.9699426,-.53173727,9.2995014,-18.758425,17.69495,-167.44928,53.242336,-271.80234,-63.096214,-166.91754,54.1423,-273.03452,-60.800583
-14.1,27,-15.403377,9.879612,-34.767059,3.9603066,-.53044665,9.2769299,-18.712894,17.652002,-167.04285,53.11311,-271.14264,-62.943069,-166.51241,54.010887,-272.3718,-60.653011
-14,27,-15.365898,9.8555737,-34.682468,3.950671,-.52915603,9.2543583,-18.667364,17.609053,-166.63641,52.983879,-270.48291,-62.789925,-166.10727,53.879475,-271.70911,-60.505436
-13.9,27,-15.328421,9.8315353,-34.597878,3.941035,-.52786541,9.2317867,-18.621834,17.566103,-166.23,52.854652,-269.82321,-62.636776,-165.70212,53.748062,-271.04639,-60.357861
-13.8,27,-15.290943,9.807498,-34.513287,3.9313993,-.52657479,9.2092152,-18.576305,17.523155,-165.82356,52.725422,-269.16348,-62.483631,-165.29698,53.61665,-270.3837,-60.210289
-13.7,27,-15.253465,9.7834597,-34.428692,3.9217634,-.52528417,9.1866436,-18.530775,17.480206,-165.41713,52.596191,-268.50378,-62.330482,-164.89185,53.485233,-269.72098,-60.062714
-13.6,27,-15.215987,9.7594213,-34.344101,3.9121277,-.52399355,9.164072,-18.485245,17.437258,-165.0107,52.466965,-267.84406,-62.177338,-164.48671,53.353821,-269.05829,-59.915138
-13.5,27,-15.17851,9.735384,-34.25951,3.902492,-.52270293,9.1415005,-18.439714,17.394308,-164.60426,52.337734,-267.18436,-62.024193,-164.08157,53.222408,-268.39557,-59.767563
-13.4,27,-15.141031,9.7113457,-34.174919,3.8928561,-.52141231,9.1189289,-18.394184,17.351358,-164.19783,52.208508,-266.52463,-61.871044,-163.67642,53.090992,-267.73285,-59.619987
-13.3,27,-15.103554,9.6873074,-34.090328,3.8832204,-.52012169,9.0963573,-18.348654,17.308411,-163.79141,52.079277,-265.86493,-61.717899,-163.27129,52.959579,-267.07016,-59.472416
-13.2,27,-15.066076,9.66327,-34.005737,3.8735845,-.51883107,9.0737858,-18.303123,17.265461,-163.38498,51.950047,-265.2052,-61.564754,-162.86615,52.828167,-266.40744,-59.324841
-13.1,27,-15.028599,9.6392317,-33.921146,3.8639488,-.51754045,9.0512142,-18.257593,17.222513,-162.97855,51.82082,-264.5455,-61.41161,-162.46101,52.696754,-265.74475,-59.177269
-13,27,-14.99112,9.6151934,-33.836555,3.8543131,-.51624978,9.0286427,-18.212063,17.179564,-162.57211,51.691589,-263.88577,-61.258461,-162.05586,52.565342,-265.08203,-59.029694
-12.9,27,-14.953643,9.591156,-33.751961,3.8446772,-.51495916,9.0060701,-18.166533,17.136614,-162.16568,51.562363,-263.22604,-61.105316,-161.65073,52.433926,-264.41934,-58.882118
-12.8,27,-14.916164,9.5671177,-33.66737,3.8350415,-.51366854,8.9834995,-18.121004,17.093666,-161.75926,51.433132,-262.56635,-60.952168,-161.24559,52.302513,-263.75662,-58.734547
-12.7,27,-14.878687,9.5430794,-33.582779,3.8254056,-.51237792,8.960927,-18.075474,17.050716,-161.35283,51.303902,-261.90662,-60.799023,-160.84045,52.171101,-263.09393,-58.586971
-12.6,27,-14.841209,9.519042,-33.498188,3.8157699,-.5110873,8.9383554,-18.029943,17.007769,-160.9464,51.174675,-261.24692,-60.645878,-160.43532,52.039688,-262.43121,-58.439396
-12.5,27,-14.803731,9.4950037,-33.413597,3.8061342,-.50979668,8.9157839,-17.984413,16.964819,-160.53996,51.045444,-260.58719,-60.492729,-160.03017,51.908276,-261.76852,-58.291821
-12.4,27,-14.766253,9.4709654,-33.329006,3.7964983,-.50850606,8.8932123,-17.938883,16.921869,-160.13353,50.916218,-259.92749,-60.339584,-159.62503,51.776859,-261.1058,-58.144245
-12.3,27,-14.728776,9.446928,-33.244415,3.7868626,-.50721544,8.8706408,-17.893353,16.878922,-159.72711,50.786987,-259.26776,-60.18644,-159.21989,51.645447,-260.44312,-57.996674
-12.2,27,-14.691298,9.4228897,-33.159824,3.7772267,-.50592482,8.8480692,-17.847822,16.835972,-159.32068,50.657757,-258.60806,-60.033291,-158.81474,51.514034,-259.7804,-57.849098
-12.1,27,-14.65382,9.3988523,-33.075233,3.767591,-.5046342,8.8254976,-17.802292,16.793024,-158.91425,50.52853,-257.94833,-59.880146,-158.40961,51.382622,-259.11771,-57.701527
-12,27,-14.616343,9.374814,-32.990639,3.7579553,-.50334358,8.8029261,-17.756762,16.750074,-158.50781,50.3993,-257.28864,-59.727001,-158.00447,51.251205,-258.45499,-57.553951
-11.9,27,-14.578864,9.3507757,-32.906048,3.7483194,-.5020529,8.7803545,-17.711231,16.707125,-158.10138,50.270073,-256.62891,-59.573853,-157.59933,51.119793,-257.7923,-57.406376
-11.8,27,-14.541387,9.3267384,-32.821457,3.7386837,-.50076228,8.7577829,-17.665701,16.664177,-157.69496,50.140842,-255.96921,-59.420708,-157.1942,50.98838,-257.12958,-57.258804
-11.7,27,-14.503909,9.3027,-32.736866,3.7290478,-.49947166,8.7352114,-17.620171,16.621227,-157.28853,50.011612,-255.30948,-59.267563,-156.78905,50.856968,-256.46689,-57.111229
-11.6,27,-14.466432,9.2786617,-32.652275,3.7194121,-.49818107,8.7126398,-17.574642,16.578279,-156.8821,49.882385,-254.64978,-59.114414,-156.38391,50.725555,-255.80417,-56.963654
-11.5,27,-14.428953,9.2546244,-32.567684,3.7097764,-.49689043,8.6900682,-17.529112,16.53533,-156.47566,49.753155,-253.99005,-58.961269,-155.97878,50.594139,-255.14146,-56.816078
-11.4,27,-14.391476,9.2305861,-32.483089,3.7001405,-.49559981,8.6674967,-17.483582,16.49238,-156.06923,49.623928,-253.33034,-58.808121,-155.57364,50.462727,-254.47876,-56.668507
-11.3,27,-14.353998,9.2065477,-32.398499,3.6905048,-.49430919,8.6449251,-17.438051,16.449432,-155.6628,49.494698,-252.67062,-58.654976,-155.16849,50.331314,-253.81606,-56.520931
-11.2,27,-14.31652,9.1825104,-32.313908,3.6808689,-.49301857,8.6223536,-17.392521,16.406483,-155.25638,49.365467,-252.01091,-58.501831,-154.76335,50.199902,-253.15335,-56.373356
-11.1,27,-14.279042,9.1584721,-32.229317,3.6712332,-.49172795,8.599782,-17.346991,16.363535,-154.84995,49.23624,-251.3512,-58.348686,-154.35822,50.068489,-252.49065,-56.225784
-11,27,-14.241565,9.1344337,-32.144726,3.6615975,-.4904373,8.5772104,-17.30146,16.320585,-154.44351,49.10701,-250.69148,-58.195538,-153.95308,49.937073,-251.82794,-56.078209
-10.9,27,-14.204086,9.1103964,-32.060135,3.6519616,-.48914668,8.5546389,-17.25593,16.277637,-154.03708,48.977783,-250.03177,-58.042393,-153.54793,49.80566,-251.16524,-55.930634
-10.8,27,-14.166609,9.0863581,-31.975544,3.6423259,-.48785606,8.5320673,-17.2104,16.234688,-153.63065,48.848553,-249.37206,-57.889248,-153.14279,49.674248,-250.50253,-55.783062
-10.7,27,-14.129131,9.0623198,-31.890951,3.63269,-.48656544,8.5094957,-17.164869,16.191738,-153.22421,48.719322,-248.71234,-57.736099,-152.73766,49.542835,-249.83983,-55.635487
-10.6,27,-14.091653,9.0382824,-31.80636,3.6230543,-.48527482,8.4869242,-17.119339,16.14879,-152.81779,48.590096,-248.05263,-57.582954,-152.33252,49.411419,-249.17712,-55.487911
-10.5,27,-14.054175,9.0142441,-31.721769,3.6134186,-.48398417,8.4643517,-17.073809,16.105841,-152.41136,48.460865,-247.39291,-57.429806,-151.92738,49.280006,-248.51442,-55.340336
-10.4,27,-14.016697,8.9902058,-31.637178,3.6037827,-.48269355,8.4417801,-17.028278,16.062893,-152.00493,48.331638,-246.7332,-57.276661,-151.52223,49.148594,-247.8517,-55.192764
-10.3,27,-13.979219,8.9661684,-31.552588,3.594147,-.48140293,8.4192085,-16.98275,16.019943,-151.5985,48.202408,-246.07349,-57.123516,-151.1171,49.017181,-247.18901,-55.045189
-10.2,27,-13.941742,8.9421301,-31.467995,3.584511,-.48011231,8.396637,-16.93722,15.976995,-151.19206,48.073177,-245.41377,-56.970367,-150.71196,48.885765,-246.52629,-54.897614
-10.1,27,-13.904264,8.9180927,-31.383404,3.5748754,-.47882169,8.3740654,-16.891689,15.934046,-150.78564,47.943951,-244.75406,-56.817223,-150.30682,48.754353,-245.8636,-54.750042
-10,27,-13.866786,8.8940544,-31.298813,3.5652397,-.47753108,8.3514938,-16.846159,15.891096,-150.37921,47.81472,-244.09435,-56.664078,-149.90167,48.62294,-245.20088,-54.602467
-9.9,27,-13.829309,8.8700161,-31.21422,3.5556037,-.47624043,8.3289223,-16.800629,15.848147,-149.97278,47.685493,-243.43462,-56.510929,-149.49654,48.491528,-244.53818,-54.454891
-9.800000000000001,27,-13.791831,8.8459787,-31.129629,3.5459681,-.47494981,8.3063507,-16.755098,15.805199,-149.56635,47.556263,-242.77492,-56.357784,-149.0914,48.360115,-243.87547,-54.30732
-9.699999999999999,27,-13.754353,8.8219404,-31.045038,3.5363321,-.47365919,8.2837791,-16.709568,15.76225,-149.15991,47.427032,-242.11519,-56.204639,-148.68626,48.228699,-243.21277,-54.159744
-9.6,27,-13.716875,8.7979021,-30.960447,3.5266964,-.47236857,8.2612076,-16.664038,15.719301,-148.75349,47.297806,-241.45549,-56.051495,-148.28113,48.097286,-242.55006,-54.012169
-9.5,27,-13.679398,8.7738647,-30.875854,3.5170608,-.47107795,8.238636,-16.618507,15.676352,-148.34706,47.168575,-240.79576,-55.898346,-147.87598,47.965874,-241.88736,-53.864594
-9.4,27,-13.641919,8.7498264,-30.791264,3.5074248,-.4697873,8.2160645,-16.572977,15.633403,-147.94063,47.039349,-240.13605,-55.745201,-147.47084,47.834461,-241.22466,-53.717022
-9.300000000000001,27,-13.604442,8.7257881,-30.706673,3.4977891,-.46849668,8.1934929,-16.527447,15.590454,-147.53419,46.910118,-239.47633,-55.592052,-147.0657,47.703049,-240.56195,-53.569447
-9.199999999999999,27,-13.566964,8.7017508,-30.622082,3.4881532,-.46720606,8.1709213,-16.481916,15.547505,-147.12776,46.780888,-238.81662,-55.438908,-146.66055,47.571632,-239.89925,-53.421871
-9.1,27,-13.529487,8.6777124,-30.537491,3.4785175,-.46591544,8.1483498,-16.436388,15.504557,-146.72134,46.651661,-238.15691,-55.285763,-146.25542,47.44022,-239.23654,-53.2743
-9,27,-13.492008,8.6536741,-30.452898,3.4688818,-.46462482,8.1257782,-16.390858,15.461607,-146.31491,46.52243,-237.49719,-55.132614,-145.85028,47.308807,-238.57384,-53.126724
-8.9,27,-13.454531,8.6296368,-30.368307,3.4592459,-.4633342,8.1032066,-16.345327,15.418658,-145.90848,46.393204,-236.83748,-54.979469,-145.44514,47.177391,-237.91113,-52.979149
-8.800000000000001,27,-13.417053,8.6055984,-30.283716,3.4496102,-.46204358,8.0806351,-16.299797,15.37571,-145.50204,46.263973,-236.17776,-54.826324,-145.04001,47.045979,-237.24843,-52.831577
-8.699999999999999,27,-13.379575,8.5815601,-30.199123,3.4399743,-.46075293,8.0580635,-16.254267,15.332761,-145.09561,46.134743,-235.51805,-54.673176,-144.63486,46.914566,-236.58572,-52.684002
-8.6,27,-13.342097,8.5575228,-30.114532,3.4303386,-.45946231,8.0354919,-16.208736,15.289812,-144.68918,46.005516,-234.85834,-54.520031,-144.22972,46.783154,-235.92302,-52.536427
-8.5,27,-13.30462,8.5334845,-30.029942,3.4207029,-.4581717,8.0129204,-16.163206,15.246862,-144.28276,45.876286,-234.19862,-54.366886,-143.82458,46.651741,-235.26031,-52.388851
-8.4,27,-13.267141,8.5094461,-29.945351,3.411067,-.45688108,7.9903483,-16.117676,15.203914,-143.87633,45.747059,-233.53891,-54.213737,-143.41945,46.520325,-234.59761,-52.24128
-8.300000000000001,27,-13.229664,8.4854088,-29.86076,3.4014313,-.45559046,7.9677768,-16.072145,15.160965,-143.46989,45.617828,-232.8792,-54.060593,-143.0143,46.388912,-233.93491,-52.093704
-8.199999999999999,27,-13.192185,8.4613705,-29.776167,3.3917954,-.45429981,7.9452052,-16.026615,15.118016,-143.06346,45.488598,-232.21948,-53.907444,-142.60916,46.2575,-233.2722,-51.946129
-8.1,27,-13.154708,8.4373322,-29.691576,3.3821597,-.45300922,7.9226336,-15.981086,15.075068,-142.65703,45.359371,-231.55977,-53.754299,-142.20403,46.126087,-232.6095,-51.798557
-8,27,-13.11723,8.4132948,-29.606985,3.372524,-.45171857,7.9000621,-15.935555,15.032119,-142.2506,45.230141,-230.90005,-53.601154,-141.79889,45.994675,-231.94679,-51.650982
-7.9,27,-13.079753,8.3892565,-29.522394,3.3628881,-.45042795,7.8774905,-15.890025,14.989169,-141.84418,45.100914,-230.24034,-53.448009,-141.39374,45.863258,-231.28409,-51.503407
-7.8,27,-13.042274,8.3652182,-29.437801,3.3532524,-.44913733,7.854919,-15.844495,14.94622,-141.43774,44.971684,-229.58063,-53.294861,-140.9886,45.731846,-230.62138,-51.355835
-7.7,27,-13.004797,8.3411808,-29.35321,3.3436165,-.44784671,7.8323469,-15.798965,14.903272,-141.03131,44.842453,-228.92091,-53.141716,-140.58347,45.600433,-229.95866,-51.20826
-7.6,27,-12.967319,8.3171425,-29.26862,3.3339808,-.44655606,7.8097754,-15.753435,14.860323,-140.62488,44.713226,-228.2612,-52.988567,-140.17833,45.469021,-229.29596,-51.060684
-7.5,27,-12.929841,8.2931042,-29.184027,3.3243451,-.44526544,7.7872038,-15.707905,14.817374,-140.21844,44.583996,-227.60149,-52.835423,-139.77319,45.337605,-228.63326,-50.913109
-7.4,27,-12.892364,8.2690668,-29.099436,3.3147092,-.44397482,7.7646322,-15.662374,14.774425,-139.81203,44.454769,-226.94177,-52.682278,-139.36804,45.206192,-227.97055,-50.765537
-7.3,27,-12.854886,8.2450285,-29.014845,3.3050735,-.4426842,7.7420607,-15.616844,14.731476,-139.40559,44.325539,-226.28206,-52.529133,-138.96291,45.07478,-227.30785,-50.617962
-7.2,27,-12.817408,8.2209902,-28.930254,3.2954376,-.44139358,7.7194891,-15.571314,14.688527,-138.99916,44.196308,-225.62233,-52.375984,-138.55777,44.943367,-226.64514,-50.470387
-7.1,27,-12.77993,8.1969528,-28.845661,3.2858019,-.44010296,7.6969175,-15.525784,14.645578,-138.59273,44.067081,-224.96262,-52.222839,-138.15263,44.811954,-225.98244,-50.322815
-7,27,-12.742453,8.1729145,-28.76107,3.2761662,-.43881232,7.674346,-15.480254,14.60263,-138.18629,43.937851,-224.3029,-52.069691,-137.74748,44.680538,-225.31973,-50.17524
-6.9,27,-12.704974,8.1488771,-28.676479,3.2665303,-.4375217,7.6517744,-15.434724,14.55968,-137.77988,43.808624,-223.64319,-51.916546,-137.34235,44.549126,-224.65703,-50.027664
-6.8,27,-12.667497,8.1248388,-28.591888,3.2568946,-.43623108,7.6292028,-15.389194,14.516731,-137.37344,43.679394,-222.98347,-51.763401,-136.93721,44.417713,-223.99432,-49.880093
-6.7,27,-12.630019,8.1008005,-28.507296,3.2472587,-.43494046,7.6066308,-15.343663,14.473783,-136.96701,43.550163,-222.32376,-51.610252,-136.53207,44.286301,-223.33162,-49.732517
-6.6,27,-12.592541,8.0767632,-28.422705,3.237623,-.43364984,7.5840592,-15.298133,14.430834,-136.56058,43.420937,-221.66405,-51.457108,-136.12692,44.154884,-222.66891,-49.584942
-6.5,27,-12.555063,8.0527248,-28.338114,3.2279873,-.43235922,7.5614877,-15.252604,14.387885,-136.15414,43.291706,-221.00433,-51.303963,-135.72179,44.023472,-222.00621,-49.437366
-6.4,27,-12.517586,8.0286865,-28.253523,3.2183514,-.43106857,7.5389161,-15.207073,14.344935,-135.74771,43.162479,-220.34462,-51.150814,-135.31665,43.892059,-221.34351,-49.289795
-6.3,27,-12.480107,8.0046492,-28.168932,3.2087157,-.42977795,7.5163445,-15.161543,14.301987,-135.34129,43.033249,-219.68491,-50.997669,-134.91151,43.760647,-220.6808,-49.14222
-6.2,27,-12.44263,7.9806108,-28.084339,3.1990798,-.42848733,7.493773,-15.116013,14.259038,-134.93486,42.904018,-219.02519,-50.844524,-134.50636,43.629234,-220.0181,-48.994644
-6.1,27,-12.405152,7.956573,-27.999748,3.1894441,-.42719671,7.4712014,-15.070482,14.216089,-134.52843,42.774792,-218.36548,-50.691376,-134.10123,43.497818,-219.35539,-48.847073
-6,27,-12.367674,7.9325347,-27.915157,3.1798084,-.42590609,7.4486299,-15.024952,14.173141,-134.12199,42.645561,-217.70576,-50.538231,-133.69609,43.366405,-218.69269,-48.699497
-5.9,27,-12.330196,7.9084969,-27.830566,3.1701725,-.42461547,7.4260583,-14.979423,14.130191,-133.71556,42.516335,-217.04605,-50.385086,-133.29095,43.234993,-218.02998,-48.551922
-5.8,27,-12.292719,7.884459,-27.745974,3.1605368,-.42332482,7.4034867,-14.933892,14.087242,-133.30914,42.387104,-216.38634,-50.231937,-132.88582,43.10358,-217.36728,-48.40435
-5.7,27,-12.25524,7.8604207,-27.661383,3.1509008,-.4220342,7.3809152,-14.888362,14.044293,-132.90271,42.257874,-215.72662,-50.078793,-132.48067,42.972164,-216.70457,-48.256775
-5.6,27,-12.217763,7.8363829,-27.576792,3.1412652,-.42074358,7.3583436,-14.842832,14.001345,-132.49628,42.128647,-215.06691,-49.925648,-132.07553,42.840752,-216.04187,-48.1092
-5.5,27,-12.180285,7.812345,-27.492201,3.1316295,-.41945297,7.335772,-14.797301,13.958396,-132.08984,41.999416,-214.4072,-49.772499,-131.67039,42.709339,-215.37917,-47.961624
-5.4,27,-12.142808,7.7883072,-27.407608,3.1219935,-.41816235,7.3132,-14.751771,13.915446,-131.68341,41.87019,-213.74748,-49.619354,-131.26526,42.577927,-214.71646,-47.814053
-5.3,27,-12.10533,7.7642689,-27.323017,3.1123579,-.41687173,7.2906284,-14.706242,13.872498,-131.27699,41.740959,-213.08777,-49.466209,-130.86011,42.446514,-214.05376,-47.666477
-5.2,27,-12.067852,7.740231,-27.238426,3.1027219,-.41558108,7.2680569,-14.660711,13.829549,-130.87056,41.611729,-212.42804,-49.313061,-130.45497,42.315098,-213.39104,-47.518902
-5.1,27,-12.030375,7.7161927,-27.153835,3.0930862,-.41429046,7.2454853,-14.615181,13.7866,-130.46413,41.482502,-211.76833,-49.159916,-130.04984,42.183685,-212.72833,-47.37133
-5,27,-11.992896,7.6921549,-27.069242,3.0834506,-.41299984,7.2229137,-14.569651,13.743651,-130.05769,41.353271,-211.10861,-49.006767,-129.6447,42.052273,-212.06563,-47.223755
-4.9,27,-11.955419,7.668117,-26.984652,3.0738146,-.41170922,7.2003422,-14.52412,13.700702,-129.65126,41.224045,-210.4489,-48.853622,-129.23955,41.92086,-211.40292,-47.07618
-4.8,27,-11.917941,7.6440792,-26.900061,3.0641789,-.4104186,7.1777706,-14.478591,13.657753,-129.24483,41.094814,-209.78918,-48.700478,-128.83441,41.789448,-210.74022,-46.928608
-4.7,27,-11.880463,7.6200409,-26.815468,3.054543,-.40912795,7.1551991,-14.43306,13.614804,-128.83841,40.965584,-209.12947,-48.547329,-128.42928,41.658031,-210.07751,-46.781033
-4.6,27,-11.842985,7.5960031,-26.730877,3.0449073,-.40783733,7.1326275,-14.38753,13.571856,-128.43198,40.836357,-208.46976,-48.394184,-128.02414,41.526619,-209.41481,-46.633457
-4.5,27,-11.805508,7.5719652,-26.646286,3.0352716,-.40654671,7.1100559,-14.342,13.528907,-128.02554,40.707127,-207.81004,-48.241039,-127.619,41.395206,-208.75211,-46.485882
-4.4,27,-11.768029,7.5479269,-26.561695,3.0256357,-.40525609,7.0874844,-14.29647,13.485958,-127.61911,40.5779,-207.15033,-48.087891,-127.21386,41.263794,-208.0894,-46.33831
-4.3,27,-11.730552,7.5238891,-26.477104,3.016,-.40396547,7.0649128,-14.250939,13.443008,-127.21268,40.448669,-206.49062,-47.934746,-126.80872,41.132378,-207.4267,-46.190735
-4.2,27,-11.693074,7.4998512,-26.392511,3.0063641,-.40267485,7.0423408,-14.205409,13.40006,-126.80625,40.319439,-205.8309,-47.781601,-126.40358,41.000965,-206.76399,-46.043159
-4.1,27,-11.655596,7.4758129,-26.30792,2.9967284,-.4013842,7.0197692,-14.15988,13.357111,-126.39982,40.190212,-205.17119,-47.628452,-125.99844,40.869553,-206.10129,-45.895588
-4,27,-11.618118,7.4517751,-26.22333,2.9870927,-.40009359,6.9971976,-14.114349,13.314162,-125.99339,40.060982,-204.51147,-47.475307,-125.5933,40.73814,-205.43858,-45.748013
-3.9,27,-11.580641,7.4277372,-26.138739,2.9774568,-.39880297,6.9746261,-14.068819,13.271214,-125.58696,39.931755,-203.85176,-47.322163,-125.18816,40.606728,-204.77588,-45.600437
-3.8,27,-11.543162,7.4036994,-26.054146,2.9678211,-.39751235,6.9520545,-14.023289,13.228264,-125.18053,39.802525,-203.19205,-47.169014,-124.78302,40.475311,-204.11317,-45.452862
-3.7,27,-11.505685,7.3796611,-25.969555,2.9581852,-.39622173,6.9294829,-13.977758,13.185315,-124.7741,39.673294,-202.53233,-47.015869,-124.37788,40.343899,-203.45047,-45.30529
-3.6,27,-11.468207,7.3556232,-25.884964,2.9485495,-.39493111,6.9069114,-13.932228,13.142366,-124.36767,39.544067,-201.87262,-46.862724,-123.97274,40.212486,-202.78777,-45.157715
-3.5,27,-11.430729,7.3315854,-25.800373,2.9389138,-.39364046,6.8843398,-13.886699,13.099418,-123.96124,39.414837,-201.21291,-46.709576,-123.5676,40.081074,-202.12506,-45.010139
-3.4,27,-11.393251,7.3075471,-25.71578,2.9292779,-.39234984,6.8617682,-13.841168,13.056469,-123.55481,39.28561,-200.55319,-46.556431,-123.16246,39.949657,-201.46236,-44.862568
-3.3,27,-11.355774,7.2835093,-25.631189,2.9196422,-.39105922,6.8391967,-13.795638,13.013519,-123.14838,39.15638,-199.89348,-46.403286,-122.75732,39.818245,-200.79965,-44.714993
-3.2,27,-11.318295,7.2594714,-25.546598,2.9100063,-.3897686,6.8166251,-13.750108,12.970571,-122.74195,39.027149,-199.23376,-46.250137,-122.35218,39.686832,-200.13695,-44.567417
-3.1,27,-11.280818,7.2354331,-25.462008,2.9003706,-.38847798,6.7940531,-13.704577,12.927622,-122.33552,38.897923,-198.57405,-46.096992,-121.94704,39.55542,-199.47424,-44.419846
-3,27,-11.24334,7.2113953,-25.377415,2.8907349,-.38718736,6.7714815,-13.659047,12.884673,-121.92908,38.768692,-197.91434,-45.943848,-121.5419,39.424007,-198.81154,-44.27227
-2.9,27,-11.205862,7.1873574,-25.292824,2.881099,-.38589671,6.74891,-13.613518,12.841724,-121.52266,38.639465,-197.25462,-45.790699,-121.13676,39.292591,-198.14883,-44.124695
-2.8,27,-11.168385,7.1633191,-25.208233,2.8714633,-.38460609,6.7263384,-13.567987,12.798775,-121.11623,38.510235,-196.59489,-45.637554,-120.73162,39.161179,-197.48611,-43.977119
-2.7,27,-11.130907,7.1392813,-25.123642,2.8618274,-.38331547,6.7037668,-13.522457,12.755826,-120.7098,38.381004,-195.93518,-45.484409,-120.32648,39.029766,-196.82341,-43.829548
-2.6,27,-11.093429,7.1152434,-25.039049,2.8521917,-.38202485,6.6811953,-13.476927,12.712877,-120.30337,38.251778,-195.27547,-45.331261,-119.92134,38.898354,-196.16071,-43.681973
-2.5,27,-11.055951,7.0912056,-24.954458,2.842556,-.38073424,6.6586237,-13.431396,12.669929,-119.89693,38.122547,-194.61575,-45.178116,-119.5162,38.766937,-195.498,-43.534397
-2.4,27,-11.018474,7.0671673,-24.869867,2.8329201,-.37944362,6.6360521,-13.385867,12.62698,-119.49051,37.99332,-193.95604,-45.024971,-119.11106,38.635525,-194.8353,-43.386826
-2.3,27,-10.980995,7.0431294,-24.785276,2.8232844,-.37815297,6.6134806,-13.340337,12.58403,-119.08408,37.86409,-193.29633,-44.871822,-118.70592,38.504112,-194.17259,-43.23925
-2.2,27,-10.943518,7.0190916,-24.700684,2.8136485,-.37686235,6.590909,-13.294806,12.541081,-118.67764,37.734859,-192.63661,-44.718678,-118.30078,38.3727,-193.50989,-43.091675
-2.1,27,-10.90604,6.9950533,-24.616093,2.8040128,-.37557173,6.5683374,-13.249276,12.498133,-118.27122,37.605633,-191.9769,-44.565529,-117.89565,38.241283,-192.84718,-42.944103
-2,27,-10.868563,6.9710155,-24.531502,2.7943771,-.37428111,6.5457654,-13.203746,12.455184,-117.86478,37.476402,-191.31718,-44.412384,-117.4905,38.109871,-192.18448,-42.796528
-1.9,27,-10.831084,6.9469776,-24.446911,2.7847412,-.37299049,6.5231938,-13.158216,12.412235,-117.45835,37.347176,-190.65747,-44.259239,-117.08537,37.978458,-191.52177,-42.648952
-1.8,27,-10.793607,6.9229393,-24.362318,2.7751055,-.37169984,6.5006223,-13.112685,12.369286,-117.05193,37.217945,-189.99776,-44.106091,-116.68022,37.847046,-190.85907,-42.501377
-1.7,27,-10.756129,6.8989015,-24.277727,2.7654696,-.37040922,6.4780507,-13.067156,12.326337,-116.64549,37.088715,-189.33804,-43.952946,-116.27509,37.715633,-190.19637,-42.353806
-1.6,27,-10.718651,6.8748636,-24.193136,2.7558339,-.3691186,6.4554791,-13.021626,12.283388,-116.23907,36.959488,-188.67833,-43.799801,-115.86994,37.584217,-189.53366,-42.20623
-1.5,27,-10.681173,6.8508253,-24.108545,2.7461982,-.36782798,6.4329076,-12.976095,12.240439,-115.83263,36.830257,-188.01862,-43.646652,-115.46481,37.452805,-188.87096,-42.058655
-1.4,27,-10.643696,6.8267875,-24.023952,2.7365623,-.36653736,6.410336,-12.930565,12.197491,-115.4262,36.701031,-187.3589,-43.493507,-115.05967,37.321392,-188.20825,-41.911083
-1.3,27,-10.606217,6.8027496,-23.939362,2.7269266,-.36524674,6.3877645,-12.885035,12.154541,-115.01978,36.5718,-186.69919,-43.340363,-114.65453,37.18998,-187.54555,-41.763508
-1.2,27,-10.56874,6.7787118,-23.854771,2.7172906,-.36395609,6.3651929,-12.839505,12.111592,-114.61334,36.44257,-186.03947,-43.187214,-114.24939,37.058567,-186.88284,-41.615932
-1.1,27,-10.531262,6.7546735,-23.77018,2.707655,-.36266547,6.3426213,-12.793975,12.068644,-114.20691,36.313343,-185.37976,-43.034069,-113.84425,36.927151,-186.22014,-41.468361
-1,27,-10.493784,6.7306356,-23.685587,2.6980193,-.36137486,6.3200498,-12.748445,12.025695,-113.80048,36.184113,-184.72005,-42.880924,-113.43911,36.795738,-185.55743,-41.320786
-.9,27,-10.456306,6.7065978,-23.600996,2.6883833,-.36008424,6.2974777,-12.702914,11.982746,-113.39405,36.054886,-184.06033,-42.727776,-113.03397,36.664326,-184.89473,-41.17321
-.8,27,-10.418829,6.6825595,-23.516405,2.6787477,-.35879362,6.2749062,-12.657384,11.939796,-112.98763,35.925655,-183.40062,-42.574631,-112.62883,36.532913,-184.23203,-41.025635
-.7,27,-10.381351,6.6585217,-23.431814,2.6691117,-.357503,6.2523346,-12.611854,11.896848,-112.58119,35.796425,-182.74089,-42.421486,-112.22369,36.401497,-183.56932,-40.878063
-.6,27,-10.343873,6.6344838,-23.347221,2.659476,-.35621235,6.229763,-12.566324,11.853899,-112.17476,35.667198,-182.08118,-42.268337,-111.81855,36.270084,-182.90662,-40.730488
-.5,27,-10.306396,6.6104455,-23.26263,2.6498404,-.35492173,6.2071915,-12.520794,11.81095,-111.76833,35.537968,-181.42146,-42.115192,-111.41341,36.138672,-182.2439,-40.582912
-.4,27,-10.268917,6.5864077,-23.17804,2.6402044,-.35363111,6.1846199,-12.475264,11.768002,-111.3619,35.408741,-180.76175,-41.962048,-111.00827,36.007259,-181.58119,-40.435341
-.3,27,-10.23144,6.5623698,-23.093449,2.6305687,-.35234049,6.1620483,-12.429733,11.725052,-110.95547,35.27951,-180.10204,-41.808899,-110.60313,35.875847,-180.91849,-40.287766
-.2,27,-10.193962,6.538332,-23.008856,2.6209328,-.35104987,6.1394768,-12.384203,11.682103,-110.54904,35.15028,-179.44232,-41.655754,-110.19799,35.744431,-180.25578,-40.14019
-.1,27,-10.156484,6.5142937,-22.924265,2.6112971,-.34975925,6.1169052,-12.338673,11.639154,-110.14261,35.021053,-178.78261,-41.502609,-109.79285,35.613018,-179.59308,-39.992619
0,27,-10.119006,6.4902558,-22.839674,2.6016614,-.3484686,6.0943336,-12.293143,11.596206,-109.73618,34.891823,-178.12289,-41.349461,-109.38771,35.481606,-178.93037,-39.845043
.1,27,-10.081529,6.466218,-22.755083,2.5920255,-.34717798,6.0717621,-12.247613,11.553257,-109.32975,34.762596,-177.46318,-41.196316,-108.98257,35.350193,-178.26767,-39.697468
.2,27,-10.04405,6.4421797,-22.67049,2.5823898,-.34588736,6.0491905,-12.202083,11.510307,-108.92332,34.633366,-176.80347,-41.043171,-108.57743,35.218777,-177.60497,-39.549892
.3,27,-10.006573,6.4181418,-22.585899,2.5727539,-.34459674,6.0266185,-12.156552,11.467359,-108.51689,34.504135,-176.14375,-40.890022,-108.17229,35.087364,-176.94226,-39.402321
.4,27,-9.9690952,6.394104,-22.501308,2.5631182,-.34330612,6.0040469,-12.111022,11.42441,-108.11046,34.374908,-175.48404,-40.736877,-107.76715,34.955952,-176.27956,-39.254745
.5,27,-9.9316168,6.3700657,-22.416718,2.5534825,-.3420155,5.9814754,-12.065492,11.381461,-107.70403,34.245678,-174.82433,-40.583729,-107.36201,34.824539,-175.61685,-39.10717
.6,27,-9.8941393,6.3460279,-22.332125,2.5438466,-.34072486,5.9589038,-12.019962,11.338512,-107.2976,34.116451,-174.16461,-40.430584,-106.95687,34.693127,-174.95415,-38.959599
.7,27,-9.8566618,6.32199,-22.247534,2.5342109,-.33943424,5.9363322,-11.974432,11.295563,-106.89117,33.987221,-173.5049,-40.277439,-106.55173,34.56171,-174.29144,-38.812023
.8,27,-9.8191843,6.2979517,-22.162943,2.524575,-.33814362,5.9137607,-11.928902,11.252614,-106.48473,33.85799,-172.84518,-40.12429,-106.14659,34.430298,-173.62874,-38.664448
.9,27,-9.7817059,6.2739139,-22.078352,2.5149393,-.336853,5.8911891,-11.883371,11.209665,-106.07831,33.728764,-172.18547,-39.971146,-105.74146,34.298885,-172.96603,-38.516876
1,27,-9.7442284,6.249876,-21.993759,2.5053034,-.33556238,5.8686175,-11.837841,11.166717,-105.67188,33.599533,-171.52576,-39.818001,-105.33631,34.167473,-172.30333,-38.369301
1.1,27,-9.7067509,6.2258377,-21.909168,2.4956677,-.33427176,5.846046,-11.792311,11.123768,-105.26545,33.470306,-170.86604,-39.664852,-104.93118,34.036057,-171.64063,-38.221725
1.2,27,-9.6692724,6.2017999,-21.824577,2.486032,-.33298111,5.8234744,-11.746781,11.080818,-104.85902,33.341076,-170.20633,-39.511707,-104.52603,33.904644,-170.97792,-38.07415
1.3,27,-9.6317949,6.177762,-21.739986,2.4763961,-.33169049,5.8009028,-11.701251,11.037869,-104.45258,33.211845,-169.54662,-39.358562,-104.1209,33.773232,-170.31522,-37.926579
1.4,27,-9.5943174,6.1537242,-21.655394,2.4667604,-.33039987,5.7783308,-11.655721,10.994921,-104.04616,33.082619,-168.8869,-39.205414,-103.71575,33.641819,-169.65251,-37.779003
1.5,27,-9.556839,6.1296859,-21.570803,2.4571245,-.32910925,5.7557592,-11.61019,10.951972,-103.63972,32.953388,-168.22719,-39.052269,-103.31062,33.510406,-168.98981,-37.631428
1.6,27,-9.5193615,6.105648,-21.486212,2.4474888,-.32781863,5.7331877,-11.56466,10.909023,-103.23329,32.824162,-167.56746,-38.899124,-102.90548,33.37899,-168.3271,-37.483856
1.7,27,-9.481884,6.0816102,-21.401621,2.4378531,-.32652798,5.7106161,-11.51913,10.866075,-102.82687,32.694931,-166.90775,-38.745975,-102.50034,33.247578,-167.6644,-37.336281
1.8,27,-9.4444056,6.0575719,-21.317028,2.4282172,-.32523736,5.6880445,-11.4736,10.823125,-102.42043,32.565701,-166.24803,-38.592831,-102.0952,33.116165,-167.00169,-37.188705
1.9,27,-9.4069281,6.033534,-21.232437,2.4185815,-.32394674,5.665473,-11.42807,10.780176,-102.014,32.436474,-165.58832,-38.439686,-101.69006,32.984753,-166.33897,-37.041134
2,27,-9.3694506,6.0094962,-21.147846,2.4089456,-.32265612,5.6429014,-11.38254,10.737227,-101.60757,32.307243,-164.9286,-38.286537,-101.28492,32.853336,-165.67627,-36.893559
2.1,27,-9.3319721,5.9854579,-21.063255,2.3993099,-.32136551,5.6203299,-11.337009,10.694279,-101.20114,32.178017,-164.26889,-38.133392,-100.87978,32.721924,-165.01357,-36.745983
2.2,27,-9.2944946,5.9614201,-20.978662,2.3896742,-.32007489,5.5977583,-11.291479,10.65133,-100.79472,32.048786,-163.60918,-37.980247,-100.47464,32.590511,-164.35086,-36.598408
2.3,27,-9.2570171,5.9373822,-20.894072,2.3800383,-.31878424,5.5751867,-11.245949,10.60838,-100.38828,31.919558,-162.94946,-37.827099,-100.0695,32.459099,-163.68816,-36.450836
2.4,27,-9.2195387,5.9133439,-20.809481,2.3704026,-.31749362,5.5526152,-11.200419,10.565432,-99.98185,31.790329,-162.28975,-37.673954,-99.66436,32.327682,-163.02545,-36.303261
2.5,27,-9.1820612,5.8893061,-20.72489,2.3607666,-.316203,5.5300436,-11.154889,10.522483,-99.575424,31.661098,-161.63004,-37.520809,-99.259216,32.19627,-162.36275,-36.155685
2.6,27,-9.1445837,5.8652682,-20.640299,2.351131,-.31491238,5.5074716,-11.109359,10.479534,-99.168991,31.53187,-160.97032,-37.367661,-98.85408,32.064857,-161.70004,-36.008114
2.7,27,-9.1071053,5.8412304,-20.555706,2.3414953,-.31362176,5.4849,-11.063828,10.436585,-98.762558,31.402641,-160.31061,-37.214516,-98.448936,31.933445,-161.03734,-35.860538
2.8,27,-9.0696278,5.8171921,-20.471115,2.3318594,-.31233114,5.4623284,-11.018298,10.393636,-98.356133,31.273413,-159.65089,-37.061371,-98.0438,31.802031,-160.37463,-35.712963
2.9,27,-9.0321503,5.7931542,-20.386524,2.3222237,-.31104049,5.4397569,-10.972768,10.350687,-97.949699,31.144184,-158.99118,-36.908222,-97.638657,31.670618,-159.71193,-35.565392
3,27,-8.9946718,5.7691164,-20.301931,2.3125877,-.30974987,5.4171853,-10.927238,10.307738,-97.543274,31.014954,-158.33147,-36.755077,-97.233521,31.539204,-159.04922,-35.417816
3.1,27,-8.9571943,5.7450781,-20.21734,2.3029521,-.30845925,5.3946137,-10.881708,10.26479,-97.136841,30.885725,-157.67175,-36.601933,-96.828384,31.407791,-158.38652,-35.270241
3.2,27,-8.9197168,5.7210402,-20.13275,2.2933164,-.30716863,5.3720422,-10.836178,10.221841,-96.730408,30.756496,-157.01204,-36.448784,-96.423241,31.276377,-157.72382,-35.122665
3.3,27,-8.8822384,5.6970024,-20.048159,2.2836804,-.30587801,5.3494706,-10.790648,10.178891,-96.323982,30.627268,-156.35233,-36.295639,-96.018105,31.144964,-157.06111,-34.975094
3.4,27,-8.8447609,5.6729641,-19.963566,2.2740448,-.30458739,5.3268991,-10.745117,10.135942,-95.917549,30.498039,-155.69261,-36.14249,-95.612961,31.013552,-156.39841,-34.827518
3.5,27,-8.8072834,5.6489263,-19.878975,2.2644088,-.30329674,5.3043275,-10.699587,10.092994,-95.511116,30.368809,-155.0329,-35.989346,-95.207825,30.882137,-155.7357,-34.679943
3.6,27,-8.7698059,5.6248884,-19.794384,2.2547731,-.30200613,5.2817559,-10.654058,10.050045,-95.104691,30.23958,-154.37318,-35.836201,-94.802681,30.750725,-155.073,-34.532372
3.7,27,-8.7323275,5.6008506,-19.709793,2.2451375,-.30071551,5.2591839,-10.608527,10.007096,-94.698257,30.110352,-153.71346,-35.683052,-94.397545,30.61931,-154.41029,-34.384796
3.8,27,-8.69485,5.5768123,-19.625202,2.2355015,-.29942489,5.2366123,-10.562997,9.9641466,-94.291832,29.981123,-153.05374,-35.529907,-93.992401,30.487898,-153.74759,-34.237221
3.9,27,-8.6573715,5.5527744,-19.540609,2.2258658,-.29813427,5.2140408,-10.517467,9.9211979,-93.885399,29.851894,-152.39403,-35.376762,-93.587265,30.356483,-153.08488,-34.089649
4,27,-8.619894,5.5287366,-19.456018,2.2162299,-.29684365,5.1914692,-10.471936,9.8782492,-93.478966,29.722664,-151.73431,-35.223614,-93.182121,30.225071,-152.42218,-33.942074
4.1,27,-8.5824165,5.5046983,-19.371428,2.2065942,-.295553,5.1688976,-10.426406,9.8353004,-93.07254,29.593435,-151.0746,-35.070469,-92.776985,30.093658,-151.75948,-33.794498
4.2,27,-8.544939,5.4806604,-19.286837,2.1969585,-.29426238,5.1463261,-10.380877,9.7923517,-92.666107,29.464207,-150.41489,-34.917324,-92.371849,29.962244,-151.09677,-33.646927
4.3,27,-8.5074606,5.4566226,-19.202244,2.1873226,-.29297176,5.1237545,-10.335346,9.749402,-92.259674,29.334978,-149.75517,-34.764175,-91.966705,29.830832,-150.43405,-33.499352
4.4,27,-8.4699831,5.4325843,-19.117653,2.1776869,-.29168114,5.1011829,-10.289816,9.7064533,-91.853249,29.20575,-149.09546,-34.611031,-91.561562,29.699417,-149.77135,-33.351776
4.5,27,-8.4325056,5.4085464,-19.033062,2.168051,-.29039052,5.0786114,-10.244286,9.6635046,-91.446815,29.076519,-148.43575,-34.457886,-91.156425,29.568005,-149.10864,-33.204201
4.6,27,-8.3950272,5.3845086,-18.948471,2.1584153,-.2890999,5.0560398,-10.198755,9.6205559,-91.040382,28.94729,-147.77603,-34.304737,-90.751289,29.43659,-148.44594,-33.056629
4.7,27,-8.3575497,5.3604708,-18.863878,2.1487796,-.28780925,5.0334682,-10.153226,9.5776072,-90.633957,28.818062,-147.11632,-34.151592,-90.346146,29.305178,-147.78323,-32.909054
4.8,27,-8.3200722,5.3364325,-18.779287,2.1391437,-.28651863,5.0108962,-10.107696,9.5346575,-90.227524,28.688833,-146.4566,-33.998447,-89.94101,29.173763,-147.12053,-32.761478
4.9,27,-8.2825937,5.3123946,-18.694696,2.129508,-.28522801,4.9883246,-10.062165,9.4917088,-89.821091,28.559605,-145.79689,-33.845299,-89.535866,29.042351,-146.45782,-32.613907
5,27,-8.2451162,5.2883568,-18.610106,2.1198721,-.28393739,4.9657531,-10.016635,9.44876,-89.414665,28.430374,-145.13718,-33.692154,-89.13073,28.910938,-145.79512,-32.466331
5.1,27,-8.2076387,5.2643185,-18.525513,2.1102364,-.28264678,4.9431815,-9.9711046,9.4058113,-89.008232,28.301146,-144.47746,-33.539009,-88.725586,28.779524,-145.13242,-32.318756
5.2,27,-8.1701603,5.2402806,-18.440922,2.1006007,-.28135616,4.92061,-9.9255743,9.3628626,-88.601807,28.171917,-143.81775,-33.38586,-88.32045,28.648111,-144.46971,-32.171185
5.3,27,-8.1326828,5.2162428,-18.356331,2.0909648,-.28006551,4.8980384,-9.880044,9.3199129,-88.195374,28.042688,-143.15804,-33.232716,-87.915306,28.516697,-143.80701,-32.023609
5.4,27,-8.0952053,5.1922045,-18.271738,2.0813291,-.27877489,4.8754668,-9.8345146,9.2769642,-87.78894,27.913458,-142.49832,-33.079571,-87.51017,28.385284,-143.1443,-31.876034
5.5,27,-8.0577269,5.1681666,-18.187147,2.0716932,-.27748427,4.8528953,-9.7889843,9.2340155,-87.382515,27.784229,-141.83861,-32.926422,-87.105026,28.25387,-142.4816,-31.72846
5.6,27,-8.0202494,5.1441288,-18.102556,2.0620575,-.27619365,4.8303237,-9.743454,9.1910667,-86.976082,27.655001,-141.17889,-32.773277,-86.69989,28.122458,-141.81889,-31.580887
5.7,27,-7.9827719,5.1200905,-18.017965,2.0524218,-.27490303,4.8077521,-9.6979237,9.148118,-86.569656,27.525772,-140.51918,-32.620132,-86.294754,27.991045,-141.15619,-31.433311
5.8,27,-7.9452939,5.0960526,-17.933372,2.0427859,-.27361238,4.7851806,-9.6523933,9.1051683,-86.163223,27.396544,-139.85945,-32.466984,-85.88961,27.859631,-140.49348,-31.285736
5.9,27,-7.9078159,5.0720148,-17.848782,2.0331502,-.27232176,4.7626085,-9.606863,9.0622196,-85.75679,27.267313,-139.19974,-32.313839,-85.484467,27.728216,-139.83078,-31.138163
6,27,-7.870338,5.0479765,-17.764191,2.0235143,-.27103114,4.740037,-9.5613337,9.0192709,-85.350365,27.138084,-138.54002,-32.160694,-85.07933,27.596804,-139.16808,-30.990589
6.1,27,-7.8328605,5.0239387,-17.6796,2.0138786,-.26974052,4.7174654,-9.5158033,8.9763222,-84.943932,27.008856,-137.88031,-32.007545,-84.674194,27.465391,-138.50537,-30.843016
6.2,27,-7.7953825,4.9999008,-17.595009,2.0042429,-.2684499,4.6948938,-9.470273,8.9333735,-84.537498,26.879627,-137.2206,-31.854401,-84.269051,27.333977,-137.84267,-30.69544
6.3,27,-7.7579045,4.9758625,-17.510416,1.994607,-.26715928,4.6723223,-9.4247427,8.8904238,-84.131073,26.750399,-136.56088,-31.701254,-83.863914,27.202564,-137.17996,-30.547865
6.4,27,-7.720427,4.9518247,-17.425825,1.9849713,-.26586863,4.6497507,-9.3792124,8.8474751,-83.72464,26.621168,-135.90117,-31.548107,-83.458771,27.07115,-136.51726,-30.400291
6.5,27,-7.6829491,4.9277868,-17.341234,1.9753355,-.26457801,4.6271791,-9.3336821,8.8045263,-83.318207,26.49194,-135.24146,-31.394962,-83.053635,26.939737,-135.85455,-30.252718
6.6,27,-7.6454716,4.903749,-17.256643,1.9656997,-.2632874,4.6046076,-9.2881527,8.7615776,-82.911781,26.362711,-134.58174,-31.241816,-82.648491,26.808325,-135.19185,-30.105145
6.7,27,-7.6079936,4.8797107,-17.17205,1.9560639,-.26199678,4.582036,-9.2426224,8.7186289,-82.505348,26.233482,-133.92203,-31.088669,-82.243355,26.67691,-134.52914,-29.957569
6.8,27,-7.5705156,4.8556728,-17.08746,1.9464281,-.26070616,4.5594645,-9.1970921,8.6756792,-82.098915,26.104254,-133.26231,-30.935522,-81.838211,26.545496,-133.86642,-29.809994
6.9,27,-7.5330381,4.831635,-17.002869,1.9367923,-.25941554,4.5368929,-9.1515617,8.6327305,-81.69249,25.975023,-132.6026,-30.782377,-81.433075,26.414083,-133.20372,-29.66242
7,27,-7.4955602,4.8075967,-16.918278,1.9271566,-.25812489,4.5143213,-9.1060314,8.5897818,-81.286057,25.845795,-131.94289,-30.62923,-81.027931,26.282671,-132.54102,-29.514847
7.1,27,-7.4580822,4.7835588,-16.833685,1.9175208,-.25683427,4.4917498,-9.0605021,8.546833,-80.879631,25.716566,-131.28317,-30.476084,-80.622795,26.151257,-131.87831,-29.367273
7.2,27,-7.4206047,4.759521,-16.749094,1.907885,-.25554365,4.4691777,-9.0149717,8.5038843,-80.473198,25.587337,-130.62346,-30.322939,-80.217659,26.019844,-131.21561,-29.219698
7.3,27,-7.3831267,4.7354827,-16.664503,1.8982491,-.25425303,4.4466062,-8.9694414,8.4609346,-80.066765,25.458109,-129.96375,-30.169792,-79.812515,25.88843,-130.5529,-29.072123
7.4,27,-7.3456488,4.7114449,-16.579912,1.8886133,-.25296241,4.4240346,-8.9239111,8.4179859,-79.660339,25.328878,-129.30403,-30.016645,-79.407372,25.757017,-129.8902,-28.924549
7.5,27,-7.3081713,4.687407,-16.495319,1.8789777,-.25167179,4.401463,-8.8783808,8.3750372,-79.253906,25.19965,-128.64432,-29.863501,-79.002235,25.625603,-129.22749,-28.776976
7.6,27,-7.2706933,4.6633692,-16.410728,1.8693419,-.25038114,4.3788915,-8.8328505,8.3320885,-78.847481,25.070421,-127.9846,-29.710354,-78.597099,25.49419,-128.56479,-28.629402
7.7,27,-7.2332158,4.6393309,-16.326138,1.859706,-.24909054,4.3563199,-8.7873211,8.2891397,-78.441048,24.941193,-127.32489,-29.557207,-78.191956,25.362778,-127.90208,-28.481827
7.8,27,-7.1957378,4.615293,-16.241545,1.8500702,-.2477999,4.3337483,-8.7417908,8.2461901,-78.034615,24.811964,-126.66517,-29.40406,-77.786819,25.231363,-127.23938,-28.334253
7.9,27,-7.1582599,4.5912552,-16.156954,1.8404344,-.24650928,4.3111768,-8.6962605,8.2032413,-77.628189,24.682734,-126.00546,-29.250916,-77.381676,25.099951,-126.57668,-28.186678
8,27,-7.1207824,4.5672169,-16.072363,1.8307987,-.24521865,4.2886052,-8.6507301,8.1602926,-77.221756,24.553505,-125.34574,-29.097769,-76.97654,24.968536,-125.91397,-28.039104
8.1,27,-7.0833044,4.543179,-15.987771,1.8211629,-.24392803,4.2660332,-8.6051998,8.1173439,-76.815323,24.424276,-124.68603,-28.944622,-76.571396,24.837124,-125.25126,-27.891529
8.199999999999999,27,-7.0458264,4.5191412,-15.90318,1.8115271,-.24263741,4.2434621,-8.5596695,8.0743952,-76.408897,24.295048,-124.02631,-28.791477,-76.16626,24.705709,-124.58856,-27.743956
8.300000000000001,27,-7.0083485,4.4951029,-15.818589,1.8018913,-.24134678,4.22089,-8.5141392,8.0314465,-76.002464,24.165819,-123.3666,-28.63833,-75.761116,24.574297,-123.92585,-27.596382
8.4,27,-6.970871,4.471065,-15.733998,1.7922556,-.24005616,4.198319,-8.4686098,7.9884973,-75.596039,24.036591,-122.70689,-28.485186,-75.35598,24.442884,-123.26315,-27.448809
8.5,27,-6.933393,4.4470272,-15.649406,1.7826198,-.23876554,4.1757469,-8.4230795,7.9455481,-75.189606,23.90736,-122.04717,-28.332039,-74.950836,24.31147,-122.60044,-27.301233
8.6,27,-6.895915,4.4229889,-15.564815,1.772984,-.2374749,4.1531754,-8.3775492,7.9025993,-74.783173,23.778131,-121.38745,-28.178892,-74.5457,24.180056,-121.93774,-27.153658
8.699999999999999,27,-6.8584375,4.3989511,-15.480224,1.7633482,-.23618428,4.1306038,-8.3320189,7.8596506,-74.376747,23.648903,-120.72775,-28.025747,-74.140564,24.048643,-121.27503,-27.006084
8.800000000000001,27,-6.8209596,4.3749132,-15.395632,1.7537124,-.23489365,4.1080322,-8.2864885,7.8167014,-73.970314,23.519674,-120.06802,-27.872601,-73.73542,23.917231,-120.61233,-26.858511
8.9,27,-6.7834821,4.3508754,-15.311041,1.7440767,-.23360305,4.0854607,-8.2409592,7.7737527,-73.563881,23.390446,-119.40832,-27.719454,-73.330284,23.785818,-119.94962,-26.710938
9,27,-6.7460041,4.3268371,-15.226449,1.7344409,-.23231241,4.0628891,-8.1954288,7.7308035,-73.157455,23.261215,-118.7486,-27.566307,-72.92514,23.654404,-119.28692,-26.563362
9.1,27,-6.7085261,4.3027992,-15.141857,1.7248051,-.23102178,4.0403175,-8.1498985,7.6878548,-72.751022,23.131987,-118.08888,-27.41316,-72.519997,23.522989,-118.62421,-26.415787
9.199999999999999,27,-6.6710486,4.2787614,-15.057266,1.7151693,-.22973116,4.017746,-8.1043682,7.644906,-72.344589,23.002758,-117.42917,-27.260015,-72.114861,23.391577,-117.96151,-26.268213
9.300000000000001,27,-6.6335707,4.2547231,-14.972675,1.7055335,-.22844054,3.9951742,-8.0588379,7.6019568,-71.938164,22.873529,-116.76945,-27.106869,-71.709724,23.260162,-117.29881,-26.12064
9.4,27,-6.5960932,4.2306852,-14.888084,1.6958978,-.22714992,3.9726026,-8.0133085,7.5590081,-71.531731,22.744301,-116.10974,-26.953724,-71.304581,23.12875,-116.6361,-25.973066
9.5,27,-6.5586152,4.2066474,-14.803493,1.686262,-.22585928,3.950031,-7.9677777,7.5160594,-71.125298,22.61507,-115.45003,-26.800577,-70.899445,22.997337,-115.9734,-25.825491
9.6,27,-6.5211372,4.1826091,-14.718901,1.6766262,-.22456865,3.9274592,-7.9222474,7.4731102,-70.718872,22.485842,-114.79031,-26.64743,-70.494301,22.865923,-115.31068,-25.677916
9.699999999999999,27,-6.4836597,4.1585712,-14.63431,1.6669904,-.22327805,3.9048879,-7.8767176,7.4301615,-70.312439,22.356613,-114.1306,-26.494286,-70.089165,22.73451,-114.64799,-25.530342
9.800000000000001,27,-6.4461818,4.1345334,-14.549718,1.6573546,-.22198741,3.8823161,-7.8311872,7.3872123,-69.906013,22.227385,-113.47088,-26.341139,-69.684021,22.603096,-113.98528,-25.382769
9.9,27,-6.4087043,4.1104956,-14.465127,1.6477189,-.22069679,3.8597445,-7.7856574,7.3442636,-69.49958,22.098156,-112.81117,-26.187992,-69.278885,22.471684,-113.32258,-25.235195
10,27,-6.3712263,4.0864573,-14.380535,1.6380831,-.21940616,3.837173,-7.7401271,7.3013148,-69.093147,21.968925,-112.15145,-26.034845,-68.873741,22.340269,-112.65987,-25.08762
10.1,27,-6.3337483,4.0624194,-14.295943,1.6284473,-.21811554,3.8146012,-7.6945968,7.2583656,-68.686722,21.839697,-111.49174,-25.881699,-68.468605,22.208857,-111.99716,-24.940044
10.2,27,-6.2962708,4.0383816,-14.211352,1.6188115,-.21682492,3.7920299,-7.6490669,7.2154169,-68.280289,21.710468,-110.83202,-25.728554,-68.063469,22.077444,-111.33446,-24.792471
10.3,27,-6.2587929,4.0143433,-14.126761,1.6091757,-.21553428,3.7694581,-7.6035366,7.1724677,-67.873856,21.58124,-110.17231,-25.575407,-67.658325,21.94603,-110.67175,-24.644897
10.4,27,-6.2213149,3.9903054,-14.042171,1.59954,-.21424367,3.7468867,-7.5580063,7.129519,-67.46743,21.452011,-109.5126,-25.422262,-67.253189,21.814617,-110.00905,-24.497324
10.5,27,-6.1838369,3.9662673,-13.957579,1.5899042,-.21295305,3.7243149,-7.512476,7.0865703,-67.060997,21.322781,-108.85288,-25.269115,-66.848045,21.683203,-109.34634,-24.349749
10.6,27,-6.1463594,3.9422293,-13.872987,1.5802684,-.21166241,3.7017431,-7.4669456,7.0436211,-66.654564,21.193552,-108.19316,-25.115969,-66.442902,21.551788,-108.68363,-24.202173
10.7,27,-6.1088815,3.9181914,-13.788396,1.5706326,-.21037179,3.6791718,-7.4214158,7.0006723,-66.248138,21.064323,-107.53345,-24.962824,-66.037766,21.420376,-108.02094,-24.0546
10.8,27,-6.0714035,3.8941534,-13.703804,1.5609968,-.20908117,3.6566,-7.3758855,6.9577231,-65.841705,20.935095,-106.87373,-24.809677,-65.632629,21.288963,-107.35822,-23.907026
10.9,27,-6.033926,3.8701155,-13.619213,1.5513611,-.20779055,3.6340287,-7.3303556,6.9147744,-65.43528,20.805866,-106.21403,-24.65653,-65.227486,21.157551,-106.69553,-23.759453
11,27,-5.996448,3.8460774,-13.534621,1.5417253,-.20649992,3.6114569,-7.2848253,6.8718257,-65.028847,20.676636,-105.55431,-24.503384,-64.82235,21.026136,-106.03281,-23.611877
11.1,27,-5.9589701,3.8220394,-13.450029,1.5320894,-.20520929,3.5888853,-7.239295,6.8288765,-64.622414,20.547407,-104.89459,-24.350237,-64.417206,20.894722,-105.37011,-23.464302
11.2,27,-5.9214926,3.7980015,-13.365438,1.5224537,-.20391867,3.5663137,-7.1937652,6.7859278,-64.215988,20.418179,-104.23488,-24.197092,-64.01207,20.763309,-104.70741,-23.316729
11.3,27,-5.8840146,3.7739635,-13.280848,1.5128179,-.20262805,3.5437419,-7.1482348,6.7429786,-63.809555,20.28895,-103.57516,-24.043945,-63.606926,20.631895,-104.0447,-23.169155
11.4,27,-5.8465371,3.7499256,-13.196257,1.5031822,-.20133743,3.5211706,-7.102705,6.7000299,-63.403126,20.159721,-102.91545,-23.8908,-63.20179,20.500483,-103.382,-23.021582
11.5,27,-5.8090591,3.7258875,-13.111665,1.4935464,-.20004679,3.4985988,-7.0571747,6.6570811,-62.996696,20.030491,-102.25574,-23.737654,-62.79665,20.36907,-102.71929,-22.874006
11.6,27,-5.7715812,3.7018495,-13.027073,1.4839104,-.19875617,3.4760273,-7.0116444,6.6141319,-62.590263,19.901262,-101.59602,-23.584507,-62.391506,20.237656,-102.05659,-22.726431
11.7,27,-5.7341037,3.6778116,-12.942482,1.4742748,-.19746555,3.4534557,-6.9661145,6.5711832,-62.183834,19.772034,-100.93631,-23.431362,-61.98637,20.106243,-101.39388,-22.578857
11.8,27,-5.6966257,3.6537735,-12.85789,1.4646389,-.19617492,3.4308841,-6.9205842,6.528234,-61.777405,19.642805,-100.2766,-23.278215,-61.58123,19.974829,-100.73118,-22.431284
11.9,27,-5.6591482,3.6297357,-12.773299,1.4550033,-.1948843,3.4083126,-6.8750539,6.4852853,-61.370975,19.513577,-99.616882,-23.125071,-61.17609,19.843416,-100.06847,-22.28371
12,27,-5.6216702,3.6056976,-12.688707,1.4453675,-.19359368,3.3857408,-6.8295236,6.4423366,-60.964542,19.384346,-98.957169,-22.971924,-60.77095,19.712004,-99.405769,-22.136135
12.1,27,-5.5841923,3.5816596,-12.604116,1.4357315,-.19230305,3.3631692,-6.7839932,6.3993874,-60.558113,19.255117,-98.297447,-22.818777,-60.36581,19.580589,-98.743057,-21.98856
12.2,27,-5.5467148,3.5576217,-12.519526,1.4260958,-.19101243,3.3405976,-6.7384634,6.3564386,-60.151684,19.125889,-97.637741,-22.66563,-59.96067,19.449177,-98.08036,-21.840986
12.3,27,-5.5092368,3.5335836,-12.434934,1.41646,-.18972179,3.3180261,-6.6929331,6.3134894,-59.745251,18.99666,-96.97802,-22.512484,-59.555531,19.317762,-97.417648,-21.693413
12.4,27,-5.4717588,3.5095458,-12.350343,1.4068244,-.18843119,3.2954545,-6.6474032,6.2705412,-59.338825,18.867432,-96.318306,-22.359339,-59.150394,19.18635,-96.754951,-21.545839
12.5,27,-5.4342813,3.4855077,-12.265751,1.3971885,-.18714055,3.2728827,-6.6018729,6.227592,-58.932392,18.738201,-95.658592,-22.206192,-58.745251,19.054935,-96.092239,-21.398264
12.6,27,-5.3968034,3.4614697,-12.181159,1.3875526,-.18584992,3.2503111,-6.5563426,6.1846428,-58.525959,18.608973,-94.998878,-22.053045,-58.340111,18.923523,-95.429535,-21.250689
12.7,27,-5.3593254,3.4374318,-12.096568,1.3779169,-.1845593,3.2277396,-6.5108128,6.1416941,-58.119534,18.479744,-94.339165,-21.8999,-57.934975,18.79211,-94.76683,-21.103115
12.8,27,-5.3218474,3.4133937,-12.011976,1.3682811,-.18326868,3.205168,-6.4652824,6.0987449,-57.7131,18.350515,-93.679451,-21.746754,-57.529831,18.660696,-94.104126,-20.955542
12.9,27,-5.2843699,3.3893559,-11.927385,1.3586454,-.18197806,3.1825964,-6.4197526,6.0557966,-57.306671,18.221287,-93.019737,-21.593609,-57.124695,18.529284,-93.441422,-20.807968
13,27,-5.246892,3.3653178,-11.842793,1.3490096,-.18068743,3.1600249,-6.3742223,6.0128474,-56.900242,18.092056,-92.360023,-21.440462,-56.719555,18.397869,-92.778717,-20.660393
13.1,27,-5.209414,3.3412797,-11.758203,1.3393737,-.17939679,3.1374531,-6.328692,5.9698982,-56.493809,17.962828,-91.700302,-21.287315,-56.314411,18.266455,-92.116005,-20.512817
13.2,27,-5.1719365,3.3172419,-11.673612,1.329738,-.17810619,3.1148815,-6.2831621,5.9269495,-56.087379,17.833599,-91.040596,-21.134169,-55.909275,18.135042,-91.453308,-20.365244
13.3,27,-5.1344585,3.2932038,-11.58902,1.3201022,-.17681555,3.09231,-6.2376318,5.8840003,-55.68095,17.70437,-90.380875,-20.981022,-55.504135,18.00363,-90.790596,-20.21767
13.4,27,-5.096981,3.269166,-11.504429,1.3104665,-.17552494,3.0697384,-6.192102,5.8410521,-55.274521,17.575142,-89.721169,-20.827877,-55.098995,17.872217,-90.127899,-20.070097
13.5,27,-5.0595031,3.2451279,-11.419837,1.3008307,-.1742343,3.0471668,-6.1465716,5.7981029,-54.868088,17.445911,-89.061447,-20.67473,-54.693855,17.740803,-89.465187,-19.922522
13.6,27,-5.0220251,3.2210898,-11.335245,1.2911948,-.17294368,3.024595,-6.1010408,5.7551537,-54.461658,17.316683,-88.401733,-20.521584,-54.288715,17.609388,-88.802483,-19.774946
13.7,27,-4.9845476,3.197052,-11.250654,1.2815591,-.17165306,3.0020237,-6.055511,5.7122049,-54.055229,17.187454,-87.74202,-20.368439,-53.883575,17.477976,-88.139778,-19.627373
13.8,27,-4.9470696,3.1730139,-11.166062,1.2719233,-.17036243,2.9794519,-6.0099807,5.6692562,-53.648796,17.058224,-87.082306,-20.215292,-53.478436,17.346561,-87.477074,-19.479799
13.9,27,-4.9095922,3.1489761,-11.081471,1.2622876,-.16907181,2.9568803,-5.9644508,5.6263075,-53.242371,16.928997,-86.422592,-20.062147,-53.073299,17.215149,-86.814369,-19.332226
14,27,-4.8721142,3.124938,-10.99688,1.2526517,-.16778119,2.9343088,-5.9189205,5.5833583,-52.835938,16.799767,-85.762878,-19.909,-52.668156,17.083736,-86.151665,-19.18465
14.1,27,-4.8346362,3.1008999,-10.912289,1.2430159,-.16649055,2.911737,-5.8733902,5.5404091,-52.429508,16.670538,-85.103157,-19.755854,-52.263016,16.952322,-85.488953,-19.037075
14.2,27,-4.7971587,3.0768621,-10.827698,1.2333802,-.16519994,2.8891656,-5.8278604,5.4974604,-52.023079,16.541309,-84.443451,-19.602709,-51.85788,16.82091,-84.826256,-18.889502
14.3,27,-4.7596807,3.052824,-10.743106,1.2237444,-.1639093,2.8665938,-5.78233,5.4545116,-51.616646,16.412079,-83.78373,-19.449562,-51.452736,16.689495,-84.163544,-18.741928
14.4,27,-4.7222033,3.0287862,-10.658515,1.2141087,-.1626187,2.8440223,-5.7368002,5.4115629,-51.21022,16.282852,-83.124023,-19.296415,-51.0476,16.558083,-83.500847,-18.594355
14.5,27,-4.6847253,3.0047481,-10.573923,1.2044728,-.16132806,2.8214507,-5.6912699,5.3686137,-50.803787,16.153622,-82.464302,-19.143269,-50.64246,16.426668,-82.838135,-18.446779
14.6,27,-4.6472473,2.98071,-10.489331,1.194837,-.16003743,2.7988789,-5.6457396,5.3256645,-50.397354,16.024393,-81.804588,-18.990122,-50.237316,16.295256,-82.17543,-18.299204
14.7,27,-4.6097698,2.9566722,-10.40474,1.1852013,-.15874681,2.7763076,-5.6002097,5.2827158,-49.990929,15.895164,-81.144875,-18.836977,-49.83218,16.163843,-81.512726,-18.15163
14.8,27,-4.5722919,2.9326341,-10.320148,1.1755655,-.15745619,2.7537358,-5.5546794,5.2397671,-49.584496,15.765935,-80.485161,-18.68383,-49.42704,16.032429,-80.850021,-18.004057
14.9,27,-4.5348139,2.9085963,-10.235558,1.1659298,-.15616557,2.7311645,-5.5091496,5.1968184,-49.178066,15.636706,-79.825447,-18.530685,-49.0219,15.901016,-80.187317,-17.856483
15,27,-4.4973359,2.8845582,-10.150966,1.1562939,-.15487494,2.7085927,-5.4636192,5.1538692,-48.771637,15.507477,-79.165733,-18.377539,-48.61676,15.769602,-79.524612,-17.708908
15.1,27,-4.4598579,2.8605201,-10.066375,1.1466581,-.15358432,2.6860211,-5.4180889,5.11092,-48.365204,15.378247,-78.506012,-18.224392,-48.21162,15.638188,-78.861908,-17.561333
15.2,27,-4.4223804,2.8364823,-9.9817839,1.1370224,-.1522937,2.6634495,-5.3725586,5.0679712,-47.958775,15.24902,-77.846306,-18.071247,-47.80648,15.506776,-78.199203,-17.413759
15.3,27,-4.3849025,2.8124442,-9.897192,1.1273866,-.15100306,2.6408777,-5.3270283,5.0250225,-47.552345,15.11979,-77.186584,-17.9181,-47.40134,15.375361,-77.536499,-17.266186
15.4,27,-4.347425,2.7884064,-9.8126011,1.1177509,-.14971244,2.6183064,-5.2814984,4.9820738,-47.145916,14.990561,-76.526878,-17.764954,-46.996204,15.243949,-76.873795,-17.118612
15.5,27,-4.309947,2.7643683,-9.7280092,1.108115,-.14842182,2.5957346,-5.2359681,4.9391246,-46.739483,14.861332,-75.867157,-17.611807,-46.591061,15.112535,-76.21109,-16.971037
15.6,27,-4.272469,2.7403302,-9.6434174,1.0984792,-.14713119,2.573163,-5.1904378,4.8961754,-46.333054,14.732102,-75.207443,-17.45866,-46.185921,14.981122,-75.548378,-16.823462
15.7,27,-4.2349916,2.7162924,-9.5588264,1.0888435,-.14584057,2.5505915,-5.144908,4.8532267,-45.926624,14.602875,-74.547729,-17.305515,-45.780785,14.849709,-74.885681,-16.675888
15.8,27,-4.1975136,2.6922543,-9.4742346,1.0792077,-.14454994,2.5280197,-5.0993776,4.8102779,-45.520191,14.473645,-73.888016,-17.152369,-45.375641,14.718295,-74.222969,-16.528315
15.9,27,-4.1600361,2.6682165,-9.3896437,1.069572,-.14325932,2.5054483,-5.0538478,4.7673292,-45.113766,14.344417,-73.228302,-16.999224,-44.970505,14.586883,-73.560272,-16.380741
16,27,-4.1225581,2.6441784,-9.3050528,1.059936,-.1419687,2.4828765,-5.0083175,4.72438,-44.707333,14.215187,-72.568588,-16.846077,-44.565365,14.455469,-72.89756,-16.233166
16.1,27,-4.0850801,2.6201403,-9.2204609,1.0503002,-.14067806,2.460305,-4.9627872,4.6814308,-44.3009,14.085958,-71.908875,-16.69293,-44.160221,14.324055,-72.234856,-16.08559
16.2,27,-4.0476022,2.5961022,-9.135869,1.0406644,-.13938743,2.4377332,-4.9172568,4.6384821,-43.89447,13.956729,-71.249153,-16.539783,-43.755081,14.192641,-71.572144,-15.938016
16.3,27,-4.0101252,2.5720644,-9.0512791,1.0310289,-.13809682,2.4151621,-4.8717275,4.5955338,-43.488045,13.827501,-70.589447,-16.386641,-43.349949,14.06123,-70.909454,-15.790444
16.4,27,-3.972647,2.5480263,-8.9666872,1.0213931,-.1368062,2.3925903,-4.8261971,4.5525846,-43.081612,13.698272,-69.929733,-16.233494,-42.944805,13.929816,-70.246742,-15.642869
16.5,27,-3.935169,2.5239882,-8.8820953,1.0117571,-.13551557,2.3700185,-4.7806668,4.5096354,-42.675182,13.569042,-69.270012,-16.080347,-42.539665,13.798402,-69.584038,-15.495295
16.6,27,-3.8976912,2.4999502,-8.7975035,1.0021213,-.13422494,2.3474469,-4.7351365,4.4666862,-42.268749,13.439813,-68.610298,-15.927199,-42.134525,13.666988,-68.921326,-15.347719
16.7,27,-3.8602133,2.4759121,-8.7129116,.99248552,-.13293432,2.3248751,-4.6896062,4.4237375,-41.862316,13.310584,-67.950584,-15.774053,-41.729382,13.535574,-68.258621,-15.200145
16.8,27,-3.822736,2.4518745,-8.6283216,.9828499,-.13164371,2.302304,-4.6440763,4.3807893,-41.455894,13.181356,-67.290878,-15.620909,-41.324249,13.404162,-67.595924,-15.052573
16.9,27,-3.7852581,2.4278364,-8.5437298,.97321409,-.13035308,2.2797322,-4.598546,4.3378401,-41.049461,13.052127,-66.631157,-15.467762,-40.919109,13.272749,-66.93322,-14.904998
17,27,-3.7477801,2.4037983,-8.4591389,.96357828,-.12906244,2.2571607,-4.5530157,4.2948909,-40.643028,12.922897,-65.971443,-15.314615,-40.513966,13.141335,-66.270508,-14.757423
17.1,27,-3.7103021,2.3797603,-8.374547,.95394248,-.12777182,2.2345889,-4.5074854,4.2519417,-40.236599,12.793668,-65.311729,-15.161469,-40.108826,13.009921,-65.607803,-14.609848
17.2,27,-3.6728241,2.3557222,-8.2899551,.94430661,-.12648119,2.2120171,-4.4619551,4.208993,-39.830166,12.664438,-64.652008,-15.008322,-39.703686,12.878508,-64.945099,-14.462274
17.3,27,-3.6353469,2.3316846,-8.2053652,.93467098,-.12519059,2.189446,-4.4164257,4.1660447,-39.42374,12.535212,-63.992306,-14.855178,-39.29855,12.747096,-64.282402,-14.314702
17.4,27,-3.5978689,2.3076465,-8.1207733,.92503518,-.12389996,2.1668742,-4.3708954,4.1230955,-39.017311,12.405982,-63.332588,-14.702031,-38.89341,12.615683,-63.619694,-14.167127
17.5,27,-3.5603912,2.2836084,-8.0361814,.91539937,-.12260932,2.1443026,-4.3253651,4.0801463,-38.610878,12.276752,-62.672871,-14.548884,-38.48827,12.484268,-62.956985,-14.019552
17.6,27,-3.5229132,2.2595704,-7.9515901,.90576351,-.1213187,2.1217308,-4.2798347,4.0371971,-38.204445,12.147523,-62.013153,-14.395738,-38.083126,12.352855,-62.294277,-13.871977
17.7,27,-3.4854352,2.2355323,-7.8669982,.8961277,-.12002807,2.0991592,-4.2343044,3.9942482,-37.798016,12.018293,-61.353436,-14.242591,-37.677986,12.22144,-61.631569,-13.724402
17.8,27,-3.447958,2.2114947,-7.7824082,.88649207,-.11873747,2.0765879,-4.1887751,3.9512999,-37.39159,11.889067,-60.693733,-14.089447,-37.272854,12.09003,-60.968876,-13.576831
17.9,27,-3.41048,2.1874566,-7.6978164,.87685627,-.11744683,2.0540161,-4.1432447,3.9083509,-36.985157,11.759837,-60.034016,-13.9363,-36.86771,11.958615,-60.306168,-13.429255
18,27,-3.3730021,2.1634185,-7.6132245,.86722046,-.11615621,2.0314445,-4.0977144,3.8654017,-36.578728,11.630608,-59.374298,-13.783154,-36.46257,11.827202,-59.643459,-13.281681
18.1,27,-3.3355241,2.1393805,-7.5286331,.8575846,-.11486558,2.0088727,-4.0521841,3.8224528,-36.172295,11.501378,-58.714581,-13.630007,-36.05743,11.695787,-58.980751,-13.134106
18.2,27,-3.2980461,2.1153424,-7.4440413,.84794879,-.11357494,1.9863011,-4.0066538,3.7795038,-35.765862,11.372149,-58.054867,-13.47686,-35.652287,11.564374,-58.318043,-12.986531
18.3,27,-3.2605689,2.0913048,-7.3594513,.83831316,-.11228434,1.9637299,-3.9611242,3.7365553,-35.35944,11.242922,-57.395161,-13.323716,-35.247154,11.432962,-57.65535,-12.83896
18.4,27,-3.2230911,2.0672667,-7.2748594,.82867736,-.11099371,1.9411582,-3.9155939,3.6936064,-34.953007,11.113692,-56.735443,-13.170569,-34.842014,11.301549,-56.992641,-12.691384
18.5,27,-3.1856132,2.0432286,-7.1902676,.81904155,-.10970308,1.9185865,-3.8700635,3.6506574,-34.546574,10.984463,-56.075726,-13.017423,-34.436871,11.170135,-56.329933,-12.54381
18.6,27,-3.1481352,2.0191905,-7.1056762,.80940568,-.10841245,1.8960148,-3.8245332,3.6077082,-34.140144,10.855233,-55.416008,-12.864276,-34.031731,11.038721,-55.667225,-12.396235
18.7,27,-3.1106572,1.9951525,-7.0210843,.79976988,-.10712183,1.8734431,-3.7790029,3.5647593,-33.733711,10.726004,-54.756294,-12.711129,-33.626591,10.907308,-55.00452,-12.24866
18.8,27,-3.07318,1.9711149,-6.9364944,.79013425,-.10583122,1.8508718,-3.7334733,3.521811,-33.327286,10.596777,-54.096588,-12.557985,-33.221455,10.775896,-54.341824,-12.101089
18.9,27,-3.035702,1.9470768,-6.8519025,.78049845,-.10454059,1.8283001,-3.687943,3.4788618,-32.920856,10.467547,-53.436871,-12.404839,-32.816315,10.644482,-53.679115,-11.953513
19,27,-2.998224,1.9230387,-6.7673106,.77086264,-.10324996,1.8057284,-3.6424127,3.4359128,-32.514423,10.338318,-52.777153,-12.251692,-32.411175,10.513068,-53.016407,-11.805939
19.1,27,-2.960746,1.8990006,-6.6827192,.76122677,-.10195933,1.7831568,-3.5968823,3.3929636,-32.10799,10.209088,-52.117439,-12.098545,-32.006031,10.381655,-52.353703,-11.658363
19.2,27,-2.9232681,1.8749626,-6.5981274,.75159097,-.1006687,1.7605851,-3.551352,3.3500147,-31.701559,10.079859,-51.457722,-11.945399,-31.600891,10.25024,-51.690994,-11.510789
19.3,27,-2.8857911,1.850925,-6.5135374,.74195534,-.099378094,1.7380137,-3.5058227,3.3070664,-31.295135,9.9506321,-50.798016,-11.792255,-31.195757,10.118829,-51.028297,-11.363217
19.4,27,-2.8483131,1.8268869,-6.4289455,.73231953,-.098087467,1.7154421,-3.4602923,3.2641172,-30.888704,9.8214025,-50.138298,-11.639109,-30.790617,9.9874153,-50.365589,-11.215642
19.5,27,-2.8108351,1.8028488,-6.3443537,.72268373,-.09679684,1.6928704,-3.4147618,3.2211683,-30.482271,9.692173,-49.478584,-11.485962,-30.385475,9.8560019,-49.702885,-11.068068
19.6,27,-2.7733572,1.7788107,-6.2597623,.71304786,-.095506206,1.6702987,-3.3692315,3.1782191,-30.07584,9.5629435,-48.818867,-11.332815,-29.980333,9.7245874,-49.040176,-10.920492
19.7,27,-2.7358792,1.7547727,-6.1751704,.70341206,-.094215579,1.647727,-3.3237011,3.1352701,-29.669409,9.4337139,-48.159149,-11.179668,-29.575193,9.593174,-48.377468,-10.772918
19.8,27,-2.6984019,1.7307351,-6.0905805,.69377643,-.092924975,1.6251558,-3.2781718,3.0923219,-29.262983,9.3044872,-47.499443,-11.026525,-29.170059,9.4617624,-47.714771,-10.625346
19.9,27,-2.660924,1.706697,-6.0059886,.68414062,-.091634341,1.6025841,-3.2326415,3.0493727,-28.856552,9.1752577,-46.839725,-10.873378,-28.764917,9.330348,-47.052067,-10.477771
20,27,-2.623446,1.6826589,-5.9213967,.67450482,-.090343714,1.5800124,-3.1871111,3.0064237,-28.450121,9.0460281,-46.180012,-10.720231,-28.359777,9.1989346,-46.389359,-10.330196
20.1,27,-2.585968,1.6586208,-5.8368053,.66486895,-.089053087,1.5574408,-3.1415808,2.9634745,-28.043688,8.9167986,-45.520294,-10.567084,-27.954636,9.0675211,-45.72665,-10.182622
20.2,27,-2.5484903,1.6345828,-5.7522135,.65523314,-.087762453,1.534869,-3.0960505,2.9205256,-27.637257,8.787569,-44.860577,-10.413938,-27.549494,8.9361067,-45.063942,-10.035047
20.3,27,-2.511013,1.6105452,-5.6676235,.64559752,-.086471848,1.5122977,-3.0505209,2.8775773,-27.230833,8.6583424,-44.200871,-10.260794,-27.144361,8.8046951,-44.401249,-9.887475
20.4,27,-2.4735351,1.5865071,-5.5830317,.63596171,-.085181221,1.4897261,-3.0049906,2.8346281,-26.824402,8.5291128,-43.541157,-10.107647,-26.73922,8.6732817,-43.738541,-9.7398996
20.5,27,-2.4360571,1.562469,-5.4984398,.62632585,-.083890595,1.4671544,-2.9594603,2.7916791,-26.417969,8.3998833,-42.881439,-9.9545002,-26.334078,8.5418682,-43.075832,-9.5923252
20.6,27,-2.3985791,1.5384309,-5.4138484,.61669004,-.08259996,1.4445827,-2.9139299,2.7487299,-26.011538,8.2706537,-42.221722,-9.8013535,-25.928938,8.4104538,-42.413124,-9.4447508
20.7,27,-2.3611012,1.5143929,-5.3292565,.60705423,-.081309333,1.422011,-2.8683996,2.705781,-25.605104,8.1414242,-41.562004,-9.6482067,-25.523796,8.2790403,-41.750416,-9.2971754
20.8,27,-2.3236239,1.4903553,-5.2446666,.59741861,-.080018729,1.3994397,-2.8228703,2.6628327,-25.198681,8.0121975,-40.902302,-9.4950628,-25.118662,8.1476288,-41.087723,-9.1496038
20.9,27,-2.2861459,1.4663172,-5.1600747,.5877828,-.078728102,1.376868,-2.7773399,2.6198835,-24.79225,7.8829679,-40.242584,-9.3419161,-24.713522,8.0162153,-40.425014,-9.0020285
21,27,-2.248668,1.4422791,-5.0754828,.57814693,-.077437468,1.3542963,-2.7318096,2.5769346,-24.385818,7.7537384,-39.582867,-9.1887693,-24.30838,7.8848009,-39.762306,-8.854454
21.1,27,-2.2111902,1.418241,-4.9908915,.56851113,-.076146841,1.3317246,-2.6862793,2.5339856,-23.979385,7.6245093,-38.923149,-9.0356226,-23.903238,7.7533875,-39.099598,-8.7068796
21.2,27,-2.1737123,1.3942029,-4.9062996,.55887532,-.074856214,1.309153,-2.6407487,2.4910364,-23.572954,7.4952798,-38.263432,-8.8824759,-23.498098,7.6219735,-38.43689,-8.5593042
21.3,27,-2.136235,1.3701653,-4.8217096,.5492397,-.07356561,1.2865816,-2.5952194,2.4480882,-23.166531,7.3660526,-37.603729,-8.729332,-23.092964,7.490562,-37.774197,-8.4117327
21.4,27,-2.098757,1.3461273,-4.7371178,.53960389,-.072274975,1.26401,-2.5496891,2.4051392,-22.760098,7.2368231,-36.944012,-8.5761852,-22.687822,7.359148,-37.111488,-8.2641573
21.5,27,-2.0612791,1.3220892,-4.6525264,.52996802,-.070984349,1.2414383,-2.5041587,2.36219,-22.353666,7.1075935,-36.284294,-8.4230385,-22.282682,7.2277346,-36.44878,-8.1165829
21.6,27,-2.0238011,1.2980511,-4.5679345,.52033222,-.069693714,1.2188666,-2.4586284,2.319241,-21.947235,6.9783645,-35.624577,-8.2698917,-21.877541,7.0963206,-35.786072,-7.969008
21.7,27,-1.9863231,1.274013,-4.4833426,.51069641,-.068403088,1.1962949,-2.4130981,2.2762918,-21.540802,6.8491349,-34.964859,-8.116745,-21.472399,6.9649067,-35.123367,-7.8214331
21.8,27,-1.948846,1.2499753,-4.3987527,.50106078,-.067112483,1.1737237,-2.3675685,2.2333436,-21.134378,6.7199078,-34.305157,-7.9636011,-21.067266,6.8334951,-34.46067,-7.673861
21.9,27,-1.911368,1.2259372,-4.3141608,.49142495,-.065821856,1.151152,-2.3220382,2.1903946,-20.727947,6.5906782,-33.645439,-7.8104544,-20.662125,6.7020812,-33.797962,-7.5262866
22,27,-1.87389,1.2018992,-4.2295694,.48178914,-.064531222,1.1285803,-2.2765079,2.1474454,-20.321514,6.4614487,-32.985722,-7.6573076,-20.256983,6.5706677,-33.135254,-7.3787117
22.1,27,-1.8364121,1.1778611,-4.1449776,.47215331,-.063240595,1.1060085,-2.2309775,2.1044965,-19.915083,6.3322191,-32.326004,-7.5041609,-19.851843,6.4392538,-32.472549,-7.2311368
22.2,27,-1.7989341,1.153823,-4.0603857,.4625175,-.061949965,1.0834368,-2.1854472,2.0615473,-19.508652,6.2029901,-31.666288,-7.3510141,-19.446701,6.3078399,-31.809839,-7.0835619
22.3,27,-1.761457,1.1297854,-3.9757957,.45288187,-.06065936,1.0608656,-2.1399179,2.018599,-19.102226,6.0737629,-31.006584,-7.1978703,-19.041567,6.1764283,-31.147144,-6.9359899
22.4,27,-1.723979,1.1057473,-3.8912041,.44324604,-.059368733,1.038294,-2.0943875,1.97565,-18.695795,5.9445333,-30.346867,-7.0447235,-18.636427,6.0450149,-30.484438,-6.7884154
22.5,27,-1.686501,1.0817093,-3.8066123,.43361023,-.058078103,1.0157223,-2.0488572,1.9327009,-18.289364,5.8153038,-29.687149,-6.8915768,-18.231285,5.9136009,-29.82173,-6.6408405
22.6,27,-1.6490231,1.0576712,-3.7220206,.42397439,-.056787472,.99315053,-2.0033269,1.8897519,-17.882931,5.6860743,-29.027433,-6.73843,-17.826143,5.782187,-29.159021,-6.4932656
22.7,27,-1.6115452,1.0336331,-3.637429,.41433859,-.055496842,.97057885,-1.9577965,1.8468028,-17.4765,5.5568452,-28.367716,-6.5852833,-17.421003,5.650773,-28.496315,-6.3456907
22.8,27,-1.574068,1.0095955,-3.5528388,.40470296,-.054206237,.94800758,-1.912267,1.8038546,-17.070076,5.427618,-27.708012,-6.4321394,-17.015869,5.519362,-27.83362,-6.1981187
22.9,27,-1.53659,.98555744,-3.4682472,.39506713,-.05291561,.9254359,-1.8667367,1.7609055,-16.663643,5.2983885,-27.048294,-6.2789927,-16.610727,5.387948,-27.170912,-6.0505443
23,27,-1.499112,.96151936,-3.3836553,.38543132,-.05162498,.90286422,-1.8212063,1.7179564,-16.257212,5.1691589,-26.388577,-6.1258459,-16.205587,5.2565341,-26.508204,-5.9029694
23.1,27,-1.461634,.93748128,-3.2990637,.37579548,-.050334349,.88029253,-1.775676,1.6750073,-15.85078,5.0399294,-25.728861,-5.9726996,-15.800446,5.1251202,-25.845497,-5.7553945
23.2,27,-1.4241562,.91344321,-3.2144721,.36615968,-.049043722,.85772085,-1.7301457,1.6320583,-15.444348,4.9107003,-25.069143,-5.8195529,-15.395305,4.9937062,-25.182789,-5.6078196
23.3,27,-1.3866789,.88940561,-3.1298819,.35652402,-.047753118,.83514959,-1.6846162,1.58911,-15.037924,4.7814732,-24.409439,-5.666409,-14.99017,4.8622952,-24.520094,-5.4602475
23.4,27,-1.349201,.86536753,-3.0452902,.34688821,-.046462487,.8125779,-1.6390859,1.5461609,-14.631492,4.6522436,-23.749722,-5.5132623,-14.58503,4.7308812,-23.857386,-5.3126731
23.5,27,-1.311723,.84132946,-2.9606984,.33725241,-.045171857,.79000622,-1.5935556,1.5032119,-14.22506,4.5230141,-23.090006,-5.3601155,-14.179889,4.5994673,-23.194679,-5.1650982
23.6,27,-1.2742451,.81729138,-2.8761067,.32761657,-.043881226,.76743448,-1.5480253,1.4602628,-13.818628,4.3937845,-22.430288,-5.2069688,-13.774747,4.4680533,-22.531971,-5.0175233
23.7,27,-1.2367672,.7932533,-2.7915151,.31798077,-.0425906,.74486279,-1.5024949,1.4173137,-13.412196,4.2645555,-21.770571,-5.053822,-13.369606,4.3366394,-21.869263,-4.8699484
23.8,27,-1.1992899,.7692157,-2.7069249,.30834511,-.041299995,.72229153,-1.4569654,1.3743654,-13.005773,4.1353283,-21.110867,-4.9006782,-12.964473,4.2052283,-21.206568,-4.7223763
23.9,27,-1.1618119,.74517763,-2.6223333,.2987093,-.040009364,.69971985,-1.4114351,1.3314164,-12.59934,4.0060987,-20.451151,-4.7475314,-12.559331,4.0738144,-20.543861,-4.5748019
24,27,-1.124334,.72113955,-2.5377414,.28907347,-.038718734,.67714816,-1.3659048,1.2884673,-12.192909,3.8768692,-19.791433,-4.5943847,-12.15419,3.9424005,-19.881153,-4.427227
24.1,27,-1.0868561,.69710147,-2.4531498,.27943766,-.037428107,.65457648,-1.3203744,1.2455182,-11.786477,3.7476399,-19.131716,-4.4412379,-11.749049,3.8109868,-19.218445,-4.2796521
24.2,27,-1.0493782,.6730634,-2.3685582,.26980186,-.036137477,.6320048,-1.2748441,1.2025691,-11.380045,3.6184103,-18.471998,-4.2880912,-11.343907,3.6795728,-18.555738,-4.1320772
24.3,27,-1.0119009,.64902574,-2.283968,.2601662,-.034846872,.60943353,-1.2293147,1.1596209,-10.973621,3.4891834,-17.812294,-4.1349473,-10.938774,3.5481615,-17.893044,-3.9845054
24.4,27,-.97442299,.62498766,-2.1993763,.25053039,-.033556242,.58686185,-1.1837842,1.1166718,-10.567189,3.3599539,-17.152578,-3.9818006,-10.533633,3.4167476,-17.230335,-3.8369305
24.5,27,-.93694502,.60094959,-2.1147847,.24089457,-.032265611,.56429017,-1.1382539,1.0737227,-10.160757,3.2307243,-16.492861,-3.8286538,-10.128491,3.2853339,-16.567627,-3.6893559
24.6,27,-.89946705,.57691151,-2.0301929,.23125875,-.030974982,.54171842,-1.0927236,1.0307736,-9.7543259,3.101495,-15.833144,-3.6755071,-9.7233505,3.1539199,-15.90492,-3.5417809
24.7,27,-.86198914,.55287343,-1.9456012,.22162293,-.029684354,.51914674,-1.0471933,.98782462,-9.3478937,2.9722655,-15.173427,-3.5223603,-9.3182096,3.022506,-15.242212,-3.3942063
24.8,27,-.82451189,.52883583,-1.8610111,.21198729,-.028393749,.4965755,-1.0016638,.94487631,-8.9414692,2.8430386,-14.513722,-3.3692164,-8.9130754,2.8910947,-14.579517,-3.2466342
24.9,27,-.78703398,.50479776,-1.7764194,.20235148,-.027103119,.47400379,-.95613348,.90192729,-8.535038,2.713809,-13.854006,-3.2160697,-8.5079346,2.759681,-13.91681,-3.0990593
25,27,-.74955601,.48075968,-1.6918277,.19271566,-.02581249,.45143211,-.91060317,.85897821,-8.1286058,2.5845795,-13.194288,-3.062923,-8.1027937,2.628267,-13.254102,-2.9514847
25.1,27,-.71207809,.4567216,-1.607236,.18307984,-.024521861,.42886043,-.86507285,.81602913,-7.7221742,2.4553502,-12.534572,-2.9097764,-7.6976523,2.4968531,-12.591394,-2.8039098
25.2,27,-.67460012,.43268353,-1.5226443,.17344402,-.023231231,.40628874,-.81954253,.77308005,-7.315742,2.3261206,-11.874855,-2.7566297,-7.292511,2.3654394,-11.928687,-2.6563351
25.3,27,-.63712293,.40864593,-1.4380542,.16380838,-.021940626,.38371748,-.77401304,.7301318,-6.909318,2.1968937,-11.215151,-2.6034858,-6.8873773,2.2340281,-11.265992,-2.5087631
25.4,27,-.59964496,.38460785,-1.3534625,.15417255,-.020649998,.36114576,-.72848272,.68718272,-6.5028863,2.0676641,-10.555433,-2.4503391,-6.4822364,2.1026142,-10.603284,-2.3611882
25.5,27,-.56216699,.36056978,-1.2688707,.14453673,-.019359367,.33857408,-.6829524,.64423364,-6.0964546,1.9384346,-9.8957167,-2.2971923,-6.077095,1.9712002,-9.9405766,-2.2136135
25.6,27,-.52468908,.3365317,-1.1842791,.13490093,-.018068738,.3160024,-.63742203,.60128456,-5.6900225,1.8092052,-9.2359991,-2.1440456,-5.6719537,1.8397864,-9.2778692,-2.0660386
25.7,27,-.48721114,.31249362,-1.0996873,.12526511,-.016778108,.29343069,-.59189171,.55833548,-5.2835908,1.6799757,-8.5762825,-1.9908988,-5.2668128,1.7083726,-8.6151609,-1.9184639
25.8,27,-.44973388,.28845599,-1.0150973,.11562946,-.015487504,.27085945,-.54636222,.51538724,-4.8771667,1.5507487,-7.9165783,-1.837755,-4.8616791,1.5769613,-7.9524665,-1.7708919
25.9,27,-.41225594,.26441792,-.93050557,.10599364,-.014196875,.24828775,-.5008319,.47243816,-4.4707346,1.4215193,-7.2568612,-1.6846082,-4.4565377,1.4455473,-7.2897587,-1.6233171
26,27,-.374778,.24037984,-.84591383,.09635783,-.012906245,.22571605,-.45530158,.42948911,-4.0643029,1.2922897,-6.5971441,-1.5314615,-4.0513968,1.3141335,-6.6270509,-1.4757423
26.1,27,-.33730006,.21634176,-.76132214,.086722009,-.011615615,.20314437,-.40977126,.38654003,-3.657871,1.1630603,-5.9374275,-1.3783149,-3.6462555,1.1827197,-5.9643435,-1.3281676
26.2,27,-.29982212,.19230369,-.67673045,.077086188,-.010324986,.18057267,-.36424091,.34359095,-3.2514393,1.0338309,-5.2777104,-1.2251681,-3.2411144,1.0513058,-5.3016357,-1.1805928
26.3,27,-.2623449,.16826607,-.59214032,.067450553,-.0090343812,.15800141,-.31871146,.3006427,-2.845015,.90460384,-4.6180062,-1.0720242,-2.8359809,.91989446,-4.6389408,-1.0330207
26.4,27,-.22486694,.144228,-.50754863,.057814732,-.0077437521,.13542973,-.27318111,.25769362,-2.4385834,.77537435,-3.9582891,-.91887748,-2.4308395,.78848064,-3.9762332,-.88544595
26.5,27,-.187389,.12018992,-.42295691,.048178915,-.0064531225,.11285803,-.22765079,.21474455,-2.0321515,.64614487,-3.2985721,-.76573074,-2.0256984,.65706676,-3.3135254,-.73787117
26.6,27,-.14991106,.096151844,-.33836523,.038543094,-.0051624929,.090286337,-.18212046,.17179547,-1.6257197,.51691544,-2.6388552,-.61258405,-1.6205572,.52565289,-2.6508179,-.59029639
26.7,27,-.11243311,.072113767,-.25377351,.028907275,-.0038718637,.067714646,-.13659012,.12884641,-1.2192878,.38768595,-1.9791383,-.45943728,-1.215416,.39423904,-1.9881103,-.44272158
26.8,27,-.074955888,.048076153,-.16918342,.019271638,-.0025812588,.045143384,-.091060661,.085898146,-.81286371,.25845894,-1.3194339,-.30629349,-.81028241,.26282769,-1.3254153,-.29514959
26.9,27,-.037477944,.024038076,-.084591709,.0096358191,-.0012906294,.022571692,-.04553033,.042949073,-.40643185,.12922947,-.65971696,-.15314674,-.4051412,.13141385,-.66270763,-.1475748
27,27,0,0,0,0,0,0,0,0,0,0,0,0,0,0,0,0
27.1,27,.037394796,.024027385,-.0096980119,.084487602,.0012788101,.022561083,-.042940103,.045497723,.40613893,.12918863,.15293388,.65934396,.40486014,.13137069,.1473783,.66234195
27.2,27,.0742907,.047990873,-.019769689,.16835108,.0024867044,.045058761,-.085826844,.090800256,.81052041,.25813246,.30459011,1.3164507,.8080337,.26248282,.29357684,1.3224906
27.3,27,.1101881,.071827427,-.030591063,.25096726,.0035527418,.067430429,-.12860847,.13571395,1.2113792,.38658553,.45368552,1.9690729,1.2078265,.39307702,.4374097,1.9782432
27.4,27,.14458954,.095477991,-.042543877,.33172297,.0044060564,.089617245,-.17124051,.18005262,1.6069734,.51431197,.59894049,2.6150064,1.6025673,.52290505,.57769233,2.6274424
27.5,27,.17699543,.11888616,-.056017172,.41000801,.0049757073,.11156285,-.21368346,.22363487,1.9955378,.64107251,.73905879,3.2520168,1.9905621,.65171647,.71322137,3.2679029
27.6,27,.20690684,.14200144,-.071410857,.48522452,.0051907781,.13321649,-.25590873,.26629028,2.375315,.76663589,.87273622,3.8778937,2.3701241,.77927059,.84278178,3.8974664
27.7,27,.23382491,.1647803,-.089138545,.55678833,.0049803546,.15453397,-.29790065,.30786136,2.7445474,.89077771,.99865508,4.4904394,2.7395668,.9053362,.96514058,4.5139933
27.8,27,.25725001,.18718745,-.10963064,.62413067,.0042734938,.17547892,-.33965889,.34820586,3.1014698,1.0132797,1.1154779,5.0874615,3.0971961,1.0296907,1.0790395,5.1153531
27.9,27,.2766847,.20919938,-.13333856,.68670797,.0029993318,.19602616,-.3812049,.38720357,3.4443402,1.1339413,1.221856,5.6668243,3.4413409,1.152133,1.1832018,5.6994801
28,27,.29162934,.23080361,-.16073743,.74399614,.0010869242,.21616101,-.42258087,.42475471,3.7713935,1.2525667,1.3164079,6.2263794,3.7703068,1.2724704,1.2763106,6.2643027
28.1,27,.30167463,.25201109,-.19225803,.79560727,-.0015219139,.23589158,-.46386093,.4608171,4.0811877,1.3690175,1.3979629,6.7644129,4.0827098,1.3905742,1.3572346,6.8081851
28.2,27,.30676934,.2728785,-.22806267,.84160137,-.0048344564,.25527161,-.50515765,.49548873,4.3735428,1.4833307,1.4662679,7.2808175,4.3783774,1.5065007,1.4256903,7.3310642
28.3,27,.30695122,.29347458,-.26824841,.88215089,-.0088452687,.27436697,-.54659468,.52890414,4.6485858,1.5955858,1.5212952,7.7758765,4.6574311,1.6203514,1.4816008,7.8332615
28.4,27,.30226001,.31387153,-.3129169,.91743696,-.013548852,.29324695,-.58830231,.56120461,4.9064679,1.7058715,1.5630211,8.2499142,4.9200168,1.7322383,1.5248919,8.3151417
28.5,27,.29273337,.33414161,-.36217213,.94763887,-.018939776,.31198108,-.63041145,.59253186,5.1473155,1.8142711,1.5914096,8.7032213,5.1662555,1.8422681,1.5554764,8.7770348
28.6,27,.27840969,.35435832,-.41611984,.97293919,-.025012586,.33064038,-.67305583,.6230306,5.3712649,1.9208719,1.6064254,9.1361046,5.3962774,1.9505519,1.5732663,9.2192888
28.7,27,.25932732,.37459561,-.4748666,.99352121,-.031761825,.34929639,-.71637022,.65284652,5.5784507,2.0257621,1.60803,9.548872,5.6102128,2.0572023,1.5781699,9.6422558
28.8,27,.23552407,.39492688,-.53851837,1.0095665,-.039182048,.36802039,-.76048875,.68212467,5.769001,2.129029,1.5961806,9.9418211,5.8081832,2.1623318,1.5700908,10.046275
28.9,27,.20703949,.41542614,-.60718077,1.0212598,-.047267783,.38688433,-.80554718,.71101159,5.9430656,2.2307682,1.57084,10.315291,5.9903331,2.2660601,1.5489373,10.431729
29,27,.17391145,.43616509,-.68095642,1.0287794,-.056013573,.40595824,-.85167712,.73964995,6.1007724,2.3310688,1.5319618,10.669583,6.156786,2.3685014,1.5146085,10.798964
29.1,27,.1361783,.45721442,-.75994545,1.032302,-.065413967,.42531112,-.89900845,.76818055,6.2422566,2.4300225,1.4795003,11.005013,6.3076706,2.4697733,1.4670039,11.148337
29.2,27,.093878128,.47864276,-.84424442,1.0320007,-.075463541,.44501033,-.94766778,.79674071,6.3676529,2.5277224,1.4134078,11.321898,6.4431162,2.5699937,1.4060214,11.480211
29.3,27,.04704912,.50051618,-.93394452,1.0280428,-.086156808,.46512067,-.99777657,.82546294,6.4770899,2.6242599,1.3336347,11.620544,6.5632467,2.6692786,1.3315566,11.794936
29.4,27,-.0042695086,.52289915,-1.0291331,1.020594,-.097488329,.48570558,-1.0494539,.85447717,6.5707164,2.7197335,1.2401365,11.901297,6.6682048,2.7677519,1.2435106,12.092898
29.5,27,-.060039461,.54585212,-1.12989,1.009811,-.1094526,.50682455,-1.1028105,.88390529,6.6486621,2.8142354,1.1328622,12.164462,6.7581148,2.8655303,1.1417788,12.374451
29.6,27,-.12022267,.56943256,-1.23629,.9958446,-.12204419,.52853429,-1.1579524,.91386402,6.7110615,2.9078598,1.011761,12.410361,6.8331056,2.9627321,1.0262572,12.639954
29.7,27,-.18478109,.59369451,-1.3484008,.97883874,-.13525771,.55088818,-1.2149787,.94446331,6.7580476,3.0007012,.87678134,12.639315,6.8933053,3.0594764,.89684182,12.88977
29.8,27,-.25367647,.61868805,-1.4662827,.95892978,-.14908764,.57393569,-1.2739809,.97580564,6.7897511,3.0928526,.72787166,12.85163,6.938839,3.155879,.75342953,13.124249
29.9,27,-.32686958,.64446068,-1.5899893,.93625009,-.16352855,.59772372,-1.3350455,1.0079883,6.8063202,3.1844125,.56498623,13.047654,6.9698486,3.2520618,.59592438,13.343773
30,27,-.40432212,.6710549,-1.7195655,.91092128,-.17857492,.62229431,-1.3982493,1.0410994,6.8078842,3.2754734,.38807422,13.227695,6.9864593,3.3481395,.42422625,13.548692
30.1,27,-.4859961,.69850987,-1.8550503,.88305813,-.19422136,.64768612,-1.4636629,1.0752201,6.7945776,3.3661292,.19708554,13.39207,6.9887986,3.4442272,.23823754,13.73936
30.2,27,-.57185346,.72686112,-1.996475,.85276812,-.21046247,.67393416,-1.5313492,1.1104243,6.7665339,3.4564729,-.0080286833,13.541097,6.9769964,3.5404391,.037863318,13.916129
30.3,27,-.66185576,.75613981,-2.1438625,.82015103,-.22729267,.70106936,-1.6013634,1.146778,6.7238836,3.5465956,-.22731592,13.675083,6.9511762,3.6368854,-.17698827,14.079341
30.4,27,-.7559641,.78637487,-2.2972305,.7853024,-.24470662,.72912014,-1.6737559,1.1843426,6.6667743,3.6365933,-.46081775,13.794366,6.9114804,3.7336819,-.40640131,14.229362
30.5,27,-.85413969,.81759065,-2.456588,.74830854,-.26269871,.7581104,-1.7485677,1.2231703,6.5953364,3.7265551,-.70857728,13.89925,6.8580351,3.830935,-.65045929,14.36653
30.6,27,-.9563449,.84980857,-2.6219392,.70924938,-.28126359,.7880612,-1.8258351,1.2633079,6.5097041,3.816571,-.97063762,13.990047,6.7909679,3.9287515,-.90924376,14.491179
30.7,27,-1.0625418,.8830471,-2.7932825,.6681987,-.30039591,.81899059,-1.9055879,1.3047961,6.4100099,3.9067297,-1.2470397,14.06706,6.7104058,4.027236,-1.1828316,14.603643
30.8,27,-1.1726917,.91732121,-2.9706082,.62522489,-.32009003,.85091317,-1.9878492,1.3476691,6.2963853,3.9971166,-1.5378189,14.130589,6.6164756,4.1264877,-1.4712924,14.704244
30.9,27,-1.2867556,.95264435,-3.1539042,.58039308,-.34034058,.88384205,-2.0726392,1.391958,6.1689782,4.087822,-1.8430052,14.180962,6.5093188,4.2266111,-1.7746868,14.793324
31,27,-1.404695,.98902637,-3.3431511,.53376091,-.36114207,.91778672,-2.159971,1.4376868,6.0279183,4.1789279,-2.1626298,14.218466,6.38906,4.3276997,-2.0930755,14.871196
31.1,27,-1.5264723,1.0264751,-3.5383265,.48538196,-.38248906,.95275468,-2.2498538,1.4848758,5.8733392,4.2705169,-2.4967206,14.243399,6.2558279,4.4298472,-2.4265127,14.938169
31.2,27,-1.6520481,1.0649964,-3.7394025,.43530631,-.404376,.98875135,-2.342293,1.5335411,5.7053785,4.3626704,-2.8452988,14.256056,6.1097546,4.533143,-2.7750432,14.994552
31.3,27,-1.781388,1.104594,-3.9463527,.38357648,-.42679793,1.0257806,-2.4372909,1.5836949,5.5241528,4.4554644,-3.2083972,14.256702,5.9509506,4.6376729,-3.1387215,15.040623
31.4,27,-1.9144473,1.14527,-4.1591353,.3302407,-.44974864,1.0638436,-2.5348437,1.6353465,5.3298302,4.5489802,-3.5860078,14.245667,5.7795787,4.7435241,-3.5175579,15.076715
31.5,27,-2.0511913,1.187025,-4.3777175,.27533484,-.47322309,1.1029412,-2.634948,1.6885017,5.1225271,4.6432905,-3.9781551,14.223209,5.5957503,4.8507743,-3.911593,15.103093
31.6,27,-2.191581,1.2298577,-4.6020579,.21889573,-.49721581,1.1430718,-2.7375951,1.7431636,4.9023814,4.7384672,-4.3848433,14.189606,5.3995972,4.9595003,-4.3208451,15.120039
31.7,27,-2.3355768,1.2737657,-4.8321118,.16095802,-.52172112,1.1842327,-2.8427746,1.7993324,4.6695323,4.8345799,-4.8060703,14.145135,5.1912532,5.0697746,-4.7453222,15.12783
31.8,27,-2.4831464,1.3187462,-5.0678415,.10154865,-.54673433,1.2264212,-2.9504757,1.857007,4.4240885,4.931694,-5.2418542,14.090032,4.9708228,5.1816645,-5.1850533,15.126698
31.9,27,-2.6342423,1.3647938,-5.3091888,.040704485,-.57224888,1.2696316,-3.0606811,1.9161834,4.1662283,5.0298791,-5.6921535,14.024611,4.7384772,5.295239,-5.6400003,15.116955
32,27,-2.7888315,1.4119036,-5.5561118,-.021551209,-.59825999,1.313859,-3.1733763,1.9768564,3.8960617,5.1291947,-6.1569753,13.949099,4.4943218,5.4105577,-6.110177,15.098821
32.1,27,-2.9468746,1.4600688,-5.808557,-.085192285,-.624762,1.3590966,-3.2885425,2.0390186,3.6137226,5.2296991,-6.6362991,13.863744,4.2384844,5.5276771,-6.5955634,15.072533
32.2,27,-3.1083322,1.5092832,-6.066473,-.15019152,-.65174949,1.4053382,-3.4061618,2.1026628,3.319366,5.3314543,-7.1300921,13.768825,3.9711156,5.646656,-7.096127,15.038358
32.3,27,-3.273169,1.5595382,-6.3298082,-.21653026,-.67921722,1.4525753,-3.5262125,2.1677783,3.0130942,5.4345074,-7.6383443,13.664533,3.6923113,5.7675381,-7.611856,14.996479
32.4,27,-3.4413426,1.6108263,-6.5985041,-.28418097,-.70715934,1.5008003,-3.6486738,2.2343552,2.6950798,5.5389166,-8.1609974,13.551157,3.4022391,5.890377,-8.1426878,14.947166
32.5,27,-3.6128173,1.6631378,-6.8725076,-.35312706,-.73557061,1.5500038,-3.7735221,2.302381,2.3654249,5.6447239,-8.6980305,13.428881,3.1009955,6.0152087,-8.6885967,14.890588
32.6,27,-3.7875545,1.7164642,-7.1517625,-.42334673,-.7644456,1.6001772,-3.9007354,2.3718441,2.024277,5.7519784,-9.2493944,13.297948,2.7887225,6.142076,-9.2495251,14.82697
32.7,27,-3.9655144,1.7707959,-7.4362106,-.49481821,-.79377884,1.6513114,-4.0302896,2.4427321,1.6717876,5.8607273,-9.8150272,13.158602,2.4655664,6.271018,-9.8254032,14.756536
32.8,27,-4.1466608,1.8261225,-7.7257953,-.56752658,-.82356495,1.703396,-4.1621594,2.5150297,1.3080622,5.9710031,-10.394889,13.011013,2.1316271,6.402061,-10.416182,14.679436
32.9,27,-4.3309522,1.882434,-8.0204554,-.64144939,-.85379821,1.7564211,-4.2963204,2.5887239,.93326801,6.0828505,-10.9889,12.855436,1.7870662,6.5352402,-11.02177,14.595901
33,27,-4.5183535,1.9397196,-8.3201342,-.71657312,-.88447338,1.8103763,-4.4327459,2.663799,.54750824,6.1962976,-11.597012,12.692028,1.4319817,6.6705747,-11.642104,14.506067
33.1,27,-4.7088256,1.9979687,-8.6247721,-.79287869,-.91558498,1.8652513,-4.5714107,2.7402406,.15093246,6.3113794,-12.219144,12.521008,1.0665175,6.8080907,-12.277095,14.41013
33.2,27,-4.9023266,2.0571704,-8.9343071,-.87034672,-.9471274,1.9210355,-4.7122879,2.818033,-.25630534,6.4281292,-12.855206,12.342596,.69082206,6.9478102,-12.926636,14.30828
33.3,27,-5.0988245,2.1173136,-9.248683,-.94896585,-.97909564,1.977718,-4.8553514,2.8971603,-.67410874,6.546567,-13.505144,12.156926,.30498686,7.0897446,-13.590657,14.200631
33.4,27,-5.298275,2.1783869,-9.5678349,-1.0287148,-1.0114837,2.0352876,-5.0005741,2.977607,-1.1023037,6.6667233,-14.168841,11.964233,-.090820074,7.2339129,-14.269029,14.087389
33.5,27,-5.5006423,2.2403786,-9.8917036,-1.1095811,-1.0442863,2.0937331,-5.1479278,3.0593553,-1.5407851,6.7886133,-14.846223,11.764652,-.49649879,7.3803196,-14.961659,13.968662
33.6,27,-5.7058887,2.3032773,-10.220229,-1.1915481,-1.0774981,2.1530437,-5.2973862,3.1423903,-1.9894075,6.9122596,-15.537188,11.558372,-.91190946,7.5289764,-15.668432,13.844614
33.7,27,-5.9139729,2.3670716,-10.553349,-1.2745979,-1.1111134,2.2132082,-5.4489217,3.2266951,-2.4480171,7.0376821,-16.241621,11.345587,-1.3369037,7.6798921,-16.389215,13.715408
33.8,27,-6.1248627,2.4317501,-10.891006,-1.3587202,-1.1451274,2.2742155,-5.6025076,3.312253,-2.9165196,7.1648898,-16.959446,11.126407,-1.7713922,7.8330641,-17.123917,13.581131
33.9,27,-6.3385119,2.4973001,-11.23313,-1.4438936,-1.1795337,2.3360531,-5.7581139,3.3990464,-3.394732,7.2939,-17.690514,10.901049,-2.2151983,7.9884982,-17.872366,13.44197
34,27,-6.5548878,2.5637102,-11.579667,-1.530108,-1.2143276,2.3987107,-5.9157138,3.4870589,-3.8825605,7.4247169,-18.434738,10.669617,-2.6682329,8.1461878,-18.634468,13.298001
34.1,27,-6.7739491,2.6309683,-11.930552,-1.6173462,-1.2495031,2.4621761,-6.0752797,3.5762734,-4.3798509,7.5573516,-19.191988,10.432286,-3.1303475,8.3061323,-19.410067,13.149372
34.2,27,-6.9956574,2.6990628,-12.285724,-1.7055913,-1.285055,2.5264382,-6.236783,3.6666732,-4.8864532,7.6918125,-19.96213,10.189223,-3.601398,8.4683285,-20.199017,12.996222
34.3,27,-7.2199779,2.767982,-12.645123,-1.7948331,-1.3209782,2.591486,-6.400197,3.7582409,-5.4022689,7.8280988,-20.745062,9.9405231,-4.0812907,8.6327648,-21.0012,12.838618
34.4,27,-7.4468665,2.837713,-13.008681,-1.8850513,-1.3572665,2.6573067,-6.5654922,3.8509591,-5.9271202,7.966217,-21.540619,9.6863785,-4.5698538,8.7994366,-21.816433,12.676724
34.5,27,-7.67629,2.9082444,-13.376344,-1.9762359,-1.3939149,2.7238896,-6.7326407,3.9448106,-6.4609122,8.1061621,-22.348698,9.4268732,-5.0669975,8.9683275,-22.644596,12.510601
34.6,27,-7.9082084,2.9795642,-13.748047,-2.0683703,-1.4309181,2.7912233,-6.9016151,4.0397787,-7.0034938,8.2479353,-23.169149,9.1621628,-5.5725756,9.1394281,-23.485525,12.340374
34.7,27,-8.142581,3.0516598,-14.123724,-2.1614373,-1.4682702,2.8592956,-7.0723867,4.1358461,-7.554708,8.3915358,-24.001816,8.8924007,-6.0864377,9.312726,-24.339045,12.16617
34.8,27,-8.3793726,3.1245198,-14.503319,-2.2554262,-1.5059661,2.9280956,-7.2449279,4.2329955,-8.1144562,8.5369539,-24.846579,8.6176662,-6.60849,9.4882021,-25.205025,11.988044
34.9,27,-8.6185427,3.1981323,-14.886767,-2.3503189,-1.5440003,2.9976115,-7.4192109,4.3312101,-8.6825733,8.6841888,-25.703272,8.3381233,-7.1385736,9.665843,-26.083279,11.806131
35,27,-8.860055,3.2724843,-15.274006,-2.4461033,-1.5823671,3.0678313,-7.5952058,4.4304719,-9.2589483,8.8332262,-26.571754,8.0538568,-7.6765814,9.8456268,-26.973656,11.620493
35.1,27,-9.1038771,3.3475661,-15.664986,-2.5427675,-1.6210623,3.1387458,-7.7728906,4.5307665,-9.843462,8.9840622,-27.4519,7.7649765,-8.2223997,10.02754,-27.876017,11.431218
35.2,27,-9.3499451,3.4233601,-16.059608,-2.6402829,-1.660077,3.2103376,-7.9522228,4.6320691,-10.43588,9.1366825,-28.343449,7.4716883,-8.7758026,10.211554,-28.790081,11.238474
35.3,27,-9.5982523,3.4998605,-16.457853,-2.7386518,-1.6994097,3.2826016,-8.1331911,4.7343712,-11.036193,9.2910776,-29.24637,7.1739836,-9.3367834,10.397654,-29.715809,11.042243
35.4,27,-9.8487339,3.5770497,-16.859623,-2.8378448,-1.7390516,3.3555212,-8.315752,4.8376489,-11.644156,9.4472322,-30.160391,6.8720789,-9.9051037,10.585812,-30.652914,10.842706
35.5,27,-10.101383,3.6549234,-17.264902,-2.9378653,-1.7790017,3.4290917,-8.499898,4.9418945,-12.259768,9.6051378,-31.085491,6.5659556,-10.480766,10.776014,-31.601366,10.639833
35.6,27,-10.356145,3.7334652,-17.673601,-3.0386875,-1.8192519,3.5032973,-8.6855888,5.0470848,-12.882816,9.7647753,-32.021423,6.2557907,-11.063565,10.96823,-32.560902,10.433772
35.7,27,-10.612957,3.8126574,-18.085629,-3.1402862,-1.8597938,3.5781221,-8.8727837,5.1531968,-13.513082,9.9261236,-32.967926,5.9417634,-11.653288,11.162429,-33.531246,10.224669
35.8,27,-10.871817,3.8924961,-18.500969,-3.2426641,-1.9006264,3.6535616,-9.0614758,5.2602229,-14.150567,10.089173,-33.924984,5.6238484,-12.249941,11.358593,-34.512375,10.012492
35.9,27,-11.13266,3.972964,-18.919527,-3.345793,-1.9417413,3.7295995,-9.2516222,5.3681393,-14.795032,10.253901,-34.892307,5.3022451,-12.853291,11.55669,-35.503986,9.7974062
36,27,-11.39548,4.0540566,-19.341284,-3.4496751,-1.983137,3.806231,-9.4432125,5.4769387,-15.44647,10.420296,-35.869873,4.976933,-13.463334,11.756704,-36.50605,9.5793839
36.1,27,-11.660211,4.1357546,-19.76614,-3.554281,-2.0248044,3.8834386,-9.6362038,5.5865955,-16.104641,10.588328,-36.857384,4.6481023,-14.079836,11.958597,-37.518257,9.3585825
36.2,27,-11.926818,4.2180476,-20.194038,-3.6595969,-2.0667386,3.9612117,-9.8305712,5.697094,-16.769409,10.757984,-37.854671,4.3158522,-14.702671,12.162342,-38.540424,9.1350813
36.3,27,-12.195271,4.3009248,-20.624929,-3.7656136,-2.1089351,4.0395408,-10.026289,5.8084188,-17.440693,10.929239,-38.86161,3.9802225,-15.331758,12.367912,-39.572422,8.9089041
36.4,27,-12.465524,4.3843732,-21.058737,-3.8723099,-2.1513875,4.118412,-10.223327,5.9205523,-18.118303,11.102074,-39.877968,3.6413615,-15.966916,12.575276,-40.614006,8.6801739
36.5,27,-12.737548,4.4683828,-21.495417,-3.9796782,-2.1940913,4.1978173,-10.421661,6.0334792,-18.802164,11.276464,-40.903625,3.2992995,-16.608072,12.784408,-41.665051,8.4489069
36.6,27,-13.011296,4.5529399,-21.934895,-4.0876985,-2.2370405,4.2777424,-10.621262,6.1471806,-19.492102,11.452387,-41.938366,2.9541628,-17.255062,12.995274,-42.72533,8.2152052
36.7,27,-13.286729,4.638032,-22.377104,-4.1963539,-2.2802293,4.3581767,-10.822098,6.2616396,-20.187962,11.629819,-42.981987,2.606065,-17.907732,13.207843,-43.794628,7.9791646
36.8,27,-13.563818,4.723649,-22.822001,-4.3056359,-2.3236532,4.4391098,-11.024148,6.376842,-20.889664,11.808737,-44.034363,2.2550349,-18.56601,13.422087,-44.872818,7.7407966
36.9,27,-13.842514,4.8097777,-23.269505,-4.4155226,-2.3673058,4.5205288,-11.22738,6.4927678,-21.597017,11.989116,-45.095253,1.901217,-19.229712,13.637973,-45.959648,7.5002246
37,27,-14.122787,4.8964071,-23.719568,-4.5260048,-2.4111824,4.6024241,-11.431767,6.6094031,-22.309938,12.170929,-46.16452,1.5446451,-19.898756,13.855471,-47.054977,7.2574673
37.1,27,-14.404595,4.9835253,-24.172125,-4.6370649,-2.4552772,4.6847835,-11.637284,6.7267299,-23.028267,12.354154,-47.241962,1.1854295,-20.572989,14.074547,-48.158592,7.0126152
37.2,27,-14.687895,5.0711188,-24.627106,-4.7486844,-2.4995842,4.7675948,-11.843899,6.8447304,-23.751841,12.538762,-48.327362,.82368261,-21.252256,14.295169,-49.270271,6.7657609
37.3,27,-14.972659,5.1591787,-25.084463,-4.8608551,-2.5440993,4.8508492,-12.051589,6.9633904,-24.480583,12.72473,-49.420593,.45942989,-21.936483,14.517308,-50.389885,6.5169172
37.4,27,-15.258839,5.2476902,-25.544123,-4.9735546,-2.5888155,4.9345326,-12.260322,7.0826907,-25.214298,12.912029,-50.521408,.092814513,-22.625483,14.740928,-51.51717,6.2662053
37.5,27,-15.546402,5.3366432,-26.006029,-5.0867734,-2.6337285,5.0186353,-12.470073,7.2026162,-25.9529,13.100632,-51.629665,-.27613235,-23.319172,14.965997,-52.651985,6.0136428
37.6,27,-15.83531,5.4260254,-26.470125,-5.2004952,-2.6788325,5.1031466,-12.680816,7.3231506,-26.696239,13.290514,-52.745167,-.64731091,-24.017406,15.192482,-53.794125,5.7593117
37.7,27,-16.125519,5.5158248,-26.936337,-5.3147006,-2.7241216,5.1880531,-12.892519,7.4442759,-27.444149,13.481646,-53.867687,-1.0206089,-24.720028,15.420351,-54.943359,5.5033054
37.8,27,-16.417,5.6060309,-27.404617,-5.4293814,-2.7695913,5.2733464,-13.105161,7.5659781,-28.196552,13.674001,-54.997101,-1.3960028,-25.426962,15.649572,-56.09956,5.245636
37.9,27,-16.709702,5.696629,-27.874891,-5.5445142,-2.8152349,5.3590126,-13.318707,7.6882367,-28.953249,13.867551,-56.133148,-1.7733499,-26.138014,15.880108,-57.262451,4.9864244
38,27,-17.003597,5.7876101,-28.347105,-5.6600904,-2.861048,5.4450421,-13.533134,7.811038,-29.714159,14.062265,-57.275692,-2.1526237,-26.853109,16.111927,-58.431904,4.7256846
38.1,27,-17.298645,5.8789616,-28.821199,-5.7760925,-2.9070246,5.5314231,-13.748415,7.9343653,-30.479126,14.25812,-58.424526,-2.5337241,-27.572102,16.344995,-59.607704,4.4635005
38.2,27,-17.594805,5.9706712,-29.297106,-5.8925037,-2.9531596,5.6181445,-13.96452,8.0582018,-31.247997,14.455085,-59.579441,-2.9165509,-28.294838,16.579281,-60.789631,4.1999555
38.3,27,-17.892038,6.0627275,-29.774767,-6.0093107,-2.9994471,5.7051954,-14.181424,8.1825304,-32.020664,14.65313,-60.740273,-3.3010588,-29.021217,16.814747,-61.977516,3.9350798
38.4,27,-18.190306,6.1551185,-30.254116,-6.1264954,-3.0458817,5.7925634,-14.399097,8.3073349,-32.796967,14.852227,-61.906796,-3.6871343,-29.751083,17.051361,-63.171139,3.6689711
38.5,27,-18.489576,6.2478337,-30.735107,-6.2440476,-3.0924587,5.88024,-14.617517,8.4326,-33.576809,15.052349,-63.078873,-4.074748,-30.484352,17.289093,-64.370346,3.4016461
38.6,27,-18.789804,6.3408599,-31.217663,-6.3619475,-3.1391718,5.9682117,-14.836652,8.5583086,-34.360027,15.253465,-64.256271,-4.4637856,-31.220854,17.527901,-65.574913,3.1332009
38.7,27,-19.090952,6.434186,-31.701725,-6.4801798,-3.1860158,6.056468,-15.056475,8.6844435,-35.146473,15.455546,-65.438789,-4.8541584,-31.960457,17.767757,-66.784622,2.8637099
38.8,27,-19.392982,6.5277996,-32.187233,-6.5987306,-3.2329853,6.1449971,-15.276958,8.8109875,-35.936035,15.658561,-66.626251,-5.2458186,-32.703049,18.008625,-67.999306,2.5932057
38.9,27,-19.695856,6.6216893,-32.674129,-6.7175827,-3.2800744,6.2337885,-15.498075,8.9379263,-36.728558,15.862484,-67.818459,-5.6386604,-33.448483,18.250469,-69.21875,2.32178
39,27,-19.999538,6.7158451,-33.162354,-6.8367252,-3.3272789,6.3228326,-15.719803,9.0652447,-37.523949,16.067286,-69.015251,-6.032649,-34.196671,18.493261,-70.442795,2.0494545
39.1,27,-20.303989,6.8102531,-33.65184,-6.9561391,-3.3745921,6.4121161,-15.942108,9.1929245,-38.322041,16.272932,-70.2164,-6.4276776,-34.947449,18.736959,-71.671211,1.7763196
39.2,27,-20.609165,6.9049015,-34.142521,-7.0758061,-3.4220085,6.5016274,-16.164965,9.3209467,-39.122669,16.479397,-71.421692,-6.8236461,-35.700661,18.981533,-72.903786,1.5024595
39.3,27,-20.915035,6.9997811,-34.634354,-7.1957173,-3.4695239,6.5913582,-16.388348,9.4493008,-39.925766,16.686651,-72.631004,-7.2205319,-36.456242,19.22695,-74.140373,1.227886
39.4,27,-21.221552,7.0948768,-35.127254,-7.3158498,-3.5171311,6.681294,-16.612226,9.5779648,-40.731125,16.894661,-73.844055,-7.6181989,-37.213997,19.473169,-75.380707,.95271605
39.5,27,-21.52869,7.1901803,-35.621185,-7.4361959,-3.5648265,6.7714272,-16.83658,9.7069273,-41.538685,17.103401,-75.060738,-8.0166311,-37.973858,19.720165,-76.624672,.67695665
39.6,27,-21.836403,7.2856784,-36.11607,-7.5567365,-3.6126037,6.8617449,-17.061377,9.8361692,-42.34827,17.312841,-76.280815,-8.4157228,-38.735664,19.967899,-77.872025,.4006972
39.7,27,-22.14465,7.3813581,-36.611843,-7.6774526,-3.6604564,6.9522352,-17.286587,9.9656734,-43.159718,17.522949,-77.504066,-8.8153687,-39.49926,20.216333,-79.122543,.12402681
39.8,27,-22.453396,7.4772096,-37.108456,-7.7983332,-3.7083805,7.0428877,-17.512188,10.095426,-43.972939,17.733694,-78.730339,-9.215539,-40.264561,20.465439,-80.376083,-.1530368
39.9,27,-22.762602,7.5732212,-37.605843,-7.9193611,-3.7563701,7.1336923,-17.73815,10.22541,-44.787777,17.945049,-79.959427,-9.6161242,-41.031406,20.715179,-81.632416,-.4303982
40,27,-23.072233,7.6693811,-38.103943,-8.0405226,-3.80442,7.2246375,-17.964449,10.35561,-45.604118,18.156984,-81.191154,-10.017082,-41.799698,20.965523,-82.891365,-.70802897
40.1,27,-23.382246,7.765677,-38.602692,-8.1617994,-3.8525238,7.3157115,-18.191055,10.486007,-46.421803,18.369467,-82.425301,-10.418309,-42.569279,21.216431,-84.152718,-.9858399
40.2,27,-23.692604,7.8620977,-39.102032,-8.2831764,-3.9006772,7.4069042,-18.417942,10.616588,-47.240696,18.58247,-83.661667,-10.819723,-43.340019,21.467873,-85.416275,-1.2637631
40.3,27,-24.003273,7.958632,-39.601906,-8.4046402,-3.9488742,7.4982038,-18.645084,10.747335,-48.060688,18.795963,-84.900093,-11.221277,-44.111813,21.719812,-86.681862,-1.5417643
40.4,27,-24.314201,8.0552664,-40.102234,-8.5261698,-3.9971087,7.5895987,-18.872448,10.878231,-48.881592,19.009912,-86.140335,-11.622849,-44.884483,21.972212,-87.949226,-1.8197381
40.5,27,-24.625368,8.1519928,-40.602982,-8.6477575,-4.0453768,7.6810799,-19.100018,11.009263,-49.703342,19.224293,-87.382263,-12.024422,-45.657967,22.225046,-89.218254,-2.0976763
40.6,27,-24.936729,8.2487974,-41.104073,-8.7693834,-4.0936723,7.7726359,-19.327759,11.140414,-50.525776,19.439074,-88.625656,-12.425891,-46.432102,22.478275,-90.488716,-2.37549
40.7,27,-25.248234,8.3456669,-41.605442,-8.8910284,-4.1419888,7.864253,-19.555641,11.271664,-51.348709,19.654221,-89.87027,-12.827145,-47.206718,22.731863,-91.760353,-2.6530848
40.8,27,-25.559864,8.4425936,-42.107044,-9.0126839,-4.1903224,7.955924,-19.783648,11.403002,-52.172085,19.869709,-91.115997,-13.228171,-47.981762,22.985783,-93.033073,-2.9304574
40.9,27,-25.871559,8.5395622,-42.608791,-9.134326,-4.2386661,8.0476341,-20.011738,11.534407,-52.995689,20.085505,-92.362556,-13.628826,-48.757023,23.23999,-94.306564,-3.2074816
41,27,-26.183302,8.6365643,-43.110657,-9.2559471,-4.2870159,8.1393757,-20.239899,11.665868,-53.819469,20.301582,-93.60984,-14.029102,-49.532455,23.494461,-95.58075,-3.484159
41.1,27,-26.49505,8.7335882,-43.612568,-9.377532,-4.3353667,8.2311382,-20.468102,11.797368,-54.643269,20.517912,-94.857635,-14.428902,-50.307903,23.749159,-96.8554,-3.7604053
41.2,27,-26.806795,8.8306322,-44.114517,-9.499074,-4.3837166,8.3229189,-20.696337,11.928905,-55.467045,20.734482,-96.105881,-14.828204,-51.083328,24.004076,-98.130447,-4.0362029
41.3,27,-27.118544,8.9276953,-44.616505,-9.6205816,-4.4320674,8.4147177,-20.92461,12.060476,-56.290844,20.951288,-97.354614,-15.227071,-51.858776,24.259205,-99.405945,-4.3116083
41.4,27,-27.430285,9.0247755,-45.118519,-9.7420492,-4.4804173,8.5065327,-21.152914,12.19208,-57.114609,21.16832,-98.603752,-15.625463,-52.63419,24.514534,-100.68179,-4.5865865
41.5,27,-27.742039,9.1218767,-45.62059,-9.8634872,-4.528769,8.5983667,-21.381258,12.32372,-57.938423,21.385576,-99.853386,-16.023464,-53.409657,24.770069,-101.9581,-4.8612127
41.6,27,-28.053783,9.2189941,-46.122681,-9.9848881,-4.5771194,8.6902151,-21.609627,12.455389,-58.762215,21.603043,-101.10339,-16.42103,-54.185093,25.025789,-103.23474,-5.1354475
41.7,27,-28.365524,9.3161268,-46.624798,-10.106253,-4.6254692,8.7820787,-21.838026,12.587089,-59.585979,21.820713,-102.35379,-16.818167,-54.96051,25.281696,-104.51173,-5.409296
41.8,27,-28.677279,9.4132786,-47.126965,-10.227592,-4.6738205,8.8739595,-22.066462,12.718821,-60.409794,22.038591,-103.60464,-17.214949,-55.735973,25.53779,-105.78912,-5.6828265
41.9,27,-28.989019,9.5104437,-47.629147,-10.348893,-4.7221704,8.9658527,-22.29492,12.850578,-61.233559,22.256659,-104.85581,-17.611309,-56.511391,25.794052,-107.0668,-5.9559774
42,27,-29.300768,9.607625,-48.131367,-10.470169,-4.7705212,9.0577621,-22.523409,12.982367,-62.057358,22.474918,-106.10739,-18.007326,-57.286839,26.050488,-108.34486,-6.2288208
42.1,27,-29.612518,9.7048225,-48.633621,-10.591416,-4.818872,9.1496859,-22.751926,13.114182,-62.881165,22.693365,-107.35934,-18.402988,-58.062294,26.307089,-109.62325,-6.5013456
42.2,27,-29.924261,9.8020325,-49.135891,-10.71263,-4.8672218,9.241621,-22.980465,13.246021,-63.704929,22.911983,-108.6116,-18.798267,-58.837708,26.563847,-110.90189,-6.7735252
42.3,27,-30.23601,9.8992577,-49.638195,-10.83382,-4.9155726,9.3335705,-23.209034,13.377889,-64.528732,23.130779,-109.86423,-19.193233,-59.613155,26.820765,-112.18089,-7.0454254
42.4,27,-30.547752,9.9964952,-50.140526,-10.954982,-4.963923,9.4255314,-23.437626,13.509779,-65.352501,23.349743,-111.11716,-19.587847,-60.38858,27.077831,-113.46015,-7.317008
42.5,27,-30.859501,10.093747,-50.642883,-11.076119,-5.0122738,9.5175056,-23.666243,13.641695,-66.1763,23.568872,-112.37045,-19.982161,-61.164028,27.335045,-114.73973,-7.5883236
42.6,27,-31.171249,10.191012,-51.145267,-11.197232,-5.0606241,9.6094923,-23.894882,13.773634,-67.000099,23.78816,-113.62404,-20.376162,-61.939476,27.592403,-116.01959,-7.8593588
42.7,27,-31.482994,10.288289,-51.647671,-11.318317,-5.1089745,9.7014894,-24.123545,13.905595,-67.823875,24.007603,-114.87791,-20.769836,-62.714901,27.849899,-117.2997,-8.1301012
42.8,27,-31.794743,10.385579,-52.150101,-11.439382,-5.1573253,9.793499,-24.35223,14.03758,-68.647675,24.227198,-116.13211,-21.163239,-63.490349,28.107531,-118.58009,-8.4005985
42.9,27,-32.106483,10.482879,-52.652546,-11.560419,-5.2056751,9.8855171,-24.580933,14.169583,-69.471436,24.446936,-117.38655,-21.556324,-64.265762,28.365292,-119.86071,-8.6708136
43,27,-32.418236,10.580193,-53.155029,-11.681438,-5.2540264,9.9775496,-24.809664,14.301611,-70.295242,24.666822,-118.64133,-21.949163,-65.041222,28.623184,-121.14163,-8.9408083
43.1,27,-32.72998,10.677516,-53.657528,-11.802435,-5.3023767,10.069591,-25.038412,14.433658,-71.119041,24.886847,-119.89636,-22.341722,-65.816666,28.881201,-122.42278,-9.2105541
43.2,27,-33.04179,10.774868,-54.160145,-11.923436,-5.3507361,10.161658,-25.26722,14.565748,-71.943039,25.107042,-121.15194,-22.734144,-66.592308,29.139383,-123.70444,-9.4801655
43.3,27,-33.353409,10.872177,-54.662483,-12.044333,-5.3990684,10.253684,-25.49592,14.697783,-72.766388,25.327253,-122.40689,-23.125879,-67.367317,29.397543,-124.98544,-9.7491894
43.4,27,-33.665218,10.96955,-55.165142,-12.165295,-5.4474282,10.345772,-25.72477,14.829912,-73.590393,25.547712,-123.66299,-23.517796,-68.14296,29.65596,-126.26758,-10.018349
43.5,27,-33.976963,11.066916,-55.667721,-12.286208,-5.4957786,10.437852,-25.953592,14.962034,-74.414177,25.768255,-124.91904,-23.909328,-68.918404,29.91444,-127.54963,-10.287176
43.6,27,-34.288719,11.164292,-56.17033,-12.407106,-5.5441298,10.529942,-26.182438,15.094177,-75.237999,25.988926,-126.17535,-24.30064,-69.693871,30.173035,-128.83192,-10.555804
43.7,27,-34.600525,11.261695,-56.673042,-12.528009,-5.5924892,10.622056,-26.411337,15.226358,-76.061996,26.209749,-127.43216,-24.691832,-70.469505,30.431778,-130.1147,-10.824317
43.8,27,-34.91214,11.359051,-57.175468,-12.648808,-5.640821,10.714127,-26.640123,15.35848,-76.885323,26.430569,-128.68828,-25.082357,-71.244499,30.690479,-131.39673,-11.092263
43.9,27,-35.223953,11.456472,-57.678226,-12.769678,-5.6891809,10.806259,-26.869059,15.490698,-77.709335,26.651623,-129.94556,-25.473112,-72.020157,30.94943,-132.67992,-11.360385
44,27,-35.535702,11.553885,-58.180897,-12.890502,-5.7375317,10.898382,-27.097967,15.622905,-78.533134,26.872749,-131.20276,-25.863514,-72.795601,31.208431,-133.963,-11.628201
44.1,27,-35.847446,11.651304,-58.683582,-13.011308,-5.785882,10.990513,-27.326891,15.755127,-79.356926,27.093979,-132.46014,-26.253698,-73.571037,31.467525,-135.24626,-11.895824
44.2,27,-36.159195,11.748734,-59.186291,-13.132098,-5.8342328,11.082652,-27.555832,15.887365,-80.180717,27.315319,-133.71776,-26.643673,-74.346481,31.726717,-136.52971,-12.163258
44.3,27,-36.47094,11.84617,-59.689003,-13.252872,-5.8825827,11.174797,-27.784782,16.019617,-81.004494,27.536757,-134.97554,-27.033445,-75.12191,31.985996,-137.81331,-12.430513
44.4,27,-36.782684,11.943615,-60.191738,-13.37363,-5.9309335,11.266951,-28.01375,16.151884,-81.828278,27.758297,-136.23354,-27.423016,-75.897346,32.245365,-139.09711,-12.697588
44.5,27,-37.094433,12.041068,-60.694492,-13.494373,-5.9792843,11.359112,-28.242733,16.284164,-82.652077,27.979935,-137.49174,-27.812412,-76.672791,32.504826,-140.38107,-12.964507
44.6,27,-37.406181,12.138529,-61.197258,-13.615103,-6.0276346,11.45128,-28.471731,16.41646,-83.475876,28.201668,-138.75012,-28.201622,-77.448242,32.764366,-141.66522,-13.23126
44.7,27,-37.717926,12.235996,-61.700039,-13.735816,-6.0759854,11.543454,-28.700741,16.548769,-84.29966,28.423494,-140.00868,-28.590633,-78.223671,33.023994,-142.94951,-13.497835
44.8,27,-38.029671,12.333469,-62.202827,-13.856514,-6.1243353,11.635634,-28.92976,16.681089,-85.123436,28.645409,-141.26741,-28.979469,-78.9991,33.283695,-144.23395,-13.764256
44.9,27,-38.341419,12.430952,-62.705635,-13.9772,-6.1726861,11.727822,-29.158796,16.813423,-85.94722,28.867414,-142.52632,-29.368128,-79.774536,33.543484,-145.51855,-14.030518
45,27,-38.653164,12.52844,-63.208458,-14.097874,-6.2210369,11.820017,-29.387844,16.94577,-86.771019,29.089508,-143.7854,-29.756634,-80.54998,33.803345,-146.80333,-14.296642
45.1,27,-38.964912,12.625937,-63.711296,-14.218534,-6.2693872,11.912218,-29.616905,17.078131,-87.594818,29.311686,-145.04466,-30.144972,-81.325432,34.063286,-148.08824,-14.562618
45.2,27,-39.276661,12.723438,-64.214142,-14.339179,-6.3177381,12.004424,-29.845978,17.210501,-88.418602,29.533947,-146.30408,-30.533131,-82.100861,34.323299,-149.37329,-14.828435
45.3,27,-39.588406,12.820946,-64.716995,-14.459812,-6.3660879,12.096636,-30.075058,17.342882,-89.242386,29.756285,-147.56363,-30.921135,-82.876297,34.583382,-150.65848,-15.094115
45.4,27,-39.90015,12.918461,-65.219872,-14.580433,-6.4144387,12.188854,-30.304153,17.475277,-90.066162,29.978706,-148.82335,-31.308981,-83.651726,34.843536,-151.9438,-15.359652
45.5,27,-40.211899,13.015982,-65.722755,-14.701043,-6.4627895,12.281078,-30.53326,17.607681,-90.889961,30.201204,-150.08324,-31.69669,-84.427177,35.10376,-153.22928,-15.625069
45.6,27,-40.523647,13.113509,-66.225655,-14.821642,-6.5111399,12.373308,-30.762379,17.740099,-91.71376,30.423779,-151.34328,-32.084251,-85.202621,35.364052,-154.51489,-15.890353
45.7,27,-40.835392,13.211041,-66.728561,-14.942227,-6.5594907,12.465544,-30.991507,17.872526,-92.537544,30.646427,-152.60344,-32.471649,-85.978058,35.624413,-155.80061,-16.155493
45.8,27,-41.147137,13.308578,-67.231476,-15.062801,-6.6078405,12.557783,-31.220642,18.004961,-93.361328,30.869146,-153.86374,-32.858913,-86.753487,35.88483,-157.08646,-16.420511
45.9,27,-41.458885,13.406123,-67.734406,-15.183365,-6.6561913,12.650028,-31.449791,18.137409,-94.185112,31.091938,-155.12419,-33.246033,-87.528915,36.145317,-158.37244,-16.6854
46,27,-41.77063,13.503673,-68.237343,-15.303919,-6.7045422,12.742279,-31.678951,18.269867,-95.008911,31.3148,-156.38478,-33.63303,-88.304367,36.405865,-159.65855,-16.950184
46.1,27,-42.082378,13.601228,-68.740295,-15.424462,-6.7528925,12.834536,-31.908119,18.402334,-95.832703,31.537729,-157.64552,-34.019894,-89.079811,36.666473,-160.94478,-17.214849
46.2,27,-42.394127,13.698789,-69.243256,-15.544994,-6.8012433,12.926796,-32.137299,18.534811,-96.656487,31.760725,-158.90637,-34.406612,-89.855247,36.927139,-162.23111,-17.479382
46.3,27,-42.705868,13.796352,-69.746223,-15.665516,-6.8495932,13.01906,-32.366482,18.667295,-97.48027,31.983784,-160.16733,-34.793205,-90.630676,37.187862,-163.51755,-17.743807
46.4,27,-43.017616,13.893923,-70.249207,-15.786028,-6.897944,13.11133,-32.59568,18.799791,-98.304054,32.206909,-161.42844,-35.179672,-91.406113,37.448643,-164.80411,-18.008116
46.5,27,-43.329365,13.991499,-70.752197,-15.906531,-6.9462948,13.203605,-32.824886,18.932295,-99.127853,32.430096,-162.68967,-35.566032,-92.181557,37.70948,-166.09079,-18.272331
46.6,27,-43.641113,14.089079,-71.255203,-16.027025,-6.9946451,13.295884,-33.0541,19.064808,-99.951653,32.653347,-163.95103,-35.952271,-92.957001,37.970375,-167.37756,-18.53644
46.7,27,-43.952858,14.186664,-71.758209,-16.147509,-7.0429959,13.388167,-33.283321,19.19733,-100.77544,32.876656,-165.21249,-36.338375,-93.732437,38.231319,-168.66444,-18.800428
46.8,27,-44.264603,14.284252,-72.261223,-16.267982,-7.0913458,13.480454,-33.51255,19.329859,-101.59921,33.100018,-166.47406,-36.724369,-94.507866,38.492313,-169.95142,-19.06432
46.9,27,-44.576347,14.381846,-72.764252,-16.388449,-7.1396966,13.572746,-33.741791,19.462397,-102.423,33.323444,-167.73575,-37.110245,-95.283302,38.753361,-171.23849,-19.328106
47,27,-44.888096,14.479445,-73.267288,-16.508907,-7.1880474,13.665042,-33.971039,19.594944,-103.2468,33.546925,-168.99756,-37.496029,-96.058746,39.014462,-172.52568,-19.591808
