temp,yhat_comm,se_comm,lowerci_comm,upperci_comm,yhat_low,se_low,lowerci_low,upperci_low,yhat_ag,se_ag,lowerci_ag,upperci_ag,yhat_nonag,se_nonag,lowerci_nonag,upperci_nonag,yhat_nonag_low,se_nonag_low,lowerci_nonag_low,upperci_nonag_low,yhat_ag_low,se_ag_low,lowerci_ag_low,upperci_ag_low,yhat_ag_nonag,se_ag_nonag,lowerci_ag_nonag,upperci_ag_nonag
-20,-18.509544,11.365974,-40.786446,3.7673552,-.54317981,14.243834,-28.460583,27.374224,-221.67274,84.740005,-387.7601,-55.585381,-3.0971167,10.541548,-23.758171,17.563938,-2.553937,17.609749,-37.068409,31.960535,-221.12956,86.17009,-390.01984,-52.239285,-218.57562,85.235283,-385.6337,-51.517536
-19.9,-18.470163,11.341791,-40.699665,3.7593396,-.54202408,14.213529,-28.400028,27.315981,-221.2011,84.559708,-386.93506,-55.467113,-3.0905271,10.519119,-23.707623,17.526567,-2.5485029,17.572281,-36.98954,31.892534,-220.65907,85.986748,-389.19,-52.128139,-218.11057,85.053932,-384.8132,-51.407921
-19.8,-18.43078,11.317608,-40.612885,3.7513239,-.5408684,14.183223,-28.339474,27.257736,-220.72945,84.37941,-386.11005,-55.348846,-3.0839374,10.496691,-23.657072,17.489197,-2.5430691,17.534813,-36.910671,31.824533,-220.18858,85.803406,-388.36017,-52.016991,-217.64551,84.872581,-383.99271,-51.298309
-19.7,-18.391399,11.293426,-40.526108,3.7433083,-.53971273,14.152917,-28.278921,27.199495,-220.25781,84.199112,-385.28503,-55.230579,-3.077348,10.474262,-23.606524,17.451828,-2.5376353,17.497347,-36.831802,31.756533,-219.71809,85.620071,-387.53036,-51.905846,-217.18047,84.691231,-383.17221,-51.188702
-19.6,-18.352016,11.269242,-40.439327,3.7352927,-.53855699,14.122611,-28.218365,27.141253,-219.78616,84.018814,-384.46002,-55.112312,-3.0707583,10.451833,-23.555975,17.414457,-2.5322013,17.459879,-36.752934,31.688532,-219.2476,85.436729,-386.70053,-51.794697,-216.71541,84.50988,-382.35172,-51.079086
-19.5,-18.312635,11.24506,-40.352547,3.727277,-.53740126,14.092305,-28.15781,27.083008,-219.31451,83.838516,-383.63498,-54.994045,-3.0641687,10.429404,-23.505424,17.377087,-2.5267675,17.422411,-36.674065,31.620529,-218.77711,85.253387,-385.8707,-51.683548,-216.25035,84.328529,-381.53122,-50.969475
-19.4,-18.273252,11.220877,-40.265766,3.7192614,-.53624558,14.061998,-28.097256,27.024765,-218.84286,83.658218,-382.80997,-54.875778,-3.057579,10.406975,-23.454876,17.339718,-2.5213335,17.384943,-36.595196,31.552528,-218.30663,85.070045,-385.04086,-51.572399,-215.78529,84.147171,-380.71072,-50.859863
-19.3,-18.23387,11.196693,-40.178986,3.7112455,-.53508985,14.031693,-28.036701,26.966522,-218.37123,83.477921,-381.98495,-54.757511,-3.0509894,10.384546,-23.404325,17.302347,-2.5158997,17.347475,-36.516327,31.484528,-217.83614,84.886703,-384.21103,-51.461254,-215.32024,83.96582,-379.89023,-50.750252
-19.2,-18.194489,11.172511,-40.092209,3.7032301,-.53393418,14.001387,-27.976149,26.908279,-217.89958,83.297623,-381.15994,-54.639248,-3.0444,10.362118,-23.353777,17.264978,-2.5104656,17.310009,-36.437458,31.416527,-217.36566,84.703369,-383.3812,-51.350109,-214.85519,83.78447,-379.06973,-50.64064
-19.1,-18.155107,11.148328,-40.005428,3.6952145,-.5327785,13.971081,-27.915594,26.850037,-217.42795,83.117325,-380.3349,-54.520981,-3.0378103,10.339689,-23.303228,17.227608,-2.5050318,17.272541,-36.358589,31.348526,-216.89517,84.520027,-382.55136,-51.23896,-214.39014,83.603119,-378.24924,-50.531029
-19,-18.115725,11.124145,-39.918648,3.6871986,-.53162277,13.940775,-27.85504,26.791794,-216.9563,82.937027,-379.50989,-54.40271,-3.0312207,10.31726,-23.252678,17.190237,-2.4995978,17.235073,-36.27972,31.280525,-216.42467,84.336685,-381.72153,-51.127811,-213.92508,83.421768,-377.42874,-50.421417
-18.9,-18.076342,11.099962,-39.831867,3.679183,-.53046709,13.910468,-27.794485,26.733549,-216.48465,82.756729,-378.68484,-54.284443,-3.024631,10.294831,-23.202129,17.152866,-2.494164,17.197605,-36.200851,31.212523,-215.95418,84.153343,-380.89169,-51.016663,-213.46002,83.240417,-376.60825,-50.311806
-18.8,-18.036961,11.075779,-39.745087,3.6711674,-.52931136,13.880162,-27.733929,26.675306,-216.013,82.576431,-377.85983,-54.166176,-3.0180414,10.272402,-23.151579,17.115498,-2.48873,17.160137,-36.121983,31.144522,-215.48369,83.970001,-380.06186,-50.905518,-212.99496,83.059059,-375.78775,-50.202194
-18.7,-17.99758,11.051597,-39.65831,3.663152,-.52815568,13.849856,-27.673376,26.617065,-215.54137,82.396133,-377.03482,-54.047913,-3.011452,10.249973,-23.10103,17.078127,-2.4832962,17.122671,-36.043114,31.076521,-215.01321,83.786667,-379.23206,-50.794369,-212.52992,82.877716,-374.96725,-50.092583
-18.6,-17.958197,11.027413,-39.571529,3.6551361,-.52699995,13.819551,-27.612822,26.558821,-215.06972,82.215836,-376.20981,-53.929646,-3.0048623,10.227545,-23.050482,17.040756,-2.4778624,17.085203,-35.964245,31.00852,-214.54272,83.603325,-378.40222,-50.683224,-212.06487,82.696365,-374.14676,-49.982971
-18.5,-17.918814,11.00323,-39.484749,3.6471205,-.52584428,13.789245,-27.552267,26.500578,-214.59808,82.035538,-375.38477,-53.811378,-2.9982727,10.205115,-22.999931,17.003387,-2.4724283,17.047735,-35.885376,30.940519,-214.07224,83.419983,-377.57239,-50.572075,-211.59981,82.515007,-373.32626,-49.87336
-18.4,-17.879433,10.979047,-39.397968,3.6391048,-.52468854,13.758938,-27.491713,26.442335,-214.12643,81.85524,-374.55975,-53.693111,-2.991683,10.182687,-22.949383,16.966017,-2.4669943,17.010267,-35.806507,30.872517,-213.60175,83.236641,-376.74255,-50.460926,-211.13475,82.333656,-372.50574,-49.763744
-18.3,-17.84005,10.954865,-39.311188,3.6310892,-.52353287,13.728632,-27.431158,26.384092,-213.65479,81.674942,-373.73474,-53.574844,-2.9850934,10.160258,-22.898832,16.928646,-2.4615605,16.972799,-35.727638,30.804516,-213.13126,83.053299,-375.91272,-50.349777,-210.66969,82.152306,-371.68524,-49.654133
-18.2,-17.800669,10.930681,-39.224411,3.6230736,-.52237719,13.698326,-27.370604,26.32585,-213.18315,81.494644,-372.90973,-53.456577,-2.9785037,10.13783,-22.848284,16.891277,-2.4561267,16.935333,-35.648769,30.736515,-212.66077,82.869957,-375.08292,-50.238632,-210.20465,81.970955,-370.86478,-49.544525
-18.1,-17.761286,10.906499,-39.13763,3.6150579,-.52122146,13.66802,-27.310049,26.267607,-212.7115,81.314346,-372.08469,-53.33831,-2.9719143,10.1154,-22.797735,16.853907,-2.4506927,16.897865,-35.569901,30.668514,-212.19028,82.686623,-374.25308,-50.127483,-209.73959,81.789604,-370.04425,-49.43491
-18,-17.721905,10.882316,-39.05085,3.6070423,-.52006578,13.637714,-27.249495,26.209362,-212.23985,81.134048,-371.25967,-53.220043,-2.9653246,10.092972,-22.747185,16.816536,-2.4452589,16.860397,-35.491032,30.600513,-211.71979,82.503281,-373.42325,-50.016338,-209.27454,81.608253,-369.22375,-49.325298
-17.9,-17.682522,10.858132,-38.964069,3.5990267,-.51891005,13.607409,-27.18894,26.151119,-211.7682,80.953751,-370.43463,-53.101776,-2.958735,10.070542,-22.696636,16.779165,-2.4398248,16.822929,-35.412163,30.532511,-211.2493,82.319939,-372.59341,-49.90519,-208.80948,81.426895,-368.40326,-49.215687
-17.8,-17.643141,10.83395,-38.877293,3.5910108,-.51775438,13.577102,-27.128386,26.092876,-211.29657,80.773453,-369.60962,-52.983509,-2.9521453,10.048114,-22.646086,16.741796,-2.434391,16.785461,-35.333294,30.46451,-210.77881,82.136597,-371.76358,-49.794041,-208.34442,81.245544,-367.58276,-49.106075
-17.7,-17.603758,10.809767,-38.790512,3.5829954,-.51659864,13.546797,-27.067831,26.034634,-210.82492,80.593155,-368.78461,-52.865246,-2.9455557,10.025685,-22.595537,16.704426,-2.428957,16.747995,-35.254425,30.396509,-210.30833,81.953255,-370.93375,-49.682896,-207.87936,81.064194,-366.76227,-48.996464
-17.6,-17.564377,10.785584,-38.703732,3.5749798,-.51544297,13.51649,-27.007277,25.976391,-210.35329,80.412857,-367.95959,-52.746979,-2.938966,10.003257,-22.544989,16.667057,-2.4235232,16.710527,-35.175556,30.328508,-209.83784,81.769913,-370.10394,-49.571747,-207.41432,80.882843,-365.94177,-48.886852
-17.5,-17.524994,10.761401,-38.616951,3.5669639,-.51428723,13.486184,-26.946722,25.918148,-209.88164,80.232559,-367.13455,-52.628712,-2.9323764,9.9808273,-22.494438,16.629686,-2.4180892,16.673059,-35.096687,30.260508,-209.36736,81.586578,-369.27411,-49.460602,-206.94926,80.701492,-365.12128,-48.777241
-17.4,-17.485613,10.737218,-38.530174,3.5589483,-.51313156,13.455878,-26.886168,25.859905,-209.40999,80.052261,-366.30954,-52.510445,-2.925787,9.9583988,-22.44389,16.592316,-2.4126554,16.635592,-35.017815,30.192507,-208.89685,81.403236,-368.44427,-49.349453,-206.48421,80.520142,-364.30078,-48.667629
-17.3,-17.44623,10.713035,-38.443394,3.5509326,-.51197582,13.425571,-26.825613,25.801661,-208.93834,79.871964,-365.4845,-52.392178,-2.9191973,9.9359694,-22.393339,16.554945,-2.4072213,16.598124,-34.938946,30.124504,-208.42636,81.219894,-367.61444,-49.238304,-206.01915,80.338791,-363.48029,-48.558014
-17.2,-17.406849,10.688852,-38.356613,3.542917,-.51082015,13.395267,-26.76506,25.74342,-208.46671,79.691666,-364.65952,-52.273911,-2.9126077,9.9135408,-22.342791,16.517576,-2.4017875,16.560658,-34.860081,30.056505,-207.95589,81.036552,-366.78461,-49.127159,-205.55409,80.15744,-362.65979,-48.448406
-17.1,-17.367466,10.664669,-38.269836,3.5349014,-.50966448,13.36496,-26.704504,25.685177,-207.99506,79.511368,-363.83447,-52.155643,-2.906018,9.8911123,-22.292242,16.480206,-2.3963537,16.52319,-34.781212,29.988503,-207.4854,80.85321,-365.95477,-49.01601,-205.08905,79.976089,-361.83929,-48.338795
-17,-17.328085,10.640487,-38.183056,3.5268857,-.50850874,13.334654,-26.64395,25.626932,-207.52342,79.33107,-363.00946,-52.037376,-2.8994284,9.8686838,-22.241692,16.442835,-2.3909197,16.485722,-34.702339,29.920502,-207.01491,80.669868,-365.12494,-48.904861,-204.62399,79.794731,-361.0188,-48.229179
-16.9,-17.288702,10.616303,-38.096275,3.5188701,-.50735307,13.304348,-26.583395,25.568689,-207.05177,79.150772,-362.18442,-51.919109,-2.8928387,9.8462543,-22.191143,16.405466,-2.3854859,16.448254,-34.62347,29.852501,-206.54442,80.486526,-364.2951,-48.793716,-204.15894,79.61338,-360.1983,-48.119568
-16.8,-17.249321,10.59212,-38.009495,3.5108545,-.50619733,13.274041,-26.52284,25.510447,-206.58012,78.970474,-361.35941,-51.800842,-2.8862491,9.8238258,-22.140593,16.368095,-2.3800519,16.410786,-34.544601,29.784498,-206.07393,80.303192,-363.46527,-48.682568,-203.69388,79.43203,-359.37778,-48.009956
-16.7,-17.209938,10.567938,-37.922718,3.5028389,-.50504166,13.243736,-26.462288,25.452204,-206.10849,78.790176,-360.53439,-51.682575,-2.8796597,9.8013973,-22.090044,16.330725,-2.3746181,16.37332,-34.465736,29.716499,-205.60344,80.11985,-362.63547,-48.571423,-203.22882,79.250679,-358.55731,-47.900345
-16.6,-17.170557,10.543755,-37.835938,3.4948232,-.50388592,13.213429,-26.401733,25.393961,-205.63684,78.609879,-359.70938,-51.564308,-2.87307,9.7789679,-22.039495,16.293356,-2.369184,16.335852,-34.386864,29.648497,-205.13295,79.936508,-361.80563,-48.460274,-202.76376,79.069328,-357.73682,-47.790733
-16.5,-17.131174,10.519572,-37.749157,3.4868076,-.50273025,13.183124,-26.341179,25.335718,-205.16519,78.429581,-358.88434,-51.446041,-2.8664804,9.7565393,-21.988945,16.255985,-2.3637502,16.298384,-34.307995,29.580496,-204.66246,79.753166,-360.9758,-48.349125,-202.29872,78.887978,-356.91629,-47.681122
-16.4,-17.091793,10.495389,-37.662376,3.478792,-.50157452,13.152818,-26.280622,25.277473,-204.69354,78.249283,-358.05933,-51.327774,-2.8598907,9.7341099,-21.938396,16.218615,-2.3583162,16.260916,-34.229126,29.512495,-204.19197,79.569824,-360.14597,-48.23798,-201.83366,78.706627,-356.09579,-47.57151
-16.3,-17.05241,10.471206,-37.575596,3.4707761,-.50041884,13.122512,-26.220068,25.219231,-204.22191,78.068985,-357.23428,-51.209507,-2.853301,9.7116814,-21.887848,16.181244,-2.3528824,16.22345,-34.150257,29.444492,-203.72148,79.386482,-359.31613,-48.126831,-201.36861,78.525269,-355.2753,-47.461899
-16.2,-17.013029,10.447023,-37.488819,3.4627607,-.49926314,13.092206,-26.159515,25.16099,-203.75026,77.888687,-356.4093,-51.091244,-2.8467116,9.6892529,-21.837299,16.143875,-2.3474486,16.185982,-34.071388,29.376493,-203.25101,79.203148,-358.48633,-48.015686,-200.90355,78.343925,-354.45483,-47.352287
-16.1,-16.973646,10.42284,-37.402039,3.4547451,-.49810743,13.0619,-26.098961,25.102745,-203.27863,77.708389,-355.58426,-50.972977,-2.840122,9.6668243,-21.786749,16.106504,-2.3420146,16.148514,-33.992519,29.308491,-202.78052,79.019806,-357.65649,-47.904537,-200.43849,78.162567,-353.63431,-47.242676
-16,-16.934265,10.398657,-37.315258,3.4467292,-.49695173,13.031593,-26.038406,25.044502,-202.80698,77.528091,-354.75925,-50.85471,-2.8335323,9.6443949,-21.7362,16.069136,-2.3365805,16.111046,-33.913651,29.24049,-202.31003,78.836464,-356.82666,-47.793388,-199.97343,77.981216,-352.81381,-47.133064
-15.9,-16.894882,10.374475,-37.228477,3.4387136,-.49579602,13.001287,-25.977852,24.986259,-202.33533,77.347794,-353.9342,-50.736443,-2.8269427,9.6219664,-21.68565,16.031765,-2.3311467,16.073578,-33.834782,29.172489,-201.83954,78.653122,-355.99683,-47.68224,-199.50839,77.799866,-351.99332,-47.023453
-15.8,-16.855501,10.350291,-37.141697,3.4306979,-.49464032,12.970982,-25.917297,24.928017,-201.86369,77.167496,-353.10919,-50.618176,-2.820353,9.5995378,-21.635101,15.994394,-2.3257129,16.036112,-33.755913,29.104488,-201.36905,78.469788,-355.16699,-47.571095,-199.04333,77.618515,-351.17282,-46.913841
-15.7,-16.816118,10.326108,-37.05492,3.4226823,-.49348462,12.940676,-25.856743,24.869774,-201.39204,76.987198,-352.28418,-50.499908,-2.8137636,9.5771084,-21.584551,15.957025,-2.3202789,15.998644,-33.677044,29.036488,-200.89856,78.286446,-354.33716,-47.459946,-198.57828,77.437164,-350.35233,-46.80423
-15.6,-16.776737,10.301926,-36.96814,3.4146667,-.49232891,12.91037,-25.796188,24.811531,-200.92039,76.8069,-351.45917,-50.381641,-2.807174,9.5546799,-21.534002,15.919655,-2.3148451,15.961176,-33.598175,28.968487,-200.42807,78.103104,-353.50735,-47.348801,-198.11322,77.255814,-349.53183,-46.694618
-15.5,-16.737354,10.277742,-36.881359,3.406651,-.49117321,12.880063,-25.735634,24.753286,-200.44875,76.626602,-350.63412,-50.263374,-2.8005843,9.5322514,-21.483454,15.882284,-2.309411,15.923709,-33.519306,28.900484,-199.95758,77.919762,-352.67752,-47.237652,-197.64816,77.074463,-348.71133,-46.585003
-15.4,-16.697971,10.253559,-36.794579,3.3986354,-.4900175,12.849757,-25.675079,24.695044,-199.97711,76.446304,-349.80911,-50.145107,-2.7939947,9.5098219,-21.432903,15.844914,-2.3039773,15.886241,-33.440437,28.832483,-199.48709,77.73642,-351.84769,-47.126503,-197.18311,76.893105,-347.89084,-46.475391
-15.3,-16.65859,10.229377,-36.707802,3.3906198,-.48886183,12.819451,-25.614525,24.636801,-199.50546,76.266006,-348.9841,-50.02684,-2.787405,9.4873934,-21.382355,15.807545,-2.2985432,15.848774,-33.361568,28.764482,-199.0166,77.553078,-351.01785,-47.015358,-196.71806,76.711754,-347.07034,-46.36578
-15.2,-16.619207,10.205194,-36.621021,3.3826041,-.48770612,12.789145,-25.55397,24.578558,-199.03381,76.085709,-348.15906,-49.908573,-2.7808154,9.4649649,-21.331804,15.770174,-2.2931094,15.811306,-33.2827,28.696482,-198.54611,77.369743,-350.18802,-46.904209,-196.25301,76.530403,-346.24985,-46.256168
-15.1,-16.579826,10.181011,-36.534241,3.3745885,-.48655042,12.75884,-25.493416,24.520315,-198.56218,75.905411,-347.33405,-49.79031,-2.774226,9.4425354,-21.281256,15.732804,-2.2876754,15.773839,-33.203831,28.628481,-198.07562,77.186401,-349.35818,-46.793064,-195.78795,76.349052,-345.42935,-46.146557
-15,-16.540443,10.156828,-36.44746,3.3665729,-.48539472,12.728534,-25.432861,24.462072,-198.09053,75.725113,-346.50903,-49.672043,-2.7676363,9.4201069,-21.230707,15.695434,-2.2822416,15.736371,-33.124962,28.560478,-197.60513,77.003059,-348.52835,-46.681915,-195.32289,76.167702,-344.60886,-46.036945
-14.9,-16.501062,10.132645,-36.36068,3.358557,-.48423901,12.698227,-25.372307,24.40383,-197.61888,75.544815,-345.68399,-49.553776,-2.7610466,9.3976784,-21.180157,15.658064,-2.2768075,15.698903,-33.046093,28.492477,-197.13464,76.819717,-347.69852,-46.570766,-194.85783,75.986351,-343.78836,-45.927334
-14.8,-16.461679,10.108462,-36.273903,3.3505416,-.48308331,12.667921,-25.311752,24.345587,-197.14725,75.364517,-344.85898,-49.435509,-2.754457,9.3752489,-21.129608,15.620694,-2.2713737,15.661436,-32.967224,28.424477,-196.66417,76.636375,-346.86871,-46.459621,-194.39279,75.805,-342.96786,-45.817722
-14.7,-16.422298,10.084279,-36.187122,3.3425257,-.4819276,12.637615,-25.251198,24.287342,-196.6756,75.184219,-344.03397,-49.317242,-2.7478673,9.3528204,-21.079058,15.583323,-2.2659397,15.623968,-32.888355,28.356476,-196.19366,76.453033,-346.03888,-46.348473,-193.92773,75.623642,-342.14734,-45.708111
-14.6,-16.382915,10.060097,-36.100342,3.3345103,-.4807719,12.607309,-25.190643,24.229099,-196.20396,75.003922,-343.20895,-49.198975,-2.7412779,9.3303919,-21.028509,15.545954,-2.2605059,15.586501,-32.809486,28.288475,-195.72319,76.269699,-345.20905,-46.237328,-193.46268,75.442291,-341.32687,-45.598499
-14.5,-16.343534,10.035913,-36.013561,3.3264945,-.47961619,12.577003,-25.130089,24.170856,-195.73232,74.823624,-342.38391,-49.080708,-2.7346883,9.3079624,-20.977961,15.508583,-2.2550719,15.549033,-32.730618,28.220472,-195.2527,76.086357,-344.37921,-46.126179,-192.99762,75.260941,-340.50635,-45.488888
-14.4,-16.304152,10.01173,-35.926785,3.3184788,-.47846049,12.546697,-25.069534,24.112614,-195.26067,74.643326,-341.5589,-48.96244,-2.7280986,9.2855339,-20.92741,15.471213,-2.2496381,15.511565,-32.651749,28.152472,-194.78221,75.903015,-343.54938,-46.01503,-192.53256,75.07959,-339.68585,-45.379276
-14.3,-16.264771,9.9875479,-35.840004,3.3104632,-.47730482,12.516391,-25.00898,24.054371,-194.78903,74.463028,-340.73389,-48.844173,-2.721509,9.2631054,-20.876862,15.433844,-2.2442043,15.474098,-32.57288,28.084471,-194.31172,75.719673,-342.71954,-45.903885,-192.06752,74.898239,-338.86536,-45.269665
-14.2,-16.225388,9.9633646,-35.753223,3.3024476,-.47614908,12.486085,-24.948425,23.996128,-194.31738,74.28273,-339.90884,-48.725906,-2.7149193,9.2406759,-20.826311,15.396473,-2.2387702,15.43663,-32.494011,28.01647,-193.84123,75.536331,-341.88971,-45.792736,-191.60246,74.716888,-338.04486,-45.160049
-14.1,-16.186007,9.9391813,-35.666443,3.2944319,-.47499341,12.455779,-24.887873,23.937885,-193.84573,74.102432,-339.08383,-48.607639,-2.7083297,9.2182474,-20.775763,15.359103,-2.2333364,15.399163,-32.415142,27.948469,-193.37074,75.352997,-341.05991,-45.681587,-191.13741,74.535538,-337.22437,-45.050442
-14,-16.146624,9.914999,-35.579666,3.2864163,-.4738377,12.425473,-24.827316,23.879642,-193.37408,73.922134,-338.25882,-48.489372,-2.70174,9.1958189,-20.725214,15.321733,-2.2279024,15.361695,-32.336273,27.880466,-192.90025,75.169655,-340.23007,-45.570442,-190.67235,74.354187,-336.40387,-44.940826
-13.9,-16.107243,9.8908157,-35.492886,3.2784007,-.472682,12.395166,-24.766762,23.821398,-192.90245,73.741837,-337.43378,-48.371105,-2.6951506,9.1733894,-20.674664,15.284363,-2.2224686,15.324227,-32.257404,27.812466,-192.42976,74.986313,-339.40024,-45.459293,-190.20729,74.172829,-335.58337,-44.831215
-13.8,-16.06786,9.8666325,-35.406105,3.270385,-.47152629,12.364861,-24.706209,23.763155,-192.4308,73.561539,-336.60876,-48.252842,-2.688561,9.1509609,-20.624115,15.246993,-2.2170346,15.28676,-32.178535,27.744465,-191.95927,74.802971,-338.5704,-45.348145,-189.74225,73.991478,-334.76288,-44.721603
-13.7,-16.028479,9.8424501,-35.319324,3.2623694,-.47037059,12.334555,-24.645655,23.704912,-191.95915,73.381241,-335.78375,-48.134571,-2.6819713,9.1285324,-20.573565,15.209622,-2.2116008,15.249292,-32.099667,27.676464,-191.48878,74.619629,-337.74057,-45.237,-189.27719,73.810127,-333.94238,-44.611992
-13.6,-15.989097,9.8182669,-35.232548,3.2543538,-.46921489,12.304249,-24.5851,23.646669,-191.48752,73.200943,-334.95874,-48.016308,-2.6753817,9.1061029,-20.523016,15.172253,-2.2061667,15.211825,-32.020798,27.608463,-191.0183,74.436295,-336.91077,-45.125851,-188.81213,73.628777,-333.12189,-44.50238
-13.5,-15.949714,9.7940845,-35.145767,3.2463381,-.46805918,12.273943,-24.524546,23.588427,-191.01587,73.020645,-334.1337,-47.898041,-2.668792,9.0836744,-20.472467,15.134883,-2.2007329,15.174357,-31.941927,27.540462,-190.54781,74.252953,-336.08093,-45.014702,-188.34708,73.447426,-332.30139,-44.392769
-13.4,-15.910332,9.7699013,-35.058987,3.2383223,-.46690348,12.243637,-24.463991,23.530184,-190.54422,72.840347,-333.30869,-47.779774,-2.6622024,9.0612459,-20.421917,15.097512,-2.1952989,15.13689,-31.863058,27.47246,-190.07732,74.069611,-335.2511,-44.903557,-187.88202,73.266075,-331.4809,-44.283157
-13.3,-15.87095,9.745718,-34.972206,3.2303069,-.46574777,12.213331,-24.403437,23.471941,-190.07259,72.660049,-332.48367,-47.661507,-2.6556129,9.0388165,-20.371368,15.060143,-2.1898651,15.099422,-31.784189,27.404459,-189.60684,73.886269,-334.42126,-44.792408,-187.41698,73.084724,-330.6604,-44.173546
-13.2,-15.831568,9.7215357,-34.885426,3.222291,-.46459207,12.183024,-24.342882,23.413698,-189.60094,72.479752,-331.65863,-47.54324,-2.6490233,9.0163879,-20.32082,15.022773,-2.1844311,15.061955,-31.70532,27.336458,-189.13635,73.702927,-333.59143,-44.681263,-186.95192,72.903374,-329.8399,-44.063934
-13.1,-15.792186,9.6973524,-34.798649,3.2142754,-.46343639,12.152719,-24.282328,23.355455,-189.1293,72.299454,-330.83362,-47.424973,-2.6424336,8.9939594,-20.270269,14.985402,-2.1789973,15.024487,-31.626451,27.268457,-188.66586,73.519585,-332.7616,-44.570114,-186.48686,72.722023,-329.01941,-43.954323
-13,-15.752804,9.6731691,-34.711868,3.2062597,-.46228069,12.122413,-24.221773,23.297211,-188.65765,72.119156,-330.00861,-47.306705,-2.635844,8.97153,-20.219721,14.948032,-2.1735635,14.98702,-31.547583,27.200457,-188.19537,73.33625,-331.93176,-44.458965,-186.0218,72.540665,-328.19891,-43.844711
-12.9,-15.713422,9.6489868,-34.625088,3.1982441,-.46112499,12.092107,-24.161219,23.238968,-188.186,71.938858,-329.18356,-47.188438,-2.6292543,8.9491014,-20.16917,14.910662,-2.1681294,14.949553,-31.468714,27.132454,-187.72488,73.152908,-331.10193,-44.34782,-185.55675,72.359314,-327.37839,-43.7351
-12.8,-15.67404,9.6248035,-34.538307,3.1902285,-.45996928,12.061801,-24.100664,23.180725,-187.71436,71.75856,-328.35855,-47.070171,-2.6226649,8.9266729,-20.118622,14.873292,-2.1626956,14.912085,-31.389845,27.064453,-187.25439,72.969566,-330.27213,-44.236671,-185.09169,72.177963,-326.55792,-43.625488
-12.7,-15.634658,9.6006203,-34.45153,3.1822128,-.45881358,12.031494,-24.04011,23.122482,-187.24272,71.578262,-327.53354,-46.951904,-2.6160753,8.9042435,-20.068073,14.835922,-2.1572616,14.874618,-31.310976,26.996452,-186.78391,72.786224,-329.44229,-44.125523,-184.62665,71.996613,-325.7374,-43.515873
-12.6,-15.595276,9.576438,-34.36475,3.1741972,-.45765787,12.001188,-23.979555,23.06424,-186.77107,71.397964,-326.7085,-46.833641,-2.6094856,8.881815,-20.017523,14.798553,-2.1518278,14.83715,-31.232107,26.928452,-186.31342,72.602882,-328.61246,-44.014378,-184.16159,71.815262,-324.9169,-43.406265
-12.5,-15.555894,9.5522547,-34.277969,3.1661816,-.45650217,11.970882,-23.919001,23.005997,-186.29942,71.217667,-325.88348,-46.71537,-2.602896,8.8593864,-19.966974,14.761182,-2.1463938,14.799683,-31.153238,26.860451,-185.84293,72.41954,-327.78262,-43.903229,-183.69653,71.633911,-324.09641,-43.29665
-12.4,-15.516512,9.5280714,-34.191189,3.1581659,-.45534647,11.940577,-23.858446,22.947754,-185.82779,71.037369,-325.05847,-46.597103,-2.5963063,8.836957,-19.916424,14.723812,-2.14096,14.762215,-31.074369,26.792448,-185.37244,72.236206,-326.95279,-43.79208,-183.23148,71.45256,-323.27591,-43.187038
-12.3,-15.47713,9.5038891,-34.104412,3.1501503,-.45419076,11.910271,-23.797892,22.889511,-185.35614,70.857071,-324.23346,-46.47884,-2.5897167,8.8145285,-19.865875,14.686441,-2.1355259,14.724747,-30.995501,26.724447,-184.90195,72.052864,-326.12296,-43.680935,-182.76642,71.27121,-322.45541,-43.077427
-12.2,-15.437748,9.4797058,-34.017632,3.1421347,-.45303506,11.879964,-23.737337,22.831266,-184.88449,70.676773,-323.40842,-46.360573,-2.5831273,8.7921,-19.815327,14.649072,-2.1300921,14.68728,-30.916632,26.656446,-184.43146,71.869522,-325.29312,-43.569786,-182.30138,71.089851,-321.63492,-42.967815
-12.1,-15.398366,9.4555235,-33.930851,3.134119,-.45187938,11.849658,-23.676783,22.773024,-184.41286,70.496475,-322.5834,-46.242306,-2.5765376,8.7696714,-19.764776,14.611702,-2.1246581,14.649812,-30.837763,26.588446,-183.96097,71.68618,-324.46332,-43.458641,-181.83632,70.908501,-320.81442,-42.858204
-12,-15.358984,9.4313402,-33.84407,3.1261034,-.45072365,11.819352,-23.616228,22.714781,-183.94121,70.316177,-321.75839,-46.124039,-2.569948,8.747242,-19.714228,14.574331,-2.1192243,14.612345,-30.758894,26.520445,-183.49048,71.502838,-323.63348,-43.347492,-181.37126,70.72715,-319.99393,-42.748592
-11.9,-15.319602,9.4071569,-33.75729,3.1180875,-.44956794,11.789046,-23.555674,22.656538,-183.46956,70.13588,-320.93335,-46.005772,-2.5633583,8.7248135,-19.663677,14.536962,-2.1137903,14.574877,-30.680023,26.452444,-183.01999,71.319496,-322.80365,-43.236343,-180.9062,70.545799,-319.17343,-42.638981
-11.8,-15.28022,9.3829746,-33.670513,3.1100719,-.44841227,11.75874,-23.495119,22.598295,-182.99792,69.955582,-320.10834,-45.887505,-2.5567687,8.7023849,-19.613129,14.499592,-2.1083565,14.53741,-30.601156,26.384443,-182.54951,71.136162,-321.97382,-43.125198,-180.44115,70.364449,-318.35294,-42.529369
-11.7,-15.240838,9.3587914,-33.583733,3.1020563,-.44725657,11.728435,-23.434565,22.540052,-182.52628,69.775284,-319.28333,-45.769238,-2.550179,8.6799555,-19.56258,14.462221,-2.1029224,14.499942,-30.522285,26.316441,-182.07903,70.95282,-321.14398,-43.01405,-179.97609,70.183098,-317.53244,-42.419758
-11.6,-15.201456,9.334609,-33.496952,3.0940406,-.44610086,11.698129,-23.374012,22.48181,-182.05463,69.594986,-318.45828,-45.65097,-2.5435896,8.657527,-19.51203,14.424851,-2.0974886,14.462475,-30.443419,26.24844,-181.60854,70.769478,-320.31415,-42.902905,-179.51105,70.001747,-316.71194,-42.310146
-11.5,-15.162074,9.3104258,-33.410172,3.086025,-.44494516,11.667822,-23.313456,22.423567,-181.58299,69.414688,-317.63327,-45.532703,-2.5369999,8.6350975,-19.461481,14.387481,-2.0920548,14.425007,-30.364548,26.180439,-181.13805,70.586136,-319.48434,-42.791756,-179.04599,69.820389,-315.89145,-42.200535
-11.4,-15.122692,9.2862425,-33.323391,3.0780094,-.44378945,11.637516,-23.252901,22.365322,-181.11134,69.23439,-316.80826,-45.414436,-2.5304103,8.612669,-19.410931,14.350111,-2.0866208,14.387539,-30.285679,26.112438,-180.66756,70.402794,-318.65451,-42.680607,-178.58093,69.639038,-315.07095,-42.090919
-11.3,-15.08331,9.2620602,-33.236614,3.0699937,-.44263375,11.60721,-23.192348,22.307079,-180.63969,69.054092,-315.98322,-45.296169,-2.5238206,8.5902405,-19.360382,14.312741,-2.081187,14.350072,-30.20681,26.044437,-180.19707,70.21946,-317.82468,-42.569462,-178.11588,69.457687,-314.25046,-41.981312
-11.2,-15.043928,9.2378769,-33.149834,3.0619781,-.44147804,11.576904,-23.131792,22.248837,-180.16806,68.873795,-315.1582,-45.177902,-2.517231,8.567811,-19.309834,14.275371,-2.075753,14.312604,-30.127941,25.976435,-179.72658,70.036118,-316.99484,-42.458313,-177.65082,69.276337,-313.42996,-41.871696
-11.1,-15.004546,9.2136936,-33.063053,3.0539625,-.44032234,11.546598,-23.071239,22.190594,-179.69641,68.693497,-314.33319,-45.059639,-2.5106416,8.5453825,-19.259283,14.238001,-2.0703192,14.275137,-30.049072,25.908434,-179.25609,69.852776,-316.16501,-42.347168,-177.18578,69.094986,-312.60947,-41.762089
-11,-14.965164,9.1895113,-32.976273,3.0459468,-.43916664,11.516292,-23.010685,22.132351,-179.22476,68.513199,-313.50818,-44.941372,-2.5040519,8.522954,-19.208735,14.200631,-2.0648851,14.237669,-29.970203,25.840433,-178.7856,69.669434,-315.33517,-42.236019,-176.72072,68.913635,-311.78897,-41.652473
-10.9,-14.925781,9.165328,-32.889496,3.0379312,-.43801093,11.485986,-22.95013,22.074108,-178.75313,68.332901,-312.68314,-44.823105,-2.4974623,8.5005245,-19.158184,14.16326,-2.0594513,14.200201,-29.891335,25.772432,-178.31511,69.486092,-314.50534,-42.12487,-176.25566,68.732285,-310.96844,-41.542862
-10.8,-14.8864,9.1411448,-32.802715,3.0299156,-.43685526,11.45568,-22.889576,22.015865,-178.28148,68.152603,-311.85812,-44.704838,-2.4908726,8.478096,-19.107635,14.125891,-2.0540173,14.162734,-29.812466,25.704432,-177.84462,69.302757,-313.67554,-42.013725,-175.7906,68.550934,-310.14795,-41.43325
-10.7,-14.847017,9.1169624,-32.715935,3.0218999,-.43569952,11.425374,-22.829021,21.957623,-177.80983,67.972305,-311.03311,-44.586571,-2.484283,8.4556675,-19.057087,14.08852,-2.0485835,14.125266,-29.733597,25.636429,-177.37413,69.119415,-312.8457,-41.902576,-175.32555,68.369576,-309.32745,-41.323639
-10.6,-14.807636,9.0927792,-32.629154,3.0138843,-.43454385,11.395068,-22.768467,21.89938,-177.3382,67.792007,-310.20807,-44.468304,-2.4776933,8.433239,-19.006536,14.05115,-2.0431495,14.087799,-29.654728,25.568428,-176.90366,68.936073,-312.01587,-41.791428,-174.8605,68.188225,-308.50696,-41.214027
-10.5,-14.768253,9.0685968,-32.542377,3.0058684,-.43338814,11.364762,-22.707912,21.841135,-176.86655,67.61171,-309.38306,-44.350037,-2.4711039,8.4108095,-18.955988,14.013781,-2.0377157,14.050331,-29.575859,25.500427,-176.43315,68.752731,-311.18604,-41.680283,-174.39545,68.006874,-307.68646,-41.104416
-10.4,-14.728871,9.0444136,-32.455597,2.9978528,-.43223244,11.334455,-22.647358,21.782892,-176.3949,67.431412,-308.55804,-44.23177,-2.4645143,8.388381,-18.905437,13.97641,-2.0322816,14.012863,-29.49699,25.432426,-175.96266,68.569389,-310.3562,-41.569134,-173.93039,67.825523,-306.86597,-40.994804
-10.3,-14.689489,9.0202303,-32.368816,2.9898372,-.43107674,11.30415,-22.586803,21.724649,-175.92326,67.251114,-307.733,-44.113503,-2.4579246,8.3659525,-18.854889,13.93904,-2.0268478,13.975396,-29.418121,25.364426,-175.49219,68.386047,-309.52637,-41.457985,-173.46533,67.644173,-306.04547,-40.885193
-10.2,-14.650107,8.996048,-32.282036,2.9818215,-.42992103,11.273844,-22.526249,21.666407,-175.45161,67.070816,-306.90799,-43.995235,-2.451335,8.343523,-18.80434,13.90167,-2.0214138,13.937928,-29.339252,25.296425,-175.0217,68.202713,-308.69653,-41.34684,-173.00027,67.462822,-305.22498,-40.775581
-10.1,-14.610725,8.9718647,-32.195259,2.9738059,-.42876533,11.243538,-22.465694,21.608164,-174.97997,66.890518,-306.08298,-43.876968,-2.4447453,8.3210945,-18.753792,13.8643,-2.01598,13.900461,-29.260384,25.228424,-174.55121,68.019371,-307.86673,-41.235691,-172.53523,67.281471,-304.40448,-40.66597
-10,-14.571343,8.9476814,-32.108479,2.9657903,-.42760962,11.213232,-22.40514,21.549921,-174.50833,66.71022,-305.25793,-43.758701,-2.4381557,8.298666,-18.703241,13.82693,-2.0105462,13.862993,-29.181515,25.160421,-174.08072,67.836029,-307.0369,-41.124542,-172.07018,67.100121,-303.58398,-40.556358
-9.9,-14.531961,8.9234991,-32.021698,2.9577746,-.42645392,11.182925,-22.344585,21.491678,-174.03668,66.529922,-304.43292,-43.640434,-2.431566,8.2762365,-18.652693,13.789559,-2.0051122,13.825526,-29.102644,25.092421,-173.61023,67.652687,-306.20706,-41.013397,-171.60512,66.918762,-302.76349,-40.446743
-9.800000000000001,-14.492579,8.8993158,-31.934919,2.949759,-.42529821,11.152619,-22.284031,21.433435,-173.56503,66.349625,-303.60791,-43.522171,-2.4249766,8.253808,-18.602142,13.75219,-1.9996783,13.788058,-29.023777,25.02442,-173.13974,67.469345,-305.37723,-40.902248,-171.14006,66.737411,-301.94299,-40.337135
-9.699999999999999,-14.453197,8.8751326,-31.848139,2.9417434,-.42414251,11.122313,-22.223476,21.375191,-173.0934,66.169327,-302.7829,-43.403904,-2.4183869,8.2313795,-18.551594,13.71482,-1.9942443,13.75059,-28.944906,24.956419,-172.66925,67.286003,-304.54739,-40.791103,-170.675,66.556061,-301.1225,-40.22752
-9.6,-14.413815,8.8509502,-31.76136,2.9337277,-.42298684,11.092008,-22.162922,21.316948,-172.62175,65.989029,-301.95786,-43.285637,-2.4117973,8.20895,-18.501045,13.67745,-1.9888105,13.713123,-28.866039,24.888418,-172.19876,67.102669,-303.71756,-40.679955,-170.20996,66.37471,-300.302,-40.117908
-9.5,-14.374434,8.826767,-31.67458,2.9257121,-.42183113,11.061702,-22.102367,21.258705,-172.1501,65.808731,-301.13284,-43.16737,-2.4052076,8.1865215,-18.450495,13.640079,-1.9833766,13.675655,-28.787169,24.820415,-171.72827,66.919327,-302.88776,-40.568806,-169.7449,66.193359,-299.48151,-40.008297
-9.4,-14.335052,8.8025837,-31.587799,2.9176965,-.42067543,11.031395,-22.041813,21.200462,-171.67847,65.628426,-300.30783,-43.049103,-2.398618,8.1640921,-18.399946,13.602709,-1.9779426,13.638188,-28.7083,24.752415,-171.25778,66.735985,-302.05792,-40.457661,-169.27985,66.012009,-298.66101,-39.898685
-9.300000000000001,-14.29567,8.7784014,-31.50102,2.9096808,-.41951972,11.001089,-21.981258,21.14222,-171.20682,65.448135,-299.48279,-42.930836,-2.3920286,8.1416636,-18.349396,13.565339,-1.9725088,13.60072,-28.629431,24.684414,-170.78729,66.552643,-301.22809,-40.346512,-168.81479,65.830658,-297.84052,-39.789074
-9.199999999999999,-14.256288,8.7542181,-31.41424,2.9016652,-.41836402,10.970783,-21.920704,21.083977,-170.73517,65.267838,-298.65778,-42.812569,-2.3854389,8.119235,-18.298847,13.527969,-1.9670749,13.563253,-28.550562,24.616413,-170.3168,66.369301,-300.39825,-40.235363,-168.34973,65.649307,-297.01999,-39.679462
-9.1,-14.216906,8.7300358,-31.327461,2.8936496,-.41720831,10.940477,-21.860149,21.025734,-170.26353,65.08754,-297.83276,-42.694302,-2.3788493,8.0968065,-18.248299,13.4906,-1.961641,13.525785,-28.471693,24.548412,-169.84633,66.185966,-299.56842,-40.124218,-167.88467,65.467957,-296.19952,-39.569851
-9,-14.177524,8.7058525,-31.240681,2.8856337,-.41605261,10.910172,-21.799595,20.967491,-169.79189,64.907242,-297.00772,-42.576035,-2.3722596,8.0743771,-18.197748,13.453229,-1.956207,13.488317,-28.392824,24.48041,-169.37584,66.002625,-298.73859,-40.013069,-167.41963,65.286598,-295.379,-39.460239
-8.9,-14.138142,8.6816692,-31.1539,2.8776181,-.41489691,10.879866,-21.73904,20.909246,-169.32024,64.726936,-296.18271,-42.457767,-2.36567,8.0519485,-18.1472,13.415859,-1.9507731,13.45085,-28.313955,24.412409,-168.90533,65.819283,-297.90875,-39.90192,-166.95457,65.105247,-294.5585,-39.350628
-8.800000000000001,-14.09876,8.6574869,-31.067122,2.8696024,-.4137412,10.84956,-21.678488,20.851004,-168.8486,64.546646,-295.3577,-42.3395,-2.3590803,8.02952,-18.096649,13.378489,-1.9453392,13.413383,-28.235086,24.344408,-168.43486,65.635941,-297.07895,-39.790775,-166.48952,64.923897,-293.73801,-39.241016
-8.699999999999999,-14.059378,8.6333036,-30.980341,2.8615868,-.4125855,10.819253,-21.617931,20.792761,-168.37695,64.366341,-294.53265,-42.221233,-2.3524909,8.0070906,-18.046101,13.341119,-1.9399053,13.375916,-28.156218,24.276407,-167.96437,65.452599,-296.24911,-39.679626,-166.02446,64.742546,-292.91751,-39.131405
-8.6,-14.019996,8.6091213,-30.893562,2.8535712,-.41142982,10.788947,-21.557379,20.734518,-167.9053,64.18605,-293.70764,-42.10297,-2.3459013,7.9846621,-17.995552,13.303749,-1.9344714,13.338448,-28.077349,24.208406,-167.49388,65.269257,-295.41928,-39.568481,-165.5594,64.561195,-292.09702,-39.021793
-8.5,-13.980614,8.584938,-30.806782,2.8455555,-.41027409,10.758641,-21.496824,20.676275,-167.43367,64.005753,-292.88263,-41.984703,-2.3393116,7.9622331,-17.945002,13.266378,-1.9290375,13.300981,-27.99848,24.140404,-167.02339,65.085922,-294.58945,-39.457333,-165.09435,64.379845,-291.27652,-38.912182
-8.4,-13.941232,8.5607548,-30.720003,2.8375399,-.40911838,10.728335,-21.436268,20.618032,-166.96202,63.825451,-292.05762,-41.866436,-2.3327219,7.9398041,-17.894453,13.229009,-1.9236035,13.263513,-27.919611,24.072403,-166.5529,64.90258,-293.75961,-39.346184,-164.6293,64.198486,-290.45602,-38.802567
-8.300000000000001,-13.90185,8.5365725,-30.633223,2.8295243,-.40796271,10.69803,-21.375715,20.55979,-166.49037,63.645153,-291.23257,-41.748169,-2.3261323,7.9173756,-17.843903,13.191639,-1.9181697,13.226046,-27.840742,24.004402,-166.08241,64.719238,-292.92978,-39.235039,-164.16425,64.017136,-289.63553,-38.692959
-8.199999999999999,-13.862468,8.5123892,-30.546444,2.8215086,-.40680701,10.667723,-21.315161,20.501547,-166.01874,63.464855,-290.40756,-41.629902,-2.3195426,7.8949466,-17.793354,13.154268,-1.9127357,13.188578,-27.761873,23.936401,-165.61192,64.535896,-292.09995,-39.12389,-163.69919,63.835789,-288.81503,-38.583344
-8.1,-13.823086,8.4882059,-30.459663,2.813493,-.4056513,10.637417,-21.254606,20.443304,-165.54709,63.284557,-289.58255,-41.511635,-2.3129532,7.8725181,-17.742805,13.116899,-1.9073019,13.15111,-27.683004,23.868401,-165.14143,64.352554,-291.27014,-39.012745,-163.23413,63.654438,-287.99454,-38.473732
-8,-13.783704,8.4640236,-30.372885,2.8054774,-.4044956,10.607111,-21.194052,20.385059,-165.07544,63.104259,-288.75751,-41.393368,-2.3063636,7.8500891,-17.692255,13.079528,-1.901868,13.113643,-27.604136,23.8004,-164.67094,64.169212,-290.44031,-38.901596,-162.76907,63.473083,-287.17404,-38.36412
-7.9,-13.744322,8.4398403,-30.286104,2.7974617,-.40333989,10.576805,-21.133497,20.326817,-164.60381,62.923962,-287.9325,-41.275101,-2.2997739,7.8276601,-17.641706,13.042158,-1.8964341,13.076175,-27.525267,23.732397,-164.20045,63.985874,-289.61047,-38.790447,-162.30403,63.291733,-286.35355,-38.254509
-7.8,-13.70494,8.415657,-30.199326,2.7894461,-.40218419,10.546499,-21.072943,20.268574,-164.13216,62.743664,-287.10748,-41.156834,-2.2931843,7.8052316,-17.591156,13.004788,-1.8910002,13.038708,-27.446398,23.664396,-163.72997,63.802536,-288.78064,-38.679302,-161.83897,63.110382,-285.53305,-38.144897
-7.7,-13.665557,8.3914747,-30.112545,2.7814302,-.40102848,10.516193,-21.012388,20.210331,-163.66051,62.563366,-286.28244,-41.038567,-2.2865946,7.7828026,-17.540607,12.967418,-1.8855662,13.00124,-27.367527,23.596395,-163.25948,63.619194,-287.95081,-38.568153,-161.37392,62.929028,-284.71255,-38.035286
-7.6,-13.626176,8.3672915,-30.025766,2.7734146,-.39987278,10.485887,-20.951834,20.152088,-163.18887,62.383068,-285.45743,-40.9203,-2.280005,7.7603736,-17.490059,12.930048,-1.8801323,12.963772,-27.288658,23.528395,-162.789,63.435852,-287.12097,-38.457005,-160.90886,62.747677,-283.89206,-37.925674
-7.5,-13.586794,8.3431091,-29.938986,2.765399,-.39871708,10.455581,-20.891279,20.093845,-162.71722,62.20277,-284.63242,-40.802032,-2.2734156,7.7379451,-17.439508,12.892678,-1.8746984,12.926305,-27.209789,23.460394,-162.31851,63.252514,-286.29117,-38.34586,-160.4438,62.566326,-283.07156,-37.816063
-7.4,-13.547412,8.3189259,-29.852207,2.7573833,-.39756137,10.425275,-20.830725,20.035603,-162.24557,62.022472,-283.8074,-40.683765,-2.2668259,7.7155161,-17.38896,12.855308,-1.8692645,12.888837,-27.13092,23.392393,-161.84802,63.069172,-285.46133,-38.234711,-159.97876,62.384975,-282.25107,-37.706451
-7.3,-13.50803,8.2947426,-29.765427,2.7493677,-.3964057,10.394969,-20.77017,19.97736,-161.77394,61.842175,-282.98236,-40.565502,-2.2602363,7.6930871,-17.338409,12.817938,-1.8638306,12.85137,-27.052052,23.32439,-161.37753,62.885834,-284.6315,-38.123566,-159.5137,62.203621,-281.43057,-37.59684
-7.2,-13.468647,8.2705603,-29.678646,2.7413521,-.39524999,10.364663,-20.709616,19.919115,-161.30229,61.661877,-282.15735,-40.447235,-2.2536466,7.6706586,-17.287861,12.780567,-1.8583966,12.813902,-26.973183,23.25639,-160.90704,62.702492,-283.80167,-38.012417,-159.04865,62.02227,-280.61005,-37.487228
-7.1,-13.429265,8.246377,-29.591867,2.7333364,-.39409429,10.334356,-20.649061,19.860872,-160.83064,61.481579,-281.33234,-40.328968,-2.247057,7.6482296,-17.237312,12.743197,-1.8529627,12.776435,-26.894314,23.188389,-160.43655,62.51915,-282.97183,-37.901268,-158.58359,61.840919,-279.78955,-37.377617
-7,-13.389883,8.2221937,-29.505087,2.7253208,-.39293858,10.30405,-20.588507,19.802629,-160.35901,61.301281,-280.50729,-40.210701,-2.2404675,7.6258006,-17.186762,12.705828,-1.8475288,12.738967,-26.815445,23.120388,-159.96606,62.335812,-282.142,-37.790123,-158.11853,61.659569,-278.96906,-37.268005
-6.9,-13.350501,8.1980114,-29.418308,2.7173052,-.39178288,10.273745,-20.527952,19.744387,-159.88736,61.120983,-279.68228,-40.092434,-2.2338779,7.6033721,-17.136213,12.668457,-1.8420949,12.701499,-26.736576,23.052387,-159.49557,62.15247,-281.31216,-37.678974,-157.65349,61.478214,-278.14856,-37.158394
-6.8,-13.311119,8.1738281,-29.331528,2.7092896,-.39062718,10.243439,-20.467398,19.686144,-159.41571,60.940685,-278.85727,-39.974167,-2.2272882,7.5809431,-17.085665,12.631087,-1.8366611,12.664032,-26.657707,22.984385,-159.02509,61.969128,-280.48236,-37.567825,-157.18843,61.296864,-277.32806,-37.048779
-6.7,-13.271737,8.1496449,-29.244749,2.7012739,-.38947147,10.213133,-20.406843,19.627901,-158.94408,60.760387,-278.03223,-39.8559,-2.2206986,7.5585141,-17.035114,12.593718,-1.8312272,12.626564,-26.578838,22.916384,-158.5546,61.785789,-279.65253,-37.45668,-156.72337,61.115513,-276.50757,-36.939167
-6.6,-13.232355,8.1254625,-29.157969,2.6932583,-.38831577,10.182827,-20.346289,19.569658,-158.47243,60.58009,-277.20721,-39.737633,-2.2141089,7.5360856,-16.984566,12.556347,-1.8257933,12.589097,-26.499969,22.848383,-158.08411,61.602448,-278.82269,-37.345531,-156.25832,60.934162,-275.68707,-36.829556
-6.5,-13.192973,8.1012793,-29.07119,2.6852427,-.38716006,10.15252,-20.285734,19.511415,-158.00078,60.399792,-276.3822,-39.619366,-2.2075193,7.5136566,-16.934015,12.518977,-1.8203593,12.551629,-26.421101,22.780382,-157.61362,61.419106,-277.99286,-37.234383,-155.79326,60.752808,-274.86658,-36.719944
-6.4,-13.153591,8.0770969,-28.984409,2.677227,-.38600436,10.122214,-20.22518,19.453171,-157.52914,60.219494,-275.55719,-39.501099,-2.2009299,7.4912276,-16.883467,12.481607,-1.8149254,12.514162,-26.342232,22.712381,-157.14313,61.235767,-277.16302,-37.123238,-155.3282,60.571457,-274.04608,-36.610332
-6.3,-13.114209,8.0529137,-28.897631,2.6692114,-.38484865,10.091908,-20.164625,19.394928,-157.0575,60.039196,-274.73215,-39.382832,-2.1943402,7.4687991,-16.832918,12.444237,-1.8094915,12.476694,-26.263363,22.644381,-156.67265,61.052425,-276.33319,-37.012089,-154.86316,60.390106,-273.22559,-36.500721
-6.2,-13.074827,8.0287304,-28.81085,2.6611955,-.38369295,10.061603,-20.104071,19.336685,-156.58585,59.858898,-273.90714,-39.264565,-2.1877506,7.4463701,-16.782368,12.406867,-1.8040576,12.439226,-26.184494,22.576378,-156.20215,60.869083,-275.50336,-36.900944,-154.3981,60.208755,-272.40509,-36.391109
-6.1,-13.035445,8.0045481,-28.72407,2.6531799,-.38253725,10.031297,-20.043516,19.278442,-156.11421,59.6786,-273.08212,-39.146297,-2.1811609,7.4239411,-16.731819,12.369496,-1.7986237,12.401759,-26.105625,22.508377,-155.73167,60.685745,-274.67355,-36.789795,-153.93304,60.027401,-271.58459,-36.281498
-6,-12.996063,7.9803648,-28.637291,2.6451643,-.38138157,10.000991,-19.982964,19.2202,-155.64256,59.498302,-272.25708,-39.028034,-2.1745713,7.4015126,-16.681269,12.332127,-1.7931898,12.364291,-26.026756,22.440376,-155.26118,60.502403,-273.84372,-36.678646,-153.46799,59.84605,-270.7641,-36.171886
-5.9,-12.956681,7.956182,-28.55051,2.6371486,-.38022587,9.9706841,-19.922409,19.161957,-155.17091,59.318005,-271.43207,-38.909767,-2.1679816,7.3790836,-16.63072,12.294757,-1.7877558,12.326824,-25.947887,22.372375,-154.7907,60.319065,-273.01389,-36.567501,-153.00293,59.6647,-269.9436,-36.062275
-5.8,-12.917299,7.9319992,-28.463732,2.629133,-.37907016,9.9403782,-19.861855,19.103714,-154.69928,59.137707,-270.60706,-38.7915,-2.1613922,7.3566551,-16.580172,12.257386,-1.7823219,12.289356,-25.869019,22.304375,-154.32021,60.135723,-272.18405,-36.456352,-152.53789,59.483349,-269.12311,-35.952663
-5.7,-12.877917,7.9078159,-28.376951,2.6211174,-.37791446,9.9100723,-19.8013,19.045471,-154.22763,58.957409,-269.78201,-38.673233,-2.1548026,7.3342261,-16.529621,12.220016,-1.776888,12.251888,-25.790148,22.236372,-153.84972,59.952381,-271.35422,-36.345203,-152.07283,59.301994,-268.30261,-35.843052
-5.6,-12.838535,7.8836331,-28.290173,2.6131017,-.37675875,9.8797665,-19.740746,18.987226,-153.75598,58.777111,-268.957,-38.554966,-2.1482129,7.3117971,-16.479073,12.182647,-1.7714541,12.214421,-25.711279,22.168371,-153.37923,59.769039,-270.52438,-36.234058,-151.60777,59.120644,-267.48212,-35.73344
-5.5,-12.799153,7.8594503,-28.203392,2.6050861,-.37560305,9.8494606,-19.680191,18.928984,-153.28435,58.596813,-268.13199,-38.436699,-2.1416233,7.2893686,-16.428522,12.145276,-1.7660202,12.176953,-25.63241,22.10037,-152.90874,59.585701,-269.69455,-36.12291,-151.14272,58.939293,-266.66162,-35.623829
-5.4,-12.759771,7.8352671,-28.116613,2.5970705,-.37444735,9.8191547,-19.619637,18.870741,-152.8127,58.416515,-267.30698,-38.318432,-2.1350336,7.2669396,-16.377974,12.107906,-1.7605864,12.139486,-25.553541,22.03237,-152.43825,59.402359,-268.86475,-36.011765,-150.67766,58.757942,-265.84113,-35.514214
-5.3,-12.720389,7.8110843,-28.029833,2.5890548,-.37329164,9.7888479,-19.559082,18.812498,-152.34105,58.236217,-266.48193,-38.200165,-2.1284442,7.2445107,-16.327425,12.070537,-1.7551525,12.102018,-25.474672,21.964369,-151.96776,59.219021,-268.03491,-35.900616,-150.21262,58.576588,-265.0206,-35.404602
-5.2,-12.681007,7.7869015,-27.943054,2.5810392,-.37213594,9.7585421,-19.498528,18.754255,-151.8694,58.05592,-265.65692,-38.081898,-2.1218545,7.2220817,-16.276875,12.033166,-1.7497185,12.064551,-25.395803,21.896366,-151.49727,59.035679,-267.20508,-35.789467,-149.74756,58.395237,-264.2001,-35.294991
-5.1,-12.641625,7.7627187,-27.856274,2.5730236,-.37098023,9.7282362,-19.437973,18.696012,-151.39777,57.875622,-264.83191,-37.963631,-2.1152649,7.1996531,-16.226326,11.995796,-1.7442846,12.027083,-25.316935,21.828365,-151.02678,58.852337,-266.37524,-35.678322,-149.2825,58.213886,-263.37961,-35.185379
-5,-12.602243,7.7385354,-27.769495,2.5650079,-.36982453,9.6979303,-19.377419,18.63777,-150.92612,57.695324,-264.00687,-37.845364,-2.1086752,7.1772242,-16.175776,11.958426,-1.7388507,11.989616,-25.238066,21.760365,-150.55629,58.668999,-265.54541,-35.567173,-148.81744,58.032536,-262.55911,-35.075768
-4.9,-12.562861,7.7143526,-27.682714,2.5569923,-.36866885,9.6676245,-19.316864,18.579527,-150.45448,57.515026,-263.18185,-37.727097,-2.1020856,7.1547956,-16.125227,11.921056,-1.7334168,11.952148,-25.159197,21.692364,-150.0858,58.485657,-264.71558,-35.456024,-148.35239,57.851181,-261.73862,-34.966156
-4.8,-12.523479,7.6901698,-27.595936,2.5489767,-.36751315,9.6373177,-19.25631,18.521284,-149.98283,57.334728,-262.35684,-37.608829,-2.0954959,7.1323667,-16.074678,11.883686,-1.7279829,11.91468,-25.080328,21.624363,-149.61533,58.302315,-263.88577,-35.344879,-147.88733,57.66983,-260.91812,-34.856544
-4.7,-12.484097,7.6659865,-27.509155,2.5409608,-.36635745,9.6070118,-19.195755,18.463039,-149.51118,57.15443,-261.5318,-37.490562,-2.0889063,7.1099377,-16.024128,11.846315,-1.722549,11.877213,-25.001459,21.556362,-149.14484,58.118977,-263.05594,-35.23373,-147.42229,57.48848,-260.09763,-34.746933
-4.6,-12.444715,7.6418037,-27.422375,2.5329452,-.36520174,9.5767059,-19.135201,18.404797,-149.03954,56.974133,-260.70679,-37.372299,-2.0823169,7.0875092,-15.973579,11.808946,-1.717115,11.839746,-24.92259,21.488359,-148.67435,57.935635,-262.2261,-35.122585,-146.95723,57.307129,-259.27713,-34.637321
-4.5,-12.405334,7.6176209,-27.335596,2.5249295,-.36404604,9.5464001,-19.074646,18.346554,-148.5679,56.793835,-259.88177,-37.254032,-2.0757272,7.0650802,-15.92303,11.771576,-1.7116811,11.802279,-24.843721,21.420359,-148.20386,57.752293,-261.39627,-35.011436,-146.49217,57.125774,-258.45663,-34.52771
-4.4,-12.365952,7.5934381,-27.248816,2.5169139,-.36289033,9.5160942,-19.014091,18.288311,-148.09625,56.613537,-259.05673,-37.135765,-2.0691376,7.0426512,-15.87248,11.734205,-1.7062472,11.764811,-24.764853,21.352358,-147.73337,57.568954,-260.56644,-34.900288,-146.02711,56.944424,-257.63614,-34.418098
-4.3,-12.32657,7.5692554,-27.162037,2.5088983,-.36173463,9.4857883,-18.953537,18.230068,-147.62462,56.433239,-258.23172,-37.017498,-2.0625479,7.0202227,-15.821931,11.696836,-1.7008133,11.727344,-24.685984,21.284357,-147.26288,57.385612,-259.7366,-34.789143,-145.56206,56.763073,-256.81564,-34.308487
-4.2,-12.287187,7.5450721,-27.075256,2.5008826,-.36057892,9.4554815,-18.892982,18.171825,-147.15297,56.252941,-257.40671,-36.899231,-2.0559583,6.9977937,-15.771381,11.659465,-1.6953794,11.689876,-24.607115,21.216356,-146.79239,57.202271,-258.90677,-34.677994,-145.097,56.581718,-255.99515,-34.198875
-4.1,-12.247805,7.5208893,-26.988478,2.492867,-.35942322,9.4251757,-18.832428,18.113583,-146.68132,56.072643,-256.5817,-36.780964,-2.0493686,6.9753647,-15.720833,11.622095,-1.6899455,11.652408,-24.528246,21.148354,-146.3219,57.018932,-258.07697,-34.566845,-144.63196,56.400368,-255.17465,-34.089264
-4,-12.208423,7.4967065,-26.901697,2.4848514,-.35826752,9.3948698,-18.771873,18.05534,-146.20967,55.892345,-255.75665,-36.662697,-2.0427792,6.9529362,-15.670283,11.584725,-1.6845117,11.614941,-24.449377,21.080353,-145.85141,56.83559,-257.24713,-34.4557,-144.1669,56.219017,-254.35414,-33.979649
-3.9,-12.169041,7.4725232,-26.814919,2.4768357,-.35711181,9.3645639,-18.711319,17.997095,-145.73804,55.712048,-254.93164,-36.54443,-2.0361896,6.9305072,-15.619734,11.547355,-1.6790777,11.577473,-24.370508,21.012352,-145.38092,56.652252,-256.4173,-34.344551,-143.70184,56.037666,-253.53365,-33.870037
-3.8,-12.129659,7.4483404,-26.728138,2.4688201,-.35595611,9.3342581,-18.650764,17.938852,-145.26639,55.53175,-254.10661,-36.426163,-2.0295999,6.9080782,-15.569184,11.509985,-1.6736438,11.540006,-24.291639,20.944351,-144.91043,56.46891,-255.58746,-34.233406,-143.23679,55.856316,-252.71315,-33.760426
-3.7,-12.090277,7.4241576,-26.641359,2.4608045,-.35480043,9.3039513,-18.59021,17.88061,-144.79475,55.351452,-253.2816,-36.307896,-2.0230103,6.8856497,-15.518636,11.472615,-1.6682099,11.502538,-24.21277,20.87635,-144.43994,56.285568,-254.75763,-34.122257,-142.77174,55.674961,-251.89265,-33.650814
-3.6,-12.050895,7.3999748,-26.554579,2.4527888,-.35364473,9.2736454,-18.529655,17.822367,-144.3231,55.171154,-252.45657,-36.189629,-2.0164206,6.8632207,-15.468086,11.435245,-1.662776,11.46507,-24.133902,20.80835,-143.96945,56.10223,-253.92781,-34.011108,-142.30669,55.49361,-251.07216,-33.541203
-3.5,-12.011513,7.3757915,-26.467798,2.4447732,-.35248902,9.2433395,-18.469101,17.764124,-143.85146,54.990856,-251.63155,-36.071362,-2.0098312,6.8407917,-15.417537,11.397875,-1.6573421,11.427603,-24.055033,20.740347,-143.49896,55.918888,-253.09798,-33.899963,-141.84163,55.31226,-250.25166,-33.431591
-3.4,-11.972131,7.3516088,-26.38102,2.4367576,-.35133332,9.2130337,-18.408548,17.705881,-143.37982,54.810558,-250.80653,-35.953098,-2.0032415,6.8183632,-15.366987,11.360504,-1.6519082,11.390135,-23.976164,20.672346,-143.02849,55.735546,-252.26814,-33.788815,-141.37657,55.130909,-249.43117,-33.32198
-3.3,-11.932749,7.327426,-26.294239,2.4287417,-.35017762,9.1827278,-18.347994,17.647638,-142.90817,54.63026,-249.98151,-35.834831,-1.9966519,6.7959342,-15.316438,11.323134,-1.6464742,11.352668,-23.897293,20.604345,-142.558,55.552208,-251.43832,-33.677666,-140.91151,54.949554,-248.61067,-33.212368
-3.2,-11.893367,7.3032432,-26.20746,2.4207261,-.34902191,9.152422,-18.287439,17.589396,-142.43652,54.449963,-249.15649,-35.716564,-1.9900622,6.7735052,-15.265889,11.285765,-1.6410403,11.3152,-23.818424,20.536345,-142.08751,55.368866,-250.60849,-33.566521,-140.44646,54.768204,-247.79018,-33.102757
-3.1,-11.853985,7.2790599,-26.12068,2.4127104,-.34786621,9.1221151,-18.226885,17.531151,-141.96487,54.269665,-248.33147,-35.598297,-1.9834726,6.7510767,-15.21534,11.248394,-1.6356064,11.277733,-23.739555,20.468344,-141.61702,55.185524,-249.77866,-33.455372,-139.98141,54.586853,-246.96967,-32.993145
-3,-11.814603,7.2548771,-26.033901,2.4046948,-.3467105,9.0918093,-18.16633,17.472908,-141.49324,54.089367,-247.50644,-35.48003,-1.9768831,6.7286477,-15.16479,11.211024,-1.6301725,11.240265,-23.660686,20.400341,-141.14653,55.002186,-248.94882,-33.344227,-139.51636,54.405502,-246.14917,-32.883533
-2.9,-11.775221,7.2306943,-25.947121,2.3966792,-.3455548,9.0615034,-18.105776,17.414665,-141.02159,53.909069,-246.68143,-35.361763,-1.9702934,6.7062192,-15.114241,11.173655,-1.6247386,11.202798,-23.581818,20.33234,-140.67604,54.818844,-248.119,-33.233078,-139.0513,54.224148,-245.32867,-32.773922
-2.8,-11.735839,7.206511,-25.860342,2.3886635,-.34439909,9.0311975,-18.045221,17.356422,-140.54994,53.728771,-245.8564,-35.243496,-1.9637038,6.6837902,-15.063692,11.136284,-1.6193047,11.16533,-23.502949,20.264339,-140.20555,54.635506,-247.28917,-33.121929,-138.58624,54.042797,-244.50818,-32.66431
-2.7,-11.696457,7.1823282,-25.773561,2.3806479,-.34324339,9.0008917,-17.984667,17.29818,-140.07831,53.548473,-245.03139,-35.125229,-1.9571142,6.6613612,-15.013143,11.098914,-1.6138709,11.127862,-23.42408,20.196339,-139.73506,54.452164,-246.45934,-33.010784,-138.12119,53.861446,-243.68768,-32.554699
-2.6,-11.657075,7.1581454,-25.686783,2.3726323,-.34208769,8.9705849,-17.924112,17.239937,-139.60666,53.368176,-244.20636,-35.006962,-1.9505246,6.6389322,-14.962593,11.061543,-1.6084369,11.090395,-23.345211,20.128338,-139.26457,54.268822,-245.62952,-32.899635,-137.65614,53.680092,-242.86719,-32.445084
-2.5,-11.617693,7.1339626,-25.600002,2.3646166,-.34093201,8.940279,-17.863558,17.181694,-139.13501,53.187878,-243.38133,-34.888695,-1.943935,6.6165037,-14.912044,11.024174,-1.603003,11.052927,-23.266342,20.060337,-138.79408,54.085484,-244.79968,-32.788486,-137.19109,53.498741,-242.04669,-32.335472
-2.4,-11.578311,7.1097794,-25.513224,2.356601,-.33977631,8.9099731,-17.803003,17.123451,-138.66338,53.00758,-242.55632,-34.770428,-1.9373454,6.5940747,-14.861495,10.986804,-1.5975691,11.01546,-23.187473,19.992334,-138.32359,53.902142,-243.96985,-32.677341,-136.72603,53.31739,-241.2262,-32.225861
-2.3,-11.538929,7.0855966,-25.426443,2.3485854,-.3386206,8.8796673,-17.742449,17.065207,-138.19173,52.827282,-241.73129,-34.652161,-1.9307557,6.5716457,-14.810946,10.949433,-1.5921352,10.977992,-23.108604,19.924334,-137.8531,53.7188,-243.14003,-32.566193,-136.26097,53.13604,-240.4057,-32.116249
-2.2,-11.499547,7.0614138,-25.339663,2.3405697,-.3374649,8.8493614,-17.681894,17.006964,-137.72008,52.646984,-240.90628,-34.533894,-1.9241662,6.5492172,-14.760396,10.912064,-1.5867013,10.940525,-23.029736,19.856333,-137.38261,53.535461,-242.3102,-32.455044,-135.79591,52.954689,-239.58521,-32.006638
-2.1,-11.460165,7.037231,-25.252884,2.3325541,-.33630919,8.8190556,-17.62134,16.948721,-137.24844,52.466682,-240.08125,-34.415627,-1.9175766,6.5267882,-14.709846,10.874694,-1.5812674,10.903057,-22.950867,19.788332,-136.91212,53.352119,-241.48036,-32.343899,-135.33086,52.773335,-238.76469,-31.897026
-2,-11.420783,7.0130477,-25.166103,2.3245382,-.33515349,8.7887487,-17.560785,16.890478,-136.77679,52.286388,-239.25623,-34.297363,-1.9109869,6.5043597,-14.659297,10.837323,-1.5758334,10.865589,-22.871998,19.720331,-136.44164,53.168777,-240.65053,-32.23275,-134.86581,52.591984,-237.9442,-31.787415
-1.9,-11.381401,6.9888649,-25.079325,2.3165226,-.33399779,8.7584429,-17.500231,16.832235,-136.30515,52.106087,-238.43121,-34.179096,-1.9043974,6.4819307,-14.608748,10.799953,-1.5703995,10.828122,-22.793129,19.652328,-135.97116,52.985439,-239.82071,-32.121605,-134.40076,52.410633,-237.1237,-31.677803
-1.8,-11.342019,6.9646821,-24.992544,2.308507,-.33284208,8.728137,-17.439676,16.773993,-135.83351,51.925789,-237.60619,-34.060829,-1.8978077,6.4595017,-14.558199,10.762584,-1.5649656,10.790654,-22.71426,19.584328,-135.50067,52.802097,-238.99088,-32.010456,-133.9357,52.229282,-236.30321,-31.568192
-1.7,-11.302637,6.9404993,-24.905766,2.3004913,-.33168638,8.6978312,-17.379122,16.71575,-135.36186,51.745491,-236.78117,-33.942562,-1.8912181,6.4370732,-14.507649,10.725213,-1.5595317,10.753187,-22.635391,19.516327,-135.03018,52.618755,-238.16104,-31.899309,-133.47064,52.047928,-235.48271,-31.45858
-1.6,-11.263255,6.916316,-24.818985,2.2924757,-.33053067,8.6675253,-17.318567,16.657507,-134.89021,51.565193,-235.95615,-33.824295,-1.8846285,6.4146442,-14.4571,10.687843,-1.5540978,10.715719,-22.556522,19.448326,-134.55969,52.435417,-237.33122,-31.78816,-133.00558,51.866577,-234.66222,-31.348969
-1.5,-11.223873,6.8921332,-24.732206,2.2844601,-.32937497,8.6372194,-17.258013,16.599264,-134.41858,51.384895,-235.13112,-33.706028,-1.8780389,6.3922153,-14.40655,10.650473,-1.5486639,10.678251,-22.477654,19.380325,-134.0892,52.252075,-236.50139,-31.677013,-132.54054,51.685226,-233.84172,-31.239355
-1.4,-11.184491,6.8679504,-24.645426,2.2764444,-.32821929,8.6069126,-17.197458,16.541019,-133.94693,51.204597,-234.30611,-33.587761,-1.8714492,6.3697867,-14.356002,10.613103,-1.5432299,10.640784,-22.398785,19.312325,-133.61871,52.068737,-235.67155,-31.565866,-132.07549,51.503876,-233.02122,-31.129744
-1.3,-11.145109,6.8437672,-24.558647,2.2684288,-.32706359,8.5766068,-17.136904,16.482777,-133.47528,51.0243,-233.48108,-33.469494,-1.8648597,6.3473577,-14.305452,10.575733,-1.537796,10.603316,-22.319914,19.244322,-133.14822,51.885395,-234.84172,-31.45472,-131.61043,51.322521,-232.20073,-31.020132
-1.2,-11.105727,6.8195844,-24.471867,2.2604132,-.32590789,8.5463009,-17.076349,16.424534,-133.00365,50.844002,-232.65605,-33.351227,-1.85827,6.3249288,-14.254903,10.538363,-1.5323622,10.565849,-22.241045,19.176321,-132.67773,51.702053,-234.0119,-31.343571,-131.14537,51.141171,-231.38022,-30.910521
-1.1,-11.066345,6.7954016,-24.385088,2.2523975,-.32475218,8.515995,-17.015795,16.366291,-132.532,50.663704,-231.83104,-33.23296,-1.8516804,6.3025002,-14.204353,10.500993,-1.5269283,10.528381,-22.162176,19.10832,-132.20724,51.518715,-233.18207,-31.232424,-130.68031,50.95982,-230.55972,-30.800909
-1,-11.026963,6.7712188,-24.298307,2.2443819,-.32359648,8.4856892,-16.95524,16.308048,-132.06035,50.483406,-231.00601,-33.114693,-1.8450909,6.2800713,-14.153804,10.463623,-1.5214944,10.490914,-22.083307,19.040319,-131.73676,51.335373,-232.35223,-31.121277,-130.21527,50.778469,-229.73923,-30.691298
-.9,-10.98758,6.7470355,-24.211527,2.2363663,-.32244077,8.4553823,-16.894686,16.249805,-131.58871,50.303108,-230.181,-32.996426,-1.8385012,6.2576423,-14.103255,10.426252,-1.5160605,10.453446,-22.004438,18.972319,-131.26627,51.152031,-231.52242,-31.01013,-129.75021,50.597115,-228.91873,-30.581686
-.8,-10.948198,6.7228527,-24.124748,2.2283506,-.32128507,8.4250765,-16.834131,16.191563,-131.11707,50.12281,-229.35597,-32.878162,-1.8319116,6.2352138,-14.052706,10.388883,-1.5106266,10.415978,-21.92557,18.904318,-130.79578,50.968693,-230.69258,-30.898981,-129.28516,50.415764,-228.09824,-30.472075
-.7,-10.908816,6.6986699,-24.037968,2.220335,-.32012936,8.3947706,-16.773579,16.13332,-130.64542,49.942513,-228.53094,-32.759895,-1.825322,6.2127848,-14.002156,10.351512,-1.5051926,10.378511,-21.846701,18.836315,-130.32529,50.785351,-229.86275,-30.787834,-128.8201,50.234413,-227.27774,-30.362461
-.6,-10.869434,6.6744871,-23.951189,2.2123194,-.31897366,8.3644648,-16.713024,16.075075,-130.17378,49.762215,-227.70593,-32.641628,-1.8187324,6.1903558,-13.951607,10.314142,-1.4997587,10.341043,-21.767832,18.768314,-129.8548,50.602009,-229.03293,-30.676687,-128.35504,50.053062,-226.45724,-30.25285
-.5,-10.830052,6.6503038,-23.864408,2.2043035,-.31781796,8.3341589,-16.65247,16.016832,-129.70213,49.581917,-226.88091,-32.523361,-1.8121427,6.1679273,-13.901058,10.276772,-1.4943248,10.303576,-21.688963,18.700314,-129.38432,50.418671,-228.20309,-30.56554,-127.88999,49.871708,-225.63675,-30.143238
-.4,-10.79067,6.626121,-23.77763,2.1962879,-.31666225,8.303853,-16.591915,15.95859,-129.23048,49.401619,-226.05589,-32.405094,-1.8055532,6.1454983,-13.850509,10.239402,-1.4888909,10.266109,-21.610094,18.632313,-128.91383,50.235329,-227.37326,-30.454391,-127.42493,49.690357,-224.81625,-30.033627
-.3,-10.751288,6.6019382,-23.690849,2.1882722,-.31550658,8.2735462,-16.531361,15.900347,-128.75885,49.221321,-225.23087,-32.286827,-1.7989635,6.1230693,-13.799959,10.202032,-1.483457,10.228642,-21.531225,18.564312,-128.44334,50.051987,-226.54344,-30.343245,-126.95988,49.509007,-223.99574,-29.924015
-.2,-10.711906,6.5777555,-23.604071,2.1802566,-.31435087,8.2432404,-16.470806,15.842104,-128.2872,49.041023,-224.40584,-32.16856,-1.7923739,6.1006408,-13.74941,10.164662,-1.4780231,10.191174,-21.452356,18.496309,-127.97285,49.868649,-225.71361,-30.232098,-126.49483,49.327652,-223.17525,-29.814404
-.1,-10.672524,6.5535722,-23.51729,2.172241,-.31319517,8.2129345,-16.410252,15.783861,-127.81556,48.860725,-223.58083,-32.050293,-1.7857844,6.0782118,-13.69886,10.127292,-1.4725891,10.153706,-21.373487,18.428308,-127.50237,49.685307,-224.88377,-30.120951,-126.02977,49.146301,-222.35475,-29.704792
0,-10.633142,6.5293894,-23.430511,2.1642253,-.31203946,8.1826286,-16.349697,15.725617,-127.34391,48.680428,-222.7558,-31.932026,-1.7791947,6.0557828,-13.648312,10.089922,-1.4671552,10.116239,-21.294619,18.360308,-127.03188,49.501968,-224.05394,-30.009802,-125.56472,48.964951,-221.53426,-29.595179
.1,-10.59376,6.5052066,-23.343731,2.1562097,-.31088376,8.1523228,-16.289143,15.667375,-126.87227,48.50013,-221.93079,-31.813759,-1.7726051,6.0333543,-13.597762,10.052551,-1.4617214,10.078771,-21.21575,18.292307,-126.56139,49.318626,-223.22412,-29.898655,-125.09966,48.7836,-220.71376,-29.485567
.2,-10.554379,6.4810233,-23.256952,2.1481941,-.30972806,8.1220169,-16.228588,15.609132,-126.40063,48.319832,-221.10576,-31.695494,-1.7660155,6.0109253,-13.547213,10.015182,-1.4562875,10.041304,-21.136881,18.224306,-126.0909,49.135284,-222.39429,-29.787508,-124.63461,48.602245,-219.89326,-29.375956
.3,-10.514997,6.4568405,-23.170172,2.1401784,-.30857235,8.0917101,-16.168034,15.550889,-125.92898,48.139534,-220.28073,-31.577227,-1.7594259,5.9884963,-13.496663,9.9778118,-1.4508536,10.003836,-21.058012,18.156303,-125.62041,48.951946,-221.56445,-29.676361,-124.16956,48.420895,-219.07277,-29.266344
.4,-10.475615,6.4326577,-23.083391,2.1321628,-.30741665,8.0614042,-16.107479,15.492645,-125.45734,47.959236,-219.45572,-31.45896,-1.7528363,5.9660678,-13.446115,9.9404411,-1.4454197,9.9663687,-20.979143,18.088303,-125.14992,48.768604,-220.73463,-29.565212,-123.7045,48.239544,-218.25227,-29.156733
.5,-10.436233,6.4084749,-22.996613,2.1241472,-.30626094,8.0310984,-16.046925,15.434402,-124.98569,47.778938,-218.63069,-31.340693,-1.7462467,5.9436388,-13.395565,9.9030714,-1.4399858,9.9289007,-20.900274,18.020302,-124.67944,48.585262,-219.9048,-29.454065,-123.23945,48.058193,-217.43178,-29.047121
.6,-10.396851,6.3842916,-22.909832,2.1161315,-.30510524,8.0007925,-15.98637,15.37616,-124.51405,47.59864,-217.80568,-31.222425,-1.739657,5.9212098,-13.345016,9.8657017,-1.4345518,9.8914328,-20.821405,17.952301,-124.20895,48.401924,-219.07497,-29.342918,-122.77439,47.876839,-216.61128,-28.93751
.7,-10.357469,6.3601089,-22.823053,2.1081159,-.30394953,7.9704862,-15.925816,15.317917,-124.0424,47.418343,-216.98065,-31.104158,-1.7330675,5.8987813,-13.294466,9.828331,-1.4291179,9.8539658,-20.742537,17.8843,-123.73846,48.218582,-218.24513,-29.231771,-122.30933,47.695488,-215.79077,-28.827896
.8,-10.318087,6.3359261,-22.736273,2.1001003,-.30279383,7.9401803,-15.865261,15.259673,-123.57076,47.238045,-216.15562,-30.985893,-1.7264779,5.8763523,-13.243917,9.7909613,-1.423684,9.8164978,-20.663666,17.816299,-123.26797,48.03524,-217.41531,-29.120623,-121.84428,47.514137,-214.97028,-28.718285
.9,-10.278705,6.3117433,-22.649494,2.0920844,-.30163816,7.9098744,-15.804707,15.20143,-123.09911,47.057747,-215.33061,-30.867626,-1.7198882,5.8539233,-13.193368,9.7535915,-1.4182501,9.7790308,-20.584797,17.748297,-122.79748,47.851902,-216.58548,-29.009476,-121.37923,47.332787,-214.14978,-28.608673
1,-10.239323,6.28756,-22.562714,2.0840688,-.30048245,7.8795681,-15.744152,15.143188,-122.62747,46.877449,-214.50558,-30.749359,-1.7132987,5.8314948,-13.142818,9.7162209,-1.4128162,9.7415628,-20.505928,17.680296,-122.32699,47.66856,-215.75565,-28.898329,-120.91418,47.151432,-213.32928,-28.499062
1.1,-10.199941,6.2633772,-22.475935,2.0760531,-.29932675,7.8492622,-15.683598,15.084945,-122.15583,46.697151,-213.68056,-30.631092,-1.706709,5.8090658,-13.092269,9.6788511,-1.4073822,9.7040958,-20.427059,17.612295,-121.8565,47.485218,-214.92583,-28.78718,-120.44912,46.970081,-212.50879,-28.38945
1.2,-10.160559,6.2391944,-22.389154,2.0680375,-.29817104,7.8189564,-15.623043,15.026701,-121.68418,46.516853,-212.85555,-30.512825,-1.7001194,5.7866368,-13.041719,9.6414804,-1.4019483,9.6666279,-20.34819,17.544294,-121.38601,47.30188,-214.09599,-28.676033,-119.98406,46.788731,-211.68829,-28.279839
1.3,-10.121177,6.2150116,-22.302376,2.0600219,-.29701534,7.78865,-15.56249,14.968458,-121.21254,46.336555,-212.03052,-30.394558,-1.6935298,5.7642083,-12.99117,9.6041107,-1.3965144,9.6291599,-20.269321,17.476294,-120.91553,47.118538,-213.26616,-28.564886,-119.51901,46.60738,-210.8678,-28.170227
1.4,-10.081795,6.1908283,-22.215595,2.0520062,-.29585963,7.7583442,-15.501935,14.910215,-120.7409,46.156258,-211.20551,-30.276291,-1.6869402,5.7417793,-12.940621,9.566741,-1.3910805,9.5916929,-20.190453,17.408293,-120.44504,46.9352,-212.43634,-28.453739,-119.05396,46.426025,-210.0473,-28.060614
1.5,-10.042413,6.1666455,-22.128817,2.0439906,-.29470393,7.7280378,-15.441381,14.851973,-120.26925,45.97596,-210.38048,-30.158026,-1.6803505,5.7193508,-12.890072,9.5293703,-1.3856467,9.554225,-20.111584,17.34029,-119.97455,46.751858,-211.60651,-28.34259,-118.5889,46.244675,-209.22681,-27.951002
1.6,-10.003031,6.1424627,-22.042036,2.035975,-.29354823,7.697732,-15.380826,14.79373,-119.79761,45.795662,-209.55545,-30.039759,-1.673761,5.6969218,-12.839522,9.4920006,-1.3802128,9.516758,-20.032715,17.272289,-119.50406,46.568516,-210.77667,-28.231443,-118.12385,46.063324,-208.4063,-27.841391
1.7,-9.9636488,6.1182795,-21.955256,2.0279593,-.29239252,7.6674261,-15.320271,14.735486,-119.32597,45.615364,-208.73044,-29.921492,-1.6671714,5.6744928,-12.788973,9.4546309,-1.3747789,9.47929,-19.953846,17.204288,-119.03357,46.385178,-209.94684,-28.120296,-117.65879,45.881973,-207.5858,-27.731779
1.8,-9.9242668,6.0940967,-21.868477,2.0199437,-.29123682,7.6371198,-15.259717,14.677243,-118.85432,45.435066,-207.90541,-29.803225,-1.6605817,5.6520643,-12.738424,9.4172602,-1.3693449,9.441823,-19.874977,17.136288,-118.56308,46.201836,-209.11702,-28.00915,-117.19374,45.700619,-206.7653,-27.622168
1.9,-9.8848848,6.0699139,-21.781696,2.0119281,-.29008111,7.6068139,-15.199162,14.619,-118.38268,45.254768,-207.0804,-29.684958,-1.6539922,5.6296353,-12.687875,9.3798904,-1.363911,9.404355,-19.796108,17.068287,-118.0926,46.018494,-208.28719,-27.898001,-116.72868,45.519268,-205.94481,-27.512556
2,-9.8455029,6.0457311,-21.694918,2.0039124,-.28892541,7.576508,-15.138608,14.560758,-117.91103,45.074471,-206.25537,-29.56669,-1.6474025,5.6072063,-12.637325,9.3425198,-1.3584771,9.3668871,-19.717239,17.000284,-117.62211,45.835155,-207.45735,-27.786854,-116.26363,45.337917,-205.12431,-27.402945
2.1,-9.8061209,6.0215478,-21.608137,1.9958967,-.28776973,7.5462017,-15.078053,14.502514,-117.43938,44.894173,-205.43034,-29.448425,-1.6408129,5.5847778,-12.586776,9.30515,-1.3530432,9.3294201,-19.638371,16.932283,-117.15162,45.651814,-206.62753,-27.675707,-115.79858,45.156567,-204.30382,-27.293333
2.2,-9.7667389,5.997365,-21.521358,1.9878811,-.28661403,7.5158958,-15.017499,14.444271,-116.96774,44.713875,-204.60533,-29.330158,-1.6342233,5.5623488,-12.536226,9.2677803,-1.3476093,9.2919521,-19.559502,16.864283,-116.68113,45.468472,-205.7977,-27.56456,-115.33352,44.975212,-203.48332,-27.18372
2.3,-9.7273569,5.9731822,-21.434578,1.9798654,-.28545833,7.48559,-14.956944,14.386028,-116.4961,44.533577,-203.7803,-29.211891,-1.6276337,5.5399199,-12.485678,9.2304096,-1.3421754,9.2544851,-19.480633,16.796282,-116.21064,45.285133,-204.96786,-27.453411,-114.86846,44.793861,-202.66283,-27.074108
2.4,-9.687974,5.9489994,-21.347799,1.9718498,-.28430262,7.4552836,-14.89639,14.327785,-116.02445,44.353279,-202.95529,-29.093624,-1.621044,5.5174913,-12.435128,9.1930399,-1.3367414,9.2170172,-19.401764,16.728281,-115.74015,45.101791,-204.13805,-27.342264,-114.40341,44.612511,-201.84233,-26.964497
2.5,-9.648592,5.9248161,-21.261019,1.9638342,-.28314692,7.4249778,-14.835835,14.269542,-115.55281,44.172981,-202.13026,-28.975357,-1.6144545,5.4950624,-12.384579,9.1556702,-1.3313075,9.1795502,-19.322895,16.66028,-115.26966,44.918449,-203.30821,-27.231117,-113.93835,44.43116,-201.02182,-26.854885
2.6,-9.60921,5.9006333,-21.17424,1.9558185,-.28199121,7.3946719,-14.775282,14.211299,-115.08117,43.992683,-201.30524,-28.85709,-1.6078649,5.4726334,-12.334029,9.1182995,-1.3258736,9.1420822,-19.244026,16.592278,-114.79918,44.735111,-202.47838,-27.11997,-113.4733,44.249805,-200.20132,-26.745274
2.7,-9.569828,5.8764505,-21.08746,1.9478028,-.28083551,7.3643656,-14.714727,14.153056,-114.60952,43.812386,-200.48022,-28.738823,-1.6012752,5.4502048,-12.28348,9.0809298,-1.3204397,9.1046143,-19.165157,16.524277,-114.32869,44.551769,-201.64854,-27.008821,-113.00825,44.068455,-199.38083,-26.635662
2.8,-9.5304461,5.8522677,-21.000681,1.9397871,-.27967981,7.3340597,-14.654173,14.094813,-114.13788,43.632088,-199.6552,-28.620558,-1.5946857,5.4277759,-12.232931,9.04356,-1.3150058,9.0671473,-19.086288,16.456276,-113.8582,44.368431,-200.81873,-26.897675,-112.54319,43.887104,-198.56033,-26.526051
2.9,-9.4910641,5.8280845,-20.9139,1.9317715,-.2785241,7.3037534,-14.593618,14.03657,-113.66624,43.45179,-198.83017,-28.502291,-1.588096,5.4053469,-12.182382,9.0061893,-1.3095719,9.0296793,-19.007418,16.388275,-113.38771,44.185089,-199.98889,-26.786528,-112.07814,43.705753,-197.73984,-26.416437
3,-9.4516821,5.8039017,-20.82712,1.9237559,-.2773684,7.2734475,-14.533064,13.978327,-113.19459,43.271492,-198.00516,-28.384024,-1.5815064,5.3829184,-12.131832,8.9688196,-1.3041381,8.9922123,-18.928549,16.320274,-112.91722,44.001747,-199.15906,-26.675381,-111.61308,43.524399,-196.91934,-26.306826
3.1,-9.4123001,5.7797189,-20.740341,1.9157403,-.27621269,7.2431417,-14.472509,13.920084,-112.72295,43.091194,-197.18013,-28.265757,-1.5749168,5.3604894,-12.081283,8.9314489,-1.2987041,8.9547443,-18.84968,16.252272,-112.44673,43.818409,-198.32924,-26.564232,-111.14803,43.343048,-196.09885,-26.197214
3.2,-9.3729181,5.7555356,-20.653561,1.9077246,-.27505702,7.2128353,-14.411955,13.861841,-112.2513,42.910896,-196.35512,-28.14749,-1.5683272,5.3380604,-12.030734,8.8940792,-1.2932702,8.9172764,-18.770811,16.184271,-111.97624,43.635067,-197.4994,-26.453085,-110.68298,43.161697,-195.27835,-26.087603
3.3,-9.3335361,5.7313528,-20.566782,1.899709,-.27390131,7.1825294,-14.3514,13.803597,-111.77966,42.730598,-195.53009,-28.029222,-1.5617377,5.3156319,-11.980185,8.8567095,-1.2878363,8.8798094,-18.691942,16.11627,-111.50576,43.451725,-196.66957,-26.341938,-110.21792,42.980347,-194.45786,-25.977991
3.4,-9.2941542,5.70717,-20.480001,1.8916932,-.27274561,7.1522236,-14.290846,13.745355,-111.30801,42.550301,-194.70506,-27.910955,-1.555148,5.2932029,-11.929635,8.8193388,-1.2824024,8.8423414,-18.613073,16.048269,-111.03527,43.268387,-195.83974,-26.230791,-109.75287,42.798992,-193.63734,-25.86838
3.5,-9.2547722,5.6829872,-20.393223,1.8836776,-.27158991,7.1219172,-14.230291,13.687112,-110.83637,42.370003,-193.88005,-27.79269,-1.5485584,5.2707739,-11.879086,8.7819691,-1.2769685,8.8048744,-18.534204,15.980268,-110.56478,43.085045,-195.00992,-26.119642,-109.28781,42.617641,-192.81685,-25.758768
3.6,-9.2153902,5.6588039,-20.306442,1.875662,-.2704342,7.0916114,-14.169737,13.628869,-110.36472,42.189705,-193.05502,-27.674423,-1.5419688,5.2483454,-11.828536,8.7445993,-1.2715346,8.7674065,-18.455336,15.912267,-110.09429,42.901703,-194.18008,-26.008495,-108.82275,42.436291,-191.99635,-25.649155
3.7,-9.1760082,5.6346211,-20.219664,1.8676463,-.2692785,7.0613055,-14.109182,13.570625,-109.89308,42.009407,-192.23001,-27.556156,-1.5353792,5.2259164,-11.777987,8.7072287,-1.2661006,8.7299395,-18.376467,15.844266,-109.6238,42.718365,-193.35025,-25.897348,-108.3577,42.25494,-191.17586,-25.539543
3.8,-9.1366262,5.6104383,-20.132883,1.8596307,-.26812279,7.0309992,-14.048628,13.512383,-109.42144,41.829109,-191.40498,-27.437889,-1.5287895,5.2034874,-11.727438,8.6698589,-1.2606667,8.6924715,-18.297598,15.776264,-109.15331,42.535023,-192.52043,-25.786201,-107.89265,42.073586,-190.35536,-25.429932
3.9,-9.0972443,5.5862556,-20.046104,1.8516151,-.26696709,7.0006933,-13.988073,13.45414,-108.94979,41.648811,-190.57996,-27.319622,-1.5221999,5.1810589,-11.676888,8.6324883,-1.2552328,8.6550035,-18.218729,15.708263,-108.68282,42.351681,-191.6906,-25.675053,-107.42759,41.892235,-189.53487,-25.32032
4,-9.0578623,5.5620723,-19.959324,1.8435993,-.26581138,6.9703875,-13.92752,13.395897,-108.47815,41.468513,-189.75494,-27.201355,-1.5156103,5.1586299,-11.626339,8.5951185,-1.2497989,8.6175365,-18.13986,15.640263,-108.21233,42.168343,-190.86076,-25.563906,-106.96254,41.710884,-188.71437,-25.210709
4.1,-9.0184803,5.5378895,-19.872545,1.8355837,-.26465568,6.9400811,-13.866965,13.337654,-108.00651,41.288216,-188.92992,-27.08309,-1.5090207,5.1362014,-11.57579,8.5577488,-1.244365,8.5800686,-18.060991,15.572261,-107.74185,41.985001,-190.03094,-25.452759,-106.49748,41.529533,-187.89388,-25.101097
4.2,-8.9790983,5.5137067,-19.785765,1.8275681,-.26349998,6.9097753,-13.806411,13.27941,-107.53486,41.107918,-188.1049,-26.964823,-1.5024312,5.1137724,-11.525241,8.5203781,-1.2389312,8.5426016,-17.982122,15.50426,-107.27136,41.801662,-189.20111,-25.341612,-106.03243,41.348183,-187.07338,-24.991486
4.3,-8.9397163,5.4895234,-19.698984,1.8195524,-.26234427,6.8794689,-13.745856,13.221168,-107.06322,40.92762,-187.27988,-26.846556,-1.4958415,5.0913434,-11.474691,8.4830084,-1.2334971,8.5051336,-17.903254,15.436258,-106.80087,41.61832,-188.37128,-25.230463,-105.56738,41.166828,-186.25287,-24.881872
4.4,-8.9003344,5.4653406,-19.612206,1.8115368,-.2611886,6.8491631,-13.685302,13.162925,-106.59157,40.747322,-186.45485,-26.728289,-1.4892519,5.0689144,-11.424142,8.4456387,-1.2280633,8.4676666,-17.824385,15.368258,-106.33038,41.434978,-187.54144,-25.119316,-105.10232,40.985477,-185.43237,-24.772261
4.5,-8.8609524,5.4411578,-19.525425,1.8035212,-.26003289,6.8188572,-13.624747,13.104681,-106.11993,40.567024,-185.62984,-26.610022,-1.4826623,5.0464859,-11.373592,8.408268,-1.2226294,8.4301987,-17.745516,15.300257,-105.85989,41.25164,-186.71162,-25.008169,-104.63727,40.804127,-184.61188,-24.662649
4.6,-8.8215704,5.416975,-19.438646,1.7955055,-.25887719,6.7885513,-13.564193,13.046438,-105.64828,40.386726,-184.80481,-26.491755,-1.4760727,5.0240569,-11.323044,8.3708982,-1.2171955,8.3927317,-17.666647,15.232255,-105.3894,41.068298,-185.88179,-24.897022,-104.17221,40.622772,-183.79138,-24.553038
4.7,-8.7821884,5.3927922,-19.351866,1.7874899,-.25772148,6.758245,-13.503638,12.988195,-105.17664,40.206429,-183.9798,-26.373489,-1.469483,5.0016284,-11.272494,8.3335285,-1.2117616,8.3552637,-17.587778,15.164254,-104.91892,40.884956,-185.05197,-24.785873,-103.70716,40.441422,-182.97089,-24.443426
4.8,-8.7428064,5.368609,-19.265087,1.7794741,-.25656578,6.7279391,-13.443084,12.929953,-104.70499,40.026131,-183.15477,-26.255222,-1.4628935,4.9791994,-11.221945,8.2961578,-1.2063277,8.3177958,-17.508907,15.096253,-104.44843,40.701618,-184.22214,-24.674726,-103.2421,40.260071,-182.15039,-24.333815
4.9,-8.7034245,5.3444262,-19.178307,1.7714585,-.25541008,6.6976328,-13.382529,12.871709,-104.23335,39.845833,-182.32974,-26.136955,-1.4563038,4.9567704,-11.171395,8.2587881,-1.2008938,8.2803288,-17.430038,15.028252,-103.97794,40.518276,-183.3923,-24.56358,-102.77705,40.07872,-181.3299,-24.224203
5,-8.6640425,5.3202434,-19.091528,1.7634429,-.25425437,6.6673269,-13.321975,12.813466,-103.76171,39.665535,-181.50473,-26.018688,-1.4497142,4.9343419,-11.120846,8.2214174,-1.1954598,8.2428608,-17.35117,14.960251,-103.50745,40.334934,-182.56247,-24.452431,-102.312,39.897366,-180.5094,-24.11459
5.1,-8.6246605,5.2960601,-19.004747,1.7554272,-.25309867,6.6370211,-13.26142,12.755223,-103.29006,39.485237,-180.6797,-25.900421,-1.4431247,4.9119129,-11.070297,8.1840477,-1.1900259,8.2053938,-17.272301,14.89225,-103.03696,40.151596,-181.73265,-24.341284,-101.84694,39.716015,-179.6889,-24.004978
5.2,-8.5852785,5.2718773,-18.917969,1.7474116,-.25194296,6.6067147,-13.200867,12.69698,-102.81842,39.304939,-179.85469,-25.782154,-1.436535,4.8894839,-11.019748,8.146678,-1.184592,8.1679258,-17.193432,14.824248,-102.56647,39.968254,-180.90282,-24.230137,-101.38188,39.534664,-178.86841,-23.895367
5.3,-8.5458965,5.2476945,-18.831188,1.739396,-.25078726,6.5764089,-13.140311,12.638737,-102.34677,39.124641,-179.02966,-25.663887,-1.4299453,4.8670549,-10.969198,8.1093073,-1.1791581,8.1304579,-17.114563,14.756248,-102.09599,39.784912,-180.07298,-24.11899,-100.91683,39.353313,-178.0479,-23.785755
5.4,-8.5065145,5.2235117,-18.744408,1.7313802,-.24963157,6.546103,-13.079758,12.580494,-101.87513,38.944344,-178.20464,-25.545622,-1.4233558,4.8446264,-10.918649,8.0719376,-1.1737242,8.0929909,-17.035694,14.688246,-101.6255,39.601574,-179.24315,-24.007841,-100.45177,39.171959,-177.2274,-23.676144
5.5,-8.4671326,5.1993284,-18.657629,1.7233646,-.24847586,6.5157967,-13.019203,12.522251,-101.40349,38.764046,-177.37962,-25.427355,-1.4167662,4.8221974,-10.8681,8.0345678,-1.1682903,8.0555229,-16.956825,14.620245,-101.15501,39.418232,-178.41333,-23.896694,-99.986717,38.990608,-176.40691,-23.566532
5.6,-8.4277506,5.1751456,-18.570848,1.715349,-.24732016,6.4854908,-12.958649,12.464008,-100.93185,38.583748,-176.5546,-25.309088,-1.4101765,4.7997689,-10.817551,7.9971972,-1.1628565,8.0180559,-16.877956,14.552244,-100.68452,39.234894,-177.5835,-23.785547,-99.521667,38.809258,-175.58641,-23.456921
5.7,-8.3883686,5.1509628,-18.48407,1.7073333,-.24616446,6.4551849,-12.898094,12.405766,-100.4602,38.40345,-175.72958,-25.190821,-1.403587,4.7773399,-10.767001,7.9598274,-1.1574225,7.980588,-16.799088,14.484243,-100.21404,39.051552,-176.75368,-23.6744,-99.05661,38.627907,-174.76591,-23.347309
5.8,-8.3489857,5.1267796,-18.397289,1.6993177,-.24500875,6.4248786,-12.83754,12.347522,-99.988556,38.223152,-174.90456,-25.072554,-1.3969973,4.7549109,-10.716452,7.9224572,-1.1519886,7.9431205,-16.720219,14.416242,-99.743546,38.86821,-175.92384,-23.563251,-98.591553,38.446552,-173.94542,-23.237696
5.9,-8.3096037,5.1025968,-18.310511,1.6913021,-.24385306,6.3945727,-12.776985,12.289279,-99.516907,38.042854,-174.07953,-24.954287,-1.3904077,4.7324824,-10.665902,7.885087,-1.1465547,7.905653,-16.64135,14.348241,-99.273056,38.684872,-175.09401,-23.452105,-98.126503,38.265202,-173.12492,-23.128084
6,-8.2702217,5.078414,-18.22373,1.6832864,-.24269736,6.3642669,-12.716431,12.231036,-99.045265,37.862556,-173.25452,-24.836021,-1.3838181,4.7100534,-10.615354,7.8477168,-1.1411208,7.8681855,-16.562481,14.280239,-98.802567,38.50153,-174.26418,-23.340958,-97.661446,38.083851,-172.30443,-23.018473
6.1,-8.2308397,5.0542312,-18.136951,1.6752708,-.24154165,6.3339605,-12.655876,12.172793,-98.573624,37.682259,-172.42949,-24.717754,-1.3772285,4.6876245,-10.564804,7.8103471,-1.1356869,7.830718,-16.483612,14.212238,-98.332085,38.318188,-173.43436,-23.229811,-97.196396,37.9025,-171.48393,-22.908861
6.2,-8.1914577,5.0300484,-18.050171,1.6672552,-.24038595,6.3036547,-12.595322,12.11455,-98.101982,37.501961,-171.60448,-24.599487,-1.370639,4.6651959,-10.514255,7.7729769,-1.130253,7.7932506,-16.404743,14.144238,-97.861595,38.13485,-172.60452,-23.118664,-96.731339,37.721146,-170.66344,-22.79925
6.3,-8.1520758,5.0058651,-17.963392,1.6592394,-.23923025,6.2733483,-12.534767,12.056307,-97.630333,37.321663,-170.77945,-24.48122,-1.3640493,4.642767,-10.463705,7.7356067,-1.124819,7.7557826,-16.325874,14.076236,-97.391106,37.951508,-171.77469,-23.007515,-96.266281,37.539795,-169.84293,-22.689638
6.4,-8.1126938,4.9816823,-17.876612,1.6512238,-.23807454,6.2430425,-12.474213,11.998064,-97.158691,37.141365,-169.95442,-24.362953,-1.3574597,4.620338,-10.413156,7.6982365,-1.1193851,7.7183151,-16.247005,14.008235,-96.920616,37.768166,-170.94485,-22.896368,-95.801231,37.358444,-169.02243,-22.580025
6.5,-8.0733118,4.9574995,-17.789833,1.6432081,-.23691885,6.2127366,-12.413658,11.939821,-96.687042,36.961067,-169.12941,-24.244686,-1.35087,4.5979095,-10.362607,7.6608667,-1.1139512,7.6808476,-16.168137,13.940233,-96.450127,37.584827,-170.11504,-22.785221,-95.336174,37.177094,-168.20193,-22.470413
6.6,-8.0339298,4.9333162,-17.703053,1.6351925,-.23576315,6.1824303,-12.353105,11.881577,-96.215401,36.780769,-168.30438,-24.126421,-1.3442805,4.5754805,-10.312057,7.6234965,-1.1085173,7.6433802,-16.089268,13.872232,-95.979637,37.401485,-169.2852,-22.674072,-94.871124,36.995739,-167.38144,-22.360802
6.7,-7.9945483,4.9091334,-17.616274,1.6271769,-.23460744,6.1521244,-12.29255,11.823335,-95.743759,36.600471,-167.47937,-24.008154,-1.3376908,4.5530515,-10.261508,7.5861263,-1.1030834,7.6059127,-16.010399,13.804232,-95.509148,37.218147,-168.45538,-22.562925,-94.406067,36.814388,-166.56094,-22.25119
6.8,-7.9551659,4.8849506,-17.529493,1.6191611,-.23345174,6.1218185,-12.231996,11.765092,-95.27211,36.420174,-166.65434,-23.889887,-1.3311012,4.530623,-10.210958,7.5487561,-1.0976495,7.5684452,-15.931529,13.73623,-95.038658,37.034805,-167.62555,-22.451778,-93.94101,36.633038,-165.74045,-22.141579
6.9,-7.9157839,4.8607678,-17.442713,1.6111455,-.23229603,6.0915122,-12.171441,11.706849,-94.800468,36.239876,-165.82932,-23.77162,-1.3245116,4.508194,-10.16041,7.5113864,-1.0922155,7.5309777,-15.85266,13.668229,-94.568176,36.851463,-166.79572,-22.340631,-93.47596,36.451687,-164.91995,-22.031967
7,-7.8764019,4.8365846,-17.355934,1.6031299,-.23114035,6.0612063,-12.110887,11.648605,-94.328827,36.059578,-165.0043,-23.653353,-1.317922,4.485765,-10.10986,7.4740162,-1.0867817,7.4935098,-15.773791,13.600228,-94.097687,36.668125,-165.96588,-22.229483,-93.010902,36.270332,-164.09946,-21.922356
7.1,-7.8370199,4.8124018,-17.269154,1.5951142,-.22998464,6.0309005,-12.050332,11.590363,-93.857178,35.87928,-164.17928,-23.535086,-1.3113325,4.4633365,-10.059311,7.436646,-1.0813478,7.4560423,-15.694922,13.532227,-93.627197,36.484783,-165.13606,-22.118336,-92.545845,36.088982,-163.27896,-21.812744
7.2,-7.7976379,4.788219,-17.182375,1.5870986,-.22882894,6.0005941,-11.989778,11.53212,-93.385536,35.698982,-163.35425,-23.416821,-1.3047428,4.4409075,-10.008761,7.3992763,-1.0759139,7.4185748,-15.616054,13.464226,-93.156708,36.301441,-164.30623,-22.007189,-92.080795,35.907631,-162.45845,-21.703133
7.3,-7.758256,4.7640357,-17.095594,1.579083,-.22767323,5.9702883,-11.929223,11.473877,-92.913895,35.518684,-162.52924,-23.298552,-1.2981532,4.4184785,-9.9582119,7.3619061,-1.07048,7.3811073,-15.537185,13.396224,-92.686218,36.118103,-163.47639,-21.89604,-91.615738,35.72628,-161.63795,-21.593519
7.4,-7.718874,4.7398529,-17.008816,1.5710673,-.22651753,5.9399819,-11.868669,11.415633,-92.442245,35.338387,-161.70421,-23.180286,-1.2915636,4.39605,-9.9076633,7.3245358,-1.0650461,7.3436399,-15.458316,13.328223,-92.215729,35.934761,-162.64656,-21.784893,-91.150688,35.544926,-160.81746,-21.483908
7.5,-7.679492,4.7156701,-16.922035,1.5630517,-.22536182,5.9096761,-11.808114,11.35739,-91.970604,35.158089,-160.8792,-23.062019,-1.284974,4.373621,-9.8571138,7.2871656,-1.0596122,7.3061724,-15.379447,13.260222,-91.745239,35.751419,-161.81674,-21.673746,-90.685631,35.363575,-159.99696,-21.374296
7.6,-7.64011,4.6914873,-16.835257,1.5550359,-.22420613,5.8793702,-11.74756,11.299148,-91.498962,34.977791,-160.05417,-22.943752,-1.2783843,4.3511925,-9.8065643,7.2497959,-1.0541782,7.2687049,-15.300578,13.192222,-91.274757,35.568081,-160.98691,-21.562599,-90.220573,35.182224,-159.17647,-21.264685
7.7,-7.600728,4.6673045,-16.748476,1.5470203,-.22305043,5.8490644,-11.687006,11.240905,-91.027313,34.797493,-159.22914,-22.825485,-1.2717948,4.3287635,-9.7560148,7.2124257,-1.0487443,7.2312374,-15.221709,13.12422,-90.804268,35.384739,-160.15707,-21.451452,-89.755524,35.000874,-158.35597,-21.155073
7.8,-7.5613461,4.6431212,-16.661695,1.5390047,-.22189473,5.818758,-11.626451,11.182661,-90.555672,34.617195,-158.40413,-22.707218,-1.2652051,4.3063345,-9.7054653,7.1750555,-1.0433104,7.1937695,-15.142839,13.056219,-90.333778,35.201397,-159.32726,-21.340303,-89.290466,34.819519,-157.53548,-21.04546
7.9,-7.5219641,4.6189384,-16.574917,1.5309891,-.22073902,5.7884521,-11.565896,11.124418,-90.08403,34.436897,-157.5791,-22.588951,-1.2586155,4.2839055,-9.6549168,7.1376853,-1.0378765,7.156302,-15.063971,12.988217,-89.863289,35.018059,-158.49742,-21.229156,-88.825409,34.638168,-156.71498,-20.935848
8,-7.4825821,4.5947556,-16.488136,1.5229734,-.21958332,5.7581458,-11.505342,11.066175,-89.612381,34.256599,-156.75409,-22.470686,-1.252026,4.261477,-9.6043673,7.1003156,-1.0324426,7.1188345,-14.985102,12.920217,-89.392799,34.834717,-157.66759,-21.11801,-88.360359,34.456818,-155.89449,-20.826237
8.1,-7.4431996,4.5705724,-16.401358,1.5149577,-.21842761,5.7278399,-11.444787,11.007933,-89.140739,34.076298,-155.92906,-22.352419,-1.2454363,4.239048,-9.5538177,7.0629454,-1.0270087,7.081367,-14.906233,12.852215,-88.92231,34.651375,-156.83775,-21.006861,-87.895302,34.275463,-155.07397,-20.716625
8.199999999999999,-7.4038181,4.5463896,-16.314577,1.5069422,-.21727192,5.6975341,-11.384233,10.94969,-88.669098,33.896004,-155.10403,-22.234152,-1.2388467,4.2166195,-9.5032682,7.0255752,-1.0215747,7.0438995,-14.827364,12.784214,-88.451828,34.468037,-156.00793,-20.895714,-87.430252,34.094112,-154.25348,-20.607014
8.300000000000001,-7.3644357,4.5222068,-16.227798,1.4989264,-.21611622,5.6672277,-11.323679,10.891446,-88.197449,33.715706,-154.27902,-22.115885,-1.2322571,4.1941905,-9.4527187,6.988205,-1.0161408,7.0064316,-14.748495,12.716213,-87.981331,34.284695,-155.1781,-20.784567,-86.965195,33.912762,-153.43298,-20.497402
8.4,-7.3250542,4.498024,-16.141018,1.4909109,-.21496052,5.6369219,-11.263124,10.833203,-87.725807,33.535408,-153.45399,-21.997618,-1.2256675,4.1717615,-9.4021702,6.9508352,-1.010707,6.9689646,-14.669626,12.648212,-87.510849,34.101357,-154.34828,-20.67342,-86.500145,33.731411,-152.61249,-20.387791
8.5,-7.2856717,4.4738407,-16.054239,1.4828951,-.21380481,5.606616,-11.20257,10.774961,-87.254166,33.35511,-152.62897,-21.879351,-1.2190778,4.149333,-9.3516207,6.913465,-1.0052731,6.9314966,-14.590757,12.580211,-87.040359,33.918015,-153.51845,-20.562271,-86.035088,33.55006,-151.79199,-20.278179
8.6,-7.2462897,4.4496579,-15.967459,1.4748795,-.21264911,5.5763097,-11.142015,10.716717,-86.782516,33.174809,-151.80396,-21.761084,-1.2124883,4.126904,-9.3010712,6.8760948,-.99983913,6.8940291,-14.511888,12.51221,-86.56987,33.734673,-152.68861,-20.451124,-85.57003,33.368706,-150.9715,-20.168566
8.699999999999999,-7.2069077,4.4254751,-15.88068,1.4668639,-.21149342,5.5460038,-11.081461,10.658474,-86.310875,32.994514,-150.97893,-21.642818,-1.2058986,4.104475,-9.2505226,6.8387251,-.99440527,6.8565617,-14.43302,12.444209,-86.09938,33.551334,-151.85878,-20.339977,-85.10498,33.187355,-150.151,-20.058954
8.800000000000001,-7.1675258,4.4012918,-15.7939,1.4588482,-.21033771,5.5156975,-11.020906,10.600231,-85.839233,32.814213,-150.15392,-21.524551,-1.199309,4.082046,-9.1999731,6.8013544,-.98897129,6.8190942,-14.35415,12.376207,-85.628891,33.367992,-151.02896,-20.22883,-84.639923,33.006004,-149.33051,-19.949343
8.9,-7.1281438,4.3771091,-15.707121,1.4508326,-.20918201,5.4853916,-10.960353,10.541988,-85.367592,32.633919,-149.32889,-21.406284,-1.1927195,4.0596175,-9.1494236,6.7639847,-.98353744,6.7816267,-14.275282,12.308207,-85.158409,33.184654,-150.19913,-20.117683,-84.174866,32.824654,-148.51001,-19.839731
9,-7.0887618,4.3529263,-15.62034,1.4428169,-.2080263,5.4550858,-10.899797,10.483746,-84.895943,32.453621,-148.50386,-21.288017,-1.1861298,4.0371885,-9.0988741,6.7266145,-.97810352,6.7441587,-14.196412,12.240205,-84.68792,33.001312,-149.36929,-20.006535,-83.709816,32.643299,-147.6895,-19.73012
9.1,-7.0493798,4.3287435,-15.533561,1.4348012,-.2068706,5.4247794,-10.839243,10.425502,-84.424294,32.273319,-147.67885,-21.16975,-1.1795402,4.0147595,-9.0483246,6.6892443,-.9726696,6.7066913,-14.117543,12.172204,-84.217422,32.81797,-148.53946,-19.895388,-83.244759,32.461948,-146.869,-19.620508
9.199999999999999,-7.0099978,4.3045607,-15.446781,1.4267856,-.20571491,5.3944736,-10.778689,10.367259,-83.952652,32.093025,-146.85382,-21.051485,-1.1729506,3.992331,-8.997776,6.6518745,-.96723568,6.6692238,-14.038674,12.104203,-83.746941,32.634628,-147.70964,-19.784241,-82.779701,32.280598,-146.04851,-19.510897
9.300000000000001,-6.9706159,4.2803774,-15.360002,1.41877,-.20455919,5.3641677,-10.718134,10.309016,-83.48101,31.912725,-146.02881,-20.933218,-1.166361,3.969902,-8.9472265,6.6145043,-.96180177,6.6317563,-13.959805,12.036201,-83.276451,32.45129,-146.87981,-19.673092,-82.314651,32.099243,-145.22801,-19.401283
9.4,-6.9312339,4.2561946,-15.273222,1.4107543,-.2034035,5.3338618,-10.65758,10.250773,-83.009369,31.732428,-145.20378,-20.814951,-1.1597714,3.9474735,-8.896677,6.5771341,-.95636791,6.5942888,-13.880937,11.968201,-82.805962,32.267948,-146.04999,-19.561945,-81.849594,31.917894,-144.40752,-19.291674
9.5,-6.8918519,4.2320118,-15.186442,1.4027387,-.2022478,5.3035555,-10.597026,10.19253,-82.53772,31.55213,-144.37875,-20.696684,-1.1531818,3.9250445,-8.8461275,6.5397639,-.95093399,6.5568213,-13.802068,11.9002,-82.335472,32.084606,-145.22015,-19.450798,-81.384537,31.736542,-143.58702,-19.18206
9.6,-6.8524694,4.2078285,-15.099662,1.3947229,-.20109209,5.2732496,-10.536471,10.134287,-82.066078,31.371832,-143.55374,-20.578417,-1.1465921,3.9026155,-8.795578,6.5023937,-.94550002,6.5193534,-13.723198,11.832198,-81.864983,31.901266,-144.39032,-19.339649,-80.919487,31.555189,-142.76653,-19.072449
9.699999999999999,-6.8130879,4.1836457,-15.012883,1.3867074,-.19993639,5.2429438,-10.475917,10.076044,-81.594437,31.191534,-142.72871,-20.46015,-1.1400026,3.880187,-8.7450294,6.465024,-.94006616,6.4818864,-13.64433,11.764197,-81.394501,31.717928,-143.56049,-19.228504,-80.45443,31.373838,-141.94603,-18.962837
9.800000000000001,-6.7737055,4.1594629,-14.926103,1.3786917,-.19878069,5.2126374,-10.415362,10.017801,-81.122787,31.011236,-141.90369,-20.341883,-1.133413,3.857758,-8.6944799,6.4276538,-.93463224,6.4444184,-13.56546,11.696196,-80.924011,31.534586,-142.73067,-19.117355,-79.989372,31.192486,-141.12552,-18.853226
9.9,-6.734324,4.1352801,-14.839324,1.370676,-.197625,5.1823316,-10.354808,9.9595585,-80.651146,30.830938,-141.07867,-20.223618,-1.1268233,3.8353293,-8.6439304,6.3902841,-.92919838,6.406951,-13.486592,11.628195,-80.453522,31.351246,-141.90083,-19.006208,-79.524323,31.011135,-140.30504,-18.743614
10,-6.6949415,4.1110969,-14.752543,1.3626604,-.19646929,5.1520252,-10.294253,9.9013147,-80.179504,30.65064,-140.25365,-20.10535,-1.1202338,3.8129003,-8.5933809,6.3529139,-.92376441,6.3694835,-13.407722,11.560194,-79.983032,31.167906,-141.071,-18.895061,-79.059265,30.829784,-139.48453,-18.634003
10.1,-6.6555595,4.0869141,-14.665764,1.3546448,-.19531359,5.1217194,-10.233699,9.8430719,-79.707855,30.470343,-139.42863,-19.987083,-1.1136441,3.7904716,-8.5428314,6.3155437,-.91833049,6.332016,-13.328854,11.492192,-79.512543,30.984564,-140.24117,-18.783913,-78.594208,30.648432,-138.66403,-18.524389
10.2,-6.6161776,4.0627313,-14.578984,1.3466291,-.19415788,5.0914135,-10.173144,9.7848291,-79.236214,30.290045,-138.60361,-19.868816,-1.1070545,3.7680428,-8.4922829,6.2781734,-.91289663,6.2945485,-13.249985,11.424191,-79.042053,30.801224,-139.41135,-18.672766,-78.129158,30.467081,-137.84354,-18.414778
10.3,-6.5767956,4.038548,-14.492205,1.3386134,-.19300218,5.0611072,-10.11259,9.7265854,-78.764565,30.109747,-137.77858,-19.750549,-1.1004648,3.7456138,-8.4417334,6.2408032,-.90746272,6.2570806,-13.171116,11.356191,-78.571564,30.617882,-138.58151,-18.561619,-77.664101,30.285728,-137.02304,-18.305166
10.4,-6.5374136,4.0143652,-14.405425,1.3305979,-.19184649,5.0308013,-10.052036,9.6683426,-78.292923,29.929449,-136.95357,-19.632284,-1.0938753,3.7231851,-8.3911839,6.2034335,-.9020288,6.2196136,-13.092247,11.28819,-78.101082,30.434544,-137.75169,-18.450472,-77.199051,30.104378,-136.20255,-18.195555
10.5,-6.4980316,3.9901824,-14.318645,1.3225821,-.19069079,5.0004954,-9.9914818,9.6100998,-77.821281,29.749151,-136.12854,-19.514017,-1.0872856,3.7007563,-8.3406343,6.1660633,-.89659488,6.1821456,-13.013378,11.220188,-77.630592,30.251202,-136.92186,-18.339323,-76.733994,29.923025,-135.38205,-18.085943
10.6,-6.4586496,3.9659994,-14.231866,1.3145665,-.18953507,4.9701891,-9.9309263,9.551856,-77.349632,29.568851,-135.30353,-19.395748,-1.080696,3.6783273,-8.2900848,6.1286931,-.89116096,6.1446781,-12.934508,11.152186,-77.160103,30.06786,-136.09203,-18.228176,-76.268936,29.741673,-134.56155,-17.976332
10.7,-6.4192677,3.9418166,-14.145086,1.3065509,-.18837938,4.9398832,-9.8703728,9.4936142,-76.877991,29.388556,-134.4785,-19.277483,-1.0741065,3.6558986,-8.2395363,6.0913234,-.88572711,6.1072106,-12.85564,11.084186,-76.689613,29.884521,-135.26219,-18.117029,-75.803886,29.560322,-133.74106,-17.86672
10.8,-6.3798857,3.9176335,-14.058307,1.2985352,-.18722367,4.9095769,-9.8098183,9.4353704,-76.406349,29.208258,-133.65347,-19.159216,-1.0675168,3.6334698,-8.1889868,6.0539532,-.88029313,6.0697432,-12.776771,11.016185,-76.219124,29.70118,-134.43237,-18.00588,-75.338829,29.378969,-132.92055,-17.757107
10.9,-6.3405037,3.8934507,-13.971527,1.2905196,-.18606798,4.879271,-9.7492638,9.3771276,-75.934708,29.02796,-132.82846,-19.040949,-1.0609273,3.6110411,-8.1384373,6.016583,-.87485927,6.0322757,-12.697903,10.948184,-75.748634,29.517839,-133.60254,-17.894735,-74.873779,29.197618,-132.10007,-17.647497
11,-6.3011217,3.8692677,-13.884748,1.282504,-.18491226,4.8489652,-9.6887093,9.3188848,-75.463058,28.847662,-132.00343,-18.922682,-1.0543376,3.5886121,-8.0878878,5.9792128,-.86942536,5.9948082,-12.619033,10.880182,-75.278145,29.334499,-132.77271,-17.783587,-74.408722,29.016268,-131.27956,-17.537884
11.1,-6.2617393,3.8450847,-13.797967,1.2744882,-.18375656,4.8186588,-9.6281548,9.2606411,-74.991417,28.667362,-131.17841,-18.804415,-1.047748,3.5661833,-8.0373383,5.9418426,-.86399144,5.9573402,-12.540164,10.812181,-74.807655,29.151157,-131.94287,-17.67244,-73.943665,28.834915,-130.45906,-17.428272
11.2,-6.2223577,3.8209019,-13.711188,1.2664726,-.18260087,4.788353,-9.5676003,9.2023983,-74.519775,28.487066,-130.35339,-18.68615,-1.0411584,3.5437546,-7.9867897,5.9044728,-.85855752,5.9198728,-12.461295,10.744181,-74.337173,28.967817,-131.11305,-17.561293,-73.478615,28.653564,-129.63857,-17.318661
11.3,-6.1829753,3.7967191,-13.624408,1.2584569,-.18144517,4.7580471,-9.5070457,9.1441555,-74.048126,28.306768,-129.52837,-18.567883,-1.0345688,3.5213256,-7.9362402,5.8671026,-.85312361,5.8824053,-12.382426,10.676179,-73.866684,28.784477,-130.28322,-17.450144,-73.013557,28.472212,-128.81807,-17.209049
11.4,-6.1435938,3.7725363,-13.537629,1.2504413,-.18028946,4.7277412,-9.4464912,9.0859127,-73.576485,28.126471,-128.70335,-18.449615,-1.0279793,3.4988968,-7.8856912,5.8297329,-.84768975,5.8449378,-12.303557,10.608178,-73.396194,28.601137,-129.4534,-17.338997,-72.548508,28.290861,-127.99757,-17.099438
11.5,-6.1042113,3.7483532,-13.450849,1.2424257,-.17913376,4.6974349,-9.3859367,9.0276699,-73.104836,27.946173,-127.87833,-18.331348,-1.0213896,3.4764681,-7.8351417,5.7923627,-.84225583,5.8074703,-12.224689,10.540176,-72.925705,28.417795,-128.62357,-17.22785,-72.08345,28.109509,-127.17707,-16.989824
11.6,-6.0648293,3.7241702,-13.364069,1.2344099,-.17797805,4.6671286,-9.3253822,8.9694262,-72.633194,27.765873,-127.05331,-18.213081,-1.0148,3.4540391,-7.7845922,5.7549925,-.83682185,5.7700024,-12.145819,10.472176,-72.455215,28.234455,-127.79373,-17.116701,-71.618393,27.928156,-126.35658,-16.880213
11.7,-6.0254474,3.6999874,-13.277289,1.2263944,-.17682236,4.6368227,-9.2648287,8.9111834,-72.161552,27.585577,-126.22829,-18.094814,-1.0082103,3.4316103,-7.7340431,5.7176223,-.831388,5.7325354,-12.066951,10.404175,-71.984726,28.051115,-126.96391,-17.005554,-71.153343,27.746805,-125.53608,-16.770601
11.8,-5.9860654,3.6758044,-13.19051,1.2183787,-.17566666,4.6065168,-9.2042732,8.8529406,-71.689903,27.405277,-125.40327,-17.976547,-1.0016208,3.4091816,-7.6834936,5.6802521,-.82595408,5.6950674,-11.988081,10.336173,-71.514236,27.867773,-126.13407,-16.894407,-70.688286,27.565453,-124.71558,-16.66099
11.9,-5.9466839,3.6516216,-13.10373,1.2103631,-.17451096,4.576211,-9.1437197,8.7946978,-71.218262,27.224981,-124.57825,-17.858282,-.99503118,3.3867528,-7.6329446,5.6428823,-.82052016,5.6576004,-11.909213,10.268172,-71.043755,27.684433,-125.30424,-16.78326,-70.223236,27.384102,-123.89509,-16.551378
12,-5.9073014,3.6274385,-13.016951,1.2023474,-.17335525,4.5459046,-9.0831652,8.736454,-70.74662,27.044683,-123.75322,-17.740015,-.98844153,3.3643239,-7.5823951,5.6055121,-.81508625,5.6201324,-11.830343,10.200171,-70.573265,27.501093,-124.47441,-16.672113,-69.758179,27.202751,-123.07458,-16.441767
12.1,-5.8679194,3.6032555,-12.93017,1.1943318,-.17219955,4.5155988,-9.0226097,8.6782112,-70.274971,26.864384,-122.9282,-17.621748,-.98185188,3.3418949,-7.5318456,5.5681419,-.80965233,5.582665,-11.751474,10.13217,-70.102776,27.317751,-123.64458,-16.560965,-69.293121,27.021399,-122.25409,-16.332153
12.2,-5.8285375,3.5790727,-12.843391,1.1863161,-.17104386,4.4852929,-8.9620562,8.6199684,-69.803329,26.684088,-122.10318,-17.503481,-.97526228,3.3194664,-7.4812965,5.5307722,-.80421847,5.5451975,-11.672606,10.064169,-69.632286,27.134411,-122.81476,-16.449818,-68.828072,26.840048,-121.43359,-16.222544
12.3,-5.7891555,3.5548897,-12.756611,1.1783005,-.16988815,4.4549866,-8.9015017,8.5617247,-69.331688,26.503788,-121.27816,-17.385214,-.96867269,3.2970374,-7.430747,5.493402,-.79878455,5.5077295,-11.593737,9.9961672,-69.161797,26.951071,-121.98492,-16.338671,-68.363014,26.658695,-120.6131,-16.11293
12.4,-5.7497735,3.5307069,-12.669832,1.1702849,-.16873245,4.4246807,-8.8409472,8.5034828,-68.860046,26.323492,-120.45314,-17.266949,-.9620831,3.2746086,-7.380198,5.4560318,-.79335064,5.4702625,-11.514868,9.9281664,-68.691315,26.767731,-121.1551,-16.227524,-67.897964,26.477345,-119.7926,-16.003319
12.5,-5.7103915,3.5065238,-12.583052,1.1622691,-.16757675,4.3943744,-8.7803926,8.4452391,-68.388397,26.143194,-119.62811,-17.148682,-.95549345,3.2521799,-7.3296485,5.4186616,-.78791672,5.4327946,-11.435999,9.8601656,-68.220818,26.584389,-120.32526,-16.116375,-67.432907,26.295992,-118.9721,-15.893707
12.6,-5.6710091,3.4823408,-12.496272,1.1542535,-.16642104,4.3640685,-8.7198381,8.3869963,-67.916756,25.962894,-118.80309,-17.030415,-.94890386,3.2297509,-7.279099,5.3812914,-.7824828,5.3953271,-11.357129,9.7921638,-67.750328,26.401049,-119.49544,-16.005228,-66.96785,26.114639,-118.1516,-15.784095
12.7,-5.6316276,3.458158,-12.409492,1.1462379,-.16526535,4.3337626,-8.6592836,8.3287535,-67.445114,25.782598,-117.97807,-16.912148,-.94231427,3.2073221,-7.22855,5.3439217,-.77704889,5.3578596,-11.278261,9.7241631,-67.279846,26.217709,-118.66561,-15.894081,-66.5028,25.933289,-117.33111,-15.674484
12.8,-5.5922451,3.4339752,-12.322713,1.1382222,-.16410963,4.3034563,-8.5987291,8.2705097,-66.973465,25.602299,-117.15305,-16.79388,-.93572462,3.1848931,-7.1780005,5.3065515,-.77161497,5.3203921,-11.199391,9.6561613,-66.809357,26.034367,-117.83578,-15.782933,-66.037743,25.751936,-116.5106,-15.564872
12.9,-5.5528636,3.4097924,-12.235933,1.1302066,-.16295394,4.2731504,-8.5381756,8.2122669,-66.501823,25.422003,-116.32803,-16.675613,-.92913502,3.1624646,-7.1274514,5.2691817,-.76618111,5.2829247,-11.120523,9.5881615,-66.338867,25.851028,-117.00595,-15.671786,-65.572685,25.570585,-115.69012,-15.455261
13,-5.5134816,3.3856094,-12.149154,1.122191,-.16179824,4.2428446,-8.4776201,8.1540241,-66.030174,25.241703,-115.50301,-16.557346,-.92254543,3.1400356,-7.0769019,5.2318115,-.76074719,5.2454572,-11.041654,9.5201597,-65.868378,25.667686,-116.17612,-15.560638,-65.107635,25.389235,-114.86961,-15.345649
13.1,-5.4740992,3.3614264,-12.062374,1.1141752,-.16064253,4.2125382,-8.4170656,8.0957804,-65.558533,25.061405,-114.67799,-16.439079,-.91595578,3.1176066,-7.0263529,5.1944413,-.75531328,5.2079892,-10.962785,9.452158,-65.397888,25.484344,-115.34629,-15.449491,-64.642578,25.207882,-114.04912,-15.236036
13.2,-5.4347177,3.3372436,-11.975595,1.1061597,-.15948683,4.1822324,-8.3565121,8.0375385,-65.086891,24.881109,-113.85297,-16.320814,-.90936619,3.0951781,-6.9758039,5.1570711,-.74987936,5.1705217,-10.883916,9.3841572,-64.927406,25.301006,-114.51646,-15.338344,-64.177521,25.026531,-113.22862,-15.126425
13.3,-5.3953352,3.3130605,-11.888815,1.0981439,-.15833113,4.151926,-8.2959576,7.9792948,-64.615242,24.700809,-113.02794,-16.202547,-.9027766,3.0727491,-6.9252543,5.1197009,-.74444544,5.1330543,-10.805047,9.3161564,-64.456917,25.117664,-113.68663,-15.227196,-63.712467,24.845179,-112.40812,-15.016813
13.4,-5.3559537,3.2888777,-11.802035,1.0901283,-.15717544,4.1216207,-8.2354031,7.921052,-64.1436,24.520514,-112.20293,-16.08428,-.89618701,3.0503204,-6.8747053,5.0823312,-.73901159,5.0955868,-10.726178,9.2481556,-63.986427,24.934324,-112.8568,-15.116049,-63.247417,24.663828,-111.58763,-14.907202
13.5,-5.3165712,3.2646947,-11.715256,1.0821127,-.15601973,4.0913143,-8.1748486,7.8628087,-63.671955,24.340214,-111.3779,-15.966013,-.88959736,3.0278914,-6.8241558,5.044961,-.73357761,5.0581193,-10.647309,9.1801538,-63.515938,24.750984,-112.02697,-15.004901,-62.78236,24.482475,-110.76713,-14.797589
13.6,-5.2771893,3.2405117,-11.628475,1.074097,-.15486403,4.061008,-8.1142941,7.8045654,-63.20031,24.159916,-110.55288,-15.847746,-.88300771,3.0054626,-6.7736063,5.0075908,-.72814369,5.0206513,-10.568439,9.1121521,-63.045448,24.567642,-111.19714,-14.893753,-62.317303,24.301123,-109.94663,-14.687978
13.7,-5.2378073,3.2163289,-11.541697,1.0660814,-.15370832,4.0307021,-8.0537395,7.7463231,-62.728668,23.979618,-109.72786,-15.72948,-.87641817,2.9830339,-6.7230573,4.970221,-.72270983,4.9831843,-10.489572,9.0441513,-62.574963,24.384302,-110.36732,-14.782607,-61.852253,24.119772,-109.12614,-14.578366
13.8,-5.1984253,3.1921458,-11.454916,1.0580658,-.15255262,4.0003963,-7.993185,7.6880798,-62.257023,23.79932,-108.90283,-15.611213,-.86982852,2.9606049,-6.6725078,4.9328504,-.71727592,4.9457164,-10.410702,8.9761505,-62.104469,24.20096,-109.53748,-14.671459,-61.387196,23.938419,-108.30563,-14.468754
13.9,-5.1590433,3.167963,-11.368137,1.0500501,-.15139693,3.9700902,-7.932631,7.629837,-61.785381,23.619024,-108.07782,-15.492947,-.86323893,2.9381764,-6.6219587,4.8954806,-.711842,4.9082494,-10.331834,8.9081497,-61.633984,24.017622,-108.70766,-14.560312,-60.922142,23.757069,-107.48515,-14.359143
14,-5.1196613,3.14378,-11.281357,1.0420344,-.15024123,3.939784,-7.872076,7.5715938,-61.313736,23.438725,-107.25279,-15.37468,-.85664934,2.9157474,-6.5714092,4.8581104,-.70640808,4.8707814,-10.252964,8.840148,-61.163494,23.83428,-107.87782,-14.449164,-60.457088,23.575716,-106.66464,-14.249531
14.1,-5.0802794,3.119597,-11.194577,1.0340188,-.14908552,3.9094779,-7.8115215,7.5133505,-60.842091,23.258427,-106.42776,-15.256413,-.85005969,2.8933184,-6.5208597,4.8207402,-.70097417,4.8333139,-10.174095,8.7721472,-60.693005,23.650938,-107.048,-14.338017,-59.992031,23.394365,-105.84414,-14.139918
14.2,-5.0408974,3.0954142,-11.107798,1.0260031,-.14792982,3.8791721,-7.7509675,7.4551077,-60.370449,23.078129,-105.60275,-15.138146,-.8434701,2.8708897,-6.4703107,4.7833705,-.69554031,4.7958465,-10.095226,8.7041464,-60.222519,23.4676,-106.21817,-14.22687,-59.526978,23.213015,-105.02365,-14.030308
14.3,-5.0015154,3.0712314,-11.021018,1.0179875,-.14677411,3.848866,-7.690413,7.3968644,-59.898804,22.897831,-104.77773,-15.019879,-.83688045,2.8484609,-6.4197612,4.7460003,-.69010633,4.758379,-10.016357,8.6361446,-59.752029,23.284258,-105.38834,-14.115722,-59.061924,23.031662,-104.20315,-13.920695
14.4,-4.9621334,3.0470486,-10.934238,1.0099719,-.14561842,3.8185601,-7.6298585,7.3386221,-59.427162,22.717535,-103.95271,-14.901613,-.83029091,2.8260322,-6.3692122,4.7086306,-.68467247,4.7209115,-9.9374886,8.5681438,-59.281544,23.100918,-104.55851,-14.004575,-58.59687,22.850311,-103.38266,-13.811084
14.5,-4.9227514,3.0228655,-10.847459,1.0019562,-.1444627,3.788254,-7.569304,7.2803788,-58.955517,22.537235,-103.12769,-14.783345,-.82370126,2.8036032,-6.3186626,4.6712599,-.67923856,4.6834435,-9.8586197,8.5001421,-58.811054,22.917578,-103.72868,-13.893427,-58.131813,22.668959,-102.56216,-13.701472
14.6,-4.883369,2.9986825,-10.760678,.99394053,-.143307,3.7579479,-7.5087495,7.2221355,-58.483871,22.356937,-102.30266,-14.665078,-.81711161,2.7811744,-6.2681131,4.6338897,-.67380464,4.6459761,-9.7797499,8.4321413,-58.340561,22.734236,-102.89885,-13.782279,-57.666759,22.487606,-101.74165,-13.59186
14.7,-4.8439875,2.9744997,-10.6739,.9859249,-.14215131,3.7276421,-7.4481955,7.1638927,-58.01223,22.17664,-101.47765,-14.546812,-.81052208,2.7587457,-6.2175641,4.5965199,-.66837072,4.6085086,-9.700882,8.3641405,-57.870075,22.550896,-102.06902,-13.671132,-57.201706,22.306255,-100.92117,-13.482248
14.8,-4.804605,2.9503167,-10.587119,.97790921,-.14099561,3.6973357,-7.3876405,7.1056495,-57.540581,21.996342,-100.65262,-14.428545,-.80393243,2.7363167,-6.1670146,4.5591497,-.66293681,4.5710411,-9.6220121,8.2961388,-57.399586,22.367556,-101.23919,-13.559984,-56.736649,22.124903,-100.10066,-13.372637
14.9,-4.7652235,2.9261339,-10.50034,.96989363,-.1398399,3.6670299,-7.3270864,7.0474067,-57.068939,21.816044,-99.827606,-14.310279,-.79734284,2.7138879,-6.1164656,4.52178,-.65750295,4.5335736,-9.5431442,8.228138,-56.9291,22.184216,-100.40936,-13.448838,-56.271599,21.943552,-99.280174,-13.263025
15,-4.725841,2.9019508,-10.41356,.96187794,-.1386842,3.6367238,-7.2665319,6.9891634,-56.597294,21.635746,-99.002579,-14.192012,-.79075319,2.6914592,-6.0659161,4.4844098,-.65206903,4.4961061,-9.4642744,8.1601372,-56.458611,22.000874,-99.579529,-13.33769,-55.806541,21.762199,-98.459671,-13.153413
15.1,-4.6864591,2.8777678,-10.32678,.95386225,-.13752849,3.6064177,-7.2059774,6.9309201,-56.125648,21.455448,-98.177551,-14.073745,-.78416359,2.6690302,-6.0153666,4.4470396,-.64663506,4.4586382,-9.3854055,8.0921354,-55.988121,21.817533,-98.749702,-13.226542,-55.341484,21.580849,-97.639168,-13.043801
15.2,-4.6470771,2.853585,-10.240001,.94584668,-.1363728,3.5761118,-7.1454229,6.8726773,-55.654007,21.27515,-97.352539,-13.955479,-.777574,2.6466014,-5.9648175,4.4096694,-.6412012,4.4211712,-9.3065367,8.0241346,-55.517635,21.634193,-97.919876,-13.115396,-54.876434,21.399498,-96.81868,-12.93419
15.3,-4.6076951,2.829402,-10.153221,.93783098,-.1352171,3.5458057,-7.0848684,6.8144341,-55.182362,21.094852,-96.527512,-13.837212,-.77098435,2.6241727,-5.914268,4.3722992,-.63576728,4.3837032,-9.2276678,7.9561334,-55.047146,21.450851,-97.090042,-13.004248,-54.411377,21.218145,-95.998177,-12.824577
15.4,-4.5683131,2.8052192,-10.066442,.92981535,-.1340614,3.5154998,-7.0243144,6.7561917,-54.71072,20.914555,-95.702492,-13.718946,-.76439482,2.6017439,-5.863719,4.3349295,-.63033342,4.3462358,-9.1487989,7.8881326,-54.57666,21.267511,-96.260216,-12.893101,-53.946327,21.036795,-95.177681,-12.714967
15.5,-4.5289311,2.7810361,-9.9796619,.92179966,-.13290569,3.4851937,-6.9637599,6.6979485,-54.239075,20.734257,-94.877472,-13.600677,-.75780517,2.5793149,-5.8131695,4.2975593,-.62489945,4.3087683,-9.0699301,7.8201313,-54.106167,21.084171,-95.430382,-12.781953,-53.48127,20.855442,-94.357185,-12.605354
15.6,-4.4895492,2.7568531,-9.8928823,.91378403,-.13174999,3.4548874,-6.9032049,6.6397052,-53.767429,20.553959,-94.052444,-13.48241,-.75121552,2.556886,-5.76262,4.2601891,-.61946553,4.2713003,-8.9910612,7.7521296,-53.635677,20.900829,-94.600555,-12.670805,-53.016212,20.674089,-93.536682,-12.495742
15.7,-4.4501672,2.7326703,-9.8061028,.90576839,-.1305943,3.4245815,-6.8426509,6.5814624,-53.295788,20.373661,-93.227432,-13.364144,-.74462593,2.5344574,-5.7120709,4.2228193,-.61403167,4.2338333,-8.9121923,7.6841288,-53.165192,20.717489,-93.770729,-12.559658,-52.551163,20.492739,-92.716194,-12.386131
15.8,-4.4107852,2.7084875,-9.7193232,.8977527,-.12943859,3.3942754,-6.7820964,6.5232191,-52.824142,20.193363,-92.402405,-13.245877,-.73803633,2.5120285,-5.6615214,4.1854491,-.60859776,4.1963654,-8.8333235,7.6161275,-52.694702,20.534149,-92.940895,-12.44851,-52.086105,20.311386,-91.895691,-12.276519
15.9,-4.3714032,2.6843047,-9.6325436,.88973713,-.12828289,3.3639696,-6.7215424,6.4649763,-52.352501,20.013065,-91.577385,-13.127611,-.73144674,2.4895997,-5.6109724,4.1480789,-.60316384,4.1588984,-8.7544546,7.5481267,-52.224216,20.350809,-92.111069,-12.337363,-51.621052,20.130035,-91.075195,-12.166907
16,-4.3320212,2.6601217,-9.545764,.88172144,-.12712719,3.3336635,-6.6609874,6.406733,-51.880856,19.832767,-90.752365,-13.009344,-.72485709,2.467171,-5.5604229,4.1107087,-.59772992,4.1214304,-8.6755848,7.4801254,-51.753727,20.167467,-91.281235,-12.226215,-51.155998,19.948683,-90.2547,-12.057295
16.1,-4.2926388,2.6359386,-9.4589834,.87370574,-.12597148,3.3033574,-6.6004329,6.3484898,-51.409206,19.65247,-89.927338,-12.891077,-.7182675,2.444742,-5.5098734,4.0733385,-.592296,4.0839629,-8.5967159,7.4121242,-51.283237,19.984127,-90.451408,-12.115068,-50.690941,19.767332,-89.434196,-11.947683
16.2,-4.2532568,2.6117556,-9.3722038,.86569005,-.12481578,3.2730513,-6.5398784,6.2902465,-50.937561,19.47217,-89.102318,-12.77281,-.71167785,2.422313,-5.4593244,4.0359683,-.58686209,4.046495,-8.5178471,7.3441224,-50.812748,19.800785,-89.621574,-12.003921,-50.225883,19.585979,-88.613701,-11.838071
16.3,-4.2138753,2.5875731,-9.2854252,.85767454,-.12366009,3.2427456,-6.4793248,6.2320046,-50.465923,19.291876,-88.277306,-12.654545,-.70508832,2.3998845,-5.4087758,3.9985991,-.58142823,4.009028,-8.4389791,7.2761226,-50.342266,19.617447,-88.791756,-11.892775,-49.760838,19.404631,-87.793213,-11.728461
16.4,-4.1744933,2.56339,-9.1986456,.84965885,-.12250438,3.2124395,-6.4187698,6.1737614,-49.994278,19.111576,-87.452278,-12.536278,-.69849873,2.3774557,-5.3582263,3.9612286,-.57599431,3.9715605,-8.3601093,7.2081213,-49.871773,19.434107,-87.961922,-11.781627,-49.29578,19.223278,-86.97271,-11.618849
16.5,-4.1351109,2.539207,-9.111865,.84164321,-.12134868,3.1821334,-6.3582153,6.1155181,-49.522633,18.931278,-86.627258,-12.418011,-.69190907,2.3550267,-5.3076768,3.9238584,-.5705604,3.9340928,-8.2812405,7.1401196,-49.401283,19.250765,-87.132088,-11.670479,-48.830723,19.041925,-86.152214,-11.509236
16.6,-4.0957289,2.5150239,-9.0250854,.83362752,-.12019297,3.1518271,-6.2976608,6.0572748,-49.050987,18.750978,-85.802231,-12.299743,-.68531942,2.3325977,-5.2571273,3.8864882,-.56512648,3.896625,-8.2023716,7.0721183,-48.930794,19.067423,-86.302254,-11.559331,-48.365669,18.860573,-85.331711,-11.399624
16.7,-4.0563469,2.4908409,-8.9383049,.82561183,-.11903726,3.121521,-6.2371058,5.9990315,-48.579342,18.570681,-84.977203,-12.181476,-.67872977,2.310169,-5.2065778,3.849118,-.5596925,3.8591573,-8.1235018,7.004117,-48.460304,18.884083,-85.472427,-11.448183,-47.900612,18.67922,-84.511208,-11.290012
16.8,-4.0169654,2.4666584,-8.8515272,.81759632,-.11788158,3.0912154,-6.1765528,5.9407892,-48.107704,18.390385,-84.152199,-12.06321,-.6721403,2.2877405,-5.1560292,3.8117485,-.5542587,3.8216903,-8.0446339,6.9361167,-47.989822,18.700745,-84.642609,-11.337037,-47.435562,18.497871,-83.690727,-11.180402
16.9,-3.9775832,2.4424753,-8.7647467,.80958062,-.11672588,3.0609093,-6.1159978,5.8825459,-47.636059,18.210087,-83.327171,-11.944943,-.66555065,2.2653115,-5.1054797,3.7743783,-.54882479,3.7842226,-7.965765,6.8681154,-47.519333,18.517403,-83.812775,-11.225889,-46.970509,18.316519,-82.870224,-11.070789
17,-3.938201,2.4182923,-8.6779671,.80156493,-.11557017,3.0306032,-6.0554433,5.8243027,-47.164413,18.029789,-82.502151,-11.826676,-.658961,2.2428825,-5.0549302,3.7370081,-.54339087,3.7467549,-7.8868957,6.8001142,-47.048843,18.334063,-82.982941,-11.114741,-46.505451,18.135166,-82.049728,-10.961178
17.1,-3.8988187,2.3941092,-8.5911865,.79354924,-.11441446,3.0002971,-5.9948888,5.7660594,-46.692768,17.849489,-81.677124,-11.708409,-.65237135,2.2204537,-5.0043807,3.6996379,-.53795689,3.7092874,-7.8080263,6.7321124,-46.578354,18.150721,-82.153107,-11.003593,-46.040394,17.953814,-81.229225,-10.851565
17.2,-3.8594368,2.3699265,-8.5044069,.78553361,-.11325876,2.969991,-5.9343338,5.7078166,-46.221119,17.669191,-80.852097,-11.590142,-.64578176,2.1980247,-4.9538312,3.6622677,-.53252298,3.6718197,-7.729157,6.6641111,-46.107861,17.967379,-81.32328,-10.892446,-45.57534,17.772463,-80.408722,-10.741953
17.3,-3.8200552,2.3457439,-8.4176283,.77751803,-.11210307,2.9396853,-5.8737803,5.6495743,-45.749485,17.488895,-80.027092,-11.471877,-.63919222,2.1755962,-4.9032826,3.6248982,-.52708918,3.6343527,-7.6502895,6.5961113,-45.637383,17.78404,-80.493462,-10.781301,-45.110291,17.591114,-79.588242,-10.632343
17.4,-3.780673,2.3215609,-8.3308487,.7695024,-.11094737,2.9093792,-5.8132257,5.591331,-45.27784,17.308598,-79.202065,-11.35361,-.63260257,2.1531675,-4.8527331,3.587528,-.5216552,3.596885,-7.5714202,6.5281096,-45.166889,17.6007,-79.663628,-10.670153,-44.645237,17.409761,-78.767738,-10.522731
17.5,-3.741291,2.2973778,-8.2440681,.76148671,-.10979166,2.8790729,-5.7526712,5.5330877,-44.80619,17.1283,-78.377045,-11.235343,-.62601298,2.1307385,-4.8021836,3.5501578,-.51622128,3.5594172,-7.4925508,6.4601083,-44.6964,17.417358,-78.833794,-10.559005,-44.18018,17.228409,-77.947243,-10.413118
17.6,-3.7019088,2.2731948,-8.1572886,.75347102,-.10863595,2.8487668,-5.6921163,5.4748445,-44.334545,16.948,-77.552017,-11.117075,-.61942333,2.1083095,-4.7516341,3.5127873,-.51078737,3.5219495,-7.4136815,6.392107,-44.22591,17.234016,-78.00396,-10.447857,-43.715122,17.047056,-77.12674,-10.303507
17.7,-3.6625266,2.2490118,-8.070509,.74545532,-.10748025,2.8184607,-5.6315618,5.4166012,-43.8629,16.767702,-76.72699,-10.998808,-.61283368,2.0858805,-4.7010846,3.4754171,-.50535345,3.4844818,-7.3348122,6.3241053,-43.755421,17.050676,-77.174133,-10.336709,-43.250065,16.865704,-76.306236,-10.193894
17.8,-3.6231451,2.2248292,-7.9837303,.73743981,-.10632457,2.7881551,-5.5710082,5.3583589,-43.391262,16.587406,-75.901985,-10.880544,-.60624421,2.0634522,-4.6505361,3.4380476,-.49991962,3.4470148,-7.2559447,6.2561054,-43.284939,16.867338,-76.344315,-10.225563,-42.785019,16.684355,-75.485756,-10.084284
17.9,-3.5837631,2.2006462,-7.8969502,.72942412,-.10516886,2.757849,-5.5104537,5.3001161,-42.919617,16.407108,-75.076958,-10.762276,-.59965456,2.0410233,-4.5999866,3.4006774,-.49448568,3.4095471,-7.1770754,6.1881042,-42.814449,16.683996,-75.514481,-10.114415,-42.319962,16.503002,-74.665253,-9.9746723
18,-3.5443809,2.1764631,-7.8101702,.72140843,-.10401315,2.7275429,-5.4498987,5.2418728,-42.447971,16.22681,-74.25193,-10.644009,-.5930649,2.0185943,-4.549437,3.3633072,-.48905176,3.3720794,-7.098206,6.1201024,-42.34396,16.500656,-74.684647,-10.003267,-41.854908,16.32165,-73.844749,-9.8650599
18.1,-3.5049987,2.1522801,-7.7233901,.71339279,-.10285745,2.6972368,-5.3893442,5.1836295,-41.976326,16.046511,-73.42691,-10.525742,-.58647525,1.9961654,-4.4988875,3.325937,-.48361784,3.3346119,-7.0193367,6.0521011,-41.873466,16.317314,-73.854813,-9.8921194,-41.389851,16.140297,-73.024254,-9.7554474
18.2,-3.4656165,2.1280971,-7.63661,.7053771,-.10170174,2.6669304,-5.3287897,5.1253862,-41.504681,15.866213,-72.601883,-10.407475,-.57988566,1.9737365,-4.448338,3.2885668,-.4781839,3.2971442,-6.9404674,5.9840999,-41.402977,16.133972,-73.024986,-9.7809715,-40.924793,15.958945,-72.203751,-9.6458359
18.3,-3.4262352,2.1039145,-7.5498319,.69736159,-.10054605,2.6366251,-5.2682362,5.0671439,-41.033043,15.685917,-71.776878,-10.289209,-.57329613,1.951308,-4.3977895,3.2511973,-.47275007,3.2596772,-6.8615999,5.9160995,-40.932495,15.950635,-72.195168,-9.6698265,-40.459747,15.777596,-71.38327,-9.5362253
18.4,-3.386853,2.0797315,-7.4630518,.6893459,-.09939035,2.606319,-5.2076812,5.0089006,-40.561398,15.505619,-70.951851,-10.170942,-.56670648,1.9288791,-4.34724,3.2138271,-.46731615,3.2222095,-6.7827306,5.8480983,-40.462006,15.767294,-71.365334,-9.5586786,-39.99469,15.596244,-70.562767,-9.4266129
18.5,-3.3474708,2.0555484,-7.3762717,.6813302,-.098234646,2.5760126,-5.1471267,4.9506574,-40.089752,15.32532,-70.126823,-10.052675,-.56011689,1.9064502,-4.2966905,3.1764569,-.4618822,3.1847417,-6.7038612,5.780097,-39.991516,15.583953,-70.5355,-9.4475307,-39.529633,15.414892,-69.742264,-9.3170013
18.6,-3.3080888,2.0313654,-7.2894921,.67331451,-.097078934,2.5457065,-5.0865722,4.8924141,-39.618103,15.145021,-69.301804,-9.9344082,-.55352724,1.8840213,-4.246141,3.1390867,-.45644829,3.147274,-6.6249919,5.7120953,-39.521027,15.400611,-69.705666,-9.3363829,-39.064579,15.23354,-68.921768,-9.2073889
18.7,-3.2687066,2.0071826,-7.2027121,.66529882,-.09592323,2.5154004,-5.0260172,4.8341708,-39.146458,14.964723,-68.476776,-9.8161402,-.54693758,1.8615924,-4.1955914,3.1017165,-.45101437,3.1098063,-6.546123,5.644094,-39.050537,15.21727,-68.875839,-9.225235,-38.599522,15.052187,-68.101265,-9.0977764
18.8,-3.2293251,1.9829999,-7.1159334,.65728331,-.094767548,2.4850948,-4.9654641,4.775929,-38.67482,14.784428,-67.651772,-9.697876,-.54034805,1.8391639,-4.1450429,3.064347,-.44558054,3.0723393,-6.4672551,5.5760942,-38.580055,15.033932,-68.046021,-9.114089,-38.134472,14.870838,-67.280785,-8.9881668
18.9,-3.1899431,1.9588169,-7.0291533,.64926761,-.093611844,2.4547887,-4.9049091,4.7176857,-38.203175,14.60413,-66.826744,-9.579608,-.53375846,1.816735,-4.0944934,3.0269766,-.4401466,3.0348716,-6.3883858,5.5080924,-38.109566,14.850591,-67.216187,-9.0029411,-37.669418,14.689486,-66.460281,-8.8785543
19,-3.1505609,1.9346339,-6.9423738,.64125198,-.092456132,2.4244826,-4.8443546,4.6594424,-37.731529,14.423831,-66.001717,-9.4613409,-.52716881,1.794306,-4.0439439,2.9896064,-.43471268,2.9974041,-6.3095164,5.4400911,-37.639072,14.66725,-66.386353,-8.8917933,-37.204361,14.508134,-65.639778,-8.7689419
19.1,-3.1111786,1.9104509,-6.8555937,.63323629,-.091300428,2.3941765,-4.7838001,4.6011992,-37.259884,14.243532,-65.176697,-9.3430738,-.52057916,1.7718772,-3.9933946,2.9522362,-.42927873,2.9599364,-6.2306471,5.3720899,-37.168583,14.483908,-65.556519,-8.7806454,-36.739304,14.326781,-64.819283,-8.6593294
19.2,-3.0717964,1.8862679,-6.7688136,.6252206,-.090144724,2.3638701,-4.7232451,4.5429559,-36.788239,14.063233,-64.351669,-9.2248068,-.51398957,1.7494483,-3.9428451,2.914866,-.42384481,2.9224687,-6.1517782,5.3040886,-36.698093,14.300567,-64.726692,-8.6694975,-36.27425,14.145429,-63.998779,-8.5497179
19.3,-3.0324152,1.8620853,-6.682035,.61720508,-.088989042,2.3335648,-4.6626916,4.4847136,-36.316601,13.882938,-63.526661,-9.1065416,-.50740004,1.7270198,-3.8922966,2.8774965,-.41841099,2.8850017,-6.0729103,5.2360883,-36.227612,14.117229,-63.896873,-8.5583515,-35.8092,13.96408,-63.178295,-8.4401073
19.4,-2.9930329,1.8379023,-6.5952554,.60918939,-.08783333,2.3032584,-4.6021371,4.4264703,-35.844955,13.70264,-62.701637,-8.9882746,-.50081038,1.7045908,-3.841747,2.8401263,-.41297707,2.8475339,-5.994041,5.168087,-35.757122,13.933887,-63.067039,-8.4472036,-35.344147,13.782727,-62.357796,-8.3304949
19.5,-2.9536507,1.8137193,-6.5084753,.6011737,-.086677626,2.2729523,-4.5415826,4.368227,-35.37331,13.522342,-61.87661,-8.8700075,-.49422076,1.6821619,-3.7911975,2.8027561,-.40754312,2.8100662,-5.9151716,5.1000853,-35.286633,13.750546,-62.237206,-8.3360567,-34.879089,13.601376,-61.537292,-8.2208834
19.6,-2.9142685,1.7895362,-6.4216952,.59315801,-.085521922,2.2426462,-4.4810276,4.3099837,-34.901665,13.342043,-61.051586,-8.7517405,-.48763111,1.6597331,-3.740648,2.7653859,-.40210921,2.7725985,-5.8363023,5.032084,-34.816143,13.567205,-61.407375,-8.2249088,-34.414032,13.420023,-60.716793,-8.1112709
19.7,-2.8748865,1.7653532,-6.3349152,.58514237,-.084366217,2.2123401,-4.4204731,4.2517405,-34.430019,13.161744,-60.226563,-8.6334724,-.48104149,1.6373041,-3.6900985,2.7280157,-.39667526,2.7351308,-5.7574334,4.9640827,-34.34565,13.383863,-60.577541,-8.1137609,-33.948975,13.23867,-59.896294,-8.0016584
19.8,-2.835505,1.7411706,-6.248137,.5771268,-.083210528,2.1820345,-4.3599195,4.1934986,-33.958382,12.981449,-59.401554,-8.5152082,-.47445199,1.6148757,-3.63955,2.6906462,-.39124146,2.6976638,-5.6785655,4.8960824,-33.875172,13.200526,-59.747726,-8.002615,-33.483929,13.057322,-59.075809,-7.8920488
19.9,-2.7961228,1.7169877,-6.1613569,.56911117,-.082054824,2.1517284,-4.299365,4.1352553,-33.486736,12.80115,-58.57653,-8.3969412,-.46786234,1.5924467,-3.5890005,2.653276,-.38580751,2.6601961,-5.5996962,4.8280811,-33.404678,13.017184,-58.917892,-7.8914671,-33.018871,12.875969,-58.255306,-7.7824364
20,-2.7567408,1.6928047,-6.0745769,.56109548,-.080899119,2.1214223,-4.2388101,4.0770121,-33.015087,12.620852,-57.751503,-8.2786732,-.46127272,1.5700178,-3.538451,2.6159058,-.3803736,2.6227286,-5.5208268,4.7600799,-32.934189,12.833843,-58.088058,-7.7803192,-32.553818,12.694617,-57.434807,-7.6728244
20.1,-2.7173586,1.6686217,-5.9877968,.55307978,-.079743415,2.091116,-4.1782556,4.0187688,-32.543442,12.440554,-56.926479,-8.1604061,-.45468307,1.5475889,-3.4879017,2.5785353,-.37493965,2.5852609,-5.441958,4.6920786,-32.463699,12.650502,-57.258228,-7.6691713,-32.08876,12.513265,-56.614307,-7.5632119
20.2,-2.6779764,1.6444386,-5.9010167,.54506409,-.078587703,2.0608099,-4.1177011,3.9605255,-32.071796,12.260255,-56.101456,-8.0421391,-.44809344,1.52516,-3.4373522,2.5411651,-.36950573,2.5477931,-5.3630886,4.6240768,-31.99321,12.46716,-56.428394,-7.5580235,-31.623703,12.331912,-55.793808,-7.4535999
20.3,-2.6385949,1.6202561,-5.8142385,.53704858,-.077432021,2.0305045,-4.0571475,3.9022834,-31.600161,12.07996,-55.276447,-7.9238739,-.44150394,1.5027316,-3.3868036,2.5037956,-.36407191,2.5103261,-5.2842207,4.556077,-31.522728,12.283823,-55.598579,-7.446878,-31.158655,12.150563,-54.973324,-7.3439898
20.4,-2.5992129,1.596073,-5.7274585,.52903289,-.076276317,2.0001981,-3.9965928,3.8440402,-31.128513,11.899661,-54.45142,-7.8056068,-.43491429,1.4803026,-3.3362541,2.4664254,-.35863799,2.4728584,-5.2053514,4.4880757,-31.052238,12.100481,-54.768745,-7.3357301,-30.6936,11.969211,-54.152821,-7.2343774
20.5,-2.5598307,1.57189,-5.6406784,.52101719,-.075120613,1.969892,-3.936038,3.7857969,-30.656868,11.719362,-53.626396,-7.6873398,-.42832467,1.4578737,-3.2857046,2.4290552,-.35320404,2.4353907,-5.126482,4.420074,-30.581747,11.91714,-53.938911,-7.2245822,-30.228544,11.787858,-53.332321,-7.1247654
20.6,-2.5204484,1.5477071,-5.5538983,.51300156,-.073964901,1.9395859,-3.8754835,3.7275536,-30.185223,11.539063,-52.801373,-7.5690727,-.42173502,1.4354447,-3.2351551,2.391685,-.34777012,2.397923,-5.0476131,4.3520727,-30.111258,11.733799,-53.109081,-7.1134343,-29.763487,11.606506,-52.511822,-7.0151534
20.7,-2.4810662,1.523524,-5.4671187,.50498587,-.072809197,1.9092797,-3.8149288,3.6693103,-29.713575,11.358766,-51.976349,-7.4508052,-.4151454,1.4130158,-3.1846056,2.3543148,-.34233618,2.3604553,-4.9687438,4.2840714,-29.640766,11.550458,-52.279247,-7.0022864,-29.298431,11.425154,-51.691322,-6.9055409
20.8,-2.441685,1.4993415,-5.3803401,.49697033,-.071653515,1.8789742,-3.7543752,3.6110682,-29.24194,11.178471,-51.151337,-7.3325405,-.40855587,1.3905873,-3.134057,2.3169453,-.33690235,2.3229883,-4.8898759,4.2160711,-29.170286,11.36712,-51.449432,-6.8911405,-28.833384,11.243805,-50.870834,-6.7959309
20.9,-2.4023027,1.4751585,-5.29356,.48895463,-.070497811,1.8486681,-3.6938207,3.552825,-28.770294,10.998172,-50.326313,-7.214273,-.40196624,1.3681585,-3.0835075,2.2795751,-.33146843,2.2855208,-4.8110065,4.1480699,-28.699795,11.183779,-50.619598,-6.7799931,-28.368328,11.062452,-50.050335,-6.6863189
21,-2.3629205,1.4509754,-5.20678,.48093897,-.069342099,1.8183619,-3.633266,3.4945817,-28.298647,10.817873,-49.501289,-7.0960059,-.39537659,1.3457296,-3.032958,2.2422049,-.32603452,2.2480531,-4.7321372,4.0800686,-28.229305,11.000437,-49.789764,-6.6688452,-27.903271,10.8811,-49.229836,-6.5767064
21.1,-2.3235385,1.4267924,-5.1200004,.47292328,-.068186395,1.7880558,-3.5727112,3.4363384,-27.827002,10.637574,-48.676266,-6.9777389,-.38878697,1.3233006,-2.9824085,2.2048347,-.32060057,2.2105854,-4.6532683,4.0120668,-27.758816,10.817096,-48.959934,-6.5576973,-27.438215,10.699748,-48.409336,-6.4670944
21.2,-2.2841563,1.4026093,-5.0332203,.46490762,-.067030691,1.7577496,-3.5121567,3.3780951,-27.355356,10.457276,-47.851238,-6.8594713,-.38219735,1.3008717,-2.931859,2.1674645,-.31516665,2.1731176,-4.574399,3.9440656,-27.288324,10.633755,-48.1301,-6.4465494,-26.973158,10.518395,-47.588833,-6.357482
21.3,-2.2447748,1.3784268,-4.9464417,.45689207,-.065875009,1.7274441,-3.4516032,3.3198531,-26.883718,10.27698,-47.02623,-6.7412066,-.37560782,1.2784432,-2.8813105,2.130095,-.30973282,2.1356506,-4.4955311,3.8760655,-26.817844,10.450417,-47.300285,-6.3354034,-26.50811,10.337047,-46.768349,-6.2478719
21.4,-2.2053926,1.3542439,-4.8596616,.44887641,-.064719297,1.6971378,-3.3910484,3.2616098,-26.412073,10.096683,-46.201206,-6.6229391,-.3690182,1.2560143,-2.830761,2.0927246,-.30429888,2.0981829,-4.4166617,3.808064,-26.347353,10.267076,-46.470451,-6.2242556,-26.043055,10.155694,-45.947849,-6.1382599
21.5,-2.1660106,1.3300608,-4.772882,.44086072,-.063563593,1.6668317,-3.3304937,3.2033665,-25.940428,9.9163837,-45.376183,-6.5046721,-.36242855,1.2335855,-2.7802114,2.0553544,-.29886496,2.0607152,-4.3377924,3.7400627,-25.876863,10.083734,-45.640617,-6.1131077,-25.577999,9.9743414,-45.12735,-6.0286474
21.6,-2.1266284,1.3058778,-4.6861019,.43284503,-.062407888,1.6365256,-3.2699392,3.1451232,-25.468781,9.7360849,-44.551159,-6.386405,-.35583892,1.2111565,-2.7296622,2.0179842,-.29343104,2.0232475,-4.2589235,3.6720612,-25.406374,9.9003925,-44.810787,-6.0019603,-25.112942,9.7929897,-44.30685,-5.9190354
21.7,-2.0872462,1.2816948,-4.5993218,.42482936,-.06125218,1.6062194,-3.2093844,3.08688,-24.997135,9.5557861,-43.726131,-6.2681375,-.34924927,1.1887276,-2.6791127,1.9806139,-.2879971,1.9857799,-4.1800542,3.6040599,-24.935883,9.7170515,-43.980953,-5.8908124,-24.647886,9.6116371,-43.486347,-5.8094234
21.8,-2.0478649,1.2575122,-4.5125437,.41681382,-.060096499,1.5759139,-3.1488309,3.0286379,-24.525497,9.3754911,-42.901123,-6.1498728,-.34265977,1.1662991,-2.6285641,1.9432445,-.28256327,1.9483129,-4.1011863,3.5360599,-24.465401,9.5337133,-43.151138,-5.7796664,-24.182838,9.4302883,-42.665863,-5.6998134
21.9,-2.0084827,1.2333292,-4.4257636,.40879816,-.058940791,1.5456077,-3.0882764,2.9703946,-24.053852,9.1951923,-42.076099,-6.0316052,-.33607015,1.1438702,-2.5780146,1.9058743,-.27712935,1.9108452,-4.0223169,3.4680583,-23.994911,9.3503723,-42.321304,-5.6685185,-23.717781,9.2489357,-41.845364,-5.5902009
22,-1.9691005,1.2091461,-4.3389835,.40078247,-.057785086,1.5153016,-3.0277216,2.9121513,-23.582207,9.0148945,-41.251076,-5.9133382,-.3294805,1.1214412,-2.5274651,1.868504,-.27169544,1.8733774,-3.9434478,3.4000571,-23.524422,9.1670313,-41.49147,-5.5573707,-23.252726,9.0675831,-41.024864,-5.4805889
22.1,-1.9297184,1.1849632,-4.2522035,.3927668,-.056629378,1.4849955,-2.9671669,2.8539083,-23.110559,8.8345957,-40.426048,-5.7950711,-.32289088,1.0990124,-2.4769156,1.8311338,-.26626149,1.8359098,-3.8645785,3.3320556,-23.05393,8.9836893,-40.66164,-5.4462228,-22.78767,8.8862314,-40.204361,-5.3709764
22.2,-1.8903362,1.1607802,-4.1654234,.38475111,-.055473674,1.4546893,-2.9066124,2.795665,-22.638914,8.6542969,-39.601025,-5.6768036,-.31630123,1.0765835,-2.4263661,1.7937636,-.26082757,1.7984421,-3.7857094,3.2640543,-22.583441,8.8003483,-39.831806,-5.3350754,-22.322613,8.7048788,-39.383862,-5.2613645
22.3,-1.8509548,1.1365976,-4.0786452,.3767356,-.054317988,1.4243838,-2.8460588,2.7374227,-22.167278,8.4740019,-38.776016,-5.5585389,-.30971172,1.054155,-2.3758175,1.756394,-.25539374,1.7609751,-3.7068415,3.196054,-22.112959,8.6170101,-39.001991,-5.2239294,-21.857565,8.52353,-38.563377,-5.1517544
22.4,-1.8115726,1.1124146,-3.9918652,.36871991,-.053162284,1.3940775,-2.7855041,2.6791794,-21.695631,8.2937031,-37.950993,-5.4402719,-.3031221,1.0317261,-2.325268,1.7190238,-.24995981,1.7235074,-3.6279724,3.1280527,-21.642469,8.4336691,-38.172157,-5.1127815,-21.392509,8.3421774,-37.742878,-5.0421419
22.5,-1.7721905,1.0882316,-3.9050851,.36070421,-.052006576,1.3637714,-2.7249494,2.6209364,-21.223986,8.1134052,-37.125965,-5.3220043,-.29653245,1.0092971,-2.2747185,1.6816536,-.24452588,1.6860397,-3.549103,3.0600512,-21.17198,8.2503281,-37.342323,-5.0016336,-20.927454,8.1608248,-36.922375,-4.9325299
22.6,-1.7328082,1.0640485,-3.818305,.35268855,-.050850872,1.3334652,-2.6643949,2.5626931,-20.75234,7.9331064,-36.300941,-5.2037373,-.28994283,.98686826,-2.224169,1.6442834,-.23909195,1.6485721,-3.4702337,2.9920499,-20.701488,8.0669861,-36.512493,-4.8904858,-20.462397,7.9794726,-36.101875,-4.8229179
22.7,-1.6934261,1.0398655,-3.7315252,.34467286,-.049695164,1.3031591,-2.6038401,2.5044498,-20.280693,7.7528076,-35.475918,-5.0854702,-.28335318,.96443933,-2.1736195,1.6069132,-.23365802,1.6111044,-3.3913646,2.9240484,-20.230999,7.8836451,-35.682659,-4.7793379,-19.997341,7.7981205,-35.281376,-4.7133055
22.8,-1.6540447,1.0156829,-3.6447468,.33665735,-.048539478,1.2728536,-2.5432866,2.4462078,-19.809057,7.5725126,-34.650909,-4.967205,-.27676368,.94201088,-2.123071,1.5695437,-.22822419,1.5736374,-3.3124969,2.8560483,-19.760517,7.7003074,-34.852844,-4.6681924,-19.532293,7.6167717,-34.460892,-4.6036954
22.9,-1.6146625,.99149996,-3.5579667,.32864165,-.047383774,1.2425474,-2.4827321,2.3879645,-19.33741,7.3922138,-33.825886,-4.848938,-.27017403,.91958195,-2.0725214,1.5321735,-.22279027,1.5361696,-3.2336276,2.7880471,-19.290028,7.5169659,-34.02301,-4.5570445,-19.067236,7.4354191,-33.640392,-4.4940834
23,-1.5752804,.96731693,-3.4711869,.32062599,-.046228066,1.2122413,-2.4221773,2.3297212,-18.865765,7.2119155,-33.000858,-4.7306705,-.26358441,.89715302,-2.0219719,1.4948032,-.21735634,1.498702,-3.1547582,2.7200456,-18.819536,7.3336248,-33.193176,-4.4458966,-18.60218,7.2540669,-32.819889,-4.3844709
23.1,-1.5358982,.94313395,-3.3844068,.3126103,-.045072362,1.1819351,-2.3616226,2.2714779,-18.394119,7.0316167,-32.175835,-4.6124034,-.25699478,.87472415,-1.9714226,1.457433,-.21192241,1.4612343,-3.0758891,2.6520443,-18.349047,7.1502833,-32.363346,-4.3347487,-18.137125,7.0727143,-31.99939,-4.274859
23.2,-1.4965161,.91895092,-3.2976267,.30459461,-.043916654,1.151629,-2.3010681,2.2132347,-17.922474,6.8513184,-31.350811,-4.4941363,-.25040513,.85229522,-1.920873,1.4200628,-.20648848,1.4237666,-2.9970198,2.5840428,-17.878557,6.9669418,-31.533512,-4.2236009,-17.672068,6.8913622,-31.17889,-4.1652465
23.3,-1.4571347,.89476836,-3.2108483,.29657909,-.042760972,1.1213233,-2.2405145,2.1549926,-17.450836,6.6710229,-30.525801,-4.3758712,-.24381563,.82986671,-1.8703245,1.3826933,-.20105465,1.3862996,-2.9181521,2.5160427,-17.408075,6.7836041,-30.703695,-4.1124554,-17.20702,6.7100129,-30.358404,-4.0556364
23.4,-1.4177525,.87058532,-3.1240685,.2885634,-.041605264,1.0910172,-2.1799598,2.0967493,-16.979191,6.4907246,-29.700777,-4.2576041,-.23722599,.80743784,-1.819775,1.3453231,-.19562073,1.3488319,-2.8392828,2.4480412,-16.937586,6.6002631,-29.873863,-4.0013075,-16.741964,6.5286608,-29.537905,-3.9460244
23.5,-1.3783704,.84640235,-3.0372884,.28054774,-.04044956,1.0607111,-2.119405,2.038506,-16.507544,6.3104258,-28.875751,-4.1393366,-.23063636,.78500891,-1.7692255,1.3079529,-.1901868,1.3113643,-2.7604134,2.3800399,-16.467094,6.4169216,-29.044029,-3.8901596,-16.276909,6.3473086,-28.717403,-3.8364122
23.6,-1.3389882,.82221931,-2.9505084,.27253205,-.039293852,1.0304049,-2.0588505,1.9802628,-16.035898,6.1301274,-28.050728,-4.0210695,-.22404672,.76257998,-1.7186761,1.2705826,-.18475287,1.2738966,-2.6815443,2.3120384,-15.996605,6.2335801,-28.214197,-3.7790117,-15.811852,6.165956,-27.896904,-3.7268
23.7,-1.2996061,.79803628,-2.8637285,.26451638,-.038138147,1.0000988,-1.9982958,1.9220195,-15.564253,5.9498286,-27.225702,-3.9028022,-.21745709,.74015111,-1.6681266,1.2332124,-.17931893,1.2364289,-2.602675,2.2440372,-15.526114,6.0502391,-27.384365,-3.6678638,-15.346795,5.9846039,-27.076403,-3.6171877
23.8,-1.2602246,.77385372,-2.7769501,.25650084,-.036982462,.96979326,-1.9377424,1.8637774,-15.092615,5.7695336,-26.400694,-3.7845373,-.21086757,.71772259,-1.617578,1.1958429,-.17388511,1.1989619,-2.5238073,2.1760371,-15.055634,5.8669009,-26.554548,-3.5567181,-14.881748,5.8032546,-26.255919,-3.5075777
23.9,-1.2208425,.74967074,-2.69017,.24848516,-.035826758,.9394871,-1.8771876,1.8055341,-14.62097,5.5892353,-25.575668,-3.6662703,-.20427793,.69529366,-1.5670285,1.1584727,-.16845118,1.1614941,-2.4449379,2.1080356,-14.585143,5.6835599,-25.724716,-3.4455702,-14.416692,5.6219025,-25.435417,-3.3979654
24,-1.1814603,.72548771,-2.60339,.24046949,-.03467105,.90918094,-1.816633,1.7472908,-14.149323,5.4089365,-24.750645,-3.548003,-.1976883,.67286479,-1.516479,1.1211025,-.16301726,1.1240265,-2.3660686,2.0400343,-14.114653,5.5002184,-24.894882,-3.3344226,-13.951635,5.4405499,-24.614918,-3.2883532
24.1,-1.1420782,.70130467,-2.5166101,.23245381,-.033515345,.87887478,-1.7560784,1.6890476,-13.677678,5.2286382,-23.925619,-3.4297357,-.19109868,.65043586,-1.4659295,1.0837322,-.15758333,1.0865588,-2.2871995,1.9720328,-13.644162,5.3168774,-24.06505,-3.2232747,-13.486579,5.2591977,-23.794416,-3.178741
24.2,-1.1026959,.6771217,-2.4298301,.22443813,-.032359637,.84856868,-1.6955236,1.6308044,-13.206032,5.0483394,-23.100595,-3.3114686,-.18450904,.62800694,-1.41538,1.0463619,-.15214939,1.0490911,-2.2083302,1.9040314,-13.173673,5.1335359,-23.235218,-3.1121268,-13.021523,5.0778456,-22.973917,-3.069129
24.3,-1.0633146,.65293914,-2.3430517,.2164226,-.031203955,.81826311,-1.6349702,1.5725622,-12.734395,4.8680444,-22.275587,-3.1932034,-.17791952,.60557848,-1.3648316,1.0089924,-.14671557,1.0116241,-2.1294625,1.8360313,-12.703191,4.9501982,-22.405401,-3.0009811,-12.556476,4.8964963,-22.153433,-2.9595187
24.4,-1.0239325,.62875611,-2.2562718,.20840691,-.030048249,.78795695,-1.5744154,1.5143189,-12.262749,4.6877456,-21.450562,-3.0749364,-.17132989,.58314955,-1.3142821,.97162223,-.14128163,.97415644,-2.0505931,1.7680299,-12.2327,4.7668567,-21.575569,-2.8898332,-12.091419,4.7151442,-21.332932,-2.8499067
24.5,-.98455024,.60457307,-2.1694918,.20039123,-.028892543,.75765079,-1.5138608,1.4560757,-11.791103,4.5074472,-20.625538,-2.9566691,-.16474025,.56072062,-1.2637326,.93425202,-.13584772,.93668872,-1.9717239,1.7000285,-11.762211,4.5835156,-20.745735,-2.7786853,-11.626363,4.5337915,-20.512432,-2.7402945
24.6,-.94516808,.5803901,-2.0827117,.19237556,-.027736837,.72734463,-1.4533062,1.3978325,-11.319457,4.3271484,-19.800512,-2.8384018,-.15815061,.53829175,-1.213183,.89688182,-.13041379,.89922106,-1.8928547,1.6320271,-11.29172,4.4001741,-19.915903,-2.6675377,-11.161306,4.3524394,-19.691931,-2.6306822
24.7,-.90578592,.55620706,-1.9959317,.18435988,-.026581131,.69703847,-1.3927515,1.3395892,-10.847812,4.1468501,-18.975489,-2.7201347,-.15156098,.51586282,-1.1626335,.85951155,-.12497985,.86175334,-1.8139853,1.5640258,-10.82123,4.2168326,-19.086071,-2.5563898,-10.69625,4.1710868,-18.871431,-2.52107
24.8,-.86640453,.5320245,-1.9091533,.17634435,-.025425445,.66673291,-1.332198,1.281347,-10.376174,3.9665549,-18.150478,-2.6018698,-.14497148,.49343434,-1.112085,.82214206,-.11954603,.8242864,-1.7351177,1.4960256,-10.350749,4.0334949,-18.256254,-2.4452441,-10.231203,3.989738,-18.050945,-2.4114599
24.9,-.82702237,.50784147,-1.8223734,.16832867,-.024269739,.63642681,-1.2716433,1.2231039,-9.9045286,3.7862563,-17.325455,-2.4836025,-.13838184,.47100544,-1.0615355,.78477186,-.11411209,.78681868,-1.6562485,1.4280242,-9.8802586,3.8501537,-17.426422,-2.3340962,-9.7661467,3.8083858,-17.230446,-2.3018477
25,-.78764021,.48365846,-1.7355934,.160313,-.023114033,.60612065,-1.2110887,1.1648606,-9.4328823,3.6059577,-16.500429,-2.3653352,-.1317922,.44857651,-1.010986,.7474016,-.10867817,.74935102,-1.5773791,1.3600228,-9.4097681,3.6668124,-16.596588,-2.2229483,-9.3010902,3.6270335,-16.409945,-2.1922355
25.1,-.74825805,.45947546,-1.6488134,.1522973,-.021958327,.57581449,-1.150534,1.1066173,-8.961237,3.4256592,-15.675406,-2.2470682,-.12520257,.42614761,-.96043652,.71003139,-.10324424,.71188331,-1.4985099,1.2920214,-8.9392786,3.4834709,-15.766756,-2.1118004,-8.8360338,3.4456811,-15.589445,-2.0826232
25.2,-.70887589,.43529245,-1.5620334,.14428163,-.020802621,.54550833,-1.0899793,1.0483741,-8.4895906,3.2453606,-14.850381,-2.1288009,-.11861293,.40371868,-.90988702,.67266119,-.097810313,.67441559,-1.4196407,1.22402,-8.4687881,3.3001297,-14.936923,-2.0006526,-8.3709774,3.2643287,-14.768945,-1.9730111
25.3,-.66949445,.41110989,-1.475255,.1362661,-.019646937,.51520276,-1.0294259,.99013191,-8.0179539,3.0650654,-14.025372,-2.010536,-.11202342,.3812902,-.85933852,.63529164,-.092376485,.63694865,-1.3407729,1.1560199,-7.9983068,3.116792,-14.107106,-1.8895069,-7.9059305,3.0829797,-13.94846,-1.8634011
25.4,-.63011229,.38692686,-1.3884751,.12825042,-.018491231,.48489663,-.96887118,.9318887,-7.5463076,2.8847668,-13.200347,-1.8922687,-.10543378,.3588613,-.80878901,.59792143,-.086942554,.59948093,-1.2619036,1.0880185,-7.5278168,2.9334505,-13.277274,-1.7783591,-7.4408741,2.9016273,-13.127959,-1.7537888
25.5,-.59073013,.36274385,-1.301695,.12023474,-.017335525,.45459047,-.90831649,.87364542,-7.0746617,2.7044683,-12.375322,-1.7740015,-.098844148,.3364324,-.75823951,.56055123,-.081508629,.56201327,-1.1830343,1.0200171,-7.0573263,2.7501092,-12.447441,-1.6672113,-6.9758177,2.7202749,-12.307459,-1.6441766
25.6,-.55134797,.33856085,-1.214915,.11221907,-.016179819,.42428434,-.84776181,.81540221,-6.6030159,2.5241697,-11.550298,-1.6557343,-.092254519,.31400347,-.70769,.52318096,-.076074697,.52454555,-1.1041651,.9520157,-6.5868363,2.5667679,-11.617609,-1.5560634,-6.5107613,2.5389228,-11.486959,-1.5345645
25.7,-.51196581,.31437781,-1.1281351,.10420338,-.015024113,.39397818,-.78720719,.75715894,-6.1313701,2.3438711,-10.725273,-1.537467,-.085664883,.29157457,-.65714055,.48581076,-.070640765,.48707786,-1.0252959,.88401431,-6.1163459,2.3834267,-10.787776,-1.4449155,-6.0457053,2.3575704,-10.666458,-1.4249523
25.8,-.47258443,.29019526,-1.0413567,.096187852,-.013868429,.36367261,-.72665364,.69891679,-5.6597333,2.1635759,-9.9002638,-1.4192021,-.079075374,.26914608,-.606592,.44844127,-.065206945,.44961089,-.94642806,.81601417,-5.6458645,2.2000887,-9.9579592,-1.3337698,-5.580658,2.1762214,-9.845973,-1.3153422
25.9,-.43320227,.26601225,-.95457667,.088172175,-.012712723,.33336645,-.66609901,.64067352,-5.188087,1.9832774,-9.0752392,-1.3009349,-.072485738,.24671717,-.55604249,.41107103,-.059773013,.4121432,-.86755884,.74801278,-5.1753745,2.0167475,-9.1281271,-1.222622,-5.1156015,1.994869,-9.0254726,-1.20573
26,-.39382011,.24182923,-.86779672,.080156498,-.011557017,.30306032,-.60554433,.5824303,-4.7164412,1.8029789,-8.2502146,-1.1826676,-.065896101,.22428825,-.50549299,.3737008,-.054339085,.37467551,-.78868955,.68001139,-4.7048841,1.8334062,-8.2982941,-1.1114742,-4.6505451,1.8135167,-8.2049723,-1.0961177
26.1,-.35443795,.21764623,-.78101671,.072140813,-.01040131,.27275416,-.54498965,.52418703,-4.2447953,1.6226803,-7.4251904,-1.0644004,-.059306465,.20185934,-.45494351,.33633059,-.048905157,.33720779,-.70982033,.61201,-4.2343941,1.6500648,-7.4684615,-1.0003263,-4.1854887,1.6321644,-7.3844724,-.98650557
26.2,-.31505579,.19346321,-.6942367,.064125136,-.0092456052,.24244802,-.48443499,.46594378,-3.7731495,1.4423817,-6.6001654,-.9461332,-.052716829,.17943044,-.40439403,.29896036,-.043471225,.29974011,-.63095105,.54400861,-3.7639039,1.4667236,-6.638629,-.88917845,-3.7204325,1.450812,-6.563972,-.87689334
26.3,-.27567437,.16928065,-.60745835,.056109607,-.0080899205,.21214245,-.4238815,.40770164,-3.3015125,1.2620865,-5.7751565,-.82786828,-.046127319,.15700196,-.35384551,.26159084,-.038037401,.26227313,-.55208331,.4760085,-3.2934225,1.2833858,-5.8088121,-.77803278,-3.2553852,1.2694631,-5.7434869,-.76728326
26.4,-.23629221,.14509763,-.52067834,.048093926,-.0069342144,.18183631,-.36332682,.3494584,-2.8298666,1.0817879,-4.9501319,-.70960104,-.039537687,.13457304,-.303296,.22422063,-.032603472,.22480544,-.47321403,.40800709,-2.8229322,1.1000444,-4.9789796,-.6668849,-2.790329,1.0881107,-4.9229865,-.65767109
26.5,-.19691005,.12091462,-.43389836,.040078249,-.0057785083,.15153016,-.30277216,.29121515,-2.3582206,.90148944,-4.1251073,-.59133381,-.032948051,.11214413,-.25274649,.1868504,-.027169542,.18733776,-.39434478,.3400057,-2.352442,.9167031,-4.149147,-.55573708,-2.3252726,.90675837,-4.1024861,-.54805887
26.6,-.15752789,.096731603,-.34711835,.032062568,-.0046228026,.12122401,-.2422175,.23297189,-1.8865747,.72119087,-3.3000827,-.4730666,-.026358414,.08971522,-.20219702,.14948018,-.021735612,.14987005,-.31547552,.27200431,-1.8819519,.73336178,-3.3193145,-.44458923,-1.8602163,.72540599,-3.281986,-.43844667
26.7,-.11814573,.072548583,-.26033834,.024046887,-.0034670962,.090917863,-.18166283,.17472865,-1.4149288,.5408923,-2.4750581,-.35479939,-.01976878,.067286305,-.15164752,.11210996,-.016301684,.11240236,-.23660627,.2040029,-1.4114617,.55002046,-2.4894819,-.33344141,-1.39516,.54405361,-2.4614854,-.3288345
26.8,-.078764319,.048366033,-.17355999,.01603136,-.0023114122,.060612295,-.12110933,.1164865,-.94329184,.36059713,-1.6500492,-.23653443,-.013179271,.044857822,-.10109898,.074740447,-.010867858,.074935384,-.15773852,.13600279,-.94098043,.36668262,-1.6596652,-.22229569,-.9301126,.36270472,-1.6410007,-.21922439
26.9,-.03938216,.024183016,-.086779997,.0080156801,-.0011557061,.030306147,-.060554665,.058243252,-.47164592,.18029857,-.8250246,-.11826722,-.0065896353,.022428911,-.050549492,.037370224,-.0054339292,.037467692,-.078869261,.068001397,-.47049022,.18334131,-.82983261,-.11114784,-.4650563,.18135236,-.82050037,-.1096122
27,0,0,0,0,0,0,0,0,0,0,0,0,0,0,0,0,0,0,0,0,0,0,0,0,0,0,0,0
27.1,.039307054,.024172325,-.0080698337,.086683936,.0011413197,.030293517,-.058232881,.060515519,.47137207,.18023796,.11811214,.82463199,.006581442,.022418333,-.037357684,.050520569,.005440122,.03745104,-.067962565,.078842811,.47023073,.18327805,.11101234,.82944912,.46479061,.18129089,.10946698,.82011425
27.2,.07816346,.048280738,-.016465047,.17279197,.002196321,.060511343,-.11640373,.12079637,.94110096,.36011246,.23529351,1.6469084,.013113723,.044773251,-.074640237,.10086768,.010917403,.074802257,-.13569233,.15752713,.93890464,.36617678,.22121131,1.656598,.92798722,.36221322,.21806234,1.637912
27.3,.11611784,.072262034,-.02551315,.25774881,.0030786633,.090577707,-.17445038,.18060771,1.4075345,.53925741,.3506093,2.4644597,.019547559,.067001134,-.11177225,.15086736,.016468896,.11195365,-.20295621,.23589401,1.4044558,.54831433,.32977951,2.4791322,1.3879869,.54239583,.32491058,2.4510632
27.4,.15272102,.096056737,-.03554672,.34098876,.0037020724,.12041958,-.23231597,.23972012,1.8690474,.71731895,.46312809,3.2749667,.025834039,.089040108,-.14868137,.20034945,.022131966,.14880839,-.26952711,.31379104,1.8653454,.72932124,.435902,3.2947886,1.8432134,.72147983,.42913887,3.257288
27.5,.18752164,.11960758,-.046904903,.42194819,.0039802082,.14996374,-.28994331,.29790372,2.3239877,.8939355,.57190633,4.0760689,.031923879,.11082774,-.18529451,.24914226,.027943671,.18526913,-.33517715,.39106449,2.3200076,.90882063,.53875178,4.101263,2.2920637,.89909875,.52986264,4.054265
27.6,.22006904,.14286262,-.05993655,.50007463,.0038267509,.17913955,-.34728032,.35493383,2.7707121,1.0687525,.67599565,4.8654284,.037767917,.13230297,-.22154115,.297077,.033941165,.22124143,-.39968407,.4675664,2.7668853,1.0864431,.63749588,4.8962746,2.732944,1.0748934,.62619197,4.8396964
27.7,.24991257,.16577618,-.075002775,.57482791,.0031553844,.20787914,-.40428025,.41059101,3.2075772,1.2414201,.77443844,5.6407161,.043316994,.15340601,-.25735325,.34398726,.04016161,.25663367,-.46283114,.54315436,3.204422,1.2618245,.73129141,5.6775522,3.1642604,1.248509,.71722752,5.6112928
27.8,.27660084,.18830986,-.092479706,.64568138,.001879766,.23611727,-.46090159,.46466112,3.6329312,1.4115911,.86626369,6.3995991,.048521824,.17407814,-.29266506,.38970873,.046642058,.29135698,-.52440715,.61769128,3.6310515,1.4346033,.81928068,6.4428225,3.5844095,1.419594,.80205619,6.3667626
27.9,.29968473,.210436,-.11276225,.71213174,-.000086375716,.26379448,-.5171141,.51694131,4.0451488,1.5789348,.95049363,7.1398039,.053333499,.19426386,-.32741669,.43408367,.053419873,.32532892,-.58421308,.69105279,4.0452352,1.6044364,.90059763,7.1898727,3.9918153,1.587814,.87975717,7.1038737
28,.31871283,.23213664,-.13626662,.77369225,-.0028293862,.29085431,-.57289338,.56723458,4.4425778,1.7431189,1.0261276,7.8590279,.057702728,.21390861,-.36155045,.47695589,.060532112,.35846987,-.64205593,.76312011,4.4454069,1.7709792,.97435182,7.9164624,4.3848748,1.7528324,.94938672,7.8203635
28.1,.33331534,.25341606,-.16337098,.83000165,-.0064200875,.31725889,-.62823611,.6153959,4.8238697,1.903887,1.0923197,8.5554199,.061589178,.2329718,-.39502716,.51820552,.068009265,.39072374,-.69779515,.83381373,4.8302898,1.9339668,1.0397847,8.6207952,4.7622805,1.9143904,1.0101444,8.5144167
28.2,.34344611,.27432442,-.19421984,.88111204,-.010867333,.34302482,-.68318361,.66144896,5.1888561,2.061244,1.1488923,9.2288208,.064987808,.2514585,-.42786178,.55783737,.075855143,.42210621,-.75145787,.90316814,5.1997237,2.0934069,1.0967216,9.3027258,5.1238685,2.0724938,1.0618554,9.1858816
28.3,.34913903,.29492384,-.2289011,.92717916,-.0161645,.36818227,-.7377885,.70545954,5.5376549,2.2152569,1.1958313,9.8794785,.067902274,.26938513,-.46008286,.59588742,.084066778,.45265102,-.80311292,.97124648,5.5538197,2.2493725,1.1451305,9.9625082,5.4697528,2.2272115,1.1044984,9.8350077
28.4,.35043025,.31527993,-.26750705,.96836758,-.022304913,.39276433,-.79210883,.74749899,5.87041,2.3660047,1.2331259,10.507694,.07033661,.28677005,-.49172235,.63239557,.092641525,.48239523,-.85283577,1.0381188,5.892715,2.4019489,1.1849815,10.600449,5.8000736,2.3786249,1.1380543,10.462092
28.5,.34735367,.33545819,-.31013232,1.0048397,-.029281953,.41680315,-.84620112,.78763723,6.1872387,2.5135579,1.260756,11.113722,.072294466,.30363089,-.52281111,.66740006,.10157643,.51137501,-.90070021,1.1038531,6.2165208,2.551213,1.2162352,11.216806,6.1149445,2.5268064,1.162495,11.067393
28.6,.33994401,.3555257,-.3568736,1.0367615,-.037088979,.4403325,-.90012485,.82594687,6.4882679,2.6579909,1.2787009,11.697834,.073779635,.31998631,-.55338198,.70094126,.11086861,.53962833,-.94678348,1.1685207,6.5253568,2.6972458,1.2388518,11.811862,6.4144883,2.6718328,1.1777921,11.651184
28.7,.32823583,.37555003,-.40782866,1.0643004,-.045719352,.46338683,-.95394081,.86250216,6.773623,2.7993805,1.2869382,12.260308,.074795879,.33585551,-.58346885,.7330606,.12051523,.56719404,-.99116468,1.2321951,6.8193426,2.8401306,1.2527887,12.385897,6.6988273,2.8137827,1.1839148,12.21374
28.8,.31226325,.39559844,-.46309543,1.0876219,-.055166431,.48600072,-1.0077103,.89737743,7.0434232,2.9378002,1.2854407,12.801405,.07534688,.35125786,-.61310589,.76379967,.13051331,.59411144,-1.0339237,1.2949504,7.0985894,2.979948,1.2579988,12.93918,6.9680762,2.9527321,1.1808276,12.755324
28.9,.29206219,.41573933,-.52277195,1.1068963,-.065423578,.50821114,-1.0614991,.9306519,7.2978106,3.0733347,1.2741854,13.321436,.075436644,.36621445,-.64233047,.79320377,.14086023,.62042272,-1.075146,1.3568664,7.3632345,3.1167898,1.2544384,13.472031,7.222374,3.0887685,1.1684991,13.276249
29,.26766676,.43603915,-.5869543,1.1222878,-.076484136,.53005397,-1.1153708,.96240252,7.5369043,3.2060604,1.2531414,13.820667,.075068846,.38074571,-.671179,.82131672,.15155299,.64616889,-1.1149148,1.4180207,7.6133885,3.2507398,1.2420557,13.984721,7.4618359,3.2219703,1.1468899,13.776781
29.1,.23911154,.4565638,-.65573704,1.1339601,-.088341475,.55156618,-1.1693913,.99270833,7.7608304,3.3360577,1.2222776,14.299383,.074247271,.39487299,-.69968957,.84818411,.16258875,.67139262,-1.1533166,1.478494,7.8491721,3.3818855,1.2207983,14.477546,7.6865835,3.3524203,1.1159604,14.257206
29.2,.206431,.47737774,-.72921222,1.1420742,-.100989,.5727852,-1.2236273,1.0216494,7.9697146,3.4634075,1.1815605,14.757869,.072975658,.40861821,-.72790128,.87385261,.17396466,.69613713,-1.1904391,1.5383683,8.0707035,3.5103157,1.1906111,14.950796,7.896739,3.4802022,1.075668,14.71781
29.3,.1696595,.49854347,-.8074677,1.1467867,-.11442,.59374839,-1.2781454,1.0493054,8.1636753,3.5881891,1.1309537,15.196397,.071257733,.42200342,-.75585377,.89836919,.18567774,.72044599,-1.2263706,1.597726,8.2780952,3.6361172,1.1514363,15.404754,8.0924177,3.6053977,1.0259678,15.158867
29.4,.12883268,.52012253,-.89058876,1.1482542,-.1286279,.6144951,-1.3330162,1.0757604,8.3428555,3.7104924,1.0704237,15.615287,.069097452,.43505237,-.78358948,.9217844,.19772536,.74436533,-1.2612039,1.6566546,8.4714832,3.759388,1.103218,15.839748,8.2737579,3.7280993,.96681744,15.580698
29.5,.083985038,.54217297,-.9786545,1.1466246,-.14360596,.63506317,-1.388307,1.1010951,8.5073748,3.8303986,.9999311,16.014818,.066498548,.44778815,-.81115013,.94414723,.21010451,.76793993,-1.2950301,1.7152392,8.65098,3.8802173,1.045894,16.256067,8.440876,3.8483908,.89816815,15.983583
29.6,.035150941,.56475067,-1.07174,1.1420419,-.15934762,.65549141,-1.4440871,1.125392,8.6573572,3.9479923,.91943461,16.395281,.063464761,.46023476,-.83857882,.96550834,.22281238,.79121572,-1.327942,1.7735667,8.8167048,3.9986982,.97940063,16.654009,8.5938931,3.9663601,.81996977,16.367815
29.7,-.017635224,.58790863,-1.169915,1.1346445,-.17584628,.67581844,-1.5004261,1.1487335,8.7929306,4.0633597,.8288914,16.756969,.059999853,.47241661,-.86591965,.98591936,.23584613,.8142392,-1.3600334,1.8317256,8.9687767,4.1149249,.90367198,17.03388,8.7329302,4.0820956,.73217022,16.73369
29.8,-.07433904,.61169648,-1.2732421,1.1245641,-.19309521,.69608259,-1.557392,1.1712016,8.9142122,4.1765847,.72825623,17.100168,.056107529,.48435825,-.89321721,1.0054322,.24920273,.83705652,-1.391398,1.8898034,9.1073074,4.2289896,.81863964,17.395975,8.8581047,4.195684,.63471526,17.081493
29.9,-.13492484,.6361618,-1.3817791,1.1119294,-.21108784,.71632361,-1.6150563,1.1928806,9.0213451,4.2877612,.61748719,17.425203,.051791765,.49608582,-.92051858,1.0241021,.26287961,.85971618,-1.4221331,1.9478923,9.2324324,4.3409953,.7242378,17.740627,8.969553,4.3072219,.5275532,17.411552
30,-.19935812,.66134781,-1.495576,1.0968598,-.22981744,.73657948,-1.6734867,1.2138518,9.1144485,4.396975,.49653614,17.732361,.047056284,.50762475,-.9478699,1.0419824,.27687371,.88226479,-1.4523336,2.0060809,9.3442659,4.4510365,.62039465,18.068138,9.0673923,4.4167986,.41062659,17.724159
30.1,-.26760459,.68729472,-1.6146775,1.0794684,-.24927741,.75688845,-1.7327515,1.2341967,9.1936483,4.5043149,.36535355,18.021944,.041904826,.51900107,-.97531855,1.0591282,.29118225,.90474981,-1.4820948,2.0644593,9.4429264,4.5592108,.50703675,18.378815,9.1517439,4.5245051,.28387648,18.019611
30.2,-.33962986,.7140395,-1.7391216,1.0598618,-.26946121,.77728826,-1.7929182,1.2539958,9.2590694,4.6098709,.22388865,18.29425,.036341142,.53024125,-1.0029126,1.0755949,.30580235,.9272185,-1.5115124,2.1231172,9.5285311,4.6656175,.38408914,18.672974,9.2227287,4.630435,.14724262,18.298214
30.3,-.41539931,.74161524,-1.8689384,1.0381398,-.29036206,.79781586,-1.8540524,1.2733283,9.310833,4.7137313,.072089329,18.549576,.030368965,.5413717,-1.0307001,1.0914379,.32073104,.94971746,-1.5406809,2.182143,9.6011944,4.7703528,.2514753,18.950914,9.2804632,4.7346787,.00066333212,18.560265
30.4,-.49487761,.77005303,-2.004154,1.0143987,-.31197345,.81850892,-1.9162215,1.2922746,9.3490782,4.8159928,-.090094224,18.78825,.023992239,.55242008,-1.0587312,1.1067157,.33596569,.97229481,-1.569697,2.2416284,9.6610518,4.8735232,.10912085,19.212982,9.3250856,4.837337,-.15592106,18.806093
30.5,-.57802987,.79937953,-2.1447849,.98872524,-.33428857,.83940303,-1.9794883,1.3109112,9.3739271,4.9167447,-.26271576,19.010571,.017214727,.56341326,-1.087055,1.1214844,.35150328,.99499643,-1.5986539,2.3016605,9.7082157,4.9752283,-.043052725,19.459484,9.3567123,4.9385018,-.3225739,19.035997
30.6,-.66482192,.82961869,-2.2908447,.96120083,-.35730088,.86053348,-2.0439155,1.3293136,9.3855038,5.0160794,-.44583142,19.216839,.010040148,.57437837,-1.1157209,1.1358011,.36734101,1.0178682,-1.6276441,2.3623261,9.7428045,5.0755682,-.20512623,19.690737,9.3754635,5.0382686,-.49936104,19.250288
30.7,-.75521976,.86079162,-2.4423404,.93190086,-.38100383,.88193446,-2.1095636,1.3475559,9.3839331,5.11409,-.63949835,19.407366,.0024722225,.58534276,-1.1447785,1.1497229,.38347605,1.0409553,-1.6567589,2.4237111,9.7649374,5.1746454,-.37718144,19.907057,9.3814611,5.1367326,-.68634921,19.449272
30.8,-.84918827,.89291608,-2.5992715,.90089512,-.40539062,.90363896,-2.1764905,1.3657092,9.3693371,5.210866,-.84377265,19.582447,-.0054852692,.59633332,-1.1742771,1.1633065,.39990535,1.0643016,-1.6860875,2.4858983,9.7747278,5.2725596,-.55929947,20.108755,9.3748226,5.2339873,-.88360429,19.633249
30.9,-.94669211,.92600822,-2.7616348,.86825067,-.43045473,.92568022,-2.2447546,1.3838452,9.341856,5.3065076,-1.0587084,19.74242,-.013828387,.60737789,-1.2042671,1.1766105,.41662633,1.0879517,-1.7157198,2.5489724,9.7723103,5.3694201,-.7515592,20.296181,9.3556843,5.3301358,-1.0911901,19.802559
31,-1.0476969,.96008068,-2.9294205,.83402669,-.45618939,.94808888,-2.3144095,1.4020307,9.301609,5.4011059,-1.2843641,19.887583,-.022553414,.61850315,-1.2347974,1.1896905,.43363598,1.1119473,-1.7457407,2.6130126,9.7577982,5.4653263,-.95404404,20.469641,9.3241625,5.425272,-1.309175,19.9575
31.1,-1.1521682,.99514413,-3.1026149,.79827851,-.48258805,.97089481,-2.3855069,1.4203309,9.2487221,5.4947543,-1.5207983,20.018244,-.031656597,.62973583,-1.2659161,1.2026029,.45093146,1.1363295,-1.7762337,2.6780965,9.7313108,5.5603814,-1.1668371,20.629457,9.2803793,5.5194921,-1.537627,20.098385
31.2,-1.2600707,1.0312068,-3.281199,.76105767,-.50964397,.99412662,-2.4580963,1.4388084,9.1833248,5.5875478,-1.7680675,20.134716,-.041134093,.64110225,-1.2976714,1.2154032,.46850985,1.1611384,-1.8072796,2.7442994,9.6929684,5.6546898,-1.3900195,20.775957,9.2244587,5.6128945,-1.7766123,20.225529
31.3,-1.3713734,1.0682756,-3.4651551,.72240818,-.53735101,1.0178112,-2.5322242,1.4575223,9.1055222,5.6795745,-2.0262396,20.237284,-.050982557,.65262789,-1.3301097,1.2281446,.48636845,1.1864115,-1.8389553,2.8116922,9.6428728,5.7483487,-1.6236832,20.90943,9.1565046,5.7055707,-2.0262079,20.339218
31.4,-1.4860357,1.1063545,-3.6544507,.68237936,-.56570172,1.0419751,-2.6079354,1.4765321,9.0154762,5.7709384,-2.2953548,20.326307,-.06119746,.66433918,-1.3632783,1.2408834,.50450426,1.2121869,-1.8713386,2.880347,9.5811787,5.8414702,-1.8678933,21.030251,9.0766745,5.797626,-2.2864645,20.439812
31.5,-1.6040262,1.1454468,-3.8490608,.64100826,-.59468991,1.0666425,-2.685271,1.4958911,8.9132948,5.8617277,-2.5754807,20.402069,-.071775451,.67626041,-1.3972214,1.2536706,.52291447,1.2384994,-1.9044998,2.9503288,9.5079842,5.9341526,-2.1227407,21.13871,8.9850702,5.889153,-2.5574582,20.527597
31.6,-1.72531,1.1855537,-4.0489526,.59833246,-.62430894,1.0918363,-2.7642689,1.5156511,8.7991047,5.9520364,-2.866672,20.464882,-.082712695,.68841577,-1.4319828,1.2665575,.54159623,1.2653824,-1.9385078,3.0217001,9.4234133,6.0264974,-2.3883042,21.235132,8.8818178,5.980248,-2.8392534,20.602888
31.7,-1.8498511,1.2266747,-4.2540894,.55438715,-.65455186,1.117578,-2.8449645,1.5358609,8.6730375,6.0419574,-3.1689816,20.515057,-.094005272,.70082873,-1.4676044,1.2795938,.56054658,1.2928678,-1.9734278,3.0945208,9.327589,6.118607,-2.66466,21.319839,8.7670431,6.0710068,-3.1319122,20.665998
31.8,-1.9776206,1.2688093,-4.4644408,.50919992,-.685413,1.1438873,-2.9273911,1.5565649,8.5351925,6.1315784,-3.4824803,20.552866,-.10565007,.71352148,-1.5041265,1.2928264,.57976294,1.320985,-2.00932,3.1688459,9.2206059,6.2105765,-2.9519005,21.393112,8.6408424,6.1615195,-3.4355137,20.717199
31.9,-2.1085749,1.3119539,-4.6799574,.46280742,-.71688437,1.1707833,-3.0115774,1.5778086,8.3857412,6.2210002,-3.8071957,20.578678,-.11764227,.72651654,-1.5415885,1.306304,.59924209,1.3497632,-2.0462451,3.2447293,9.1026249,6.302515,-3.2500775,21.455328,8.5033836,6.2518897,-3.7500956,20.756863
32,-2.2426851,1.3561056,-4.9006033,.41523314,-.7489602,1.1982826,-3.0975511,1.5996306,8.2247829,6.3103089,-4.1431956,20.59276,-.12997872,.73983425,-1.5800272,1.3200698,.61898148,1.379228,-2.0842557,3.3222187,8.9737425,6.3945169,-3.5592797,21.506765,8.3547611,6.342206,-4.0757337,20.785255
32.1,-2.379915,1.4012593,-5.1263328,.36650276,-.7816335,1.2264006,-3.1853344,1.6220675,8.0524416,6.3995919,-4.4905281,20.595411,-.14265557,.75349408,-1.6194769,1.3341657,.63897794,1.4094033,-2.1234019,3.4013577,8.834075,6.4866762,-3.8795767,21.547728,8.195097,6.4325581,-4.4124846,20.802679
32.2,-2.5202291,1.4474105,-5.3571014,.31664336,-.81489778,1.2551523,-3.2749512,1.6451557,7.8688684,6.4889469,-4.8492346,20.586971,-.15566875,.76751566,-1.6599718,1.3486344,.65922904,1.4403131,-2.1637328,3.4821908,8.6837664,6.5790992,-4.211031,21.578564,8.0245371,6.523046,-4.7603984,20.809473
32.3,-2.6635959,1.4945521,-5.592864,.26567262,-.84874654,1.2845492,-3.3664167,1.6689237,7.6741509,6.5784502,-5.2193751,20.567677,-.16901505,.78191543,-1.7015411,1.363511,.67973149,1.4719759,-2.2052884,3.5647514,8.5228977,6.6718674,-4.5537229,21.599518,7.8431659,6.6137486,-5.1195431,20.805874
32.4,-2.8099761,1.5426781,-5.8335695,.21361749,-.88317275,1.3146038,-3.459749,1.6934034,7.4684577,6.668201,-5.6009755,20.537891,-.18268999,.79671097,-1.7442148,1.3788348,.70048279,1.5044123,-2.2481112,3.6490767,8.3516302,6.7650876,-4.9076977,21.610958,7.6511478,6.7047668,-5.489953,20.792248
32.5,-2.9593387,1.5917803,-6.0791707,.16049327,-.91817003,1.3453248,-3.5549581,1.718618,7.2518778,6.7582717,-5.9940915,20.497847,-.19669038,.81191653,-1.7880175,1.3946368,.72147965,1.5376374,-2.2922342,3.7351933,8.1700478,6.8588386,-5.2730293,21.613125,7.4485679,6.7961755,-5.8716908,20.768827
32.6,-3.1116486,1.6418512,-6.3296175,.10632081,-.95373178,1.3767214,-3.652056,1.7445925,7.0245519,6.848753,-6.398757,20.447861,-.21101224,.82754689,-1.8329743,1.4109498,.74271947,1.5716667,-2.3376908,3.8231297,7.9782834,6.9532161,-5.6497703,21.606337,7.2355642,6.8880663,-6.2647977,20.735926
32.7,-3.2668688,1.6928829,-6.5848579,.05112065,-.98985124,1.4088018,-3.7510519,1.7713495,6.7866254,6.9397321,-6.8149996,20.38825,-.22565155,.84361553,-1.8791076,1.4278046,.76419967,1.6065148,-2.3845115,3.9129107,7.7764769,7.0483141,-6.0379648,21.590918,7.0122771,6.9805298,-6.6693096,20.693863
32.8,-3.4249678,1.7448657,-6.8448415,-.005093989,-1.0265219,1.4415709,-3.851949,1.7989051,6.5381904,7.0312786,-7.2428627,20.319242,-.24060497,.86013329,-1.9264352,1.4452252,.78591692,1.6421912,-2.4327185,4.0045524,7.564712,7.144206,-6.4376745,21.567099,6.7787952,7.0736356,-7.0852761,20.642866
32.9,-3.5859075,1.7977909,-7.1095128,-.062302038,-1.0637369,1.475035,-3.9547524,1.8272786,6.2794094,7.1234832,-7.6823611,20.24118,-.25586817,.87711179,-1.9749757,1.4632393,.80786872,1.6787074,-2.4823372,4.0980744,7.3431463,7.2409873,-6.848928,21.535221,6.5352774,7.1674767,-7.5127187,20.583273
33,-3.7496564,1.8516486,-7.3788209,-.12049185,-1.1014898,1.5091968,-4.0594611,1.8564817,6.0103726,7.2164106,-8.1335325,20.154278,-.27143794,.89455956,-2.0247424,1.4818666,.83005178,1.7160701,-2.5333836,4.1934872,7.1118622,7.338727,-7.2717786,21.495502,6.2818103,7.2621193,-7.9516821,20.515303
33.1,-3.9161787,1.9064293,-7.6527114,-.179646,-1.1397738,1.54406,-4.1660757,1.886528,5.7312226,7.310142,-8.5963917,20.058838,-.28731027,.91248554,-2.0757492,1.5011286,.8524636,1.7542869,-2.5858755,4.2908025,6.8709965,7.4375105,-7.7062554,21.44825,6.0185332,7.357645,-8.4021864,20.439253
33.2,-4.0854378,1.962123,-7.931128,-.23974705,-1.1785823,1.5796268,-4.2745938,1.9174294,5.4421082,7.4047551,-9.0709457,19.955162,-.30348101,.93089741,-2.1280065,1.5210444,.87510133,1.7933636,-2.6398268,4.3900294,6.6206903,7.5374184,-8.1523781,21.393759,5.7455888,7.454134,-8.8642454,20.355423
33.3,-4.2574029,2.0187194,-8.2140207,-.3007856,-1.2179091,1.6158975,-4.3850102,1.9491919,5.1431112,7.5003099,-9.5572262,19.843449,-.31994712,.94980055,-2.1815219,1.5416278,.89796191,1.833303,-2.6952457,4.4911695,6.3610201,7.6385131,-8.6101904,21.33223,5.463058,7.5516453,-9.3378944,20.264011
33.4,-4.4320359,2.0762081,-8.5013294,-.36274242,-1.2577468,1.6528732,-4.4973187,1.9818249,4.8344016,7.5968852,-10.05522,19.724024,-.33670408,.96920097,-2.2363031,1.5628948,.9210428,1.8741087,-2.7521427,4.5942283,6.0921483,7.7408767,-9.0796909,21.263988,5.1711059,7.65026,-9.8231287,20.16534
33.5,-4.6093035,2.134578,-8.7929993,-.42560747,-1.2980891,1.6905518,-4.6115098,2.0153313,4.5160713,7.6945367,-10.564943,19.597086,-.35374859,.98910195,-2.2923527,1.5848556,.94434059,1.9157807,-2.8105204,4.6992016,5.8141603,7.8445659,-9.5609064,21.189226,4.8698201,7.7500339,-10.319967,20.059607
33.6,-4.7891717,2.1938186,-9.0889769,-.48936602,-1.3389295,1.7289326,-4.7275753,2.049716,4.1882591,7.7933326,-11.086392,19.46291,-.37107679,1.0095072,-2.3496745,1.6075211,.96785277,1.95832,-2.8703837,4.8060894,5.5271888,7.9496512,-10.053842,21.108219,4.5593362,7.8510356,-10.828411,19.947083
33.7,-4.9716029,2.2539194,-9.389204,-.5540024,-1.3802612,1.7680141,-4.8455052,2.0849826,3.8511128,7.8933396,-11.619548,19.321774,-.38868451,1.0304195,-2.4082696,1.6309005,.99157673,2.0017262,-2.9317346,4.9148879,5.2313743,8.0562,-10.558487,21.021236,4.2397976,7.9533319,-11.348447,19.828041
33.8,-5.1565685,2.3148692,-9.6936283,-.61950868,-1.422078,1.8077925,-4.9652863,2.1211302,3.5047135,7.9946051,-12.164424,19.173851,-.4065688,1.0518396,-2.4681363,1.6549988,1.0155092,2.0459964,-2.99457,5.0255885,4.9267917,8.1642599,-11.074864,20.928448,3.9112823,8.0569706,-11.880091,19.702656
33.9,-5.3440266,2.3766563,-10.002188,-.685866,-1.4643725,1.8482649,-5.086905,2.1581602,3.1492388,8.0971956,-12.720973,19.019451,-.42472488,1.0737686,-2.5292726,1.6798229,1.0396476,2.0911283,-3.0588884,5.1381836,4.6136112,8.2738981,-11.602931,20.830154,3.5739636,8.1620188,-12.4233,19.571226
34,-5.5339479,2.43927,-10.314829,-.75306672,-1.5071385,1.8894266,-5.2103467,2.1960695,2.7847703,8.2011538,-13.289196,18.858736,-.44314975,1.0962059,-2.5916739,1.7053745,1.0639888,2.1371174,-3.1246841,5.2526617,4.2919087,8.3851576,-12.142697,20.726515,3.2279198,8.2685184,-12.978079,19.433918
34.1,-5.7262955,2.5026989,-10.631495,-.82109588,-1.5503693,1.9312733,-5.3355956,2.2348568,2.4114549,8.3065348,-13.869055,18.691965,-.46183929,1.1191511,-2.6553352,1.7316567,1.0885299,2.1839592,-3.1919515,5.3690114,3.9618242,8.4980917,-12.69413,20.617779,2.8732941,8.3765249,-13.544394,19.290981
34.2,-5.9210329,2.5669317,-10.952127,-.88993931,-1.5940582,1.9738005,-5.462636,2.2745199,2.0294363,8.4133921,-14.46051,18.519382,-.48078948,1.1426029,-2.7202501,1.7586712,1.1132686,2.2316494,-3.2606838,5.4872212,3.6234944,8.6127529,-13.257192,20.504181,2.5102258,8.4860916,-14.122208,19.142658
34.3,-6.1181307,2.6319575,-11.276672,-.959589,-1.6381987,2.0170021,-5.5914502,2.3150525,1.6387998,8.5217609,-15.063544,18.341145,-.49999726,1.1665587,-2.7864103,1.7864159,1.1382015,2.2801807,-3.3308706,5.6072736,3.2769985,8.7291756,-13.83187,20.385868,2.138797,8.5972509,-14.711505,18.9891
34.4,-6.3175478,2.6977639,-11.605068,-1.0300275,-1.6827838,2.0608721,-5.7220192,2.3564513,1.2397192,8.6316919,-15.678085,18.157524,-.51945794,1.1910163,-2.853807,1.8148911,1.163326,2.3295469,-3.4025023,5.7291541,2.922503,8.8474073,-14.418097,20.263103,1.7591771,8.7100554,-15.312218,18.830572
34.5,-6.5192552,2.7643404,-11.937263,-1.1012475,-1.7278074,2.1054041,-5.8543239,2.3987091,.83227539,8.7432146,-16.304111,17.968662,-.53916848,1.2159719,-2.9224298,1.8440927,1.1886389,2.3797405,-3.4755666,5.8528447,2.5600829,8.9674788,-15.015852,20.136017,1.3714439,8.8245335,-15.924324,18.667212
34.6,-6.7232161,2.8316751,-12.273197,-1.1732348,-1.7732627,2.1505919,-5.9883451,2.4418199,.41661397,8.8563728,-16.941557,17.774784,-.55912495,1.2414223,-2.9922681,1.8740181,1.2141378,2.4307535,-3.5500517,5.9783273,2.1898766,9.089426,-15.625072,20.004826,.97573888,8.9407272,-16.547764,18.499241
34.7,-6.9293928,2.8997564,-12.612811,-1.2459748,-1.8191427,2.1964283,-6.124063,2.4857774,-.0071154954,8.9712019,-17.590349,17.576117,-.57932305,1.2673634,-3.0633097,1.9046636,1.2398196,2.4825783,-3.6259441,6.1055837,1.8120272,9.2132874,-16.245684,19.869738,.57220757,9.058672,-17.182465,18.32688
34.8,-7.1377554,2.9685729,-12.956052,-1.3194596,-1.8654411,2.2429054,-6.2614551,2.5305727,-.43882778,9.0877256,-18.250443,17.372787,-.5997597,1.2937902,-3.1355419,1.9360225,1.2656814,2.5352049,-3.703229,6.2345915,1.4266133,9.3390789,-16.877645,19.730873,.16093192,9.1783905,-17.828382,18.150248
34.9,-7.3482671,3.0381136,-13.30286,-1.3936738,-1.9121512,2.2900167,-6.4005013,2.5761988,-.87836158,9.2059813,-18.921753,17.16503,-.62043065,1.3206984,-3.208952,1.9680907,1.2917206,2.5886252,-3.7818918,6.3653331,1.0337898,9.4668369,-17.52087,19.588449,-.25793093,9.2999182,-18.485435,17.969574
35,-7.5608931,3.1083658,-13.653178,-1.4686079,-1.9592663,2.3377531,-6.5411782,2.6226456,-1.3256191,9.325985,-19.604214,16.952976,-.64133233,1.3480821,-3.2835245,2.0008597,1.3179339,2.6428287,-3.8619151,6.4977832,.6336472,9.5965729,-18.175291,19.442585,-.68428671,9.4232702,-19.153557,17.784983
35.1,-7.7756062,3.1793206,-14.00696,-1.5442522,-2.0067811,2.3861084,-6.6834674,2.6699054,-1.7804862,9.4477654,-20.297766,16.736794,-.66246176,1.3759365,-3.3592479,2.0343244,1.3443193,2.6978071,-3.9432857,6.6319242,.22629483,9.7283125,-18.840847,19.293438,-1.1180245,9.5484743,-19.832689,17.59664
35.2,-7.9923487,3.2509608,-14.364115,-1.6205823,-2.0546849,2.435071,-6.8273363,2.7179668,-2.2427404,9.5713444,-21.002232,16.51675,-.68381244,1.4042543,-3.4361002,2.0684755,1.3708724,2.7535467,-4.02598,6.767725,-.1880555,9.8620729,-19.517365,19.141253,-1.5589279,9.6755505,-20.522659,17.404802
35.3,-8.211113,3.323281,-14.724624,-1.6976017,-2.1029756,2.4846361,-6.9727726,2.7668214,-2.7123797,9.6967344,-21.71763,16.292871,-.70538378,1.4330312,-3.5140734,2.1033058,1.3975918,2.8100407,-4.1099868,6.9051704,-.60940403,9.9978628,-20.204855,18.986048,-2.0069959,9.8045111,-21.223484,17.209492
35.4,-8.4318409,3.3962646,-15.088397,-1.7752849,-2.1516428,2.5347917,-7.1197433,2.816458,-3.1891675,9.8239565,-22.443769,16.065434,-.72716928,1.4622593,-3.5931447,2.1388063,1.4244735,2.8672752,-4.1952825,7.0442295,-1.0375248,10.135698,-20.903128,18.828079,-2.4619985,9.9353733,-21.934973,17.010977
35.5,-8.6545286,3.4699068,-15.45542,-1.853636,-2.200685,2.5855336,-7.2682381,2.866868,-3.673111,9.9530182,-23.180668,15.834446,-.74916852,1.4919343,-3.673306,2.174969,1.4515164,2.9252439,-4.2818561,7.1848888,-1.4724261,10.275583,-21.6122,18.667347,-2.9239426,10.068146,-22.657145,16.809259
35.6,-8.8791227,3.5441921,-15.825611,-1.932634,-2.2500925,2.6368506,-7.4182243,2.9180396,-4.1640081,10.083932,-23.928152,15.600136,-.77137583,1.5220484,-3.7545357,2.2117841,1.4787166,2.9839325,-4.3696837,7.327117,-1.9139156,10.417525,-22.33189,18.504059,-3.3926322,10.202838,-23.389828,16.604563
35.7,-9.1055698,3.6191039,-16.198883,-2.0122564,-2.299855,2.6887302,-7.5696692,2.9699593,-4.6616483,10.216708,-24.686029,15.362732,-.79378521,1.5525928,-3.8368111,2.2492406,1.5060698,3.0433269,-4.4587412,7.4708805,-2.3617933,10.561528,-23.06201,18.338423,-3.8678632,10.339458,-24.13283,16.397104
35.8,-9.3338661,3.6946383,-16.575224,-2.0925078,-2.3499715,2.741168,-7.7225618,3.0226188,-5.1660428,10.351348,-25.454311,15.122227,-.81639636,1.5835631,-3.9201231,2.2873304,1.5335752,3.10342,-4.5490165,7.6161666,-2.8160715,10.707591,-23.802563,18.170422,-4.3496466,10.478008,-24.886166,16.186872
35.9,-9.5639534,3.7707784,-16.954544,-2.1733637,-2.4004316,2.7941518,-7.8768682,3.0760052,-5.6769595,10.487859,-26.232786,14.878867,-.83920288,1.6149507,-4.0044479,2.3260424,1.5612286,3.1641972,-4.6404839,7.7629414,-3.2765279,10.855714,-24.553337,18.00028,-4.8377566,10.618491,-25.649618,15.974105
36,-9.7958279,3.8475201,-17.336828,-2.254827,-2.4512334,2.8476763,-8.0325766,3.1301095,-6.1944003,10.626241,-27.021448,14.632648,-.86220431,1.6467509,-4.0897765,2.3653681,1.5890291,3.2256515,-4.7331319,7.91119,-3.7431669,11.005893,-25.314322,17.827988,-5.3321962,10.760907,-26.423185,15.758794
36.1,-10.029428,3.9248447,-17.721983,-2.3368733,-2.5023658,2.9017282,-8.1896486,3.184917,-6.7181344,10.76649,-27.820068,14.383799,-.8853941,1.6789539,-4.1760831,2.4052951,1.6169717,3.2877662,-4.826932,8.0608749,-4.2157688,11.158121,-26.085283,17.653746,-5.8327403,10.905251,-27.206638,15.541158
36.2,-10.264722,4.0027428,-18.109953,-2.4194906,-2.5538232,2.9562991,-8.3480625,3.2404168,-7.2480354,10.90861,-28.628519,14.132448,-.90876859,1.711553,-4.263351,2.4458137,1.6450546,3.3505309,-4.9218655,8.2119741,-4.6942124,11.312393,-26.866096,17.477673,-6.3392668,11.051522,-27.999853,15.32132
36.3,-10.501684,4.0812035,-18.500696,-2.5026727,-2.6055996,3.01138,-8.5077963,3.2965968,-7.7840304,11.05259,-29.446709,13.878648,-.93232512,1.7445412,-4.351563,2.4869127,1.6732745,3.413934,-5.0179129,8.3644619,-5.1784306,11.468696,-27.656662,17.299801,-6.8517051,11.199711,-28.802734,15.099324
36.4,-10.740272,4.1602144,-18.894142,-2.5864015,-2.6576877,3.0669608,-8.6688204,3.3534451,-8.3259373,11.198428,-30.274452,13.62258,-.9560588,1.7779105,-4.4406996,2.5285819,1.7016288,3.4779625,-5.1150522,8.5183096,-5.6682491,11.627021,-28.456793,17.120295,-7.3698783,11.349812,-29.615101,14.875344
36.5,-10.980459,4.2397656,-19.290247,-2.6706712,-2.7100818,3.1230328,-8.8311138,3.4109497,-8.8736906,11.346111,-31.111662,13.364279,-.97996718,1.8116543,-4.5307441,2.5708098,1.7301147,3.5426056,-5.2132645,8.6734943,-6.163609,11.787352,-29.266394,16.939177,-7.893724,11.501811,-30.436859,14.649412
36.6,-11.222205,4.3198442,-19.688944,-2.7554657,-2.7627747,3.1795855,-8.994647,3.4690981,-9.4271288,11.495632,-31.958153,13.103897,-1.0040456,1.8457644,-4.6216774,2.6135862,1.7587291,3.6078501,-5.3125272,8.8299856,-6.6643538,11.949675,-30.085285,16.756578,-8.4230824,11.6557,-31.267834,14.421668
36.7,-11.465471,4.4004388,-20.090174,-2.8407702,-2.8157589,3.2366087,-9.1593952,3.5278778,-9.9860973,11.64698,-32.813759,12.841565,-1.0282897,1.8802329,-4.7134786,2.6568992,1.7874691,3.6736834,-5.412818,8.9877567,-7.1703382,12.113974,-30.91329,16.572615,-8.9578075,11.811464,-32.107853,14.192238
36.8,-11.710234,4.4815388,-20.493889,-2.926579,-2.8690295,3.2940943,-9.3253355,3.5872769,-10.550533,11.800139,-33.678379,12.577314,-1.0526972,1.9150534,-4.8061328,2.7007384,1.8163323,3.7400949,-5.5141187,9.1467838,-7.6815038,12.280229,-31.750309,16.387302,-9.4978361,11.969089,-32.956818,13.961146
36.9,-11.956448,4.5631323,-20.900023,-3.0128734,-2.9225783,3.3520315,-9.4924393,3.6472826,-11.12025,11.955097,-34.551811,12.31131,-1.0772629,1.9502172,-4.8996181,2.7450926,1.8453155,3.8070707,-5.616406,9.3070364,-8.1976719,12.448422,-32.59613,16.200788,-10.042987,12.128558,-33.814522,13.72855
37,-12.204087,4.6452079,-21.308527,-3.0996468,-2.9763999,3.4104109,-9.6606827,3.7078826,-11.695174,12.111834,-35.433933,12.043584,-1.1019841,1.9857175,-4.9939189,2.7899506,1.8744158,3.8745995,-5.7196598,9.4684916,-8.7187748,12.61853,-33.450638,16.01309,-10.59319,12.289851,-34.680855,13.494474
37.1,-12.453113,4.7277546,-21.719341,-3.1868839,-3.0304871,3.4692228,-9.830039,3.7690647,-12.275156,12.270334,-36.32457,11.774258,-1.1268566,2.0215464,-5.089015,2.8353016,1.9036305,3.9426689,-5.8238583,9.6311197,-9.244669,12.790531,-34.313648,15.824311,-11.148299,12.45295,-35.555634,13.259035
37.2,-12.703485,4.8107595,-22.132402,-3.27457,-3.0848327,3.5284567,-10.000481,3.8308156,-12.860038,12.430581,-37.22353,11.503453,-1.1518761,2.0576959,-5.184886,2.8811338,1.9329566,4.0112653,-5.9289794,9.7948923,-9.7752047,12.964403,-35.184967,15.634559,-11.708161,12.617838,-36.438671,13.022346
37.3,-12.955182,4.8942137,-22.547665,-3.3626988,-3.1394312,3.5881042,-10.171987,3.8931236,-13.449756,12.59255,-38.130699,11.231189,-1.1770399,2.0941594,-5.281517,2.9274373,1.9623914,4.080379,-6.0350041,9.9597874,-10.310324,13.140119,-36.064484,15.443836,-12.272716,12.784488,-37.329853,12.784421
37.4,-13.208156,4.9781036,-22.965059,-3.4512513,-3.1942749,3.648154,-10.344525,3.9559758,-14.044119,12.756224,-39.045856,10.95762,-1.202343,2.1309283,-5.3788857,2.9741998,1.9919319,4.1499949,-6.1419086,10.125772,-10.849844,13.317655,-36.951969,15.252279,-12.841776,12.952881,-38.228954,12.545404
37.5,-13.462379,5.0624189,-23.384539,-3.5402205,-3.2493577,3.7085972,-10.518075,4.0193596,-14.643055,12.921576,-39.968876,10.682767,-1.2277826,2.1679957,-5.4769759,3.0214109,2.0215752,4.2201023,-6.2496734,10.292824,-11.393698,13.49698,-37.84729,15.059897,-13.415273,13.122989,-39.135857,12.305313
37.6,-13.717818,5.1471486,-23.806044,-3.6295924,-3.3046734,3.7694242,-10.692609,4.0832624,-15.246421,13.088585,-40.899574,10.406734,-1.2533547,2.205354,-5.5757694,3.0690598,2.0513186,4.290689,-6.3582768,10.460915,-11.941748,13.678069,-38.750271,14.866776,-13.993067,13.294789,-40.050373,12.064242
37.7,-13.974432,5.2322798,-24.229511,-3.7193513,-3.360214,3.8306243,-10.8681,4.1476717,-15.854056,13.257227,-41.837746,10.129632,-1.2790549,2.2429953,-5.6752448,3.117135,2.0811594,4.3617411,-6.4676967,10.630015,-12.493842,13.860895,-39.660698,14.673012,-14.575002,13.468258,-40.972301,11.822298
37.8,-14.232195,5.3178039,-24.6549,-3.8094909,-3.4159749,3.8921893,-11.044526,4.2125759,-16.465897,13.427476,-42.783268,9.8514729,-1.3048805,2.2809126,-5.7753873,3.1656263,2.1110945,4.433249,-6.5779142,10.800103,-13.049922,14.045424,-40.578449,14.478604,-15.161016,13.643365,-41.90152,11.579487
37.9,-14.491061,5.4037061,-25.08213,-3.8999918,-3.4719472,3.9541073,-11.221855,4.2779608,-17.081747,13.599306,-43.735897,9.572403,-1.3308264,2.3190978,-5.8761744,3.2145216,2.1411209,4.505198,-6.6889048,10.971147,-13.6098,14.231629,-41.503281,14.28368,-15.750921,13.820084,-42.837788,11.335944
38,-14.751005,5.4899774,-25.511164,-3.9908471,-3.5281258,4.0163698,-11.400066,4.3438148,-17.70154,13.772688,-44.695515,9.2924318,-1.3568901,2.3575439,-5.977591,3.2638111,2.1712358,4.5775766,-6.8006496,11.143122,-14.173415,14.419475,-42.435066,14.088237,-16.34465,13.998384,-43.780979,11.091678
38.1,-15.01199,5.5766063,-25.941938,-4.0820422,-3.5845037,4.0789676,-11.579133,4.4101253,-18.325129,13.947596,-45.661911,9.0116568,-1.3830671,2.3962433,-6.079618,3.3134835,2.2014365,4.6503735,-6.9131279,11.316001,-14.740624,14.608932,-43.373604,13.892357,-16.94206,14.178238,-44.730896,10.846775
38.2,-15.273978,5.6635809,-26.374393,-4.1735635,-3.6410739,4.1418896,-11.759028,4.4768801,-18.952362,14.124002,-46.634895,8.7301722,-1.4093536,2.4351885,-6.1822357,3.3635283,2.2317202,4.7235751,-7.0263166,11.489758,-15.311288,14.79997,-44.318695,13.696119,-17.543009,14.359618,-45.687344,10.601326
38.3,-15.536938,5.7508903,-26.808475,-4.2653999,-3.69783,4.2051263,-11.939726,4.544066,-19.583149,14.301873,-47.614304,8.4480066,-1.4357462,2.4743721,-6.2854266,3.4139342,2.2620838,4.7971697,-7.1401963,11.664364,-15.88532,14.99255,-45.270176,13.499537,-18.147404,14.542489,-46.650158,10.355351
38.4,-15.800831,5.8385224,-27.244123,-4.3575373,-3.7547653,4.2686682,-12.121201,4.6116705,-20.217329,14.481183,-48.599926,8.1652689,-1.4622405,2.5137868,-6.3891721,3.4646909,2.2925248,4.8711452,-7.254745,11.839794,-16.462564,15.186642,-46.227837,13.302708,-18.755089,14.726823,-47.619133,10.108954
38.5,-16.06563,5.9264679,-27.681293,-4.4499669,-3.8118739,4.3325062,-12.303431,4.6796827,-20.854828,14.661901,-49.591625,7.8819695,-1.4888338,2.5534256,-6.4934559,3.5157886,2.32304,4.9454908,-7.3699436,12.016024,-17.042953,15.382212,-47.191536,13.105628,-19.365993,14.912587,-48.594128,9.8621407
38.6,-16.331295,6.0147133,-28.119917,-4.5426726,-3.869148,4.3966298,-12.486384,4.7480884,-21.495476,14.843992,-50.589169,7.5982137,-1.5155213,2.5932806,-6.598258,3.5672152,2.3536267,5.0201921,-7.4857693,12.193023,-17.626329,15.579223,-48.161045,12.908386,-19.979956,15.099748,-49.574917,9.6150074
38.7,-16.59779,6.1032486,-28.559937,-4.6356411,-3.9265814,4.4610295,-12.670038,4.8168759,-22.139141,15.027431,-51.592365,7.3140807,-1.5422994,2.6333447,-6.7035599,3.6189611,2.3842821,5.0952382,-7.6022015,12.370766,-18.212561,15.777641,-49.136169,12.711049,-20.596842,15.288276,-50.561314,9.3676271
38.8,-16.86508,6.1920619,-29.001299,-4.7288618,-3.9841673,4.5256953,-12.854366,4.8860321,-22.785725,15.212178,-52.601048,7.0295959,-1.5691645,2.6736102,-6.8093443,3.671015,2.4150028,5.1706166,-7.7192192,12.549225,-18.801558,15.977429,-50.116745,12.513628,-21.21656,15.478132,-51.553143,9.1200209
38.9,-17.133133,6.2811422,-29.443947,-4.8223205,-4.0418992,4.5906177,-13.039344,4.9555454,-23.435074,15.398208,-53.615005,6.7448583,-1.5961126,2.7140703,-6.9155927,3.7233672,2.4457867,5.246315,-7.836802,12.728375,-19.393175,16.178555,-51.102558,12.31621,-21.838961,15.669289,-52.550201,8.8722801
39,-17.401918,6.3704796,-29.887831,-4.9160085,-4.0997715,4.6557875,-13.224947,5.0254045,-24.087107,15.585484,-54.63409,6.4598794,-1.6231408,2.7547181,-7.0222893,3.7760077,2.4766307,5.3223233,-7.9549308,12.908193,-19.987335,16.380978,-52.09346,12.118793,-22.463964,15.861709,-53.552341,8.6244125
39.1,-17.671398,6.4600616,-30.332886,-5.0099096,-4.1577764,4.7211947,-13.411148,5.0955954,-24.741663,15.773972,-55.658081,6.1747546,-1.6502444,2.7955461,-7.1294141,3.8289254,2.5075319,5.3986273,-8.0735836,13.088647,-20.583887,16.584663,-53.08923,11.921457,-23.091417,16.055359,-54.559341,8.3765049
39.2,-17.94153,6.5498757,-30.779049,-5.1040092,-4.2159066,4.786829,-13.597919,5.1661057,-25.398592,15.963641,-56.686752,5.8895698,-1.6774193,2.8365464,-7.236948,3.8821094,2.5384872,5.475215,-8.1927376,13.269711,-21.182686,16.789574,-54.089645,11.724277,-23.721172,16.250202,-55.570984,8.1286392
39.3,-18.212292,6.6399136,-31.226282,-5.1982999,-4.274157,4.8526821,-13.785239,5.2369246,-26.057829,16.154455,-57.719978,5.6043239,-1.7046629,2.877713,-7.3448768,3.9355509,2.569494,5.5520768,-8.312376,13.451365,-21.78367,16.995674,-55.094582,11.527239,-24.353165,16.446207,-56.587139,7.8808074
39.4,-18.483635,6.7301607,-31.674509,-5.2927628,-4.3325195,4.9187422,-13.973077,5.3080382,-26.719179,16.346382,-58.7575,5.3191414,-1.7319701,2.9190376,-7.4531789,3.9892385,2.6005495,5.6291971,-8.4324741,13.633574,-22.38666,17.202923,-56.103767,11.330452,-24.987207,16.643335,-57.607544,7.6331277
39.5,-18.755541,6.8206096,-32.123692,-5.387392,-4.3909893,4.9850025,-14.161414,5.3794365,-27.382586,16.539387,-59.799187,5.0340152,-1.7593386,2.9605143,-7.5618401,4.0431628,2.6316507,5.7065678,-8.5530167,13.816319,-22.991596,17.411287,-57.117092,11.1339,-25.623247,16.841553,-58.632084,7.3855891
39.6,-19.027967,6.9112473,-32.573761,-5.4821711,-4.4495583,5.0514522,-14.350223,5.4511056,-28.04789,16.733433,-60.844814,4.7490349,-1.7867638,3.0021358,-7.6708417,4.0973144,2.6627946,5.7841754,-8.6739807,13.99957,-23.598331,17.620728,-58.134319,10.937658,-26.261126,17.040823,-59.660526,7.1382742
39.7,-19.300873,7.0020609,-33.024658,-5.5770845,-4.5082197,5.1180801,-14.539473,5.5230331,-28.714931,16.928486,-61.894154,4.4642916,-1.8142412,3.0438936,-7.7801633,4.1516805,2.6939788,5.8620067,-8.7953434,14.183301,-24.206711,17.831202,-59.155228,10.741803,-26.90069,17.241112,-60.692646,6.8912668
39.8,-19.57423,7.0930414,-33.476337,-5.6721244,-4.566968,5.1848788,-14.729143,5.5952077,-29.383638,17.124512,-62.947063,4.1797876,-1.8417681,3.0857821,-7.8897901,4.2062535,2.7251997,5.9400516,-8.9170876,14.367487,-24.816669,18.042677,-60.179668,10.546328,-27.54187,17.442379,-61.728306,6.6445665
39.9,-19.848005,7.1841779,-33.928734,-5.7672749,-4.6257958,5.2518377,-14.919209,5.6676173,-30.053846,17.321476,-64.003311,3.8956208,-1.8693404,3.127794,-7.9997039,4.261023,2.7564554,6.0182977,-9.0391912,14.552102,-25.428051,18.255114,-61.207417,10.351316,-28.184505,17.644594,-62.767277,6.3982639
40,-20.122164,7.2754583,-34.381802,-5.8625264,-4.6846972,5.3189483,-15.109644,5.7402501,-30.72547,17.519341,-65.062744,3.6118066,-1.8969547,3.1699226,-8.109889,4.3159795,2.7877424,6.096734,-9.1616373,14.737122,-26.040773,18.468475,-62.238319,10.156774,-28.828514,17.847717,-63.809399,6.1523695
40.1,-20.396666,7.3668714,-34.835468,-5.9578629,-4.7436643,5.3861995,-15.300422,5.8130932,-31.398346,17.718071,-66.125122,3.3284335,-1.9246063,3.2121599,-8.2203245,4.3711114,2.8190577,6.1753473,-9.2844009,14.922517,-26.654682,18.682718,-63.272137,9.9627733,-29.47374,18.051712,-64.854446,5.9069648
40.2,-20.67148,7.4584064,-35.289688,-6.0532718,-4.8026915,5.4535832,-15.491518,5.8861351,-32.07235,17.917633,-67.190262,3.0455651,-1.9522921,3.2544999,-8.3309946,4.4264102,2.8503993,6.254127,-9.407465,15.108263,-27.269659,18.89781,-64.308685,9.7693691,-30.120058,18.256542,-65.902222,5.6621094
40.3,-20.946573,7.5500526,-35.744404,-6.1487427,-4.8617716,5.5210891,-15.682907,5.9593644,-32.747383,18.117989,-68.257988,2.7632229,-1.9800084,3.2969353,-8.4418831,4.4818664,2.8817632,6.3330612,-9.5308094,15.294335,-27.885611,19.113708,-65.347794,9.5765696,-30.767374,18.462172,-66.952568,5.4178185
40.4,-21.221905,7.6417971,-36.199551,-6.2442579,-4.9208975,5.588707,-15.874562,6.0327668,-33.423267,18.319101,-69.328049,2.4815137,-2.0077503,3.3394587,-8.552969,4.5374684,2.9131472,6.412137,-9.6544104,15.480704,-28.502369,19.330374,-66.389206,9.3844681,-31.415516,18.668562,-68.005226,5.1741924
40.5,-21.49745,7.7336311,-36.655087,-6.3398113,-4.9800644,5.6564298,-16.066463,6.1063337,-34.099945,18.520939,-70.400322,2.2004294,-2.0355158,3.3820646,-8.6642408,4.5932088,2.9445486,6.4913449,-9.7782536,15.667351,-29.119881,19.547773,-67.432808,9.1930494,-32.06443,18.875679,-69.060081,4.9312201
40.6,-21.773169,7.8255429,-37.11095,-6.4353867,-5.0392647,5.7242465,-16.258581,6.1800518,-34.77726,18.723465,-71.474579,1.9200569,-2.0633004,3.4247453,-8.7756777,4.6490769,2.9759643,6.5706725,-9.902317,15.854246,-29.737995,19.765863,-68.478378,9.0023861,-32.713959,19.083485,-70.116898,4.6889815
40.7,-22.049021,7.9175196,-37.567074,-6.5309672,-5.0984902,5.7921462,-16.450888,6.2539077,-35.45504,18.926638,-72.550568,1.6404886,-2.091099,3.4674928,-8.8872604,4.7050619,3.0073912,6.650106,-10.026577,16.041359,-30.35655,19.984606,-69.525658,8.8125563,-33.363941,19.291939,-71.175446,4.4475627
40.8,-22.324982,8.009553,-38.023418,-6.6265473,-5.1577373,5.8601227,-16.643366,6.3278923,-36.13324,19.130428,-73.628189,1.3617104,-2.1189101,3.5103028,-8.9989767,4.761157,3.0388269,6.7296376,-10.15102,16.228674,-30.975504,20.203964,-70.574547,8.623539,-34.014332,19.501009,-72.235611,4.2069459
40.9,-22.601006,8.1016283,-38.479904,-6.7221065,-5.2169957,5.9281631,-16.835981,6.4019904,-36.811649,19.334795,-74.707153,1.0838516,-2.1467276,3.5531654,-9.1108036,4.817349,3.0702679,6.8092513,-10.27562,16.416155,-31.594654,20.423897,-71.624756,8.4354467,-34.664921,19.710655,-73.297096,3.9672527
41,-22.877071,8.193738,-38.936501,-6.8176394,-5.2762623,5.9962611,-17.028719,6.4761939,-37.490227,19.539705,-75.787346,.80689305,-2.1745498,3.596077,-9.2227316,4.8736315,3.1017122,6.8889399,-10.400362,16.603786,-32.213963,20.644369,-72.676178,8.2482548,-35.315678,19.920845,-74.35981,3.7284617
41.1,-23.153141,8.2858715,-39.39315,-6.9131312,-5.3355293,6.0644073,-17.22155,6.5504909,-38.168819,19.745125,-76.868553,.53091526,-2.2023726,3.6390297,-9.3347397,4.9299951,3.1331568,6.9686913,-10.525228,16.79154,-32.83329,20.865343,-73.728607,8.0620308,-35.966446,20.13154,-75.423538,3.4906471
41.2,-23.429207,8.3780251,-39.849834,-7.0085793,-5.3947964,6.1325984,-17.414469,6.6248755,-38.847385,19.951035,-77.950699,.25592422,-2.2301948,3.6820214,-9.4468241,4.9864345,3.1646016,7.0485015,-10.650208,16.97941,-33.452591,21.0868,-74.78196,7.8767776,-36.617191,20.342722,-76.488197,3.2538133
41.3,-23.705276,8.4702005,-40.306564,-7.1039896,-5.4540639,6.2008338,-17.607475,6.699347,-39.525978,20.157421,-79.033798,-.0181599,-2.2580175,3.7250516,-9.5589848,5.0429492,3.1960461,7.1283693,-10.775301,17.167393,-34.071915,21.308725,-75.83625,7.6924186,-37.26796,20.554379,-77.553802,3.0178819
41.4,-23.98134,8.5623932,-40.763325,-7.199358,-5.5133305,6.2691102,-17.80056,6.7739005,-40.204536,20.364265,-80.117767,-.29130957,-2.2858396,3.7681174,-9.6712141,5.099535,3.2274907,7.2082915,-10.900501,17.355482,-34.691208,21.531101,-76.891388,7.5089774,-37.918697,20.766493,-78.620277,2.7828789
41.5,-24.257416,8.6546087,-41.220139,-7.2946939,-5.5725985,6.3374305,-17.993734,6.8485365,-40.883148,20.571564,-81.202667,-.56362474,-2.313663,3.8112202,-9.7835178,5.1561913,3.2589357,7.28827,-11.025811,17.543682,-35.310547,21.753923,-77.947456,7.3263597,-38.569485,20.979053,-79.687675,2.548707
41.6,-24.533484,8.7468405,-41.676975,-7.3899903,-5.6318655,6.4057884,-18.186979,6.9232492,-41.561733,20.779289,-82.288391,-.83507258,-2.3414855,3.8543563,-9.8958845,5.212914,3.29038,7.3682985,-11.151219,17.731979,-35.929867,21.977169,-79.004326,7.1445928,-39.220245,21.192043,-80.75589,2.3153965
41.7,-24.809547,8.8390903,-42.133846,-7.4852495,-5.6911321,6.474184,-18.380301,6.9980359,-42.240292,20.987436,-83.374908,-1.1056707,-2.3693075,3.8975248,-10.008316,5.2697005,3.3218246,7.4483762,-11.276725,17.920374,-36.54916,22.200825,-80.061974,6.9636602,-39.870983,21.405451,-81.824898,2.0829296
41.8,-25.085623,8.9313593,-42.590763,-7.5804796,-5.7504001,6.5426197,-18.573698,7.0728989,-42.9189,21.195997,-84.462288,-1.3755097,-2.3971307,3.9407268,-10.120813,5.3265519,3.3532696,7.5285053,-11.402329,18.10887,-37.168499,22.424889,-81.120476,6.7834754,-40.52177,21.619268,-82.89476,1.8512188
41.9,-25.361687,9.0236425,-43.047703,-7.6756711,-5.8096666,6.6110888,-18.767162,7.1478295,-43.597458,21.404949,-85.550385,-1.6445299,-2.4249527,3.9839582,-10.233367,5.383462,3.3847139,7.6086788,-11.528023,18.297451,-37.787792,22.649336,-82.179672,6.6040921,-41.172504,21.833475,-83.965332,1.62032
42,-25.637756,9.1159439,-43.504677,-7.770834,-5.8689342,6.6795945,-18.960699,7.2228303,-44.276051,21.614288,-86.639275,-1.9128256,-2.4527755,4.0272207,-10.345983,5.4404316,3.4161587,7.6888995,-11.653808,18.486124,-38.407116,22.874165,-83.239655,6.4254208,-41.823277,22.048067,-85.03669,1.3901416
42.1,-25.913828,9.2082615,-43.961689,-7.8659668,-5.9282017,6.7481341,-19.154303,7.2978983,-44.954655,21.824003,-87.728912,-2.1803937,-2.4805984,4.0705123,-10.458655,5.4974589,3.4476035,7.7691646,-11.779679,18.674887,-39.026451,23.09936,-84.300369,6.2474637,-42.474056,22.263031,-86.108795,1.1606863
42.2,-26.189892,9.3005934,-44.41872,-7.9610653,-5.9874682,6.8167052,-19.347965,7.3730283,-45.633213,22.034077,-88.819206,-2.4472144,-2.5084205,4.1138306,-10.571381,5.5545392,3.4790478,7.8494706,-11.905632,18.863728,-39.645744,23.324909,-85.361725,6.0702372,-43.12479,22.478354,-87.181557,.93197227
42.3,-26.465963,9.3929405,-44.87579,-8.0561371,-6.0467358,6.8853097,-19.541695,7.4482231,-46.311806,22.244507,-89.910233,-2.7133729,-2.5362432,4.157177,-10.684161,5.6116743,3.5104926,7.9298201,-12.031669,19.052654,-40.265068,23.550806,-86.423798,5.893661,-43.775562,22.694029,-88.255035,.70391643
42.4,-26.742029,9.485302,-45.332878,-8.1511784,-6.1060028,6.9539442,-19.735483,7.5234771,-46.990372,22.455278,-91.001907,-2.9788346,-2.5640655,4.2005496,-10.796991,5.6688604,3.5419371,8.0102081,-12.157783,19.241657,-40.884369,23.777037,-87.486504,5.7177668,-44.426304,22.910042,-89.329163,.4765518
42.5,-27.018099,9.5776787,-45.790005,-8.2461948,-6.1652699,7.0226092,-19.929331,7.5987911,-47.668964,22.666384,-92.094261,-3.2436669,-2.5918882,4.243948,-10.909873,5.7260971,3.5733817,8.0906372,-12.283976,19.430738,-41.503693,24.003595,-88.549881,5.5424895,-45.077076,23.126389,-90.403961,.24981259
42.6,-27.294168,9.6700678,-46.247154,-8.3411837,-6.2245374,7.0913038,-20.123238,7.6741624,-48.347557,22.877815,-93.187248,-3.5078635,-2.6197109,4.2873712,-11.022804,5.7833819,3.6048265,8.1711035,-12.410242,19.619894,-42.12302,24.230473,-89.613876,5.3678346,-45.727848,23.343058,-91.479401,.023704341
42.7,-27.570236,9.7624702,-46.704327,-8.4361448,-6.2838044,7.1600261,-20.317198,7.7495885,-49.026123,23.08956,-94.28083,-3.7714179,-2.6475332,4.3308177,-11.13578,5.8407135,3.636271,8.251606,-12.536579,19.80912,-42.742321,24.457657,-90.678444,5.1938071,-46.37859,23.560038,-92.555412,-.20176703
42.8,-27.846306,9.854887,-47.16153,-8.5310822,-6.3430715,7.228776,-20.511213,7.8250694,-49.704716,23.301613,-95.375038,-4.0343952,-2.6753559,4.3742886,-11.248804,5.8980918,3.6677155,8.3321447,-12.662988,19.998419,-43.361645,24.685143,-91.743637,5.0203447,-47.029362,23.777323,-93.632057,-.42666504
42.9,-28.12237,9.9473143,-47.618748,-8.6259918,-6.402338,7.2975521,-20.705278,7.9006014,-50.383274,23.513962,-96.469795,-4.2967577,-2.7031779,4.4177809,-11.361869,5.955513,3.6991601,8.4127169,-12.789462,20.187782,-43.980938,24.912916,-92.809357,4.8474822,-47.680099,23.994902,-94.709244,-.65095419
43,-28.398441,10.039756,-48.076,-8.7208824,-6.461606,7.3663559,-20.899399,7.9761863,-51.061878,23.726604,-97.56517,-4.5585861,-2.7310011,4.4612961,-11.474981,6.0129786,3.7306049,8.4933252,-12.916006,20.377216,-44.600269,25.14098,-93.875687,4.6751437,-48.330875,24.212774,-95.787041,-.87471193
43.1,-28.674513,10.132209,-48.533276,-8.8157473,-6.5208735,7.4351845,-21.093567,8.0518198,-51.740471,23.939529,-98.661087,-4.8198543,-2.7588239,4.5048327,-11.588134,6.0704861,3.7620494,8.5739651,-13.042613,20.566711,-45.219597,25.369318,-94.942543,4.5033517,-48.981647,24.430923,-96.865379,-1.0979148
43.2,-28.950636,10.224689,-48.990658,-8.9106121,-6.5801511,7.5040498,-21.287819,8.1275167,-52.419247,24.152765,-99.757797,-5.0806947,-2.7866523,4.5483985,-11.701349,6.1280446,3.793499,8.6546526,-13.169308,20.756306,-45.839096,25.597963,-96.010185,4.3319931,-49.632595,24.649385,-97.944504,-1.3206855
43.3,-29.226589,10.31713,-49.447792,-9.0053854,-6.6393962,7.5728998,-21.482008,8.2032146,-53.097412,24.366158,-100.8542,-5.3406234,-2.8144624,4.5919571,-11.814532,6.1856079,3.8249338,8.735323,-13.295984,20.945852,-46.458015,25.826748,-97.077515,4.161478,-50.282951,24.867996,-99.023323,-1.5425752
43.4,-29.502714,10.409635,-49.905224,-9.1002064,-6.6986747,7.6418133,-21.676353,8.2790041,-53.776196,24.579924,-101.95197,-5.6004314,-2.8422911,4.6355629,-11.927827,6.2432451,3.8563833,8.8160715,-13.422799,21.135567,-47.077522,26.055912,-98.146172,3.991127,-50.933907,25.086983,-100.10349,-1.7643223
43.5,-29.778782,10.502131,-50.362579,-9.1949844,-6.7579412,7.7107358,-21.870707,8.3548231,-54.454781,24.793905,-103.04994,-5.8596201,-2.8701136,4.6791782,-12.041135,6.3009076,3.8878279,8.8968334,-13.549645,21.3253,-47.696838,26.285282,-99.215042,3.8213654,-51.584667,25.306183,-101.18388,-1.9854622
43.6,-30.054857,10.59464,-50.819969,-9.2897444,-6.8172097,7.7796817,-22.065105,8.430686,-55.133392,25.008141,-104.14845,-6.1183386,-2.8979368,4.7228136,-12.154481,6.3586073,3.9192729,8.9776258,-13.67655,21.515097,-48.316181,26.514898,-100.28442,3.6520636,-52.235455,25.525631,-102.26477,-2.2061357
43.7,-30.33098,10.687175,-51.277458,-9.3845034,-6.8764877,7.8486609,-22.259581,8.5066051,-55.812168,25.222649,-105.24765,-6.3766828,-2.9257653,4.7664742,-12.267883,6.4163527,3.9507222,9.0584602,-13.803533,21.704977,-48.93568,26.744787,-101.3545,3.4831402,-52.886402,25.745356,-103.34637,-2.4264317
43.8,-30.60693,10.779666,-51.734684,-9.4791727,-6.9357319,7.9176202,-22.453981,8.5825186,-56.490318,25.437275,-106.34646,-6.6341739,-2.9535749,4.8101249,-12.381246,6.4740963,3.9821568,9.1392717,-13.930486,21.8948,-49.554585,26.974775,-102.42417,3.3150027,-53.536743,25.965191,-104.42758,-2.6459045
43.9,-30.883057,10.872221,-52.192219,-9.5738964,-6.9950104,7.9866414,-22.64854,8.6585188,-57.169109,25.652252,-107.4466,-6.8916178,-2.9814038,4.8538208,-12.494718,6.5319099,4.0136065,9.2201605,-14.057575,22.084787,-50.174099,27.205122,-103.49516,3.1469584,-54.187706,26.185379,-105.5101,-2.8653073
44,-31.159128,10.964767,-52.649677,-9.6685781,-7.0542779,8.0556688,-22.8431,8.7345438,-57.847702,25.867414,-108.54691,-7.1485028,-3.0092266,4.8975244,-12.608197,6.5897446,4.0450511,9.3010578,-14.184687,22.27479,-50.793427,27.43564,-104.56629,2.9794428,-54.838478,26.405746,-106.59279,-3.0841639
44.1,-31.435196,11.057323,-53.107151,-9.7632408,-7.1135449,8.1247158,-23.037695,8.810605,-58.526287,26.082792,-109.64762,-7.4049549,-3.0370491,4.9412432,-12.721708,6.6476097,4.0764956,9.3819799,-14.311847,22.464838,-51.412743,27.666372,-105.63783,2.8123488,-55.489239,26.626329,-107.67589,-3.3025916
44.2,-31.711266,11.149888,-53.564644,-9.8578873,-7.1728125,8.1937819,-23.23233,8.8867044,-59.204872,26.298386,-110.74876,-7.6609826,-3.0648718,4.9849787,-12.835251,6.7055068,4.1079407,9.4629269,-14.439055,22.654938,-52.032059,27.897312,-106.70979,2.6456695,-56.139999,26.847126,-108.7594,-3.5205982
44.3,-31.987331,11.24246,-54.022148,-9.9525146,-7.232079,8.2628651,-23.426996,8.9628382,-59.883446,26.514183,-111.85029,-7.9166055,-3.0926943,5.0287285,-12.948821,6.7634325,4.1393847,9.5438967,-14.566309,22.845079,-52.651367,28.12845,-107.78212,2.4793825,-56.790752,27.068125,-109.8433,-3.7382042
44.4,-32.263401,11.335042,-54.479675,-10.047126,-7.2913465,8.3319664,-23.621702,9.0390081,-60.562023,26.730185,-112.95222,-8.1718235,-3.1205168,5.0724936,-13.062421,6.8213878,4.1708298,9.6248903,-14.693608,23.035269,-53.270676,28.359791,-108.85484,2.3134906,-57.441505,27.289326,-110.9276,-3.955409
44.5,-32.539471,11.427632,-54.937218,-10.141723,-7.3506136,8.4010868,-23.816441,9.1152134,-61.240616,26.946384,-114.05456,-8.426672,-3.1483395,5.1162734,-13.176051,6.8793721,4.2022743,9.7059069,-14.820953,23.225502,-53.890003,28.591322,-109.92796,2.1479583,-58.092278,27.510725,-112.01231,-4.1722474
44.6,-32.81554,11.52023,-55.394779,-10.236303,-7.4098811,8.4702234,-24.011213,9.1914511,-61.919209,27.162779,-115.15727,-8.6811428,-3.1761622,5.1600676,-13.289708,6.9373841,4.2337189,9.7869453,-14.94834,23.415779,-54.509327,28.82304,-111.00145,1.9827943,-58.743046,27.732313,-113.09738,-4.3887115
44.7,-33.09161,11.612837,-55.852352,-10.330868,-7.4691486,8.5393763,-24.206018,9.2677212,-62.597782,27.37936,-116.26035,-8.9352255,-3.2039847,5.2038751,-13.403392,6.9954228,4.2651639,9.8680048,-15.075769,23.606096,-55.128635,29.054943,-112.07528,1.818007,-59.393799,27.954088,-114.18281,-4.6047916
44.8,-33.367676,11.705449,-56.309933,-10.425416,-7.5284152,8.6085443,-24.400852,9.3440228,-63.27636,27.596123,-117.36376,-9.1889553,-3.231807,5.2476954,-13.517101,7.0534873,4.296608,9.9490833,-15.203238,23.796453,-55.747944,29.287022,-113.14945,1.6535621,-60.044552,28.176044,-115.26859,-4.8205223
44.9,-33.643742,11.79807,-56.767536,-10.51995,-7.5876822,8.6777296,-24.59572,9.4203558,-63.954937,27.813066,-118.46754,-9.4423256,-3.2596295,5.2915297,-13.630836,7.111578,4.328053,10.030185,-15.330748,23.986853,-56.367252,29.519278,-114.22398,1.489468,-60.695305,28.39818,-116.35471,-5.0358968
45,-33.919815,11.890699,-57.225155,-10.614471,-7.6469498,8.7469311,-24.790619,9.4967194,-64.63353,28.030188,-119.57169,-9.6953697,-3.2874522,5.3353767,-13.744598,7.1696939,4.3594975,10.111305,-15.458297,24.177292,-56.98658,29.751705,-115.29885,1.3256911,-61.346077,28.620489,-117.44121,-5.250948
45.1,-34.195885,11.983335,-57.682789,-10.708979,-7.7062173,8.8161469,-24.985548,9.5731134,-65.312119,28.24748,-120.67616,-9.9480782,-3.315275,5.3792362,-13.858384,7.2278347,4.3909421,10.192446,-15.585885,24.367769,-57.605904,29.984299,-116.37405,1.162241,-61.996845,28.84297,-118.52803,-5.4656658
45.2,-34.471951,12.075977,-58.140434,-10.803471,-7.7654843,8.8853769,-25.180504,9.6495352,-65.9907,28.464939,-121.78095,-10.200439,-3.3430974,5.4231076,-13.972194,7.2859983,4.4223871,10.273605,-15.713509,24.558283,-58.225212,30.217054,-117.44955,.99912727,-62.647598,29.065615,-119.61516,-5.6800413
45.3,-34.748016,12.168626,-58.598087,-10.897949,-7.8247509,8.9546213,-25.375486,9.7259846,-66.669273,28.68256,-122.88605,-10.452488,-3.3709197,5.4669909,-14.086024,7.3441854,4.4538312,10.354781,-15.841167,24.748831,-58.844521,30.449968,-118.52536,.83631712,-63.298355,29.28842,-120.7026,-5.8941069
45.4,-35.024086,12.261282,-59.055756,-10.992414,-7.8840184,9.023881,-25.570499,9.8024626,-67.347847,28.900343,-123.99148,-10.704215,-3.3987422,5.5108857,-14.19988,7.4023952,4.4852762,10.435977,-15.968863,24.939415,-59.463829,30.683039,-119.60148,.67381996,-63.949104,29.511385,-121.79036,-6.1078539
45.5,-35.300156,12.353945,-59.513443,-11.086868,-7.9432859,9.093154,-25.765539,9.8789673,-68.026443,29.118284,-125.09723,-10.955653,-3.4265649,5.5547924,-14.313758,7.4606276,4.5167208,10.517191,-16.096594,25.130035,-60.083157,30.916262,-120.67792,.51160347,-64.599876,29.734507,-122.87844,-6.3213148
45.6,-35.576225,12.446614,-59.971142,-11.18131,-8.002553,9.1624403,-25.960606,9.9554996,-68.705032,29.336376,-126.20328,-11.206792,-3.4543879,5.5987096,-14.427657,7.5188818,4.5481653,10.598422,-16.22436,25.32069,-60.70248,31.149633,-121.75464,.34967825,-65.250648,29.957779,-123.96681,-6.5344791
45.7,-35.852295,12.539289,-60.428852,-11.275739,-8.06182,9.231739,-26.155697,10.032057,-69.383614,29.554619,-127.3096,-11.45762,-3.4822104,5.6426377,-14.541577,7.5771565,4.5796103,10.679669,-16.352158,25.511377,-61.321789,31.38315,-122.83163,.18805473,-65.901398,30.1812,-125.05547,-6.7473354
45.8,-36.128361,12.63197,-60.886566,-11.370153,-8.1210871,9.3010511,-26.350811,10.108638,-70.062187,29.773005,-128.4162,-11.708168,-3.5100327,5.6865759,-14.655517,7.6354518,4.6110544,10.760932,-16.479984,25.702093,-61.941101,31.616806,-123.9089,.026701365,-66.552155,30.404762,-126.14439,-6.9599161
45.9,-36.40443,12.724658,-61.344299,-11.464559,-8.1803541,9.3703756,-26.545954,10.185245,-70.740761,29.991537,-129.52309,-11.958428,-3.5378551,5.730525,-14.769478,7.6937675,4.6424994,10.842213,-16.607847,25.892845,-62.560406,31.850603,-124.98644,-.13437161,-67.202904,30.628468,-127.2336,-7.1722112
46,-36.6805,12.817351,-61.802044,-11.558952,-8.2396221,9.4397125,-26.741119,10.261876,-71.419357,30.210209,-130.63028,-12.208432,-3.5656779,5.7744842,-14.883459,7.7521033,4.673944,10.923509,-16.735739,26.083628,-63.179733,32.084538,-126.06427,-.29519525,-67.853676,30.852314,-128.3231,-7.3842516
46.1,-36.95657,12.91005,-62.259804,-11.653336,-8.2988892,9.5090628,-26.936308,10.338531,-72.097946,30.429018,-131.73773,-12.458168,-3.5935006,5.8184533,-14.997459,7.8104587,4.7053885,11.00482,-16.863663,26.274439,-63.799057,32.318604,-127.14236,-.45575836,-68.504448,31.076296,-129.41287,-7.5960269
46.2,-37.232639,13.002755,-62.717567,-11.747706,-8.3581562,9.5784235,-27.131521,10.415208,-72.77652,30.647961,-132.84543,-12.707623,-3.6213231,5.862432,-15.111478,7.8688321,4.7368331,11.086146,-16.991613,26.465281,-64.418365,32.552799,-128.22069,-.61604971,-69.155197,31.300409,-130.50287,-7.8075247
46.3,-37.508701,13.095464,-63.175339,-11.842066,-8.4174232,9.6477947,-27.326754,10.491907,-73.455101,30.867031,-133.95337,-12.956828,-3.6491454,5.9064193,-15.225514,7.9272237,4.7682776,11.167486,-17.119593,26.656149,-65.037674,32.787121,-129.29926,-.77609974,-69.805954,31.524651,-131.59312,-8.0187759
46.4,-37.784771,13.188179,-63.633129,-11.936416,-8.4766903,9.7171783,-27.522011,10.568629,-74.133675,31.086235,-135.06157,-13.205774,-3.6769679,5.9504161,-15.339569,7.9856334,4.7997222,11.248842,-17.247602,26.847048,-65.656982,33.021568,-130.37807,-.93589759,-70.456703,31.74902,-132.68364,-8.2297697
46.5,-38.060841,13.2809,-64.090927,-12.030756,-8.5359573,9.7865734,-27.717289,10.645373,-74.812271,31.305563,-136.17004,-13.454492,-3.7047906,5.9944224,-15.453643,8.0440617,4.8311672,11.330212,-17.375641,27.037973,-66.276306,33.256142,-131.45715,-1.0954733,-71.107475,31.973516,-133.77441,-8.4405375
46.6,-38.33691,13.373626,-64.548737,-12.125086,-8.5952253,9.855979,-27.912588,10.722139,-75.49086,31.525015,-137.27875,-13.702968,-3.7326133,6.0384374,-15.567734,8.1025066,4.8626118,11.411595,-17.503704,27.228928,-66.895638,33.490829,-132.53645,-1.254815,-71.758247,32.198132,-134.86543,-8.6510668
46.7,-38.61298,13.466357,-65.006554,-12.219405,-8.6544924,9.925395,-28.10791,10.798924,-76.169434,31.744587,-138.38768,-13.95119,-3.7604358,6.0824609,-15.68184,8.1609688,4.8940563,11.492992,-17.631794,27.419909,-67.514946,33.725636,-133.61598,-1.413911,-72.408997,32.422871,-135.95665,-8.8613443
46.8,-38.889046,13.559092,-65.464378,-12.313715,-8.7137585,9.9948206,-28.303247,10.87573,-76.848015,31.964273,-139.49684,-14.199188,-3.7882581,6.1264925,-15.795962,8.2194462,4.9255009,11.574402,-17.759909,27.61091,-68.134254,33.960552,-134.69571,-1.5727907,-73.059753,32.64772,-137.04811,-9.0714016
46.9,-39.165115,13.651833,-65.922211,-12.408015,-8.7730265,10.064257,-28.498608,10.952556,-77.526588,32.184078,-140.60622,-14.446953,-3.8160806,6.1705322,-15.910102,8.2779408,4.9569454,11.655825,-17.88805,27.801943,-68.753563,34.195587,-135.77568,-1.7314427,-73.710503,32.872684,-138.13979,-9.2812262
47,-39.441185,13.744577,-66.380058,-12.502307,-8.8322935,10.133704,-28.693989,11.029401,-78.205177,32.403996,-141.71585,-14.694512,-3.8439033,6.2145805,-16.024258,8.3364506,4.98839,11.737261,-18.016218,27.992998,-69.372887,34.430729,-136.85588,-1.8898963,-74.361275,33.097767,-139.2317,-9.4908485
