temp,ref,yhat_comm,se_comm,lowerci_comm,upperci_comm,yhat_low,se_low,lowerci_low,upperci_low,yhat_high,se_high,lowerci_high,upperci_high,yhat_marg,se_marg,lowerci_marg,upperci_marg
-20,27,-18.937515,11.374345,-41.23082,3.3557897,-2.6992254,10.568081,-23.412283,18.013832,-221.67274,84.726379,-387.7334,-55.612091,-218.97351,85.507622,-386.56537,-51.381657
-19.9,27,-18.897223,11.350143,-41.143097,3.3486495,-2.6934824,10.545595,-23.362469,17.975504,-221.2011,84.546104,-386.90842,-55.493767,-218.50761,85.325691,-385.74289,-51.272335
-19.8,27,-18.85693,11.325943,-41.05537,3.3415096,-2.6877391,10.523109,-23.312654,17.937178,-220.72945,84.365837,-386.08347,-55.375443,-218.0417,85.143753,-384.92041,-51.16301
-19.7,27,-18.816639,11.301743,-40.967648,3.3343697,-2.6819963,10.500625,-23.262842,17.898849,-220.25781,84.18557,-385.25851,-55.257118,-217.57582,84.96183,-384.09793,-51.053688
-19.6,27,-18.776346,11.277541,-40.879921,3.3272297,-2.6762533,10.47814,-23.21303,17.860523,-219.78616,84.005302,-384.43353,-55.138798,-217.10991,84.7799,-383.27545,-50.944366
-19.5,27,-18.736053,11.253341,-40.792194,3.3200896,-2.6705103,10.455654,-23.163216,17.822195,-219.31451,83.825035,-383.60855,-55.020473,-216.64401,84.597961,-382.45297,-50.835045
-19.4,27,-18.695761,11.22914,-40.704472,3.3129497,-2.664767,10.433168,-23.113401,17.783867,-218.84286,83.64476,-382.7836,-54.902149,-216.1781,84.416031,-381.63049,-50.725719
-19.3,27,-18.655468,11.204939,-40.616745,3.3058097,-2.659024,10.410684,-23.063589,17.745541,-218.37123,83.464493,-381.95862,-54.783825,-215.7122,84.2341,-380.80801,-50.616398
-19.2,27,-18.615175,11.180738,-40.529022,3.2986698,-2.6532812,10.388199,-23.013777,17.707214,-217.89958,83.284225,-381.13367,-54.665501,-215.24631,84.05217,-379.98553,-50.507076
-19.1,27,-18.574883,11.156538,-40.441296,3.2915299,-2.6475382,10.365713,-22.963963,17.668886,-217.42795,83.103958,-380.30872,-54.547176,-214.78041,83.870239,-379.16306,-50.397755
-19,27,-18.53459,11.132338,-40.353569,3.2843897,-2.6417949,10.343227,-22.914148,17.630558,-216.9563,82.923691,-379.48373,-54.428852,-214.3145,83.688309,-378.34058,-50.288429
-18.9,27,-18.494297,11.108136,-40.265846,3.2772498,-2.6360519,10.320743,-22.864336,17.592232,-216.48465,82.743416,-378.65878,-54.310532,-213.8486,83.506378,-377.5181,-50.179108
-18.8,27,-18.454004,11.083936,-40.17812,3.2701099,-2.6303089,10.298257,-22.814522,17.553904,-216.013,82.563148,-377.8338,-54.192207,-213.38269,83.324448,-376.69562,-50.069782
-18.7,27,-18.413713,11.059735,-40.090397,3.26297,-2.6245661,10.275772,-22.764709,17.515577,-215.54137,82.382881,-377.00885,-54.073883,-212.91681,83.142517,-375.87314,-49.960464
-18.6,27,-18.373421,11.035534,-40.00267,3.2558298,-2.6188228,10.253286,-22.714895,17.477249,-215.06972,82.202614,-376.1839,-53.955559,-212.4509,82.960587,-375.05066,-49.851139
-18.5,27,-18.333128,11.011333,-39.914944,3.2486899,-2.6130798,10.230802,-22.665081,17.438923,-214.59808,82.022346,-375.35892,-53.837234,-211.985,82.778656,-374.22818,-49.741817
-18.4,27,-18.292835,10.987133,-39.827217,3.24155,-2.6073368,10.208316,-22.615269,17.400595,-214.12643,81.842072,-374.53394,-53.71891,-211.51909,82.596725,-373.4057,-49.632492
-18.3,27,-18.252542,10.962932,-39.739494,3.2344098,-2.6015937,10.18583,-22.565454,17.362267,-213.65479,81.661804,-373.70898,-53.600586,-211.05319,82.414787,-372.58322,-49.52317
-18.2,27,-18.21225,10.938731,-39.651768,3.2272701,-2.5958507,10.163345,-22.515642,17.32394,-213.18315,81.481537,-372.88403,-53.482265,-210.5873,82.232864,-371.76074,-49.413849
-18.1,27,-18.171957,10.914531,-39.564045,3.22013,-2.5901077,10.140861,-22.465828,17.285614,-212.7115,81.30127,-372.05905,-53.363941,-210.1214,82.050926,-370.93826,-49.304527
-18,27,-18.131664,10.890329,-39.476318,3.21299,-2.5843647,10.118375,-22.416016,17.247286,-212.23985,81.121002,-371.2341,-53.245617,-209.65549,81.868996,-370.11578,-49.195202
-17.9,27,-18.091372,10.866129,-39.388592,3.2058501,-2.5786216,10.095889,-22.366201,17.208958,-211.7682,80.940727,-370.40912,-53.127293,-209.18959,81.687065,-369.2933,-49.08588
-17.8,27,-18.051079,10.841928,-39.300869,3.19871,-2.5728786,10.073404,-22.316387,17.170631,-211.29657,80.76046,-369.58417,-53.008968,-208.72368,81.505135,-368.47083,-48.976559
-17.7,27,-18.010786,10.817728,-39.213142,3.19157,-2.5671356,10.05092,-22.266575,17.132303,-210.82492,80.580193,-368.75922,-52.890648,-208.2578,81.323204,-367.64835,-48.867237
-17.6,27,-17.970493,10.793527,-39.12542,3.1844301,-2.5613925,10.028434,-22.216763,17.093977,-210.35329,80.399925,-367.93423,-52.772324,-207.79189,81.141273,-366.82587,-48.757912
-17.5,27,-17.930201,10.769326,-39.037693,3.1772902,-2.5556495,10.005948,-22.166948,17.055649,-209.88164,80.219658,-367.10928,-52.653999,-207.32599,80.959343,-366.00339,-48.64859
-17.4,27,-17.889908,10.745126,-38.949966,3.17015,-2.5499065,9.9834633,-22.117134,17.017323,-209.40999,80.039383,-366.2843,-52.535675,-206.86008,80.777412,-365.18091,-48.539268
-17.3,27,-17.849615,10.720924,-38.86224,3.1630101,-2.5441635,9.9609776,-22.067322,16.978994,-208.93834,79.859116,-365.45935,-52.417351,-206.39418,80.595482,-364.35843,-48.429943
-17.2,27,-17.809324,10.696724,-38.774517,3.1558702,-2.5384204,9.9384928,-22.017509,16.940668,-208.46671,79.678848,-364.63437,-52.29903,-205.92828,80.413551,-363.53595,-48.320621
-17.1,27,-17.769032,10.672523,-38.68679,3.1487303,-2.5326774,9.916007,-21.967695,16.90234,-207.99506,79.498581,-363.80942,-52.180706,-205.46239,80.231621,-362.71347,-48.2113
-17,27,-17.728739,10.648322,-38.599068,3.1415901,-2.5269344,9.8935223,-21.917881,16.864012,-207.52342,79.318314,-362.98444,-52.062382,-204.99648,80.04969,-361.89099,-48.101978
-16.9,27,-17.688446,10.624122,-38.511341,3.1344502,-2.5211914,9.8710365,-21.868069,16.825686,-207.05177,79.138039,-362.15948,-51.944057,-204.53058,79.867752,-361.06851,-47.992653
-16.8,27,-17.648153,10.599921,-38.423615,3.1273103,-2.5154483,9.8485518,-21.818254,16.787357,-206.58012,78.957771,-361.3345,-51.825733,-204.06468,79.685822,-360.24603,-47.883331
-16.7,27,-17.607861,10.575721,-38.335892,3.1201704,-2.5097053,9.826066,-21.768442,16.749031,-206.10849,78.777504,-360.50955,-51.707413,-203.59879,79.503899,-359.42355,-47.77401
-16.6,27,-17.567568,10.551519,-38.248165,3.1130304,-2.5039623,9.8035812,-21.718628,16.710703,-205.63684,78.597237,-359.6846,-51.589088,-203.13287,79.32196,-358.60107,-47.664688
-16.5,27,-17.527275,10.527319,-38.160442,3.1058903,-2.4982193,9.7810955,-21.668814,16.672377,-205.16519,78.416969,-358.85962,-51.470764,-202.66698,79.14003,-357.77859,-47.555363
-16.4,27,-17.486982,10.503118,-38.072716,3.0987504,-2.4924762,9.7586107,-21.619001,16.634048,-204.69354,78.236694,-358.03467,-51.35244,-202.20107,78.958099,-356.95612,-47.446041
-16.3,27,-17.44669,10.478917,-37.984989,3.0916104,-2.4867332,9.736125,-21.569187,16.595722,-204.22191,78.056427,-357.20969,-51.234116,-201.73517,78.776169,-356.13364,-47.336716
-16.2,27,-17.406399,10.454717,-37.897266,3.0844705,-2.4809902,9.7136402,-21.519375,16.557394,-203.75026,77.87616,-356.38474,-51.115795,-201.26927,78.594238,-355.31116,-47.227398
-16.1,27,-17.366106,10.430516,-37.80954,3.0773304,-2.4752471,9.6911545,-21.469561,16.519068,-203.27863,77.695892,-355.55978,-50.997471,-200.80338,78.412308,-354.48868,-47.118073
-16,27,-17.325813,10.406315,-37.721817,3.0701904,-2.4695041,9.6686697,-21.419748,16.48074,-202.80698,77.515625,-354.7348,-50.879147,-200.33746,78.230377,-353.6662,-47.008751
-15.9,27,-17.285521,10.382114,-37.63409,3.0630505,-2.4637611,9.646184,-21.369934,16.442411,-202.33533,77.33535,-353.90982,-50.760822,-199.87157,78.048447,-352.84372,-46.899426
-15.8,27,-17.245228,10.357914,-37.546364,3.0559106,-2.4580181,9.6236992,-21.320122,16.404085,-201.86369,77.155083,-353.08487,-50.642498,-199.40567,77.866516,-352.02124,-46.790104
-15.7,27,-17.204935,10.333713,-37.458641,3.0487704,-2.452275,9.6012135,-21.270308,16.365757,-201.39204,76.974815,-352.25992,-50.524174,-198.93976,77.684586,-351.19876,-46.680782
-15.6,27,-17.164642,10.309512,-37.370914,3.0416305,-2.446532,9.5787287,-21.220495,16.327431,-200.92039,76.794548,-351.43494,-50.405853,-198.47386,77.502655,-350.37628,-46.571461
-15.5,27,-17.12435,10.285312,-37.283188,3.0344906,-2.440789,9.5562429,-21.170681,16.289103,-200.44875,76.614281,-350.60999,-50.287529,-198.00797,77.320717,-349.5538,-46.462135
-15.4,27,-17.084057,10.26111,-37.195465,3.0273507,-2.4350457,9.5337572,-21.120867,16.250776,-199.97711,76.434006,-349.785,-50.169205,-197.54207,77.138786,-348.73132,-46.352814
-15.3,27,-17.043764,10.23691,-37.107738,3.0202105,-2.4293029,9.5112724,-21.071054,16.212448,-199.50546,76.253738,-348.96005,-50.05088,-197.07616,76.956856,-347.90884,-46.243492
-15.2,27,-17.003471,10.212709,-37.020016,3.0130706,-2.4235597,9.4887867,-21.02124,16.174122,-199.03381,76.073471,-348.13507,-49.932556,-196.61026,76.774925,-347.08636,-46.134167
-15.1,27,-16.963179,10.188509,-36.932289,3.0059307,-2.4178169,9.4663019,-20.971428,16.135794,-198.56218,75.893204,-347.31012,-49.814236,-196.14436,76.592995,-346.26389,-46.024845
-15,27,-16.922886,10.164308,-36.844563,2.9987907,-2.4120736,9.4438162,-20.921614,16.097467,-198.09053,75.712936,-346.48517,-49.695911,-195.67845,76.411064,-345.44141,-45.915524
-14.9,27,-16.882593,10.140107,-36.75684,2.9916506,-2.4063306,9.4213314,-20.871801,16.059139,-197.61888,75.532661,-345.66019,-49.577587,-195.21255,76.229134,-344.6189,-45.806202
-14.8,27,-16.842302,10.115907,-36.669113,2.9845107,-2.4005876,9.3988457,-20.821987,16.020813,-197.14725,75.352394,-344.83524,-49.459263,-194.74666,76.047203,-343.79645,-45.696877
-14.7,27,-16.80201,10.091705,-36.581387,2.9773707,-2.3948445,9.3763609,-20.772175,15.982485,-196.6756,75.172127,-344.01025,-49.340939,-194.28076,75.865273,-342.97397,-45.587555
-14.6,27,-16.761717,10.067505,-36.493664,2.9702308,-2.3891015,9.3538752,-20.722361,15.944158,-196.20396,74.991859,-343.1853,-49.222614,-193.81485,75.683342,-342.15149,-45.478233
-14.5,27,-16.721424,10.043304,-36.405937,2.9630909,-2.3833585,9.3313904,-20.672546,15.90583,-195.73232,74.811592,-342.36032,-49.104294,-193.34895,75.501411,-341.32901,-45.368912
-14.4,27,-16.681131,10.019103,-36.318214,2.9559507,-2.3776155,9.3089046,-20.622734,15.867503,-195.26067,74.631317,-341.53537,-48.98597,-192.88306,75.319481,-340.5065,-45.259586
-14.3,27,-16.640839,9.9949026,-36.230488,2.9488108,-2.3718724,9.2864199,-20.57292,15.829176,-194.78903,74.45105,-340.71042,-48.867645,-192.41714,75.13755,-339.68405,-45.150265
-14.2,27,-16.600546,9.9707022,-36.142761,2.9416709,-2.3661294,9.2639341,-20.523108,15.790848,-194.31738,74.270782,-339.88544,-48.749321,-191.95125,74.955612,-338.86154,-45.040943
-14.1,27,-16.560253,9.9465017,-36.055038,2.934531,-2.3603864,9.2414494,-20.473293,15.752522,-193.84573,74.090515,-339.06049,-48.630997,-191.48535,74.773689,-338.03909,-44.931618
-14,27,-16.51996,9.9223003,-35.967312,2.9273908,-2.3546433,9.2189636,-20.423481,15.714193,-193.37408,73.910248,-338.2355,-48.512672,-191.01945,74.591751,-337.21661,-44.822296
-13.9,27,-16.479668,9.8980999,-35.879585,2.9202509,-2.3489003,9.1964788,-20.373667,15.675866,-192.90245,73.729973,-337.41055,-48.394352,-190.55354,74.409821,-336.3941,-44.712975
-13.8,27,-16.439375,9.8738995,-35.791862,2.913111,-2.3431573,9.1739931,-20.323854,15.637539,-192.4308,73.549706,-336.58557,-48.276028,-190.08765,74.22789,-335.57166,-44.603653
-13.7,27,-16.399082,9.8496981,-35.704136,2.9059711,-2.3374143,9.1515083,-20.27404,15.599212,-191.95915,73.369438,-335.76062,-48.157703,-189.62175,74.045959,-334.74915,-44.494328
-13.6,27,-16.358791,9.8254976,-35.616413,2.8988311,-2.3316712,9.1290226,-20.224228,15.560884,-191.48752,73.189171,-334.93564,-48.039379,-189.15584,73.864029,-333.9267,-44.385006
-13.5,27,-16.318499,9.8012972,-35.528687,2.891691,-2.3259282,9.1065378,-20.174414,15.522557,-191.01587,73.008904,-334.11069,-47.921055,-188.68994,73.682098,-333.10419,-44.275684
-13.4,27,-16.278206,9.7770958,-35.44096,2.884551,-2.3201852,9.0840521,-20.124599,15.48423,-190.54422,72.828629,-333.28571,-47.802731,-188.22404,73.500168,-332.28171,-44.166359
-13.3,27,-16.237913,9.7528954,-35.353237,2.8774111,-2.3144422,9.0615673,-20.074787,15.445903,-190.07259,72.648361,-332.46075,-47.68441,-187.75815,73.318237,-331.45926,-44.057037
-13.2,27,-16.19762,9.7286949,-35.265511,2.870271,-2.3086991,9.0390816,-20.024973,15.407576,-189.60094,72.468094,-331.6358,-47.566086,-187.29224,73.136307,-330.63675,-43.947716
-13.1,27,-16.157328,9.7044935,-35.177788,2.863131,-2.3029561,9.0165968,-19.975161,15.369248,-189.1293,72.287827,-330.81082,-47.447762,-186.82634,72.954376,-329.8143,-43.838394
-13,27,-16.117035,9.6802931,-35.090061,2.8559911,-2.2972131,8.9941111,-19.925346,15.33092,-188.65765,72.107559,-329.98587,-47.329437,-186.36044,72.772446,-328.99179,-43.729069
-12.9,27,-16.076742,9.6560926,-35.002335,2.8488512,-2.2914701,8.9716253,-19.875534,15.292593,-188.186,71.927284,-329.16089,-47.211113,-185.89453,72.590508,-328.16931,-43.619747
-12.8,27,-16.036449,9.6318913,-34.914612,2.8417113,-2.285727,8.9491405,-19.82572,15.254266,-187.71436,71.747017,-328.33594,-47.092793,-185.42863,72.408585,-327.34683,-43.510426
-12.7,27,-15.996157,9.6076908,-34.826885,2.8345711,-2.279984,8.9266548,-19.775908,15.215939,-187.24272,71.56675,-327.51096,-46.974468,-184.96274,72.226646,-326.52435,-43.4011
-12.6,27,-15.955865,9.5834904,-34.739159,2.8274312,-2.274241,8.90417,-19.726093,15.177611,-186.77107,71.386482,-326.686,-46.856144,-184.49684,72.044716,-325.70187,-43.291779
-12.5,27,-15.915572,9.5592899,-34.651436,2.8202913,-2.2684979,8.8816843,-19.676279,15.139284,-186.29942,71.206207,-325.86105,-46.73782,-184.03093,71.862785,-324.87939,-43.182457
-12.4,27,-15.875279,9.5350885,-34.563709,2.8131511,-2.2627549,8.8591995,-19.626467,15.100957,-185.82779,71.02594,-325.03607,-46.619495,-183.56503,71.680855,-324.05692,-43.073132
-12.3,27,-15.834987,9.5108881,-34.475986,2.8060112,-2.2570119,8.8367138,-19.576653,15.06263,-185.35614,70.845673,-324.21112,-46.501175,-183.09914,71.498924,-323.23444,-42.96381
-12.2,27,-15.794694,9.4866877,-34.38826,2.7988713,-2.2512689,8.814229,-19.52684,15.024302,-184.88449,70.665405,-323.38614,-46.382851,-182.63322,71.316994,-322.41196,-42.854488
-12.1,27,-15.754401,9.4624863,-34.300533,2.7917314,-2.2455258,8.7917433,-19.477026,14.985975,-184.41286,70.485138,-322.56119,-46.264526,-182.16733,71.135063,-321.58948,-42.745167
-12,27,-15.714108,9.4382858,-34.212811,2.7845914,-2.2397828,8.7692585,-19.427214,14.947648,-183.94121,70.304863,-321.73621,-46.146202,-181.70143,70.953133,-320.767,-42.635841
-11.9,27,-15.673816,9.4140854,-34.125084,2.7774513,-2.2340398,8.7467728,-19.377399,14.90932,-183.46956,70.124596,-320.91125,-46.027878,-181.23552,70.771202,-319.94452,-42.52652
-11.8,27,-15.633524,9.389884,-34.037357,2.7703114,-2.2282968,8.724288,-19.327587,14.870993,-182.99792,69.944328,-320.08627,-45.909554,-180.76962,70.589272,-319.12204,-42.417198
-11.7,27,-15.593231,9.3656836,-33.949635,2.7631714,-2.2225537,8.7018023,-19.277773,14.832665,-182.52628,69.764061,-319.26132,-45.791233,-180.30373,70.407341,-318.29956,-42.307877
-11.6,27,-15.552938,9.3414831,-33.861908,2.7560315,-2.2168107,8.6793175,-19.227961,14.794338,-182.05463,69.583794,-318.43637,-45.672909,-179.83783,70.22541,-317.47708,-42.198551
-11.5,27,-15.512646,9.3172817,-33.774185,2.7488914,-2.2110677,8.6568317,-19.178146,14.756011,-181.58299,69.403519,-317.61139,-45.554585,-179.37192,70.04348,-316.6546,-42.08923
-11.4,27,-15.472353,9.2930813,-33.686459,2.7417514,-2.2053244,8.634347,-19.128332,14.717684,-181.11134,69.223251,-316.78644,-45.43626,-178.90602,69.861542,-315.83212,-41.979908
-11.3,27,-15.432061,9.2688808,-33.598732,2.7346115,-2.1995816,8.6118612,-19.07852,14.679357,-180.63969,69.042984,-315.96146,-45.317936,-178.44012,69.679611,-315.00964,-41.870583
-11.2,27,-15.391768,9.2446795,-33.511009,2.7274716,-2.1938384,8.5893764,-19.028706,14.641029,-180.16806,68.862717,-315.13651,-45.199612,-177.97421,69.497681,-314.18716,-41.761261
-11.1,27,-15.351476,9.220479,-33.423283,2.7203317,-2.1880956,8.5668907,-18.978893,14.602702,-179.69641,68.682449,-314.31152,-45.081291,-177.50832,69.31575,-313.36469,-41.651939
-11,27,-15.311183,9.1962786,-33.335556,2.7131915,-2.1823523,8.5444059,-18.929079,14.564375,-179.22476,68.502174,-313.48657,-44.962967,-177.04242,69.13382,-312.54221,-41.542618
-10.9,27,-15.27089,9.1720781,-33.247833,2.7060516,-2.1766093,8.5219202,-18.879267,14.526047,-178.75313,68.321907,-312.66159,-44.844643,-176.57651,68.951889,-311.71973,-41.433292
-10.8,27,-15.230597,9.1478767,-33.160107,2.6989117,-2.1708663,8.4994354,-18.829453,14.48772,-178.28148,68.14164,-311.83664,-44.726318,-176.11061,68.769958,-310.89725,-41.323971
-10.7,27,-15.190305,9.1236763,-33.072384,2.6917715,-2.1651232,8.4769497,-18.779638,14.449392,-177.80983,67.961372,-311.01166,-44.607994,-175.64471,68.588028,-310.07477,-41.214649
-10.6,27,-15.150013,9.0994759,-32.984657,2.6846316,-2.1593802,8.4544649,-18.729826,14.411065,-177.3382,67.781105,-310.18671,-44.489674,-175.17882,68.406097,-309.25229,-41.105328
-10.5,27,-15.10972,9.0752745,-32.896931,2.6774917,-2.1536372,8.4319792,-18.680012,14.372738,-176.86655,67.60083,-309.36176,-44.371349,-174.71291,68.224167,-308.42981,-40.996002
-10.4,27,-15.069427,9.051074,-32.809208,2.6703517,-2.1478941,8.4094934,-18.630199,14.334411,-176.3949,67.420563,-308.53677,-44.253025,-174.24701,68.042236,-307.60733,-40.886681
-10.3,27,-15.029135,9.0268736,-32.721481,2.6632118,-2.1421511,8.3870087,-18.580385,14.296083,-175.92326,67.240295,-307.71182,-44.134701,-173.78111,67.860306,-306.78485,-40.777359
-10.2,27,-14.988842,9.0026722,-32.633755,2.6560717,-2.1364081,8.3645229,-18.530573,14.257756,-175.45161,67.060028,-306.88684,-44.016376,-173.3152,67.678375,-305.96237,-40.668034
-10.1,27,-14.94855,8.9784718,-32.546032,2.6489317,-2.1306651,8.3420382,-18.480759,14.219429,-174.97997,66.879761,-306.06189,-43.898056,-172.8493,67.496445,-305.13989,-40.558712
-10,27,-14.908257,8.9542713,-32.458305,2.6417918,-2.124922,8.3195524,-18.430946,14.181102,-174.50833,66.699486,-305.23691,-43.779732,-172.38341,67.314507,-304.31741,-40.44939
-9.9,27,-14.867965,8.9300699,-32.370583,2.6346519,-2.119179,8.2970676,-18.381132,14.142775,-174.03668,66.519218,-304.41196,-43.661407,-171.9175,67.132576,-303.49493,-40.340065
-9.800000000000001,27,-14.827672,8.9058695,-32.282856,2.6275117,-2.113436,8.2745819,-18.33132,14.104447,-173.56503,66.338951,-303.58701,-43.543083,-171.4516,66.950645,-302.67245,-40.230743
-9.699999999999999,27,-14.787379,8.881669,-32.195129,2.6203718,-2.107693,8.2520971,-18.281506,14.066119,-173.0934,66.158684,-302.76202,-43.424759,-170.9857,66.768715,-301.84998,-40.121422
-9.6,27,-14.747087,8.8574686,-32.107407,2.6132319,-2.1019499,8.2296114,-18.231693,14.027793,-172.62175,65.978416,-301.93707,-43.306435,-170.51981,66.586784,-301.0275,-40.0121
-9.5,27,-14.706794,8.8332672,-32.01968,2.606092,-2.0962069,8.2071266,-18.181879,13.989465,-172.1501,65.798141,-301.11209,-43.188114,-170.05389,66.404854,-300.20502,-39.902775
-9.4,27,-14.666501,8.8090668,-31.931955,2.5989518,-2.0904639,8.1846409,-18.132065,13.951138,-171.67847,65.617874,-300.28714,-43.06979,-169.588,66.222923,-299.38254,-39.793453
-9.300000000000001,27,-14.626209,8.7848663,-31.844231,2.5918119,-2.0847208,8.1621561,-18.082253,13.91281,-171.20682,65.437607,-299.46216,-42.951466,-169.1221,66.040993,-298.56006,-39.684132
-9.199999999999999,27,-14.585917,8.7606649,-31.756504,2.584672,-2.0789778,8.1396704,-18.032438,13.874483,-170.73517,65.257339,-298.63721,-42.833141,-168.65619,65.859062,-297.73758,-39.574806
-9.1,27,-14.545624,8.7364645,-31.668779,2.5775321,-2.0732348,8.1171856,-17.982626,13.836156,-170.26353,65.077072,-297.81226,-42.714817,-168.19029,65.677132,-296.9151,-39.465485
-9,27,-14.505331,8.7122641,-31.581055,2.5703919,-2.0674918,8.0946999,-17.932812,13.797829,-169.79189,64.896797,-296.98727,-42.596493,-167.7244,65.495201,-296.09262,-39.356163
-8.9,27,-14.465038,8.6880627,-31.49333,2.563252,-2.0617487,8.0722141,-17.882999,13.759501,-169.32024,64.71653,-296.16229,-42.478168,-167.25848,65.313271,-295.27014,-39.246841
-8.800000000000001,27,-14.424747,8.6638622,-31.405605,2.5561121,-2.0560057,8.0497293,-17.833185,13.721174,-168.8486,64.536263,-295.33734,-42.359848,-166.79259,65.13134,-294.44766,-39.137516
-8.699999999999999,27,-14.384454,8.6396618,-31.317879,2.5489721,-2.0502627,8.0272436,-17.783371,13.682847,-168.37695,64.355995,-294.51239,-42.241524,-166.32669,64.949402,-293.62518,-39.028194
-8.6,27,-14.344161,8.6154613,-31.230154,2.5418322,-2.0445197,8.0047588,-17.733559,13.64452,-167.9053,64.175728,-293.68741,-42.123199,-165.86079,64.767471,-292.8027,-38.918873
-8.5,27,-14.303868,8.59126,-31.142429,2.534692,-2.0387766,7.9822736,-17.683744,13.606192,-167.43367,63.995457,-292.86246,-42.004875,-165.39488,64.585541,-291.98022,-38.809551
-8.4,27,-14.263576,8.5670595,-31.054703,2.5275521,-2.0330336,7.9597883,-17.633932,13.567864,-166.96202,63.815186,-292.03748,-41.886551,-164.92899,64.40361,-291.15775,-38.700226
-8.300000000000001,27,-14.223284,8.5428591,-30.966978,2.5204122,-2.0272906,7.9373031,-17.584118,13.529537,-166.49037,63.634918,-291.21252,-41.76823,-164.46309,64.22168,-290.33527,-38.590904
-8.199999999999999,27,-14.18299,8.5186577,-30.879253,2.5132723,-2.0215476,7.9148178,-17.534306,13.49121,-166.01874,63.454647,-290.38754,-41.649906,-163.99718,64.039749,-289.51279,-38.481583
-8.1,27,-14.142698,8.4944572,-30.791529,2.5061321,-2.0158045,7.8923326,-17.484491,13.452883,-165.54709,63.27438,-289.56259,-41.531582,-163.53128,63.857819,-288.69031,-38.372257
-8,27,-14.102406,8.4702568,-30.703804,2.4989922,-2.0100615,7.8698473,-17.434679,13.414556,-165.07544,63.094112,-288.73764,-41.413258,-163.06538,63.675888,-287.86783,-38.262936
-7.9,27,-14.062113,8.4460554,-30.616077,2.4918523,-2.0043185,7.847362,-17.384865,13.376228,-164.60381,62.913841,-287.91266,-41.294933,-162.59949,63.493958,-287.04535,-38.153614
-7.8,27,-14.02182,8.421855,-30.528353,2.4847124,-1.9985753,7.8248768,-17.335052,13.337901,-164.13216,62.733574,-287.08771,-41.176613,-162.13358,63.312027,-286.22287,-38.044292
-7.7,27,-13.981527,8.3976545,-30.440628,2.4775722,-1.9928323,7.8023911,-17.285238,13.299574,-163.66051,62.553303,-286.26273,-41.058289,-161.66768,63.130093,-285.40039,-37.934967
-7.6,27,-13.941236,8.3734531,-30.352903,2.4704323,-1.9870893,7.7799058,-17.235424,13.261247,-163.18887,62.373035,-285.43777,-40.939964,-161.20178,62.948162,-284.57791,-37.825645
-7.5,27,-13.900943,8.3492527,-30.265177,2.4632924,-1.9813462,7.7574205,-17.185612,13.222919,-162.71722,62.192768,-284.61279,-40.82164,-160.73587,62.766232,-283.75543,-37.716324
-7.4,27,-13.86065,8.3250523,-30.177452,2.4561524,-1.9756032,7.7349353,-17.135798,13.184592,-162.24557,62.012497,-283.78784,-40.703316,-160.26997,62.584301,-282.93295,-37.606998
-7.3,27,-13.820357,8.3008518,-30.089727,2.4490125,-1.9698602,7.71245,-17.085985,13.146264,-161.77394,61.83223,-282.96289,-40.584995,-159.80408,62.40237,-282.11047,-37.497677
-7.2,27,-13.780065,8.2766504,-30.002001,2.4418724,-1.9641172,7.6899648,-17.036171,13.107937,-161.30229,61.651958,-282.13791,-40.466671,-159.33817,62.22044,-281.28799,-37.388355
-7.1,27,-13.739772,8.25245,-29.914276,2.4347324,-1.9583741,7.6674795,-16.986359,13.06961,-160.83064,61.471691,-281.31296,-40.348347,-158.87227,62.038506,-280.46552,-37.279034
-7,27,-13.69948,8.2282495,-29.826551,2.4275925,-1.9526311,7.6449943,-16.936544,13.031282,-160.35901,61.291424,-280.48798,-40.230022,-158.40637,61.856575,-279.64304,-37.169708
-6.9,27,-13.659187,8.2040482,-29.738827,2.4204526,-1.9468881,7.622509,-16.886732,12.992955,-159.88736,61.111153,-279.66302,-40.111698,-157.94048,61.674644,-278.82056,-37.060387
-6.8,27,-13.618895,8.1798477,-29.651102,2.4133124,-1.9411451,7.6000237,-16.836918,12.954628,-159.41571,60.930885,-278.83804,-39.993374,-157.47456,61.492714,-277.99808,-36.951065
-6.7,27,-13.578602,8.1556473,-29.563375,2.4061725,-1.935402,7.5775385,-16.787104,12.916301,-158.94408,60.750614,-278.01309,-39.87505,-157.00867,61.310783,-277.1756,-36.84174
-6.6,27,-13.538309,8.1314459,-29.475651,2.3990326,-1.929659,7.5550532,-16.737291,12.877974,-158.47243,60.570347,-277.18811,-39.756729,-156.54277,61.128853,-276.35312,-36.732418
-6.5,27,-13.498016,8.1072454,-29.387926,2.3918927,-1.923916,7.532568,-16.687477,12.839646,-158.00078,60.390079,-276.36316,-39.638405,-156.07686,60.946922,-275.53064,-36.623096
-6.4,27,-13.457725,8.083045,-29.300201,2.3847525,-1.918173,7.5100827,-16.637665,12.801319,-157.52914,60.209808,-275.53821,-39.520081,-155.61096,60.764992,-274.70816,-36.513775
-6.3,27,-13.417432,8.0588446,-29.212475,2.3776126,-1.9124299,7.4875975,-16.587851,12.762992,-157.0575,60.029541,-274.71323,-39.401756,-155.14507,60.583057,-273.88568,-36.404449
-6.2,27,-13.377139,8.0346432,-29.12475,2.3704727,-1.9066868,7.4651122,-16.538038,12.724664,-156.58585,59.84927,-273.88828,-39.283432,-154.67917,60.401127,-273.0632,-36.295128
-6.1,27,-13.336846,8.0104427,-29.037025,2.3633327,-1.9009438,7.442627,-16.488224,12.686337,-156.11421,59.669003,-273.06329,-39.165112,-154.21326,60.219196,-272.24072,-36.185806
-6,27,-13.296554,7.9862418,-28.949301,2.3561926,-1.8952007,7.4201417,-16.438412,12.648009,-155.64256,59.488731,-272.23834,-39.046787,-153.74736,60.037266,-271.41824,-36.076481
-5.9,27,-13.256261,7.9620409,-28.861574,2.3490527,-1.8894577,7.3976564,-16.388597,12.609682,-155.17091,59.308464,-271.41336,-38.928463,-153.28146,59.855335,-270.59576,-35.967159
-5.8,27,-13.215969,7.9378405,-28.773849,2.3419127,-1.8837147,7.3751712,-16.338785,12.571355,-154.69928,59.128197,-270.58841,-38.810139,-152.81555,59.673405,-269.77328,-35.857838
-5.7,27,-13.175676,7.9136395,-28.686125,2.3347728,-1.8779716,7.3526859,-16.288971,12.533028,-154.22763,58.947926,-269.76343,-38.691814,-152.34966,59.49147,-268.95081,-35.748516
-5.6,27,-13.135384,7.8894391,-28.5984,2.3276327,-1.8722286,7.3302007,-16.239157,12.4947,-153.75598,58.767658,-268.93848,-38.57349,-151.88376,59.30954,-268.12833,-35.639191
-5.5,27,-13.095091,7.8652382,-28.510674,2.3204927,-1.8664856,7.3077154,-16.189344,12.456373,-153.28435,58.587387,-268.11353,-38.45517,-151.41786,59.127609,-267.30585,-35.529869
-5.4,27,-13.054798,7.8410373,-28.422949,2.3133528,-1.8607426,7.2852302,-16.13953,12.418046,-152.8127,58.40712,-267.28854,-38.336845,-150.95195,58.945679,-266.48337,-35.420547
-5.3,27,-13.014505,7.8168368,-28.335224,2.3062129,-1.8549995,7.2627449,-16.089718,12.379719,-152.34105,58.226852,-266.46359,-38.218521,-150.48605,58.763748,-265.66089,-35.311226
-5.2,27,-12.974213,7.7926359,-28.247499,2.2990727,-1.8492565,7.2402592,-16.039904,12.341391,-151.8694,58.046581,-265.63861,-38.100197,-150.02016,58.581818,-264.83841,-35.2019
-5.1,27,-12.933921,7.768435,-28.159773,2.2919328,-1.8435135,7.2177739,-15.99009,12.303063,-151.39777,57.866314,-264.81366,-37.981873,-149.55424,58.399887,-264.01593,-35.092579
-5,27,-12.893628,7.7442346,-28.072048,2.2847929,-1.8377705,7.1952887,-15.940277,12.264736,-150.92612,57.686043,-263.98868,-37.863552,-149.08835,58.217953,-263.19345,-34.983257
-4.9,27,-12.853335,7.7200336,-27.984324,2.277653,-1.8320274,7.1728034,-15.890464,12.226409,-150.45448,57.505775,-263.16373,-37.745228,-148.62245,58.036022,-262.37097,-34.873932
-4.8,27,-12.813043,7.6958332,-27.896599,2.2705131,-1.8262844,7.1503181,-15.840651,12.188082,-149.98283,57.325508,-262.33878,-37.626904,-148.15656,57.854092,-261.54849,-34.76461
-4.7,27,-12.77275,7.6716323,-27.808872,2.2633729,-1.8205414,7.1278329,-15.790837,12.149755,-149.51118,57.145237,-261.51379,-37.508579,-147.69064,57.672161,-260.72601,-34.655289
-4.6,27,-12.732457,7.6474314,-27.721148,2.256233,-1.8147984,7.1053476,-15.741024,12.111427,-149.03954,56.96497,-260.68884,-37.390255,-147.22475,57.490231,-259.90353,-34.545963
-4.5,27,-12.692165,7.6232309,-27.633423,2.2490931,-1.8090553,7.0828624,-15.691211,12.0731,-148.5679,56.784698,-259.86386,-37.271931,-146.75885,57.3083,-259.08105,-34.436642
-4.4,27,-12.651873,7.59903,-27.545698,2.2419531,-1.8033123,7.0603771,-15.641397,12.034773,-148.09625,56.604431,-259.03891,-37.15361,-146.29294,57.126369,-258.25858,-34.32732
-4.3,27,-12.61158,7.5748296,-27.457973,2.234813,-1.7975693,7.0378919,-15.591584,11.996446,-147.62462,56.424164,-258.21393,-37.035286,-145.82704,56.944435,-257.4361,-34.217999
-4.2,27,-12.571287,7.5506287,-27.370247,2.2276731,-1.7918261,7.0154066,-15.54177,11.958118,-147.15297,56.243893,-257.38898,-36.916962,-145.36115,56.762505,-256.61362,-34.108673
-4.1,27,-12.530994,7.5264277,-27.282522,2.2205331,-1.7860831,6.9929214,-15.491957,11.919791,-146.68132,56.063625,-256.564,-36.798637,-144.89523,56.580574,-255.79112,-33.999352
-4,27,-12.490702,7.5022273,-27.194798,2.2133932,-1.7803401,6.9704361,-15.442143,11.881463,-146.20967,55.883354,-255.73904,-36.680313,-144.42934,56.398643,-254.96864,-33.89003
-3.9,27,-12.45041,7.4780264,-27.107073,2.2062531,-1.774597,6.9479508,-15.39233,11.843136,-145.73804,55.703087,-254.91408,-36.561993,-143.96344,56.216713,-254.14616,-33.780708
-3.8,27,-12.410117,7.4538255,-27.019346,2.1991131,-1.768854,6.9254656,-15.342517,11.804809,-145.26639,55.52282,-254.08911,-36.443668,-143.49754,56.034782,-253.32368,-33.671383
-3.7,27,-12.369824,7.429625,-26.931622,2.1919732,-1.763111,6.9029803,-15.292704,11.766481,-144.79475,55.342548,-253.26414,-36.325344,-143.03163,55.852852,-252.50121,-33.562061
-3.6,27,-12.329532,7.4054241,-26.843897,2.1848333,-1.757368,6.8804951,-15.24289,11.728154,-144.3231,55.162281,-252.43918,-36.20702,-142.56573,55.670918,-251.67873,-33.45274
-3.5,27,-12.289239,7.3812237,-26.756172,2.1776931,-1.7516249,6.8580098,-15.193077,11.689827,-143.85146,54.98201,-251.61421,-36.088696,-142.09984,55.488987,-250.85625,-33.343414
-3.4,27,-12.248946,7.3570228,-26.668446,2.1705532,-1.7458819,6.8355246,-15.143264,11.6515,-143.37982,54.801743,-250.78926,-35.970371,-141.63393,55.307056,-250.03377,-33.234093
-3.3,27,-12.208653,7.3328218,-26.580721,2.1634133,-1.7401389,6.8130393,-15.093451,11.613173,-142.90817,54.621471,-249.96429,-35.852051,-141.16803,55.125126,-249.21129,-33.124771
-3.2,27,-12.168362,7.3086214,-26.492996,2.1562734,-1.7343959,6.790554,-15.043637,11.574845,-142.43652,54.441204,-249.13933,-35.733727,-140.70213,54.943195,-248.38881,-33.01545
-3.1,27,-12.128069,7.2844205,-26.405272,2.1491332,-1.7286528,6.7680683,-14.993823,11.536518,-141.96487,54.260937,-248.31436,-35.615402,-140.23622,54.761265,-247.56633,-32.906124
-3,27,-12.087776,7.2602201,-26.317545,2.1419933,-1.7229098,6.7455831,-14.94401,11.498191,-141.49324,54.080666,-247.4894,-35.497078,-139.77032,54.57933,-246.74385,-32.796803
-2.9,27,-12.047483,7.2360191,-26.22982,2.1348534,-1.7171668,6.7230978,-14.894197,11.459864,-141.02159,53.900398,-246.66443,-35.378754,-139.30443,54.3974,-245.92137,-32.687481
-2.8,27,-12.007191,7.2118182,-26.142096,2.1277134,-1.7114238,6.7006125,-14.844383,11.421535,-140.54994,53.720127,-245.83946,-35.260433,-138.83853,54.215469,-245.09889,-32.578156
-2.7,27,-11.966898,7.1876178,-26.054371,2.1205735,-1.7056807,6.6781273,-14.79457,11.383208,-140.07831,53.53986,-245.0145,-35.142109,-138.37262,54.033539,-244.27641,-32.468834
-2.6,27,-11.926606,7.1634169,-25.966644,2.1134334,-1.6999377,6.655642,-14.744757,11.344881,-139.60666,53.359592,-244.18953,-35.023785,-137.90672,53.851608,-243.45393,-32.359512
-2.5,27,-11.886313,7.1392164,-25.87892,2.1062934,-1.6941947,6.6331568,-14.694943,11.306554,-139.13501,53.179321,-243.36458,-34.90546,-137.44083,53.669678,-242.63145,-32.250191
-2.4,27,-11.846021,7.1150155,-25.791195,2.0991535,-1.6884516,6.6106715,-14.64513,11.268227,-138.66338,52.999054,-242.53961,-34.787136,-136.97491,53.487747,-241.80898,-32.140865
-2.3,27,-11.805728,7.0908146,-25.70347,2.0920136,-1.6827086,6.5881863,-14.595317,11.229899,-138.19173,52.818783,-241.71465,-34.668812,-136.50902,53.305813,-240.9865,-32.031544
-2.2,27,-11.765435,7.0666142,-25.615744,2.0848734,-1.6769656,6.565701,-14.545504,11.191572,-137.72008,52.638515,-240.88968,-34.550491,-136.04312,53.123882,-240.16402,-31.92222
-2.1,27,-11.725142,7.0424132,-25.528019,2.0777335,-1.6712224,6.5432158,-14.495689,11.153245,-137.24844,52.458248,-240.06471,-34.432167,-135.57722,52.941952,-239.34154,-31.812899
-2,27,-11.684851,7.0182123,-25.440294,2.0705936,-1.6654794,6.5207305,-14.445876,11.114918,-136.77679,52.277977,-239.23975,-34.313843,-135.11131,52.760021,-238.51906,-31.703575
-1.9,27,-11.644558,6.9940119,-25.35257,2.0634537,-1.6597364,6.4982452,-14.396063,11.076591,-136.30515,52.09771,-238.41478,-34.195518,-134.64542,52.578091,-237.69658,-31.594254
-1.8,27,-11.604265,6.969811,-25.264843,2.0563135,-1.6539934,6.47576,-14.34625,11.038262,-135.83351,51.917439,-237.58981,-34.077194,-134.17952,52.39616,-236.8741,-31.48493
-1.7,27,-11.563972,6.9456105,-25.177118,2.0491736,-1.6482503,6.4532747,-14.296436,10.999935,-135.36186,51.737171,-236.76486,-33.958874,-133.71361,52.21423,-236.05162,-31.375608
-1.6,27,-11.52368,6.9214096,-25.089394,2.0420337,-1.6425073,6.4307895,-14.246623,10.961608,-134.89021,51.556904,-235.9399,-33.840549,-133.24771,52.032295,-235.22914,-31.266285
-1.5,27,-11.483387,6.8972087,-25.001669,2.0348938,-1.6367643,6.4083042,-14.19681,10.923281,-134.41858,51.376633,-235.11493,-33.722225,-132.78181,51.850365,-234.40666,-31.156961
-1.4,27,-11.443094,6.8730083,-24.913942,2.0277536,-1.6310213,6.385819,-14.146996,10.884953,-133.94693,51.196365,-234.28996,-33.603901,-132.3159,51.668434,-233.58418,-31.04764
-1.3,27,-11.402802,6.8488073,-24.826218,2.0206137,-1.6252782,6.3633337,-14.097183,10.846626,-133.47528,51.016094,-233.465,-33.485577,-131.85001,51.486504,-232.7617,-30.938316
-1.2,27,-11.36251,6.8246069,-24.738493,2.0134737,-1.6195352,6.3408484,-14.04737,10.808299,-133.00365,50.835827,-232.64003,-33.367252,-131.38411,51.304573,-231.93922,-30.828995
-1.1,27,-11.322217,6.800406,-24.650768,2.0063338,-1.6137922,6.3183632,-13.997556,10.769972,-132.532,50.65556,-231.81506,-33.248932,-130.91821,51.122643,-231.11674,-30.719671
-1,27,-11.281924,6.7762051,-24.563042,1.9991938,-1.6080492,6.2958779,-13.947742,10.731645,-132.06035,50.475288,-230.9901,-33.130608,-130.4523,50.940708,-230.29427,-30.61035
-.9,27,-11.241632,6.7520046,-24.475317,1.9920537,-1.6023061,6.2733927,-13.897929,10.693317,-131.58871,50.295021,-230.16515,-33.012283,-129.9864,50.758778,-229.47179,-30.501026
-.8,27,-11.201339,6.7278037,-24.387592,1.9849138,-1.5965631,6.2509069,-13.848116,10.65499,-131.11707,50.11475,-229.34018,-32.893959,-129.52051,50.576847,-228.64931,-30.391703
-.7,27,-11.161047,6.7036028,-24.299868,1.9777739,-1.5908201,6.2284217,-13.798303,10.616663,-130.64542,49.934483,-228.51521,-32.775635,-129.0546,50.394917,-227.82683,-30.282381
-.6,27,-11.120754,6.6794024,-24.212141,1.9706339,-1.585077,6.2059364,-13.748489,10.578335,-130.17378,49.754211,-227.69025,-32.65731,-128.5887,50.212986,-227.00435,-30.173058
-.5,27,-11.080462,6.6552014,-24.124416,1.9634939,-1.579334,6.1834512,-13.698676,10.540008,-129.70213,49.573944,-226.86528,-32.53899,-128.1228,50.031055,-226.18187,-30.063736
-.4,27,-11.040169,6.631001,-24.036692,1.9563539,-1.573591,6.1609659,-13.648863,10.50168,-129.23048,49.393677,-226.04031,-32.420666,-127.6569,49.849125,-225.35939,-29.954412
-.3,27,-10.999876,6.6068001,-23.948967,1.949214,-1.567848,6.1384807,-13.59905,10.463353,-128.75885,49.213406,-225.21535,-32.302341,-127.191,49.667191,-224.53691,-29.845091
-.2,27,-10.959583,6.5825992,-23.86124,1.9420739,-1.5621049,6.1159954,-13.549235,10.425026,-128.2872,49.033138,-224.39038,-32.184017,-126.7251,49.48526,-223.71443,-29.735767
-.1,27,-10.919291,6.5583987,-23.773516,1.934934,-1.5563618,6.0935102,-13.499422,10.386699,-127.81556,48.852867,-223.56541,-32.065693,-126.25919,49.303329,-222.89195,-29.626444
0,27,-10.878999,6.5341978,-23.685791,1.927794,-1.5506188,6.0710249,-13.449609,10.348372,-127.34391,48.6726,-222.74046,-31.947371,-125.7933,49.121399,-222.06947,-29.517122
.1,27,-10.838706,6.5099974,-23.598066,1.9206541,-1.5448757,6.0485396,-13.399796,10.310044,-126.87227,48.492332,-221.9155,-31.829046,-125.32739,48.939468,-221.24699,-29.407799
.2,27,-10.798413,6.4857965,-23.51034,1.913514,-1.5391327,6.0260544,-13.349982,10.271717,-126.40063,48.312061,-221.09053,-31.710724,-124.8615,48.757538,-220.42451,-29.298477
.3,27,-10.758121,6.4615955,-23.422615,1.9063741,-1.5333897,6.0035691,-13.300169,10.23339,-125.92898,48.131794,-220.26556,-31.5924,-124.39559,48.575607,-219.60204,-29.189154
.4,27,-10.717828,6.4373951,-23.33489,1.8992341,-1.5276467,5.9810839,-13.250356,10.195063,-125.45734,47.951523,-219.4406,-31.474077,-123.92969,48.393673,-218.77956,-29.079832
.5,27,-10.677536,6.4131942,-23.247166,1.8920941,-1.5219036,5.9585986,-13.200542,10.156734,-124.98569,47.771255,-218.61563,-31.355753,-123.46379,48.211742,-217.95708,-28.970509
.6,27,-10.637243,6.3889933,-23.159441,1.8849541,-1.5161606,5.9361134,-13.150729,10.118407,-124.51405,47.590988,-217.79066,-31.237429,-122.99789,48.029812,-217.1346,-28.861185
.7,27,-10.596951,6.3647928,-23.071714,1.8778142,-1.5104176,5.9136281,-13.100916,10.08008,-124.0424,47.410717,-216.9657,-31.119106,-122.53199,47.847881,-216.31212,-28.751863
.8,27,-10.556658,6.3405919,-22.98399,1.8706741,-1.5046746,5.8911428,-13.051102,10.041753,-123.57076,47.23045,-216.14073,-31.000782,-122.06609,47.665951,-215.48962,-28.64254
.9,27,-10.516365,6.3163915,-22.896265,1.8635342,-1.4989315,5.8686576,-13.001288,10.003426,-123.09911,47.050179,-215.31578,-30.882458,-121.60018,47.48402,-214.66714,-28.533218
1,27,-10.476072,6.2921906,-22.80854,1.8563942,-1.4931885,5.8461723,-12.951475,9.9650984,-122.62747,46.869911,-214.49081,-30.764135,-121.13428,47.30209,-213.84467,-28.423895
1.1,27,-10.43578,6.2679896,-22.720814,1.8492543,-1.4874455,5.8236871,-12.901662,9.9267712,-122.15583,46.689644,-213.66585,-30.645811,-120.66838,47.120155,-213.02219,-28.314573
1.2,27,-10.395488,6.2437892,-22.633089,1.8421142,-1.4817024,5.8012018,-12.851849,9.8884439,-121.68418,46.509373,-212.84088,-30.527487,-120.20248,46.938225,-212.19971,-28.20525
1.3,27,-10.355195,6.2195883,-22.545364,1.8349743,-1.4759594,5.7787166,-12.802035,9.8501167,-121.21254,46.329105,-212.01591,-30.409164,-119.73658,46.756294,-211.37723,-28.095928
1.4,27,-10.314902,6.1953878,-22.45764,1.8278344,-1.4702164,5.7562308,-12.752222,9.8117895,-120.7409,46.148834,-211.19095,-30.29084,-119.27068,46.574364,-210.55475,-27.986605
1.5,27,-10.27461,6.1711869,-22.369913,1.8206943,-1.4644734,5.7337456,-12.702409,9.7734623,-120.26925,45.968567,-210.36598,-30.172518,-118.80478,46.392433,-209.73227,-27.877281
1.6,27,-10.234317,6.146986,-22.282188,1.8135544,-1.4587303,5.7112603,-12.652596,9.7351341,-119.79761,45.7883,-209.54102,-30.054193,-118.33887,46.210503,-208.90979,-27.76796
1.7,27,-10.194024,6.1227856,-22.194464,1.8064144,-1.4529873,5.6887751,-12.602782,9.6968069,-119.32597,45.608028,-208.71606,-29.935869,-117.87298,46.028568,-208.08731,-27.658636
1.8,27,-10.153732,6.0985847,-22.106739,1.7992744,-1.4472443,5.6662898,-12.552968,9.6584797,-118.85432,45.427761,-207.8911,-29.817547,-117.40707,45.846638,-207.26483,-27.549314
1.9,27,-10.11344,6.0743837,-22.019012,1.7921344,-1.4415011,5.6438046,-12.503155,9.6201525,-118.38268,45.24749,-207.06613,-29.699223,-116.94118,45.664707,-206.44235,-27.439991
2,27,-10.073147,6.0501833,-21.931288,1.7849945,-1.4357581,5.6213193,-12.453341,9.5818253,-117.91103,45.067223,-206.24117,-29.580898,-116.47527,45.482777,-205.61987,-27.330669
2.1,27,-10.032854,6.0259824,-21.843563,1.7778544,-1.4300151,5.598834,-12.403528,9.543498,-117.43938,44.886955,-205.4162,-29.462576,-116.00937,45.300846,-204.79739,-27.221346
2.2,27,-9.9925613,6.0017819,-21.755838,1.7707145,-1.4242721,5.5763488,-12.353715,9.5051708,-116.96774,44.706684,-204.59123,-29.344252,-115.54347,45.118916,-203.97491,-27.112022
2.3,27,-9.9522686,5.977581,-21.668112,1.7635745,-1.418529,5.5538635,-12.303902,9.4668436,-116.4961,44.526417,-203.76627,-29.225927,-115.07757,44.936985,-203.15244,-27.002701
2.4,27,-9.9119768,5.9533801,-21.580387,1.7564346,-1.412786,5.5313783,-12.254088,9.4285164,-116.02445,44.346146,-202.9413,-29.107605,-114.61167,44.755051,-202.32996,-26.893377
2.5,27,-9.8716841,5.9291797,-21.492662,1.7492945,-1.407043,5.508893,-12.204275,9.3901892,-115.55281,44.165878,-202.11633,-28.989281,-114.14577,44.57312,-201.50748,-26.784056
2.6,27,-9.8313913,5.9049788,-21.404938,1.7421546,-1.4013,5.4864078,-12.154462,9.351862,-115.08117,43.985607,-201.29138,-28.870958,-113.67987,44.39119,-200.685,-26.674732
2.7,27,-9.7910986,5.8807783,-21.317211,1.7350146,-1.3955569,5.4639225,-12.104649,9.3135347,-114.60952,43.80534,-200.46642,-28.752634,-113.21397,44.209259,-199.86252,-26.565411
2.8,27,-9.7508059,5.8565774,-21.229486,1.7278746,-1.3898139,5.4414372,-12.054834,9.2752066,-114.13788,43.625072,-199.64145,-28.63431,-112.74806,44.027328,-199.04004,-26.456087
2.9,27,-9.7105131,5.8323765,-21.141762,1.7207346,-1.3840709,5.418952,-12.005021,9.2368793,-113.66624,43.444801,-198.81648,-28.515985,-112.28217,43.845398,-198.21756,-26.346764
3,27,-9.6702213,5.808176,-21.054037,1.7135947,-1.3783278,5.3964667,-11.955208,9.1985521,-113.19459,43.264534,-197.99152,-28.397663,-111.81626,43.663467,-197.39508,-26.237442
3.1,27,-9.6299286,5.7839751,-20.966311,1.7064548,-1.3725848,5.3739815,-11.905395,9.1602249,-112.72295,43.084263,-197.16655,-28.279339,-111.35036,43.481533,-196.5726,-26.128119
3.2,27,-9.5896358,5.7597742,-20.878586,1.6993147,-1.3668418,5.3514962,-11.855581,9.1218977,-112.2513,42.903996,-196.34158,-28.161016,-110.88446,43.299603,-195.75012,-26.018797
3.3,27,-9.5493431,5.7355738,-20.790861,1.6921748,-1.3610988,5.329011,-11.805768,9.0835705,-111.77966,42.723728,-195.51662,-28.042692,-110.41856,43.117672,-194.92764,-25.909473
3.4,27,-9.5090504,5.7113729,-20.703136,1.6850348,-1.3553557,5.3065257,-11.755955,9.0452433,-111.30801,42.543457,-194.69165,-27.924368,-109.95266,42.935741,-194.10516,-25.800152
3.5,27,-9.4687576,5.6871724,-20.61541,1.6778948,-1.3496127,5.2840405,-11.706141,9.006916,-110.83637,42.36319,-193.8667,-27.806046,-109.48676,42.753811,-193.28268,-25.690828
3.6,27,-9.4284658,5.6629715,-20.527685,1.6707548,-1.3438697,5.2615552,-11.656328,8.9685888,-110.36472,42.182919,-193.04173,-27.687721,-109.02086,42.57188,-192.46021,-25.581507
3.7,27,-9.3881731,5.6387706,-20.43996,1.6636149,-1.3381267,5.2390695,-11.606515,8.9302616,-109.89308,42.002651,-192.21677,-27.569397,-108.55495,42.389946,-191.63773,-25.472183
3.8,27,-9.3478804,5.6145701,-20.352236,1.6564748,-1.3323836,5.2165842,-11.556701,8.8919344,-109.42144,41.822384,-191.3918,-27.451075,-108.08905,42.208015,-190.81525,-25.36286
3.9,27,-9.3075876,5.5903692,-20.264509,1.6493349,-1.3266405,5.1940989,-11.506887,8.8536062,-108.94979,41.642113,-190.56683,-27.33275,-107.62315,42.026085,-189.99277,-25.253538
4,27,-9.2672949,5.5661688,-20.176785,1.6421949,-1.3208975,5.1716137,-11.457074,8.815279,-108.47815,41.461845,-189.74187,-27.214426,-107.15725,41.844154,-189.17029,-25.144215
4.1,27,-9.2270021,5.5419679,-20.08906,1.6350549,-1.3151544,5.1491284,-11.407261,8.7769518,-108.00651,41.281574,-188.9169,-27.096104,-106.69135,41.662224,-188.34781,-25.034893
4.2,27,-9.1867104,5.517767,-20.001335,1.6279149,-1.3094114,5.1266432,-11.357448,8.7386246,-107.53486,41.101307,-188.09195,-26.977779,-106.22545,41.480293,-187.52533,-24.92557
4.3,27,-9.1464176,5.4935665,-19.913609,1.620775,-1.3036684,5.1041579,-11.307634,8.7002974,-107.06322,40.921036,-187.26697,-26.859455,-105.75954,41.298363,-186.70285,-24.816246
4.4,27,-9.1061249,5.4693656,-19.825884,1.6136349,-1.2979254,5.0816727,-11.257821,8.6619701,-106.59157,40.740768,-186.44202,-26.741133,-105.29365,41.116428,-185.88037,-24.706924
4.5,27,-9.0658321,5.4451647,-19.738159,1.606495,-1.2921823,5.0591874,-11.208008,8.6236429,-106.11993,40.560501,-185.61705,-26.622808,-104.82774,40.934498,-185.05789,-24.597601
4.6,27,-9.0255394,5.4209642,-19.650434,1.599355,-1.2864393,5.0367022,-11.158195,8.5853157,-105.64828,40.38023,-184.79208,-26.504486,-104.36185,40.752567,-184.23541,-24.488279
4.7,27,-8.9852467,5.3967633,-19.56271,1.5922151,-1.2806963,5.0142169,-11.108381,8.5469885,-105.17664,40.199963,-183.96712,-26.386162,-103.89594,40.570637,-183.41293,-24.378956
4.8,27,-8.9449539,5.3725629,-19.474983,1.585075,-1.2749532,4.9917316,-11.058567,8.5086613,-104.70499,40.019691,-183.14215,-26.267838,-103.43004,40.388706,-182.59045,-24.269634
4.9,27,-8.9046621,5.348362,-19.387259,1.5779351,-1.2692102,4.9692464,-11.008754,8.4703341,-104.23335,39.839424,-182.31718,-26.149515,-102.96414,40.206776,-181.76797,-24.160311
5,27,-8.8643694,5.3241611,-19.299534,1.5707951,-1.2634672,4.9467611,-10.958941,8.4320059,-103.76171,39.659157,-181.49222,-26.031191,-102.49824,40.024845,-180.9455,-24.050989
5.1,27,-8.8240767,5.2999606,-19.211809,1.5636551,-1.2577242,4.9242759,-10.909127,8.3936787,-103.29006,39.478886,-180.66727,-25.912867,-102.03234,39.842911,-180.12302,-23.941666
5.2,27,-8.7837839,5.2757597,-19.124083,1.5565152,-1.2519811,4.9017906,-10.859314,8.3553514,-102.81842,39.298618,-179.8423,-25.794544,-101.56644,39.66098,-179.30054,-23.832344
5.3,27,-8.7434912,5.2515588,-19.036358,1.5493752,-1.2462381,4.8793054,-10.809501,8.3170242,-102.34677,39.118347,-179.01733,-25.67622,-101.10053,39.47905,-178.47806,-23.723021
5.4,27,-8.7031984,5.2273583,-18.948633,1.5422353,-1.2404951,4.8568201,-10.759687,8.278697,-101.87513,38.93808,-178.19237,-25.557896,-100.63464,39.297119,-177.65558,-23.613697
5.5,27,-8.6629066,5.2031574,-18.860909,1.5350952,-1.2347521,4.8343349,-10.709874,8.2403698,-101.40349,38.757813,-177.3674,-25.439573,-100.16873,39.115189,-176.8331,-23.504375
5.6,27,-8.6226139,5.178957,-18.773182,1.5279553,-1.229009,4.8118496,-10.660061,8.2020426,-100.93185,38.577541,-176.54243,-25.321249,-99.702835,38.933258,-176.01062,-23.395052
5.7,27,-8.5823212,5.1547561,-18.685457,1.5208153,-1.223266,4.7893643,-10.610248,8.1637154,-100.4602,38.397274,-175.71747,-25.202927,-99.236931,38.751328,-175.18814,-23.28573
5.8,27,-8.5420284,5.1305552,-18.597733,1.5136753,-1.2175229,4.7668786,-10.560433,8.1253881,-99.988556,38.217003,-174.8925,-25.084602,-98.771034,38.569393,-174.36566,-23.176407
5.9,27,-8.5017357,5.1063547,-18.510008,1.5065353,-1.2117798,4.7443933,-10.51062,8.0870609,-99.516907,38.036736,-174.06754,-24.966278,-98.30513,38.387463,-173.54318,-23.067083
6,27,-8.4614429,5.0821538,-18.422281,1.4993954,-1.2060368,4.7219081,-10.460807,8.0487337,-99.045265,37.856468,-173.24258,-24.847956,-97.839226,38.205532,-172.7207,-22.957762
6.1,27,-8.4211512,5.0579534,-18.334557,1.4922553,-1.2002938,4.6994228,-10.410994,8.0104065,-98.573624,37.676197,-172.41762,-24.729631,-97.373329,38.023602,-171.89822,-22.848438
6.2,27,-8.3808584,5.0337524,-18.246832,1.4851154,-1.1945508,4.6769376,-10.36118,7.9720788,-98.101982,37.49593,-171.59265,-24.611307,-96.907425,37.841671,-171.07574,-22.739117
6.3,27,-8.3405657,5.0095515,-18.159107,1.4779754,-1.1888077,4.6544523,-10.311367,7.9337516,-97.630333,37.315659,-170.76768,-24.492985,-96.441528,37.65974,-170.25325,-22.629793
6.4,27,-8.3002729,4.9853511,-18.071381,1.4708354,-1.1830647,4.6319671,-10.261554,7.8954239,-97.158691,37.135391,-169.94272,-24.37466,-95.975624,37.477806,-169.43077,-22.520472
6.5,27,-8.2599802,4.9611502,-17.983656,1.4636954,-1.1773217,4.6094818,-10.21174,7.8570967,-96.687042,36.955124,-169.11775,-24.256336,-95.509727,37.295876,-168.60831,-22.411148
6.6,27,-8.2196875,4.9369497,-17.895931,1.4565555,-1.1715786,4.5869966,-10.161927,7.8187695,-96.215401,36.774853,-168.29279,-24.138014,-95.043823,37.113945,-167.78583,-22.301826
6.7,27,-8.1793957,4.9127488,-17.808207,1.4494156,-1.1658356,4.5645113,-10.112114,7.7804422,-95.743759,36.594585,-167.46782,-24.01969,-94.577919,36.932014,-166.96335,-22.192503
6.8,27,-8.1391029,4.8885479,-17.72048,1.4422755,-1.1600926,4.542026,-10.0623,7.742115,-95.27211,36.414314,-166.64285,-23.901365,-94.112022,36.750084,-166.14085,-22.083179
6.9,27,-8.0988102,4.8643475,-17.632755,1.4351355,-1.1543496,4.5195408,-10.012486,7.7037878,-94.800468,36.234047,-165.8179,-23.783043,-93.646118,36.568153,-165.31837,-21.973858
7,27,-8.0585175,4.8401465,-17.545031,1.4279956,-1.1486065,4.4970555,-9.9626732,7.6654601,-94.328827,36.05378,-164.99294,-23.664719,-93.180222,36.386223,-164.4959,-21.864534
7.1,27,-8.0182247,4.8159456,-17.457306,1.4208556,-1.1428635,4.4745703,-9.9128599,7.6271329,-93.857178,35.873508,-164.16797,-23.546396,-92.714317,36.204292,-163.67342,-21.755213
7.2,27,-7.9779325,4.7917452,-17.369579,1.4137156,-1.1371205,4.452085,-9.8630466,7.5888057,-93.385536,35.693241,-163.343,-23.428072,-92.248421,36.022358,-162.85094,-21.645889
7.3,27,-7.9376397,4.7675443,-17.281855,1.4065756,-1.1313775,4.4295998,-9.8132334,7.5504785,-92.913895,35.51297,-162.51804,-23.309748,-91.782516,35.840427,-162.02846,-21.536566
7.4,27,-7.897347,4.7433438,-17.19413,1.3994356,-1.1256344,4.4071145,-9.7634201,7.5121512,-92.442245,35.332703,-161.69307,-23.191425,-91.316612,35.658497,-161.20598,-21.427244
7.5,27,-7.8570542,4.7191429,-17.106405,1.3922957,-1.1198914,4.3846292,-9.7136068,7.473824,-91.970604,35.152431,-160.8681,-23.073101,-90.850716,35.476566,-160.3835,-21.317921
7.6,27,-7.816762,4.694942,-17.018679,1.3851557,-1.1141484,4.362144,-9.6637936,7.4354963,-91.498962,34.972164,-160.04314,-22.954777,-90.384811,35.294636,-159.56102,-21.208599
7.7,27,-7.7764692,4.6707416,-16.930954,1.3780158,-1.1084054,4.3396587,-9.6139803,7.3971691,-91.027313,34.791897,-159.21819,-22.836454,-89.918915,35.112705,-158.73854,-21.099276
7.8,27,-7.7361765,4.6465406,-16.843229,1.3708757,-1.1026622,4.3171735,-9.5641661,7.3588419,-90.555672,34.611626,-158.39322,-22.71813,-89.453011,34.930771,-157.91606,-20.989954
7.9,27,-7.6958842,4.6223397,-16.755505,1.3637358,-1.0969192,4.2946882,-9.5143528,7.3205147,-90.08403,34.431358,-157.56825,-22.599806,-88.987106,34.74884,-157.09358,-20.88063
8,27,-7.6555915,4.5981393,-16.667778,1.3565958,-1.0911762,4.272203,-9.4645395,7.2821875,-89.612381,34.251087,-156.74329,-22.481483,-88.52121,34.56691,-156.2711,-20.771309
8.1,27,-7.6152987,4.5739384,-16.580053,1.3494558,-1.0854331,4.2497172,-9.4147263,7.2438598,-89.140739,34.07082,-155.91832,-22.363159,-88.055305,34.384979,-155.44862,-20.661985
8.199999999999999,27,-7.5750065,4.5497379,-16.492329,1.3423158,-1.0796901,4.2272325,-9.364913,7.2055326,-88.669098,33.890553,-155.09335,-22.244837,-87.589409,34.203049,-154.62614,-20.552664
8.300000000000001,27,-7.5347137,4.525537,-16.404604,1.3351759,-1.0739471,4.2047467,-9.3150997,7.1672053,-88.197449,33.710281,-154.26839,-22.126513,-87.123505,34.021118,-153.80367,-20.44334
8.4,27,-7.4944215,4.5013366,-16.316879,1.328036,-1.068204,4.1822619,-9.2652864,7.1288781,-87.725807,33.530014,-153.44344,-22.008188,-86.657608,33.839188,-152.98119,-20.334019
8.5,27,-7.4541287,4.4771357,-16.229153,1.3208959,-1.062461,4.1597762,-9.2154732,7.0905509,-87.254166,33.349743,-152.61845,-21.889866,-86.191704,33.657253,-152.15871,-20.224695
8.6,27,-7.413836,4.4529347,-16.141428,1.3137559,-1.056718,4.137291,-9.165659,7.0522232,-86.782516,33.169476,-151.79349,-21.771542,-85.7258,33.475323,-151.33623,-20.115372
8.699999999999999,27,-7.3735433,4.4287343,-16.053703,1.3066159,-1.050975,4.1148057,-9.1158466,7.0138965,-86.310875,32.989208,-150.96854,-21.653217,-85.259903,33.293392,-150.51375,-20.00605
8.800000000000001,27,-7.3332505,4.4045334,-15.965978,1.2994759,-1.0452319,4.0923204,-9.0660324,6.9755688,-85.839233,32.808937,-150.14357,-21.534895,-84.793999,33.111462,-149.69127,-19.896727
8.9,27,-7.2929583,4.3803329,-15.878253,1.292336,-1.0394889,4.0698352,-9.0162191,6.9372416,-85.367592,32.62867,-149.3186,-21.416571,-84.328102,32.929531,-148.86879,-19.787405
9,27,-7.2526655,4.356132,-15.790527,1.2851959,-1.0337459,4.0473499,-8.9664059,6.8989143,-84.895943,32.448399,-148.49364,-21.298246,-83.862198,32.747601,-148.04631,-19.678082
9.1,27,-7.2123728,4.3319311,-15.702802,1.278056,-1.0280029,4.0248647,-8.9165926,6.8605866,-84.424294,32.268131,-147.66867,-21.179924,-83.396294,32.565666,-147.22383,-19.568758
9.199999999999999,27,-7.1720805,4.3077307,-15.615077,1.2709161,-1.0222598,4.0023794,-8.8667793,6.8222599,-83.952652,32.087864,-146.8437,-21.0616,-82.930397,32.383736,-146.40135,-19.459436
9.300000000000001,27,-7.1317878,4.2835298,-15.527351,1.2637761,-1.0165168,3.9798942,-8.8169661,6.7839322,-83.48101,31.907593,-146.01874,-20.943275,-82.464493,32.201805,-145.57887,-19.350113
9.4,27,-7.0914955,4.2593288,-15.439627,1.2566361,-1.0107738,3.9574089,-8.7671528,6.745605,-83.009369,31.727325,-145.19379,-20.824953,-81.998596,32.019875,-144.75639,-19.240791
9.5,27,-7.0512028,4.2351284,-15.351902,1.2494961,-1.0050308,3.9349236,-8.7173395,6.7072778,-82.53772,31.547056,-144.36882,-20.706629,-81.532692,31.837944,-143.93391,-19.131468
9.6,27,-7.01091,4.2109275,-15.264176,1.2423561,-.99928766,3.9124382,-8.6675253,6.6689506,-82.066078,31.366785,-143.54385,-20.588305,-81.066788,31.656012,-143.11143,-19.022144
9.699999999999999,27,-6.9706178,4.186727,-15.176452,1.2352161,-.99354464,3.8899531,-8.617713,6.6306233,-81.594437,31.186518,-142.71889,-20.469982,-80.600891,31.474081,-142.28896,-18.912823
9.800000000000001,27,-6.930325,4.1625261,-15.088726,1.2280762,-.98780161,3.8674676,-8.5678988,6.5922956,-81.122787,31.006248,-141.89392,-20.351658,-80.134987,31.29215,-141.46648,-18.803499
9.9,27,-6.8900328,4.1383252,-15.001001,1.2209362,-.98205858,3.8449826,-8.5180855,6.5539689,-80.651146,30.825981,-141.06895,-20.233335,-79.66909,31.11022,-140.644,-18.694178
10,27,-6.84974,4.1141248,-14.913276,1.2137963,-.97631556,3.8224971,-8.4682722,6.5156412,-80.179504,30.645712,-140.24399,-20.115011,-79.203186,30.928288,-139.82152,-18.584854
10.1,27,-6.8094473,4.0899239,-14.82555,1.2066562,-.97057247,3.8000119,-8.4184589,6.477314,-79.707855,30.465441,-139.41902,-19.996687,-78.737282,30.746357,-138.99904,-18.475531
10.2,27,-6.7691545,4.0657229,-14.737825,1.1995163,-.9648295,3.7775266,-8.3686457,6.4389868,-79.236214,30.285173,-138.59407,-19.878365,-78.271385,30.564426,-138.17656,-18.366209
10.3,27,-6.7288618,4.0415225,-14.6501,1.1923763,-.95908642,3.7550414,-8.3188324,6.4006591,-78.764565,30.104904,-137.76909,-19.76004,-77.805481,30.382494,-137.35408,-18.256886
10.4,27,-6.6885695,4.0173216,-14.562375,1.1852363,-.95334345,3.7325561,-8.2690191,6.3623323,-78.292923,29.924637,-136.94414,-19.641718,-77.339584,30.200565,-136.5316,-18.147564
10.5,27,-6.6482768,3.9931209,-14.47465,1.1780963,-.94760036,3.7100708,-8.2192059,6.3240047,-77.821281,29.744366,-136.11917,-19.523394,-76.87368,30.018633,-135.70912,-18.03824
10.6,27,-6.6079841,3.96892,-14.386925,1.1709564,-.94185734,3.6875854,-8.1693916,6.2856774,-77.349632,29.564096,-135.2942,-19.405069,-76.407776,29.8367,-134.88664,-17.928919
10.7,27,-6.5676918,3.9447196,-14.2992,1.1638165,-.93611431,3.6651003,-8.1195793,6.2473502,-76.877991,29.383829,-134.46924,-19.286747,-75.941879,29.65477,-134.06416,-17.819595
10.8,27,-6.5273991,3.9205186,-14.211474,1.1566764,-.93037128,3.6426148,-8.0697651,6.209023,-76.406349,29.20356,-133.64427,-19.168423,-75.475975,29.472839,-133.24168,-17.710274
10.9,27,-6.4871068,3.8963182,-14.12375,1.1495365,-.92462826,3.6201298,-8.0199518,6.1706958,-75.934708,29.023293,-132.81931,-19.050098,-75.010078,29.290909,-132.4192,-17.60095
11,27,-6.4468141,3.8721173,-14.036024,1.1423965,-.91888523,3.5976443,-7.9701385,6.1323681,-75.463058,28.843021,-131.99434,-18.931776,-74.544174,29.108976,-131.59673,-17.491629
11.1,27,-6.4065213,3.8479164,-13.948298,1.1352564,-.91314214,3.5751591,-7.9203253,6.0940409,-74.991417,28.662752,-131.16937,-18.813452,-74.07827,28.927046,-130.77425,-17.382305
11.2,27,-6.3662291,3.8237159,-13.860574,1.1281165,-.90739918,3.5526738,-7.870512,6.0557137,-74.519775,28.482485,-130.34442,-18.695127,-73.612373,28.745115,-129.95177,-17.272984
11.3,27,-6.3259363,3.799515,-13.772849,1.1209764,-.90165609,3.5301886,-7.8206987,6.0173864,-74.048126,28.302216,-129.51945,-18.576805,-73.146469,28.563183,-129.12929,-17.16366
11.4,27,-6.2856436,3.7753143,-13.685124,1.1138365,-.89591312,3.5077033,-7.7708855,5.9790592,-73.576485,28.121948,-128.69449,-18.458481,-72.680573,28.381254,-128.30681,-17.054338
11.5,27,-6.2453508,3.7511137,-13.597399,1.1066966,-.89017004,3.485218,-7.7210717,5.9407315,-73.104836,27.941677,-127.86952,-18.340157,-72.214668,28.199322,-127.48432,-16.945015
11.6,27,-6.2050581,3.7269127,-13.509673,1.0995566,-.88442701,3.4627326,-7.6712584,5.9024043,-72.633194,27.761408,-127.04456,-18.221834,-71.748764,28.017389,-126.66184,-16.835691
11.7,27,-6.1647658,3.7027121,-13.421948,1.0924166,-.87868398,3.4402475,-7.6214452,5.8640771,-72.161552,27.581141,-126.2196,-18.10351,-71.282867,27.835461,-125.83936,-16.72637
11.8,27,-6.1244731,3.6785114,-13.334223,1.0852766,-.87294096,3.417762,-7.5716319,5.8257499,-71.689903,27.400871,-125.39462,-17.985186,-70.816963,27.653528,-125.01688,-16.617046
11.9,27,-6.0841808,3.6543107,-13.246498,1.0781367,-.86719793,3.395277,-7.5218186,5.7874227,-71.218262,27.220602,-124.56966,-17.866863,-70.351067,27.471598,-124.19441,-16.507725
12,27,-6.0438881,3.63011,-13.158772,1.0709966,-.8614549,3.3727915,-7.4720049,5.7490954,-70.74662,27.040333,-123.7447,-17.748539,-69.885162,27.289665,-123.37193,-16.398401
12.1,27,-6.0035954,3.6059091,-13.071047,1.0638567,-.85571182,3.3503063,-7.4221916,5.7107677,-70.274971,26.860064,-122.91973,-17.630215,-69.419258,27.107735,-122.54945,-16.289078
12.2,27,-5.9633031,3.5817084,-12.983323,1.0567167,-.84996885,3.327821,-7.3723783,5.6724405,-69.803329,26.679796,-122.09477,-17.511892,-68.953362,26.925804,-121.72697,-16.179756
12.3,27,-5.9230103,3.5575078,-12.895597,1.0495768,-.84422576,3.3053358,-7.3225646,5.6341133,-69.331688,26.499527,-121.26981,-17.393568,-68.487457,26.743872,-120.90449,-16.070433
12.4,27,-5.8827181,3.5333071,-12.807873,1.0424368,-.8384828,3.2828505,-7.2727518,5.5957861,-68.860046,26.319258,-120.44484,-17.275246,-68.021561,26.561943,-120.08201,-15.961111
12.5,27,-5.8424253,3.5091062,-12.720147,1.0352968,-.83273971,3.2603652,-7.2229381,5.5574589,-68.388397,26.138988,-119.61987,-17.156921,-67.555656,26.380011,-119.25953,-15.851788
12.6,27,-5.8021326,3.4849055,-12.632421,1.0281568,-.82699668,3.23788,-7.1731248,5.5191312,-67.916756,25.958719,-118.79491,-17.038597,-67.089752,26.198078,-118.43705,-15.742465
12.7,27,-5.7618399,3.4607048,-12.544697,1.0210168,-.82125366,3.2153947,-7.1233115,5.480804,-67.445114,25.778452,-117.96995,-16.920275,-66.623856,26.01615,-117.61457,-15.633142
12.8,27,-5.7215471,3.4365041,-12.456971,1.0138768,-.81551063,3.1929095,-7.0734978,5.4424767,-66.973465,25.598183,-117.14498,-16.80195,-66.157951,25.834217,-116.79209,-15.52382
12.9,27,-5.6812549,3.4123034,-12.369246,1.0067369,-.8097676,3.1704242,-7.023685,5.4041495,-66.501823,25.417913,-116.32002,-16.683628,-65.692055,25.652287,-115.96961,-15.414497
13,27,-5.6409621,3.3881025,-12.281521,.99959689,-.80402458,3.147939,-6.9738712,5.3658223,-66.030174,25.237644,-115.49505,-16.565304,-65.226151,25.470354,-115.14713,-15.305175
13.1,27,-5.6006694,3.3639019,-12.193796,.99245691,-.79828149,3.1254535,-6.924058,5.3274946,-65.558533,25.057375,-114.67008,-16.44698,-64.760246,25.288424,-114.32465,-15.195851
13.2,27,-5.5603771,3.3397012,-12.106071,.98531693,-.79253852,3.1029685,-6.8742447,5.2891679,-65.086891,24.877108,-113.84512,-16.328657,-64.29435,25.106493,-113.50217,-15.08653
13.3,27,-5.5200844,3.3155003,-12.018346,.97817695,-.78679544,3.080483,-6.8244309,5.2508402,-64.615242,24.696836,-113.02016,-16.210333,-63.828449,24.924561,-112.67969,-14.977206
13.4,27,-5.4797921,3.2912998,-11.930621,.97103703,-.78105247,3.0579979,-6.7746181,5.212513,-64.1436,24.516569,-112.1952,-16.092009,-63.362549,24.742632,-111.85722,-14.867884
13.5,27,-5.4394994,3.2670989,-11.842896,.96389699,-.77530938,3.0355124,-6.7248044,5.1741858,-63.671955,24.3363,-111.37023,-15.973685,-62.896648,24.560699,-111.03474,-14.758561
13.6,27,-5.3992066,3.2428982,-11.75517,.95675701,-.76956636,3.0130272,-6.6749911,5.1358581,-63.20031,24.156031,-110.54526,-15.855361,-62.430744,24.378767,-110.21225,-14.649238
13.7,27,-5.3589144,3.2186975,-11.667445,.94961709,-.76382333,2.9905419,-6.6251779,5.0975313,-62.728668,23.975763,-109.7203,-15.737039,-61.964848,24.196838,-109.38978,-14.539916
13.8,27,-5.3186216,3.1944966,-11.57972,.94247705,-.7580803,2.9680567,-6.5753641,5.0592036,-62.257023,23.795492,-108.89533,-15.618714,-61.498943,24.014906,-108.56729,-14.430593
13.9,27,-5.2783289,3.1702962,-11.491995,.93533713,-.75233728,2.9455714,-6.5255513,5.0208769,-61.785381,23.615225,-108.07037,-15.500391,-61.033047,23.832975,-107.74482,-14.321271
14,27,-5.2380362,3.1460953,-11.40427,.92819709,-.74659425,2.9230862,-6.4757376,4.9825492,-61.313736,23.434956,-107.24541,-15.382068,-60.567142,23.651045,-106.92233,-14.211947
14.1,27,-5.1977434,3.1218944,-11.316545,.92105711,-.74085116,2.9006007,-6.4259243,4.944222,-60.842091,23.254686,-106.42044,-15.263743,-60.101238,23.469112,-106.09985,-14.102625
14.2,27,-5.1574512,3.0976939,-11.22882,.91391718,-.7351082,2.8781157,-6.376111,4.9058948,-60.370449,23.074419,-105.59547,-15.14542,-59.635342,23.287182,-105.27738,-13.993302
14.3,27,-5.1171584,3.073493,-11.141094,.90677714,-.72936511,2.8556302,-6.3262973,4.8675671,-59.898804,22.894148,-104.77051,-15.027097,-59.169437,23.105249,-104.4549,-13.88398
14.4,27,-5.0768661,3.0492923,-11.05337,.89963722,-.72362214,2.8331451,-6.2764845,4.8292403,-59.427162,22.713881,-103.94555,-14.908773,-58.703541,22.923321,-103.63242,-13.774657
14.5,27,-5.0365734,3.0250916,-10.965644,.89249724,-.71787906,2.8106596,-6.2266707,4.7909126,-58.955517,22.533611,-103.12058,-14.790449,-58.237637,22.741388,-102.80994,-13.665335
14.6,27,-4.9962807,3.0008907,-10.877918,.8853572,-.71213603,2.7881744,-6.1768575,4.7525854,-58.483871,22.353342,-102.29562,-14.672126,-57.771732,22.559456,-101.98746,-13.556011
14.7,27,-4.9559884,2.9766903,-10.790194,.87821728,-.706393,2.7656891,-6.1270442,4.7142582,-58.01223,22.173073,-101.47066,-14.553802,-57.305836,22.377527,-101.16498,-13.44669
14.8,27,-4.9156957,2.9524894,-10.702468,.8710773,-.70064998,2.7432039,-6.0772305,4.6759305,-57.540581,21.992804,-100.64568,-14.435478,-56.839931,22.195595,-100.3425,-13.337366
14.9,27,-4.8754034,2.9282887,-10.614743,.86393732,-.69490695,2.7207186,-6.0274177,4.6376038,-57.068939,21.812536,-99.820724,-14.317156,-56.374035,22.013664,-99.520027,-13.228044
15,27,-4.8351107,2.904088,-10.527019,.85679734,-.68916392,2.6982334,-5.9776039,4.5992761,-56.597294,21.632267,-98.995758,-14.198832,-55.908131,21.831734,-98.69754,-13.118721
15.1,27,-4.7948179,2.8798871,-10.439293,.84965736,-.68342084,2.6757479,-5.9277906,4.5609488,-56.125648,21.451998,-98.170792,-14.080507,-55.442226,21.649801,-97.875061,-13.009398
15.2,27,-4.7545252,2.8556864,-10.351568,.84251738,-.67767787,2.6532629,-5.8779774,4.5226216,-55.654007,21.271729,-97.345833,-13.962185,-54.97633,21.467871,-97.052582,-12.900076
15.3,27,-4.7142324,2.8314857,-10.263843,.8353774,-.67193478,2.6307774,-5.8281636,4.4842944,-55.182362,21.091459,-96.520866,-13.843861,-54.510426,21.285938,-96.230103,-12.790752
15.4,27,-4.6739402,2.8072851,-10.176118,.82823747,-.66619182,2.6082923,-5.7783508,4.4459672,-54.71072,20.911192,-95.6959,-13.725537,-54.044529,21.10401,-95.407623,-12.681431
15.5,27,-4.6336474,2.7830844,-10.088392,.82109743,-.66044873,2.5858068,-5.7285371,4.4076395,-54.239075,20.730923,-94.870934,-13.607213,-53.578625,20.922077,-94.585144,-12.572107
15.6,27,-4.5933547,2.7588835,-10.000667,.81395745,-.6547057,2.5633216,-5.6787238,4.3693123,-53.767429,20.550653,-94.045967,-13.48889,-53.112724,20.740145,-93.762657,-12.462785
15.7,27,-4.5530624,2.7346828,-9.9129419,.80681753,-.64896268,2.5408363,-5.6289105,4.3309851,-53.295788,20.370384,-93.221008,-13.370566,-52.646824,20.558216,-92.940186,-12.353462
15.8,27,-4.5127697,2.7104821,-9.8252172,.79967749,-.64321965,2.5183511,-5.5790968,4.2926579,-52.824142,20.190115,-92.396042,-13.252242,-52.18092,20.376284,-92.117706,-12.24414
15.9,27,-4.4724774,2.6862814,-9.7374926,.79253757,-.63747662,2.4958658,-5.529284,4.2543306,-52.352501,20.009848,-91.571083,-13.13392,-51.715023,20.194353,-91.295227,-12.134817
16,27,-4.4321847,2.6620805,-9.6497669,.78539753,-.6317336,2.4733806,-5.4794703,4.2160029,-51.880856,19.829578,-90.746109,-13.015595,-51.249119,20.012423,-90.472748,-12.025495
16.1,27,-4.391892,2.6378798,-9.5620413,.77825755,-.62599051,2.4508951,-5.429657,4.1776757,-51.409206,19.649307,-89.921143,-12.897271,-50.783218,19.83049,-89.650261,-11.916171
16.2,27,-4.3515992,2.6136789,-9.4743156,.77111757,-.62024748,2.4284098,-5.3798432,4.1393485,-50.937561,19.469038,-89.096176,-12.778948,-50.317314,19.648558,-88.827782,-11.806848
16.3,27,-4.311307,2.5894785,-9.3865919,.76397771,-.61450452,2.4059248,-5.3300304,4.1010218,-50.465923,19.288773,-88.271225,-12.660625,-49.851421,19.466629,-88.00531,-11.697527
16.4,27,-4.2710142,2.5652778,-9.2988663,.75683767,-.60876149,2.3834395,-5.2802172,4.0626941,-49.994278,19.108503,-87.446259,-12.542301,-49.385517,19.284698,-87.182831,-11.588203
16.5,27,-4.2307215,2.5410769,-9.2111406,.74969769,-.6030184,2.360954,-5.2304034,4.0243669,-49.522633,18.928234,-86.621292,-12.423978,-48.919613,19.102766,-86.360352,-11.478881
16.6,27,-4.1904287,2.5168762,-9.123415,.74255764,-.59727538,2.3384688,-5.1805902,3.9860392,-49.050987,18.747963,-85.796318,-12.305654,-48.453712,18.920834,-85.537865,-11.369557
16.7,27,-4.150136,2.4926753,-9.0356903,.73541766,-.59153229,2.3159835,-5.1307764,3.9477117,-48.579342,18.567694,-84.971352,-12.187329,-47.987808,18.738903,-84.715385,-11.260235
16.8,27,-4.1098442,2.4684749,-8.9479666,.7282778,-.58578938,2.2934985,-5.0809636,3.909385,-48.107704,18.387428,-84.1464,-12.069008,-47.521915,18.556974,-83.892914,-11.150913
16.9,27,-4.0695515,2.4442742,-8.8602409,.72113776,-.5800463,2.271013,-5.0311503,3.8710575,-47.636059,18.207159,-83.321434,-11.950684,-47.056011,18.375042,-83.070435,-11.041591
17,27,-4.0292587,2.4200733,-8.7725153,.71399778,-.57430327,2.2485278,-4.9813366,3.8327301,-47.164413,18.02689,-82.496468,-11.832359,-46.590111,18.193111,-82.247948,-10.932267
17.1,27,-3.988966,2.3958724,-8.6847897,.7068578,-.56856018,2.2260425,-4.9315233,3.7944026,-46.692768,17.846619,-81.671501,-11.714035,-46.124207,18.011179,-81.425468,-10.822945
17.2,27,-3.9486732,2.3716717,-8.597064,.69971776,-.56281716,2.203557,-4.8817096,3.7560754,-46.221119,17.666349,-80.846527,-11.595712,-45.658302,17.829247,-80.602989,-10.713621
17.3,27,-3.9083812,2.3474712,-8.5093403,.6925779,-.55707419,2.181072,-4.8318968,3.7177486,-45.749485,17.486084,-80.021576,-11.477389,-45.19241,17.647318,-79.780518,-10.6043
17.4,27,-3.8680885,2.3232706,-8.4216146,.68543792,-.55133116,2.1585867,-4.7820835,3.6794212,-45.27784,17.305815,-79.196609,-11.359066,-44.726505,17.465387,-78.958038,-10.494977
17.5,27,-3.8277957,2.2990696,-8.333889,.67829788,-.54558808,2.1361015,-4.7322698,3.6410937,-44.80619,17.125544,-78.371643,-11.240742,-44.260605,17.283455,-78.135551,-10.385654
17.6,27,-3.787503,2.2748687,-8.2461643,.6711579,-.53984505,2.113616,-4.6824565,3.6027663,-44.334545,16.945274,-77.546677,-11.122417,-43.794701,17.101522,-77.313072,-10.276331
17.7,27,-3.7472103,2.250668,-8.1584387,.66401786,-.53410196,2.0911307,-4.6326427,3.5644388,-43.8629,16.765005,-76.72171,-11.004093,-43.328796,16.919592,-76.490585,-10.167007
17.8,27,-3.7069182,2.2264676,-8.070715,.65687799,-.52835906,2.0686457,-4.58283,3.5261121,-43.391262,16.58474,-75.896751,-10.885772,-42.862904,16.737663,-75.668121,-10.057687
17.9,27,-3.6666255,2.2022667,-7.9829893,.64973801,-.52261597,2.0461605,-4.5330167,3.4877846,-42.919617,16.40447,-75.071785,-10.767447,-42.396999,16.555731,-74.845642,-9.9483643
18,27,-3.6263328,2.178066,-7.8952637,.64259797,-.51687294,2.023675,-4.4832029,3.4494572,-42.447971,16.224199,-74.246819,-10.649123,-41.931099,16.3738,-74.023155,-9.8390408
18.1,27,-3.58604,2.1538651,-7.807538,.63545799,-.51112986,2.0011897,-4.4333897,3.4111297,-41.976326,16.04393,-73.421852,-10.5308,-41.465195,16.191868,-73.200676,-9.7297173
18.2,27,-3.5457473,2.1296644,-7.7198129,.62831801,-.50538683,1.9787042,-4.3835759,3.3728023,-41.504681,15.863661,-72.596886,-10.412476,-40.999294,16.009935,-72.378189,-9.6203947
18.3,27,-3.5054555,2.105464,-7.6320887,.62117815,-.49964389,1.9562193,-4.3337631,3.3344755,-41.033043,15.683394,-71.771935,-10.294154,-40.533398,15.828008,-71.555725,-9.5110731
18.4,27,-3.4651628,2.0812631,-7.5443635,.61403811,-.49390084,1.9337339,-4.2839499,3.2961481,-40.561398,15.503125,-70.94696,-10.17583,-40.067497,15.646076,-70.733238,-9.4017506
18.5,27,-3.42487,2.0570624,-7.4566379,.60689813,-.48815778,1.9112486,-4.2341361,3.2578206,-40.089752,15.322856,-70.121994,-10.057506,-39.601593,15.464144,-69.910759,-9.2924271
18.6,27,-3.3845773,2.0328615,-7.3689122,.59975809,-.48241472,1.8887632,-4.1843228,3.2194932,-39.618103,15.142586,-69.297028,-9.9391813,-39.135689,15.282212,-69.088272,-9.1831045
18.7,27,-3.3442843,2.0086606,-7.2811871,.59261811,-.47667167,1.8662778,-4.1345091,3.1811657,-39.146458,14.962317,-68.472061,-9.820857,-38.669788,15.100281,-68.265793,-9.073781
18.8,27,-3.3039925,1.9844602,-7.1934633,.58547825,-.47092873,1.8437929,-4.0846963,3.142839,-38.67482,14.78205,-67.64711,-9.7025356,-38.203892,14.918352,-67.443329,-8.9644604
18.9,27,-3.2636998,1.9602594,-7.1057377,.57833821,-.46518567,1.8213075,-4.034883,3.1045115,-38.203175,14.601781,-66.822144,-9.5842113,-37.737991,14.736421,-66.620842,-8.8551369
19,27,-3.223407,1.9360586,-7.018012,.57119823,-.45944262,1.7988222,-3.9850693,3.066184,-37.731529,14.421511,-65.997169,-9.465888,-37.272087,14.554488,-65.798363,-8.7458143
19.1,27,-3.1831143,1.9118578,-6.9302869,.56405824,-.45369956,1.7763368,-3.9352558,3.0278566,-37.259884,14.241241,-65.172203,-9.3475637,-36.806183,14.372557,-64.975876,-8.6364908
19.2,27,-3.1428216,1.8876569,-6.8425612,.5569182,-.4479565,1.7538515,-3.8854423,2.9895291,-36.788239,14.060972,-64.347237,-9.2292395,-36.340282,14.190625,-64.153397,-8.5271673
19.3,27,-3.1025295,1.8634566,-6.7548375,.54977834,-.44221357,1.7313665,-3.8356297,2.9512026,-36.316601,13.880706,-63.522285,-9.110918,-35.874386,14.008697,-63.330929,-8.4178467
19.4,27,-3.0622368,1.8392558,-6.6671119,.54263836,-.43647051,1.7088811,-3.7858162,2.9128752,-35.844955,13.700437,-62.697315,-8.9925938,-35.408485,13.826765,-62.508446,-8.3085241
19.5,27,-3.021944,1.815055,-6.5793862,.53549832,-.43072745,1.6863958,-3.7360024,2.8745477,-35.37331,13.520166,-61.872349,-8.8742695,-34.942581,13.644833,-61.685963,-8.1992006
19.6,27,-2.9816513,1.7908541,-6.4916611,.52835834,-.4249844,1.6639105,-3.6861889,2.8362203,-34.901665,13.339897,-61.047382,-8.7559452,-34.476681,13.462901,-60.86348,-8.0898771
19.7,27,-2.9413586,1.7666533,-6.4039354,.5212183,-.41924134,1.6414251,-3.6363754,2.7978928,-34.430019,13.159628,-60.222412,-8.6376219,-34.010777,13.28097,-60.040997,-7.9805546
19.8,27,-2.9010665,1.742453,-6.3162117,.51407844,-.4134984,1.6189401,-3.5865629,2.7595661,-33.958382,12.979362,-59.397461,-8.5192995,-33.544884,13.099041,-59.218533,-7.8712335
19.9,27,-2.8607738,1.7182522,-6.2284861,.50693846,-.40775535,1.5964547,-3.5367491,2.7212386,-33.486736,12.799091,-58.572495,-8.4009762,-33.078979,12.917109,-58.396049,-7.7619104
20,27,-2.8204811,1.6940513,-6.1407604,.49979845,-.40201229,1.5739695,-3.4869356,2.6829112,-33.015087,12.618822,-57.747524,-8.2826519,-32.613075,12.735177,-57.573566,-7.6525874
20.1,27,-2.7801883,1.6698505,-6.0530353,.49265844,-.39626923,1.5514841,-3.4371221,2.6445837,-32.543442,12.438553,-56.922558,-8.1643276,-32.147175,12.553246,-56.751083,-7.5432639
20.2,27,-2.7398956,1.6456497,-5.9653096,.48551843,-.39052618,1.5289987,-3.3873086,2.6062562,-32.071796,12.258283,-56.097591,-8.0460033,-31.681271,12.371314,-55.9286,-7.4339409
20.3,27,-2.6996036,1.6214492,-5.8775859,.47837856,-.38478324,1.5065137,-3.337496,2.5679295,-31.600161,12.078017,-55.272636,-7.9276819,-31.215376,12.189385,-55.106133,-7.3246202
20.4,27,-2.6593108,1.5972484,-5.7898602,.47123855,-.37904018,1.4840285,-3.2876823,2.5296021,-31.128513,11.897747,-54.44767,-7.8093576,-30.749474,12.007454,-54.283649,-7.2152967
20.5,27,-2.6190181,1.5730476,-5.7021351,.46409854,-.37329713,1.4615431,-3.2378688,2.4912746,-30.656868,11.717478,-53.622704,-7.6910338,-30.283571,11.825522,-53.461166,-7.1059737
20.6,27,-2.5787253,1.5488468,-5.6144094,.45695856,-.36755407,1.4390577,-3.1880553,2.4529471,-30.185223,11.537209,-52.797733,-7.5727096,-29.817669,11.64359,-52.638687,-6.9966507
20.7,27,-2.5384326,1.524646,-5.5266838,.44981855,-.36181101,1.4165723,-3.1382418,2.4146197,-29.713575,11.356938,-51.972767,-7.4543858,-29.351765,11.461658,-51.816204,-6.8873277
20.8,27,-2.4981408,1.5004456,-5.4389601,.44267869,-.35606807,1.3940874,-3.0884292,2.3762929,-29.24194,11.176673,-51.147816,-7.3360639,-28.885872,11.27973,-50.993736,-6.7780066
20.9,27,-2.4578481,1.4762448,-5.3512344,.43553868,-.35032502,1.3716021,-3.0386155,2.3379655,-28.770294,10.996403,-50.322845,-7.2177396,-28.419968,11.097798,-50.171253,-6.6686835
21,27,-2.4175553,1.452044,-5.2635093,.42839867,-.34458196,1.3491167,-2.988802,2.299638,-28.298647,10.816133,-49.497879,-7.0994158,-27.954065,10.915867,-49.34877,-6.5593605
21.1,27,-2.3772626,1.4278431,-5.1757836,.42125866,-.33883891,1.3266313,-2.9389884,2.2613106,-27.827002,10.635863,-48.672913,-6.9810915,-27.488163,10.733934,-48.526287,-6.4500375
21.2,27,-2.3369699,1.4036423,-5.088058,.41411865,-.33309585,1.3041459,-2.8891749,2.2229831,-27.355356,10.455594,-47.847942,-6.8627677,-27.022261,10.552003,-47.703804,-6.3407145
21.3,27,-2.2966778,1.379442,-5.0003343,.40697879,-.32735291,1.281661,-2.8393624,2.1846564,-26.883718,10.275328,-47.022991,-6.7444458,-26.556366,10.370074,-46.88134,-6.2313933
21.4,27,-2.2563851,1.3552412,-4.9126086,.39983878,-.32160985,1.2591757,-2.7895486,2.1463289,-26.412073,10.095058,-46.198025,-6.626122,-26.090464,10.188143,-46.058857,-6.1220703
21.5,27,-2.2160923,1.3310403,-4.8248835,.39269876,-.3158668,1.2366903,-2.7397351,2.1080015,-25.940428,9.9147892,-45.373055,-6.5077977,-25.624559,10.006211,-45.236374,-6.0127473
21.6,27,-2.1757996,1.3068395,-4.7371578,.38555878,-.31012374,1.2142049,-2.6899216,2.0696743,-25.468781,9.734519,-44.548088,-6.3894739,-25.158657,9.8242788,-44.413891,-5.9034238
21.7,27,-2.1355069,1.2826387,-4.6494322,.37841877,-.30438069,1.1917195,-2.6401081,2.0313468,-24.997135,9.5542498,-43.723122,-6.2711496,-24.692755,9.6423473,-43.591408,-5.7941008
21.8,27,-2.0952148,1.2584383,-4.5617085,.37127891,-.29863775,1.1692346,-2.5902956,1.9930199,-24.525497,9.3739834,-42.898167,-6.1528277,-24.22686,9.4604187,-42.76894,-5.6847801
21.9,27,-2.0549221,1.2342374,-4.4739833,.3641389,-.29289469,1.1467493,-2.5404818,1.9546925,-24.053852,9.1937141,-42.0732,-6.0345039,-23.760958,9.2784872,-41.946457,-5.5754566
22,27,-2.0146294,1.2100366,-4.3862576,.35699889,-.28715163,1.1242639,-2.4906683,1.916365,-23.582207,9.0134449,-41.248234,-5.9161797,-23.295055,9.0965557,-41.123974,-5.4661336
22.1,27,-1.9743366,1.1858358,-4.298532,.34985888,-.28140858,1.1017785,-2.4408548,1.8780377,-23.110559,8.8331747,-40.423264,-5.7978559,-22.829151,8.9146233,-40.301495,-5.3568106
22.2,27,-1.9340439,1.161635,-4.2108068,.34271887,-.27566552,1.0792931,-2.3910413,1.8397102,-22.638914,8.6529055,-39.598297,-5.6795316,-22.363249,8.7326918,-39.479012,-5.2474875
22.3,27,-1.8937519,1.1374346,-4.1230826,.33557901,-.26992258,1.0568082,-2.3412287,1.8013835,-22.167278,8.4726391,-38.773346,-5.5612097,-21.897354,8.5507631,-38.656544,-5.1381664
22.4,27,-1.8534591,1.1132338,-4.0353575,.328439,-.26417953,1.0343229,-2.291415,1.763056,-21.695631,8.2923698,-37.948376,-5.4428859,-21.431452,8.3688316,-37.834061,-5.0288434
22.5,27,-1.8131664,1.089033,-3.9476318,.32129899,-.25843647,1.0118375,-2.2416015,1.7247286,-21.223986,8.1120996,-37.123409,-5.3245616,-20.965549,8.1869001,-37.011578,-4.9195204
22.6,27,-1.7728736,1.0648322,-3.8599064,.31415901,-.25269341,.98935211,-2.191788,1.6864011,-20.75234,7.9318304,-36.298443,-5.2062378,-20.499647,8.0049677,-36.189095,-4.8101974
22.7,27,-1.7325809,1.0406313,-3.7721808,.307019,-.24695036,.96686679,-2.1419744,1.6480737,-20.280693,7.7515607,-35.473473,-5.0879135,-20.033743,7.8230362,-35.366611,-4.7008743
22.8,27,-1.692289,1.016431,-3.6844571,.29987913,-.24120742,.94438183,-2.0921619,1.6097469,-19.809057,7.5712948,-34.648521,-4.9695921,-19.56785,7.641108,-34.544147,-4.5915532
22.9,27,-1.6519963,.99223012,-3.5967317,.29273912,-.23546436,.92189646,-2.0423481,1.5714195,-19.33741,7.3910251,-33.823555,-4.8512678,-19.101946,7.4591761,-33.721664,-4.4822302
23,27,-1.6117035,.96802932,-3.509006,.28559911,-.22972131,.89941108,-1.9925346,1.533092,-18.865765,7.2107553,-32.998585,-4.732944,-18.636044,7.2772441,-32.899181,-4.3729072
23.1,27,-1.5714108,.94382846,-3.4212806,.2784591,-.22397825,.87692577,-1.9427211,1.4947646,-18.394119,7.0304861,-32.173618,-4.6146197,-18.170141,7.0953126,-32.076698,-4.2635837
23.2,27,-1.531118,.91962767,-3.333555,.27131909,-.21823519,.85444039,-1.8929076,1.4564371,-17.922474,6.8502164,-31.34865,-4.4962959,-17.704239,6.9133806,-31.254215,-4.1542606
23.3,27,-1.490826,.89542729,-3.2458313,.26417923,-.21249226,.83195543,-1.8430949,1.4181105,-17.450836,6.6699505,-30.523699,-4.377974,-17.238344,6.7314525,-30.431747,-4.04494
23.4,27,-1.4505333,.87122649,-3.1581059,.25703922,-.2067492,.80947006,-1.7932814,1.379783,-16.979191,6.4896808,-29.69873,-4.2596498,-16.772442,6.5495205,-29.609266,-3.9356167
23.5,27,-1.4102405,.84702563,-3.0703802,.24989922,-.20100614,.78698474,-1.7434678,1.3414556,-16.507544,6.309411,-28.873762,-4.141326,-16.306538,6.3675885,-28.786783,-3.8262937
23.6,27,-1.3699478,.82282484,-2.9826548,.24275921,-.19526309,.76449937,-1.6936543,1.3031281,-16.035898,6.1291413,-28.048796,-4.0230017,-15.840635,6.185657,-27.9643,-3.7169704
23.7,27,-1.3296551,.79862398,-2.8949294,.23561922,-.18952003,.74201399,-1.6438407,1.2648007,-15.564253,5.9488721,-27.223827,-3.9046776,-15.374732,6.0037251,-27.141817,-3.6076474
23.8,27,-1.2893631,.77442366,-2.8072054,.22847934,-.18377709,.71952903,-1.5940281,1.2264739,-15.092615,5.7686057,-26.398874,-3.786356,-14.908838,5.8217969,-26.319351,-3.4983263
23.9,27,-1.2490704,.7502228,-2.71948,.22133934,-.17803404,.69704372,-1.5442146,1.1881465,-14.62097,5.5883365,-25.573908,-3.6680319,-14.442936,5.6398649,-25.496868,-3.3890033
24,27,-1.2087777,.72602201,-2.6317546,.21419933,-.17229098,.67455834,-1.494401,1.149819,-14.149323,5.4080667,-24.74894,-3.5497079,-13.977033,5.4579334,-24.674385,-3.2796803
24.1,27,-1.1684849,.70182115,-2.544029,.20705932,-.16654792,.65207297,-1.4445875,1.1114916,-13.677678,5.227797,-23.923971,-3.4313838,-13.51113,5.2760015,-23.851902,-3.1703572
24.2,27,-1.1281922,.67762035,-2.4563036,.19991933,-.16080487,.62958759,-1.3947738,1.0731641,-13.206032,5.0475273,-23.099005,-3.3130598,-13.045227,5.0940695,-23.029421,-3.061034
24.3,27,-1.0879002,.65341997,-2.3685799,.19277945,-.15506193,.60710269,-1.3449613,1.0348375,-12.734395,4.8672614,-22.274052,-3.1947379,-12.579333,4.9121413,-22.206953,-2.9517131
24.4,27,-1.0476074,.62921917,-2.2808542,.18563946,-.14931887,.58461732,-1.2951478,.99650997,-12.262749,4.6869917,-21.449083,-3.0764139,-12.11343,4.7302094,-21.38447,-2.8423901
24.5,27,-1.0073147,.60501832,-2.1931288,.17849945,-.14357582,.56213194,-1.2453341,.95818251,-11.791103,4.5067225,-20.624117,-2.9580898,-11.647528,4.5482779,-20.561987,-2.7330668
24.6,27,-.96702194,.58081752,-2.1054034,.17135943,-.13783276,.53964657,-1.1955206,.91985512,-11.319457,4.3264527,-19.799149,-2.8397658,-11.181624,4.3663459,-19.739506,-2.6237438
24.7,27,-.9267292,.55661666,-2.0176778,.16421944,-.1320897,.51716119,-1.145707,.88152766,-10.847812,4.146183,-18.97418,-2.7214417,-10.715721,4.1844139,-18.917023,-2.5144207
24.8,27,-.88643724,.53241628,-1.9299541,.15707956,-.12634677,.49467629,-1.0958945,.84320092,-10.376174,3.9659169,-18.149229,-2.6031201,-10.249827,4.0024858,-18.094555,-2.4050996
24.9,27,-.8461445,.50821549,-1.8422285,.14993957,-.12060371,.47219092,-1.0460809,.80487347,-9.9045286,3.7856474,-17.324261,-2.484796,-9.7839251,3.820554,-17.272074,-2.2957766
25,27,-.80585176,.48401466,-1.754503,.14279956,-.11486065,.44970554,-.99626732,.76654601,-9.4328823,3.6053777,-16.499292,-2.366472,-9.3180218,3.638622,-16.449591,-2.1864536
25.1,27,-.76555902,.45981383,-1.6667775,.13565955,-.1091176,.4272202,-.94645381,.72821856,-8.961237,3.4251082,-15.674325,-2.248148,-8.8521194,3.4566903,-15.627108,-2.0771303
25.2,27,-.72526628,.43561301,-1.5790521,.12851955,-.10337454,.40473482,-.89664024,.68989116,-8.4895906,3.2448387,-14.849358,-2.1298239,-8.3862162,3.2747586,-14.804625,-1.9678073
25.3,27,-.68497431,.41141266,-1.4913282,.12137967,-.097631596,.38224989,-.84682763,.65156442,-8.0179539,3.0645726,-14.024405,-2.011502,-7.9203219,3.0928302,-13.982158,-1.8584863
25.4,27,-.64468157,.38721183,-1.4036027,.11423967,-.091888547,.35976452,-.79701406,.61323696,-7.5463076,2.8843029,-13.199437,-1.893178,-7.4544191,2.9108984,-13.159676,-1.7491632
25.5,27,-.60438883,.363011,-1.3158773,.10709967,-.08614549,.33727917,-.74720049,.57490951,-7.0746617,2.7040334,-12.37447,-1.7748539,-6.9885163,2.7289667,-12.337193,-1.6398401
25.6,27,-.56409609,.33881018,-1.2281518,.099959664,-.080402434,.3147938,-.69738692,.53658205,-6.6030159,2.5237637,-11.549502,-1.6565299,-6.5226135,2.5470347,-11.51471,-1.530517
25.7,27,-.52380335,.31460935,-1.1404263,.092819653,-.074659377,.29230845,-.64757341,.49825463,-6.1313701,2.3434942,-10.724534,-1.5382059,-6.0567107,2.365103,-10.692227,-1.421194
25.8,27,-.48351136,.29040897,-1.0527025,.085679784,-.068916433,.26982349,-.5977608,.45992792,-5.6597333,2.163228,-9.8995819,-1.4198841,-5.5908165,2.1831746,-9.8697605,-1.311873
25.9,27,-.44321862,.26620814,-.96497703,.078539781,-.063173383,.24733815,-.54794723,.42160046,-5.188087,1.9829584,-9.0746145,-1.30156,-5.1249137,2.0012429,-9.0472775,-1.2025498
26,27,-.40292588,.24200733,-.87725151,.071399778,-.057430327,.22485277,-.49813366,.38327301,-4.7164412,1.8026888,-8.2496462,-1.183236,-4.6590109,1.819311,-8.2247953,-1.0932268
26.1,27,-.36263314,.2178065,-.78952605,.064259775,-.05168727,.20236741,-.44832012,.34494558,-4.2447953,1.6224194,-7.4246788,-1.064912,-4.1931081,1.6373793,-7.4023123,-.98390365
26.2,27,-.3223404,.19360568,-.70180053,.057119768,-.045944218,.17988205,-.39850655,.30661812,-3.7731495,1.4421498,-6.5997109,-.94658786,-3.7272053,1.4554474,-6.5798297,-.87458056
26.3,27,-.2820484,.16940531,-.61407673,.049979899,-.040201273,.15739712,-.34869394,.26829141,-3.3015125,1.2618836,-5.7747588,-.82826608,-3.2613113,1.2735192,-5.7573628,-.76525956
26.4,27,-.24175568,.14520448,-.52635127,.042839892,-.034458216,.13491175,-.2988804,.22996396,-2.8298666,1.081614,-4.949791,-.70994204,-2.7954082,1.0915873,-4.9348803,-.65593648
26.5,27,-.20146294,.12100367,-.43862575,.035699889,-.028715163,.11242639,-.24906683,.1916365,-2.3582206,.90134442,-4.1248231,-.591618,-2.3295054,.90965551,-4.1123977,-.5466134
26.6,27,-.1611702,.096802838,-.35090026,.028559884,-.022972109,.089941025,-.19925328,.15330906,-1.8865747,.72107488,-3.2998555,-.47329393,-1.8636026,.72772372,-3.2899148,-.43729028
26.7,27,-.12087745,.072602011,-.26317477,.021419879,-.017229054,.067455664,-.14943972,.11498161,-1.4149288,.54080528,-2.4748876,-.35496989,-1.3976997,.54579192,-2.4674323,-.3279672
26.8,27,-.08058548,.04840165,-.17545097,.01428001,-.011486109,.044970728,-.099627115,.076654896,-.94329184,.36053914,-1.6499356,-.2366481,-.93180573,.36386362,-1.6449653,-.21864618
26.9,27,-.04029274,.024200825,-.087725483,.007140005,-.0057430547,.022485364,-.049813557,.038327448,-.47164592,.18026957,-.8249678,-.11832405,-.46590286,.18193181,-.82248265,-.10932309
27,27,0,0,0,0,0,0,0,0,0,0,0,0,0,0,0,0
27.1,27,.04021379,.024190182,-.0071980944,.087625675,.0057245153,.022475353,-.038326368,.049775396,.47137207,.18020898,.11816896,.82457519,.46564755,.18186946,.10918994,.82210517
27.2,27,.079953887,.048316728,-.014745165,.17465293,.011337793,.044890705,-.076646373,.099321961,.94110096,.36005455,.23540701,1.6467949,.92976314,.36336511,.21758062,1.6419457
27.3,27,.11874582,.072316676,-.022992264,.26048389,.016728491,.067185976,-.1149536,.14841057,1.4075345,.53917068,.35077929,2.4642897,1.390806,.5441106,.32436883,2.4572432
27.4,27,.15611742,.096130721,-.032295316,.34453017,.021785587,.089303039,-.15324515,.19681633,1.8690474,.71720362,.4633542,3.2747407,1.8472619,.72374183,.42875397,3.2657697
27.5,27,.19159426,.11970163,-.043016635,.42620516,.026397737,.11118354,-.19151799,.24431346,2.3239877,.89379174,.57218814,4.0757871,2.29759,.90188724,.52992344,4.0652566
27.6,27,.2247026,.14297739,-.055527929,.50493312,.030453704,.13277097,-.22977261,.29068002,2.7707121,1.0685806,.67633253,4.8650913,2.7402582,1.0781827,.62705916,4.8534575
27.7,27,.25496876,.16591199,-.070212767,.58015031,.033842254,.15401065,-.26801309,.33569759,3.2075772,1.2412206,.77482975,5.6403251,3.1737351,1.2522688,.71933329,5.6281366
27.8,27,.28191826,.18846649,-.08746928,.65130579,.03645204,.17484975,-.30624717,.37915125,3.6329312,1.4113641,.86670864,6.3991537,3.5964792,1.4237891,.80590385,6.3870544
27.9,27,.30507898,.21061239,-.10771371,.71787167,.038172044,.19523945,-.34449026,.42083436,4.0451488,1.5786809,.95099127,7.1393065,4.0069766,1.5924048,.88592064,7.1280332
28,27,.32397643,.2323305,-.131383,.77933586,.038890917,.21513297,-.38276196,.46054378,4.4425778,1.7428385,1.026677,7.8584785,4.403687,1.7577755,.95851016,7.8488636
28.1,27,.33822191,.25362355,-.15887113,.83531493,.038517389,.23449777,-.4210898,.4981246,4.8238697,1.9035809,1.0929198,8.5548201,4.7853522,1.9196393,1.0229285,8.5477762
28.2,27,.34776688,.27453992,-.19032148,.8858552,.037040059,.2533446,-.45950621,.53358632,5.1888561,2.0609126,1.1495421,9.2281704,5.1518164,2.0780027,1.0790057,9.2246265
28.3,27,.35264701,.29513991,-.22581659,.93111056,.034467369,.27169493,-.49804494,.56697965,5.5376549,2.2149007,1.1965296,9.8787804,5.5031877,2.2329369,1.1267118,9.8796635
28.4,27,.35290024,.31548715,-.26544324,.97124368,.030808091,.28957248,-.53674352,.5983597,5.87041,2.3656242,1.2338717,10.506948,5.839602,2.3845248,1.1660194,10.513185
28.5,27,.34856224,.33564535,-.30929059,1.006415,.026070673,.30700028,-.57563883,.6277802,6.1872387,2.5131536,1.2615483,11.112929,6.1611681,2.5328407,1.1968917,11.125444
28.6,27,.33966947,.35567963,-.3574498,1.0367887,.020263672,.32400262,-.61476982,.65529716,6.4882679,2.6575637,1.2795389,11.696997,6.4680042,2.677964,1.2192913,11.716717
28.7,27,.32625833,.37565565,-.41001323,1.0625299,.013395644,.34060434,-.65417659,.68096787,6.773623,2.7989304,1.2878206,12.259426,6.7602277,2.8199749,1.2331784,12.287276
28.8,27,.30836463,.39563897,-.4670735,1.0838027,.0054750619,.35683048,-.69389981,.70484996,7.0434232,2.9373276,1.2863667,12.800479,7.0379481,2.958952,1.2385087,12.837387
28.9,27,.28602612,.41569617,-.52872342,1.1007756,-.0034893502,.37270796,-.73398352,.72700483,7.2978106,3.0728405,1.2751541,13.320467,7.3013,3.0949848,1.2352414,13.367359
29,27,.25927866,.43589208,-.59505415,1.1136115,-.0134891,.38826296,-.77447051,.74749231,7.5369043,3.2055449,1.2541519,13.819657,7.5503936,3.2281539,1.223328,13.87746
29.1,27,.22815865,.45629105,-.6661554,1.1224726,-.02451564,.40352258,-.81540537,.76637405,7.7608304,3.3355212,1.2233292,14.298332,7.785346,3.3585448,1.2027192,14.367973
29.2,27,.19270226,.47695622,-.74211472,1.1275192,-.036560476,.4185144,-.85683364,.78371269,7.9697146,3.4628506,1.1826521,14.756777,8.0062752,3.4862435,1.1733632,14.839187
29.3,27,.15294568,.49794871,-.82301587,1.1289072,-.04961504,.43326613,-.89880103,.79957098,8.1636753,3.5876122,1.1320846,15.195266,8.2132902,3.6113341,1.1352053,15.291375
29.4,27,.1089263,.51932907,-.90894002,1.1267927,-.063670695,.44780695,-.94135618,.81401479,8.3428555,3.7098958,1.0715933,15.614118,8.4065256,3.7339118,1.0881933,15.724858
29.5,27,.060680389,.54115444,-.99996281,1.1213236,-.078718841,.4621653,-.98454618,.8271085,8.5073748,3.8297825,1.0011384,16.013611,8.5860929,3.854063,1.0322686,16.139917
29.6,27,.0082441075,.56347984,-1.0961561,1.1126443,-.094751008,.47637025,-1.0284195,.83891749,8.6573572,3.9473574,.92067903,16.394035,8.7521086,3.9718778,.96737105,16.536846
29.7,27,-.048346415,.58635777,-1.1975865,1.1008937,-.11175869,.4904511,-1.0730252,.84950781,8.7929306,4.0627065,.83017218,16.755688,8.9046888,4.0874476,.89343864,16.915939
29.8,27,-.10905498,.60983741,-1.3043143,1.0862043,-.12973334,.50443703,-1.1184117,.85894501,8.9142122,4.1759129,.72957271,17.09885,9.0439453,4.2008619,.81040663,17.277483
29.9,27,-.17384413,.63396609,-1.4163948,1.0687065,-.14866628,.51835835,-1.1646299,.86729741,9.0213451,4.2870717,.61883873,17.423851,9.1700115,4.3122211,.71821332,17.621809
30,27,-.2426776,.65878689,-1.5338762,1.0485209,-.16854893,.53224444,-1.2117288,.87463099,9.1144485,4.3962679,.49792209,17.730976,9.2829981,4.4216156,.61679071,17.949205
30.1,27,-.3155193,.68434012,-1.6568012,1.0257627,-.18937282,.54612488,-1.2597579,.8810122,9.1936483,4.5035906,.36677334,18.020523,9.3830214,4.5291405,.50606942,18.259974
30.2,27,-.39233312,.71066284,-1.7852067,1.0005405,-.21112947,.56002909,-1.3087662,.88650733,9.2590694,4.6091299,.22534171,18.292799,9.4701996,4.6348915,.38597861,18.55442
30.3,27,-.47308263,.7377885,-1.9191216,.9729563,-.23381025,.57398605,-1.3588023,.89118177,9.310833,4.7129731,.073575124,18.54809,9.5446424,4.7389631,.25644594,18.83284
30.4,27,-.55773073,.76574862,-2.0585704,.94310892,-.25740659,.58802557,-1.4099156,.89510238,9.3490782,4.815218,-.088576198,18.786732,9.6064844,4.8414578,.11740116,19.095568
30.5,27,-.64624071,.79457015,-2.2035697,.91108817,-.28190982,.60217589,-1.462153,.89833331,9.3739271,4.9159541,-.26116598,19.00902,9.6558371,4.942472,-.031230064,19.342903
30.6,27,-.73857677,.82427776,-2.3541315,.87697804,-.30731151,.61646521,-1.5155611,.90093815,9.3855038,5.0152731,-.44425035,19.215258,9.6928158,5.0421028,-.18952426,19.575155
30.7,27,-.83470297,.85489315,-2.5102627,.84085673,-.3336032,.63092113,-1.5701859,.90297949,9.3839331,5.1132674,-.6378864,19.405754,9.7175369,5.1404495,-.357559,19.792633
30.8,27,-.93458253,.88643461,-2.6719625,.80279732,-.36077622,.64557034,-1.6260709,.90451843,9.3693371,5.2100277,-.84213018,19.580805,9.730113,5.2376084,-.53541112,19.995638
30.9,27,-1.0381783,.91891903,-2.8392267,.76286989,-.38882199,.66043991,-1.6832604,.9056164,9.341856,5.3056545,-1.0570358,19.740747,9.7306776,5.3336864,-.72315538,20.184511
31,27,-1.1454542,.9523598,-3.0120451,.72113675,-.41773191,.67555493,-1.7417952,.90633142,9.301609,5.4002371,-1.2826617,19.88588,9.7193413,5.4287791,-.9208709,20.359552
31.1,27,-1.2563738,.98676819,-3.1904039,.67765635,-.44749752,.69094014,-1.8017153,.90672022,9.2487221,5.4938707,-1.5190663,20.016512,9.6962204,5.5229878,-1.1286368,20.521076
31.2,27,-1.3709002,1.0221533,-3.3742838,.63248348,-.47811007,.70661926,-1.8630583,.90683818,9.1833248,5.5866489,-1.7663062,20.132956,9.6614342,5.6164117,-1.3465301,20.669399
31.3,27,-1.4890007,1.0585225,-3.5636666,.58566511,-.50956184,.72261471,-1.9258606,.90673691,9.1055222,5.6786613,-2.0244493,20.235495,9.6150837,5.709147,-1.5746385,20.804806
31.4,27,-1.6106325,1.0958806,-3.7585192,.53725398,-.54184294,.73894894,-1.9901562,.9064703,9.0154762,5.7700105,-2.2935359,20.32449,9.5573196,5.801302,-1.8130236,20.927662
31.5,27,-1.7357631,1.1342317,-3.9588163,.48729002,-.57494563,.75564218,-2.0559771,.90608585,8.9132948,5.860785,-2.573633,20.400223,9.4882402,5.892972,-2.0617723,21.038252
31.6,27,-1.8643553,1.1735773,-4.1645246,.43581396,-.60886121,.77271408,-2.123353,.90563053,8.7991047,5.9510789,-2.8647959,20.463005,9.4079657,5.9842558,-2.3209596,21.136892
31.7,27,-1.9963715,1.213918,-4.375607,.38286406,-.64358085,.79018289,-2.1923108,.9051491,8.6730375,6.0409856,-3.1670771,20.513153,9.316618,6.0752525,-2.5906582,21.223894
31.8,27,-2.1317811,1.2552534,-4.5920324,.32847053,-.67909724,.80806559,-2.2628767,.90468216,8.5351925,6.1305923,-3.4805474,20.550934,9.2142897,6.1660557,-2.8709571,21.299538
31.9,27,-2.2705386,1.297581,-4.8137507,.27267352,-.71539992,.8263787,-2.3350723,.90427256,8.3857412,6.2199998,-3.8052349,20.576717,9.101141,6.2567711,-3.1619053,21.364187
32,27,-2.4126132,1.3408982,-5.0407252,.21549897,-.75248152,.84513676,-2.4089191,.90395612,8.2247829,6.3092942,-4.1412063,20.590773,8.9772644,6.3474898,-3.4635878,21.418116
32.1,27,-2.5579672,1.3852004,-5.2729101,.15697555,-.79033315,.86435312,-2.4844341,.90376782,8.0524416,6.3985629,-4.4885106,20.593393,8.8427744,6.4383054,-3.7760718,21.461622
32.2,27,-2.7065632,1.4304836,-5.5102596,.097133055,-.82894617,.88404101,-2.5616348,.90374237,7.8688684,6.4879036,-4.8471889,20.584927,8.6978149,6.5293198,-4.0994172,21.495047
32.3,27,-2.8583682,1.4767413,-5.752728,.035991825,-.86831266,.90421063,-2.640533,.9039076,7.6741509,6.5773926,-5.2173014,20.565603,8.5424633,6.6206136,-4.4337006,21.518627
32.4,27,-3.0133405,1.5239679,-6.0002627,-.026418403,-.90842307,.92487305,-2.7211409,.90429479,7.4684577,6.6671286,-5.5988736,20.535789,8.3768806,6.7122908,-4.7789669,21.532728
32.5,27,-3.171448,1.5721556,-6.2528162,-.090079777,-.94926953,.94603622,-2.8034666,.90492737,7.2518778,6.757185,-5.9919615,20.495716,8.2011471,6.8044286,-5.1352878,21.537582
32.6,27,-3.3326533,1.6212974,-6.5103378,-.15496887,-.99084347,.96770859,-2.8875175,.90583056,7.0245519,6.8476515,-6.3965983,20.445702,8.0153952,6.897121,-5.5027132,21.533503
32.7,27,-3.496918,1.6713855,-6.7727733,-.22106259,-1.033136,.98989743,-2.9732993,.90702736,6.7866254,6.9386158,-6.8128119,20.386063,7.8197613,6.990459,-5.8812866,21.520809
32.8,27,-3.6642087,1.7224109,-7.040072,-.28834525,-1.0761389,1.0126076,-3.0608132,.90853548,6.5381904,7.030148,-7.2406468,20.317026,7.6143289,7.0845165,-6.2710681,21.499725
32.9,27,-3.8344853,1.7743653,-7.3121777,-.35679322,-1.1198431,1.0358447,-3.1500614,.91037518,6.2794094,7.1223373,-7.6801157,20.238934,7.3992524,7.1793861,-6.6720853,21.470591
33,27,-4.0077152,1.8272389,-7.5890374,-.42639253,-1.1642407,1.0596118,-3.2410417,.91256028,6.0103726,7.21525,-8.131258,20.152002,7.174613,7.2751365,-7.0843921,21.433619
33.1,27,-4.1838603,1.8810227,-7.8705969,-.49712336,-1.2093229,1.0839124,-3.3337522,.91510636,5.7312226,7.3089662,-8.5940876,20.056534,6.9405456,7.3718505,-7.5080161,21.389107
33.2,27,-4.3628817,1.9357069,-8.1567974,-.56896579,-1.2550806,1.1087489,-3.4281886,.91802722,5.4421082,7.4035645,-9.0686121,19.952827,6.6971884,7.4696093,-7.942977,21.337355
33.3,27,-4.5447483,1.9912814,-8.447588,-.64190829,-1.3015064,1.134122,-3.5243444,.92133182,5.1431112,7.4991035,-9.554862,19.841084,6.4446173,7.5684743,-8.3893194,21.278555
33.4,27,-4.7294183,2.0477362,-8.7429075,-.71592909,-1.3485906,1.1600329,-3.6222131,.92503202,4.8344016,7.5956635,-10.052825,19.721628,6.182992,7.6685257,-8.8470421,21.213026
33.5,27,-4.9168582,2.1050601,-9.0427008,-.79101604,-1.3963251,1.1864806,-3.7217846,.92913425,4.5160713,7.6932993,-10.562518,19.59466,5.9123964,7.7698212,-9.3161736,21.140966
33.6,27,-5.1070318,2.1632435,-9.3469114,-.86715204,-1.4447016,1.2134651,-3.8230493,.93364638,4.1882591,7.7920794,-11.083936,19.460455,5.6329608,7.8724303,-9.7967186,21.062641
33.7,27,-5.2998996,2.2222757,-9.6554804,-.94431913,-1.4937108,1.240985,-3.9259968,.93857515,3.8511128,7.8920703,-11.617061,19.319286,5.3448238,7.9764194,-10.288671,20.978319
33.8,27,-5.4954314,2.282146,-9.9683552,-1.0225074,-1.5433455,1.269038,-4.0306144,.94392335,3.5047135,7.993319,-12.161904,19.171331,5.048059,8.0818377,-10.792051,20.888168
33.9,27,-5.693583,2.3428428,-10.285471,-1.1016955,-1.5935955,1.2976218,-4.1368876,.9496966,3.1492388,8.0958929,-12.71842,19.016897,4.7428346,8.1887503,-11.306822,20.79249
34,27,-5.8943238,2.4043555,-10.606774,-1.1818737,-1.6444534,1.3267332,-4.2448025,.95589584,2.7847703,8.1998348,-13.286611,18.856152,4.4292235,8.2972021,-11.832994,20.691441
34.1,27,-6.0976148,2.4666729,-10.932205,-1.2630248,-1.6959102,1.3563688,-4.3543439,.9625237,2.4114549,8.3051996,-13.866437,18.689346,4.1073651,8.4072466,-12.370536,20.585266
34.2,27,-6.3034186,2.5297842,-11.261704,-1.3451326,-1.7479571,1.386525,-4.4654961,.9695819,2.0294363,8.4120398,-14.457858,18.516731,3.7773936,8.5189362,-12.919415,20.474201
34.3,27,-6.511703,2.5936785,-11.59522,-1.4281869,-1.8005865,1.4171972,-4.5782418,.97706908,1.6387998,8.5203905,-15.060858,18.338457,3.4393864,8.6323051,-13.479621,20.358393
34.4,27,-6.7224255,2.6583436,-11.932683,-1.5121679,-1.8537885,1.4483812,-4.6925635,.98498648,1.2397192,8.6303034,-15.675364,18.154802,3.0935075,8.7474041,-14.051089,20.238104
34.5,27,-6.935555,2.7237689,-12.274044,-1.5970663,-1.9075556,1.4800715,-4.8084426,.99333137,.83227539,8.7418089,-16.301355,17.965906,2.739831,8.8642616,-14.633802,20.113464
34.6,27,-7.1510539,2.789943,-12.619242,-1.6828659,-1.961879,1.5122635,-4.9258609,1.002103,.41661397,8.854948,-16.938765,17.771994,2.3784931,8.9829178,-15.227701,19.984688
34.7,27,-7.3688817,2.8568547,-12.968214,-1.7695496,-2.0167496,1.5449514,-5.0447989,1.0112996,-.0071154954,8.969759,-17.587521,17.57329,2.009634,9.1034079,-15.832717,19.851986
34.8,27,-7.5890079,2.9244926,-13.320908,-1.8571078,-2.0721595,1.5781295,-5.1652369,1.0209175,-.43882778,9.0862646,-18.24758,17.369923,1.6333319,9.2257528,-16.448812,19.715475
34.9,27,-7.8113918,2.9928453,-13.677261,-1.9455228,-2.1281002,1.6117922,-5.2871547,1.0309546,-.87836158,9.2045012,-18.918852,17.162128,1.2497386,9.349988,-17.075901,19.575378
35,27,-8.0359993,3.0619013,-14.037215,-2.0347829,-2.1845624,1.6459328,-5.4105315,1.0414065,-1.3256191,9.3244858,-19.601274,16.950037,.8589434,9.4761267,-17.713924,19.43181
35.1,27,-8.2628002,3.1316512,-14.400723,-2.1248767,-2.24154,1.680546,-5.5353498,1.0522697,-1.7804862,9.4462461,-20.294788,16.733816,.4610537,9.6041965,-18.362825,19.284933
35.2,27,-8.4917345,3.2020779,-14.767692,-2.2157767,-2.2990186,1.7156231,-5.6615782,1.0635411,-2.2427404,9.5698051,-20.999214,16.513733,.056278218,9.7342148,-19.022432,19.134989
35.3,27,-8.7227936,3.2731764,-15.138102,-2.3074856,-2.3569961,1.75116,-5.7892065,1.0752146,-2.7123797,9.6951752,-21.714573,16.289814,-.35538357,9.8661919,-19.692764,18.981998
35.4,27,-8.9559174,3.3449302,-15.51186,-2.3999746,-2.4154584,1.787148,-5.9182038,1.0872872,-3.1891675,9.8223772,-22.440672,16.062338,-.77370918,10.000146,-20.373634,18.826218
35.5,27,-9.1911001,3.4173348,-15.888953,-2.4932473,-2.4744043,1.8235829,-6.0485611,1.0997524,-3.673111,9.9514179,-23.17753,15.831309,-1.1987067,10.136082,-21.065062,18.667648
35.6,27,-9.4282875,3.4903746,-16.269297,-2.5872796,-2.5338209,1.8604561,-6.1802478,1.112606,-4.1640081,10.082311,-23.924974,15.596958,-1.6301872,10.27401,-21.766876,18.5065
35.7,27,-9.6674232,3.5640335,-16.6528,-2.6820459,-2.5936949,1.8977585,-6.3132334,1.1258433,-4.6616483,10.215065,-24.682808,15.359512,-2.0679533,10.413934,-22.478888,18.342981
35.8,27,-9.9085016,3.6383073,-17.039454,-2.7775505,-2.6540253,1.9354861,-6.4475083,1.1394578,-5.1660428,10.349684,-25.45105,15.118963,-2.5120177,10.555854,-23.201111,18.177074
35.9,27,-10.151464,3.7131798,-17.429163,-2.8737655,-2.714798,1.9736296,-6.5830407,1.1534448,-5.6769595,10.486173,-26.229481,14.875561,-2.9621615,10.699774,-23.933332,18.00901
36,27,-10.396304,3.7886465,-17.821915,-2.9706933,-2.7760115,2.0121846,-6.719821,1.167798,-6.1944003,10.624532,-27.018099,14.629298,-3.4183888,10.845691,-24.675552,17.838774
36.1,27,-10.642958,3.8646894,-18.217609,-3.068306,-2.837651,2.0511413,-6.8578138,1.182512,-6.7181344,10.764759,-27.816673,14.380404,-3.8804836,10.993598,-25.42754,17.666573
36.2,27,-10.891393,3.9412985,-18.616196,-3.16659,-2.899709,2.0904927,-6.9969993,1.1975813,-7.2480354,10.906856,-28.62508,14.129009,-4.3483267,11.143494,-26.189173,17.492519
36.3,27,-11.141582,4.0184641,-19.017626,-3.265537,-2.9621785,2.1302319,-7.1373563,1.2129992,-7.7840304,11.050813,-29.443226,13.875164,-4.8218517,11.295364,-26.96036,17.316656
36.4,27,-11.393477,4.0961728,-19.421829,-3.3651268,-3.0250492,2.170351,-7.2788587,1.2287605,-8.3259373,11.196628,-30.270924,13.619049,-5.3008876,11.449205,-27.740917,17.139141
36.5,27,-11.647057,4.1744156,-19.82876,-3.4653521,-3.0883148,2.2108433,-7.4214878,1.2448586,-8.8736906,11.344287,-31.108086,13.360703,-5.7853765,11.605,-28.530758,16.960005
36.6,27,-11.902273,4.2531796,-20.238352,-3.5661938,-3.1519649,2.2517009,-7.5652175,1.2612876,-9.4271288,11.493783,-31.954531,13.100273,-6.2751632,11.762736,-29.329702,16.779375
36.7,27,-12.159088,4.3324533,-20.650541,-3.6676354,-3.2159908,2.2929158,-7.7100229,1.2780416,-9.9860973,11.645107,-32.810089,12.837894,-6.7701063,11.922401,-30.137585,16.597372
36.8,27,-12.417476,4.4122272,-21.065281,-3.7696695,-3.2803855,2.3344815,-7.8558855,1.2951143,-10.550533,11.798242,-33.67466,12.573595,-7.2701473,12.083976,-30.954304,16.414009
36.9,27,-12.677389,4.4924874,-21.482502,-3.8722749,-3.3451388,2.3763897,-8.0027771,1.3124996,-11.12025,11.953175,-34.548042,12.307542,-7.7751107,12.247443,-31.779659,16.229437
37,27,-12.9388,4.5732255,-21.902157,-3.9754429,-3.4102437,2.4186337,-8.1506786,1.3301913,-11.695174,12.109886,-35.430115,12.039766,-8.2849312,12.412782,-32.613537,16.043674
37.1,27,-13.201669,4.6544285,-22.324181,-4.0791569,-3.4756908,2.4612055,-8.2995653,1.3481832,-12.275156,12.268361,-36.320702,11.77039,-8.7994652,12.579971,-33.455753,15.856826
37.2,27,-13.465954,4.7360845,-22.748508,-4.1833987,-3.5414708,2.504097,-8.4494114,1.3664693,-12.860038,12.428581,-37.219608,11.499535,-9.3185663,12.748991,-34.306129,15.668997
37.3,27,-13.731629,4.8181844,-23.175098,-4.2881618,-3.6075771,2.547302,-8.6001978,1.3850431,-13.449756,12.590525,-38.126732,11.22722,-9.8421783,12.919816,-35.164551,15.480196
37.4,27,-13.998648,4.9007149,-23.603872,-4.3934231,-3.6739991,2.5908117,-8.7518969,1.4038988,-14.044119,12.754172,-39.041836,10.953599,-10.37012,13.092423,-36.030796,15.290558
37.5,27,-14.266981,4.9836659,-24.034788,-4.4991751,-3.7407293,2.6346195,-8.9044886,1.42303,-14.643055,12.919497,-39.964806,10.678695,-10.902326,13.266784,-36.904743,15.100092
37.6,27,-14.536592,5.0670266,-24.467781,-4.6054015,-3.8077595,2.6787179,-9.05795,1.4424307,-15.246421,13.086479,-40.895451,10.402608,-11.438662,13.442874,-37.786209,14.908887
37.7,27,-14.807436,5.1507845,-24.902788,-4.7120838,-3.8750799,2.7230983,-9.2122545,1.4620948,-15.854056,13.255095,-41.833565,10.125453,-11.978976,13.620667,-38.674992,14.717038
37.8,27,-15.07949,5.2349305,-25.339764,-4.8192143,-3.9426837,2.7677548,-9.367384,1.4820161,-16.465897,13.425317,-42.779034,9.8472404,-12.523213,13.800131,-39.570972,14.524547
37.9,27,-15.352702,5.3194504,-25.778633,-4.9267712,-4.01056,2.8126786,-9.5233088,1.5021884,-17.081747,13.597119,-43.731613,9.5681162,-13.071188,13.98124,-40.473915,14.331539
38,27,-15.627048,5.404335,-26.219351,-5.0347457,-4.0787024,2.8578629,-9.6800108,1.5226058,-17.70154,13.770473,-44.691174,9.2880907,-13.622838,14.16396,-41.38369,14.138015
38.1,27,-15.902488,5.4895735,-26.661854,-5.1431212,-4.1471014,2.9033,-9.8374653,1.5432621,-18.325129,13.945353,-45.657516,9.0072603,-14.178026,14.348266,-42.30011,13.944057
38.2,27,-16.178982,5.5751538,-27.106083,-5.2518816,-4.2157488,2.948983,-9.9956484,1.5641515,-18.952362,14.12173,-46.630444,8.7257204,-14.736613,14.534122,-43.222969,13.749743
38.3,27,-16.456497,5.6610646,-27.551979,-5.3610148,-4.2846351,2.9949033,-10.154538,1.5852677,-19.583149,14.299573,-47.609798,8.4434986,-15.298514,14.721498,-44.152119,13.555091
38.4,27,-16.734995,5.7472949,-27.999485,-5.4705029,-4.3537521,3.0410545,-10.31411,1.6066048,-20.217329,14.478854,-48.595364,8.1607046,-15.863576,14.91036,-45.087345,13.360193
38.5,27,-17.014444,5.8338351,-28.448551,-5.580337,-4.4230933,3.0874293,-10.474343,1.6281571,-20.854828,14.659542,-49.587002,7.8773479,-16.431734,15.100677,-46.028519,13.16505
38.6,27,-17.294802,5.9206724,-28.899107,-5.6904979,-4.4926472,3.1340196,-10.635213,1.6499183,-21.495476,14.841605,-50.584488,7.5935349,-17.002829,15.292414,-46.97541,12.96975
38.7,27,-17.576033,6.0077958,-29.351097,-5.8009701,-4.5624065,3.1808183,-10.796697,1.6718827,-22.139141,15.025014,-51.587627,7.3093438,-17.576735,15.485537,-47.92783,12.77436
38.8,27,-17.858103,6.0951943,-29.804464,-5.9117413,-4.6323628,3.227818,-10.95877,1.6940444,-22.785725,15.209732,-52.596252,7.0248008,-18.153362,15.68001,-48.885616,12.578891
38.9,27,-18.140972,6.182857,-30.25915,-6.0227952,-4.7025065,3.2750113,-11.12141,1.7163974,-23.435074,15.395731,-53.610153,6.7400045,-18.732567,15.8758,-49.848564,12.38343
39,27,-18.424612,6.2707739,-30.715103,-6.1341205,-4.7728314,3.3223915,-11.284599,1.7389363,-24.087107,15.582976,-54.629181,6.454967,-19.314274,16.072872,-50.816528,12.187977
39.1,27,-18.708979,6.358933,-31.172258,-6.2456999,-4.843327,3.3699508,-11.448309,1.7616549,-24.741663,15.771435,-55.653107,6.1697826,-19.898336,16.271191,-51.789284,11.992612
39.2,27,-18.994034,6.4473219,-31.630552,-6.3575158,-4.9139843,3.417681,-11.612515,1.7845473,-25.398592,15.961074,-56.681721,5.8845377,-20.484608,16.470718,-52.766621,11.797407
39.3,27,-19.279751,6.5359321,-32.089943,-6.4695597,-4.9847965,3.4655764,-11.777202,1.8076084,-26.057829,16.151857,-57.71489,5.5992317,-21.073032,16.671419,-53.748413,11.602351
39.4,27,-19.56608,6.6247497,-32.55035,-6.5818095,-5.0557532,3.5136282,-11.942338,1.8308318,-26.719179,16.343754,-58.752346,5.3139892,-21.663425,16.873259,-54.734402,11.407553
39.5,27,-19.852999,6.7137666,-33.011742,-6.6942587,-5.1268482,3.561831,-12.107908,1.8542123,-27.382586,16.536726,-59.793972,5.0288019,-22.255737,17.076199,-55.724472,11.212996
39.6,27,-20.140465,6.8029704,-33.474041,-6.8068876,-5.198071,3.6101763,-12.273887,1.8777441,-28.04789,16.730742,-60.839542,4.7437606,-22.849819,17.280203,-56.718391,11.018756
39.7,27,-20.428434,6.8923492,-33.937191,-6.9196787,-5.269413,3.6586561,-12.440248,1.9014213,-28.714931,16.925764,-61.888817,4.4589558,-23.445518,17.485233,-57.715946,10.824908
39.8,27,-20.716881,6.9818931,-34.401142,-7.0326223,-5.3408666,3.7072647,-12.606972,1.9252386,-29.383638,17.121758,-62.941666,4.1743898,-24.04277,17.691252,-58.716988,10.631447
39.9,27,-21.005766,7.0715909,-34.865829,-7.1457009,-5.4124227,3.7559941,-12.774036,1.9491905,-30.053846,17.318689,-63.997856,3.890161,-24.641424,17.898226,-59.721302,10.438456
40,27,-21.295052,7.1614323,-35.331203,-7.2589025,-5.4840736,3.8048377,-12.941419,1.9732714,-30.72547,17.516523,-65.05722,3.6062846,-25.241396,18.106115,-60.728729,10.245939
40.1,27,-21.584702,7.2514048,-35.797192,-7.3722086,-5.5558095,3.8537877,-13.109095,1.9974754,-31.398346,17.715221,-66.119537,3.3228488,-25.842537,18.31488,-61.739044,10.053971
40.2,27,-21.874678,7.3414984,-36.263752,-7.4856052,-5.6276226,3.902837,-13.277042,2.0217974,-32.07235,17.914751,-67.184616,3.0399177,-26.444727,18.524488,-62.75206,9.8626041
40.3,27,-22.164948,7.4317021,-36.730816,-7.5990796,-5.6995044,3.9519789,-13.445241,2.046232,-32.747383,18.115074,-68.252274,2.7575121,-27.047878,18.7349,-63.767605,9.6718483
40.4,27,-22.455467,7.5220037,-37.198322,-7.7126117,-5.7714448,4.001205,-13.613663,2.0707731,-33.423267,18.316156,-69.322273,2.4757395,-27.651821,18.946072,-64.785439,9.4817963
40.5,27,-22.746212,7.6123943,-37.666233,-7.8261938,-5.8434381,4.0505104,-13.782292,2.0954163,-34.099945,18.517962,-70.394485,2.1945918,-28.256508,19.157974,-65.805443,9.2924309
40.6,27,-23.03714,7.7028627,-38.134476,-7.9398074,-5.9154744,4.0998864,-13.951104,2.1201556,-34.77726,18.720453,-71.468674,1.9141554,-28.861786,19.370565,-66.8274,9.1038265
40.7,27,-23.328207,7.793395,-38.602982,-8.0534334,-5.9875431,4.1493254,-14.120071,2.1449854,-35.45504,18.923595,-72.544601,1.6345229,-29.467499,19.583807,-67.851051,8.9160595
40.8,27,-23.61939,7.8839841,-39.071716,-8.1670656,-6.0596395,4.1988225,-14.28918,2.1699011,-36.13324,19.127352,-73.622162,1.3556805,-30.073603,19.797665,-68.876312,8.7291098
40.9,27,-23.910637,7.9746156,-39.540596,-8.2806787,-6.1317506,4.2483673,-14.458398,2.1948965,-36.811649,19.331686,-74.701057,1.0777572,-30.679899,20.012096,-69.902885,8.5430889
41,27,-24.201929,8.0652819,-40.00959,-8.3942671,-6.2038722,4.297956,-14.627711,2.2199671,-37.490227,19.536564,-75.781189,.80073416,-31.286354,20.227068,-70.930679,8.3579712
41.1,27,-24.493225,8.1559715,-40.478638,-8.5078154,-6.2759953,4.3475814,-14.797098,2.2451077,-38.168819,19.741949,-76.862328,.52469158,-31.892824,20.442543,-71.959473,8.1738253
41.2,27,-24.784519,8.2466822,-40.94772,-8.6213179,-6.3481169,4.3972402,-14.96655,2.2703154,-38.847385,19.947826,-77.944405,.24963567,-32.499268,20.658503,-72.989189,7.990654
41.3,27,-25.075815,8.3374147,-41.416847,-8.7347822,-6.4202399,4.4469328,-15.136068,2.2955883,-39.525978,20.154179,-79.027443,-.024513509,-33.10574,20.874933,-74.019859,7.8083797
41.4,27,-25.367105,8.4281664,-41.886009,-8.8482037,-6.4923615,4.4966564,-15.305646,2.3209236,-40.204536,20.360991,-80.111343,-.29772836,-33.712177,21.091818,-75.051376,7.6270266
41.5,27,-25.658407,8.518939,-42.355221,-8.9615927,-6.5644851,4.5464129,-15.475291,2.3463206,-40.883148,20.568254,-81.196182,-.57010883,-34.318661,21.309149,-76.083824,7.4465008
41.6,27,-25.949701,8.6097298,-42.824463,-9.0749416,-6.6366076,4.5961986,-15.644991,2.3717759,-41.561733,20.775948,-82.281837,-.84162223,-34.925125,21.526901,-77.117081,7.2668285
41.7,27,-26.240992,8.7005377,-43.293732,-9.1882515,-6.7087288,4.6460123,-15.814746,2.3972876,-42.240292,20.98406,-83.368294,-1.112286,-35.531563,21.745071,-78.151115,7.0879941
41.8,27,-26.532293,8.7913656,-43.763054,-9.3015327,-6.7808528,4.6958556,-15.984561,2.4228554,-42.9189,21.192589,-84.455612,-1.3821907,-36.138046,21.963648,-79.186005,6.9099112
41.9,27,-26.823584,8.8822088,-44.232391,-9.4147739,-6.8529744,4.7457252,-16.154425,2.4484756,-43.597458,21.401506,-85.54364,-1.6512767,-36.744484,22.18261,-80.221603,6.7326326
42,27,-27.11488,8.9730692,-44.701775,-9.5279865,-6.925097,4.7956214,-16.324343,2.474148,-44.276051,21.610811,-86.632462,-1.9196384,-37.350956,22.401955,-81.25798,6.5560699
42.1,27,-27.406179,9.0639477,-45.171188,-9.6411686,-6.9972205,4.8455439,-16.494312,2.4998708,-44.954655,21.820494,-87.722031,-2.1872728,-37.957432,22.62167,-82.29509,6.3802242
42.2,27,-27.69747,9.1548386,-45.640625,-9.7543154,-7.0693421,4.8954897,-16.664326,2.5256414,-45.633213,22.030533,-88.812263,-2.4541595,-38.563869,22.841738,-83.332855,6.2051134
42.3,27,-27.988766,9.2457466,-46.110096,-9.8674355,-7.1414647,4.9454603,-16.834389,2.5514596,-46.311806,22.240929,-89.903221,-2.7203844,-39.170341,23.062157,-84.371338,6.0306554
42.4,27,-28.28006,9.336669,-46.579594,-9.980525,-7.2135868,4.9954538,-17.004498,2.5773232,-46.990372,22.451668,-90.994827,-2.9859126,-39.776783,23.282911,-85.410454,5.8568826
42.5,27,-28.571356,9.4276056,-47.049122,-10.093588,-7.2857094,5.0454707,-17.17465,2.6032314,-47.668964,22.662739,-92.08712,-3.2508113,-40.383255,23.503996,-86.450241,5.6837306
42.6,27,-28.862652,9.5185566,-47.518681,-10.206624,-7.3578324,5.0955095,-17.344847,2.6291828,-48.347557,22.874136,-93.180038,-3.5150747,-40.989723,23.725399,-87.490654,5.5112033
42.7,27,-29.153946,9.6095209,-47.988258,-10.319631,-7.4299545,5.1455688,-17.515085,2.6551754,-49.026123,23.085846,-94.273552,-3.7786958,-41.596169,23.947111,-88.531647,5.3393073
42.8,27,-29.445242,9.7004986,-48.45787,-10.432613,-7.5020771,5.1956496,-17.685364,2.6812091,-49.704716,23.297865,-95.367691,-4.0417399,-42.202641,24.169128,-89.573257,5.1679797
42.9,27,-29.736532,9.7914877,-48.927494,-10.545568,-7.5741987,5.2457495,-17.855679,2.7072816,-50.383274,23.51018,-96.462379,-4.3041692,-42.809078,24.391434,-90.61541,4.9972544
43,27,-30.027832,9.8824911,-49.39716,-10.658504,-7.6463223,5.2958703,-18.026037,2.733393,-51.061878,23.72279,-97.557693,-4.5660644,-43.415554,24.614031,-91.658165,4.8270569
43.1,27,-30.319128,9.9735069,-49.86684,-10.771414,-7.7184448,5.3460097,-18.196432,2.7595415,-51.740471,23.93568,-98.653542,-4.8274002,-44.022026,24.836903,-92.701462,4.6574087
43.2,27,-30.610481,10.064549,-50.336636,-10.884326,-7.7905807,5.3961768,-18.366894,2.7857311,-52.419247,24.148882,-99.750183,-5.0883074,-44.628666,25.060083,-93.745529,4.4881968
43.3,27,-30.901655,10.155554,-50.806175,-10.997135,-7.8626747,5.4463325,-18.537291,2.8119402,-53.097412,24.362238,-100.84652,-5.3483038,-45.234737,25.283407,-94.789307,4.3198304
43.4,27,-31.19301,10.24662,-51.276016,-11.110003,-7.9348116,5.4965353,-18.707823,2.8381994,-53.776196,24.575972,-101.94421,-5.6081791,-45.841385,25.507111,-95.834404,4.1516328
43.5,27,-31.484304,10.33768,-51.745785,-11.222824,-8.0069342,5.5467448,-18.878355,2.8644865,-54.454781,24.789919,-103.04213,-5.867435,-46.447849,25.731022,-96.879723,3.9840267
43.6,27,-31.775606,10.428752,-52.215584,-11.335627,-8.0790577,5.5969725,-19.048922,2.8908067,-55.133392,25.004118,-104.14056,-6.1262212,-47.054333,25.955179,-97.925552,3.8168833
43.7,27,-32.066959,10.51985,-52.685486,-11.448432,-8.1511936,5.6472244,-19.219551,2.9171629,-55.812168,25.218594,-105.2397,-6.3846331,-47.660973,26.179611,-98.972069,3.6501217
43.8,27,-32.358128,10.610905,-53.155121,-11.561136,-8.2232866,5.6974621,-19.390106,2.9435334,-56.490318,25.433184,-106.33844,-6.6421914,-48.267029,26.404146,-100.01821,3.4841466
43.9,27,-32.649487,10.702024,-53.625065,-11.673904,-8.2954245,5.747746,-19.560799,2.9699507,-57.169109,25.648129,-107.43851,-6.8997035,-48.873684,26.629038,-101.06564,3.3182697
44,27,-32.940781,10.793135,-54.094936,-11.786628,-8.367547,5.7980342,-19.731485,2.9963915,-57.847702,25.863255,-108.53875,-7.1566563,-49.480156,26.854105,-102.11324,3.1529238
44.1,27,-33.232075,10.884254,-54.564823,-11.899331,-8.4396696,5.8483367,-19.902199,3.0228605,-58.526287,26.078598,-109.6394,-7.4131761,-50.08662,27.079386,-103.16124,2.9880016
44.2,27,-33.523373,10.975383,-55.034729,-12.012018,-8.5117922,5.898654,-20.072943,3.0493574,-59.204872,26.294157,-110.74047,-7.6692719,-50.693077,27.304876,-104.20966,2.8234968
44.3,27,-33.814667,11.06652,-55.504646,-12.124685,-8.5839138,5.9489841,-20.24371,3.0758808,-59.883446,26.509918,-111.84193,-7.9249625,-51.299534,27.530567,-105.25845,2.6593871
44.4,27,-34.105961,11.157666,-55.974586,-12.237337,-8.6560364,5.9993281,-20.414503,3.1024306,-60.562023,26.725885,-112.94379,-8.1802492,-51.905987,27.75646,-106.30765,2.4956748
44.5,27,-34.397259,11.248821,-56.444542,-12.349974,-8.728159,6.0496855,-20.585325,3.1290061,-61.240616,26.942051,-114.04607,-8.4351654,-52.512455,27.982546,-107.35724,2.3323247
44.6,27,-34.688553,11.339984,-56.914516,-12.462594,-8.8002825,6.1000552,-20.75617,3.1556067,-61.919209,27.158409,-115.14871,-8.6897039,-53.118927,28.20882,-108.4072,2.1693454
44.7,27,-34.979851,11.431155,-57.384502,-12.575197,-8.8724051,6.1504378,-20.927042,3.1822317,-62.597782,27.374956,-116.25171,-8.9438553,-53.72538,28.43528,-109.4575,2.0067451
44.8,27,-35.271141,11.522333,-57.8545,-12.687784,-8.9445267,6.2008314,-21.097933,3.2088799,-63.27636,27.591684,-117.35506,-9.1976538,-54.331833,28.661917,-110.50816,1.8444897
44.9,27,-35.562435,11.613519,-58.324516,-12.800357,-9.0166492,6.2512374,-21.26885,3.2355516,-63.954937,27.808594,-118.45878,-9.4510927,-54.938286,28.888731,-111.55916,1.6825873
45,27,-35.853733,11.704713,-58.794548,-12.912917,-9.0887718,6.3016553,-21.439789,3.2622461,-64.63353,28.025681,-119.56285,-9.7042046,-55.544758,29.115719,-112.61052,1.5210046
45.1,27,-36.145031,11.795915,-59.264599,-13.025462,-9.1608944,6.3520846,-21.610752,3.2889626,-65.312119,28.242937,-120.66726,-9.9569817,-56.151226,29.342875,-113.66221,1.3597507
45.2,27,-36.436325,11.887123,-59.734657,-13.137992,-9.233017,6.4025245,-21.781734,3.3157005,-65.9907,28.460361,-121.77198,-10.209412,-56.757679,29.570194,-114.7142,1.1988355
45.3,27,-36.727615,11.978337,-60.204727,-13.250507,-9.3051386,6.4529748,-21.952738,3.3424592,-66.669273,28.677948,-122.87701,-10.461529,-57.364136,29.79767,-115.76649,1.038226
45.4,27,-37.018913,12.069559,-60.674812,-13.363011,-9.3772612,6.5034361,-22.123762,3.3692389,-67.347847,28.895697,-123.98237,-10.713325,-57.970589,30.025307,-116.81911,.87793171
45.5,27,-37.310207,12.160788,-61.144917,-13.475502,-9.4493847,6.5539074,-22.294807,3.3960388,-68.026443,29.113602,-125.08805,-10.964831,-58.577057,30.253096,-117.87203,.71792024
45.6,27,-37.601505,12.252024,-61.615028,-13.587981,-9.5215073,6.6043892,-22.465872,3.422858,-68.705032,29.331659,-126.19403,-11.216039,-59.183529,30.481035,-118.92525,.55820209
45.7,27,-37.892799,12.343265,-62.085155,-13.700446,-9.5936298,6.6548805,-22.636955,3.4496965,-69.383614,29.549866,-127.30029,-11.466935,-59.789982,30.70912,-119.97874,.39878765
45.8,27,-38.184093,12.434511,-62.555286,-13.812898,-9.6657515,6.7053809,-22.808056,3.4765534,-70.062187,29.768217,-128.40681,-11.717552,-60.396435,30.937344,-121.03252,.23964538
45.9,27,-38.475388,12.525765,-63.025436,-13.925339,-9.737874,6.7558908,-22.979177,3.5034292,-70.740761,29.986713,-129.51364,-11.967882,-61.002888,31.165712,-122.08656,.080785461
46,27,-38.766685,12.617025,-63.495598,-14.037769,-9.8099966,6.8064103,-23.150316,3.5303228,-71.419357,30.205351,-130.62076,-12.217955,-61.609356,31.394217,-123.14089,-.077823117
46.1,27,-39.05798,12.708291,-63.965775,-14.150188,-9.8821192,6.8569388,-23.321472,3.5572338,-72.097946,30.424124,-131.72813,-12.467759,-62.215828,31.622856,-124.19549,-.23616925
46.2,27,-39.349277,12.799562,-64.435959,-14.262595,-9.9542418,6.9074759,-23.492645,3.584162,-72.77652,30.643032,-132.83577,-12.717283,-62.822281,31.851625,-125.25032,-.39424178
46.3,27,-39.640568,12.890838,-64.906143,-14.37499,-10.026363,6.9580207,-23.663834,3.6111066,-73.455101,30.862068,-133.94363,-12.966558,-63.428734,32.080521,-126.3054,-.55207115
46.4,27,-39.931862,12.982121,-65.37635,-14.487374,-10.098486,7.008575,-23.835041,3.638068,-74.133675,31.081236,-135.05177,-13.215572,-64.035187,32.309544,-127.36073,-.70964652
46.5,27,-40.22316,13.073408,-65.846565,-14.599751,-10.170609,7.0591373,-24.006264,3.6650455,-74.812271,31.300528,-136.16017,-13.464359,-64.641655,32.538689,-128.41632,-.86699796
46.6,27,-40.514458,13.164701,-66.316795,-14.712116,-10.242732,7.1097074,-24.177502,3.6920388,-75.49086,31.519945,-137.26881,-13.712904,-65.248131,32.767956,-129.47214,-1.0241137
46.7,27,-40.805752,13.256,-66.787033,-14.824471,-10.314855,7.1602855,-24.348757,3.7190471,-76.169434,31.739481,-138.37767,-13.961196,-65.854584,32.997341,-130.52818,-1.1809818
46.8,27,-41.097042,13.347301,-67.257271,-14.936813,-10.386976,7.2108703,-24.520023,3.7460704,-76.848015,31.959133,-139.48676,-14.209264,-66.461037,33.226837,-131.58444,-1.3376321
46.9,27,-41.38834,13.438609,-67.727531,-15.049149,-10.459099,7.2614636,-24.691305,3.7731085,-77.526588,32.178902,-140.59607,-14.457097,-67.06749,33.456448,-132.64093,-1.494053
47,27,-41.679634,13.529922,-68.197792,-15.161475,-10.531221,7.3120646,-24.862604,3.8001614,-78.205177,32.398785,-141.70563,-14.704726,-67.673958,33.686172,-133.69765,-1.6502737
