temp,ref,yhat_comm,se_comm,lowerci_comm,upperci_comm,yhat_low,se_low,lowerci_low,upperci_low,yhat_high,se_high,lowerci_high,upperci_high,yhat_marg,se_marg,lowerci_marg,upperci_marg
-10,27,-6.0999999,8.8999996,-23.616343,11.404409,-.1,11.5,-22.604479,22.474028,-25.799999,25.200001,-75.227219,23.633242,-25.700001,27.799999,-80.221138,28.757607
-5,27,-5.3000002,7.6999998,-20.424946,9.8632727,-.1,9.8999996,-19.54982,19.436996,-22.299999,21.799999,-65.061378,20.439562,-22.299999,24,-69.38044,24.871445
0,27,-4.5,6.5,-17.233547,8.3221369,0,8.3999996,-16.495159,16.399967,-18.799999,18.4,-54.895538,17.24588,-18.799999,20.299999,-58.539745,20.985281
5,27,-3.5999999,5.3000002,-14.04215,6.7810001,0,6.8000002,-13.4405,13.362936,-15.3,15,-44.729698,14.052198,-15.3,16.5,-47.699055,17.099117
10,27,-2.8,4.0999999,-10.850752,5.2398639,0,5.3000002,-10.385841,10.325905,-11.9,11.6,-34.563858,10.858517,-11.8,12.8,-36.85836,13.212955
30,27,.1,.69999999,-1.2114043,1.4714037,-.1,.89999998,-1.8459964,1.6178313,1.6,2,-2.2492113,5.3962078,1.7,2.2,-2.5269294,5.9020905
35,27,-5.5999999,2.3,-10.182749,-1.0227811,-2.2,2.3,-6.7185817,2.2195296,-4.1999998,4.6999998,-13.447558,4.9517107,-2,5.3000002,-12.364841,8.3680449
40,27,-25.4,8.3999996,-41.966969,-8.9098024,-9,6.9000001,-22.603451,4.6109924,-30.1,12.4,-54.340145,-5.8303967,-21.1,14.4,-49.244968,7.0668826
45,27,-49,16.1,-80.420357,-17.483315,-16.9,13.2,-42.864262,8.9732914,-61.099998,23.299999,-106.77312,-15.511868,-44.200001,27,-97.197258,8.8032341
