temp,ref,yhat_comm,se_comm,lowerci_comm,upperci_comm,yhat_low,se_low,lowerci_low,upperci_low,yhat_high,se_high,lowerci_high,upperci_high,yhat_marg,se_marg,lowerci_marg,upperci_marg
-20,27,-33.499981,43.072918,-117.92135,50.921383,6.5412612,35.951447,-63.922276,77.004799,-857.35339,283.93683,-1413.8594,-300.84747,-863.89465,285.37051,-1423.2106,-304.57874
-19.9,27,-33.428703,42.98127,-117.67045,50.813038,6.5273438,35.874954,-63.78627,76.840958,-855.52924,283.3327,-1410.8511,-300.20737,-862.05658,284.76334,-1420.1825,-303.93069
-19.8,27,-33.357426,42.889626,-117.41955,50.704697,6.5134263,35.798462,-63.650265,76.677116,-853.70508,282.72858,-1407.8429,-299.56726,-860.21851,284.15616,-1417.1544,-303.28265
-19.7,27,-33.286152,42.797985,-117.16866,50.596355,6.4995089,35.72197,-63.514263,76.513283,-851.88098,282.12445,-1404.8347,-298.92719,-858.38049,283.54901,-1414.1263,-302.63464
-19.6,27,-33.214874,42.706337,-116.91776,50.48801,6.4855909,35.645477,-63.378258,76.349442,-850.05682,281.52032,-1401.8265,-298.28708,-856.54242,282.94183,-1411.0981,-301.9866
-19.5,27,-33.143597,42.614693,-116.66686,50.379665,6.4716735,35.568985,-63.242252,76.1856,-848.23267,280.9162,-1398.8182,-297.64697,-854.70428,282.33466,-1408.0701,-301.33853
-19.4,27,-33.072323,42.523048,-116.41596,50.271324,6.457756,35.492489,-63.106247,76.021759,-846.40845,280.3121,-1395.8101,-297.00687,-852.86621,281.72748,-1405.042,-300.69049
-19.3,27,-33.001045,42.431404,-116.16507,50.162979,6.4438381,35.415997,-62.970242,75.857918,-844.58429,279.70798,-1392.8019,-296.36676,-851.02814,281.1203,-1402.0138,-300.04245
-19.2,27,-32.929768,42.33976,-115.91418,50.054638,6.4299207,35.339508,-62.83424,75.694084,-842.76019,279.10385,-1389.7937,-295.72668,-849.19012,280.51315,-1398.9857,-299.39444
-19.1,27,-32.858494,42.248116,-115.66328,49.946293,6.4160032,35.263016,-62.698235,75.530243,-840.93604,278.49973,-1386.7854,-295.08658,-847.35205,279.90598,-1395.9576,-298.7464
-19,27,-32.787216,42.156471,-115.41238,49.837948,6.4020858,35.18652,-62.562229,75.366402,-839.11188,277.8956,-1383.7772,-294.44647,-845.51392,279.2988,-1392.9296,-298.09836
-18.9,27,-32.715939,42.064827,-115.16148,49.729607,6.3881679,35.110027,-62.426224,75.20256,-837.28772,277.29147,-1380.769,-293.80637,-843.67584,278.69162,-1389.9014,-297.45032
-18.8,27,-32.644661,41.973183,-114.91058,49.621262,6.3742504,35.033535,-62.290218,75.038719,-835.4635,276.68735,-1377.7607,-293.16626,-841.83777,278.08444,-1386.8733,-296.80228
-18.7,27,-32.573387,41.881538,-114.65969,49.51292,6.360333,34.957043,-62.154217,74.874878,-833.6394,276.08325,-1374.7527,-292.52618,-839.99976,277.47729,-1383.8452,-296.15424
-18.6,27,-32.50211,41.789894,-114.4088,49.404575,6.3464155,34.88055,-62.018211,74.711037,-831.81525,275.47913,-1371.7444,-291.88608,-838.16168,276.87012,-1380.8171,-295.5062
-18.5,27,-32.430832,41.69825,-114.1579,49.296234,6.3324976,34.804058,-61.882206,74.547203,-829.99109,274.875,-1368.7362,-291.24597,-836.32355,276.26294,-1377.7889,-294.85815
-18.4,27,-32.359554,41.606606,-113.907,49.187889,6.3185802,34.727566,-61.746201,74.383362,-828.16693,274.27087,-1365.7279,-290.60587,-834.48547,275.65576,-1374.7609,-294.21011
-18.3,27,-32.28828,41.514957,-113.65611,49.079544,6.3046622,34.651073,-61.610195,74.219521,-826.34277,273.66675,-1362.7197,-289.96576,-832.6474,275.04858,-1371.7328,-293.56207
-18.2,27,-32.217003,41.423317,-113.40521,48.971203,6.2907453,34.574581,-61.47419,74.055679,-824.51862,273.06265,-1359.7115,-289.32568,-830.80939,274.44144,-1368.7047,-292.91403
-18.1,27,-32.145725,41.331673,-113.15431,48.862858,6.2768273,34.498089,-61.338184,73.891838,-822.69446,272.45853,-1356.7034,-288.68558,-828.97131,273.83426,-1365.6766,-292.26599
-18,27,-32.074451,41.240025,-112.90342,48.754517,6.2629099,34.421597,-61.202179,73.727997,-820.8703,271.8544,-1353.6951,-288.04547,-827.13318,273.22708,-1362.6484,-291.61795
-17.9,27,-32.003174,41.14838,-112.65252,48.646172,6.248992,34.345104,-61.066174,73.564156,-819.04614,271.25027,-1350.6869,-287.40536,-825.2951,272.6199,-1359.6204,-290.96991
-17.8,27,-31.931896,41.056736,-112.40162,48.537827,6.2350745,34.268612,-60.930168,73.400322,-817.22198,270.64615,-1347.6787,-286.76526,-823.45703,272.01276,-1356.5922,-290.32187
-17.7,27,-31.86062,40.965092,-112.15073,48.429485,6.2211571,34.19212,-60.794167,73.236481,-815.39783,270.04205,-1344.6705,-286.12515,-821.61902,271.40558,-1353.5642,-289.67383
-17.6,27,-31.789345,40.873447,-111.89983,48.321144,6.2072396,34.115627,-60.658161,73.072639,-813.57367,269.43793,-1341.6622,-285.48505,-819.78094,270.7984,-1350.536,-289.02579
-17.5,27,-31.718067,40.781803,-111.64893,48.212799,6.1933217,34.039135,-60.522156,72.908798,-811.74951,268.8338,-1338.6541,-284.84497,-817.94281,270.19122,-1347.5079,-288.37775
-17.4,27,-31.64679,40.690159,-111.39803,48.104454,6.1794043,33.962643,-60.38615,72.744957,-809.92535,268.22968,-1335.6459,-284.20486,-816.10474,269.58405,-1344.4799,-287.72971
-17.3,27,-31.575514,40.598515,-111.14714,47.996113,6.1654868,33.88615,-60.250145,72.581116,-808.1012,267.62555,-1332.6376,-283.56476,-814.26666,268.9769,-1341.4517,-287.08167
-17.2,27,-31.504238,40.50687,-110.89625,47.887772,6.1515694,33.809658,-60.114143,72.417282,-806.27704,267.02142,-1329.6295,-282.92465,-812.42865,268.36972,-1338.4236,-286.43362
-17.1,27,-31.432961,40.415226,-110.64535,47.779427,6.1376514,33.733166,-59.978138,72.253441,-804.45288,266.41733,-1326.6212,-282.28455,-810.59052,267.76254,-1335.3955,-285.78558
-17,27,-31.361685,40.323582,-110.39445,47.671082,6.123734,33.656673,-59.842133,72.0896,-802.62872,265.8132,-1323.613,-281.64444,-808.75244,267.15536,-1332.3674,-285.13754
-16.9,27,-31.290407,40.231937,-110.14355,47.56274,6.1098166,33.580181,-59.706127,71.925758,-800.80457,265.20908,-1320.6047,-281.00433,-806.91437,266.54822,-1329.3392,-284.4895
-16.8,27,-31.219131,40.140293,-109.89265,47.454395,6.0958986,33.503689,-59.570122,71.761917,-798.98041,264.60495,-1317.5966,-280.36426,-805.07629,265.94104,-1326.3112,-283.84146
-16.7,27,-31.147856,40.048649,-109.64176,47.346054,6.0819812,33.427197,-59.434116,71.598083,-797.15625,264.00082,-1314.5884,-279.72415,-803.23828,265.33386,-1323.2831,-283.19342
-16.6,27,-31.076578,39.957005,-109.39087,47.237709,6.0680637,33.350704,-59.298115,71.434242,-795.33209,263.3967,-1311.5802,-279.08405,-801.40015,264.72668,-1320.255,-282.54538
-16.5,27,-31.005302,39.86536,-109.13997,47.129364,6.0541463,33.274212,-59.162109,71.270401,-793.50793,262.79257,-1308.5719,-278.44394,-799.56207,264.11951,-1317.2268,-281.89734
-16.4,27,-30.934025,39.773712,-108.88907,47.021023,6.0402284,33.197716,-59.026104,71.10656,-791.68378,262.18848,-1305.5637,-277.80383,-797.724,263.51236,-1314.1987,-281.2493
-16.3,27,-30.862747,39.682068,-108.63818,46.912678,6.0263109,33.121223,-58.890099,70.942719,-789.85962,261.58435,-1302.5555,-277.16373,-795.88593,262.90518,-1311.1707,-280.60126
-16.2,27,-30.791473,39.590427,-108.38728,46.804337,6.0123935,33.044735,-58.754093,70.778877,-788.03552,260.98022,-1299.5474,-276.52365,-794.04791,262.298,-1308.1426,-279.95325
-16.1,27,-30.720196,39.498779,-108.13638,46.695992,5.998476,32.968243,-58.618088,70.615044,-786.2113,260.3761,-1296.5391,-275.88354,-792.20978,261.69083,-1305.1144,-279.30521
-16,27,-30.648918,39.407135,-107.88548,46.58765,5.9845581,32.891747,-58.482082,70.451202,-784.38715,259.77197,-1293.5309,-275.24344,-790.3717,261.08365,-1302.0863,-278.65714
-15.9,27,-30.577642,39.315491,-107.63459,46.479305,5.9706407,32.815254,-58.346077,70.287361,-782.56299,259.16785,-1290.5227,-274.60333,-788.53363,260.4765,-1299.0582,-278.00909
-15.8,27,-30.506367,39.223846,-107.3837,46.37096,5.9567232,32.738762,-58.210075,70.12352,-780.73883,258.56375,-1287.5145,-273.96323,-786.69556,259.86932,-1296.0302,-277.36108
-15.7,27,-30.435089,39.132202,-107.1328,46.262619,5.9428053,32.66227,-58.07407,69.959679,-778.91467,257.95963,-1284.5062,-273.32315,-784.85748,259.26215,-1293.002,-276.71304
-15.6,27,-30.363813,39.040558,-106.8819,46.154274,5.9288878,32.585777,-57.938065,69.795837,-777.09058,257.3555,-1281.498,-272.68304,-783.01941,258.65497,-1289.9739,-276.065
-15.5,27,-30.292536,38.948914,-106.631,46.045933,5.9149704,32.509285,-57.802059,69.631996,-775.26636,256.75137,-1278.4899,-272.04294,-781.18134,258.04782,-1286.9458,-275.41696
-15.4,27,-30.22126,38.857269,-106.3801,45.937588,5.901053,32.432793,-57.666054,69.468163,-773.4422,256.14725,-1275.4816,-271.40283,-779.34326,257.44064,-1283.9176,-274.76892
-15.3,27,-30.149982,38.765625,-106.12921,45.829247,5.887135,32.3563,-57.530048,69.304321,-771.6181,255.54314,-1272.4734,-270.76273,-777.50519,256.83347,-1280.8895,-274.12088
-15.2,27,-30.078707,38.673981,-105.87831,45.720901,5.8732176,32.279808,-57.394043,69.14048,-769.79395,254.93901,-1269.4652,-270.12262,-775.66711,256.22629,-1277.8615,-273.47284
-15.1,27,-30.007431,38.582336,-105.62742,45.61256,5.8593001,32.203316,-57.258041,68.976639,-767.96979,254.3349,-1266.457,-269.48254,-773.82904,255.61913,-1274.8334,-272.8248
-15,27,-29.936153,38.490692,-105.37652,45.504215,5.8453827,32.126823,-57.122036,68.812798,-766.14563,253.73077,-1263.4487,-268.84244,-771.99097,255.01195,-1271.8052,-272.17676
-14.9,27,-29.864876,38.399048,-105.12563,45.39587,5.8314648,32.050331,-56.986031,68.648956,-764.32147,253.12665,-1260.4406,-268.20233,-770.15289,254.40477,-1268.7771,-271.52872
-14.8,27,-29.7936,38.307404,-104.87473,45.287529,5.8175473,31.973839,-56.850025,68.485123,-762.49731,252.52254,-1257.4324,-267.56223,-768.31482,253.79761,-1265.749,-270.88068
-14.7,27,-29.722324,38.215755,-104.62383,45.179184,5.8036299,31.897346,-56.71402,68.321281,-760.67316,251.91841,-1254.4242,-266.92212,-766.47675,253.19043,-1262.7209,-270.23264
-14.6,27,-29.651047,38.124115,-104.37294,45.070843,5.7897124,31.820854,-56.578014,68.15744,-758.849,251.31429,-1251.4159,-266.28204,-764.63867,252.58327,-1259.6927,-269.58459
-14.5,27,-29.579771,38.032467,-104.12204,44.962498,5.7757945,31.744362,-56.442009,67.993599,-757.02484,250.71017,-1248.4077,-265.64194,-762.8006,251.97609,-1256.6647,-268.93655
-14.4,27,-29.508493,37.940823,-103.87114,44.854153,5.7618771,31.66787,-56.306004,67.829758,-755.20068,250.10605,-1245.3995,-265.00183,-760.96252,251.36893,-1253.6366,-268.28851
-14.3,27,-29.437218,37.849178,-103.62025,44.745811,5.7479596,31.591377,-56.170002,67.665916,-753.37653,249.50192,-1242.3914,-264.36172,-759.12445,250.76175,-1250.6085,-267.64047
-14.2,27,-29.36594,37.757534,-103.36935,44.637466,5.7340417,31.514885,-56.033997,67.502083,-751.55237,248.8978,-1239.3831,-263.72162,-757.28638,250.15457,-1247.5803,-266.99243
-14.1,27,-29.294664,37.66589,-103.11845,44.529125,5.7201242,31.438393,-55.897991,67.338242,-749.72821,248.29369,-1236.3749,-263.08151,-755.4483,249.54741,-1244.5522,-266.34439
-14,27,-29.223389,37.574245,-102.86755,44.42078,5.7062068,31.361898,-55.761986,67.1744,-747.90405,247.68956,-1233.3667,-262.44141,-753.61023,248.94023,-1241.5242,-265.69635
-13.9,27,-29.152111,37.482601,-102.61666,44.312439,5.6922889,31.285406,-55.62598,67.010559,-746.0799,247.08543,-1230.3584,-261.80133,-751.77216,248.33307,-1238.496,-265.04831
-13.8,27,-29.080835,37.390957,-102.36576,44.204094,5.6783714,31.208914,-55.489979,66.846718,-744.25574,246.48132,-1227.3502,-261.16122,-749.93408,247.72589,-1235.4679,-264.40027
-13.7,27,-29.009558,37.299313,-102.11487,44.095753,5.664454,31.132421,-55.353973,66.682877,-742.43158,245.8772,-1224.342,-260.52112,-748.09601,247.11873,-1232.4398,-263.75223
-13.6,27,-28.938282,37.207668,-101.86398,43.987408,5.6505365,31.055929,-55.217968,66.519043,-740.60742,245.27309,-1221.3339,-259.88101,-746.25793,246.51155,-1229.4117,-263.10419
-13.5,27,-28.867004,37.116024,-101.61308,43.879063,5.6366186,30.979437,-55.081963,66.355202,-738.78326,244.66896,-1218.3256,-259.24091,-744.41986,245.90437,-1226.3837,-262.45615
-13.4,27,-28.795729,37.02438,-101.36217,43.770721,5.6227012,30.902945,-54.945957,66.19136,-736.95911,244.06483,-1215.3174,-258.6008,-742.58179,245.29721,-1223.3555,-261.80811
-13.3,27,-28.724453,36.932735,-101.11128,43.662376,5.6087837,30.826452,-54.809952,66.027519,-735.13495,243.46072,-1212.3092,-257.96072,-740.74371,244.69003,-1220.3274,-261.16006
-13.2,27,-28.653175,36.841091,-100.86038,43.554035,5.5948663,30.74996,-54.673946,65.863678,-733.31079,242.8566,-1209.301,-257.32062,-738.90564,244.08287,-1217.2993,-260.51202
-13.1,27,-28.5819,36.749447,-100.60949,43.44569,5.5809484,30.673468,-54.537945,65.699837,-731.48663,242.25247,-1206.2927,-256.68051,-737.06757,243.47569,-1214.2712,-259.86398
-13,27,-28.510622,36.657803,-100.35859,43.337349,5.5670309,30.596975,-54.401939,65.536003,-729.66248,241.64836,-1203.2845,-256.04041,-735.22949,242.86853,-1211.243,-259.21594
-12.9,27,-28.439346,36.566154,-100.1077,43.229004,5.5531135,30.520483,-54.265934,65.372162,-727.83832,241.04424,-1200.2764,-255.40031,-733.39142,242.26135,-1208.215,-258.5679
-12.8,27,-28.368069,36.474514,-99.856796,43.120663,5.539196,30.443991,-54.129929,65.208321,-726.01416,240.44011,-1197.2682,-254.76021,-731.55334,241.65419,-1205.1869,-257.91986
-12.7,27,-28.296793,36.382866,-99.605904,43.012318,5.5252781,30.367498,-53.993923,65.044479,-724.19,239.836,-1194.2599,-254.1201,-729.71527,241.04701,-1202.1587,-257.27182
-12.6,27,-28.225515,36.291222,-99.355003,42.903973,5.5113606,30.291006,-53.857918,64.880638,-722.36584,239.23187,-1191.2517,-253.48001,-727.8772,240.43983,-1199.1306,-256.62381
-12.5,27,-28.15424,36.199577,-99.104111,42.795631,5.4974432,30.214512,-53.721912,64.716797,-720.54169,238.62775,-1188.2435,-252.8399,-726.03912,239.83267,-1196.1025,-255.97575
-12.4,27,-28.082962,36.107933,-98.85321,42.687286,5.4835253,30.13802,-53.585907,64.552956,-718.71753,238.02362,-1185.2352,-252.1998,-724.20105,239.22549,-1193.0745,-255.32771
-12.3,27,-28.011686,36.016289,-98.602318,42.578945,5.4696078,30.061527,-53.449905,64.389122,-716.89337,237.41951,-1182.2271,-251.55971,-722.36298,238.61833,-1190.0463,-254.67967
-12.2,27,-27.940409,35.924644,-98.351418,42.4706,5.4556904,29.985035,-53.3139,64.225281,-715.06921,236.81538,-1179.2189,-250.9196,-720.5249,238.01115,-1187.0182,-254.03163
-12.1,27,-27.869133,35.833,-98.100525,42.362259,5.4417729,29.908543,-53.177895,64.06144,-713.24506,236.21127,-1176.2107,-250.27951,-718.68683,237.40399,-1183.9901,-253.38359
-12,27,-27.797857,35.741356,-97.849625,42.253914,5.427855,29.83205,-53.041889,63.897598,-711.4209,235.60715,-1173.2024,-249.6394,-716.84875,236.79681,-1180.962,-252.73555
-11.9,27,-27.72658,35.649712,-97.598732,42.145569,5.4139376,29.755558,-52.905884,63.733761,-709.59674,235.00302,-1170.1942,-248.9993,-715.01068,236.18964,-1177.9338,-252.08751
-11.8,27,-27.655304,35.558067,-97.347832,42.037228,5.4000201,29.679066,-52.769878,63.56992,-707.77258,234.39891,-1167.186,-248.35919,-713.17261,235.58247,-1174.9058,-251.43948
-11.7,27,-27.584026,35.466423,-97.096939,41.928883,5.3861022,29.602573,-52.633873,63.406078,-705.94843,233.79478,-1164.1779,-247.7191,-711.33453,234.9753,-1171.8777,-250.79143
-11.6,27,-27.512751,35.374779,-96.846039,41.820541,5.3721848,29.526081,-52.497871,63.242241,-704.12433,233.19066,-1161.1696,-247.07899,-709.49646,234.36813,-1168.8496,-250.1434
-11.5,27,-27.441473,35.283134,-96.595146,41.712196,5.3582673,29.449589,-52.361866,63.0784,-702.30011,232.58655,-1158.1614,-246.43889,-707.65839,233.76096,-1165.8214,-249.49536
-11.4,27,-27.370197,35.19149,-96.344246,41.603851,5.3443499,29.373096,-52.225861,62.914558,-700.47595,231.98242,-1155.1532,-245.7988,-705.82031,233.15378,-1162.7933,-248.84731
-11.3,27,-27.298922,35.099846,-96.093353,41.49551,5.3304319,29.296604,-52.089855,62.750721,-698.65186,231.3783,-1152.145,-245.15869,-703.98224,232.54662,-1159.7653,-248.19928
-11.2,27,-27.227644,35.008202,-95.842453,41.387165,5.3165145,29.220112,-51.95385,62.58688,-696.8277,230.77419,-1149.1367,-244.51859,-702.14417,231.93944,-1156.7372,-247.55124
-11.1,27,-27.156368,34.916557,-95.59156,41.278824,5.302597,29.14362,-51.817848,62.423042,-695.00354,230.17006,-1146.1285,-243.87849,-700.30609,231.33228,-1153.709,-246.9032
-11,27,-27.085091,34.824909,-95.34066,41.170479,5.2886796,29.067125,-51.681843,62.259201,-693.17938,229.56593,-1143.1204,-243.23839,-698.46802,230.7251,-1150.6809,-246.25516
-10.9,27,-27.013815,34.733265,-95.089767,41.062138,5.2747617,28.990633,-51.545837,62.09536,-691.35522,228.96181,-1140.1121,-242.59828,-696.62994,230.11792,-1147.6528,-245.60712
-10.8,27,-26.942537,34.641621,-94.838867,40.953793,5.2608442,28.914141,-51.409832,61.931519,-689.53107,228.3577,-1137.1039,-241.95819,-694.79187,229.51076,-1144.6248,-244.95908
-10.7,27,-26.871262,34.549976,-94.587975,40.845451,5.2469268,28.837648,-51.273827,61.767681,-687.70691,227.75357,-1134.0957,-241.31808,-692.9538,228.90358,-1141.5966,-244.31104
-10.6,27,-26.799986,34.458332,-94.337074,40.737106,5.2330093,28.761156,-51.137821,61.60384,-685.88275,227.14946,-1131.0875,-240.67799,-691.11572,228.29642,-1138.5685,-243.66299
-10.5,27,-26.728708,34.366688,-94.086182,40.628765,5.2190914,28.684664,-51.001816,61.439999,-684.05859,226.54533,-1128.0792,-240.03789,-689.27765,227.68924,-1135.5404,-243.01495
-10.4,27,-26.657431,34.275043,-93.835281,40.52042,5.205174,28.608171,-50.86581,61.276157,-682.23444,225.94121,-1125.071,-239.39778,-687.43958,227.08206,-1132.5122,-242.36691
-10.3,27,-26.586155,34.183399,-93.584389,40.412075,5.1912565,28.531679,-50.729809,61.11232,-680.41028,225.3371,-1122.0629,-238.75769,-685.6015,226.4749,-1129.4841,-241.71887
-10.2,27,-26.514879,34.091755,-93.333488,40.303734,5.1773386,28.455187,-50.593803,60.948479,-678.58612,224.73297,-1119.0547,-238.11758,-683.76343,225.86772,-1126.4561,-241.07083
-10.1,27,-26.443602,34.000111,-93.082596,40.195389,5.1634212,28.378695,-50.457798,60.784641,-676.76196,224.12885,-1116.0464,-237.47748,-681.92535,225.26056,-1123.428,-240.42281
-10,27,-26.372326,33.908466,-92.831696,40.087048,5.1495037,28.302202,-50.321793,60.6208,-674.93781,223.52473,-1113.0382,-236.83739,-680.08728,224.65338,-1120.3999,-239.77475
-9.9,27,-26.301048,33.816822,-92.580803,39.978703,5.1355858,28.22571,-50.185787,60.456959,-673.11365,222.92061,-1110.03,-236.19728,-678.24921,224.0462,-1117.3717,-239.12671
-9.800000000000001,27,-26.229773,33.725178,-92.329903,39.870361,5.1216683,28.149218,-50.049782,60.293121,-671.28949,222.31648,-1107.0219,-235.55717,-676.41113,223.43904,-1114.3436,-238.47868
-9.699999999999999,27,-26.158495,33.633533,-92.07901,39.762016,5.1077509,28.072725,-49.913776,60.12928,-669.46533,221.71237,-1104.0135,-234.91707,-674.57306,222.83186,-1111.3156,-237.83064
-9.6,27,-26.087219,33.541889,-91.82811,39.653675,5.0938334,27.996233,-49.777775,59.965439,-667.64117,221.10825,-1101.0054,-234.27698,-672.73499,222.2247,-1108.2875,-237.1826
-9.5,27,-26.015944,33.450245,-91.577217,39.54533,5.0799155,27.919739,-49.641769,59.801601,-665.81702,220.50412,-1097.9972,-233.63687,-670.89691,221.61752,-1105.2593,-236.53456
-9.4,27,-25.944666,33.358597,-91.326317,39.436985,5.0659981,27.843246,-49.505764,59.63776,-663.99286,219.89999,-1094.9889,-232.99677,-669.05884,221.01036,-1102.2312,-235.88652
-9.300000000000001,27,-25.87339,33.266956,-91.075424,39.328644,5.0520806,27.766754,-49.369759,59.473919,-662.1687,219.29588,-1091.9807,-232.35667,-667.22076,220.40318,-1099.2031,-235.23848
-9.199999999999999,27,-25.802113,33.175308,-90.824524,39.220299,5.0381632,27.690262,-49.233753,59.310078,-660.34454,218.69176,-1088.9725,-231.71657,-665.38269,219.79602,-1096.1749,-234.59044
-9.1,27,-25.730837,33.083664,-90.573631,39.111958,5.0242453,27.61377,-49.097748,59.14624,-658.52039,218.08765,-1085.9644,-231.07648,-663.54462,219.18884,-1093.1469,-233.9424
-9,27,-25.659559,32.99202,-90.322731,39.003613,5.0103278,27.537277,-48.961742,58.982399,-656.69623,217.48352,-1082.9561,-230.43637,-661.70654,218.58167,-1090.1188,-233.29436
-8.9,27,-25.588284,32.900375,-90.071838,38.895267,4.9964104,27.460785,-48.825737,58.818558,-654.87207,216.87939,-1079.9479,-229.79626,-659.86847,217.9745,-1087.0907,-232.64632
-8.800000000000001,27,-25.517008,32.808731,-89.820938,38.786926,4.9824929,27.384293,-48.689735,58.65472,-653.04791,216.27528,-1076.9397,-229.15617,-658.0304,217.36732,-1084.0625,-231.99828
-8.699999999999999,27,-25.44573,32.717087,-89.570045,38.678581,4.968575,27.3078,-48.55373,58.490879,-651.22375,215.67116,-1073.9315,-228.51607,-656.19232,216.76016,-1081.0344,-231.35023
-8.6,27,-25.374454,32.625443,-89.319145,38.57024,4.9546576,27.231308,-48.417725,58.327042,-649.3996,215.06703,-1070.9232,-227.87596,-654.35425,216.15298,-1078.0063,-230.70219
-8.5,27,-25.303177,32.533798,-89.068253,38.461895,4.9407401,27.154816,-48.281719,58.1632,-647.57544,214.46292,-1067.915,-227.23587,-652.51617,215.54582,-1074.9783,-230.05415
-8.4,27,-25.231901,32.442154,-88.817352,38.353554,4.9268222,27.078323,-48.145714,57.999359,-645.75128,213.8588,-1064.9069,-226.59576,-650.6781,214.93864,-1071.9501,-229.40611
-8.300000000000001,27,-25.160624,32.35051,-88.56646,38.245209,4.9129047,27.001831,-48.009712,57.835522,-643.92712,213.25467,-1061.8987,-225.95566,-648.84003,214.33147,-1068.922,-228.75809
-8.199999999999999,27,-25.089348,32.258865,-88.315559,38.136864,4.8989873,26.925337,-47.873707,57.67168,-642.10297,212.65056,-1058.8904,-225.31557,-647.00195,213.7243,-1065.8939,-228.11003
-8.1,27,-25.018072,32.167221,-88.064667,38.028522,4.8850698,26.848846,-47.737701,57.507839,-640.27881,212.04643,-1055.8822,-224.67546,-645.16388,213.11713,-1062.8658,-227.46201
-8,27,-24.946795,32.075577,-87.813766,37.920177,4.8711519,26.772352,-47.601696,57.343998,-638.45465,211.44231,-1052.874,-224.03535,-643.32581,212.50996,-1059.8376,-226.81396
-7.9,27,-24.875519,31.983931,-87.562874,37.811836,4.8572345,26.69586,-47.465691,57.180161,-636.63049,210.8382,-1049.8657,-223.39526,-641.48773,211.90279,-1056.8096,-226.16592
-7.8,27,-24.804241,31.892286,-87.311974,37.703491,4.843317,26.619368,-47.329685,57.016319,-634.80634,210.23407,-1046.8575,-222.75516,-639.64966,211.29562,-1053.7815,-225.51788
-7.7,27,-24.732965,31.800642,-87.061081,37.59515,4.8293991,26.542875,-47.19368,56.852478,-632.98218,209.62994,-1043.8494,-222.11505,-637.81158,210.68845,-1050.7534,-224.86984
-7.6,27,-24.661688,31.708998,-86.810181,37.486805,4.8154817,26.466383,-47.057674,56.688641,-631.15802,209.02583,-1040.8412,-221.47496,-635.97351,210.08127,-1047.7252,-224.2218
-7.5,27,-24.590412,31.617353,-86.559288,37.378464,4.8015642,26.389891,-46.921673,56.524799,-629.33386,208.42171,-1037.8329,-220.83485,-634.13544,209.47411,-1044.6971,-223.57376
-7.4,27,-24.519135,31.525709,-86.308388,37.270119,4.7876468,26.313398,-46.785667,56.360958,-627.50977,207.81758,-1034.8247,-220.19475,-632.29736,208.86693,-1041.6691,-222.92572
-7.3,27,-24.447859,31.434065,-86.057495,37.161777,4.7737288,26.236906,-46.649662,56.197121,-625.68561,207.21347,-1031.8165,-219.55466,-630.45929,208.25977,-1038.641,-222.27768
-7.2,27,-24.376581,31.342421,-85.806595,37.053432,4.7598114,26.160414,-46.513657,56.033279,-623.86139,206.60934,-1028.8083,-218.91455,-628.62122,207.65259,-1035.6128,-221.62964
-7.1,27,-24.305305,31.250774,-85.555702,36.945087,4.745894,26.083921,-46.377651,55.869438,-622.03729,206.00522,-1025.8,-218.27444,-626.78314,207.04541,-1032.5847,-220.9816
-7,27,-24.23403,31.15913,-85.304802,36.836746,4.7319765,26.007429,-46.241646,55.705601,-620.21313,205.40111,-1022.7919,-217.63435,-624.94507,206.43825,-1029.5566,-220.33356
-6.9,27,-24.162752,31.067486,-85.053909,36.728401,4.7180586,25.930937,-46.105644,55.541759,-618.38898,204.79698,-1019.7837,-216.99425,-623.10699,205.83107,-1026.5286,-219.68552
-6.8,27,-24.091476,30.975842,-84.803009,36.62006,4.7041411,25.854445,-45.969639,55.377918,-616.56482,204.19286,-1016.7755,-216.35414,-621.26892,205.22391,-1023.5004,-219.03748
-6.7,27,-24.020199,30.884197,-84.552116,36.511715,4.6902237,25.77795,-45.833633,55.214081,-614.74066,203.58875,-1013.7672,-215.71405,-619.43085,204.61673,-1020.4723,-218.38943
-6.6,27,-23.948923,30.792553,-84.301216,36.40337,4.6763058,25.701458,-45.697628,55.05024,-612.9165,202.98462,-1010.759,-215.07394,-617.59277,204.00955,-1017.4442,-217.74139
-6.5,27,-23.877645,30.700909,-84.050323,36.295029,4.6623883,25.624966,-45.561623,54.886398,-611.09235,202.38049,-1007.7508,-214.43384,-615.7547,203.40239,-1014.4161,-217.09337
-6.4,27,-23.80637,30.609264,-83.799423,36.186684,4.6484709,25.548473,-45.425617,54.722561,-609.26819,201.77638,-1004.7426,-213.79375,-613.91663,202.79521,-1011.3879,-216.44533
-6.3,27,-23.735094,30.51762,-83.548531,36.078342,4.6345534,25.471981,-45.289612,54.55872,-607.44403,201.17226,-1001.7344,-213.15364,-612.07855,202.18805,-1008.3599,-215.79729
-6.2,27,-23.663816,30.425974,-83.29763,35.969997,4.6206355,25.395489,-45.153606,54.394878,-605.61987,200.56813,-998.7262,-212.51353,-610.24048,201.58087,-1005.3317,-215.14925
-6.1,27,-23.592541,30.33433,-83.046738,35.861656,4.6067181,25.318996,-45.017605,54.231041,-603.79572,199.96402,-995.71796,-211.87344,-608.4024,200.97371,-1002.3036,-214.50121
-6,27,-23.521263,30.242685,-82.795837,35.753311,4.5928006,25.242504,-44.881599,54.0672,-601.97156,199.35989,-992.70978,-211.23334,-606.56433,200.36653,-999.27551,-213.85316
-5.9,27,-23.449987,30.151041,-82.544945,35.64497,4.5788832,25.166012,-44.745594,53.903358,-600.1474,198.75577,-989.70154,-210.59323,-604.72626,199.75937,-996.24744,-213.20512
-5.8,27,-23.37871,30.059397,-82.294044,35.536625,4.5649652,25.08952,-44.609589,53.739521,-598.32324,198.15166,-986.69336,-209.95314,-602.88818,199.15219,-993.2193,-212.55708
-5.7,27,-23.307434,29.967752,-82.043152,35.42828,4.5510478,25.013027,-44.473583,53.57568,-596.49908,197.54753,-983.68512,-209.31303,-601.05011,198.54501,-990.19122,-211.90904
-5.6,27,-23.236156,29.876108,-81.792252,35.319939,4.5371304,24.936535,-44.337578,53.411839,-594.67493,196.94341,-980.67688,-208.67293,-599.21204,197.93785,-987.16309,-211.261
-5.5,27,-23.164881,29.784464,-81.541359,35.211594,4.5232124,24.860043,-44.201576,53.248001,-592.85077,196.33929,-977.6687,-208.03284,-597.37396,197.33067,-984.13501,-210.61296
-5.4,27,-23.093603,29.69282,-81.290459,35.103252,4.509295,24.78355,-44.065571,53.08416,-591.02661,195.73517,-974.66052,-207.39273,-595.53589,196.72351,-981.10687,-209.96492
-5.3,27,-23.022327,29.601175,-81.039566,34.994907,4.4953775,24.707058,-43.929565,52.920319,-589.20245,195.13104,-971.65228,-206.75264,-593.69781,196.11633,-978.0788,-209.31688
-5.2,27,-22.951052,29.509529,-80.788666,34.886566,4.4814601,24.630564,-43.79356,52.756481,-587.3783,194.52693,-968.64404,-206.11253,-591.85974,195.50916,-975.05066,-208.66884
-5.1,27,-22.879774,29.417885,-80.537773,34.778221,4.4675422,24.554071,-43.657555,52.59264,-585.55414,193.92281,-965.63586,-205.47243,-590.02167,194.90199,-972.02258,-208.0208
-5,27,-22.808498,29.326241,-80.286873,34.669876,4.4536247,24.477579,-43.521549,52.428799,-583.72998,193.31868,-962.62762,-204.83232,-588.18359,194.29482,-968.99445,-207.37276
-4.9,27,-22.737221,29.234596,-80.03598,34.561535,4.4397073,24.401087,-43.385544,52.264961,-581.90582,192.71457,-959.61945,-204.19223,-586.34552,193.68765,-965.96637,-206.72472
-4.8,27,-22.665945,29.142952,-79.78508,34.45319,4.4257898,24.324594,-43.249542,52.10112,-580.08167,192.11044,-956.61121,-203.55212,-584.50745,193.08047,-962.93823,-206.07669
-4.7,27,-22.594667,29.051308,-79.534187,34.344849,4.4118719,24.248102,-43.113537,51.937279,-578.25751,191.50632,-953.60303,-202.91202,-582.66937,192.4733,-959.91016,-205.42863
-4.6,27,-22.523392,28.959663,-79.283287,34.236504,4.3979545,24.17161,-42.977531,51.773441,-576.43335,190.90221,-950.59479,-202.27193,-580.8313,191.86613,-956.88202,-204.78061
-4.5,27,-22.452114,28.868019,-79.032394,34.128162,4.384037,24.095118,-42.841526,51.6096,-574.60919,190.29808,-947.58661,-201.63182,-578.99323,191.25896,-953.85394,-204.13257
-4.4,27,-22.380838,28.776375,-78.781494,34.019817,4.3701191,24.018625,-42.705521,51.445759,-572.78503,189.69395,-944.57837,-200.99173,-577.15515,190.65179,-950.82581,-203.48453
-4.3,27,-22.309563,28.684729,-78.530602,33.911476,4.3562016,23.942133,-42.569515,51.281921,-570.96088,189.08984,-941.57019,-200.35162,-575.31708,190.04462,-947.79773,-202.83649
-4.2,27,-22.238285,28.593084,-78.279701,33.803131,4.3422842,23.865641,-42.43351,51.11808,-569.13672,188.48572,-938.56195,-199.71152,-573.479,189.43745,-944.76959,-202.18845
-4.1,27,-22.167009,28.50144,-78.028809,33.694786,4.3283668,23.789148,-42.297508,50.954239,-567.31256,187.88159,-935.55371,-199.07141,-571.64093,188.83028,-941.74152,-201.54041
-4,27,-22.095732,28.409796,-77.777908,33.586445,4.3144488,23.712656,-42.161503,50.790401,-565.4884,187.27748,-932.54553,-198.43132,-569.80286,188.2231,-938.71338,-200.89236
-3.9,27,-22.024456,28.318151,-77.527016,33.4781,4.3005314,23.636164,-42.025497,50.62656,-563.66425,186.67336,-929.53729,-197.79121,-567.96478,187.61594,-935.6853,-200.24432
-3.8,27,-21.953178,28.226507,-77.276115,33.369759,4.2866139,23.559671,-41.889492,50.462719,-561.84009,186.06923,-926.52911,-197.15112,-566.12671,187.00876,-932.65717,-199.59628
-3.7,27,-21.881903,28.134863,-77.025223,33.261414,4.272696,23.483179,-41.753487,50.298882,-560.01593,185.46512,-923.52087,-196.51102,-564.28864,186.4016,-929.62909,-198.94824
-3.6,27,-21.810625,28.043219,-76.774323,33.153072,4.2587786,23.406685,-41.617481,50.13504,-558.19177,184.86099,-920.5127,-195.87091,-562.45056,185.79442,-926.60095,-198.3002
-3.5,27,-21.739349,27.951572,-76.52343,33.044727,4.2448611,23.330193,-41.481476,49.971199,-556.36761,184.25687,-917.50446,-195.23082,-560.61249,185.18726,-923.57281,-197.65216
-3.4,27,-21.668074,27.859928,-76.27253,32.936382,4.2309437,23.2537,-41.345474,49.807362,-554.54352,183.65276,-914.49628,-194.59071,-558.77441,184.58008,-920.54474,-197.00412
-3.3,27,-21.596796,27.768284,-76.021637,32.828041,4.2170258,23.177208,-41.209469,49.64352,-552.7193,183.04863,-911.48804,-193.95061,-556.93634,183.9729,-917.5166,-196.35608
-3.2,27,-21.52552,27.67664,-75.770737,32.719696,4.2031083,23.100716,-41.073463,49.479679,-550.8952,182.4445,-908.47986,-193.31052,-555.09827,183.36574,-914.48853,-195.70804
-3.1,27,-21.454243,27.584995,-75.519836,32.611355,4.1891909,23.024223,-40.937458,49.315838,-549.07104,181.84039,-905.47162,-192.67041,-553.26019,182.75856,-911.46039,-195.06
-3,27,-21.382967,27.493351,-75.268944,32.50301,4.1752734,22.947731,-40.801453,49.152,-547.24689,181.23627,-902.46344,-192.0303,-551.42212,182.1514,-908.43231,-194.41197
-2.9,27,-21.311689,27.401707,-75.018051,32.394669,4.1613555,22.871239,-40.665447,48.988159,-545.42273,180.63214,-899.4552,-191.39021,-549.58405,181.54422,-905.40417,-193.76393
-2.8,27,-21.240414,27.310062,-74.767151,32.286324,4.147438,22.794746,-40.529442,48.824318,-543.59857,180.02803,-896.44702,-190.75011,-547.74597,180.93706,-902.3761,-193.11589
-2.7,27,-21.169138,27.218418,-74.516258,32.177982,4.1335206,22.718254,-40.39344,48.66048,-541.77441,179.4239,-893.43878,-190.11,-545.9079,180.32988,-899.34796,-192.46785
-2.6,27,-21.09786,27.126772,-74.265358,32.069637,4.1196027,22.641762,-40.257435,48.496639,-539.95026,178.81978,-890.43054,-189.46991,-544.06982,179.7227,-896.31989,-191.81981
-2.5,27,-21.026585,27.035128,-74.014465,31.961294,4.1056852,22.565269,-40.121429,48.332798,-538.1261,178.21567,-887.42236,-188.8298,-542.23175,179.11554,-893.29175,-191.17177
-2.4,27,-20.955307,26.943483,-73.763565,31.852951,4.0917678,22.488777,-39.985424,48.168961,-536.30194,177.61154,-884.41412,-188.1897,-540.39368,178.50836,-890.26367,-190.52373
-2.3,27,-20.884031,26.851839,-73.512665,31.744608,4.0778503,22.412285,-39.849419,48.005119,-534.47778,177.00742,-881.40594,-187.54961,-538.5556,177.9012,-887.23553,-189.87569
-2.2,27,-20.812754,26.760195,-73.261772,31.636263,4.0639324,22.335793,-39.713413,47.841278,-532.65363,176.40331,-878.39771,-186.9095,-536.71753,177.29402,-884.20746,-189.22765
-2.1,27,-20.741478,26.66855,-73.010872,31.52792,4.050015,22.259298,-39.577408,47.677441,-530.82947,175.79918,-875.38953,-186.26939,-534.87946,176.68684,-881.17932,-188.57961
-2,27,-20.6702,26.576906,-72.759979,31.419577,4.0360975,22.182806,-39.441406,47.513599,-529.00531,175.19505,-872.38129,-185.6293,-533.04138,176.07968,-878.15125,-187.93156
-1.9,27,-20.598925,26.485262,-72.509079,31.311234,4.0221796,22.106314,-39.305401,47.349758,-527.18115,174.59094,-869.37311,-184.9892,-531.20331,175.4725,-875.12311,-187.28352
-1.8,27,-20.527649,26.393618,-72.258186,31.20289,4.0082622,22.029821,-39.169395,47.185921,-525.35699,173.98682,-866.36487,-184.34909,-529.36523,174.86534,-872.09503,-186.63548
-1.7,27,-20.456371,26.301971,-72.007286,31.094547,3.9943447,21.953329,-39.03339,47.022079,-523.53284,173.38269,-863.35669,-183.709,-527.52716,174.25816,-869.06689,-185.98744
-1.6,27,-20.385096,26.210327,-71.756393,30.986204,3.980427,21.876837,-38.897385,46.858238,-521.70868,172.77858,-860.34845,-183.06889,-525.68909,173.651,-866.03882,-185.3394
-1.5,27,-20.313818,26.118683,-71.505493,30.877861,3.9665096,21.800344,-38.761379,46.694401,-519.88452,172.17445,-857.34027,-182.42879,-523.85101,173.04382,-863.01068,-184.69136
-1.4,27,-20.242542,26.027039,-71.254601,30.769516,3.9525919,21.723852,-38.625378,46.53056,-518.06036,171.57033,-854.33203,-181.7887,-522.01294,172.43665,-859.9826,-184.04332
-1.3,27,-20.171265,25.935394,-71.0037,30.661173,3.9386744,21.64736,-38.489372,46.366718,-516.23621,170.96622,-851.32379,-181.14859,-520.17487,171.82948,-856.95447,-183.39529
-1.2,27,-20.099989,25.84375,-70.752808,30.55283,3.9247568,21.570868,-38.353367,46.202881,-514.41205,170.36209,-848.31561,-180.50848,-518.33679,171.22231,-853.92639,-182.74725
-1.1,27,-20.028711,25.752106,-70.501907,30.444487,3.9108393,21.494375,-38.217361,46.03904,-512.58789,169.75797,-845.30737,-179.86839,-516.49872,170.61514,-850.89825,-182.09921
-1,27,-19.957436,25.660461,-70.251015,30.336143,3.8969216,21.417883,-38.081356,45.875198,-510.76373,169.15385,-842.29919,-179.22829,-514.66064,170.00797,-847.87018,-181.45117
-.9,27,-19.88616,25.568815,-70.000114,30.2278,3.883004,21.341391,-37.945351,45.711361,-508.93958,168.54973,-839.29095,-178.58818,-512.82257,169.4008,-844.84204,-180.80313
-.8,27,-19.814882,25.477171,-69.749222,30.119457,3.8690865,21.264898,-37.809345,45.54752,-507.11542,167.9456,-836.28278,-177.94809,-510.9845,168.79362,-841.81396,-180.15509
-.7,27,-19.743607,25.385527,-69.498322,30.011112,3.8551688,21.188406,-37.673344,45.383678,-505.29126,167.34149,-833.27454,-177.30798,-509.14642,168.18645,-838.78583,-179.50705
-.6,27,-19.672329,25.293882,-69.247429,29.902769,3.8412514,21.111912,-37.537338,45.219841,-503.4671,166.73737,-830.26636,-176.66788,-507.30835,167.57928,-835.75775,-178.85901
-.5,27,-19.601053,25.202238,-68.996529,29.794426,3.8273337,21.035419,-37.401333,45.056,-501.64294,166.13324,-827.25812,-176.02779,-505.47028,166.97211,-832.72961,-178.21097
-.4,27,-19.529776,25.110594,-68.745636,29.686083,3.8134162,20.958927,-37.265327,44.892159,-499.81879,165.52913,-824.24994,-175.38768,-503.6322,166.36494,-829.70148,-177.56293
-.3,27,-19.4585,25.01895,-68.494736,29.57774,3.7994986,20.882435,-37.129322,44.728321,-497.99466,164.925,-821.2417,-174.74757,-501.79413,165.75777,-826.6734,-176.91489
-.2,27,-19.387222,24.927305,-68.243843,29.469397,3.7855811,20.805943,-36.993317,44.56448,-496.1705,164.32088,-818.23352,-174.10748,-499.95605,165.15059,-823.64526,-176.26685
-.1,27,-19.315947,24.835661,-67.992943,29.361053,3.7716634,20.72945,-36.857311,44.400639,-494.34634,163.71677,-815.22528,-173.46738,-498.11798,164.54343,-820.61719,-175.6188
0,27,-19.244671,24.744015,-67.74205,29.25271,3.757746,20.652958,-36.72131,44.236801,-492.52219,163.11264,-812.2171,-172.82727,-496.27991,163.93625,-817.58905,-174.97076
.1,27,-19.173393,24.65237,-67.49115,29.144365,3.7438283,20.576466,-36.585304,44.07296,-490.69803,162.50851,-809.20886,-172.18718,-494.44183,163.32909,-814.56097,-174.32272
.2,27,-19.102118,24.560726,-67.240257,29.036022,3.7299106,20.499973,-36.449299,43.909119,-488.87387,161.9044,-806.20062,-171.54707,-492.60376,162.72191,-811.53284,-173.67468
.3,27,-19.03084,24.469082,-66.989357,28.927679,3.7159932,20.423481,-36.313293,43.745281,-487.04971,161.30028,-803.19244,-170.90697,-490.76569,162.11475,-808.50476,-173.02664
.4,27,-18.959564,24.377438,-66.738464,28.819336,3.7020755,20.346989,-36.177288,43.58144,-485.22556,160.69615,-800.1842,-170.26688,-488.92761,161.50757,-805.47662,-172.37862
.5,27,-18.888287,24.285793,-66.487564,28.710993,3.688158,20.270496,-36.041283,43.417599,-483.4014,160.09204,-797.17603,-169.62677,-487.08954,160.90039,-802.44855,-171.73058
.6,27,-18.817011,24.194149,-66.236671,28.60265,3.6742404,20.194004,-35.905277,43.253761,-481.57724,159.48792,-794.16779,-168.98666,-485.25146,160.29323,-799.42041,-171.08253
.7,27,-18.745733,24.102505,-65.985771,28.494307,3.6603229,20.117512,-35.769276,43.08992,-479.75308,158.88379,-791.15961,-168.34657,-483.41339,159.68605,-796.39233,-170.43449
.8,27,-18.674458,24.01086,-65.734879,28.385963,3.6464052,20.041019,-35.63327,42.926079,-477.92892,158.27968,-788.15137,-167.70647,-481.57532,159.07889,-793.3642,-169.78645
.9,27,-18.603182,23.919214,-65.483978,28.277618,3.6324878,19.964525,-35.497265,42.762241,-476.10477,157.67555,-785.14319,-167.06636,-479.73724,158.47171,-790.33612,-169.13841
1,27,-18.531904,23.82757,-65.233086,28.169275,3.6185701,19.888033,-35.361259,42.5984,-474.28061,157.07143,-782.13495,-166.42627,-477.89917,157.86455,-787.30798,-168.49037
1.1,27,-18.460629,23.735926,-64.982185,28.060932,3.6046524,19.811541,-35.225254,42.434559,-472.45645,156.46732,-779.12677,-165.78616,-476.0611,157.25737,-784.27991,-167.84233
1.2,27,-18.389351,23.644281,-64.731293,27.952589,3.590735,19.735048,-35.089249,42.270721,-470.63229,155.86319,-776.11853,-165.14606,-474.22302,156.65019,-781.25177,-167.19429
1.3,27,-18.318075,23.552637,-64.480392,27.844246,3.5768173,19.658556,-34.953247,42.10688,-468.80814,155.25906,-773.11035,-164.50597,-472.38495,156.04303,-778.22369,-166.54625
1.4,27,-18.246798,23.460993,-64.2295,27.735903,3.5628998,19.582064,-34.817242,41.943039,-466.98398,154.65495,-770.10211,-163.86586,-470.54688,155.43585,-775.19556,-165.89821
1.5,27,-18.175522,23.369349,-63.978603,27.62756,3.5489821,19.505571,-34.681236,41.779202,-465.15982,154.05083,-767.09393,-163.22577,-468.7088,154.82869,-772.16748,-165.25017
1.6,27,-18.104244,23.277704,-63.727707,27.519217,3.5350647,19.429079,-34.545231,41.61536,-463.33566,153.4467,-764.08569,-162.58566,-466.87073,154.22151,-769.13934,-164.60213
1.7,27,-18.032969,23.18606,-63.47681,27.410872,3.521147,19.352587,-34.409225,41.451519,-461.51151,152.84259,-761.07745,-161.94556,-465.03265,153.61433,-766.11127,-163.95409
1.8,27,-17.961693,23.094414,-63.225914,27.302528,3.5072296,19.276094,-34.27322,41.287682,-459.68738,152.23846,-758.06927,-161.30547,-463.19458,153.00717,-763.08313,-163.30605
1.9,27,-17.890415,23.002769,-62.975018,27.194185,3.4933119,19.199602,-34.137215,41.12384,-457.86322,151.63434,-755.06104,-160.66536,-461.35651,152.39999,-760.05505,-162.658
2,27,-17.819139,22.911125,-62.724121,27.085842,3.4793944,19.12311,-34.001213,40.959999,-456.03906,151.03023,-752.05286,-160.02525,-459.51843,151.79283,-757.02692,-162.00996
2.1,27,-17.747862,22.819481,-62.473225,26.977499,3.4654768,19.046618,-33.865208,40.796162,-454.2149,150.4261,-749.04462,-159.38516,-457.68036,151.18565,-753.99884,-161.36194
2.2,27,-17.676586,22.727837,-62.222328,26.869156,3.4515591,18.970125,-33.729202,40.63232,-452.39075,149.82198,-746.03644,-158.74506,-455.84229,150.57849,-750.9707,-160.7139
2.3,27,-17.605309,22.636192,-61.971432,26.760813,3.4376416,18.893633,-33.593197,40.468479,-450.56659,149.21786,-743.0282,-158.10495,-454.00421,149.97131,-747.94263,-160.06586
2.4,27,-17.534033,22.544548,-61.720535,26.652468,3.4237239,18.817139,-33.457191,40.304638,-448.74243,148.61374,-740.02002,-157.46486,-452.16614,149.36414,-744.91449,-159.41782
2.5,27,-17.462755,22.452904,-61.469639,26.544125,3.4098065,18.740646,-33.321186,40.1408,-446.91827,148.00961,-737.01178,-156.82475,-450.32806,148.75697,-741.88635,-158.76978
2.6,27,-17.391479,22.361259,-61.218742,26.435781,3.3958888,18.664154,-33.185181,39.976959,-445.09412,147.4055,-734.0036,-156.18465,-448.48999,148.1498,-738.85828,-158.12173
2.7,27,-17.320204,22.269613,-60.967846,26.327438,3.3819714,18.587662,-33.049179,39.813118,-443.26996,146.80138,-730.99536,-155.54456,-446.65192,147.54263,-735.83014,-157.47369
2.8,27,-17.248926,22.177969,-60.716949,26.219095,3.3680537,18.511169,-32.913174,39.649281,-441.4458,146.19725,-727.98718,-154.90445,-444.81384,146.93546,-732.80206,-156.82565
2.9,27,-17.17765,22.086325,-60.466053,26.110752,3.3541362,18.434677,-32.777168,39.485439,-439.62164,145.59314,-724.97894,-154.26434,-442.97577,146.32828,-729.77393,-156.17761
3,27,-17.106373,21.99468,-60.215157,26.002409,3.3402185,18.358185,-32.641163,39.321598,-437.79749,144.98901,-721.9707,-153.62425,-441.1377,145.72112,-726.74585,-155.52957
3.1,27,-17.035097,21.903036,-59.96426,25.894066,3.3263011,18.281693,-32.505157,39.157761,-435.97333,144.38489,-718.96252,-152.98415,-439.29962,145.11394,-723.71771,-154.88153
3.2,27,-16.96382,21.811392,-59.713364,25.785721,3.3123834,18.2052,-32.369152,38.993919,-434.14917,143.78078,-715.95428,-152.34404,-437.46155,144.50677,-720.68964,-154.23349
3.3,27,-16.892544,21.719748,-59.462467,25.677378,3.2984657,18.128708,-32.233147,38.830078,-432.32501,143.17665,-712.94611,-151.70395,-435.62347,143.8996,-717.6615,-153.58545
3.4,27,-16.821266,21.628103,-59.211571,25.569035,3.2845483,18.052216,-32.097145,38.666241,-430.50085,142.57253,-709.93787,-151.06384,-433.7854,143.29243,-714.63342,-152.93741
3.5,27,-16.74999,21.536459,-58.960674,25.460691,3.2706306,17.975723,-31.961138,38.502399,-428.6767,141.96841,-706.92969,-150.42374,-431.94733,142.68526,-711.60529,-152.28937
3.6,27,-16.678715,21.444813,-58.709778,25.352348,3.2567132,17.899231,-31.825134,38.338558,-426.85254,141.36429,-703.92145,-149.78365,-430.10925,142.07809,-708.57721,-151.64133
3.7,27,-16.607437,21.353168,-58.458881,25.244005,3.2427955,17.822739,-31.689129,38.174721,-425.02838,140.76016,-700.91327,-149.14354,-428.27118,141.47092,-705.54907,-150.99329
3.8,27,-16.536161,21.261524,-58.207985,25.135662,3.228878,17.746246,-31.553123,38.01088,-423.20425,140.15605,-697.90503,-148.50343,-426.43311,140.86374,-702.521,-150.34526
3.9,27,-16.464884,21.16988,-57.957088,25.027319,3.2149603,17.669752,-31.41712,37.847038,-421.3801,139.55193,-694.89685,-147.86334,-424.59503,140.25658,-699.49286,-149.69722
4,27,-16.393608,21.078236,-57.706192,24.918974,3.2010429,17.59326,-31.281115,37.683201,-419.55594,138.9478,-691.88861,-147.22324,-422.75696,139.6494,-696.46478,-149.04918
4.1,27,-16.32233,20.986591,-57.455296,24.810631,3.1871252,17.516768,-31.145109,37.51936,-417.73178,138.34369,-688.88043,-146.58313,-420.91888,139.04224,-693.43665,-148.40114
4.2,27,-16.251055,20.894947,-57.204399,24.702288,3.1732078,17.440275,-31.009106,37.355518,-415.90762,137.73956,-685.87219,-145.94304,-419.08084,138.43506,-690.40857,-147.7531
4.3,27,-16.179777,20.803303,-56.953499,24.593945,3.1592901,17.363783,-30.8731,37.191681,-414.08347,137.13544,-682.86395,-145.30293,-417.24274,137.82788,-687.38043,-147.10506
4.4,27,-16.108501,20.711657,-56.702602,24.485601,3.1453724,17.287291,-30.737095,37.02784,-412.25931,136.53133,-679.85577,-144.66283,-415.40466,137.22072,-684.35236,-146.45702
4.5,27,-16.037226,20.620012,-56.45171,24.377258,3.1314549,17.210798,-30.601089,36.863998,-410.43515,135.9272,-676.84753,-144.02274,-413.56659,136.61354,-681.32422,-145.80898
4.6,27,-15.965948,20.528368,-56.200813,24.268915,3.1175373,17.134306,-30.465086,36.700161,-408.61099,135.32307,-673.83936,-143.38263,-411.72852,136.00638,-678.29614,-145.16093
4.7,27,-15.894672,20.436724,-55.949917,24.160572,3.1036198,17.057814,-30.329081,36.53632,-406.78683,134.71896,-670.83112,-142.74252,-409.89047,135.3992,-675.26801,-144.51289
4.8,27,-15.823395,20.345079,-55.699017,24.052227,3.0897021,16.981321,-30.193075,36.372478,-404.96268,134.11484,-667.82294,-142.10243,-408.05237,134.79202,-672.23993,-143.86485
4.9,27,-15.752119,20.253435,-55.44812,23.943884,3.0757847,16.904829,-30.05707,36.208641,-403.13852,133.51071,-664.8147,-141.46233,-406.21429,134.18486,-669.21179,-143.21681
5,27,-15.680842,20.161791,-55.197227,23.835541,3.061867,16.828337,-29.921066,36.0448,-401.31436,132.9066,-661.80652,-140.82222,-404.37622,133.57768,-666.18372,-142.56877
5.1,27,-15.609566,20.070147,-54.946331,23.727198,3.0479496,16.751844,-29.785061,35.880959,-399.4902,132.30247,-658.79828,-140.18213,-402.53815,132.97052,-663.15558,-141.92073
5.2,27,-15.538289,19.978502,-54.695435,23.618855,3.0340319,16.675352,-29.649057,35.717121,-397.66605,131.69835,-655.7901,-139.54202,-400.70007,132.36334,-660.1275,-141.27269
5.3,27,-15.467012,19.886856,-54.444534,23.510511,3.0201142,16.598858,-29.513052,35.55328,-395.84189,131.09424,-652.78186,-138.90192,-398.862,131.75618,-657.09937,-140.62465
5.4,27,-15.395736,19.795212,-54.193638,23.402168,3.0061967,16.522366,-29.377047,35.389439,-394.01773,130.49011,-649.77368,-138.26183,-397.02393,131.149,-654.07123,-139.97661
5.5,27,-15.324459,19.703568,-53.942741,23.293825,2.9922791,16.445873,-29.241041,35.225601,-392.19357,129.88599,-646.76544,-137.62172,-395.18585,130.54182,-651.04315,-139.32857
5.6,27,-15.253183,19.611923,-53.691849,23.18548,2.9783616,16.369381,-29.105038,35.06176,-390.36942,129.28188,-643.75726,-136.98161,-393.34778,129.93466,-648.01508,-138.68054
5.7,27,-15.181907,19.520279,-53.440952,23.077137,2.9644439,16.292889,-28.969032,34.897919,-388.54529,128.67775,-640.74902,-136.34152,-391.5097,129.32748,-644.98694,-138.0325
5.8,27,-15.11063,19.428635,-53.190052,22.968794,2.9505265,16.216396,-28.833027,34.734081,-386.7211,128.07362,-637.74078,-135.70142,-389.67163,128.72032,-641.9588,-137.38446
5.9,27,-15.039353,19.33699,-52.939156,22.860451,2.9366088,16.139904,-28.697021,34.57024,-384.89697,127.46951,-634.7326,-135.06131,-387.83356,128.11314,-638.93073,-136.73642
6,27,-14.968077,19.245346,-52.688259,22.752108,2.9226913,16.063412,-28.561018,34.406399,-383.07281,126.86539,-631.72437,-134.42122,-385.99548,127.50597,-635.90259,-136.08838
6.1,27,-14.8968,19.153702,-52.437363,22.643764,2.9087737,15.986919,-28.425013,34.242561,-381.24866,126.26127,-628.71619,-133.78111,-384.15741,126.8988,-632.87451,-135.44034
6.2,27,-14.825523,19.062057,-52.18647,22.535421,2.8948562,15.910427,-28.289007,34.07872,-379.4245,125.65714,-625.70795,-133.14102,-382.31934,126.29163,-629.84637,-134.7923
6.3,27,-14.754247,18.970411,-51.93557,22.427076,2.8809385,15.833935,-28.153002,33.914879,-377.60034,125.05302,-622.69977,-132.50092,-380.48126,125.68446,-626.8183,-134.14426
6.4,27,-14.68297,18.878767,-51.684673,22.318733,2.8670208,15.757442,-28.016998,33.751041,-375.77618,124.4489,-619.69153,-131.86081,-378.64319,125.07729,-623.79016,-133.49622
6.5,27,-14.611694,18.787123,-51.433777,22.21039,2.8531034,15.680949,-27.880993,33.5872,-373.95203,123.84478,-616.68335,-131.2207,-376.80511,124.47012,-620.76208,-132.84818
6.6,27,-14.540418,18.695478,-51.18288,22.102047,2.8391857,15.604457,-27.744989,33.423359,-372.12787,123.24066,-613.67511,-130.58061,-374.96704,123.86295,-617.73395,-132.20013
6.7,27,-14.469141,18.603834,-50.931988,21.993704,2.8252683,15.527965,-27.608984,33.259521,-370.30371,122.63654,-610.66693,-129.94051,-373.12897,123.25578,-614.70587,-131.55209
6.8,27,-14.397864,18.51219,-50.681087,21.885361,2.8113506,15.451472,-27.472979,33.09568,-368.47955,122.03242,-607.65869,-129.3004,-371.29089,122.64861,-611.67773,-130.90405
6.9,27,-14.326588,18.420546,-50.430191,21.777018,2.7974331,15.37498,-27.336973,32.931839,-366.6554,121.4283,-604.65051,-128.66031,-369.45282,122.04144,-608.64966,-130.25601
7,27,-14.255311,18.328901,-50.179295,21.668674,2.7835155,15.298488,-27.20097,32.768002,-364.83124,120.82418,-601.64227,-128.0202,-367.61475,121.43427,-605.62152,-129.60797
7.1,27,-14.184034,18.237257,-49.928398,21.560331,2.769598,15.221995,-27.064964,32.60416,-363.00708,120.22005,-598.63409,-127.3801,-365.77667,120.8271,-602.59344,-128.95993
7.2,27,-14.112758,18.145611,-49.677502,21.451986,2.7556803,15.145503,-26.928959,32.440319,-361.18292,119.61594,-595.62585,-126.74001,-363.9386,120.21992,-599.56531,-128.3119
7.3,27,-14.041481,18.053967,-49.426605,21.343643,2.7417626,15.06901,-26.792953,32.276478,-359.35876,119.01181,-592.61761,-126.0999,-362.10052,119.61275,-596.53723,-127.66386
7.4,27,-13.970204,17.962322,-49.175709,21.2353,2.7278452,14.992517,-26.65695,32.11264,-357.53461,118.40769,-589.60944,-125.4598,-360.26245,119.00558,-593.50909,-127.01582
7.5,27,-13.898929,17.870678,-48.924812,21.126957,2.7139275,14.916025,-26.520945,31.948799,-355.71045,117.80357,-586.6012,-124.8197,-358.42438,118.39841,-590.48102,-126.36777
7.6,27,-13.827652,17.779034,-48.673916,21.018614,2.7000101,14.839533,-26.384939,31.78496,-353.88629,117.19946,-583.59302,-124.1796,-356.5863,117.79124,-587.45288,-125.71974
7.7,27,-13.756375,17.687389,-48.423019,20.910271,2.6860924,14.763041,-26.248936,31.62112,-352.06216,116.59533,-580.58478,-123.5395,-354.74823,117.18407,-584.4248,-125.0717
7.8,27,-13.685099,17.595745,-48.172123,20.801926,2.6721749,14.686548,-26.11293,31.457279,-350.23798,115.99121,-577.5766,-122.8994,-352.91016,116.57689,-581.39667,-124.42365
7.9,27,-13.613822,17.504101,-47.921227,20.693583,2.6582572,14.610056,-25.976925,31.29344,-348.41385,115.38709,-574.56836,-122.25929,-351.07208,115.96972,-578.36859,-123.77562
8,27,-13.542545,17.412455,-47.67033,20.585239,2.6443398,14.533563,-25.840921,31.129601,-346.58969,114.78297,-571.56018,-121.61919,-349.23401,115.36255,-575.34045,-123.12758
8.1,27,-13.471269,17.32081,-47.419434,20.476896,2.6304221,14.45707,-25.704916,30.965759,-344.7655,114.17885,-568.55194,-120.97909,-347.39594,114.75538,-572.31232,-122.47954
8.199999999999999,27,-13.399993,17.229166,-47.168537,20.368553,2.6165047,14.380578,-25.568911,30.80192,-342.94138,113.57473,-565.54376,-120.339,-345.55786,114.14821,-569.28424,-121.8315
8.300000000000001,27,-13.328715,17.137522,-46.917641,20.26021,2.602587,14.304086,-25.432905,30.638079,-341.11722,112.9706,-562.53552,-119.69889,-343.71979,113.54103,-566.2561,-121.18346
8.4,27,-13.25744,17.045877,-46.666748,20.151867,2.5886695,14.227593,-25.296902,30.474241,-339.29306,112.36649,-559.52734,-119.05879,-341.88174,112.93387,-563.22803,-120.53542
8.5,27,-13.186163,16.954233,-46.415848,20.043524,2.5747519,14.151101,-25.160896,30.3104,-337.4689,111.76237,-556.5191,-118.41869,-340.04364,112.32669,-560.19995,-119.88737
8.6,27,-13.114886,16.862589,-46.164951,19.935179,2.5608342,14.074608,-25.024891,30.146559,-335.64474,111.15824,-553.51086,-117.77859,-338.20557,111.71952,-557.17181,-119.23933
8.699999999999999,27,-13.04361,16.770945,-45.914055,19.826838,2.5469167,13.998116,-24.888887,29.982719,-333.82059,110.55412,-550.50269,-117.13849,-336.36749,111.11235,-554.14374,-118.5913
8.800000000000001,27,-12.972333,16.679298,-45.663158,19.718493,2.532999,13.921623,-24.752882,29.81888,-331.99643,109.95,-547.49445,-116.49838,-334.52942,110.50518,-551.1156,-117.94326
8.9,27,-12.901057,16.587656,-45.412262,19.610149,2.5190816,13.845132,-24.616877,29.655041,-330.17227,109.34589,-544.48627,-115.85829,-332.69138,109.89801,-548.08752,-117.29522
9,27,-12.82978,16.49601,-45.161366,19.501806,2.5051639,13.768639,-24.480871,29.491199,-328.34811,108.74176,-541.47803,-115.21819,-330.85327,109.29083,-545.05939,-116.64718
9.1,27,-12.758503,16.404366,-44.910469,19.393463,2.4912462,13.692146,-24.344866,29.32736,-326.52396,108.13763,-538.46985,-114.57808,-329.0152,108.68366,-542.03125,-115.99914
9.199999999999999,27,-12.687227,16.312721,-44.659573,19.28512,2.4773288,13.615654,-24.208862,29.163521,-324.6998,107.53352,-535.46161,-113.93798,-327.17712,108.07649,-539.00317,-115.3511
9.300000000000001,27,-12.615951,16.221077,-44.408676,19.176777,2.4634111,13.539162,-24.072857,28.99968,-322.87564,106.9294,-532.45343,-113.29788,-325.33905,107.46932,-535.97504,-114.70306
9.4,27,-12.544674,16.129433,-44.15778,19.068434,2.4494936,13.462669,-23.936853,28.83584,-321.05151,106.32528,-529.44519,-112.65778,-323.50101,106.86215,-532.94696,-114.05502
9.5,27,-12.473397,16.037788,-43.906883,18.960089,2.435576,13.386176,-23.800848,28.671999,-319.22733,105.72115,-526.43701,-112.01768,-321.6629,106.25498,-529.91882,-113.40698
9.6,27,-12.402121,15.946143,-43.655987,18.851746,2.4216583,13.309684,-23.664843,28.50816,-317.40317,105.11703,-523.42877,-111.37758,-319.82483,105.6478,-526.89075,-112.75893
9.699999999999999,27,-12.330844,15.854499,-43.40509,18.743402,2.4077408,13.233191,-23.528839,28.34432,-315.57904,104.51292,-520.42059,-110.73748,-317.98676,105.04063,-523.86261,-112.1109
9.800000000000001,27,-12.259567,15.762855,-43.154194,18.635059,2.3938234,13.156699,-23.392834,28.180479,-313.75485,103.90879,-517.41235,-110.09737,-316.14868,104.43346,-520.83453,-111.46286
9.9,27,-12.188292,15.67121,-42.903297,18.526716,2.3799057,13.080207,-23.256828,28.01664,-311.93073,103.30467,-514.40417,-109.45728,-314.31064,103.82629,-517.8064,-110.81482
10,27,-12.117015,15.579565,-42.652401,18.418373,2.3659883,13.003715,-23.120823,27.8528,-310.10657,102.70055,-511.39594,-108.81718,-312.47253,103.21912,-514.77832,-110.16678
10.1,27,-12.045737,15.487921,-42.401505,18.310028,2.3520706,12.927221,-22.984818,27.688959,-308.28238,102.09643,-508.38773,-108.17707,-310.63446,102.61195,-511.75018,-109.51874
10.2,27,-11.974462,15.396276,-42.150608,18.201687,2.3381531,12.85073,-22.848814,27.52512,-306.45825,101.49231,-505.37952,-107.53697,-308.79639,102.00478,-508.72211,-108.8707
10.3,27,-11.903185,15.304632,-41.899712,18.093342,2.3242354,12.774237,-22.712809,27.36128,-304.63409,100.88818,-502.37131,-106.89687,-306.95831,101.39761,-505.69397,-108.22266
10.4,27,-11.831908,15.212988,-41.648815,17.984999,2.310318,12.697745,-22.576805,27.197441,-302.80994,100.28407,-499.3631,-106.25677,-305.12027,100.79044,-502.66589,-107.57462
10.5,27,-11.760632,15.121343,-41.397919,17.876656,2.2964003,12.621252,-22.4408,27.0336,-300.98578,99.679947,-496.35489,-105.61667,-303.28217,100.18327,-499.63776,-106.92658
10.6,27,-11.689355,15.029698,-41.147022,17.768312,2.2824826,12.54476,-22.304794,26.869759,-299.16162,99.075821,-493.34665,-104.97656,-301.44409,99.576096,-496.60965,-106.27854
10.7,27,-11.618078,14.938054,-40.896126,17.659969,2.2685652,12.468267,-22.168791,26.705921,-297.33746,98.471703,-490.33847,-104.33647,-299.60602,98.968925,-493.58154,-105.6305
10.8,27,-11.546802,14.846409,-40.645229,17.551626,2.2546475,12.391775,-22.032785,26.54208,-295.51331,97.867584,-487.33023,-103.69637,-297.76794,98.361748,-490.55344,-104.98246
10.9,27,-11.475526,14.754766,-40.394333,17.443283,2.24073,12.315283,-21.89678,26.378241,-293.68915,97.263466,-484.32205,-103.05627,-295.9299,97.754585,-487.52536,-104.33443
11,27,-11.404249,14.66312,-40.143436,17.334938,2.2268124,12.23879,-21.760775,26.214399,-291.86499,96.65934,-481.31381,-102.41616,-294.0918,97.147408,-484.49722,-103.68638
11.1,27,-11.332973,14.571476,-39.89254,17.226595,2.2128947,12.162297,-21.624769,26.05056,-290.04083,96.055222,-478.3056,-101.77606,-292.25372,96.540237,-481.46912,-103.03834
11.2,27,-11.261696,14.479832,-39.641644,17.118252,2.1989772,12.085805,-21.488766,25.886721,-288.21667,95.451103,-475.29739,-101.13596,-290.41565,95.933067,-478.44101,-102.3903
11.3,27,-11.190419,14.388186,-39.390747,17.009909,2.1850595,12.009313,-21.35276,25.722879,-286.39252,94.846977,-472.28918,-100.49586,-288.57758,95.325897,-475.4129,-101.74226
11.4,27,-11.119143,14.296543,-39.139851,16.901566,2.1711421,11.93282,-21.216757,25.55904,-284.56839,94.242859,-469.28098,-99.855759,-286.73953,94.718727,-472.3848,-101.09422
11.5,27,-11.047866,14.204898,-38.888954,16.793222,2.1572244,11.856328,-21.080751,25.395201,-282.7442,93.638741,-466.27277,-99.21566,-284.90143,94.111549,-469.35669,-100.44618
11.6,27,-10.976589,14.113253,-38.638058,16.684879,2.1433067,11.779835,-20.944746,25.231359,-280.92004,93.034615,-463.26456,-98.575554,-283.06335,93.504379,-466.32858,-99.798141
11.7,27,-10.905313,14.021609,-38.387161,16.576536,2.1293893,11.703343,-20.808741,25.06752,-279.09592,92.430496,-460.25635,-97.935455,-281.22528,92.897209,-463.30048,-99.150101
11.8,27,-10.834036,13.929964,-38.136265,16.468191,2.1154718,11.62685,-20.672735,24.903679,-277.27173,91.82637,-457.24814,-97.295357,-279.38721,92.290039,-460.27237,-98.50206
11.9,27,-10.76276,13.83832,-37.885368,16.35985,2.1015542,11.550359,-20.536732,24.739841,-275.4476,91.22226,-454.23993,-96.655258,-277.54913,91.682869,-457.24426,-97.854027
12,27,-10.691483,13.746675,-37.634472,16.251505,2.0876367,11.473866,-20.400726,24.576,-273.62344,90.618134,-451.23172,-96.015152,-275.71106,91.075699,-454.21616,-97.205986
12.1,27,-10.620207,13.65503,-37.383575,16.143162,2.073719,11.397373,-20.264721,24.412159,-271.79926,90.014008,-448.22348,-95.375053,-273.87299,90.468521,-451.18802,-96.557938
12.2,27,-10.54893,13.563387,-37.132679,16.034819,2.0598016,11.320881,-20.128717,24.24832,-269.97513,89.409889,-445.2153,-94.734955,-272.03491,89.861359,-448.15994,-95.909904
12.3,27,-10.477654,13.471742,-36.881783,15.926475,2.0458839,11.244389,-19.992712,24.08448,-268.15097,88.805771,-442.20706,-94.094849,-270.19684,89.254181,-445.13184,-95.261864
12.4,27,-10.406378,13.380097,-36.630886,15.818132,2.0319664,11.167896,-19.856709,23.920641,-266.32681,88.201653,-439.19888,-93.45475,-268.35876,88.647011,-442.10373,-94.613823
12.5,27,-10.3351,13.288453,-36.37999,15.709788,2.0180488,11.091403,-19.720703,23.7568,-264.50266,87.597527,-436.19064,-92.814651,-266.52069,88.039841,-439.07562,-93.965782
12.6,27,-10.263824,13.196808,-36.129093,15.601444,2.0041311,11.014911,-19.584698,23.592958,-262.6785,86.993408,-433.18243,-92.174545,-264.68262,87.432663,-436.04749,-93.317741
12.7,27,-10.192548,13.105164,-35.878197,15.493102,1.9902136,10.938418,-19.448692,23.429121,-260.85434,86.38929,-430.17422,-91.534447,-262.84454,86.8255,-433.01941,-92.669708
12.8,27,-10.121271,13.013519,-35.6273,15.384758,1.9762959,10.861926,-19.312687,23.26528,-259.03018,85.785164,-427.16602,-90.894348,-261.00647,86.218323,-429.99127,-92.02166
12.9,27,-10.049994,12.921875,-35.376404,15.276416,1.9623785,10.785434,-19.176683,23.10144,-257.20602,85.181046,-424.15781,-90.25425,-259.1684,85.61116,-426.9632,-91.373627
13,27,-9.9787178,12.830231,-35.125507,15.168072,1.9484608,10.708941,-19.040678,22.937599,-255.38187,84.576927,-421.1496,-89.614143,-257.33032,85.003983,-423.93509,-90.725586
13.1,27,-9.9074411,12.738585,-34.874611,15.059728,1.9345431,10.632448,-18.904673,22.77376,-253.55771,83.972801,-418.14136,-88.974037,-255.49225,84.396812,-420.90695,-90.077538
13.2,27,-9.8361645,12.646941,-34.623714,14.951385,1.9206257,10.555957,-18.768669,22.609921,-251.73357,83.368683,-415.13318,-88.333946,-253.65419,83.789642,-417.87888,-89.429504
13.3,27,-9.7648878,12.555297,-34.372818,14.843041,1.9067081,10.479464,-18.632664,22.446079,-249.90939,82.764557,-412.12497,-87.69384,-251.8161,83.182465,-414.85074,-88.781464
13.4,27,-9.6936121,12.463653,-34.121922,14.734698,1.8927906,10.402972,-18.49666,22.28224,-248.08525,82.160446,-409.11676,-87.053741,-249.97804,82.575302,-411.82266,-88.133423
13.5,27,-9.6223354,12.372007,-33.871025,14.626355,1.878873,10.326479,-18.360655,22.118401,-246.26109,81.55632,-406.10855,-86.413635,-248.13995,81.968124,-408.79453,-87.485382
13.6,27,-9.5510578,12.280363,-33.620129,14.518011,1.8649553,10.249987,-18.224649,21.954559,-244.43692,80.952194,-403.10031,-85.773537,-246.30188,81.360954,-405.76642,-86.837341
13.7,27,-9.4797821,12.188719,-33.369232,14.409668,1.8510379,10.173494,-18.088644,21.79072,-242.61278,80.348076,-400.09213,-85.133438,-244.46382,80.753784,-402.73834,-86.189308
13.8,27,-9.4085054,12.097075,-33.118336,14.301325,1.8371202,10.097002,-17.952639,21.626879,-240.78862,79.743958,-397.08389,-84.493332,-242.62573,80.146614,-399.71021,-85.54126
13.9,27,-9.3372288,12.00543,-32.867439,14.192982,1.8232027,10.02051,-17.816635,21.463041,-238.96448,79.139839,-394.07571,-83.853233,-240.78767,79.539444,-396.68213,-84.893227
14,27,-9.2659521,11.913785,-32.616543,14.084638,1.809285,9.9440165,-17.68063,21.2992,-237.1403,78.535713,-391.06747,-83.213135,-238.94958,78.932274,-393.65399,-84.245186
14.1,27,-9.1946754,11.822141,-32.365646,13.976295,1.7953674,9.8675241,-17.544624,21.135359,-235.31615,77.931595,-388.05927,-82.573029,-237.11151,78.325096,-390.62589,-83.597145
14.2,27,-9.1233988,11.730496,-32.11475,13.867951,1.7814499,9.7910318,-17.408621,20.971519,-233.492,77.327477,-385.05106,-81.93293,-235.27345,77.717926,-387.59778,-82.949104
14.3,27,-9.0521221,11.638852,-31.863852,13.759607,1.7675323,9.7145395,-17.272615,20.80768,-231.66783,76.723351,-382.04285,-81.292831,-233.43536,77.110756,-384.56967,-82.301064
14.4,27,-8.9808464,11.547208,-31.612957,13.651265,1.7536148,9.6380472,-17.13661,20.643841,-229.84369,76.119232,-379.03464,-80.652733,-231.59731,76.503586,-381.54156,-81.65303
14.5,27,-8.9095697,11.455563,-31.362061,13.542921,1.7396972,9.5615549,-17.000607,20.48,-228.01953,75.515114,-376.02643,-80.012627,-229.75922,75.896416,-378.51346,-81.004982
14.6,27,-8.8382931,11.363918,-31.111162,13.434577,1.7257795,9.4850616,-16.864601,20.31616,-226.19536,74.910988,-373.01819,-79.372528,-227.92114,75.289238,-375.48535,-80.356941
14.7,27,-8.7670164,11.272274,-30.860268,13.326235,1.7118621,9.4085703,-16.728596,20.152321,-224.37122,74.30687,-370.01001,-78.73243,-226.08308,74.682076,-372.45724,-79.708908
14.8,27,-8.6957397,11.180629,-30.609369,13.217891,1.6979444,9.332077,-16.59259,19.98848,-222.54706,73.702744,-367.00177,-78.092323,-224.245,74.074898,-369.42914,-79.060867
14.9,27,-8.6244631,11.088985,-30.358475,13.109548,1.684027,9.2555857,-16.456587,19.82464,-220.7229,73.098633,-363.99359,-77.452225,-222.40694,73.467728,-366.40103,-78.412827
15,27,-8.5531864,10.99734,-30.107578,13.001204,1.6701093,9.1790924,-16.320581,19.660799,-218.89874,72.494507,-360.98535,-76.812126,-220.56885,72.860558,-363.37292,-77.764786
15.1,27,-8.4819098,10.905696,-29.85668,12.89286,1.6561916,9.1026001,-16.184576,19.49696,-217.07458,71.890381,-357.97714,-76.17202,-218.73077,72.25338,-360.34479,-77.116745
15.2,27,-8.410634,10.814052,-29.605785,12.784517,1.6422741,9.0261078,-16.048573,19.33312,-215.25044,71.286263,-354.96896,-75.531921,-216.89272,71.646217,-357.31671,-76.468704
15.3,27,-8.3393564,10.722406,-29.354887,12.676174,1.6283566,8.9496155,-15.912566,19.169279,-213.42627,70.682144,-351.96072,-74.891815,-215.05463,71.03904,-354.2886,-75.820663
15.4,27,-8.2680807,10.630763,-29.103992,12.567831,1.614439,8.8731232,-15.776563,19.00544,-211.60213,70.078026,-348.95255,-74.251724,-213.21657,70.431877,-351.2605,-75.17263
15.5,27,-8.196804,10.539118,-28.853096,12.459487,1.6005214,8.7966299,-15.640557,18.8416,-209.77797,69.4739,-345.94431,-73.611618,-211.37848,69.824699,-348.23239,-74.52459
15.6,27,-8.1255274,10.447473,-28.602198,12.351144,1.5866038,8.7201376,-15.504552,18.677759,-207.9538,68.869781,-342.9361,-72.971512,-209.54041,69.217529,-345.20425,-73.876541
15.7,27,-8.0542507,10.355829,-28.351303,12.242801,1.5726863,8.6436453,-15.368547,18.51392,-206.12965,68.265663,-339.92789,-72.331421,-207.70235,68.610359,-342.17618,-73.228508
15.8,27,-7.9829741,10.264184,-28.100405,12.134457,1.5587686,8.567153,-15.232542,18.35008,-204.3055,67.661537,-336.91968,-71.691315,-205.86426,68.003189,-339.14804,-72.580467
15.9,27,-7.9116979,10.17254,-27.84951,12.026114,1.5448512,8.4906607,-15.096539,18.186241,-202.48134,67.057419,-333.91147,-71.051216,-204.0262,67.396019,-336.11996,-71.932426
16,27,-7.8404212,10.080895,-27.598614,11.91777,1.5309335,8.4141684,-14.960533,18.0224,-200.65718,66.4533,-330.90326,-70.41111,-202.18811,66.788841,-333.09186,-71.284386
16.1,27,-7.7691441,9.9892502,-27.347715,11.809426,1.5170158,8.3376751,-14.824528,17.858559,-198.83302,65.849174,-327.89502,-69.771011,-200.35004,66.181671,-330.06372,-70.636345
16.2,27,-7.6978674,9.8976059,-27.096817,11.701083,1.5030982,8.2611828,-14.688522,17.694719,-197.00885,65.245049,-324.88681,-69.130905,-198.51195,65.574493,-327.03561,-69.988304
16.3,27,-7.6265922,9.8059626,-26.845924,11.592741,1.4891809,8.1846914,-14.55252,17.530882,-195.18472,64.640938,-321.87863,-68.490814,-196.6739,64.967339,-324.00754,-69.340271
16.4,27,-7.555315,9.7143173,-26.595028,11.484398,1.4752632,8.1081991,-14.416514,17.367041,-193.36057,64.036819,-318.87042,-67.850708,-194.83583,64.360161,-320.97943,-68.69223
16.5,27,-7.4840384,9.622673,-26.34413,11.376054,1.4613457,8.0317059,-14.280509,17.203199,-191.53641,63.432693,-315.86218,-67.210609,-192.99774,63.752987,-317.95129,-68.044189
16.6,27,-7.4127617,9.5310278,-26.093233,11.26771,1.447428,7.9552131,-14.144504,17.03936,-189.71223,62.828571,-312.85397,-66.570503,-191.15967,63.145813,-314.92319,-67.396149
16.7,27,-7.3414845,9.4393835,-25.842335,11.159367,1.4335103,7.8787203,-14.008498,16.875519,-187.88808,62.224445,-309.84576,-65.930397,-189.32158,62.538639,-311.89508,-66.7481
16.8,27,-7.2702093,9.3477402,-25.591442,11.051024,1.419593,7.8022294,-13.872496,16.711681,-186.06395,61.620335,-306.83759,-65.290306,-187.48354,61.931477,-308.867,-66.100075
16.9,27,-7.1989322,9.2560949,-25.340546,10.94268,1.4056754,7.7257366,-13.73649,16.54784,-184.23978,61.016212,-303.82938,-64.650208,-185.64546,61.324306,-305.8389,-65.452034
17,27,-7.1276555,9.1644506,-25.089647,10.834337,1.3917577,7.6492438,-13.600485,16.384001,-182.41562,60.41209,-300.82114,-64.010101,-183.80737,60.717133,-302.81076,-64.803986
17.1,27,-7.0563788,9.0728054,-24.838751,10.725993,1.37784,7.572751,-13.464479,16.22016,-180.59146,59.807964,-297.81293,-63.369999,-181.9693,60.109959,-299.78265,-64.155945
17.2,27,-6.9851017,8.9811602,-24.587852,10.617649,1.3639225,7.4962583,-13.328474,16.056318,-178.76729,59.203842,-294.80469,-62.729897,-180.13121,59.502785,-296.75452,-63.507904
17.3,27,-6.9138265,8.8895178,-24.33696,10.509308,1.3500051,7.4197669,-13.192471,15.892481,-176.94316,58.599731,-291.79654,-62.089806,-178.29317,58.895622,-293.72647,-62.859875
17.4,27,-6.8425498,8.7978725,-24.086063,10.400964,1.3360875,7.3432741,-13.056466,15.728641,-175.119,57.995609,-288.7883,-61.449699,-176.45509,58.288448,-290.69836,-62.21183
17.5,27,-6.7712727,8.7062273,-23.835165,10.29262,1.3221699,7.2667813,-12.920461,15.5648,-173.29485,57.391483,-285.78009,-60.809597,-174.617,57.681274,-287.67023,-61.563789
17.6,27,-6.699996,8.614583,-23.584269,10.184277,1.3082522,7.190289,-12.784455,15.400959,-171.47067,56.787361,-282.77185,-60.169495,-172.77893,57.0741,-284.64212,-60.915745
17.7,27,-6.6287193,8.5229378,-23.33337,10.075933,1.2943345,7.1137962,-12.64845,15.237119,-169.64651,56.183239,-279.76364,-59.529392,-170.94084,56.466927,-281.61398,-60.267704
17.8,27,-6.5574436,8.4312954,-23.082478,9.9675903,1.2804172,7.0373049,-12.512446,15.073281,-167.82239,55.579124,-276.75546,-58.889297,-169.1028,55.859764,-278.58594,-59.619675
17.9,27,-6.486167,8.3396502,-22.831581,9.8592472,1.2664996,6.9608121,-12.376441,14.909441,-165.99821,54.975002,-273.74725,-58.249195,-167.26472,55.25259,-275.5578,-58.97163
18,27,-6.4148898,8.2480049,-22.580683,9.7509031,1.252582,6.8843193,-12.240436,14.7456,-164.17406,54.37088,-270.73901,-57.609093,-165.42664,54.645416,-272.52969,-58.323589
18.1,27,-6.3436131,8.1563606,-22.329786,9.6425591,1.2386643,6.8078265,-12.104431,14.581759,-162.3499,53.766758,-267.7308,-56.96899,-163.58856,54.038246,-269.50159,-57.675549
18.2,27,-6.2723365,8.0647154,-22.078888,9.5342159,1.2247467,6.7313337,-11.968426,14.417919,-160.52573,53.162632,-264.72256,-56.328884,-161.75047,53.431072,-266.47345,-57.027504
18.3,27,-6.2010608,7.9730725,-21.827995,9.4258738,1.2108294,6.6548429,-11.832422,14.254081,-158.7016,52.558521,-261.71442,-55.688793,-159.91243,52.82391,-263.4454,-56.379475
18.4,27,-6.1297841,7.8814278,-21.577099,9.3175297,1.1969117,6.5783501,-11.696417,14.09024,-156.87744,51.954399,-258.70618,-55.048691,-158.07436,52.216736,-260.41727,-55.731434
18.5,27,-6.0585074,7.7897825,-21.3262,9.2091866,1.1829941,6.5018573,-11.560411,13.9264,-155.05328,51.350277,-255.69797,-54.408588,-156.23627,51.609562,-257.38916,-55.083389
18.6,27,-5.9872303,7.6981378,-21.075304,9.1008425,1.1690764,6.4253645,-11.424406,13.762559,-153.22911,50.746151,-252.68974,-53.768482,-154.39819,51.002388,-254.36104,-54.435349
18.7,27,-5.9159536,7.606493,-20.824406,8.9924984,1.1551588,6.3488717,-11.288401,13.598719,-151.40495,50.142029,-249.68152,-53.12838,-152.5601,50.395214,-251.33292,-53.787304
18.8,27,-5.8446779,7.5148501,-20.573513,8.8841572,1.1412414,6.2723804,-11.152398,13.434881,-149.58083,49.537918,-246.67336,-52.488289,-150.72206,49.788052,-248.30486,-53.139275
18.9,27,-5.7734013,7.4232049,-20.322617,8.7758131,1.1273239,6.1958876,-11.016393,13.271041,-147.75665,48.933796,-243.66513,-51.848186,-148.88399,49.180878,-245.27673,-52.491234
19,27,-5.7021246,7.3315601,-20.071718,8.667469,1.1134062,6.1193948,-10.880387,13.1072,-145.9325,48.32967,-240.65691,-51.20808,-147.0459,48.573704,-242.24861,-51.843189
19.1,27,-5.6308475,7.2399154,-19.820822,8.5591259,1.0994885,6.0429025,-10.744382,12.943359,-144.10834,47.725548,-237.64868,-50.567978,-145.20782,47.96653,-239.22049,-51.195148
19.2,27,-5.5595708,7.1482706,-19.569923,8.4507818,1.0855709,5.9664097,-10.608377,12.779519,-142.28416,47.121426,-234.64047,-49.927876,-143.36974,47.359356,-236.19238,-50.547108
19.3,27,-5.4882956,7.0566273,-19.319031,8.3424406,1.0716536,5.8899183,-10.472374,12.615682,-140.46004,46.517311,-231.63229,-49.287785,-141.53169,46.752197,-233.16432,-49.899075
19.4,27,-5.4170184,6.9649825,-19.068134,8.2340965,1.0577359,5.8134255,-10.336369,12.45184,-138.63588,45.913189,-228.62408,-48.647682,-139.69362,46.145023,-230.1362,-49.251034
19.5,27,-5.3457417,6.8733377,-18.817236,8.1257524,1.0438184,5.7369328,-10.200363,12.288,-136.81172,45.309067,-225.61586,-48.007576,-137.85553,45.537849,-227.10808,-48.602993
19.6,27,-5.2744646,6.781693,-18.566339,8.0174093,1.0299007,5.66044,-10.064358,12.12416,-134.98755,44.704945,-222.60764,-47.367474,-136.01746,44.930676,-224.07996,-47.954948
19.7,27,-5.2031879,6.6900482,-18.315441,7.9090652,1.015983,5.5839472,-9.9283524,11.960319,-133.16339,44.100819,-219.59941,-46.727371,-134.17937,44.323502,-221.05183,-47.306908
19.8,27,-5.1319127,6.5984049,-18.064548,7.8007236,1.0020657,5.5074563,-9.7923498,11.796481,-131.33926,43.496708,-216.59125,-46.08728,-132.34132,43.716339,-218.02377,-46.658878
19.9,27,-5.0606356,6.5067601,-17.81365,7.6923795,.98814803,5.4309635,-9.6563444,11.632641,-129.51509,42.892586,-213.58302,-45.447174,-130.50325,43.109165,-214.99565,-46.010834
20,27,-4.9893589,6.4151154,-17.562754,7.5840359,.97423041,5.3544707,-9.520339,11.4688,-127.69093,42.288464,-210.5748,-44.807072,-128.66516,42.501991,-211.96754,-45.362793
20.1,27,-4.9180822,6.3234701,-17.311855,7.4756918,.96031278,5.2779779,-9.3843336,11.304959,-125.86677,41.684338,-207.56657,-44.166969,-126.82709,41.894817,-208.93942,-44.714748
20.2,27,-4.8468051,6.2318254,-17.060959,7.3673482,.94639516,5.2014852,-9.2483282,11.141119,-124.04261,41.080215,-204.55835,-43.526863,-124.98901,41.287643,-205.9113,-44.066708
20.3,27,-4.7755299,6.1401825,-16.810066,7.2590065,.93247777,5.1249938,-9.1123257,10.977282,-122.21848,40.476105,-201.55019,-42.886772,-123.15096,40.680481,-202.88324,-43.418678
20.4,27,-4.7042527,6.0485377,-16.559168,7.1506629,.91856015,5.048501,-8.9763203,10.81344,-120.39432,39.871983,-198.54196,-42.24667,-121.31287,40.073307,-199.85512,-42.770634
20.5,27,-4.6329761,5.9568925,-16.308271,7.0423188,.90464252,4.9720082,-8.8403149,10.6496,-118.57015,39.267857,-195.53374,-41.606567,-119.47479,39.466137,-196.827,-42.122593
20.6,27,-4.5616994,5.8652477,-16.057373,6.9339752,.8907249,4.8955159,-8.7043095,10.48576,-116.74599,38.663734,-192.52551,-40.966465,-117.63672,38.858963,-193.79887,-41.474548
20.7,27,-4.4904222,5.773603,-15.806477,6.8256316,.87680727,4.8190231,-8.5683041,10.321918,-114.92183,38.059612,-189.51729,-40.326359,-115.79864,38.251789,-190.77077,-40.826508
20.8,27,-4.419147,5.6819596,-15.555584,6.7172894,.86288989,4.7425318,-8.4323015,10.158081,-113.0977,37.455498,-186.50912,-39.686268,-113.96059,37.644627,-187.74271,-40.178478
20.9,27,-4.3478703,5.5903149,-15.304687,6.6089458,.84897226,4.666039,-8.2962961,9.9942408,-111.27354,36.851376,-183.5009,-39.046165,-112.12251,37.037453,-184.71458,-39.530434
21,27,-4.2765932,5.4986701,-15.053789,6.5006022,.83505464,4.5895462,-8.1602907,9.8303995,-109.44937,36.247253,-180.49268,-38.406063,-110.28442,36.430279,-181.68646,-38.882393
21.1,27,-4.2053165,5.4070253,-14.802892,6.3922582,.82113701,4.5130534,-8.0242853,9.6665592,-107.62521,35.643131,-177.48447,-37.765957,-108.44634,35.823105,-178.65834,-38.234352
21.2,27,-4.1340399,5.3153806,-14.551994,6.2839146,.80721939,4.4365606,-7.8882799,9.5027189,-105.80105,35.039005,-174.47624,-37.125854,-106.60827,35.215931,-175.63022,-37.586308
21.3,27,-4.0627642,5.2237372,-14.301102,6.1755729,.793302,4.3600693,-7.7522774,9.3388815,-103.97692,34.434895,-171.46808,-36.485764,-104.77022,34.608768,-172.60216,-36.938278
21.4,27,-3.9914875,5.1320925,-14.050204,6.0672293,.77938437,4.283577,-7.616272,9.1750402,-102.15276,33.830772,-168.45985,-35.845661,-102.93214,34.001595,-169.57404,-36.290237
21.5,27,-3.9202106,5.0404477,-13.799307,5.9588852,.76546675,4.2070842,-7.4802666,9.0112,-100.32859,33.22665,-165.45163,-35.205555,-101.09406,33.394421,-166.54593,-35.642193
21.6,27,-3.8489337,4.9488029,-13.548409,5.8505416,.75154912,4.1305914,-7.3442612,8.8473597,-98.504425,32.622524,-162.44341,-34.565453,-99.255974,32.787247,-163.51781,-34.994152
21.7,27,-3.7776568,4.8571577,-13.297511,5.7421975,.7376315,4.0540986,-7.2082558,8.6835184,-96.680267,32.018402,-159.43518,-33.92535,-97.4179,32.180077,-160.48969,-34.346107
21.8,27,-3.7063813,4.7655149,-13.046618,5.6338558,.72371411,3.9776073,-7.0722528,8.519681,-94.85614,31.414291,-156.42702,-33.285259,-95.579849,31.572912,-157.46162,-33.698078
21.9,27,-3.6351047,4.6738701,-12.795721,5.5255122,.70979649,3.9011147,-6.9362478,8.3558407,-93.031975,30.810167,-153.41879,-32.645153,-93.741768,30.965738,-154.4335,-33.050037
22,27,-3.5638278,4.5822253,-12.544824,5.4171686,.69587886,3.8246219,-6.8002424,8.1920004,-91.207809,30.206045,-150.41057,-32.005051,-91.903687,30.358566,-151.40538,-32.401993
22.1,27,-3.4925508,4.4905801,-12.293926,5.3088245,.68196124,3.7481291,-6.664237,8.0281591,-89.383644,29.601921,-147.40234,-31.364948,-90.065605,29.751392,-148.37726,-31.753952
22.2,27,-3.4212742,4.3989353,-12.043029,5.2004809,.66804361,3.6716363,-6.5282316,7.8643188,-87.559486,28.997797,-144.39412,-30.724844,-88.227524,29.144218,-145.34915,-31.105909
22.3,27,-3.3499987,4.3072925,-11.792136,5.0921392,.65412623,3.5951452,-6.3922286,7.7004814,-85.735359,28.393686,-141.38596,-30.084753,-86.389481,28.537056,-142.32109,-30.45788
22.4,27,-3.2787218,4.2156477,-11.541239,4.9837952,.6402086,3.5186524,-6.2562232,7.5366406,-83.911194,27.789562,-138.37773,-29.444649,-84.551399,27.929882,-139.29297,-29.809837
22.5,27,-3.2074449,4.1240025,-11.290341,4.8754516,.62629098,3.4421597,-6.1202178,7.3727999,-82.087029,27.18544,-135.36951,-28.804546,-82.713318,27.322708,-136.26485,-29.161795
22.6,27,-3.1361682,4.0323577,-11.039444,4.767108,.61237335,3.3656669,-5.9842129,7.2089596,-80.262863,26.581316,-132.36128,-28.164442,-80.875237,26.715536,-133.23672,-28.513752
22.7,27,-3.0648913,3.9407129,-10.788547,4.6587639,.59845573,3.2891743,-5.8482075,7.0451188,-78.438705,25.977194,-129.35307,-27.52434,-79.037155,26.108362,-130.2086,-27.865709
22.8,27,-2.9936159,3.8490698,-10.537654,4.5504222,.58453834,3.212683,-5.7122045,6.8812814,-76.614578,25.373081,-126.3449,-26.884249,-77.199112,25.5012,-127.18055,-27.21768
22.9,27,-2.922339,3.7574251,-10.286757,4.4420786,.57062072,3.1361902,-5.5761991,6.7174406,-74.790413,24.768959,-123.33668,-26.244144,-75.361031,24.894026,-124.15243,-26.569637
23,27,-2.8510623,3.6657801,-10.035859,4.3337345,.55670309,3.0596974,-5.4401937,6.5535998,-72.966248,24.164835,-120.32845,-25.60404,-73.522949,24.286852,-121.12431,-25.921595
23.1,27,-2.7797854,3.5741353,-9.7849617,4.2253909,.54278547,2.9832048,-5.3041883,6.3897595,-71.142082,23.560713,-117.32024,-24.963938,-71.684868,23.679678,-118.09619,-25.273554
23.2,27,-2.7085085,3.4824903,-9.5340643,4.1170473,.52886784,2.9067121,-5.1681828,6.2259188,-69.317924,22.956589,-114.31201,-24.323833,-69.846786,23.072506,-115.06807,-24.625511
23.3,27,-2.637233,3.3908472,-9.2831717,4.0087056,.51495045,2.8302207,-5.0321803,6.0620813,-67.493797,22.352478,-111.30384,-23.683743,-68.008743,22.465343,-112.04001,-23.97748
23.4,27,-2.5659564,3.2992024,-9.0322742,3.9003618,.50103283,2.7537282,-4.8961749,5.8982406,-65.669632,21.748354,-108.29562,-23.04364,-66.170662,21.85817,-109.01189,-23.329439
23.5,27,-2.4946795,3.2075577,-8.7813768,3.7920179,.4871152,2.6772354,-4.7601695,5.7343998,-63.845467,21.144232,-105.2874,-22.403536,-64.332581,21.250996,-105.98377,-22.681396
23.6,27,-2.4234025,3.1159127,-8.5304794,3.6836741,.47319758,2.6007426,-4.6241641,5.5705595,-62.021305,20.540108,-102.27917,-21.763432,-62.494503,20.643822,-102.95565,-22.033354
23.7,27,-2.3521259,3.0242679,-8.279582,3.5753303,.45927995,2.5242498,-4.4881587,5.4067187,-60.19714,19.935986,-99.27095,-21.123329,-60.656422,20.036648,-99.927528,-21.385311
23.8,27,-2.2808504,2.9326248,-8.0286894,3.4669886,.44536257,2.4477587,-4.3521562,5.2428813,-58.373013,19.331873,-96.262787,-20.483238,-58.818375,19.429487,-96.899467,-20.737282
23.9,27,-2.2095735,2.8409798,-7.777792,3.3586447,.43144494,2.3712659,-4.2161508,5.0790405,-56.548851,18.727749,-93.254562,-19.843134,-56.980293,18.822313,-93.871353,-20.089239
24,27,-2.1382966,2.7493351,-7.5268946,3.2503011,.41752732,2.2947731,-4.0801454,4.9151998,-54.724686,18.123627,-90.246338,-19.203032,-55.142212,18.215139,-90.843231,-19.441196
24.1,27,-2.0670199,2.6576903,-7.2759972,3.1419573,.40360969,2.2182803,-3.94414,4.7513595,-52.900524,17.519503,-87.238121,-18.562927,-53.304134,17.607965,-87.815109,-18.793154
24.2,27,-1.995743,2.5660453,-7.0250998,3.0336134,.38969207,2.1417878,-3.8081346,4.5875187,-51.076359,16.91538,-84.229897,-17.922823,-51.466053,17.000792,-84.786995,-18.145111
24.3,27,-1.9244676,2.4744022,-6.7742066,2.9252717,.37577468,2.0652964,-3.6721318,4.4236813,-49.252232,16.311268,-81.221733,-17.282732,-49.628006,16.393629,-81.758934,-17.497082
24.4,27,-1.8531907,2.3827574,-6.5233092,2.8169279,.36185706,1.9888036,-3.5361264,4.2598405,-47.42807,15.707146,-78.213509,-16.64263,-47.789925,15.786456,-78.730812,-16.849039
24.5,27,-1.7819139,2.2911127,-6.2724118,2.7085843,.34793943,1.912311,-3.4001212,4.0960002,-45.603905,15.103023,-75.205284,-16.002525,-45.951843,15.179283,-75.70269,-16.200996
24.6,27,-1.7106371,2.1994677,-6.0215144,2.6002405,.33402181,1.8358182,-3.2641158,3.9321594,-43.779743,14.498899,-72.19706,-15.362422,-44.113762,14.572109,-72.674576,-15.552955
24.7,27,-1.6393602,2.1078229,-5.770617,2.4918966,.32010418,1.7593255,-3.1281104,3.7683187,-41.955578,13.894775,-69.188835,-14.722319,-42.275684,13.964935,-69.646454,-14.904912
24.8,27,-1.5680847,2.0161798,-5.5197244,2.3835549,.3061868,1.6828341,-2.9921076,3.6044812,-40.131451,13.290664,-66.180672,-14.082228,-40.437637,13.357774,-66.618393,-14.256883
24.9,27,-1.4968079,1.9245349,-5.268827,2.2752111,.29226917,1.6063415,-2.8561022,3.4406407,-38.307289,12.686541,-63.172451,-13.442124,-38.599556,12.7506,-63.590275,-13.60884
25,27,-1.4255311,1.83289,-5.0179296,2.1668673,.27835155,1.5298487,-2.7200968,3.2767999,-36.483124,12.082417,-60.164227,-12.80202,-36.761475,12.143426,-60.562153,-12.960797
25.1,27,-1.3542542,1.7412452,-4.7670321,2.0585237,.26443392,1.453356,-2.5840914,3.1129594,-34.658962,11.478294,-57.156006,-12.161917,-34.923393,11.536253,-57.534035,-12.312756
25.2,27,-1.2829775,1.6496004,-4.5161347,1.9501798,.2505163,1.3768632,-2.4480863,2.9491189,-32.834797,10.874171,-54.147781,-11.521813,-33.085316,10.929079,-54.505917,-11.664713
25.3,27,-1.211702,1.5579573,-4.2652421,1.8418381,.23659892,1.300372,-2.3120835,2.7852812,-31.01067,10.27006,-51.139618,-10.881722,-31.247269,10.321917,-51.477852,-11.016683
25.4,27,-1.1404252,1.4663124,-4.0143447,1.7334943,.22268128,1.2238793,-2.1760781,2.6214406,-29.186506,9.6659365,-48.131393,-10.241619,-29.409187,9.7147436,-48.449734,-10.368641
25.5,27,-1.0691483,1.3746675,-3.7634473,1.6251506,.20876366,1.1473866,-2.0400727,2.4575999,-27.362343,9.0618134,-45.123169,-9.6015158,-27.571106,9.1075697,-45.421616,-9.7205982
25.6,27,-.99787152,1.2830226,-3.5125499,1.5168067,.19484603,1.0708939,-1.9040673,2.2937593,-25.538179,8.4576902,-42.114948,-8.9614115,-25.733027,8.5003958,-42.393497,-9.0725555
25.7,27,-.92659467,1.1913779,-3.2616522,1.408463,.18092839,.9944011,-1.768062,2.1299188,-23.714016,7.8535671,-39.106724,-8.3213081,-23.894945,7.8932223,-39.365376,-8.4245138
25.8,27,-.8553192,1.0997348,-3.0107596,1.3001213,.16701104,.91790986,-1.6320592,1.9660813,-21.889889,7.2494555,-36.09856,-7.6812172,-22.0569,7.2860603,-36.337315,-7.7764835
25.9,27,-.78404236,1.0080899,-2.7598622,1.1917775,.1530934,.84141707,-1.4960538,1.8022406,-20.065725,6.6453319,-33.090336,-7.0411139,-20.218819,6.6788869,-33.309196,-7.1284413
26,27,-.71276557,.91644502,-2.5089648,1.0834336,.13917577,.76492435,-1.3600484,1.6384,-18.241562,6.0412087,-30.082113,-6.40101,-18.380737,6.071713,-30.281076,-6.4803987
26.1,27,-.64148873,.82480019,-2.2580674,.97508991,.12525815,.68843162,-1.2240431,1.4745594,-16.417398,5.4370856,-27.073891,-5.7609067,-16.542658,5.4645395,-27.252958,-5.8323565
26.2,27,-.57021189,.73315531,-2.00717,.86674613,.11134052,.61193889,-1.0880377,1.3107188,-14.593236,4.8329625,-24.065668,-5.1208034,-14.704576,4.8573661,-24.224838,-5.1843143
26.3,27,-.49893644,.64151222,-1.7562773,.75840443,.097423144,.53544766,-.95203495,1.1468812,-12.769108,4.2288508,-21.057503,-4.4807119,-12.86653,4.2502036,-21.196777,-4.536284
26.4,27,-.4276596,.54986739,-1.5053798,.65006065,.083505519,.45895493,-.81602961,.98304063,-10.944944,3.6247277,-18.04928,-3.8406086,-11.02845,3.6430302,-18.168657,-3.8882418
26.5,27,-.35638279,.45822251,-1.2544824,.54171681,.069587886,.38246217,-.68002421,.81919998,-9.1207809,3.0206044,-15.041057,-3.200505,-9.1903687,3.0358565,-15.140538,-3.2401993
26.6,27,-.28510594,.36657766,-1.003585,.43337306,.055670258,.30596945,-.54401886,.65535939,-7.296618,2.4164813,-12.032834,-2.5604017,-7.3522882,2.428683,-12.112419,-2.5921571
26.7,27,-.21382913,.2749328,-.75268751,.32502928,.041752625,.22947673,-.40801349,.49151874,-5.4724545,1.812358,-9.0246115,-1.9202982,-5.5142074,1.8215092,-9.0843,-1.9441147
26.8,27,-.14255366,.18328971,-.50179487,.21668756,.027835261,.15298545,-.27201071,.32768124,-3.6483264,1.2082464,-6.0164456,-1.2802069,-3.6761615,1.2143472,-6.0562387,-1.2960848
26.9,27,-.071276829,.091644853,-.25089744,.10834378,.013917631,.076492727,-.13600536,.16384062,-1.8241632,.60412318,-3.0082228,-.64010346,-1.8380808,.60717362,-3.0281193,-.64804238
27,27,0,0,0,0,0,0,0,0,0,0,0,0,0,0,0,0
27.1,27,.071158804,.091611147,-.10839575,.25071335,-.013947744,.076464295,-.16381501,.13591951,1.8232881,.60397166,.63952547,3.0070508,1.8372359,.60701954,.64749944,3.0269723
27.2,27,.14160945,.18302017,-.2171035,.5003224,-.028076172,.15275805,-.32747644,.2713241,3.641326,1.2070341,1.2755827,6.0070696,3.6694021,1.2131149,1.2917409,6.0470638
27.3,27,.21064241,.2740238,-.32643434,.74771917,-.0425657,.22870964,-.49082837,.40569696,5.4488287,1.8082677,1.9046892,8.9929686,5.4913945,1.8173511,1.9294518,9.0533371
27.4,27,.27755228,.36442512,-.43670785,.99181241,-.057597544,.30415264,-.65372574,.53853065,7.2406158,2.4067891,2.5233958,11.957836,7.2982135,2.4188302,2.5573931,12.039033
27.5,27,.34162951,.45402387,-.54824096,1.2314999,-.073352121,.37891737,-.8160165,.66931224,9.0114021,3.0016832,3.128211,14.894592,9.084754,3.0166228,3.1722822,14.997226
27.6,27,.40216595,.54262382,-.66135722,1.4656892,-.090010114,.45283726,-.97755486,.79753458,10.755937,3.5920501,3.7156482,17.796227,10.845947,3.6098146,3.7708404,17.921053
27.7,27,.45845345,.630032,-.77638656,1.6932935,-.10775221,.52574784,-1.138199,.92269456,12.468971,4.1769948,4.2822113,20.655731,12.576723,4.1974974,4.3497791,20.803667
27.8,27,.50978249,.7160573,-.89366406,1.913229,-.12675883,.5974856,-1.2978091,1.0442915,14.145219,4.7556167,4.8243809,23.466057,14.271977,4.778758,4.9057841,23.63817
27.9,27,.55544764,.80051863,-1.01354,2.1244354,-.14721116,.66789466,-1.4562607,1.1618383,15.7795,5.3270569,5.3386598,26.220339,15.926711,5.352725,5.4355626,26.41786
28,27,.59473938,.8832351,-1.1363696,2.3258483,-.16928966,.73681825,-1.6134269,1.2748476,17.366529,5.89043,5.8214984,28.91156,17.535818,5.9185019,5.9357677,29.13587
28.1,27,.62707663,.96406889,-1.2624637,2.5166168,-.19314256,.80413514,-1.7692184,1.3829334,18.901999,6.4450321,6.2699676,31.534029,19.09514,6.4753785,6.4036322,31.78665
28.2,27,.65238678,1.0430273,-1.3919091,2.6966827,-.21878839,.86984658,-1.9236563,1.4860796,20.38537,6.9908128,6.6836286,34.087112,20.604158,7.0233068,6.8387299,34.369587
28.3,27,.67072296,1.1201527,-1.524736,2.8661821,-.24621299,.93398333,-2.0767868,1.5843607,21.817013,7.5278726,7.0626531,36.571373,22.063225,7.5623937,7.2412057,36.885246
28.4,27,.68214238,1.1954943,-1.6609833,3.0252681,-.27540299,.99658144,-2.2286668,1.6778607,23.197399,8.0563488,7.4072456,38.987553,23.472801,8.092783,7.6112394,39.334366
28.5,27,.68669808,1.2690965,-1.8006853,3.1740813,-.30634424,1.0576732,-2.3793457,1.7666572,24.526899,8.5763445,7.7175736,41.336224,24.833244,8.614583,7.9489703,41.717518
28.6,27,.68444455,1.3410068,-1.9438804,3.3127697,-.33902282,1.1172931,-2.5288773,1.8508315,25.805916,9.0879745,7.993814,43.618019,26.144939,9.1279173,8.25455,44.035328
28.7,27,.67543632,1.4112736,-2.0906091,3.4414818,-.37342486,1.1754764,-2.6773162,1.9304665,27.034855,9.5913553,8.2361431,45.833565,27.408279,9.6329088,8.5281267,46.288433
28.8,27,.65972656,1.4799445,-2.2409112,3.5603642,-.40953612,1.2322572,-2.8247159,2.0056436,28.214085,10.086594,8.4447241,47.983444,28.623621,10.129668,8.7698364,48.477406
28.9,27,.63737226,1.5470726,-2.3948345,3.669579,-.44734335,1.2876748,-2.9711394,2.0764527,29.344076,10.573829,8.6197538,50.068401,29.79142,10.618344,8.9798479,50.602993
29,27,.60842675,1.6127075,-2.5524218,3.7692752,-.48683229,1.3417647,-3.1166427,2.1429782,30.425203,11.053167,8.7613935,52.089012,30.912035,11.09905,9.1582975,52.665771
29.1,27,.5729444,1.6769006,-2.7137203,3.8596091,-.52798909,1.3945644,-3.2612851,2.205307,31.457865,11.524728,8.869813,54.045918,31.985855,11.571911,9.3053265,54.666382
29.2,27,.53097939,1.7397043,-2.8787785,3.9407372,-.57079989,1.446112,-3.4051275,2.2635276,32.442467,11.98863,8.9451828,55.939751,33.013268,12.037053,9.4210758,56.605457
29.3,27,.48258555,1.8011703,-3.0476434,4.0128145,-.61525035,1.4964451,-3.5482287,2.317728,33.379379,12.444982,8.9876633,57.771095,33.994629,12.494592,9.5056801,58.483582
29.4,27,.42781919,1.861356,-3.2203715,4.0760098,-.66132736,1.5456053,-3.6906581,2.3680034,34.269073,12.893926,8.9974413,59.540703,34.930401,12.944677,9.5592976,60.301502
29.5,27,.36673439,1.9203144,-3.3970127,4.1304812,-.7090165,1.5936316,-3.8324771,2.414444,35.111919,13.335572,8.974679,61.249161,35.820938,13.387427,9.5820618,62.059814
29.6,27,.2993851,1.978101,-3.5776215,4.1763916,-.758304,1.6405642,-3.9737508,2.4571428,35.908325,13.770041,8.9195404,62.89711,36.66663,13.822968,9.5741081,63.759151
29.7,27,.22582541,2.0347717,-3.762254,4.2139049,-.80917609,1.6864442,-4.1145458,2.4961939,36.658688,14.197454,8.8321886,64.485184,37.467861,14.251431,9.5355721,65.400154
29.8,27,.14610922,2.0903821,-3.9509645,4.2431831,-.86161834,1.7313118,-4.2549272,2.5316906,37.36338,14.617922,8.712779,66.013977,38.224998,14.672932,9.4665813,66.983414
29.9,27,.060292918,2.1449928,-4.1438155,4.2644014,-.91561759,1.775212,-4.3949695,2.5637341,38.022873,15.03159,8.5614986,67.484245,38.938488,15.087623,9.3672924,68.509689
30,27,-.031569466,2.1986604,-4.3408642,4.2777257,-.97115952,1.8181864,-4.5347395,2.5924203,38.637539,15.438568,8.3785009,68.896576,39.6087,15.495625,9.2378311,69.979568
30.1,27,-.12942402,2.2514431,-4.5421715,4.2833238,-1.0282303,1.8602779,-4.6743078,2.6178472,39.207779,15.838982,8.1639481,70.25161,40.236012,15.897068,9.07833,71.393692
30.2,27,-.2332167,2.3034008,-4.7477989,4.2813659,-1.0868162,1.9015303,-4.8137469,2.6401145,39.733997,16.232952,7.9179969,71.549995,40.820812,16.292084,8.8889179,72.752708
30.3,27,-.3428933,2.3545911,-4.9578071,4.2720203,-1.1469027,1.9419867,-4.9531264,2.6593213,40.216568,16.620594,7.6408038,72.792336,41.363472,16.68079,8.6697216,74.05722
30.4,27,-.45839792,2.4050775,-5.1722631,4.2554674,-1.2084768,1.9816945,-5.0925264,2.6755729,40.655952,17.00205,7.3325458,73.979362,41.864429,17.063345,8.4208899,75.307968
30.5,27,-.57967591,2.4549191,-5.3912292,4.2318773,-1.2715241,2.0206978,-5.2320189,2.6889708,41.052536,17.377441,6.9933791,75.111694,42.324062,17.439867,8.1425486,76.505577
30.6,27,-.70667368,2.5041766,-5.6147699,4.2014227,-1.3360306,2.059042,-5.3716788,2.6996174,41.406715,17.746885,6.6234579,76.189972,42.742744,17.810492,7.8348231,77.650665
30.7,27,-.83933765,2.5529113,-5.8429518,4.1642766,-1.4019828,2.0967731,-5.5115824,2.7076168,41.718884,18.11051,6.2229362,77.214828,43.120865,18.175348,7.497839,78.743896
30.8,27,-.97761285,2.6011827,-6.0758371,4.1206112,-1.4693662,2.1339364,-5.6518044,2.7130723,41.989426,18.46843,5.7919683,78.186882,43.458794,18.534561,7.1317196,79.785866
30.9,27,-1.1214435,2.6490555,-6.3134966,4.0706096,-1.5381676,2.1705811,-5.7924285,2.7160933,42.218807,18.820793,5.3307304,79.10688,43.756973,18.888287,6.7366133,80.777336
31,27,-1.2707756,2.6965897,-6.5559945,4.0144429,-1.6083727,2.2067533,-5.9335299,2.7167845,42.407398,19.167713,4.8393717,79.975426,44.01577,19.236647,6.3126383,81.718903
31.1,27,-1.4255551,2.7438469,-6.8033957,3.9522858,-1.6799676,2.2425001,-6.0751867,2.7152517,42.555607,19.509317,4.3180456,80.793167,44.235573,19.579775,5.85992,82.611229
31.2,27,-1.5857265,2.7908881,-7.0557671,3.8843138,-1.7529383,2.2778687,-6.2174788,2.7116024,42.663837,19.845734,3.7669139,81.56076,44.416775,19.917809,5.3785896,83.454964
31.3,27,-1.7512413,2.8377728,-7.3131738,3.8106911,-1.8272717,2.3129053,-6.3604827,2.7059393,42.73243,20.177071,3.1860957,82.278763,44.5597,20.250862,4.8687382,84.250664
31.4,27,-1.9220352,2.8845656,-7.5756798,3.7316096,-1.9029527,2.3476608,-6.5042834,2.6983781,42.761906,20.503487,2.57581,82.948006,44.66486,20.579105,4.3305535,84.999161
31.5,27,-2.0980594,2.931325,-7.8433509,3.6472321,-1.9799681,2.3821814,-6.6489577,2.6890216,42.752605,20.825092,1.9361757,83.569038,44.732574,20.902653,3.7641263,85.701019
31.6,27,-2.2792587,2.978111,-8.1162491,3.5577316,-2.0583038,2.4165144,-6.7945852,2.6779773,42.704941,21.142015,1.2673528,84.142525,44.763245,21.221643,3.1695869,86.356903
31.7,27,-2.4655766,3.0249832,-8.3944349,3.4632814,-2.1379457,2.4507082,-6.9412456,2.665354,42.619324,21.454384,.56950623,84.669144,44.757271,21.536213,2.5470703,86.967468
31.8,27,-2.6569676,3.0719979,-8.6779728,3.3640373,-2.2188814,2.4848075,-7.0890145,2.6512518,42.496071,21.762304,-.15726259,85.149406,44.714954,21.846474,1.8966504,87.533257
31.9,27,-2.8533638,3.1192172,-8.966917,3.2601898,-2.3010945,2.5188637,-7.2379766,2.6357875,42.335739,22.065943,-.91271305,85.58419,44.636833,22.152599,1.2185364,88.05513
32,27,-3.0547185,3.1666961,-9.2613287,3.1518917,-2.384573,2.5529215,-7.388207,2.619061,42.138641,22.365402,-1.696741,85.974022,44.523212,22.454702,.51280451,88.533623
32.1,27,-3.2609763,3.2144892,-9.5612593,3.0393069,-2.4693019,2.5870264,-7.5397801,2.6011765,41.905167,22.660803,-2.5091896,86.319527,44.37447,22.752911,-.2204179,88.969353
32.2,27,-3.4720802,3.2626562,-9.8667688,2.9226084,-2.5552683,2.621228,-7.6927805,2.5822439,41.635818,22.952303,-3.3498716,86.621506,44.191086,23.047392,-.98097169,89.363144
32.3,27,-3.6879816,3.3112445,-10.177901,2.8019383,-2.6424577,2.6555667,-7.8472729,2.5623574,41.330849,23.239986,-4.2186875,86.880379,43.973305,23.33823,-1.768787,89.715393
32.4,27,-3.9086182,3.3603129,-10.494711,2.677474,-2.7308564,2.6900928,-8.0033417,2.5416288,40.990822,23.524023,-5.1154151,87.097061,43.72168,23.62561,-2.5836692,90.027023
32.5,27,-4.1339417,3.4099069,-10.817236,2.5493526,-2.8204498,2.7248456,-8.1610489,2.5201495,40.615997,23.804495,-6.0399537,87.27195,43.436447,23.90962,-3.4255476,90.298447
32.6,27,-4.3638964,3.4600785,-11.145526,2.4177332,-2.9112246,2.7598705,-8.3204718,2.4980221,40.206841,24.081549,-6.9921274,87.405807,43.118065,24.190413,-4.2942739,90.530403
32.7,27,-4.5984244,3.5108795,-11.479622,2.2827728,-3.0031679,2.795213,-8.4816847,2.4753487,39.763824,24.355331,-7.9717498,87.499397,42.766991,24.468143,-5.1896882,90.723671
32.8,27,-4.8374763,3.5623503,-11.819555,2.1446018,-3.0962639,2.8309095,-8.6447449,2.4522169,39.28722,24.625927,-8.9787121,87.553146,42.383484,24.742901,-6.111711,90.878677
32.9,27,-5.0809922,3.6145418,-12.165364,2.0033798,-3.1905003,2.8670061,-8.8097286,2.4287283,38.777569,24.893503,-10.012798,87.56794,41.968071,25.01486,-7.0601549,90.996292
33,27,-5.3289227,3.6674917,-12.517075,1.859229,-3.2858615,2.9035373,-8.9766903,2.4049668,38.235138,25.158138,-11.073905,87.544182,41.521,25.284109,-8.0349417,91.076942
33.1,27,-5.5812116,3.7212441,-12.874717,1.7122928,-3.3823352,2.9405439,-9.1456957,2.3810251,37.660397,25.419979,-12.161845,87.482635,41.042732,25.550798,-9.0359135,91.121376
33.2,27,-5.8378005,3.7758412,-13.238314,1.5627124,-3.4799068,2.978066,-9.3168087,2.3569951,37.053825,25.679171,-13.276423,87.384079,40.533733,25.815083,-10.0629,91.130363
33.3,27,-6.0986428,3.8313155,-13.607883,1.4105974,-3.5785627,3.0161345,-9.490078,2.3329523,36.415668,25.935789,-14.417545,87.248886,39.994232,26.077044,-11.115833,91.104294
33.4,27,-6.3636761,3.8877077,-13.983443,1.2560911,-3.6782889,3.0547891,-9.6655655,2.3089874,35.74649,26.190004,-15.584975,87.077957,39.424778,26.336853,-12.194505,91.044067
33.5,27,-6.6328506,3.9450469,-14.365001,1.0992994,-3.7790709,3.0940588,-9.8433142,2.2851727,35.046562,26.441893,-16.778597,86.871719,38.82563,26.594599,-13.298824,90.950089
33.6,27,-6.9061117,4.0033674,-14.752567,.94034445,-3.8808951,3.1339774,-10.023378,2.2615876,34.316334,26.691595,-17.99823,86.630898,38.197231,26.850426,-14.428636,90.823097
33.7,27,-7.1834002,4.0627012,-15.146149,.77934796,-3.9837484,3.174578,-10.205807,2.2383101,33.556297,26.939251,-19.243666,86.356262,37.540047,27.104479,-15.583757,90.663849
33.8,27,-7.4646716,4.1230717,-15.545743,.61640012,-4.0876164,3.2158852,-10.390635,2.2154024,32.766682,27.184937,-20.514812,86.04818,36.854298,27.356838,-16.76412,90.472717
33.9,27,-7.7498593,4.1845088,-15.951345,.45162743,-4.1924853,3.2579308,-10.577912,2.1929417,31.948082,27.428814,-21.811405,85.707573,36.140568,27.607676,-17.969484,90.250618
34,27,-8.0389175,4.2470322,-16.362947,.28511259,-4.2983403,3.3007364,-10.767665,2.1709843,31.100733,27.670956,-23.133343,85.334808,35.399075,27.857067,-19.199774,89.997917
34.1,27,-8.331789,4.3106661,-16.780539,.1169614,-4.4051681,3.3443291,-10.959932,2.1495965,30.225119,27.911499,-24.480415,84.930649,34.630287,28.105152,-20.4548,89.71537
34.2,27,-8.6284161,4.3754325,-17.204105,-.052726269,-4.5129557,3.3887331,-11.154751,2.1288393,29.321707,28.150581,-25.852417,84.495834,33.834663,28.352074,-21.734379,89.403702
34.3,27,-8.9287519,4.4413447,-17.633627,-.22387682,-4.6216879,3.4339662,-11.352138,2.1087618,28.390749,28.388268,-27.249233,84.030731,33.012436,28.597902,-23.038424,89.063293
34.4,27,-9.2327328,4.5084229,-18.069078,-.39638606,-4.7313514,3.4800513,-11.552127,2.0894237,27.432821,28.624718,-28.670597,83.53624,32.164173,28.842804,-24.366682,88.69503
34.5,27,-9.5403118,4.5766773,-18.510435,-.57018918,-4.8419323,3.5270033,-11.754732,2.0708673,26.44816,28.859999,-30.116398,83.012718,31.290092,29.086843,-25.719074,88.299263
34.6,27,-9.8514328,4.6461225,-18.957666,-.74520046,-4.9534163,3.5748403,-11.959975,2.0531421,25.437244,29.09424,-31.586418,82.460907,30.390659,29.330158,-27.095396,87.876717
34.7,27,-10.166037,4.7167702,-19.410736,-.92133635,-5.0657902,3.623579,-12.167875,2.0362942,24.40056,29.32757,-33.080421,81.881538,29.466351,29.572882,-28.495434,87.428131
34.8,27,-10.484075,4.7886257,-19.86961,-1.0985404,-5.1790395,3.6732295,-12.378437,2.0203578,23.338358,29.560055,-34.598286,81.275002,28.517397,29.815081,-29.919085,86.95388
34.9,27,-10.805489,4.8617001,-20.334246,-1.276732,-5.2931514,3.7238066,-12.591678,2.0053756,22.251177,29.791838,-36.139751,80.642105,27.544329,30.0569,-31.366114,86.454773
35,27,-11.130227,4.9359941,-20.804598,-1.4558558,-5.4081097,3.7753174,-12.807596,1.9913766,21.139307,30.022985,-37.704662,79.983276,26.547417,30.29841,-32.836376,85.931213
35.1,27,-11.458244,5.0115151,-21.280634,-1.6358552,-5.5239048,3.8277731,-13.026202,1.9783926,20.003122,30.253609,-39.292862,79.299103,25.527027,30.539726,-34.329735,85.383789
35.2,27,-11.789451,5.088264,-21.762264,-1.8166364,-5.6405149,3.8811815,-13.247491,1.9664607,18.843346,30.483854,-40.903908,78.590599,24.483862,30.780993,-35.845776,84.813499
35.3,27,-12.123834,5.1662407,-22.249479,-1.9981883,-5.7579346,3.9355464,-13.471464,1.9555945,17.659962,30.713749,-42.53788,77.857803,23.417896,31.022242,-37.384579,84.220375
35.4,27,-12.461304,5.2454457,-22.742189,-2.1804187,-5.876143,3.9908745,-13.698113,1.9458275,16.453749,30.943455,-44.194309,77.101807,22.329891,31.263634,-38.945705,83.605492
35.5,27,-12.801852,5.3258777,-23.240379,-2.3633242,-5.9951353,4.0471678,-13.927439,1.9371681,15.224662,31.172997,-45.873287,76.322609,21.219797,31.505198,-40.529255,82.968849
35.6,27,-13.145397,5.4075317,-23.743965,-2.5468295,-6.1148925,4.1044292,-14.159426,1.9296414,13.973356,31.402502,-47.574417,75.521126,20.088247,31.747061,-42.13485,82.311348
35.7,27,-13.491854,5.4904027,-24.252846,-2.7308617,-6.2353935,4.1626592,-14.394055,1.9232687,12.700517,31.632105,-49.297268,74.698303,18.935909,31.989355,-43.762074,81.633896
35.8,27,-13.841215,5.5744858,-24.767008,-2.9154239,-6.3566346,4.2218566,-14.631322,1.9180522,11.406084,31.86182,-51.041935,73.854103,17.762718,32.232098,-45.411034,80.93647
35.9,27,-14.193394,5.6597743,-25.286346,-3.10044,-6.4785957,4.282021,-14.871202,1.9140115,10.090826,32.091797,-52.807941,72.989594,16.569422,32.475437,-47.081268,80.220108
36,27,-14.548378,5.7462611,-25.810843,-3.2859137,-6.6012716,4.3431501,-15.113689,1.911146,8.7547083,32.322052,-54.595348,72.104767,15.35598,32.719395,-48.772854,79.484818
36.1,27,-14.906075,5.8339348,-26.340376,-3.4717734,-6.7246394,4.4052382,-15.358747,1.9094692,7.3984838,32.552715,-56.403664,71.20063,14.123123,32.964088,-50.485306,78.731552
36.2,27,-15.266435,5.9227872,-26.874884,-3.657985,-6.8486876,4.4682832,-15.606362,1.9089866,6.0225673,32.783875,-58.232647,70.277786,12.871255,33.209618,-52.218399,77.960907
36.3,27,-15.629416,6.0128064,-27.414299,-3.8445315,-6.9734039,4.5322776,-15.856504,1.9096967,4.6271677,33.015572,-60.082165,69.336502,11.600572,33.456013,-53.972008,77.173149
36.4,27,-15.994949,6.1039815,-27.958532,-4.0313654,-7.0987725,4.5972157,-16.10915,1.9116046,3.2128911,33.247925,-61.951839,68.377625,10.311664,33.703392,-55.745773,76.369095
36.5,27,-16.362997,6.1962991,-28.507521,-4.2184744,-7.2247815,4.6630893,-16.364269,1.9147059,1.779919,33.480957,-63.841549,67.40139,9.0047007,33.951782,-57.53957,75.548973
36.6,27,-16.733496,6.2897463,-29.061172,-4.4058194,-7.3514156,4.7298908,-16.621832,1.9190004,.32878828,33.714767,-65.750938,66.408516,7.6802039,34.201279,-59.353069,74.713478
36.7,27,-17.106382,6.3843098,-29.6194,-4.5933657,-7.4786601,4.7976117,-16.881807,1.9244863,-1.1400043,33.949444,-67.679695,65.399689,6.3386559,34.451962,-61.185951,73.863258
36.8,27,-17.481621,6.4799738,-30.182135,-4.7811055,-7.6065035,4.8662415,-17.144161,1.9311546,-2.6262772,34.185013,-69.62767,64.375114,4.9802265,34.703857,-63.038086,72.998543
36.9,27,-17.859138,6.5767236,-30.749281,-4.9689975,-7.73493,4.9357705,-17.408863,1.9390026,-4.1294112,34.421577,-71.59446,63.33564,3.6055191,34.957069,-64.909073,72.120117
37,27,-18.238897,6.6745434,-31.320763,-5.157033,-7.8639269,5.006187,-17.675873,1.9480195,-5.6491976,34.659157,-73.579895,62.281506,2.2147295,35.211609,-66.798759,71.228218
37.1,27,-18.620834,6.7734165,-31.896488,-5.3451829,-7.9934797,5.0774798,-17.945158,1.958198,-7.1851397,34.897835,-75.583641,61.21336,.80833995,35.46756,-68.706802,70.323479
37.2,27,-19.00489,6.8733263,-32.47636,-5.5334177,-8.1235733,5.1496372,-18.216677,1.9695294,-8.7367277,35.137688,-77.605331,60.131874,-.61315387,35.724991,-70.632843,69.40654
37.3,27,-19.391024,6.9742556,-33.060314,-5.7217331,-8.2541971,5.2226458,-18.490395,1.9820001,-10.30378,35.378727,-79.644806,59.037247,-2.0495827,35.98391,-72.576744,68.477585
37.4,27,-19.779163,7.0761867,-33.648235,-5.9100933,-8.385334,5.2964926,-18.766268,1.9956008,-11.885663,35.621044,-81.70163,57.930298,-3.5003295,36.244404,-74.538063,67.537399
37.5,27,-20.169271,7.1791,-34.240047,-6.0984926,-8.5169706,5.3711638,-19.044258,2.0103166,-13.48217,35.864651,-83.775597,56.811256,-4.9651995,36.506489,-76.516602,66.586205
37.6,27,-20.561287,7.2829795,-34.835663,-6.2869091,-8.6490946,5.4466457,-19.324326,2.0261347,-15.09283,36.109615,-85.866371,55.680714,-6.4437351,36.770214,-78.512024,65.624557
37.7,27,-20.955147,7.3878045,-35.434978,-6.475316,-8.7816906,5.5229244,-19.606424,2.0430419,-16.717119,36.355995,-87.973564,54.539326,-7.9354281,37.035641,-80.523949,64.653099
37.8,27,-21.350815,7.493557,-36.037914,-6.663713,-8.9147472,5.5999846,-19.890516,2.0610213,-18.354856,36.603798,-90.096985,53.387272,-9.4401093,37.302773,-82.5522,63.671978
37.9,27,-21.748217,7.6002159,-36.644367,-6.852066,-9.0482464,5.6778111,-20.176552,2.0800591,-20.005396,36.853104,-92.236153,52.225365,-10.95715,37.571678,-84.596283,62.681984
38,27,-22.14731,7.7077627,-37.25425,-7.0403733,-9.1821766,5.7563887,-20.464491,2.1001372,-21.668543,37.103912,-94.390869,51.053787,-12.486365,37.84235,-86.656006,61.683277
38.1,27,-22.54804,7.8161774,-37.867466,-7.2286148,-9.3165245,5.835701,-20.75429,2.1212397,-23.343811,37.35627,-96.560753,49.873131,-14.027287,38.114838,-88.730995,60.676422
38.2,27,-22.950348,7.9254403,-38.483925,-7.41677,-9.4512758,5.9157338,-21.0459,2.1433496,-25.030722,37.610229,-98.745415,48.683975,-15.579446,38.389187,-90.820869,59.661976
38.3,27,-23.354181,8.0355301,-39.103531,-7.6048322,-9.5864153,5.996469,-21.339279,2.1664486,-26.728996,37.865788,-100.94458,47.486584,-17.142582,38.665382,-92.925339,58.640171
38.4,27,-23.759481,8.1464262,-39.726185,-7.792779,-9.7219296,6.0778918,-21.634378,2.1905189,-28.438099,38.123009,-103.15782,46.281624,-18.716167,38.943481,-95.043983,57.611649
38.5,27,-24.166206,8.25811,-40.351807,-7.9806089,-9.8578072,6.1599851,-21.931156,2.2155416,-30.157816,38.381874,-105.3849,45.069271,-20.300009,39.223465,-97.17659,56.576569
38.6,27,-24.574291,8.3705578,-40.980282,-8.1682987,-9.994031,6.2427316,-22.229561,2.241498,-31.887602,38.642429,-107.62537,43.85017,-21.893572,39.505371,-99.322678,55.535534
38.7,27,-24.983679,8.4837513,-41.611526,-8.3558321,-10.130589,6.3261151,-22.529547,2.2683694,-33.62701,38.904713,-109.87885,42.624828,-23.496424,39.78923,-101.48188,54.489033
38.8,27,-25.39432,8.5976658,-42.245434,-8.5432034,-10.267466,6.4101181,-22.831066,2.2961352,-35.375759,39.168709,-112.14502,41.393501,-25.108292,40.075016,-103.65388,53.437298
38.9,27,-25.806156,8.7122841,-42.88192,-8.7303934,-10.404648,6.4947238,-23.134073,2.3247769,-37.133327,39.434464,-114.42345,40.156803,-26.728678,40.362774,-105.83826,52.380905
39,27,-26.219147,8.8275843,-43.520893,-8.9173985,-10.542124,6.5799155,-23.43852,2.3542743,-38.899483,39.701958,-116.71389,38.914925,-28.357359,40.652473,-108.03474,51.320026
39.1,27,-26.633223,8.9435434,-44.162247,-9.1041994,-10.679876,6.6656752,-23.74436,2.3846068,-40.673702,39.971218,-119.01585,37.668446,-29.993828,40.944141,-110.24287,50.255215
39.2,27,-27.048328,9.0601406,-44.805878,-9.2907782,-10.817893,6.7519851,-24.05154,2.4157546,-42.455494,40.242275,-121.3289,36.417919,-31.6376,41.237789,-112.46218,49.186981
39.3,27,-27.464422,9.1773558,-45.45171,-9.4771347,-10.956161,6.8388286,-24.360018,2.4476976,-44.244667,40.515095,-123.65279,35.16346,-33.288506,41.533386,-114.69245,48.115437
39.4,27,-27.881432,9.2951651,-46.099621,-9.6632423,-11.094663,6.926187,-24.669741,2.4804144,-46.040585,40.789722,-125.98697,33.905804,-34.945919,41.830967,-116.93311,47.041267
39.5,27,-28.299322,9.4135494,-46.749542,-9.8491039,-11.233389,7.0140448,-24.980663,2.5138857,-47.843082,41.066124,-128.33121,32.645039,-36.609695,42.130486,-119.18393,45.964542
39.6,27,-28.718031,9.5324869,-47.401363,-10.0347,-11.372324,7.1023827,-25.292738,2.54809,-49.651646,41.344311,-130.68501,31.381718,-38.279324,42.431957,-121.44444,44.885788
39.7,27,-29.137495,9.6519547,-48.054977,-10.220011,-11.511453,7.1911826,-25.605911,2.5830061,-51.465748,41.62431,-133.0479,30.1164,-39.954292,42.73539,-123.71412,43.805531
39.8,27,-29.557669,9.7719316,-48.710304,-10.405036,-11.650762,7.2804275,-25.920137,2.6186142,-53.285175,41.906075,-135.41957,28.849222,-41.634415,43.040741,-125.99271,42.723885
39.9,27,-29.978497,9.8923969,-49.367237,-10.589756,-11.790238,7.3701005,-26.235369,2.6548932,-55.109398,42.18964,-137.79958,27.580774,-43.31916,43.348022,-128.27972,41.641403
40,27,-30.399929,10.01333,-50.025692,-10.774165,-11.929868,7.4601831,-26.551558,2.6918223,-56.938148,42.47496,-140.18753,26.311241,-45.008282,43.657196,-130.57481,40.55825
40.1,27,-30.821901,10.134705,-50.685558,-10.958245,-12.069635,7.5506568,-26.86865,2.7293804,-58.770905,42.762043,-142.58298,25.041162,-46.701271,43.968258,-132.87747,39.474934
40.2,27,-31.244364,10.256505,-51.346745,-11.141984,-12.209529,7.6415057,-27.186605,2.7675467,-60.60725,43.0509,-144.98546,23.77096,-48.39772,44.281204,-135.18729,38.391846
40.3,27,-31.667267,10.378707,-52.009159,-11.325375,-12.349533,7.7327108,-27.505367,2.8063009,-62.446896,43.341476,-147.39462,22.500839,-50.097363,44.595989,-137.50389,37.30917
40.4,27,-32.090538,10.501287,-52.672684,-11.508394,-12.489635,7.8242536,-27.824888,2.8456206,-64.289246,43.633801,-149.80992,21.231428,-51.799614,44.912617,-139.82672,36.227493
40.5,27,-32.514153,10.624229,-53.337257,-11.691045,-12.62982,7.9161186,-28.145126,2.8854876,-66.134155,43.927818,-152.23109,19.962786,-53.504333,45.231033,-142.15553,35.146862
40.6,27,-32.938034,10.747508,-54.002766,-11.873307,-12.770075,8.0082874,-28.46603,2.9258797,-67.981094,44.22353,-154.65761,18.695433,-55.211014,45.551231,-144.48979,34.06776
40.7,27,-33.362125,10.8711,-54.669094,-12.055161,-12.910384,8.1007404,-28.787544,2.9667752,-69.829506,44.520931,-157.08893,17.429914,-56.919121,45.873199,-146.82895,32.9907
40.8,27,-33.786392,10.99499,-55.336178,-12.236609,-13.050737,8.1934633,-29.109631,3.0081558,-71.679276,44.819969,-159.5248,16.166256,-58.628536,46.196884,-149.17276,31.915691
40.9,27,-34.210754,11.11915,-56.003887,-12.417621,-13.191115,8.2864351,-29.43223,3.049998,-73.529694,45.120659,-161.96455,14.905177,-60.338573,46.522278,-151.52057,30.843412
41,27,-34.635185,11.243565,-56.672165,-12.598203,-13.33151,8.3796406,-29.755304,3.0922849,-75.380661,45.422943,-164.40799,13.646672,-62.049149,46.849323,-153.87213,29.77384
41.1,27,-35.05962,11.368211,-57.340904,-12.778336,-13.471906,8.4730644,-30.078806,3.1349947,-77.231682,45.72681,-166.85458,12.391218,-63.759773,47.178009,-156.22697,28.707424
41.2,27,-35.484051,11.49308,-58.010071,-12.958027,-13.612302,8.5666952,-30.402716,3.1781125,-79.082603,46.032242,-169.30414,11.138934,-65.470306,47.508308,-158.58488,27.64427
41.3,27,-35.908485,11.618165,-58.679672,-13.1373,-13.752698,8.6605282,-30.727022,3.2216265,-80.933624,46.339188,-171.75676,9.8895102,-67.180931,47.840164,-160.94592,26.58407
41.4,27,-36.332912,11.743458,-59.349667,-13.316156,-13.893092,8.7545557,-31.051706,3.2655215,-82.784523,46.647636,-174.21222,8.6431637,-68.891434,48.173569,-163.30989,25.527029
41.5,27,-36.757355,11.868957,-60.020081,-13.494627,-14.03349,8.8487749,-31.37677,3.3097897,-84.635597,46.957535,-176.67068,7.3994803,-70.602112,48.508469,-165.67696,24.47274
41.6,27,-37.181786,11.994649,-60.690865,-13.672708,-14.173885,8.9431744,-31.702187,3.3544152,-86.486595,47.268871,-179.13188,6.1586909,-72.312706,48.844841,-168.04684,23.421419
41.7,27,-37.606213,12.120529,-61.362015,-13.850411,-14.314281,9.0377512,-32.027946,3.3993869,-88.337494,47.581627,-181.59576,4.9207802,-74.023216,49.182671,-170.41948,22.373047
41.8,27,-38.030655,12.246598,-62.033546,-14.027765,-14.454678,9.1325026,-32.354053,3.4446979,-90.188568,47.895744,-184.0625,3.6853688,-75.733887,49.5219,-172.79503,21.32725
41.9,27,-38.455082,12.372842,-62.705406,-14.204759,-14.595073,9.227417,-32.680477,3.4903326,-92.039467,48.211231,-186.53174,2.4528105,-77.444397,49.862526,-175.17316,20.284365
42,27,-38.879517,12.49926,-63.377617,-14.381419,-14.735469,9.3224945,-33.007221,3.5362854,-93.890488,48.52803,-189.00368,1.2227014,-79.155022,50.204502,-177.55403,19.243994
42.1,27,-39.303959,12.625847,-64.050163,-14.557753,-14.875866,9.4177294,-33.334278,3.5825455,-95.741539,48.846127,-191.47818,-.0048868353,-80.865669,50.547806,-179.93755,18.206205
42.2,27,-39.728382,12.752594,-64.723007,-14.73376,-15.01626,9.513114,-33.661621,3.6291008,-97.592438,49.165512,-193.95506,-1.2298018,-82.576172,50.892422,-182.32349,17.171141
42.3,27,-40.152821,12.8795,-65.396179,-14.909463,-15.156656,9.6086473,-33.989262,3.6759467,-99.443459,49.486134,-196.43449,-2.452415,-84.286797,51.238304,-184.71204,16.138433
42.4,27,-40.577251,13.00656,-66.069641,-15.084861,-15.297052,9.7043228,-34.317177,3.7230716,-101.29438,49.807995,-198.91626,-3.6725049,-85.99733,51.585449,-187.10295,15.108295
42.5,27,-41.001686,13.133769,-66.743401,-15.259971,-15.437449,9.8001385,-34.645367,3.7704694,-103.1454,50.131046,-201.40045,-4.8903589,-87.707954,51.933811,-189.49635,14.080441
42.6,27,-41.426121,13.261123,-67.417442,-15.434798,-15.577845,9.8960876,-34.97382,3.8181317,-104.99642,50.455276,-203.88695,-6.1059022,-89.418579,52.283371,-191.89211,13.054943
42.7,27,-41.850552,13.388617,-68.091759,-15.609345,-15.71824,9.9921675,-35.302528,3.8660488,-106.84735,50.780674,-206.37564,-7.3190589,-91.129112,52.634121,-194.29008,12.03187
42.8,27,-42.274986,13.516248,-68.766342,-15.783628,-15.858636,10.088375,-35.631489,3.9142168,-108.69837,51.107193,-208.86664,-8.5301113,-92.839737,52.986012,-196.69041,11.010941
42.9,27,-42.699413,13.644009,-69.441177,-15.957646,-15.999031,10.184705,-35.960686,3.9626245,-110.54927,51.434837,-211.3597,-9.7388372,-94.55024,53.339046,-199.09285,9.9923706
43,27,-43.123852,13.771903,-70.116287,-16.13142,-16.139427,10.281157,-36.290127,4.01127,-112.40031,51.763565,-213.85504,-10.945596,-96.260887,53.69318,-201.49759,8.9758072
43.1,27,-43.54829,13.899921,-70.791634,-16.304945,-16.279823,10.377726,-36.619793,4.0601439,-114.25134,52.093361,-216.35245,-12.150229,-97.971512,54.048397,-203.90443,7.9613986
43.2,27,-43.972809,14.028085,-71.467346,-16.478268,-16.420242,10.474424,-36.949738,4.1092529,-116.10294,52.424225,-218.85252,-13.353342,-99.682693,54.404705,-206.31395,6.9485755
43.3,27,-44.39706,14.156294,-72.142883,-16.651236,-16.560591,10.571178,-37.27972,4.1585364,-117.95259,52.756092,-221.35263,-14.552552,-101.392,54.762012,-208.72357,5.9395685
43.4,27,-44.821583,14.284693,-72.819069,-16.824102,-16.701012,10.668096,-37.610096,4.2080727,-119.80421,53.088997,-223.85674,-15.751686,-103.1032,55.120388,-211.13718,4.930778
43.5,27,-45.246017,14.413178,-73.495323,-16.996706,-16.841406,10.765099,-37.940613,4.2577996,-121.6552,53.422882,-226.36212,-16.948284,-104.8138,55.479748,-213.55211,3.924509
43.6,27,-45.67046,14.541777,-74.171822,-17.169102,-16.981804,10.862206,-38.271336,4.3077278,-123.50628,53.75774,-228.86951,-18.143051,-106.52448,55.840096,-215.96906,2.9200976
43.7,27,-46.094978,14.670504,-74.84864,-17.341322,-17.122223,10.959428,-38.602306,4.3578615,-125.35787,54.093571,-231.37932,-19.336426,-108.23565,56.201431,-218.38843,1.9171306
43.8,27,-46.519226,14.799257,-75.525238,-17.513214,-17.262569,11.056688,-38.933281,4.4081402,-127.20748,54.430305,-233.88892,-20.526043,-109.94491,56.563656,-220.80765,.91782212
43.9,27,-46.943752,14.928191,-76.202469,-17.685036,-17.40299,11.154102,-39.264629,4.4586482,-129.05913,54.767998,-236.40244,-21.715824,-111.65614,56.926872,-223.23076,-.08151298
44,27,-47.368187,15.057198,-76.879753,-17.856623,-17.543386,11.251588,-39.596096,4.5093207,-130.91014,55.106575,-238.91705,-22.903246,-113.36676,57.290974,-225.65501,-1.0785129
44.1,27,-47.792622,15.186298,-77.55722,-18.028021,-17.683783,11.349162,-39.927731,4.5601673,-132.76114,55.446041,-241.43338,-24.088902,-115.07736,57.655972,-228.08099,-2.0737345
44.2,27,-48.217056,15.315495,-78.234879,-18.199238,-17.824179,11.446824,-40.259544,4.6111841,-134.61212,55.786388,-243.95143,-25.272812,-116.78794,58.021854,-230.50868,-3.067194
44.3,27,-48.641487,15.44478,-78.912697,-18.370272,-17.964573,11.544569,-40.591515,4.6623659,-136.46309,56.127579,-246.47112,-26.455057,-118.49851,58.388592,-232.93805,-4.0589819
44.4,27,-49.065918,15.574156,-79.590706,-18.541134,-18.104971,11.642397,-40.923649,4.7137094,-138.31404,56.46962,-248.99246,-27.635618,-120.20907,58.75618,-235.36906,-5.0490723
44.5,27,-49.490356,15.703619,-80.268883,-18.711826,-18.245367,11.740306,-41.255943,4.7652111,-140.16507,56.812477,-251.51547,-28.814651,-121.91969,59.124592,-237.80177,-6.0376263
44.6,27,-49.914791,15.833166,-80.947227,-18.882355,-18.385763,11.838294,-41.58839,4.8168669,-142.01608,57.156147,-254.04007,-29.992098,-123.63033,59.493816,-240.23605,-7.0245843
44.7,27,-50.339226,15.962796,-81.625732,-19.052719,-18.526159,11.936357,-41.92099,4.8686709,-143.86703,57.500618,-256.56619,-31.167894,-125.34087,59.86385,-242.67188,-8.0098867
44.8,27,-50.763653,16.092505,-82.304382,-19.222923,-18.666553,12.034493,-42.253727,4.9206214,-145.718,57.845863,-259.09381,-32.342197,-127.05145,60.234657,-245.10921,-8.9936934
44.9,27,-51.188087,16.222294,-82.9832,-19.392975,-18.80695,12.132705,-42.586613,4.9727144,-147.56895,58.191883,-261.62296,-33.514957,-128.76201,60.606243,-247.54807,-9.9759502
45,27,-51.612522,16.35216,-83.662163,-19.562878,-18.947346,12.230987,-42.91964,5.0249476,-149.41998,58.538651,-264.15363,-34.686333,-130.47263,60.97858,-249.98845,-10.956814
45.1,27,-52.036957,16.482101,-84.341278,-19.732634,-19.087742,12.329338,-43.2528,5.0773168,-151.271,58.886158,-266.68573,-35.856255,-132.18326,61.351654,-252.4303,-11.936223
45.2,27,-52.461391,16.612114,-85.020538,-19.902245,-19.228138,12.427757,-43.586094,5.1298175,-153.12195,59.234402,-269.21924,-37.024658,-133.89381,61.725468,-254.8735,-12.914116
45.3,27,-52.885818,16.742197,-85.699928,-20.071714,-19.368532,12.52624,-43.919514,5.1824474,-154.97292,59.583347,-271.75412,-38.191704,-135.60439,62.099987,-257.31812,-13.890647
45.4,27,-53.310253,16.872353,-86.379456,-20.241049,-19.508928,12.624789,-44.253063,5.2352037,-156.82387,59.93301,-274.29041,-39.357334,-137.31494,62.47522,-259.76413,-14.86576
45.5,27,-53.734688,17.002577,-87.059128,-20.410252,-19.649324,12.723402,-44.586735,5.2880855,-158.6749,60.283348,-276.82809,-40.521698,-139.02557,62.851135,-262.21152,-15.839609
45.6,27,-54.159126,17.132868,-87.73893,-20.579323,-19.789721,12.822077,-44.920528,5.3410873,-160.52591,60.634369,-279.3671,-41.684734,-140.73619,63.227726,-264.66025,-16.81213
45.7,27,-54.583557,17.263222,-88.418854,-20.748264,-19.930119,12.920811,-45.25444,5.3942056,-162.37686,60.986065,-281.90735,-42.846378,-142.44675,63.604992,-267.11023,-17.783258
45.8,27,-55.007988,17.393639,-89.098892,-20.91708,-20.070513,13.019603,-45.588463,5.4474397,-164.22783,61.338402,-284.44888,-44.006775,-144.15732,63.982899,-269.56149,-18.753145
45.9,27,-55.432419,17.52412,-89.779068,-21.085775,-20.210909,13.118453,-45.922604,5.5007858,-166.07878,61.691395,-286.9917,-45.165871,-145.86787,64.361458,-272.01401,-19.721733
46,27,-55.856857,17.654663,-90.459358,-21.254353,-20.351305,13.21736,-46.256855,5.554244,-167.92981,62.045013,-289.5358,-46.323818,-147.57851,64.740646,-274.46783,-20.689171
46.1,27,-56.281292,17.785265,-91.139771,-21.422813,-20.491701,13.316321,-46.591209,5.6078095,-169.78082,62.39925,-292.08112,-47.480545,-149.28912,65.120453,-276.92285,-21.655394
46.2,27,-56.705727,17.915924,-91.82029,-21.591158,-20.632097,13.415337,-46.925674,5.6614785,-171.63177,62.754112,-294.62756,-48.635983,-150.99968,65.50087,-279.37903,-22.620335
46.3,27,-57.130154,18.04664,-92.500916,-21.75939,-20.772491,13.514402,-47.260235,5.715251,-173.48274,63.109562,-297.1752,-49.790283,-152.71025,65.881882,-281.83636,-23.584141
46.4,27,-57.554588,18.177412,-93.181664,-21.927515,-20.912888,13.613522,-47.594902,5.769124,-175.33369,63.465611,-299.724,-50.943386,-154.42081,66.263489,-284.29486,-24.546757
46.5,27,-57.979023,18.308241,-93.862518,-22.095533,-21.053284,13.712691,-47.929665,5.8230968,-177.18472,63.822235,-302.27402,-52.09544,-156.13144,66.645668,-286.75455,-25.508324
46.6,27,-58.403461,18.439121,-94.543472,-22.263447,-21.19368,13.811911,-48.264526,5.8771663,-179.03575,64.179428,-304.8251,-53.246372,-157.84206,67.028419,-289.21536,-26.468777
46.7,27,-58.827892,18.570053,-95.224533,-22.431257,-21.334076,13.911177,-48.599483,5.9313283,-180.88669,64.537193,-307.37729,-54.396118,-159.55261,67.411736,-291.67719,-27.428049
46.8,27,-59.252323,18.701036,-95.905678,-22.598965,-21.47447,14.010489,-48.934525,5.9855833,-182.73767,64.8955,-309.93051,-55.544815,-161.2632,67.795586,-294.14011,-28.386284
46.9,27,-59.676754,18.832069,-96.586937,-22.766577,-21.614868,14.109849,-49.269665,6.039928,-184.58862,65.254364,-312.48483,-56.69241,-162.97375,68.179993,-296.60406,-29.34342
47,27,-60.101192,18.963154,-97.268288,-22.934093,-21.755264,14.209254,-49.604889,6.0943627,-186.43964,65.613754,-315.04022,-57.839046,-164.68437,68.564919,-299.06915,-30.299604
