temp,ref,yhat_comm,se_comm,lowerci_comm,upperci_comm,yhat_low,se_low,lowerci_low,upperci_low,yhat_high,se_high,lowerci_high,upperci_high,yhat_marg,se_marg,lowerci_marg,upperci_marg
45,27,-62.43972,14.962413,-91.765511,-33.11393,-13.546111,12.595084,-38.232021,11.139799,-75.258408,19.617817,-113.70863,-36.808197,-61.712299,23.45611,-107.68543,-15.739168
40,27,-32.095341,7.8623328,-47.50523,-16.685452,-7.2061229,6.6146383,-20.170576,5.7583299,-37.315632,10.553425,-57.999962,-16.631298,-30.109507,12.557452,-54.721661,-5.4973526
35,27,-6.572783,2.2135029,-10.911169,-2.2343972,-1.8220338,2.129885,-5.9965315,2.3524637,-5.6922746,3.6667161,-12.878906,1.4943569,-3.8702407,4.1051407,-11.916169,4.1756873
30,27,.46020931,.66993684,-.85284281,1.7732614,-.10339721,.80607074,-1.6832669,1.4764724,1.6988721,1.3140411,-.87660116,4.2743454,1.8022693,1.3848327,-.91195297,4.5164914
10,27,-5.3201284,4.0132799,-13.186012,2.5457556,.048224129,4.8197618,-9.3983355,9.4947834,-13.181619,7.7232747,-28.318958,1.9557214,-13.229843,8.1418266,-29.187529,2.727844
5,27,-6.884872,5.1936564,-17.064251,3.2945073,.062407698,6.2373385,-12.162552,12.287367,-17.058565,9.9948263,-36.648064,2.5309336,-17.120974,10.536481,-37.772099,3.5301509
0,27,-8.4496155,6.3740325,-20.94249,4.0432591,.076591268,7.6549158,-14.926767,15.07995,-20.935513,12.266377,-44.977169,3.1061456,-21.012104,12.931136,-46.356663,4.332458
