temp,ref,yhat_comm,se_comm,lowerci_comm,upperci_comm,yhat_low,se_low,lowerci_low,upperci_low,yhat_high,se_high,lowerci_high,upperci_high,yhat_marg,se_marg,lowerci_marg,upperci_marg
-20,27,-17.614567,11.297853,-39.75795,4.5288177,-1.0177375,10.547639,-21.690729,19.655254,-238.30171,79.713371,-394.53705,-82.066376,-237.28398,80.490395,-395.04227,-79.525696
-19.9,27,-17.577089,11.273814,-39.673359,4.5191822,-1.0155721,10.525197,-21.644579,19.613434,-237.79468,79.54377,-393.6976,-81.891769,-236.77911,80.319138,-394.20175,-79.356491
-19.8,27,-17.53961,11.249777,-39.588768,4.5095463,-1.0134066,10.502755,-21.598429,19.571615,-237.28766,79.374161,-392.85815,-81.717155,-236.27425,80.147888,-393.36121,-79.187286
-19.7,27,-17.502132,11.225739,-39.504177,4.4999104,-1.0112413,10.480313,-21.552279,19.529795,-236.78064,79.204567,-392.01874,-81.542549,-235.76939,79.976631,-392.52072,-79.018082
-19.6,27,-17.464655,11.201701,-39.419586,4.4902749,-1.0090759,10.457871,-21.506128,19.487976,-236.27362,79.034958,-391.17929,-81.367943,-235.26454,79.805374,-391.68021,-78.848877
-19.5,27,-17.427177,11.177663,-39.334995,4.480639,-1.0069104,10.43543,-21.459976,19.446156,-235.76659,78.865356,-390.33984,-81.193329,-234.75967,79.634117,-390.83969,-78.679672
-19.4,27,-17.3897,11.153625,-39.250401,4.4710031,-1.0047451,10.412988,-21.413826,19.404335,-235.25957,78.695755,-389.5004,-81.018723,-234.25482,79.46286,-389.99915,-78.510468
-19.3,27,-17.352222,11.129586,-39.16581,4.4613671,-1.0025797,10.390546,-21.367676,19.362516,-234.75253,78.526146,-388.66095,-80.844109,-233.74995,79.291603,-389.15863,-78.341263
-19.2,27,-17.314745,11.105549,-39.081219,4.4517317,-1.0004143,10.368105,-21.321526,19.320698,-234.24551,78.356552,-387.82153,-80.669502,-233.2451,79.120354,-388.31815,-78.172066
-19.1,27,-17.277266,11.081511,-38.996628,4.4420958,-.99824888,10.345662,-21.275375,19.278877,-233.73849,78.186943,-386.98209,-80.494896,-232.74023,78.949097,-387.47763,-78.002861
-19,27,-17.239788,11.057473,-38.912037,4.4324598,-.9960835,10.32322,-21.229225,19.237057,-233.23146,78.017342,-386.14264,-80.320282,-232.23538,78.77784,-386.63712,-77.833656
-18.9,27,-17.202311,11.033435,-38.827446,4.4228244,-.99391806,10.300778,-21.183073,19.195238,-232.72444,77.84774,-385.30319,-80.145676,-231.73051,78.606583,-385.79657,-77.664452
-18.8,27,-17.164833,11.009397,-38.742855,4.4131885,-.99175268,10.278337,-21.136923,19.153418,-232.21741,77.678131,-384.46375,-79.971062,-231.22566,78.435326,-384.95605,-77.495247
-18.7,27,-17.127356,10.985359,-38.658264,4.4035525,-.98958731,10.255896,-21.090773,19.111599,-231.71039,77.508537,-383.62433,-79.796455,-230.72081,78.264069,-384.11557,-77.32605
-18.6,27,-17.089878,10.961321,-38.573673,4.3939171,-.98742193,10.233454,-21.044622,19.069778,-231.20337,77.338928,-382.78488,-79.621849,-230.21594,78.092812,-383.27505,-77.156845
-18.5,27,-17.052399,10.937283,-38.489079,4.3842812,-.98525649,10.211012,-20.998472,19.02796,-230.69633,77.169327,-381.94543,-79.447235,-229.71107,77.921555,-382.43451,-76.98764
-18.4,27,-17.014921,10.913245,-38.404488,4.3746452,-.98309112,10.18857,-20.952322,18.986139,-230.18932,76.999725,-381.10599,-79.272629,-229.20622,77.750298,-381.59399,-76.818436
-18.3,27,-16.977444,10.889207,-38.319897,4.3650093,-.98092568,10.166128,-20.90617,18.944319,-229.68228,76.830116,-380.26654,-79.098015,-228.70135,77.579041,-380.75348,-76.649231
-18.2,27,-16.939966,10.86517,-38.235306,4.3553739,-.9787603,10.143686,-20.860022,18.9025,-229.17526,76.660522,-379.42712,-78.923409,-228.1965,77.407791,-379.91299,-76.480026
-18.1,27,-16.902489,10.841131,-38.150715,4.3457379,-.97659492,10.121244,-20.813869,18.86068,-228.66824,76.490913,-378.58768,-78.748802,-227.69165,77.236534,-379.07248,-76.310822
-18,27,-16.865011,10.817093,-38.066124,4.336102,-.97442949,10.098803,-20.767719,18.818861,-228.16121,76.321312,-377.74823,-78.574188,-227.18678,77.065277,-378.23193,-76.141617
-17.9,27,-16.827532,10.793055,-37.981533,4.3264666,-.97226411,10.076361,-20.721569,18.77704,-227.65419,76.151711,-376.90878,-78.399582,-226.68192,76.89402,-377.39142,-75.97242
-17.8,27,-16.790054,10.769017,-37.896938,4.3168306,-.97009867,10.053919,-20.675419,18.73522,-227.14716,75.982109,-376.06934,-78.224968,-226.17706,76.722763,-376.5509,-75.803215
-17.7,27,-16.752577,10.744979,-37.812351,4.3071947,-.9679333,10.031478,-20.629269,18.693401,-226.64014,75.812508,-375.22992,-78.050362,-225.67221,76.551506,-375.71042,-75.63401
-17.6,27,-16.715099,10.720942,-37.727757,4.2975593,-.96576792,10.009036,-20.583118,18.651583,-226.13312,75.642899,-374.39047,-77.875755,-225.16734,76.380249,-374.86987,-75.464806
-17.5,27,-16.677622,10.696903,-37.643166,4.2879233,-.96360248,9.9865942,-20.536966,18.609762,-225.62608,75.473297,-373.55103,-77.701141,-224.66249,76.208992,-374.02936,-75.295601
-17.4,27,-16.640144,10.672865,-37.558575,4.2782874,-.96143711,9.9641523,-20.490816,18.567942,-225.11906,75.303696,-372.71158,-77.526535,-224.15762,76.037735,-373.18884,-75.126396
-17.3,27,-16.602665,10.648827,-37.473984,4.2686515,-.95927167,9.9417105,-20.444666,18.526123,-224.61203,75.134094,-371.87216,-77.351921,-223.65276,75.866478,-372.34833,-74.957191
-17.2,27,-16.565187,10.624789,-37.389393,4.259016,-.95710635,9.9192686,-20.398516,18.484303,-224.10501,74.964493,-371.03271,-77.177315,-223.14792,75.695229,-371.50784,-74.787994
-17.1,27,-16.52771,10.600751,-37.304802,4.2493801,-.95494092,9.8968267,-20.352365,18.442484,-223.59799,74.794884,-370.19327,-77.002708,-222.64305,75.523972,-370.6673,-74.61879
-17,27,-16.490232,10.576714,-37.220211,4.2397442,-.95277554,9.8743849,-20.306215,18.400663,-223.09096,74.625282,-369.35382,-76.828094,-222.13818,75.352715,-369.82678,-74.449585
-16.9,27,-16.452755,10.552675,-37.135616,4.2301087,-.9506101,9.851943,-20.260063,18.358843,-222.58394,74.455681,-368.51437,-76.653488,-221.63333,75.181458,-368.98627,-74.28038
-16.8,27,-16.415276,10.528637,-37.051025,4.2204728,-.94844472,9.8295012,-20.213913,18.317024,-222.0769,74.286079,-367.67496,-76.478874,-221.12846,75.010201,-368.14575,-74.111176
-16.7,27,-16.3778,10.5046,-36.966434,4.2108369,-.94627935,9.8070602,-20.167763,18.275206,-221.5699,74.116478,-366.83551,-76.304268,-220.62361,74.838943,-367.30527,-73.941978
-16.6,27,-16.340321,10.480561,-36.881844,4.2012014,-.94411391,9.7846184,-20.121613,18.233385,-221.06287,73.946869,-365.99606,-76.129662,-220.11876,74.667686,-366.46472,-73.772774
-16.5,27,-16.302843,10.456523,-36.797253,4.1915655,-.94194853,9.7621765,-20.075462,18.191565,-220.55583,73.777267,-365.15662,-75.955048,-219.61389,74.496429,-365.62421,-73.603569
-16.4,27,-16.265366,10.432486,-36.712662,4.1819296,-.9397831,9.7397346,-20.029312,18.149746,-220.04881,73.607666,-364.3172,-75.780441,-219.10902,74.325172,-364.78369,-73.434364
-16.3,27,-16.227888,10.408447,-36.628067,4.1722937,-.93761772,9.7172928,-19.98316,18.107925,-219.54178,73.438065,-363.47775,-75.605827,-218.60417,74.153915,-363.94318,-73.26516
-16.2,27,-16.190411,10.38441,-36.54348,4.1626582,-.93545234,9.6948509,-19.937012,18.066107,-219.03477,73.268463,-362.63831,-75.431221,-218.09932,73.982666,-363.10266,-73.095955
-16.1,27,-16.152933,10.360372,-36.458885,4.1530223,-.93328691,9.6724091,-19.89086,18.024286,-218.52774,73.098854,-361.79886,-75.256615,-217.59445,73.811409,-362.26215,-72.92675
-16,27,-16.115454,10.336333,-36.374294,4.1433864,-.93112153,9.6499672,-19.844709,17.982466,-218.02072,72.929253,-360.95941,-75.082001,-217.0896,73.640152,-361.42163,-72.757545
-15.9,27,-16.077976,10.312295,-36.289703,4.1337509,-.92895609,9.6275253,-19.798559,17.940647,-217.51369,72.759651,-360.12,-74.907394,-216.58473,73.468895,-360.58112,-72.588341
-15.8,27,-16.040499,10.288258,-36.205112,4.124115,-.92679071,9.6050835,-19.752409,17.898827,-217.00667,72.59005,-359.28055,-74.732788,-216.07988,73.297638,-359.7406,-72.419144
-15.7,27,-16.003021,10.264219,-36.120522,4.1144791,-.92462534,9.5826416,-19.706259,17.857008,-216.49963,72.420448,-358.4411,-74.558174,-215.57501,73.126381,-358.90009,-72.249939
-15.6,27,-15.965544,10.240181,-36.035931,4.1048436,-.92245996,9.5601997,-19.660109,17.815187,-215.99261,72.250847,-357.60165,-74.383568,-215.07016,72.955124,-358.05957,-72.080734
-15.5,27,-15.928065,10.216144,-35.95134,4.0952077,-.92029452,9.5377579,-19.613956,17.773369,-215.4856,72.081238,-356.76224,-74.208954,-214.56529,72.783867,-357.21906,-71.91153
-15.4,27,-15.890588,10.192105,-35.866745,4.0855718,-.91812915,9.515316,-19.567806,17.731548,-214.97856,71.911636,-355.92279,-74.034348,-214.06044,72.612617,-356.37854,-71.742325
-15.3,27,-15.85311,10.168067,-35.782154,4.0759363,-.91596371,9.4928751,-19.521656,17.68973,-214.47154,71.742035,-355.08334,-73.859741,-213.55557,72.44136,-355.53802,-71.57312
-15.2,27,-15.815632,10.14403,-35.697563,4.0663004,-.91379833,9.4704332,-19.475506,17.647909,-213.96451,71.572433,-354.2439,-73.685127,-213.05072,72.270103,-354.69751,-71.403923
-15.1,27,-15.778154,10.119991,-35.612972,4.0566645,-.91163296,9.4479914,-19.429356,17.606089,-213.45749,71.402832,-353.40448,-73.510521,-212.54585,72.098846,-353.85699,-71.234718
-15,27,-15.740676,10.095953,-35.528381,4.0470285,-.90946752,9.4255495,-19.383205,17.56427,-212.95047,71.233223,-352.56503,-73.335907,-212.041,71.927589,-353.01648,-71.065514
-14.9,27,-15.703198,10.071916,-35.44379,4.0373931,-.90730214,9.4031076,-19.337053,17.522449,-212.44344,71.063622,-351.72559,-73.161301,-211.53613,71.756332,-352.17596,-70.896309
-14.8,27,-15.665721,10.047877,-35.3592,4.0277572,-.90513676,9.3806658,-19.290903,17.480631,-211.93642,70.89402,-350.88614,-72.986694,-211.03128,71.585075,-351.33545,-70.727104
-14.7,27,-15.628242,10.023839,-35.274609,4.0181212,-.90297133,9.3582239,-19.244753,17.43881,-211.42938,70.724419,-350.04669,-72.81208,-210.52641,71.413818,-350.49493,-70.557899
-14.6,27,-15.590765,9.9998016,-35.190018,4.0084858,-.90080595,9.3357821,-19.198603,17.396992,-210.92236,70.554817,-349.20728,-72.637474,-210.02156,71.242569,-349.65442,-70.388702
-14.5,27,-15.553288,9.9757633,-35.105423,3.9988499,-.89864051,9.3133402,-19.152452,17.355171,-210.41534,70.385208,-348.36783,-72.46286,-209.51669,71.071312,-348.8139,-70.219498
-14.4,27,-15.515809,9.951725,-35.020832,3.9892139,-.89647514,9.2908983,-19.106302,17.313351,-209.90831,70.215607,-347.52838,-72.288254,-209.01184,70.900055,-347.97339,-70.050293
-14.3,27,-15.478332,9.9276876,-34.936241,3.9795783,-.89430976,9.2684565,-19.060152,17.271532,-209.40129,70.046005,-346.68893,-72.113647,-208.50699,70.728798,-347.13287,-69.881088
-14.2,27,-15.440854,9.9036493,-34.85165,3.9699426,-.89214432,9.2460146,-19.014,17.229712,-208.89427,69.876404,-345.84949,-71.939034,-208.00212,70.557541,-346.29236,-69.711884
-14.1,27,-15.403377,9.879612,-34.767059,3.9603066,-.88997895,9.2235737,-18.96785,17.187893,-208.38724,69.706802,-345.01007,-71.764427,-207.49727,70.386284,-345.45184,-69.542679
-14,27,-15.365898,9.8555737,-34.682468,3.950671,-.88781357,9.2011318,-18.9217,17.146072,-207.88022,69.537193,-344.17062,-71.589813,-206.9924,70.215027,-344.61133,-69.373474
-13.9,27,-15.328421,9.8315353,-34.597878,3.941035,-.88564813,9.17869,-18.875549,17.104254,-207.37318,69.367592,-343.33118,-71.415207,-206.48755,70.04377,-343.77081,-69.204269
-13.8,27,-15.290943,9.807498,-34.513287,3.9313993,-.88348275,9.1562481,-18.829399,17.062433,-206.86617,69.19799,-342.49173,-71.240601,-205.98268,69.872513,-342.9303,-69.035072
-13.7,27,-15.253465,9.7834597,-34.428692,3.9217634,-.88131732,9.1338062,-18.783249,17.020615,-206.35915,69.028389,-341.65228,-71.065987,-205.47783,69.701256,-342.08978,-68.865868
-13.6,27,-15.215987,9.7594213,-34.344101,3.9121277,-.87915194,9.1113644,-18.737099,16.978794,-205.85211,68.858788,-340.81287,-70.89138,-204.97296,69.530006,-341.24927,-68.696663
-13.5,27,-15.17851,9.735384,-34.25951,3.902492,-.87698656,9.0889225,-18.690947,16.936974,-205.34509,68.689178,-339.97342,-70.716774,-204.46811,69.358749,-340.40875,-68.527458
-13.4,27,-15.141031,9.7113457,-34.174919,3.8928561,-.87482113,9.0664806,-18.644796,16.895155,-204.83806,68.519577,-339.13397,-70.54216,-203.96324,69.187492,-339.56824,-68.358253
-13.3,27,-15.103554,9.6873074,-34.090328,3.8832204,-.87265575,9.0440388,-18.598646,16.853334,-204.33104,68.349976,-338.29453,-70.367554,-203.45839,69.016235,-338.72772,-68.189049
-13.2,27,-15.066076,9.66327,-34.005737,3.8735845,-.87049037,9.0215969,-18.552496,16.811516,-203.82402,68.180374,-337.45508,-70.19294,-202.95352,68.844978,-337.88721,-68.019844
-13.1,27,-15.028599,9.6392317,-33.921146,3.8639488,-.86832494,8.999156,-18.506346,16.769695,-203.317,68.010773,-336.61566,-70.018333,-202.44867,68.673721,-337.04669,-67.850647
-13,27,-14.99112,9.6151934,-33.836555,3.8543131,-.86615956,8.9767141,-18.460196,16.727877,-202.80997,67.841164,-335.77621,-69.843727,-201.9438,68.502464,-336.20618,-67.681442
-12.9,27,-14.953643,9.591156,-33.751961,3.8446772,-.86399412,8.9542723,-18.414045,16.686056,-202.30295,67.671562,-334.93677,-69.669113,-201.43895,68.331207,-335.36566,-67.512238
-12.8,27,-14.916164,9.5671177,-33.66737,3.8350415,-.86182874,8.9318304,-18.367893,16.644238,-201.79591,67.501961,-334.09732,-69.494507,-200.93408,68.159958,-334.52515,-67.343033
-12.7,27,-14.878687,9.5430794,-33.582779,3.8254056,-.85966337,8.9093885,-18.321743,16.602417,-201.28889,67.332359,-333.25787,-69.319893,-200.42923,67.988701,-333.68463,-67.173828
-12.6,27,-14.841209,9.519042,-33.498188,3.8157699,-.85749799,8.8869467,-18.275593,16.560596,-200.78188,67.162758,-332.41846,-69.145287,-199.92438,67.817444,-332.84412,-67.004623
-12.5,27,-14.803731,9.4950037,-33.413597,3.8061342,-.85533255,8.8645048,-18.229443,16.518778,-200.27484,66.993149,-331.57901,-68.97068,-199.41951,67.646187,-332.0036,-66.835419
-12.4,27,-14.766253,9.4709654,-33.329006,3.7964983,-.85316718,8.842063,-18.183292,16.476957,-199.76782,66.823547,-330.73956,-68.796066,-198.91464,67.47493,-331.16309,-66.666222
-12.3,27,-14.728776,9.446928,-33.244415,3.7868626,-.85100174,8.8196211,-18.137142,16.435139,-199.26079,66.653946,-329.90012,-68.62146,-198.40979,67.303673,-330.32257,-66.497017
-12.2,27,-14.691298,9.4228897,-33.159824,3.7772267,-.84883636,8.7971792,-18.090992,16.393318,-198.75377,66.484344,-329.0607,-68.446846,-197.90494,67.132416,-329.48206,-66.327812
-12.1,27,-14.65382,9.3988523,-33.075233,3.767591,-.84667099,8.7747374,-18.044842,16.3515,-198.24675,66.314743,-328.22125,-68.27224,-197.40007,66.961159,-328.64154,-66.158607
-12,27,-14.616343,9.374814,-32.990639,3.7579553,-.84450555,8.7522955,-17.99869,16.309679,-197.73972,66.145134,-327.38181,-68.097633,-196.89522,66.789902,-327.80103,-65.989403
-11.9,27,-14.578864,9.3507757,-32.906048,3.7483194,-.84234017,8.7298536,-17.952539,16.267859,-197.2327,65.975533,-326.54236,-67.923019,-196.39035,66.618645,-326.96051,-65.820198
-11.8,27,-14.541387,9.3267384,-32.821457,3.7386837,-.84017479,8.7074127,-17.906389,16.22604,-196.72566,65.805931,-325.70291,-67.748413,-195.8855,66.447395,-326.12,-65.651001
-11.7,27,-14.503909,9.3027,-32.736866,3.7290478,-.83800936,8.6849709,-17.860239,16.184219,-196.21864,65.63633,-324.86349,-67.573799,-195.38063,66.276138,-325.27948,-65.481796
-11.6,27,-14.466432,9.2786617,-32.652275,3.7194121,-.83584398,8.662529,-17.814089,16.142401,-195.71162,65.466728,-324.02405,-67.399193,-194.87578,66.104881,-324.43896,-65.312592
-11.5,27,-14.428953,9.2546244,-32.567684,3.7097764,-.83367854,8.6400871,-17.767939,16.10058,-195.20459,65.297119,-323.1846,-67.224586,-194.37091,65.933624,-323.59845,-65.143387
-11.4,27,-14.391476,9.2305861,-32.483089,3.7001405,-.83151317,8.6176453,-17.721786,16.058762,-194.69757,65.127518,-322.34515,-67.049973,-193.86606,65.762367,-322.75793,-64.974182
-11.3,27,-14.353998,9.2065477,-32.398499,3.6905048,-.82934779,8.5952034,-17.675636,16.016941,-194.19055,64.957916,-321.50574,-66.875366,-193.36119,65.59111,-321.91742,-64.804977
-11.2,27,-14.31652,9.1825104,-32.313908,3.6808689,-.82718235,8.5727615,-17.629486,15.975121,-193.68352,64.788315,-320.66629,-66.700752,-192.85634,65.419853,-321.0769,-64.635773
-11.1,27,-14.279042,9.1584721,-32.229317,3.6712332,-.82501698,8.5503197,-17.583336,15.933302,-193.1765,64.618713,-319.82684,-66.526146,-192.35149,65.248604,-320.23639,-64.466576
-11,27,-14.241565,9.1344337,-32.144726,3.6615975,-.8228516,8.5278778,-17.537186,15.891482,-192.66946,64.449112,-318.9874,-66.35154,-191.84662,65.077347,-319.39587,-64.297371
-10.9,27,-14.204086,9.1103964,-32.060135,3.6519616,-.82068616,8.5054359,-17.491035,15.849662,-192.16245,64.279503,-318.14795,-66.176926,-191.34175,64.90609,-318.55536,-64.128166
-10.8,27,-14.166609,9.0863581,-31.975544,3.6423259,-.81852078,8.4829941,-17.444885,15.807843,-191.65543,64.109901,-317.30853,-66.002319,-190.8369,64.734833,-317.71484,-63.958961
-10.7,27,-14.129131,9.0623198,-31.890951,3.63269,-.81635541,8.4605522,-17.398733,15.766023,-191.14839,63.9403,-316.46909,-65.827713,-190.33203,64.563576,-316.87433,-63.789757
-10.6,27,-14.091653,9.0382824,-31.80636,3.6230543,-.81418997,8.4381113,-17.352583,15.724203,-190.64137,63.770699,-315.62964,-65.653099,-189.82718,64.392319,-316.03381,-63.620556
-10.5,27,-14.054175,9.0142441,-31.721769,3.6134186,-.81202459,8.4156694,-17.306433,15.682384,-190.13434,63.601093,-314.79019,-65.478493,-189.32233,64.221062,-315.1933,-63.451351
-10.4,27,-14.016697,8.9902058,-31.637178,3.6037827,-.80985916,8.3932276,-17.260283,15.640564,-189.62732,63.431492,-313.95074,-65.303879,-188.81746,64.049805,-314.35278,-63.282146
-10.3,27,-13.979219,8.9661684,-31.552588,3.594147,-.80769378,8.3707857,-17.214132,15.598744,-189.1203,63.261887,-313.11133,-65.129272,-188.31261,63.878551,-313.51227,-63.112942
-10.2,27,-13.941742,8.9421301,-31.467995,3.584511,-.8055284,8.3483438,-17.167982,15.556925,-188.61327,63.092285,-312.27188,-64.954666,-187.80774,63.707294,-312.67175,-62.943741
-10.1,27,-13.904264,8.9180927,-31.383404,3.5748754,-.80336303,8.325902,-17.121832,15.515105,-188.10625,62.922684,-311.43243,-64.780052,-187.30289,63.536037,-311.83124,-62.774536
-10,27,-13.866786,8.8940544,-31.298813,3.5652397,-.80119759,8.3034601,-17.07568,15.473286,-187.59921,62.753078,-310.59299,-64.605446,-186.79802,63.36478,-310.99072,-62.605331
-9.9,27,-13.829309,8.8700161,-31.21422,3.5556037,-.79903221,8.2810183,-17.02953,15.431465,-187.09219,62.583477,-309.75354,-64.430832,-186.29317,63.193523,-310.15021,-62.436127
-9.800000000000001,27,-13.791831,8.8459787,-31.129629,3.5459681,-.79686677,8.2585764,-16.983379,15.389646,-186.58517,62.413872,-308.91412,-64.256226,-185.7883,63.02227,-309.30969,-62.266926
-9.699999999999999,27,-13.754353,8.8219404,-31.045038,3.5363321,-.7947014,8.2361345,-16.937229,15.347826,-186.07814,62.24427,-308.07468,-64.081619,-185.28345,62.851013,-308.46918,-62.097721
-9.6,27,-13.716875,8.7979021,-30.960447,3.5266964,-.79253602,8.2136927,-16.891079,15.306006,-185.57112,62.074669,-307.23523,-63.907009,-184.77858,62.679756,-307.62866,-61.92852
-9.5,27,-13.679398,8.7738647,-30.875854,3.5170608,-.79037058,8.1912508,-16.844929,15.264187,-185.0641,61.905064,-306.39578,-63.732399,-184.27373,62.508499,-306.78815,-61.759315
-9.4,27,-13.641919,8.7498264,-30.791264,3.5074248,-.78820521,8.1688089,-16.798777,15.222367,-184.55707,61.735462,-305.55634,-63.557789,-183.76886,62.337242,-305.9476,-61.590111
-9.300000000000001,27,-13.604442,8.7257881,-30.706673,3.4977891,-.78603983,8.146368,-16.752626,15.180548,-184.05005,61.565861,-304.71692,-63.383179,-183.26401,62.165989,-305.10712,-61.420906
-9.199999999999999,27,-13.566964,8.7017508,-30.622082,3.4881532,-.78387439,8.1239262,-16.706476,15.138727,-183.54301,61.396255,-303.87747,-63.208569,-182.75914,61.994732,-304.2666,-61.251705
-9.1,27,-13.529487,8.6777124,-30.537491,3.4785175,-.78170902,8.1014843,-16.660326,15.096909,-183.036,61.226654,-303.03802,-63.033962,-182.25429,61.823475,-303.42609,-61.0825
-9,27,-13.492008,8.6536741,-30.452898,3.4688818,-.77954358,8.0790424,-16.614176,15.055088,-182.52898,61.057049,-302.19858,-62.859352,-181.74942,61.652222,-302.58557,-60.913296
-8.9,27,-13.454531,8.6296368,-30.368307,3.4592459,-.7773782,8.0566006,-16.568026,15.013268,-182.02194,60.887447,-301.35913,-62.684742,-181.24457,61.480965,-301.74503,-60.744091
-8.800000000000001,27,-13.417053,8.6055984,-30.283716,3.4496102,-.77521282,8.0341587,-16.521875,14.971449,-181.51492,60.717846,-300.51971,-62.510132,-180.73972,61.309708,-300.90454,-60.57489
-8.699999999999999,27,-13.379575,8.5815601,-30.199123,3.4399743,-.77304739,8.0117168,-16.475723,14.929629,-181.00789,60.548241,-299.68027,-62.335522,-180.23485,61.138451,-300.064,-60.405685
-8.6,27,-13.342097,8.5575228,-30.114532,3.4303386,-.77088201,7.9892755,-16.429573,14.88781,-180.50087,60.378639,-298.84082,-62.160915,-179.73,60.967197,-299.22351,-60.236485
-8.5,27,-13.30462,8.5334845,-30.029942,3.4207029,-.76871663,7.9668336,-16.383423,14.84599,-179.99385,60.209034,-298.00137,-61.986305,-179.22513,60.79594,-298.38297,-60.06728
-8.4,27,-13.267141,8.5094461,-29.945351,3.411067,-.7665512,7.9443917,-16.337273,14.80417,-179.48682,60.039433,-297.16196,-61.811695,-178.72026,60.624683,-297.54245,-59.898075
-8.300000000000001,27,-13.229664,8.4854088,-29.86076,3.4014313,-.76438582,7.9219499,-16.291122,14.762351,-178.9798,59.869831,-296.32251,-61.637085,-178.21541,60.453426,-296.70197,-59.72887
-8.199999999999999,27,-13.192185,8.4613705,-29.776167,3.3917954,-.76222038,7.899508,-16.244972,14.720531,-178.47276,59.700226,-295.48306,-61.462475,-177.71056,60.282169,-295.86142,-59.559666
-8.1,27,-13.154708,8.4373322,-29.691576,3.3821597,-.76005501,7.8770661,-16.198822,14.678711,-177.96574,59.530624,-294.64362,-61.287868,-177.20569,60.110916,-295.02094,-59.390465
-8,27,-13.11723,8.4132948,-29.606985,3.372524,-.75788963,7.8546243,-16.15267,14.636891,-177.45872,59.361019,-293.8042,-61.113258,-176.70084,59.939659,-294.18039,-59.22126
-7.9,27,-13.079753,8.3892565,-29.522394,3.3628881,-.75572419,7.8321829,-16.10652,14.595072,-176.95169,59.191418,-292.96475,-60.938648,-176.19597,59.768402,-293.33987,-59.052055
-7.8,27,-13.042274,8.3652182,-29.437801,3.3532524,-.75355881,7.809741,-16.060369,14.553252,-176.44467,59.021816,-292.12531,-60.764042,-175.69112,59.597145,-292.49936,-58.882854
-7.7,27,-13.004797,8.3411808,-29.35321,3.3436165,-.75139344,7.7872992,-16.014219,14.511433,-175.93765,58.852211,-291.28586,-60.589432,-175.18625,59.425888,-291.65884,-58.71365
-7.6,27,-12.967319,8.3171425,-29.26862,3.3339808,-.749228,7.7648573,-15.968069,14.469613,-175.43062,58.68261,-290.44641,-60.414822,-174.6814,59.254635,-290.81833,-58.544445
-7.5,27,-12.929841,8.2931042,-29.184027,3.3243451,-.74706262,7.7424154,-15.921918,14.427793,-174.9236,58.513008,-289.60699,-60.240211,-174.17653,59.083378,-289.97781,-58.375244
-7.4,27,-12.892364,8.2690668,-29.099436,3.3147092,-.74489725,7.7199736,-15.875768,14.385973,-174.41656,58.343403,-288.76755,-60.065601,-173.67168,58.912121,-289.1373,-58.206039
-7.3,27,-12.854886,8.2450285,-29.014845,3.3050735,-.74273181,7.6975322,-15.829618,14.344153,-173.90955,58.173801,-287.9281,-59.890995,-173.16681,58.740864,-288.29678,-58.036835
-7.2,27,-12.817408,8.2209902,-28.930254,3.2954376,-.74056643,7.6750903,-15.783466,14.302334,-173.40253,58.004196,-287.08865,-59.716385,-172.66196,58.569607,-287.45627,-57.86763
-7.1,27,-12.77993,8.1969528,-28.845661,3.2858019,-.738401,7.6526484,-15.737316,14.260514,-172.89549,57.834595,-286.24921,-59.541775,-172.15709,58.398354,-286.61575,-57.698429
-7,27,-12.742453,8.1729145,-28.76107,3.2761662,-.73623562,7.6302066,-15.691166,14.218695,-172.38847,57.664993,-285.40979,-59.367165,-171.65224,58.227097,-285.77524,-57.529224
-6.9,27,-12.704974,8.1488771,-28.676479,3.2665303,-.73407024,7.6077647,-15.645016,14.176875,-171.88145,57.495388,-284.57034,-59.192554,-171.14738,58.05584,-284.93472,-57.36002
-6.8,27,-12.667497,8.1248388,-28.591888,3.2568946,-.7319048,7.5853229,-15.598865,14.135056,-171.37442,57.325787,-283.7309,-59.017948,-170.64252,57.884586,-284.09421,-57.190819
-6.7,27,-12.630019,8.1008005,-28.507296,3.2472587,-.72973943,7.562881,-15.552714,14.093235,-170.8674,57.156181,-282.89145,-58.843338,-170.13765,57.713329,-283.25369,-57.021614
-6.6,27,-12.592541,8.0767632,-28.422705,3.237623,-.72757405,7.5404396,-15.506564,14.051415,-170.36037,56.98658,-282.052,-58.668728,-169.6328,57.542072,-282.41318,-56.852409
-6.5,27,-12.555063,8.0527248,-28.338114,3.2279873,-.72540861,7.5179977,-15.460413,14.009596,-169.85335,56.816978,-281.21259,-58.494118,-169.12794,57.370815,-281.57266,-56.683205
-6.4,27,-12.517586,8.0286865,-28.253523,3.2183514,-.72324324,7.4955559,-15.414263,13.967776,-169.34633,56.647373,-280.37314,-58.319511,-168.62308,57.199558,-280.73215,-56.514004
-6.3,27,-12.480107,8.0046492,-28.168932,3.2087157,-.72107786,7.473114,-15.368113,13.925957,-168.83929,56.477772,-279.53369,-58.144901,-168.11823,57.028305,-279.89163,-56.344799
-6.2,27,-12.44263,7.9806108,-28.084339,3.1990798,-.71891242,7.4506721,-15.321961,13.884137,-168.33228,56.308167,-278.69424,-57.970291,-167.61336,56.857048,-279.05112,-56.175594
-6.1,27,-12.405152,7.956573,-27.999748,3.1894441,-.71674705,7.4282308,-15.275811,13.842318,-167.82524,56.138565,-277.85483,-57.795681,-167.10851,56.685791,-278.2106,-56.006393
-6,27,-12.367674,7.9325347,-27.915157,3.1798084,-.71458161,7.4057889,-15.229661,13.800498,-167.31822,55.968964,-277.01538,-57.621071,-166.60364,56.514534,-277.37009,-55.837189
-5.9,27,-12.330196,7.9084969,-27.830566,3.1701725,-.71241623,7.383347,-15.183511,13.758678,-166.8112,55.799358,-276.17593,-57.446465,-166.09879,56.343277,-276.52957,-55.667984
-5.8,27,-12.292719,7.884459,-27.745974,3.1605368,-.71025085,7.3609052,-15.13736,13.716858,-166.30417,55.629757,-275.33649,-57.271854,-165.59392,56.172024,-275.68906,-55.498783
-5.7,27,-12.25524,7.8604207,-27.661383,3.1509008,-.70808542,7.3384633,-15.091209,13.675038,-165.79715,55.460152,-274.49704,-57.097244,-165.08907,56.000767,-274.84854,-55.329578
-5.6,27,-12.217763,7.8363829,-27.576792,3.1412652,-.70592004,7.3160214,-15.045059,13.633219,-165.29012,55.29055,-273.65762,-56.922634,-164.5842,55.82951,-274.00803,-55.160374
-5.5,27,-12.180285,7.812345,-27.492201,3.1316295,-.70375466,7.2935801,-14.998908,13.591399,-164.7831,55.120949,-272.81818,-56.748024,-164.07935,55.658253,-273.16751,-54.991169
-5.4,27,-12.142808,7.7883072,-27.407608,3.1219935,-.70158923,7.2711382,-14.952758,13.54958,-164.27608,54.951344,-271.97873,-56.573418,-163.57448,55.487,-272.327,-54.821968
-5.3,27,-12.10533,7.7642689,-27.323017,3.1123579,-.69942385,7.2486963,-14.906608,13.50776,-163.76904,54.781742,-271.13928,-56.398808,-163.06963,55.315742,-271.48648,-54.652763
-5.2,27,-12.067852,7.740231,-27.238426,3.1027219,-.69725841,7.2262545,-14.860456,13.46594,-163.26202,54.612141,-270.29984,-56.224197,-162.56476,55.144485,-270.64597,-54.483559
-5.1,27,-12.030375,7.7161927,-27.153835,3.0930862,-.69509304,7.2038126,-14.814306,13.42412,-162.755,54.442535,-269.46042,-56.049587,-162.05991,54.973228,-269.80545,-54.314354
-5,27,-11.992896,7.6921549,-27.069242,3.0834506,-.69292766,7.1813707,-14.768156,13.3823,-162.24797,54.272934,-268.62097,-55.874981,-161.55505,54.801971,-268.96494,-54.145153
-4.9,27,-11.955419,7.668117,-26.984652,3.0738146,-.69076222,7.1589293,-14.722006,13.340481,-161.74095,54.103329,-267.78152,-55.700371,-161.05019,54.630718,-268.12442,-53.975948
-4.8,27,-11.917941,7.6440792,-26.900061,3.0641789,-.68859684,7.1364875,-14.675855,13.298661,-161.23393,53.933727,-266.94208,-55.525761,-160.54533,54.459461,-267.28391,-53.806744
-4.7,27,-11.880463,7.6200409,-26.815468,3.054543,-.68643147,7.1140456,-14.629704,13.256842,-160.7269,53.764126,-266.10263,-55.351151,-160.04047,54.288204,-266.44339,-53.637543
-4.6,27,-11.842985,7.5960031,-26.730877,3.0449073,-.68426603,7.0916038,-14.583554,13.215022,-160.21988,53.594521,-265.26321,-55.17654,-159.53561,54.116947,-265.60287,-53.468338
-4.5,27,-11.805508,7.5719652,-26.646286,3.0352716,-.68210065,7.0691619,-14.537404,13.173203,-159.71284,53.424919,-264.42377,-55.001934,-159.03075,53.945694,-264.76236,-53.299133
-4.4,27,-11.768029,7.5479269,-26.561695,3.0256357,-.67993528,7.04672,-14.491253,13.131383,-159.20583,53.255318,-263.58432,-54.827324,-158.52589,53.774437,-263.92184,-53.129932
-4.3,27,-11.730552,7.5238891,-26.477104,3.016,-.67776984,7.0242786,-14.445103,13.089563,-158.69881,53.085712,-262.74487,-54.652714,-158.02103,53.60318,-263.08133,-52.960728
-4.2,27,-11.693074,7.4998512,-26.392511,3.0063641,-.67560446,7.0018368,-14.398952,13.047743,-158.19177,52.916111,-261.90546,-54.478104,-157.51617,53.431923,-262.24081,-52.791523
-4.1,27,-11.655596,7.4758129,-26.30792,2.9967284,-.67343903,6.9793949,-14.352801,13.005923,-157.68475,52.746506,-261.06601,-54.303493,-157.01131,53.260666,-261.4003,-52.622318
-4,27,-11.618118,7.4517751,-26.22333,2.9870927,-.67127365,6.956953,-14.306651,12.964104,-157.17772,52.576904,-260.22656,-54.128887,-156.50645,53.089413,-260.55978,-52.453117
-3.9,27,-11.580641,7.4277372,-26.138739,2.9774568,-.66910827,6.9345112,-14.260501,12.922284,-156.6707,52.407303,-259.38712,-53.954277,-156.00159,52.918156,-259.71927,-52.283913
-3.8,27,-11.543162,7.4036994,-26.054146,2.9678211,-.66694283,6.9120693,-14.21435,12.880465,-156.16368,52.237698,-258.54767,-53.779667,-155.49673,52.746899,-258.87875,-52.114708
-3.7,27,-11.505685,7.3796611,-25.969555,2.9581852,-.66477746,6.8896279,-14.1682,12.838645,-155.65665,52.068096,-257.70825,-53.605057,-154.99187,52.575642,-258.03824,-51.945507
-3.6,27,-11.468207,7.3556232,-25.884964,2.9485495,-.66261208,6.8671861,-14.122049,12.796825,-155.14963,51.898491,-256.8688,-53.43045,-154.48701,52.404388,-257.19772,-51.776302
-3.5,27,-11.430729,7.3315854,-25.800373,2.9389138,-.66044664,6.8447442,-14.075899,12.755006,-154.64259,51.728889,-256.02936,-53.25584,-153.98215,52.233131,-256.35721,-51.607098
-3.4,27,-11.393251,7.3075471,-25.71578,2.9292779,-.65828127,6.8223023,-14.029748,12.713185,-154.13557,51.559288,-255.18993,-53.08123,-153.47729,52.061874,-255.51669,-51.437897
-3.3,27,-11.355774,7.2835093,-25.631189,2.9196422,-.65611589,6.7998605,-13.983598,12.671366,-153.62856,51.389683,-254.35048,-52.90662,-152.97243,51.890617,-254.67618,-51.268692
-3.2,27,-11.318295,7.2594714,-25.546598,2.9100063,-.65395045,6.7774186,-13.937448,12.629546,-153.12152,51.220081,-253.51103,-52.73201,-152.46758,51.719364,-253.83566,-51.099487
-3.1,27,-11.280818,7.2354331,-25.462008,2.9003706,-.65178508,6.7549772,-13.891296,12.587727,-152.6145,51.050476,-252.6716,-52.557404,-151.96271,51.548107,-252.99515,-50.930283
-3,27,-11.24334,7.2113953,-25.377415,2.8907349,-.64961964,6.7325354,-13.845146,12.545907,-152.10748,50.880875,-251.83215,-52.382793,-151.45786,51.37685,-252.15463,-50.761082
-2.9,27,-11.205862,7.1873574,-25.292824,2.881099,-.64745426,6.7100935,-13.798996,12.504087,-151.60045,50.711273,-250.99272,-52.208183,-150.953,51.205593,-251.31412,-50.591877
-2.8,27,-11.168385,7.1633191,-25.208233,2.8714633,-.64528888,6.6876516,-13.752846,12.462268,-151.09343,50.541668,-250.15327,-52.033573,-150.44814,51.034336,-250.4736,-50.422672
-2.7,27,-11.130907,7.1392813,-25.123642,2.8618274,-.64312345,6.6652098,-13.706695,12.420448,-150.5864,50.372066,-249.31384,-51.858967,-149.94328,50.863083,-249.63309,-50.253471
-2.6,27,-11.093429,7.1152434,-25.039049,2.8521917,-.64095807,6.6427679,-13.660544,12.378628,-150.07938,50.202465,-248.4744,-51.684357,-149.43842,50.691826,-248.79257,-50.084267
-2.5,27,-11.055951,7.0912056,-24.954458,2.842556,-.63879269,6.6203265,-13.614394,12.336808,-149.57236,50.03286,-247.63495,-51.509747,-148.93356,50.520569,-247.95206,-49.915062
-2.4,27,-11.018474,7.0671673,-24.869867,2.8329201,-.63662726,6.5978847,-13.568243,12.294989,-149.06532,49.863258,-246.79552,-51.335136,-148.4287,50.349312,-247.11154,-49.745857
-2.3,27,-10.980995,7.0431294,-24.785276,2.8232844,-.63446188,6.5754428,-13.522093,12.253169,-148.5583,49.693653,-245.95607,-51.160526,-147.92384,50.178055,-246.27103,-49.576656
-2.2,27,-10.943518,7.0190916,-24.700684,2.8136485,-.6322965,6.5530009,-13.475943,12.211349,-148.05127,49.524052,-245.11664,-50.98592,-147.41898,50.006802,-245.43051,-49.407452
-2.1,27,-10.90604,6.9950533,-24.616093,2.8040128,-.63013107,6.5305591,-13.429791,12.16953,-147.54425,49.35445,-244.27719,-50.81131,-146.91412,49.835545,-244.59,-49.238247
-2,27,-10.868563,6.9710155,-24.531502,2.7943771,-.62796569,6.5081172,-13.383641,12.12771,-147.03723,49.184845,-243.43776,-50.6367,-146.40926,49.664288,-243.74948,-49.069046
-1.9,27,-10.831084,6.9469776,-24.446911,2.7847412,-.62580025,6.4856758,-13.337491,12.085891,-146.5302,49.015244,-242.59831,-50.46209,-145.9044,49.493031,-242.90897,-48.899841
-1.8,27,-10.793607,6.9229393,-24.362318,2.7751055,-.62363487,6.4632339,-13.291341,12.04407,-146.02318,48.845638,-241.75887,-50.287479,-145.39954,49.321777,-242.06845,-48.730637
-1.7,27,-10.756129,6.8989015,-24.277727,2.7654696,-.6214695,6.4407921,-13.24519,12.002251,-145.51616,48.676037,-240.91943,-50.112873,-144.89468,49.15052,-241.22794,-48.561432
-1.6,27,-10.718651,6.8748636,-24.193136,2.7558339,-.61930406,6.4183502,-13.199039,11.960431,-145.00912,48.506435,-240.07999,-49.938263,-144.38982,48.979263,-240.38742,-48.392231
-1.5,27,-10.681173,6.8508253,-24.108545,2.7461982,-.61713868,6.3959084,-13.152889,11.918612,-144.50211,48.33683,-239.24055,-49.763653,-143.88496,48.808006,-239.54691,-48.223026
-1.4,27,-10.643696,6.8267875,-24.023952,2.7365623,-.61497331,6.3734665,-13.106738,11.876792,-143.99507,48.167229,-238.40111,-49.589043,-143.3801,48.636753,-238.70639,-48.053822
-1.3,27,-10.606217,6.8027496,-23.939362,2.7269266,-.61280787,6.3510251,-13.060588,11.834972,-143.48805,47.997623,-237.56168,-49.414436,-142.87524,48.465496,-237.86588,-47.884621
-1.2,27,-10.56874,6.7787118,-23.854771,2.7172906,-.61064249,6.3285832,-13.014438,11.793153,-142.98103,47.828022,-236.72223,-49.239826,-142.37039,48.294239,-237.02536,-47.715416
-1.1,27,-10.531262,6.7546735,-23.77018,2.707655,-.60847712,6.3061414,-12.968287,11.751333,-142.474,47.658421,-235.88278,-49.065216,-141.86552,48.122982,-236.18484,-47.546211
-1,27,-10.493784,6.7306356,-23.685587,2.6980193,-.60631168,6.2836995,-12.922136,11.709513,-141.96698,47.488815,-235.04335,-48.890606,-141.36067,47.951725,-235.34433,-47.377007
-.9,27,-10.456306,6.7065978,-23.600996,2.6883833,-.6041463,6.2612576,-12.875986,11.667693,-141.45995,47.319214,-234.2039,-48.715996,-140.8558,47.780472,-234.5038,-47.207806
-.8,27,-10.418829,6.6825595,-23.516405,2.6787477,-.60198087,6.2388158,-12.829836,11.625874,-140.95293,47.149612,-233.36447,-48.541389,-140.35095,47.609215,-233.66328,-47.038601
-.7,27,-10.381351,6.6585217,-23.431814,2.6691117,-.59981549,6.2163744,-12.783685,11.584054,-140.44591,46.980007,-232.52502,-48.366779,-139.84608,47.437958,-232.82277,-46.869396
-.6,27,-10.343873,6.6344838,-23.347221,2.659476,-.59765011,6.1939325,-12.737535,11.542234,-139.93887,46.810406,-231.68559,-48.192169,-139.34123,47.266701,-231.98225,-46.700195
-.5,27,-10.306396,6.6104455,-23.26263,2.6498404,-.59548467,6.1714907,-12.691384,11.500415,-139.43185,46.6408,-230.84615,-48.017559,-138.83636,47.095448,-231.14174,-46.530991
-.4,27,-10.268917,6.5864077,-23.17804,2.6402044,-.5933193,6.1490488,-12.645233,11.458595,-138.92484,46.471199,-230.0067,-47.842953,-138.33151,46.924191,-230.30122,-46.361786
-.3,27,-10.23144,6.5623698,-23.093449,2.6305687,-.59115392,6.1266069,-12.599083,11.416776,-138.4178,46.301598,-229.16727,-47.668343,-137.82664,46.752934,-229.46071,-46.192585
-.2,27,-10.193962,6.538332,-23.008856,2.6209328,-.58898848,6.1041651,-12.552933,11.374955,-137.91078,46.131992,-228.32782,-47.493732,-137.32179,46.581676,-228.62019,-46.02338
-.1,27,-10.156484,6.5142937,-22.924265,2.6112971,-.58682311,6.0817237,-12.506783,11.333136,-137.40375,45.962391,-227.48839,-47.319122,-136.81693,46.410419,-227.77968,-45.854176
0,27,-10.119006,6.4902558,-22.839674,2.6016614,-.58465773,6.0592818,-12.460631,11.291316,-136.89673,45.792786,-226.64894,-47.144512,-136.31207,46.239166,-226.93916,-45.684971
.1,27,-10.081529,6.466218,-22.755083,2.5920255,-.58249229,6.03684,-12.414481,11.249496,-136.38971,45.623184,-225.80949,-46.969906,-135.80721,46.067909,-226.09865,-45.51577
.2,27,-10.04405,6.4421797,-22.67049,2.5823898,-.58032691,6.0143981,-12.368331,11.207677,-135.88268,45.453583,-224.97006,-46.795296,-135.30235,45.896652,-225.25813,-45.346565
.3,27,-10.006573,6.4181418,-22.585899,2.5727539,-.57816148,5.9919562,-12.32218,11.165857,-135.37566,45.283978,-224.13062,-46.620686,-134.79749,45.725395,-224.41762,-45.177361
.4,27,-9.9690952,6.394104,-22.501308,2.5631182,-.5759961,5.9695144,-12.27603,11.124038,-134.86862,45.114376,-223.29118,-46.446075,-134.29263,45.554142,-223.5771,-45.00816
.5,27,-9.9316168,6.3700657,-22.416718,2.5534825,-.57383072,5.947073,-12.229879,11.082218,-134.3616,44.944775,-222.45174,-46.271465,-133.78777,45.382885,-222.73659,-44.838955
.6,27,-9.8941393,6.3460279,-22.332125,2.5438466,-.57166529,5.9246311,-12.183729,11.040398,-133.85458,44.775169,-221.6123,-46.096859,-133.28291,45.211628,-221.89607,-44.66975
.7,27,-9.8566618,6.32199,-22.247534,2.5342109,-.56949991,5.9021893,-12.137578,10.998578,-133.34755,44.605568,-220.77286,-45.922249,-132.77806,45.040371,-221.05556,-44.500546
.8,27,-9.8191843,6.2979517,-22.162943,2.524575,-.56733453,5.8797474,-12.091428,10.956758,-132.84053,44.435963,-219.93341,-45.747639,-132.27319,44.869114,-220.21504,-44.331345
.9,27,-9.7817059,6.2739139,-22.078352,2.5149393,-.5651691,5.8573055,-12.045278,10.914939,-132.33351,44.266361,-219.09398,-45.573029,-131.76834,44.697861,-219.37453,-44.16214
1,27,-9.7442284,6.249876,-21.993759,2.5053034,-.56300372,5.8348637,-11.999126,10.873119,-131.82648,44.09676,-218.25453,-45.398422,-131.26347,44.526604,-218.53401,-43.992935
1.1,27,-9.7067509,6.2258377,-21.909168,2.4956677,-.56083834,5.8124223,-11.952976,10.8313,-131.31946,43.927155,-217.4151,-45.223812,-130.75862,44.355347,-217.6935,-43.823734
1.2,27,-9.6692724,6.2017999,-21.824577,2.486032,-.5586729,5.7899804,-11.906826,10.78948,-130.81242,43.757553,-216.57565,-45.049202,-130.25375,44.18409,-216.85298,-43.65453
1.3,27,-9.6317949,6.177762,-21.739986,2.4763961,-.55650753,5.7675385,-11.860676,10.747661,-130.3054,43.587948,-215.73622,-44.874592,-129.7489,44.012836,-216.01247,-43.485325
1.4,27,-9.5943174,6.1537242,-21.655394,2.4667604,-.55434209,5.7450967,-11.814525,10.705841,-129.79839,43.418346,-214.89677,-44.699982,-129.24403,43.841579,-215.17195,-43.31612
1.5,27,-9.556839,6.1296859,-21.570803,2.4571245,-.55217671,5.7226548,-11.768374,10.664021,-129.29135,43.248745,-214.05733,-44.525375,-128.73918,43.670322,-214.33144,-43.146919
1.6,27,-9.5193615,6.105648,-21.486212,2.4474888,-.55001134,5.700213,-11.722224,10.622201,-128.78433,43.07914,-213.2179,-44.350765,-128.23431,43.499065,-213.49092,-42.977715
1.7,27,-9.481884,6.0816102,-21.401621,2.4378531,-.5478459,5.6777716,-11.676073,10.580381,-128.2773,42.909538,-212.37845,-44.176155,-127.72946,43.327808,-212.65041,-42.80851
1.8,27,-9.4444056,6.0575719,-21.317028,2.4282172,-.54568052,5.6553297,-11.629923,10.538562,-127.77028,42.739937,-211.53902,-44.001545,-127.2246,43.156555,-211.80989,-42.639309
1.9,27,-9.4069281,6.033534,-21.232437,2.4185815,-.54351515,5.6328878,-11.583773,10.496742,-127.26325,42.570332,-210.69957,-43.826939,-126.71974,42.985298,-210.96938,-42.470104
2,27,-9.3694506,6.0094962,-21.147846,2.4089456,-.54134971,5.610446,-11.537621,10.454923,-126.75623,42.40073,-209.86014,-43.652328,-126.21488,42.814041,-210.12886,-42.3009
2.1,27,-9.3319721,5.9854579,-21.063255,2.3993099,-.53918433,5.5880041,-11.491471,10.413103,-126.24921,42.231125,-209.02069,-43.477718,-125.71002,42.642784,-209.28835,-42.131699
2.2,27,-9.2944946,5.9614201,-20.978662,2.3896742,-.5370189,5.5655622,-11.445321,10.371284,-125.74218,42.061523,-208.18124,-43.303108,-125.20516,42.471531,-208.44783,-41.962494
2.3,27,-9.2570171,5.9373822,-20.894072,2.3800383,-.53485352,5.5431209,-11.399171,10.329463,-125.23515,41.891922,-207.34181,-43.128498,-124.7003,42.300274,-207.60732,-41.793289
2.4,27,-9.2195387,5.9133439,-20.809481,2.3704026,-.53268814,5.520679,-11.35302,10.287643,-124.72813,41.722317,-206.50237,-42.953892,-124.19544,42.129017,-206.7668,-41.624084
2.5,27,-9.1820612,5.8893061,-20.72489,2.3607666,-.5305227,5.4982371,-11.30687,10.245824,-124.22111,41.552715,-205.66293,-42.779282,-123.69058,41.95776,-205.92628,-41.454884
2.6,27,-9.1445837,5.8652682,-20.640299,2.351131,-.52835733,5.4757953,-11.260719,10.204004,-123.71408,41.38311,-204.82349,-42.604671,-123.18572,41.786503,-205.08577,-41.285679
2.7,27,-9.1071053,5.8412304,-20.555706,2.3414953,-.52619195,5.4533534,-11.214568,10.162185,-123.20705,41.213509,-203.98405,-42.430061,-122.68086,41.61525,-204.24525,-41.116474
2.8,27,-9.0696278,5.8171921,-20.471115,2.3318594,-.52402651,5.430912,-11.168418,10.120365,-122.70003,41.043907,-203.14461,-42.255451,-122.176,41.443993,-203.40474,-40.947273
2.9,27,-9.0321503,5.7931542,-20.386524,2.3222237,-.52186114,5.4084702,-11.122268,10.078546,-122.19301,40.874302,-202.30516,-42.080845,-121.67114,41.272736,-202.56422,-40.778069
3,27,-8.9946718,5.7691164,-20.301931,2.3125877,-.51969576,5.3860283,-11.076117,10.036726,-121.68598,40.7047,-201.46573,-41.906235,-121.16628,41.101479,-201.72371,-40.608864
3.1,27,-8.9571943,5.7450781,-20.21734,2.3029521,-.51753032,5.3635864,-11.029966,9.9949055,-121.17896,40.535099,-200.62628,-41.731625,-120.66142,40.930225,-200.88319,-40.439659
3.2,27,-8.9197168,5.7210402,-20.13275,2.2933164,-.51536494,5.3411446,-10.983816,9.9530859,-120.67193,40.365494,-199.78685,-41.557014,-120.15656,40.758968,-200.04268,-40.270458
3.3,27,-8.8822384,5.6970024,-20.048159,2.2836804,-.51319957,5.3187027,-10.937666,9.9112663,-120.16491,40.195892,-198.9474,-41.382408,-119.6517,40.587711,-199.20216,-40.101254
3.4,27,-8.8447609,5.6729641,-19.963566,2.2740448,-.51103413,5.2962608,-10.891515,9.8694468,-119.65788,40.026287,-198.10796,-41.207798,-119.14684,40.416454,-198.36165,-39.932049
3.5,27,-8.8072834,5.6489263,-19.878975,2.2644088,-.50886875,5.2738194,-10.845365,9.8276272,-119.15086,39.856686,-197.26852,-41.033188,-118.64199,40.245197,-197.52113,-39.762848
3.6,27,-8.7698059,5.6248884,-19.794384,2.2547731,-.50670332,5.2513776,-10.799214,9.7858076,-118.64383,39.687084,-196.42908,-40.858578,-118.13713,40.073944,-196.68062,-39.593643
3.7,27,-8.7323275,5.6008506,-19.709793,2.2451375,-.50453794,5.2289357,-10.753063,9.743988,-118.1368,39.517479,-195.58965,-40.683968,-117.63227,39.902687,-195.8401,-39.424438
3.8,27,-8.69485,5.5768123,-19.625202,2.2355015,-.50237256,5.2064939,-10.706913,9.7021685,-117.62978,39.347878,-194.7502,-40.509361,-117.12741,39.73143,-194.99959,-39.255234
3.9,27,-8.6573715,5.5527744,-19.540609,2.2258658,-.50020713,5.184052,-10.660763,9.6603479,-117.12276,39.178272,-193.91077,-40.334751,-116.62255,39.560173,-194.15906,-39.086033
4,27,-8.619894,5.5287366,-19.456018,2.2162299,-.49804175,5.1616101,-10.614613,9.6185284,-116.61573,39.008671,-193.07132,-40.160141,-116.11769,39.38892,-193.31856,-38.916828
4.1,27,-8.5824165,5.5046983,-19.371428,2.2065942,-.49587634,5.1391687,-10.568461,9.5767088,-116.1087,38.839069,-192.23189,-39.985531,-115.61283,39.217663,-192.47804,-38.747623
4.2,27,-8.544939,5.4806604,-19.286837,2.1969585,-.49371096,5.1167269,-10.522311,9.5348892,-115.60168,38.669464,-191.39244,-39.810925,-115.10797,39.046406,-191.63753,-38.578423
4.3,27,-8.5074606,5.4566226,-19.202244,2.1873226,-.49154556,5.094285,-10.476161,9.4930696,-115.09466,38.499863,-190.55299,-39.636314,-114.60311,38.875149,-190.797,-38.409218
4.4,27,-8.4699831,5.4325843,-19.117653,2.1776869,-.48938015,5.0718431,-10.43001,9.4512501,-114.58763,38.330257,-189.71356,-39.461704,-114.09825,38.703892,-189.95648,-38.240013
4.5,27,-8.4325056,5.4085464,-19.033062,2.168051,-.48721474,5.0494013,-10.38386,9.4094305,-114.0806,38.160656,-188.87411,-39.287094,-113.59339,38.532639,-189.11597,-38.070808
4.6,27,-8.3950272,5.3845086,-18.948471,2.1584153,-.48504937,5.0269599,-10.337709,9.3676109,-113.57359,37.991055,-188.03468,-39.112484,-113.08853,38.361382,-188.27545,-37.901608
4.7,27,-8.3575497,5.3604708,-18.863878,2.1487796,-.48288396,5.004518,-10.291559,9.3257914,-113.06656,37.821449,-187.19524,-38.937878,-112.58367,38.190125,-187.43494,-37.732403
4.8,27,-8.3200722,5.3364325,-18.779287,2.1391437,-.48071855,4.9820762,-10.245408,9.2839708,-112.55953,37.651848,-186.35579,-38.763268,-112.07881,38.018867,-186.59442,-37.563198
4.9,27,-8.2825937,5.3123946,-18.694696,2.129508,-.47855315,4.9596343,-10.199258,9.2421513,-112.05251,37.482243,-185.51636,-38.588657,-111.57395,37.847614,-185.75391,-37.393997
5,27,-8.2451162,5.2883568,-18.610106,2.1198721,-.47638777,4.9371924,-10.153108,9.2003317,-111.54548,37.312641,-184.67691,-38.414047,-111.06909,37.676357,-184.91339,-37.224792
5.1,27,-8.2076387,5.2643185,-18.525513,2.1102364,-.47422236,4.9147506,-10.106956,9.1585121,-111.03846,37.14304,-183.83748,-38.239437,-110.56423,37.5051,-184.07288,-37.055588
5.2,27,-8.1701603,5.2402806,-18.440922,2.1006007,-.47205696,4.8923092,-10.060806,9.1166925,-110.53143,36.973434,-182.99803,-38.064831,-110.05938,37.333843,-183.23236,-36.886387
5.3,27,-8.1326828,5.2162428,-18.356331,2.0909648,-.46989155,4.8698673,-10.014656,9.074873,-110.02441,36.803833,-182.1586,-37.890221,-109.55451,37.162586,-182.39185,-36.717182
5.4,27,-8.0952053,5.1922045,-18.271738,2.0813291,-.46772617,4.8474255,-9.9685049,9.0330534,-109.51738,36.634232,-181.31915,-37.715611,-109.04965,36.991333,-181.55133,-36.547977
5.5,27,-8.0577269,5.1681666,-18.187147,2.0716932,-.46556076,4.8249836,-9.9223547,8.9912329,-109.01036,36.464626,-180.47971,-37.541,-108.5448,36.820076,-180.71082,-36.378773
5.6,27,-8.0202494,5.1441288,-18.102556,2.0620575,-.46339536,4.8025417,-9.8762045,8.9494133,-108.50333,36.295025,-179.64027,-37.366394,-108.03994,36.648819,-179.8703,-36.209572
5.7,27,-7.9827719,5.1200905,-18.017965,2.0524218,-.46122998,4.7800999,-9.8300543,8.9075937,-107.99631,36.125423,-178.80083,-37.191784,-107.53508,36.477562,-179.02979,-36.040367
5.8,27,-7.9452939,5.0960526,-17.933372,2.0427859,-.45906457,4.757658,-9.7839031,8.8657742,-107.48928,35.955818,-177.9614,-37.017174,-107.03022,36.306309,-178.18927,-35.871162
5.9,27,-7.9078159,5.0720148,-17.848782,2.0331502,-.45689917,4.7352166,-9.7377529,8.8239546,-106.98225,35.786217,-177.12195,-36.842564,-106.52536,36.135052,-177.34875,-35.701962
6,27,-7.870338,5.0479765,-17.764191,2.0235143,-.45473376,4.7127748,-9.6916027,8.782135,-106.47523,35.616611,-176.28252,-36.667953,-106.0205,35.963795,-176.50824,-35.532757
6.1,27,-7.8328605,5.0239387,-17.6796,2.0138786,-.45256838,4.6903329,-9.6454515,8.7403154,-105.96821,35.44701,-175.44307,-36.493347,-105.51564,35.792538,-175.66772,-35.363552
6.2,27,-7.7953825,4.9999008,-17.595009,2.0042429,-.45040298,4.667891,-9.5993013,8.6984959,-105.46118,35.277409,-174.60364,-36.318737,-105.01078,35.621284,-174.82721,-35.194351
6.3,27,-7.7579045,4.9758625,-17.510416,1.994607,-.44823757,4.6454492,-9.5531511,8.6566753,-104.95415,35.107803,-173.76419,-36.144127,-104.50592,35.450027,-173.98669,-35.025146
6.4,27,-7.720427,4.9518247,-17.425825,1.9849713,-.44607216,4.6230073,-9.507,8.6148558,-104.44714,34.938202,-172.92474,-35.969517,-104.00106,35.27877,-173.14618,-34.855942
6.5,27,-7.6829491,4.9277868,-17.341234,1.9753355,-.44390678,4.6005659,-9.4608498,8.5730362,-103.94011,34.768597,-172.08531,-35.794907,-103.4962,35.107513,-172.30566,-34.686737
6.6,27,-7.6454716,4.903749,-17.256643,1.9656997,-.44174138,4.578124,-9.4146996,8.5312166,-103.43308,34.598995,-171.24586,-35.6203,-102.99134,34.936256,-171.46515,-34.517536
6.7,27,-7.6079936,4.8797107,-17.17205,1.9560639,-.43957597,4.5556822,-9.3685493,8.489397,-102.92606,34.429394,-170.40643,-35.44569,-102.48648,34.765003,-170.62463,-34.348331
6.8,27,-7.5705156,4.8556728,-17.08746,1.9464281,-.43741056,4.5332403,-9.3223982,8.4475775,-102.41903,34.259789,-169.56699,-35.27108,-101.98162,34.593746,-169.78412,-34.179127
6.9,27,-7.5330381,4.831635,-17.002869,1.9367923,-.43524519,4.5107985,-9.276248,8.4057579,-101.91201,34.090187,-168.72754,-35.09647,-101.47676,34.422489,-168.9436,-34.009922
7,27,-7.4955602,4.8075967,-16.918278,1.9271566,-.43307978,4.4883571,-9.2300978,8.3639383,-101.40498,33.920582,-167.88811,-34.921864,-100.9719,34.251232,-168.10309,-33.840721
7.1,27,-7.4580822,4.7835588,-16.833685,1.9175208,-.43091437,4.4659152,-9.1839466,8.3221188,-100.89796,33.75098,-167.04866,-34.747253,-100.46704,34.079979,-167.26257,-33.671516
7.2,27,-7.4206047,4.759521,-16.749094,1.907885,-.428749,4.4434733,-9.1377964,8.2802982,-100.39094,33.581379,-166.20923,-34.572643,-99.962189,33.908722,-166.42206,-33.502312
7.3,27,-7.3831267,4.7354827,-16.664503,1.8982491,-.42658359,4.4210315,-9.0916462,8.2384787,-99.883911,33.411774,-165.36978,-34.398033,-99.457321,33.737465,-165.58154,-33.333111
7.4,27,-7.3456488,4.7114449,-16.579912,1.8886133,-.42441818,4.3985896,-9.045496,8.1966591,-99.376884,33.242172,-164.53035,-34.223423,-98.952469,33.566208,-164.74103,-33.163906
7.5,27,-7.3081713,4.687407,-16.495319,1.8789777,-.42225277,4.3761477,-8.9993448,8.1548395,-98.869858,33.072567,-163.6909,-34.048817,-98.447609,33.394951,-163.90051,-32.994701
7.6,27,-7.2706933,4.6633692,-16.410728,1.8693419,-.4200874,4.3537064,-8.9531946,8.1130199,-98.362831,32.902966,-162.85146,-33.874207,-97.942749,33.223698,-163.06,-32.8255
7.7,27,-7.2332158,4.6393309,-16.326138,1.859706,-.41792199,4.3312645,-8.9070444,8.0712004,-97.855812,32.733364,-162.01202,-33.699596,-97.437889,33.052441,-162.21948,-32.656296
7.8,27,-7.1957378,4.615293,-16.241545,1.8500702,-.41575658,4.3088226,-8.8608932,8.0293808,-97.348785,32.563759,-161.17258,-33.524986,-96.933029,32.881184,-161.37897,-32.487091
7.9,27,-7.1582599,4.5912552,-16.156954,1.8404344,-.41359118,4.2863808,-8.814743,7.9875607,-96.841759,32.394157,-160.33315,-33.350376,-96.428169,32.709927,-160.53845,-32.317886
8,27,-7.1207824,4.5672169,-16.072363,1.8307987,-.4114258,4.2639389,-8.7685928,7.9457412,-96.334732,32.224556,-159.4937,-33.17577,-95.923309,32.538673,-159.69794,-32.148685
8.1,27,-7.0833044,4.543179,-15.987771,1.8211629,-.40926039,4.241497,-8.7224417,7.9039211,-95.827705,32.054951,-158.65425,-33.00116,-95.418449,32.367416,-158.85742,-31.979481
8.199999999999999,27,-7.0458264,4.5191412,-15.90318,1.8115271,-.40709499,4.2190557,-8.6762915,7.8621016,-95.320686,31.885349,-157.81482,-32.82655,-94.913589,32.196159,-158.01691,-31.810278
8.300000000000001,27,-7.0083485,4.4951029,-15.818589,1.8018913,-.40492958,4.1966138,-8.6301413,7.820282,-94.81366,31.715746,-156.97537,-32.651939,-94.40873,32.024902,-157.17639,-31.641073
8.4,27,-6.970871,4.471065,-15.733998,1.7922556,-.4027642,4.1741719,-8.5839911,7.7784624,-94.306633,31.546143,-156.13594,-32.477333,-93.90387,31.853647,-156.33588,-31.47187
8.5,27,-6.933393,4.4470272,-15.649406,1.7826198,-.40059879,4.1517301,-8.5378399,7.7366428,-93.799606,31.376539,-155.29649,-32.302723,-93.39901,31.68239,-155.49536,-31.302666
8.6,27,-6.895915,4.4229889,-15.564815,1.772984,-.39843339,4.1292882,-8.4916897,7.6948228,-93.29258,31.206936,-154.45705,-32.128113,-92.89415,31.511133,-154.65483,-31.133463
8.699999999999999,27,-6.8584375,4.3989511,-15.480224,1.7633482,-.39626801,4.1068463,-8.4455395,7.6530032,-92.785561,31.037334,-153.61761,-31.953505,-92.38929,31.339878,-153.81433,-30.96426
8.800000000000001,27,-6.8209596,4.3749132,-15.395632,1.7537124,-.3941026,4.0844045,-8.3993883,7.6111836,-92.278534,30.867731,-152.77817,-31.778894,-91.88443,31.168621,-152.9738,-30.795055
8.9,27,-6.7834821,4.3508754,-15.311041,1.7440767,-.3919372,4.0619631,-8.3532381,7.5693641,-91.771515,30.698128,-151.93874,-31.604286,-91.379578,30.997366,-152.1333,-30.625853
9,27,-6.7460041,4.3268371,-15.226449,1.7344409,-.38977179,4.0395212,-8.3070879,7.527544,-91.264488,30.528524,-151.09929,-31.429676,-90.87471,30.826111,-151.29279,-30.456648
9.1,27,-6.7085261,4.3027992,-15.141857,1.7248051,-.38760638,4.0170794,-8.2609367,7.4857244,-90.757462,30.358921,-150.25986,-31.255066,-90.36985,30.654854,-150.45226,-30.287443
9.199999999999999,27,-6.6710486,4.2787614,-15.057266,1.7151693,-.38544101,3.9946377,-8.2147865,7.4439049,-90.250435,30.18932,-149.42041,-31.080458,-89.864998,30.483599,-149.61176,-30.118242
9.300000000000001,27,-6.6335707,4.2547231,-14.972675,1.7055335,-.3832756,3.9721959,-8.1686363,7.4020848,-89.743408,30.019716,-148.58098,-30.905848,-89.36013,30.312342,-148.77122,-29.949038
9.4,27,-6.5960932,4.2306852,-14.888084,1.6958978,-.38111022,3.949754,-8.1224861,7.3602657,-89.236389,29.850115,-147.74153,-30.731239,-88.855278,30.141087,-147.93073,-29.779835
9.5,27,-6.5586152,4.2066474,-14.803493,1.686262,-.37894481,3.9273121,-8.076335,7.3184457,-88.729362,29.68051,-146.9021,-30.556629,-88.350418,29.96983,-147.09019,-29.61063
9.6,27,-6.5211372,4.1826091,-14.718901,1.6766262,-.37677941,3.9048703,-8.0301847,7.2766261,-88.222336,29.510906,-146.06265,-30.382019,-87.845558,29.798573,-146.24968,-29.441425
9.699999999999999,27,-6.4836597,4.1585712,-14.63431,1.6669904,-.374614,3.8824286,-7.9840345,7.2348065,-87.715309,29.341305,-145.22321,-30.207411,-87.340698,29.627317,-145.40918,-29.272223
9.800000000000001,27,-6.4461818,4.1345334,-14.549718,1.6573546,-.37244859,3.8599868,-7.9378839,7.1929865,-87.208282,29.171701,-144.38377,-30.032801,-86.835838,29.45606,-144.56865,-29.10302
9.9,27,-6.4087043,4.1104956,-14.465127,1.6477189,-.37028322,3.8375452,-7.8917336,7.1511669,-86.701263,29.0021,-143.54433,-29.858192,-86.330978,29.284805,-143.72815,-28.933817
10,27,-6.3712263,4.0864573,-14.380535,1.6380831,-.36811781,3.8151033,-7.845583,7.1093473,-86.194237,28.832497,-142.7049,-29.683582,-85.826118,29.113548,-142.88762,-28.764612
10.1,27,-6.3337483,4.0624194,-14.295943,1.6284473,-.3659524,3.7926614,-7.7994323,7.0675273,-85.68721,28.662891,-141.86545,-29.508972,-85.321259,28.942291,-142.0471,-28.595407
10.2,27,-6.2962708,4.0383816,-14.211352,1.6188115,-.36378703,3.7702198,-7.7532821,7.0257082,-85.180183,28.49329,-141.02602,-29.334364,-84.816399,28.771036,-141.20659,-28.426205
10.3,27,-6.2587929,4.0143433,-14.126761,1.6091757,-.36162162,3.7477779,-7.7071314,6.9838881,-84.673157,28.323687,-140.18657,-29.159754,-84.311539,28.599779,-140.36607,-28.257002
10.4,27,-6.2213149,3.9903054,-14.042171,1.59954,-.35945621,3.7253363,-7.6609812,6.9420686,-84.166138,28.154085,-139.34714,-28.985146,-83.806679,28.428524,-139.52556,-28.087799
10.5,27,-6.1838369,3.9662673,-13.957579,1.5899042,-.3572908,3.7028944,-7.6148305,6.900249,-83.659111,27.984482,-138.50769,-28.810535,-83.301819,28.257267,-138.68504,-27.918594
10.6,27,-6.1463594,3.9422293,-13.872987,1.5802684,-.3551254,3.6804526,-7.5686798,6.858429,-83.152084,27.814878,-137.66824,-28.635925,-82.796959,28.08601,-137.84453,-27.74939
10.7,27,-6.1088815,3.9181914,-13.788396,1.5706326,-.35296002,3.658011,-7.5225296,6.8166094,-82.645065,27.645275,-136.82881,-28.461317,-82.292099,27.914755,-137.00401,-27.580187
10.8,27,-6.0714035,3.8941534,-13.703804,1.5609968,-.35079461,3.6355691,-7.4763789,6.7747898,-82.138039,27.475672,-135.98936,-28.286707,-81.787239,27.743498,-136.1635,-27.410982
10.9,27,-6.033926,3.8701155,-13.619213,1.5513611,-.34862924,3.6131272,-7.4302287,6.7329702,-81.631012,27.30607,-135.14993,-28.112099,-81.282387,27.572243,-135.32298,-27.241781
11,27,-5.996448,3.8460774,-13.534621,1.5417253,-.34646383,3.5906854,-7.384078,6.6911502,-81.123985,27.136467,-134.31049,-27.93749,-80.777527,27.400986,-134.48247,-27.072577
11.1,27,-5.9589701,3.8220394,-13.450029,1.5320894,-.34429842,3.5682435,-7.3379273,6.6493306,-80.616959,26.966864,-133.47104,-27.76288,-80.272659,27.229731,-133.64195,-26.903372
11.2,27,-5.9214926,3.7980015,-13.365438,1.5224537,-.34213302,3.5458019,-7.2917771,6.607511,-80.10994,26.79726,-132.63161,-27.588272,-79.767807,27.058475,-132.80144,-26.734169
11.3,27,-5.8840146,3.7739635,-13.280848,1.5128179,-.33996761,3.52336,-7.2456264,6.565691,-79.602913,26.627657,-131.79216,-27.413662,-79.262947,26.887218,-131.96092,-26.564964
11.4,27,-5.8465371,3.7499256,-13.196257,1.5031822,-.33780223,3.5009184,-7.1994762,6.5238719,-79.095886,26.458055,-130.95273,-27.239054,-78.758087,26.715963,-131.12041,-26.395761
11.5,27,-5.8090591,3.7258875,-13.111665,1.4935464,-.33563682,3.4784765,-7.1533256,6.4820518,-78.58886,26.288452,-130.11328,-27.064444,-78.253227,26.544706,-130.27989,-26.226559
11.6,27,-5.7715812,3.7018495,-13.027073,1.4839104,-.33347142,3.4560347,-7.1071749,6.4402323,-78.081833,26.118849,-129.27383,-26.889833,-77.748367,26.373449,-129.43938,-26.057354
11.7,27,-5.7341037,3.6778116,-12.942482,1.4742748,-.33130604,3.433593,-7.0610247,6.3984127,-77.574814,25.949247,-128.4344,-26.715225,-77.243507,26.202194,-128.59886,-25.888151
11.8,27,-5.6966257,3.6537735,-12.85789,1.4646389,-.32914063,3.4111512,-7.014874,6.3565927,-77.067787,25.779642,-127.59496,-26.540615,-76.738647,26.030937,-127.75835,-25.718946
11.9,27,-5.6591482,3.6297357,-12.773299,1.4550033,-.32697523,3.3887095,-6.9687238,6.3147736,-76.560768,25.610041,-126.75552,-26.366007,-76.233788,25.859682,-126.91783,-25.549744
12,27,-5.6216702,3.6056976,-12.688707,1.4453675,-.32480982,3.3662677,-6.9225731,6.2729535,-76.053741,25.440437,-125.91608,-26.191397,-75.728928,25.688425,-126.07732,-25.380541
12.1,27,-5.5841923,3.5816596,-12.604116,1.4357315,-.32264441,3.3438258,-6.8764224,6.2311335,-75.546707,25.270834,-125.07664,-26.016787,-75.224068,25.517168,-125.23679,-25.211336
12.2,27,-5.5467148,3.5576217,-12.519526,1.4260958,-.32047904,3.3213842,-6.8302722,6.1893144,-75.039688,25.101233,-124.2372,-25.842178,-74.719208,25.345913,-124.39629,-25.042133
12.3,27,-5.5092368,3.5335836,-12.434934,1.41646,-.31831363,3.2989423,-6.7841215,6.1474943,-74.532661,24.931629,-123.39776,-25.667568,-74.214348,25.174656,-123.55577,-24.872929
12.4,27,-5.4717588,3.5095458,-12.350343,1.4068244,-.31614825,3.2765005,-6.7379713,6.1056747,-74.025642,24.762026,-122.55832,-25.49296,-73.709496,25.003401,-122.71526,-24.703726
12.5,27,-5.4342813,3.4855077,-12.265751,1.3971885,-.31398284,3.2540586,-6.6918206,6.0638552,-73.518616,24.592422,-121.71888,-25.31835,-73.204628,24.832144,-121.87474,-24.534523
12.6,27,-5.3968034,3.4614697,-12.181159,1.3875526,-.31181744,3.2316167,-6.6456699,6.0220351,-73.011589,24.422819,-120.87943,-25.14374,-72.699768,24.660887,-121.03422,-24.365318
12.7,27,-5.3593254,3.4374318,-12.096568,1.3779169,-.30965206,3.2091751,-6.5995197,5.9802155,-72.504562,24.253218,-120.03999,-24.969131,-72.194916,24.489632,-120.19371,-24.196115
12.8,27,-5.3218474,3.4133937,-12.011976,1.3682811,-.30748662,3.1867332,-6.553369,5.938396,-71.997536,24.083614,-119.20055,-24.794521,-71.690048,24.318375,-119.35319,-24.026911
12.9,27,-5.2843699,3.3893559,-11.927385,1.3586454,-.30532125,3.1642916,-6.5072188,5.8965764,-71.490517,23.914011,-118.36111,-24.619913,-71.185196,24.14712,-118.51268,-23.857708
13,27,-5.246892,3.3653178,-11.842793,1.3490096,-.30315584,3.1418498,-6.4610682,5.8547564,-70.98349,23.744408,-117.52168,-24.445303,-70.680336,23.975863,-117.67216,-23.688503
13.1,27,-5.209414,3.3412797,-11.758203,1.3393737,-.30099043,3.1194079,-6.4149175,5.8129368,-70.476463,23.574804,-116.68223,-24.270693,-70.175468,23.804607,-116.83164,-23.5193
13.2,27,-5.1719365,3.3172419,-11.673612,1.329738,-.29882506,3.0969663,-6.3687673,5.7711172,-69.969437,23.405203,-115.8428,-24.096085,-69.670616,23.63335,-115.99113,-23.350098
13.3,27,-5.1344585,3.2932038,-11.58902,1.3201022,-.29665965,3.0745244,-6.3226166,5.7292976,-69.46241,23.2356,-115.00335,-23.921474,-69.165756,23.462095,-115.15061,-23.180893
13.4,27,-5.096981,3.269166,-11.504429,1.3104665,-.29449427,3.0520828,-6.2764664,5.6874781,-68.955391,23.065998,-114.16392,-23.746866,-68.660896,23.29084,-114.3101,-23.01169
13.5,27,-5.0595031,3.2451279,-11.419837,1.3008307,-.29232886,3.0296409,-6.2303157,5.645658,-68.448364,22.896393,-113.32447,-23.572256,-68.156036,23.119583,-113.46958,-22.842485
13.6,27,-5.0220251,3.2210898,-11.335245,1.2911948,-.29016346,3.007199,-6.184165,5.6038384,-67.941338,22.726789,-112.48503,-23.397646,-67.651176,22.948326,-112.62907,-22.673283
13.7,27,-4.9845476,3.197052,-11.250654,1.2815591,-.28799805,2.9847574,-6.1380148,5.5620189,-67.434319,22.557188,-111.64559,-23.223038,-67.146317,22.777071,-111.78855,-22.50408
13.8,27,-4.9470696,3.1730139,-11.166062,1.2719233,-.28583264,2.9623156,-6.0918641,5.5201988,-66.927292,22.387585,-110.80614,-23.048429,-66.641457,22.605814,-110.94804,-22.334875
13.9,27,-4.9095922,3.1489761,-11.081471,1.2622876,-.28366727,2.9398737,-6.0457139,5.4783797,-66.420265,22.217983,-109.96671,-22.873819,-66.136597,22.434559,-110.10753,-22.165672
14,27,-4.8721142,3.124938,-10.99688,1.2526517,-.28150186,2.9174318,-5.9995632,5.4365597,-65.913239,22.04838,-109.12727,-22.699211,-65.631737,22.263302,-109.26701,-21.996468
14.1,27,-4.8346362,3.1008999,-10.912289,1.2430159,-.27933645,2.89499,-5.9534125,5.3947396,-65.406212,21.878777,-108.28783,-22.524601,-65.126877,22.092045,-108.42649,-21.827265
14.2,27,-4.7971587,3.0768621,-10.827698,1.2333802,-.27717108,2.8725483,-5.9072623,5.3529205,-64.899193,21.709173,-107.44839,-22.349993,-64.622017,21.92079,-107.58598,-21.658062
14.3,27,-4.7596807,3.052824,-10.743106,1.2237444,-.27500567,2.8501065,-5.8611116,5.3111005,-64.392166,21.53957,-106.60895,-22.175383,-64.117157,21.749533,-106.74546,-21.488857
14.4,27,-4.7222033,3.0287862,-10.658515,1.2141087,-.27284026,2.8276649,-5.8149614,5.2692809,-63.885143,21.369968,-105.76951,-22.000774,-63.612301,21.578278,-105.90495,-21.319654
14.5,27,-4.6847253,3.0047481,-10.573923,1.2044728,-.27067485,2.805223,-5.7688107,5.2274613,-63.378117,21.200365,-104.93007,-21.826164,-63.107441,21.407021,-105.06443,-21.15045
14.6,27,-4.6472473,2.98071,-10.489331,1.194837,-.26850945,2.7827811,-5.7226601,5.1856413,-62.871086,21.030762,-104.09062,-21.651554,-62.602577,21.235764,-104.22391,-20.981245
14.7,27,-4.6097698,2.9566722,-10.40474,1.1852013,-.26634407,2.7603395,-5.6765099,5.1438217,-62.364067,20.861158,-103.25118,-21.476946,-62.097721,21.064508,-103.3834,-20.812044
14.8,27,-4.5722919,2.9326341,-10.320148,1.1755655,-.26417866,2.7378976,-5.6303592,5.1020021,-61.85704,20.691555,-102.41174,-21.302336,-61.592861,20.893251,-102.54288,-20.642839
14.9,27,-4.5348139,2.9085963,-10.235558,1.1659298,-.26201329,2.715456,-5.584209,5.0601826,-61.350018,20.521954,-101.5723,-21.127728,-61.088005,20.721996,-101.70237,-20.473637
15,27,-4.4973359,2.8845582,-10.150966,1.1562939,-.25984788,2.6930141,-5.5380583,5.018363,-60.842991,20.35235,-100.73286,-20.953117,-60.583141,20.550739,-100.86185,-20.304432
15.1,27,-4.4598579,2.8605201,-10.066375,1.1466581,-.25768247,2.6705723,-5.4919081,4.9765429,-60.335964,20.182747,-99.893417,-20.778507,-60.078281,20.379482,-100.02133,-20.135227
15.2,27,-4.4223804,2.8364823,-9.9817839,1.1370224,-.25551707,2.6481307,-5.4457579,4.9347234,-59.828941,20.013144,-99.053986,-20.603899,-59.573425,20.208227,-99.180824,-19.966024
15.3,27,-4.3849025,2.8124442,-9.897192,1.1273866,-.25335166,2.6256888,-5.3996072,4.8929038,-59.321915,19.84354,-98.214539,-20.429289,-59.068562,20.036972,-98.340302,-19.796822
15.4,27,-4.347425,2.7884064,-9.8126011,1.1177509,-.25118628,2.6032472,-5.353457,4.8510842,-58.814892,19.673939,-97.375107,-20.254681,-58.563705,19.865715,-97.499794,-19.627619
15.5,27,-4.309947,2.7643683,-9.7280092,1.108115,-.24902087,2.5808051,-5.3073063,4.8092642,-58.307865,19.504335,-96.53566,-20.08007,-58.058846,19.69446,-96.659279,-19.458414
15.6,27,-4.272469,2.7403302,-9.6434174,1.0984792,-.24685547,2.5583632,-5.2611556,4.7674446,-57.800838,19.334732,-95.69622,-19.90546,-57.553982,19.523203,-95.818756,-19.289209
15.7,27,-4.2349916,2.7162924,-9.5588264,1.0888435,-.24469008,2.5359216,-5.2150054,4.725625,-57.293816,19.165131,-94.856781,-19.730852,-57.049126,19.351948,-94.978249,-19.120007
15.8,27,-4.1975136,2.6922543,-9.4742346,1.0792077,-.24252467,2.5134797,-5.1688547,4.683805,-56.786789,18.995527,-94.017334,-19.556242,-56.544266,19.180691,-94.137726,-18.950804
15.9,27,-4.1600361,2.6682165,-9.3896437,1.069572,-.24035929,2.4910381,-5.1227045,4.6419859,-56.279766,18.825924,-93.177902,-19.381634,-56.03941,19.009436,-93.297218,-18.781601
16,27,-4.1225581,2.6441784,-9.3050528,1.059936,-.23819388,2.4685962,-5.0765538,4.6001658,-55.772739,18.656321,-92.338455,-19.207024,-55.534546,18.838179,-92.456696,-18.612396
16.1,27,-4.0850801,2.6201403,-9.2204609,1.0503002,-.23602848,2.4461544,-5.0304031,4.5583463,-55.265713,18.486717,-91.499016,-19.032413,-55.029686,18.666922,-91.61618,-18.443192
16.2,27,-4.0476022,2.5961022,-9.135869,1.0406644,-.23386307,2.4237125,-4.9842525,4.5165262,-54.758686,18.317114,-90.659569,-18.857803,-54.524826,18.495665,-90.775658,-18.273987
16.3,27,-4.0101252,2.5720644,-9.0512791,1.0310289,-.23169769,2.4012711,-4.9381027,4.4747071,-54.251671,18.147512,-89.820145,-18.683197,-54.019974,18.324411,-89.935158,-18.104786
16.4,27,-3.972647,2.5480263,-8.9666872,1.0213931,-.22953229,2.3788292,-4.891952,4.4328871,-53.744644,17.977909,-88.980698,-18.508587,-53.51511,18.153154,-89.094643,-17.935583
16.5,27,-3.935169,2.5239882,-8.8820953,1.0117571,-.22736688,2.3563874,-4.8458014,4.3910675,-53.237617,17.808306,-88.141258,-18.333977,-53.01025,17.981897,-88.25412,-17.766378
16.6,27,-3.8976912,2.4999502,-8.7975035,1.0021213,-.22520147,2.3339455,-4.7996507,4.3492475,-52.730591,17.638702,-87.301811,-18.159367,-52.505386,17.81064,-87.413605,-17.597174
16.7,27,-3.8602133,2.4759121,-8.7129116,.99248552,-.22303607,2.3115036,-4.7535,4.3074279,-52.223564,17.469099,-86.462364,-17.984758,-52.000526,17.639383,-86.573082,-17.427969
16.8,27,-3.822736,2.4518745,-8.6283216,.9828499,-.2208707,2.2890623,-4.7073503,4.2656088,-51.716545,17.2995,-85.62294,-17.81015,-51.495674,17.46813,-85.732582,-17.258768
16.9,27,-3.7852581,2.4278364,-8.5437298,.97321409,-.2187053,2.2666204,-4.6611996,4.2237887,-51.209518,17.129896,-84.783493,-17.63554,-50.990814,17.296873,-84.892059,-17.089565
17,27,-3.7477801,2.4037983,-8.4591389,.96357828,-.21653989,2.2441785,-4.6150489,4.1819692,-50.702492,16.960291,-83.944054,-17.460932,-50.48595,17.125616,-84.051544,-16.920361
17.1,27,-3.7103021,2.3797603,-8.374547,.95394248,-.21437448,2.2217364,-4.5688982,4.1401491,-50.195465,16.790688,-83.104607,-17.286322,-49.981091,16.954359,-83.211021,-16.751156
17.2,27,-3.6728241,2.3557222,-8.2899551,.94430661,-.21220908,2.1992946,-4.5227475,4.0983291,-49.688438,16.621084,-82.265167,-17.111712,-49.476231,16.783104,-82.370506,-16.581951
17.3,27,-3.6353469,2.3316846,-8.2053652,.93467098,-.21004371,2.1768532,-4.4765978,4.0565104,-49.181419,16.451485,-81.425735,-16.937105,-48.971378,16.611849,-81.530006,-16.41275
17.4,27,-3.5978689,2.3076465,-8.1207733,.92503518,-.20787831,2.1544113,-4.4304471,4.0146904,-48.674393,16.281881,-80.586296,-16.762495,-48.466515,16.440592,-80.689484,-16.243546
17.5,27,-3.5603912,2.2836084,-8.0361814,.91539937,-.2057129,2.1319695,-4.3842964,3.9728706,-48.167366,16.112278,-79.746849,-16.587885,-47.961655,16.269337,-79.848969,-16.074343
17.6,27,-3.5229132,2.2595704,-7.9515901,.90576351,-.20354749,2.1095276,-4.3381457,3.9310508,-47.660339,15.942674,-78.90741,-16.413275,-47.456795,16.09808,-79.008446,-15.905138
17.7,27,-3.4854352,2.2355323,-7.8669982,.8961277,-.20138209,2.0870857,-4.291995,3.8892307,-47.153313,15.77307,-78.067963,-16.238665,-46.951931,15.926822,-78.167931,-15.735933
17.8,27,-3.447958,2.2114947,-7.7824082,.88649207,-.19921671,2.0646443,-4.2458453,3.8474119,-46.646297,15.60347,-77.228539,-16.064058,-46.447079,15.755569,-77.327423,-15.566732
17.9,27,-3.41048,2.1874566,-7.6978164,.87685627,-.1970513,2.0422025,-4.1996946,3.8055918,-46.139271,15.433867,-76.389091,-15.889448,-45.942219,15.584311,-76.486908,-15.397529
18,27,-3.3730021,2.1634185,-7.6132245,.86722046,-.19488589,2.0197606,-4.1535439,3.763772,-45.632244,15.264262,-75.549644,-15.714838,-45.437355,15.413055,-75.646393,-15.228324
18.1,27,-3.3355241,2.1393805,-7.5286331,.8575846,-.19272049,1.9973187,-4.1073933,3.7219522,-45.125217,15.094659,-74.710205,-15.540228,-44.932495,15.241798,-74.80587,-15.05912
18.2,27,-3.2980461,2.1153424,-7.4440413,.84794879,-.19055508,1.9748769,-4.0612426,3.6801324,-44.618191,14.925056,-73.870758,-15.365618,-44.427635,15.070541,-73.965355,-14.889915
18.3,27,-3.2605689,2.0913048,-7.3594513,.83831316,-.18838972,1.9524354,-4.0150928,3.6383133,-44.111172,14.755455,-73.031334,-15.191011,-43.922783,14.899288,-73.124847,-14.720715
18.4,27,-3.2230911,2.0672667,-7.2748594,.82867736,-.18622431,1.9299935,-3.9689422,3.5964935,-43.604145,14.585852,-72.191887,-15.016401,-43.417919,14.728031,-72.284332,-14.551511
18.5,27,-3.1856132,2.0432286,-7.1902676,.81904155,-.1840589,1.9075516,-3.9227915,3.5546737,-43.097118,14.416248,-71.352448,-14.841791,-42.913059,14.556774,-71.44381,-14.382306
18.6,27,-3.1481352,2.0191905,-7.1056762,.80940568,-.1818935,1.8851098,-3.8766408,3.5128539,-42.590092,14.246644,-70.513,-14.667181,-42.408199,14.385517,-70.603294,-14.213101
18.7,27,-3.1106572,1.9951525,-7.0210843,.79976988,-.17972809,1.8626679,-3.8304901,3.471034,-42.083065,14.077041,-69.673561,-14.492572,-41.903336,14.21426,-69.762772,-14.043898
18.8,27,-3.07318,1.9711149,-6.9364944,.79013425,-.17756273,1.8402265,-3.7843404,3.429215,-41.576046,13.90744,-68.834129,-14.317965,-41.398483,14.043007,-68.922272,-13.874697
18.9,27,-3.035702,1.9470768,-6.8519025,.78049845,-.17539732,1.8177845,-3.7381897,3.3873951,-41.069019,13.737837,-67.994682,-14.143354,-40.893623,13.87175,-68.081757,-13.705492
19,27,-2.998224,1.9230387,-6.7673106,.77086264,-.17323191,1.7953427,-3.692039,3.3455751,-40.561993,13.568233,-67.155243,-13.968745,-40.388763,13.700493,-67.241234,-13.536288
19.1,27,-2.960746,1.8990006,-6.6827192,.76122677,-.17106651,1.7729008,-3.6458883,3.3037553,-40.054966,13.39863,-66.315796,-13.794135,-39.8839,13.529237,-66.400719,-13.367084
19.2,27,-2.9232681,1.8749626,-6.5981274,.75159097,-.1689011,1.750459,-3.5997376,3.2619355,-39.547939,13.229026,-65.476357,-13.619525,-39.37904,13.35798,-65.560196,-13.19788
19.3,27,-2.8857911,1.850925,-6.5135374,.74195534,-.16673574,1.7280176,-3.5535879,3.2201164,-39.040924,13.059426,-64.636925,-13.444919,-38.874187,13.186727,-64.719696,-13.028679
19.4,27,-2.8483131,1.8268869,-6.4289455,.73231953,-.16457032,1.7055757,-3.5074372,3.1782966,-38.533897,12.889822,-63.797482,-13.270308,-38.369324,13.01547,-63.879177,-12.859474
19.5,27,-2.8108351,1.8028488,-6.3443537,.72268373,-.16240491,1.6831338,-3.4612865,3.1364768,-38.026871,12.720219,-62.958038,-13.095698,-37.864464,12.844213,-63.038658,-12.69027
19.6,27,-2.7733572,1.7788107,-6.2597623,.71304786,-.1602395,1.660692,-3.4151359,3.0946569,-37.51984,12.550615,-62.118595,-12.921088,-37.359604,12.672956,-62.198139,-12.521066
19.7,27,-2.7358792,1.7547727,-6.1751704,.70341206,-.1580741,1.6382501,-3.3689852,3.0528371,-37.012814,12.381012,-61.279152,-12.746478,-36.85474,12.501698,-61.35762,-12.351862
19.8,27,-2.6984019,1.7307351,-6.0905805,.69377643,-.15590873,1.6158086,-3.3228354,3.011018,-36.505798,12.211411,-60.439724,-12.571872,-36.349888,12.330445,-60.517117,-12.18266
19.9,27,-2.660924,1.706697,-6.0059886,.68414062,-.15374333,1.5933667,-3.2766848,2.9691982,-35.998772,12.041808,-59.600281,-12.397262,-35.845028,12.159188,-59.676598,-12.013456
20,27,-2.623446,1.6826589,-5.9213967,.67450482,-.15157792,1.5709249,-3.2305341,2.9273782,-35.491745,11.872204,-58.760838,-12.222651,-35.340168,11.987931,-58.836082,-11.844252
20.1,27,-2.585968,1.6586208,-5.8368053,.66486895,-.14941251,1.548483,-3.1843834,2.8855584,-34.984718,11.7026,-57.921394,-12.048041,-34.835304,11.816675,-57.995564,-11.675048
20.2,27,-2.5484903,1.6345828,-5.7522135,.65523314,-.14724711,1.5260412,-3.1382327,2.8437386,-34.477692,11.532997,-57.081951,-11.873432,-34.330444,11.645418,-57.155045,-11.505843
20.3,27,-2.511013,1.6105452,-5.6676235,.64559752,-.14508174,1.5035998,-3.092083,2.8019195,-33.970673,11.363397,-56.242523,-11.698825,-33.825592,11.474164,-56.314541,-11.336642
20.4,27,-2.4735351,1.5865071,-5.5830317,.63596171,-.14291634,1.4811579,-3.0459323,2.7600996,-33.463646,11.193793,-55.403076,-11.524215,-33.320728,11.302908,-55.474022,-11.167439
20.5,27,-2.4360571,1.562469,-5.4984398,.62632585,-.14075093,1.4587159,-2.9997816,2.7182798,-32.956619,11.02419,-54.563633,-11.349606,-32.815868,11.131651,-54.633503,-10.998234
20.6,27,-2.3985791,1.5384309,-5.4138484,.61669004,-.13858552,1.4362741,-2.9536309,2.67646,-32.449593,10.854586,-53.72419,-11.174995,-32.311008,10.960394,-53.792984,-10.82903
20.7,27,-2.3611012,1.5143929,-5.3292565,.60705423,-.13642012,1.4138322,-2.9074805,2.6346402,-31.942566,10.684982,-52.884747,-11.000385,-31.806147,10.789137,-52.952465,-10.659825
20.8,27,-2.3236239,1.4903553,-5.2446666,.59741861,-.13425475,1.3913908,-2.8613305,2.5928211,-31.435549,10.515382,-52.045319,-10.825779,-31.301294,10.617884,-52.111965,-10.490624
20.9,27,-2.2861459,1.4663172,-5.1600747,.5877828,-.13208935,1.3689489,-2.8151798,2.5510013,-30.928522,10.345778,-51.205875,-10.651169,-30.796432,10.446627,-51.271446,-10.321421
21,27,-2.248668,1.4422791,-5.0754828,.57814693,-.12992394,1.3465071,-2.7690291,2.5091815,-30.421495,10.176175,-50.366432,-10.476559,-30.291571,10.27537,-50.430927,-10.152216
21.1,27,-2.2111902,1.418241,-4.9908915,.56851113,-.12775853,1.3240652,-2.7228787,2.4673615,-29.914469,10.006572,-49.526989,-10.301949,-29.786709,10.104114,-49.590408,-9.9830122
21.2,27,-2.1737123,1.3942029,-4.9062996,.55887532,-.12559313,1.3016233,-2.676728,2.4255416,-29.407442,9.8369675,-48.687546,-10.127338,-29.281849,9.9328566,-48.749889,-9.8138075
21.3,27,-2.136235,1.3701653,-4.8217096,.5492397,-.12342776,1.2791818,-2.630578,2.3837225,-28.900425,9.6673679,-47.848118,-9.9527321,-28.776997,9.7616024,-47.909386,-9.6446066
21.4,27,-2.098757,1.3461273,-4.7371178,.53960389,-.12126235,1.25674,-2.5844276,2.3419027,-28.393398,9.4977636,-47.008671,-9.7781219,-28.272135,9.5903463,-47.068867,-9.4754019
21.5,27,-2.0612791,1.3220892,-4.6525264,.52996802,-.11909694,1.2342981,-2.5382769,2.3000829,-27.88637,9.3281603,-46.169228,-9.6035118,-27.767273,9.4190893,-46.228348,-9.3061981
21.6,27,-2.0238011,1.2980511,-4.5679345,.52033222,-.11693154,1.2118562,-2.4921262,2.2582631,-27.379343,9.1585569,-45.329784,-9.4289017,-27.262413,9.2478323,-45.387829,-9.1369934
21.7,27,-1.9863231,1.274013,-4.4833426,.51069641,-.11476613,1.1894144,-2.4459755,2.2164433,-26.872316,8.9889536,-44.490341,-9.2542925,-26.757551,9.0765753,-44.54731,-8.9677896
21.8,27,-1.948846,1.2499753,-4.3987527,.50106078,-.11260076,1.166973,-2.3998258,2.1746242,-26.365299,8.8193531,-43.650913,-9.0796852,-26.252699,8.9053221,-43.70681,-8.7985888
21.9,27,-1.911368,1.2259372,-4.3141608,.49142495,-.11043535,1.1445311,-2.3536751,2.1328044,-25.858273,8.6497498,-42.81147,-8.9050751,-25.747837,8.7340651,-42.866291,-8.629384
22,27,-1.87389,1.2018992,-4.2295694,.48178914,-.10826994,1.1220893,-2.3075244,2.0909846,-25.351246,8.4801455,-41.972027,-8.7304659,-25.242975,8.562808,-42.025772,-8.4601803
22.1,27,-1.8364121,1.1778611,-4.1449776,.47215331,-.10610454,1.0996473,-2.2613738,2.0491645,-24.844219,8.3105421,-41.132584,-8.5558558,-24.738115,8.391552,-41.185253,-8.2909756
22.2,27,-1.7989341,1.153823,-4.0603857,.4625175,-.10393913,1.0772054,-2.2152231,2.0073447,-24.337193,8.1409388,-40.29314,-8.3812456,-24.233253,8.220295,-40.344734,-8.1217718
22.3,27,-1.761457,1.1297854,-3.9757957,.45288187,-.10177376,1.054764,-2.1690733,1.9655257,-23.830175,7.9713383,-39.453712,-8.2066393,-23.728401,8.0490408,-39.50423,-7.9525704
22.4,27,-1.723979,1.1057473,-3.8912041,.44324604,-.099608354,1.0323222,-2.1229227,1.9237059,-23.323149,7.8017349,-38.614269,-8.0320292,-23.223539,7.8777843,-38.663712,-7.7833662
22.5,27,-1.686501,1.0817093,-3.8066123,.43361023,-.097442947,1.0098803,-2.076772,1.881886,-22.816122,7.6321311,-37.774822,-7.857419,-22.718678,7.7065277,-37.823196,-7.614162
22.6,27,-1.6490231,1.0576712,-3.7220206,.42397439,-.09527754,.98743844,-2.0306213,1.8400662,-22.309095,7.4625278,-36.935379,-7.6828089,-22.213818,7.5352707,-36.982677,-7.4449577
22.7,27,-1.6115452,1.0336331,-3.637429,.41433859,-.093112133,.96499658,-1.9844706,1.7982464,-21.802067,7.2929239,-36.095936,-7.5081992,-21.708956,7.3640137,-36.142159,-7.2757535
22.8,27,-1.574068,1.0095955,-3.5528388,.40470296,-.090946771,.94255513,-1.9383209,1.7564273,-21.29505,7.1233239,-35.256508,-7.3335924,-21.204103,7.1927605,-35.301655,-7.1065526
22.9,27,-1.53659,.98555744,-3.4682472,.39506713,-.088781364,.92011327,-1.8921702,1.7146075,-20.788023,6.9537201,-34.417065,-7.1589823,-20.699242,7.0215034,-34.461136,-6.9373484
23,27,-1.499112,.96151936,-3.3836553,.38543132,-.086615957,.89767134,-1.8460195,1.6727875,-20.280996,6.7841167,-33.577621,-6.9843726,-20.194382,6.8502464,-33.620617,-6.7681441
23.1,27,-1.461634,.93748128,-3.2990637,.37579548,-.08445055,.87522948,-1.7998688,1.6309677,-19.77397,6.6145129,-32.738178,-6.8097625,-19.68952,6.6789899,-32.780098,-6.5989399
23.2,27,-1.4241562,.91344321,-3.2144721,.36615968,-.082285143,.85278761,-1.7537181,1.5891479,-19.266943,6.4449096,-31.898733,-6.6351523,-19.184658,6.5077329,-31.939581,-6.4297357
23.3,27,-1.3866789,.88940561,-3.1298819,.35652402,-.080119774,.83034617,-1.7075684,1.5473288,-18.759926,6.2753091,-31.059305,-6.460546,-18.679806,6.3364797,-31.099077,-6.2605348
23.4,27,-1.349201,.86536753,-3.0452902,.34688821,-.077954367,.8079043,-1.6614177,1.505509,-18.252899,6.1057057,-30.219862,-6.2859359,-18.174944,6.1652226,-30.258558,-6.0913301
23.5,27,-1.311723,.84132946,-2.9606984,.33725241,-.07578896,.78546244,-1.615267,1.4636891,-17.745872,5.9361019,-29.380419,-6.1113257,-17.670084,5.9939656,-29.418041,-5.9221258
23.6,27,-1.2742451,.81729138,-2.8761067,.32761657,-.073623553,.76302058,-1.5691164,1.4218693,-17.238846,5.7664986,-28.540976,-5.9367161,-17.165222,5.8227091,-28.577522,-5.7529216
23.7,27,-1.2367672,.7932533,-2.7915151,.31798077,-.071458146,.74057871,-1.5229658,1.3800495,-16.731819,5.5968947,-27.70153,-5.7621059,-16.66036,5.6514521,-27.737003,-5.5837173
23.8,27,-1.1992899,.7692157,-2.7069249,.30834511,-.069292784,.71813726,-1.4768159,1.3382304,-16.224802,5.4272947,-26.862103,-5.5874991,-16.155508,5.4801989,-26.8965,-5.4145164
23.9,27,-1.1618119,.74517763,-2.6223333,.2987093,-.067127377,.6956954,-1.4306653,1.2964106,-15.717774,5.2576909,-26.022659,-5.4128895,-15.650647,5.3089418,-26.055983,-5.2453122
24,27,-1.124334,.72113955,-2.5377414,.28907347,-.06496197,.67325354,-1.3845146,1.2545907,-15.210748,5.0880876,-25.183216,-5.2382793,-15.145785,5.1376848,-25.215464,-5.076108
24.1,27,-1.0868561,.69710147,-2.4531498,.27943766,-.062796563,.65081167,-1.338364,1.2127708,-14.703721,4.9184837,-24.343773,-5.0636692,-14.640924,4.9664283,-24.374945,-4.9069037
24.2,27,-1.0493782,.6730634,-2.3685582,.26980186,-.060631152,.62836981,-1.2922133,1.170951,-14.196693,4.7488804,-23.504328,-4.8890595,-14.136063,4.7951713,-23.534426,-4.7376995
24.3,27,-1.0119009,.64902574,-2.283968,.2601662,-.058465786,.60592836,-1.2460635,1.1291319,-13.689676,4.5792799,-22.6649,-4.7144527,-13.631211,4.6239176,-22.693924,-4.5684986
24.4,27,-.97442299,.62498766,-2.1993763,.25053039,-.056300379,.5834865,-1.1999129,1.0873121,-13.18265,4.4096766,-21.825457,-4.5398426,-13.126349,4.452661,-21.853405,-4.3992944
24.5,27,-.93694502,.60094959,-2.1147847,.24089457,-.054134972,.56104463,-1.1537622,1.0454923,-12.675623,4.2400727,-20.986013,-4.3652329,-12.621488,4.281404,-21.012886,-4.2300901
24.6,27,-.89946705,.57691151,-2.0301929,.23125875,-.051969565,.53860271,-1.1076115,1.0036724,-12.168596,4.0704694,-20.14657,-4.1906228,-12.116627,4.1101475,-20.172367,-4.0608859
24.7,27,-.86198914,.55287343,-1.9456012,.22162293,-.049804159,.51616085,-1.0614609,.96185255,-11.66157,3.9008658,-19.307125,-4.0160127,-11.611765,3.9388905,-19.331848,-3.8916814
24.8,27,-.82451189,.52883583,-1.8610111,.21198729,-.047638793,.49371943,-1.0153111,.92003351,-11.154552,3.7312655,-18.467697,-3.8414061,-11.106914,3.767637,-18.491346,-3.7224805
24.9,27,-.78703398,.50479776,-1.7764194,.20235148,-.045473386,.47127756,-.96916044,.87821364,-10.647525,3.561662,-17.628254,-3.6667962,-10.602052,3.5963802,-17.650827,-3.5532763
25,27,-.74955601,.48075968,-1.6918277,.19271566,-.043307979,.44883567,-.92300975,.83639377,-10.140498,3.3920584,-16.788811,-3.4921863,-10.097191,3.4251232,-16.810308,-3.3840721
25.1,27,-.71207809,.4567216,-1.607236,.18307984,-.041142572,.42639381,-.87685907,.79457396,-9.6334715,3.2224548,-15.949367,-3.3175762,-9.592329,3.2538664,-15.96979,-3.2148678
25.2,27,-.67460012,.43268353,-1.5226443,.17344402,-.038977165,.40395194,-.83070844,.75275409,-9.1264448,3.0528512,-15.109923,-3.1429663,-9.0874672,3.0826097,-15.129272,-3.0456636
25.3,27,-.63712293,.40864593,-1.4380542,.16380838,-.036811799,.3815105,-.78455865,.71093506,-8.6194277,2.883251,-14.270495,-2.9683597,-8.5826159,2.9113562,-14.288769,-2.8764625
25.4,27,-.59964496,.38460785,-1.3534625,.15417255,-.034646392,.35906863,-.73840797,.66911519,-8.112401,2.7136474,-13.431051,-2.7937496,-8.077754,2.7400994,-13.44825,-2.7072582
25.5,27,-.56216699,.36056978,-1.2688707,.14453673,-.032480985,.33662677,-.69225729,.62729537,-7.6053739,2.5440438,-12.591608,-2.6191397,-7.5728927,2.5688424,-12.607732,-2.538054
25.6,27,-.52468908,.3365317,-1.1842791,.13490093,-.030315576,.3141849,-.64610666,.5854755,-7.0983467,2.3744402,-11.752164,-2.4445298,-7.0680313,2.3975856,-11.767213,-2.3688498
25.7,27,-.48721114,.31249362,-1.0996873,.12526511,-.028150169,.29174301,-.59995598,.54365563,-6.59132,2.2048366,-10.912721,-2.2699196,-6.56317,2.2263288,-10.926694,-2.1996455
25.8,27,-.44973388,.28845599,-1.0150973,.11562946,-.025984803,.26930159,-.55380619,.5018366,-6.0843029,2.0352364,-10.073293,-2.0953131,-6.0583181,2.0550754,-10.086192,-2.0304446
25.9,27,-.41225594,.26441792,-.93050557,.10599364,-.023819396,.24685971,-.50765556,.46001676,-5.5772762,1.8656328,-9.2338486,-1.9207031,-5.5534568,1.8838185,-9.2456732,-1.8612403
26,27,-.374778,.24037984,-.84591383,.09635783,-.021653989,.22441784,-.46150488,.41819689,-5.0702491,1.6960292,-8.3944054,-1.7460932,-5.0485954,1.7125616,-8.4051542,-1.692036
26.1,27,-.33730006,.21634176,-.76132214,.086722009,-.019488582,.20197597,-.41535422,.37637705,-4.5632224,1.5264256,-7.5549617,-1.5714831,-4.5437336,1.5413048,-7.5646358,-1.5228318
26.2,27,-.29982212,.19230369,-.67673045,.077086188,-.017323175,.17953411,-.36920354,.33455721,-4.0561953,1.356822,-6.715518,-1.3968731,-4.0388722,1.370048,-6.7241173,-1.3536276
26.3,27,-.2623449,.16826607,-.59214032,.067450553,-.015157809,.15709266,-.32305378,.29273814,-3.5491784,1.1872218,-5.87609,-1.2222666,-3.5340204,1.1987945,-5.8836145,-1.1844265
26.4,27,-.22486694,.144228,-.50754863,.057814732,-.012992402,.1346508,-.27690309,.2509183,-3.0421515,1.0176182,-5.0366464,-1.0476565,-3.0291591,1.0275377,-5.0430961,-1.0152223
26.5,27,-.187389,.12018992,-.42295691,.048178915,-.010826995,.11220892,-.23075244,.20909844,-2.5351245,.84801459,-4.1972027,-.87304658,-2.5242977,.8562808,-4.2025771,-.84601802
26.6,27,-.14991106,.096151844,-.33836523,.038543094,-.0086615877,.089767054,-.18460177,.1672786,-2.0280976,.67841101,-3.357759,-.69843656,-2.0194361,.68502402,-3.3620586,-.67681378
26.7,27,-.11243311,.072113767,-.25377351,.028907275,-.0064961803,.067325182,-.13845111,.12545875,-1.5210708,.50880748,-2.5183151,-.5238266,-1.5145746,.51376718,-2.5215399,-.50760949
26.8,27,-.074955888,.048076153,-.16918342,.019271638,-.0043308144,.044883739,-.092301324,.083639696,-1.0140537,.33920711,-1.6788875,-.34921995,-1.0097229,.34251365,-1.6810373,-.3384085
26.9,27,-.037477944,.024038076,-.084591709,.0096358191,-.0021654072,.02244187,-.046150662,.041819848,-.50702685,.16960356,-.83944374,-.17460997,-.50486147,.17125683,-.84051865,-.16920425
27,27,0,0,0,0,0,0,0,0,0,0,0,0,0,0,0,0
27.1,27,.037394796,.024027385,-.0096980119,.084487602,.002153157,.022431817,-.041812398,.04611871,.50669336,.16955228,.17437698,.8390097,.50454021,.17120422,.16898608,.84009427
27.2,27,.0742907,.047990873,-.019769689,.16835108,.0042328131,.044803437,-.083580308,.092045933,1.0113857,.33879712,.34735551,1.6754158,1.0071528,.34209308,.33666271,1.6776429
27.3,27,.1101881,.071827427,-.030591063,.25096726,.0061654258,.067054786,-.12525955,.13759039,1.5120662,.50742501,.51753151,2.5066009,1.5059007,.51234937,.50171453,2.510087
27.4,27,.14458954,.095477991,-.042543877,.33172297,.0078775771,.089128233,-.16681054,.1825657,2.0067532,.67513847,.68350619,3.3300004,1.9988757,.68166822,.66283053,3.3349209
27.5,27,.17699543,.11888616,-.056017172,.41000801,.0092957253,.11096656,-.20819475,.2267862,2.4934361,.84163404,.84386379,4.1430087,2.4841404,.84973925,.81868213,4.1495986
27.6,27,.20690684,.14200144,-.071410857,.48522452,.010346368,.13251537,-.24937899,.27007174,2.970114,1.0066162,.99718237,4.9430456,2.9597676,1.0162609,.96793288,4.951602
27.7,27,.23382491,.1647803,-.089138545,.55678833,.010956005,.15372328,-.2903361,.31224811,3.4347854,1.1697959,1.1420277,5.7275429,3.4238293,1.1809384,1.1092327,5.7384262
27.8,27,.25725001,.18718745,-.10963064,.62413067,.011051095,.17454225,-.33104542,.3531476,3.8854399,1.3308879,1.2769474,6.4939322,3.8743887,1.3434826,1.2412111,6.5075665
27.9,27,.2766847,.20919938,-.13333856,.68670797,.01055822,.19493002,-.3714976,.39261404,4.3200955,1.4896265,1.4004812,7.2397099,4.3095374,1.5036249,1.3624868,7.256588
28,27,.29162934,.23080361,-.16073743,.74399614,.0094038341,.21484855,-.41169158,.43049926,4.736742,1.6457467,1.5111378,7.9623461,4.7273383,1.6610985,1.471645,7.9830313
28.1,27,.30167463,.25201109,-.19225803,.79560727,.0075276312,.2342761,-.45164508,.46670035,5.1337371,1.7990515,1.6076609,8.6598139,5.1262097,1.8157083,1.5674868,8.6849327
28.2,27,.30676934,.2728785,-.22806267,.84160137,.0049220729,.2532343,-.49140805,.50125217,5.5108757,1.9495648,1.689799,9.331953,5.5059538,1.9674847,1.6497545,9.3621531
28.3,27,.30695122,.29347458,-.26824841,.88215089,.0015927763,.27175593,-.53103906,.53422457,5.8683023,2.0973628,1.7575468,9.9790583,5.8667097,2.1165128,1.7184206,10.014998
28.4,27,.30226001,.31387153,-.3129169,.91743696,-.0024545288,.28987622,-.57060152,.56569242,6.2061896,2.2425332,1.8109052,10.601474,6.2086444,2.2628894,1.7734627,10.643826
28.5,27,.29273337,.33414161,-.36217213,.94763887,-.0072142305,.30763033,-.61015856,.59573013,6.5246825,2.3851559,1.8498625,11.199502,6.5318966,2.406703,1.8148456,11.248948
28.6,27,.27840969,.35435832,-.41611984,.97293919,-.012680672,.32505468,-.6497761,.62441474,6.8239341,2.5253153,1.8744073,11.773461,6.8366151,2.5480473,1.8425341,11.830696
28.7,27,.25932732,.37459561,-.4748666,.99352121,-.018848201,.34218654,-.68952149,.65182507,7.1040993,2.6630964,1.8845261,12.323672,7.1229472,2.6870172,1.8564906,12.389404
28.8,27,.23552407,.39492688,-.53851837,1.0095665,-.025711188,.35906351,-.72946274,.67804039,7.3653221,2.7985828,1.8802006,12.850443,7.3910332,2.8237054,1.8566723,12.925394
28.9,27,.20703949,.41542614,-.60718077,1.0212598,-.033263929,.37572506,-.7696715,.70314366,7.6077747,2.9318678,1.8614193,13.354131,7.6410389,2.9582155,1.8430429,13.439034
29,27,.17391145,.43616509,-.68095642,1.0287794,-.041500784,.39220989,-.81021804,.72721648,7.8316031,3.0630372,1.8281604,13.835046,7.8731036,3.0906425,1.8155556,13.930652
29.1,27,.1361783,.45721442,-.75994545,1.032302,-.050416104,.4085575,-.85117412,.75034189,8.0369596,3.1921794,1.7804031,14.293517,8.0873756,3.2210853,1.7741647,14.400587
29.2,27,.093878128,.47864276,-.84424442,1.0320007,-.060004275,.42480767,-.89261204,.77260345,8.223999,3.3193846,1.7181246,14.729873,8.2840033,3.3496437,1.718822,14.849184
29.3,27,.04704912,.50051618,-.93394452,1.0280428,-.070259608,.44099998,-.93460369,.79408449,8.3928661,3.4447401,1.6412995,15.144432,8.4631252,3.4764154,1.6494768,15.276774
29.4,27,-.0042695086,.52289915,-1.0291331,1.020594,-.081176452,.4571752,-.9772234,.81487048,8.5437317,3.5683432,1.5499082,15.537556,8.6249084,3.6015072,1.566084,15.683733
29.5,27,-.060039461,.54585212,-1.12989,1.009811,-.092749104,.47337276,-1.0205426,.83504444,8.6767445,3.6902823,1.4439234,15.909565,8.7694931,3.7250185,1.468591,16.070395
29.6,27,-.12022267,.56943256,-1.23629,.9958446,-.10497195,.48963225,-1.0646335,.8546896,8.7920542,3.8106501,1.3233175,16.260792,8.8970261,3.8470511,1.3569446,16.437109
29.7,27,-.18478109,.59369451,-1.3484008,.97883874,-.1178394,.50599283,-1.1095672,.87388837,8.8898163,3.9295385,1.1880622,16.59157,9.0076551,3.9677079,1.2310909,16.78422
29.8,27,-.25367647,.61868805,-1.4662827,.95892978,-.13134573,.52249283,-1.1554129,.89272141,8.9701757,4.0470376,1.0381272,16.902224,9.1015215,4.0870886,1.0909749,17.112068
29.9,27,-.32686958,.64446068,-1.5899893,.93625009,-.14548531,.53917098,-1.2022411,.91127044,9.0333033,4.1632471,.87348926,17.193117,9.1787891,4.2053027,.93654752,17.42103
30,27,-.40432212,.6710549,-1.7195655,.91092128,-.16025242,.55606407,-1.2501179,.92961311,9.0793476,4.2782569,.69411767,17.464577,9.2396002,4.3224502,.7677533,17.711447
30.1,27,-.4859961,.69850987,-1.8550503,.88305813,-.17564146,.57320821,-1.2991089,.94782591,9.1084585,4.3921609,.49998191,17.716936,9.2841005,4.4386344,.58453703,17.983664
30.2,27,-.57185346,.72686112,-1.996475,.85276812,-.19164684,.59063846,-1.349277,.96598327,9.1207914,4.5050521,.29105157,17.950531,9.312438,4.5539584,.38684368,18.238031
30.3,27,-.66185576,.75613981,-2.1438625,.82015103,-.20826283,.60838848,-1.4006823,.98415667,9.1164913,4.6170211,.067296349,18.165686,9.3247538,4.6685219,.17461884,18.47489
30.4,27,-.7559641,.78637487,-2.2972305,.7853024,-.2254838,.62649143,-1.4533845,1.0024168,9.0957289,4.7281671,-.17130859,18.362766,9.3212128,4.7824345,-.052186199,18.694611
30.5,27,-.85413969,.81759065,-2.456588,.74830854,-.24330401,.64497817,-1.5074381,1.02083,9.0586529,4.8385811,-.42479166,18.542097,9.3019571,4.8957939,-.2936233,18.897537
30.6,27,-.9563449,.84980857,-2.6219392,.70924938,-.26171789,.66387832,-1.5628955,1.0394597,9.005414,4.9483547,-.69318271,18.704012,9.2671318,5.0087028,-.54974514,19.084009
30.7,27,-1.0625418,.8830471,-2.7932825,.6681987,-.28071988,.68321997,-1.6198064,1.0583667,8.9361649,5.0575805,-.9765107,18.848841,9.2168846,5.1212611,-.82060307,19.254372
30.8,27,-1.1726917,.91732121,-2.9706082,.62522489,-.30030417,.70302916,-1.678216,1.0776076,8.8510532,5.166347,-1.2748009,18.976908,9.1513577,5.2335668,-1.1062443,19.40896
30.9,27,-1.2867556,.95264435,-3.1539042,.58039308,-.32046515,.72333139,-1.7381686,1.0972383,8.7502499,5.2747521,-1.5880737,19.088573,9.070715,5.3457236,-1.4067105,19.548141
31,27,-1.404695,.98902637,-3.3431511,.53376091,-.34119716,.74414933,-1.799703,1.1173087,8.6339016,5.3828821,-1.9163537,19.184156,8.9750986,5.4578276,-1.7220466,19.672243
31.1,27,-1.5264723,1.0264751,-3.5383265,.48538196,-.36249453,.76550436,-1.8628554,1.1378664,8.5021601,5.4908271,-2.2596631,19.263983,8.8646545,5.5699749,-2.0522952,19.781605
31.2,27,-1.6520481,1.0649964,-3.7394025,.43530631,-.38435158,.7874161,-1.9276587,1.1589556,8.3551826,5.5986753,-2.6180193,19.328384,8.7395344,5.682261,-2.3974924,19.87656
31.3,27,-1.781388,1.104594,-3.9463527,.38357648,-.40676311,.80990225,-1.9941424,1.1806161,8.1931,5.7065101,-2.9914544,19.377655,8.5998631,5.794776,-2.7576888,19.957415
31.4,27,-1.9144473,1.14527,-4.1591353,.3302407,-.42972267,.83297956,-2.0623326,1.2028872,8.0161066,5.8144255,-3.3799579,19.412172,8.4458294,5.9076195,-3.1328919,20.024551
31.5,27,-2.0511913,1.187025,-4.3777175,.27533484,-.45322508,.85666233,-2.1322525,1.2258023,7.8243341,5.9225025,-3.7835572,19.432226,8.2775593,6.0208783,-3.5231457,20.078264
31.6,27,-2.191581,1.2298577,-4.6020579,.21889573,-.47726464,.88096368,-2.2039218,1.2493924,7.6179385,6.0308242,-4.20226,19.438137,8.0952034,6.1346416,-3.9284732,20.118879
31.7,27,-2.3355768,1.2737657,-4.8321118,.16095802,-.50183547,.90589488,-2.2773569,1.2736859,7.3970785,6.1394734,-4.6360683,19.430225,7.8989139,6.2489958,-4.3488922,20.146721
31.8,27,-2.4831464,1.3187462,-5.0678415,.10154865,-.52693272,.93146604,-2.3525727,1.2987072,7.1618776,6.2485261,-5.0850086,19.408764,7.6888103,6.3640218,-4.7844434,20.162064
31.9,27,-2.6342423,1.3647938,-5.3091888,.040704485,-.5525496,.95768571,-2.429579,1.3244799,6.9125404,6.3580689,-5.549046,19.374126,7.4650898,6.4798098,-5.2351041,20.165283
32,27,-2.7888315,1.4119036,-5.5561118,-.021551209,-.57868111,.98456115,-2.5083854,1.3510233,6.6491904,6.4681745,-6.0281982,19.32658,7.2278719,6.596436,-5.7009058,20.156649
32.1,27,-2.9468746,1.4600688,-5.808557,-.085192285,-.60532147,1.0120978,-2.5889969,1.3783538,6.3719807,6.5789151,-6.5224562,19.266417,6.9773021,6.7139764,-6.18185,20.136454
32.2,27,-3.1083322,1.5092832,-6.066473,-.15019152,-.63246495,1.0403013,-2.671418,1.4064881,6.081089,6.6903725,-7.0318003,19.193979,6.7135539,6.8325138,-6.677927,20.105036
32.3,27,-3.273169,1.5595382,-6.3298082,-.21653026,-.66010618,1.0691741,-2.7556489,1.4354365,5.7766294,6.8026066,-7.5562348,19.109493,6.4367356,6.9521108,-7.1891518,20.062622
32.4,27,-3.4413426,1.6108263,-6.5985041,-.28418097,-.6882391,1.0987195,-2.8416898,1.4652115,5.4588008,6.9156971,-8.0957165,19.013319,6.1470399,7.0728488,-7.7154889,20.009569
32.5,27,-3.6128173,1.6631378,-6.8725076,-.35312706,-.71685827,1.1289381,-2.9295363,1.4958197,5.127717,7.0297003,-8.6502428,18.905676,5.8445754,7.1947846,-8.2569427,19.946095
32.6,27,-3.7875545,1.7164642,-7.1517625,-.42334673,-.74595815,1.1598309,-3.0191851,1.5272688,4.7835469,7.1446857,-9.21978,18.786875,5.5295053,7.3179884,-8.813488,19.872499
32.7,27,-3.9655144,1.7707959,-7.4362106,-.49481821,-.7755329,1.1913981,-3.1106305,1.5595646,4.4264655,7.2607207,-9.804286,18.657217,5.2019982,7.4425282,-9.3850889,19.789085
32.8,27,-4.1466608,1.8261225,-7.7257953,-.56752658,-.80557698,1.2236377,-3.2038629,1.5927088,4.0565886,7.3778553,-10.403742,18.51692,4.8621659,7.5684528,-9.9717293,19.69606
32.9,27,-4.3309522,1.882434,-8.0204554,-.64144939,-.8360846,1.2565484,-3.2988741,1.6267051,3.6741111,7.4961567,-11.018085,18.366308,4.5101957,7.6958294,-10.573353,19.593744
33,27,-4.5183535,1.9397196,-8.3201342,-.71657312,-.86705023,1.2901272,-3.3956528,1.6615524,3.279146,7.6156693,-11.647292,18.205584,4.1461964,7.8247013,-11.189937,19.482328
33.1,27,-4.7088256,1.9979687,-8.6247721,-.79287869,-.8984682,1.324371,-3.4941876,1.6972512,2.8718657,7.7364516,-12.291301,18.035032,3.770334,7.9551249,-11.821424,19.362093
33.2,27,-4.9023266,2.0571704,-8.9343071,-.87034672,-.93033266,1.3592764,-3.5944655,1.7338003,2.4524477,7.8585582,-12.950044,17.854939,3.3827801,8.0871534,-12.467749,19.233309
33.3,27,-5.0988245,2.1173136,-9.248683,-.94896585,-.96263838,1.3948389,-3.6964724,1.7711957,2.0209975,7.9820266,-13.623487,17.665483,2.9836359,8.2208214,-13.128879,19.096149
33.4,27,-5.298275,2.1783869,-9.5678349,-1.0287148,-.99537933,1.4310541,-3.8001938,1.8094351,1.5777173,8.1069117,-14.311539,17.466972,2.5730968,8.3561821,-13.804719,18.950912
33.5,27,-5.5006423,2.2403786,-9.8917036,-1.1095811,-1.0285499,1.467916,-3.9056125,1.8485128,1.1227235,8.2332468,-15.014144,17.25959,2.1512735,8.4932652,-14.49522,18.797766
33.6,27,-5.7058887,2.3032773,-10.220229,-1.1915481,-1.0621446,1.5054199,-4.0127134,1.888424,.65618289,8.3610764,-15.731225,17.043591,1.7183275,8.6321115,-15.200299,18.636955
33.7,27,-5.9139729,2.3670716,-10.553349,-1.2745979,-1.0961576,1.5435597,-4.121479,1.9291638,.17827263,8.4904413,-16.462687,16.819233,1.2744302,8.7727594,-15.919863,18.468723
33.8,27,-6.1248627,2.4317501,-10.891006,-1.3587202,-1.1305836,1.5823292,-4.2318916,1.9707246,-.31090346,8.6213694,-17.208477,16.58667,.81968021,8.9152327,-16.653854,18.293215
33.9,27,-6.3385119,2.4973001,-11.23313,-1.4438936,-1.1654165,1.6217217,-4.3439326,2.0130997,-.81113368,8.7538996,-17.968462,16.346195,.35428274,9.0595665,-17.402142,18.110706
34,27,-6.5548878,2.5637102,-11.579667,-1.530108,-1.2006508,1.6617305,-4.457583,2.0562811,-1.3223143,8.8880558,-18.742582,16.097954,-.12166347,9.2057791,-18.16466,17.921331
34.1,27,-6.7739491,2.6309683,-11.930552,-1.6173462,-1.2362809,1.7023486,-4.572823,2.1002612,-1.8442681,9.0238676,-19.530724,15.842187,-.60798717,9.353898,-18.94129,17.725315
34.2,27,-6.9956574,2.6990628,-12.285724,-1.7055913,-1.272301,1.7435691,-4.6896338,2.1450317,-2.3768232,9.1613655,-20.332769,15.579123,-1.1045221,9.5039473,-19.731916,17.522871
34.3,27,-7.2199779,2.767982,-12.645123,-1.7948331,-1.3087059,1.7853845,-4.8079953,2.1905835,-2.9198704,9.3005629,-21.14864,15.308898,-1.6111646,9.6559362,-20.536451,17.314123
34.4,27,-7.4468665,2.837713,-13.008681,-1.8850513,-1.3454893,1.8277872,-4.927886,2.2369077,-3.4732034,9.4414892,-21.978184,15.031776,-2.1277144,9.8098898,-21.354744,17.099316
34.5,27,-7.67629,2.9082444,-13.376344,-1.9762359,-1.3826458,1.8707693,-5.0492864,2.2839944,-4.0367184,9.5841551,-22.821316,14.74788,-2.6540725,9.9658117,-22.186705,16.878559
34.6,27,-7.9082084,2.9795642,-13.748047,-2.0683703,-1.4201702,1.9143232,-5.1721749,2.3318346,-4.6102409,9.7285786,-23.677904,14.457422,-3.1900706,10.123718,-23.032194,16.652052
34.7,27,-8.142581,3.0516598,-14.123724,-2.1614373,-1.4580561,1.9584411,-5.2965302,2.3804181,-5.1935906,9.8747787,-24.5478,14.160619,-3.7355347,10.283621,-23.89106,16.419991
34.8,27,-8.3793726,3.1245198,-14.503319,-2.2554262,-1.4962983,2.0031149,-5.4223313,2.4297347,-5.7866597,10.022758,-25.430904,13.857585,-4.2903614,10.445518,-24.763201,16.182478
34.9,27,-8.6185427,3.1981323,-14.886767,-2.3503189,-1.5348911,2.0483367,-5.5495572,2.479775,-6.389256,10.172535,-26.327057,13.548546,-4.8543649,10.609422,-25.648449,15.939719
35,27,-8.860055,3.2724843,-15.274006,-2.4461033,-1.5738287,2.0940976,-5.6781845,2.5305274,-7.0012555,10.324108,-27.236135,13.233624,-5.4274268,10.775326,-26.546679,15.691824
35.1,27,-9.1038771,3.3475661,-15.664986,-2.5427675,-1.6131067,2.1403911,-5.8081961,2.5819829,-7.6225224,10.477489,-28.158022,12.912977,-6.0094156,10.943237,-27.457767,15.438936
35.2,27,-9.3499451,3.4233601,-16.059608,-2.6402829,-1.6527158,2.1872053,-5.9395595,2.6341281,-8.2527866,10.632679,-29.092455,12.586881,-6.600071,11.113152,-28.381449,15.181307
35.3,27,-9.5982523,3.4998605,-16.457853,-2.7386518,-1.6926546,2.2345359,-6.0722642,2.6869552,-8.8920431,10.78968,-30.039425,12.25534,-7.199388,11.285065,-29.317709,14.918933
35.4,27,-9.8487339,3.5770497,-16.859623,-2.8378448,-1.7329137,2.2823708,-6.2062783,2.7404509,-9.5400066,10.948491,-30.998655,11.918642,-7.8070927,11.458972,-30.266266,14.652081
35.5,27,-10.101383,3.6549234,-17.264902,-2.9378653,-1.7734923,2.3307064,-6.3415928,2.7946081,-10.196682,11.109113,-31.970142,11.576778,-8.4231892,11.634869,-31.227112,14.380733
35.6,27,-10.356145,3.7334652,-17.673601,-3.0386875,-1.814382,2.3795311,-6.4781775,2.8494134,-10.861825,11.27154,-32.953636,11.229987,-9.0474434,11.812742,-32.199993,14.105107
35.7,27,-10.612957,3.8126574,-18.085629,-3.1402862,-1.855574,2.428834,-6.6160011,2.9048531,-11.535183,11.435766,-33.948872,10.878508,-9.6796083,11.992582,-33.184639,13.82542
35.8,27,-10.871817,3.8924961,-18.500969,-3.2426641,-1.8970673,2.4786108,-6.7550554,2.9609206,-12.216763,11.601786,-34.955845,10.522319,-10.319695,12.174377,-34.181038,13.541647
35.9,27,-11.13266,3.972964,-18.919527,-3.345793,-1.9388531,2.5288498,-6.895308,3.0176015,-12.906288,11.769591,-35.974262,10.161687,-10.967435,12.358116,-35.188896,13.254027
36,27,-11.39548,4.0540566,-19.341284,-3.4496751,-1.9809302,2.5795469,-7.0367494,3.0748892,-13.603756,11.939174,-37.004108,9.7965946,-11.622826,12.543786,-36.208195,12.962543
36.1,27,-11.660211,4.1357546,-19.76614,-3.554281,-2.0232887,2.6306896,-7.1793456,3.1327682,-14.308888,12.110519,-38.045071,9.4272938,-12.2856,12.731364,-37.238617,12.667417
36.2,27,-11.926818,4.2180476,-20.194038,-3.6595969,-2.0659237,2.6822698,-7.3230758,3.1912286,-15.021532,12.28362,-39.096985,9.0539207,-12.955608,12.92084,-38.279991,12.368774
36.3,27,-12.195271,4.3009248,-20.624929,-3.7656136,-2.1088305,2.7342801,-7.4679208,3.2502599,-15.741594,12.458457,-40.159721,8.6765327,-13.632764,13.112191,-39.332188,12.066659
36.4,27,-12.465524,4.3843732,-21.058737,-3.8723099,-2.1520026,2.7867107,-7.6138554,3.3098502,-16.468859,12.635021,-41.233044,8.2953272,-14.316856,13.305401,-40.394962,11.76125
36.5,27,-12.737548,4.4683828,-21.495417,-3.9796782,-2.1954355,2.8395545,-7.76086,3.3699892,-17.203241,12.813292,-42.316833,7.9103475,-15.007807,13.500446,-41.468197,11.452581
36.6,27,-13.011296,4.5529399,-21.934895,-4.0876985,-2.2391226,2.892802,-7.9089103,3.430665,-17.944546,12.993253,-43.410854,7.5217614,-15.705423,13.697307,-42.551651,11.140803
36.7,27,-13.286729,4.638032,-22.377104,-4.1963539,-2.2830579,2.946444,-8.0579824,3.4918666,-18.692589,13.17489,-44.514896,7.1297202,-16.409531,13.89596,-43.645111,10.826051
36.8,27,-13.563818,4.723649,-22.822001,-4.3056359,-2.3272369,3.0004735,-8.2080574,3.5535831,-19.447287,13.358179,-45.628838,6.7342634,-17.12005,14.096382,-44.748451,10.508352
36.9,27,-13.842514,4.8097777,-23.269505,-4.4155226,-2.3716528,3.0548809,-8.3591089,3.6158032,-20.208418,13.543105,-46.752415,6.3355799,-17.836765,14.298552,-45.861412,10.187881
37,27,-14.122787,4.8964071,-23.719568,-4.5260048,-2.4163013,3.1096578,-8.5111189,3.6785161,-20.975889,13.729643,-47.885494,5.9337158,-18.559587,14.502439,-46.983845,9.8646698
37.1,27,-14.404595,4.9835253,-24.172125,-4.6370649,-2.4611757,3.1647961,-8.6640615,3.7417107,-21.749517,13.917772,-49.027851,5.5288148,-19.288342,14.70802,-48.115532,9.5388479
37.2,27,-14.687895,5.0711188,-24.627106,-4.7486844,-2.5062699,3.2202864,-8.817915,3.8053751,-22.529116,14.107473,-50.179256,5.1210227,-20.022846,14.915271,-49.256241,9.2105465
37.3,27,-14.972659,5.1591787,-25.084463,-4.8608551,-2.55158,3.2761211,-8.9726591,3.8694997,-23.314602,14.298719,-51.339577,4.7103724,-20.763021,15.124161,-50.405834,8.8797884
37.4,27,-15.258839,5.2476902,-25.544123,-4.9735546,-2.5970984,3.3322909,-9.1282682,3.9340718,-24.105747,14.491489,-52.508545,4.2970486,-21.50865,15.334665,-51.564041,8.5467415
37.5,27,-15.546402,5.3366432,-26.006029,-5.0867734,-2.6428208,3.3887877,-9.2847233,3.9990814,-24.90246,14.685755,-53.686008,3.8810897,-22.25964,15.546751,-52.730713,8.2114334
37.6,27,-15.83531,5.4260254,-26.470125,-5.2004952,-2.6887412,3.4456036,-9.4420004,4.0645175,-25.704567,14.881494,-54.871758,3.4626243,-23.015825,15.760394,-53.905628,7.8739796
37.7,27,-16.125519,5.5158248,-26.936337,-5.3147006,-2.7348533,3.5027287,-9.6000757,4.1303687,-26.511875,15.07868,-56.065544,3.041795,-23.777021,15.975563,-55.088551,7.5345073
37.8,27,-16.417,5.6060309,-27.404617,-5.4293814,-2.781153,3.5601563,-9.7589312,4.1966252,-27.324301,15.277287,-57.267231,2.6186299,-24.543148,16.192228,-56.279331,7.1930361
37.9,27,-16.709702,5.696629,-27.874891,-5.5445142,-2.8276327,3.6178758,-9.918539,4.2632737,-28.141613,15.477286,-58.476536,2.1933098,-25.313982,16.410358,-57.477692,6.84973
38,27,-17.003597,5.7876101,-28.347105,-5.6600904,-2.8742878,3.6758804,-10.078881,4.3303056,-28.963724,15.678651,-59.693314,1.7658657,-26.089437,16.629921,-58.683483,6.5046101
38.1,27,-17.298645,5.8789616,-28.821199,-5.7760925,-2.9211128,3.7341614,-10.239935,4.3977089,-29.790457,15.881352,-60.917336,1.3364236,-26.869343,16.850887,-59.896477,6.1577902
38.2,27,-17.594805,5.9706712,-29.297106,-5.8925037,-2.9681015,3.7927098,-10.401676,4.4654732,-30.621632,16.085367,-62.148369,.90510875,-27.65353,17.073227,-61.11644,5.809382
38.3,27,-17.892038,6.0627275,-29.774767,-6.0093107,-3.0152485,3.8515174,-10.564084,4.533587,-31.45713,16.290659,-63.386234,.47197402,-28.441881,17.296904,-62.343193,5.4594274
38.4,27,-18.190306,6.1551185,-30.254116,-6.1264954,-3.0625482,3.9105759,-10.727136,4.6020398,-32.296764,16.497204,-64.630692,.037162401,-29.234215,17.521889,-63.576488,5.1080565
38.5,27,-18.489576,6.2478337,-30.735107,-6.2440476,-3.1099954,3.9698775,-10.890812,4.6708217,-33.140434,16.704971,-65.881577,-.39929411,-30.030441,17.74815,-64.816177,4.7552924
38.6,27,-18.789804,6.3408599,-31.217663,-6.3619475,-3.1575835,4.0294127,-11.055087,4.7399206,-33.987946,16.913929,-67.138634,-.83725369,-30.830362,17.975649,-66.061989,4.4012623
38.7,27,-19.090952,6.434186,-31.701725,-6.4801798,-3.2053072,4.0891738,-11.219941,4.8093262,-34.83913,17.12405,-68.401649,-1.2766073,-31.633823,18.204359,-67.313713,4.0460639
38.8,27,-19.392982,6.5277996,-32.187233,-6.5987306,-3.253161,4.1491518,-11.385349,4.8790269,-35.693867,17.3353,-69.670433,-1.7173007,-32.440704,18.43424,-68.571152,3.6897411
38.9,27,-19.695856,6.6216893,-32.674129,-6.7175827,-3.3011389,4.2093387,-11.551291,4.9490137,-36.551971,17.547653,-70.94474,-2.1592023,-33.250832,18.665264,-69.834076,3.332413
39,27,-19.999538,6.7158451,-33.162354,-6.8367252,-3.3492362,4.2697272,-11.717748,5.0192757,-37.413342,17.761076,-72.224411,-2.6022747,-34.064106,18.897396,-71.102325,2.9741082
39.1,27,-20.303989,6.8102531,-33.65184,-6.9561391,-3.3974466,4.330308,-11.884694,5.0898008,-38.27779,17.975534,-73.509193,-3.046387,-34.880341,19.1306,-72.375626,2.6149445
39.2,27,-20.609165,6.9049015,-34.142521,-7.0758061,-3.4457636,4.3910718,-12.052106,5.1605792,-39.145126,18.191002,-74.798836,-3.4914172,-35.699364,19.364841,-73.653755,2.2550313
39.3,27,-20.915035,6.9997811,-34.634354,-7.1957173,-3.4941833,4.4520125,-12.219967,5.2316008,-40.01527,18.407444,-76.093201,-3.9373441,-36.521088,19.60009,-74.936554,1.8943826
39.4,27,-21.221552,7.0948768,-35.127254,-7.3158498,-3.5426981,4.5131192,-12.388249,5.3028531,-40.887993,18.624828,-77.391983,-4.3840003,-37.345295,19.836306,-76.22374,1.533151
39.5,27,-21.52869,7.1901803,-35.621185,-7.4361959,-3.5913043,4.5743861,-12.556936,5.3743281,-41.763214,18.843124,-78.695061,-4.8313718,-38.171909,20.073458,-77.515167,1.1713432
39.6,27,-21.836403,7.2856784,-36.11607,-7.5567365,-3.6399953,4.6358042,-12.726005,5.4460139,-42.640751,19.062298,-80.002167,-5.2793312,-39.000755,20.31151,-78.810585,.80907476
39.7,27,-22.14465,7.3813581,-36.611843,-7.6774526,-3.6887648,4.6973639,-12.895429,5.517899,-43.520401,19.282318,-81.313049,-5.7277508,-39.831638,20.550426,-80.109734,.4464606
39.8,27,-22.453396,7.4772096,-37.108456,-7.7983332,-3.737608,4.759058,-13.06519,5.5899744,-44.402077,19.503153,-82.627556,-6.1766014,-40.664471,20.790174,-81.41246,.083521239
39.9,27,-22.762602,7.5732212,-37.605843,-7.9193611,-3.7865191,4.8208785,-13.235267,5.6622291,-45.285587,19.72477,-83.945427,-6.6257496,-41.499069,21.030718,-82.718513,-.27962041
40,27,-23.072233,7.6693811,-38.103943,-8.0405226,-3.8354928,4.8828173,-13.405639,5.734653,-46.170815,19.947134,-85.266479,-7.075151,-42.335323,21.27202,-84.027718,-.64293003
40.1,27,-23.382246,7.765677,-38.602692,-8.1617994,-3.8845224,4.9448647,-13.57628,5.8072343,-47.057571,20.170214,-86.590462,-7.5246792,-43.17305,21.514046,-85.339806,-1.0062934
40.2,27,-23.692604,7.8620977,-39.102032,-8.2831764,-3.9336033,5.0070143,-13.74717,5.8799639,-47.945702,20.393978,-87.917168,-7.9742389,-44.012096,21.756763,-86.654572,-1.3696243
40.3,27,-24.003273,7.958632,-39.601906,-8.4046402,-3.9827294,5.0692568,-13.91829,5.9528313,-48.835083,20.618391,-89.246384,-8.4237785,-44.852352,22.000135,-87.971825,-1.7328813
40.4,27,-24.314201,8.0552664,-40.102234,-8.5261698,-4.0318947,5.1315832,-14.089613,6.0258241,-49.725502,20.84342,-90.577858,-8.8731499,-45.693607,22.244123,-89.29129,-2.0959291
40.5,27,-24.625368,8.1519928,-40.602982,-8.6477575,-4.0810943,5.1939878,-14.261124,6.0989351,-50.61689,21.069035,-91.911438,-9.32234,-46.535793,22.488695,-90.612831,-2.4587607
40.6,27,-24.936729,8.2487974,-41.104073,-8.7693834,-4.1303225,5.2564611,-14.432797,6.172152,-51.509048,21.2952,-93.246872,-9.771224,-47.378727,22.733818,-91.936188,-2.8212626
40.7,27,-25.248234,8.3456669,-41.605442,-8.8910284,-4.1795726,5.3189936,-14.604609,6.2454638,-52.401779,21.521881,-94.583893,-10.219668,-48.222206,22.979448,-93.261101,-3.183315
40.8,27,-25.559864,8.4425936,-42.107044,-9.0126839,-4.2288404,5.3815799,-14.776543,6.3188624,-53.295017,21.749048,-95.922371,-10.667667,-49.066177,23.225559,-94.58744,-3.5449171
40.9,27,-25.871559,8.5395622,-42.608791,-9.134326,-4.2781181,5.4442086,-14.94857,6.3923345,-54.188511,21.976664,-97.261978,-11.115044,-49.910393,23.472109,-95.914879,-3.9059074
41,27,-26.183302,8.6365643,-43.110657,-9.2559471,-4.3274026,5.5068746,-15.120678,6.4658728,-55.082207,22.204699,-98.602615,-11.561799,-50.754807,23.719065,-97.243317,-4.2662916
41.1,27,-26.49505,8.7335882,-43.612568,-9.377532,-4.3766885,5.5695691,-15.292843,6.5394669,-55.975925,22.433121,-99.944038,-12.007814,-51.599236,23.966396,-98.57251,-4.6259632
41.2,27,-26.806795,8.8306322,-44.114517,-9.499074,-4.4259734,5.6322904,-15.465059,6.6131129,-56.869614,22.661917,-101.28616,-12.453072,-52.443638,24.214087,-99.902374,-4.9849029
41.3,27,-27.118544,8.9276953,-44.616505,-9.6205816,-4.4752588,5.6950378,-15.637328,6.6868105,-57.763329,22.891075,-102.62901,-12.897648,-53.288071,24.462124,-101.23296,-5.3431888
41.4,27,-27.430285,9.0247755,-45.118519,-9.7420492,-4.5245433,5.7578096,-15.809643,6.7605567,-58.657005,23.120581,-103.97251,-13.3415,-54.132462,24.710497,-102.56415,-5.7007785
41.5,27,-27.742039,9.1218767,-45.62059,-9.8634872,-4.5738297,5.8206081,-15.982012,6.8343525,-59.550743,23.350433,-105.31675,-13.784736,-54.976913,24.959204,-103.89606,-6.0577736
41.6,27,-28.053783,9.2189941,-46.122681,-9.9848881,-4.6231146,5.8834281,-16.154423,6.9081926,-60.44445,23.58061,-106.6616,-14.227302,-55.821335,25.208223,-105.22855,-6.4141259
41.7,27,-28.365524,9.3161268,-46.624798,-10.106253,-4.672399,5.9462705,-16.326876,6.9820771,-61.338127,23.81111,-108.00704,-14.669209,-56.66573,25.45755,-106.56161,-6.769846
41.8,27,-28.677279,9.4132786,-47.126965,-10.227592,-4.7216854,6.0091372,-16.499378,7.0560074,-62.231865,24.041925,-109.35317,-15.110558,-57.510178,25.707184,-107.89533,-7.1250267
41.9,27,-28.989019,9.5104437,-47.629147,-10.348893,-4.7709699,6.0720234,-16.671917,7.1299772,-63.125542,24.273039,-110.69982,-15.551261,-58.354572,25.9571,-109.22955,-7.4795895
42,27,-29.300768,9.607625,-48.131367,-10.470169,-4.8202553,6.1349311,-16.8445,7.203989,-64.019257,24.504448,-112.0471,-15.991423,-59.199005,26.207304,-110.56438,-7.8336329
42.1,27,-29.612518,9.7048225,-48.633621,-10.591416,-4.8695412,6.1978598,-17.017122,7.2780404,-64.912987,24.736145,-113.39494,-16.431032,-60.043446,26.457783,-111.89974,-8.1871452
42.2,27,-29.924261,9.8020325,-49.135891,-10.71263,-4.9188256,6.2608061,-17.189779,7.3521285,-65.806664,24.968117,-114.74327,-16.870052,-60.887836,26.708523,-113.23558,-8.5400934
42.3,27,-30.23601,9.8992577,-49.638195,-10.83382,-4.968111,6.3237724,-17.362478,7.4262552,-66.700378,25.200361,-116.09218,-17.308578,-61.732269,26.959526,-114.57197,-8.8925667
42.4,27,-30.547752,9.9964952,-50.140526,-10.954982,-5.017396,6.3867564,-17.53521,7.5004168,-67.59407,25.432869,-117.44157,-17.746561,-62.576672,27.210781,-115.90882,-9.2445192
42.5,27,-30.859501,10.093747,-50.642883,-11.076119,-5.0666814,6.4497595,-17.707977,7.574614,-68.487785,25.665632,-118.7915,-18.184071,-63.421101,27.462282,-117.24619,-9.5960178
42.6,27,-31.171249,10.191012,-51.145267,-11.197232,-5.1159673,6.5127792,-17.880779,7.6488457,-69.3815,25.898643,-120.14191,-18.621092,-64.265533,27.714022,-118.58402,-9.9470491
42.7,27,-31.482994,10.288289,-51.647671,-11.318317,-5.1652522,6.5758152,-18.053614,7.7231092,-70.275185,26.131897,-121.49277,-19.057611,-65.10994,27.965992,-119.92227,-10.297598
42.8,27,-31.794743,10.385579,-52.150101,-11.439382,-5.2145376,6.6388683,-18.22648,7.7974057,-71.168907,26.365387,-122.84412,-19.493694,-65.954369,28.218191,-121.261,-10.647731
42.9,27,-32.106483,10.482879,-52.652546,-11.560419,-5.2638221,6.7019362,-18.399376,7.8717318,-72.062584,26.599106,-124.19587,-19.929293,-66.798759,28.470606,-122.60012,-10.997399
43,27,-32.418236,10.580193,-53.155029,-11.681438,-5.313108,6.7650213,-18.572306,7.9460902,-72.956306,26.83305,-125.54812,-20.364496,-67.643204,28.723238,-123.93971,-11.346688
43.1,27,-32.72998,10.677516,-53.657528,-11.802435,-5.3623934,6.8281207,-18.745264,8.0204773,-73.850029,27.067213,-126.90079,-20.799265,-68.487633,28.976078,-125.2797,-11.695562
43.2,27,-33.04179,10.774868,-54.160145,-11.923436,-5.4116879,6.8912463,-18.918282,8.0949068,-74.743965,27.301624,-128.25417,-21.233768,-69.332283,29.229164,-126.62039,-12.044171
43.3,27,-33.353409,10.872177,-54.662483,-12.044333,-5.4609542,6.95435,-19.091228,8.1693211,-75.637169,27.536125,-129.60698,-21.667351,-70.176208,29.482317,-127.96049,-12.391931
43.4,27,-33.665218,10.96955,-55.165142,-12.165295,-5.5102487,7.0175037,-19.264303,8.2438059,-76.53112,27.770948,-130.96118,-22.101061,-71.020866,29.735796,-129.30196,-12.73978
43.5,27,-33.976963,11.066916,-55.667721,-12.286208,-5.5595336,7.0806589,-19.43737,8.3183031,-77.424828,28.005924,-132.31543,-22.53422,-71.865288,29.989416,-130.64346,-13.087115
43.6,27,-34.288719,11.164292,-56.17033,-12.407106,-5.60882,7.1438284,-19.610466,8.3928261,-78.318558,28.241098,-133.67009,-22.967026,-72.70974,30.243225,-131.98537,-13.434111
43.7,27,-34.600525,11.261695,-56.673042,-12.528009,-5.6581144,7.2070212,-19.783617,8.4673882,-79.212502,28.476494,-135.02541,-23.399601,-73.55439,30.497252,-133.3279,-13.780876
43.8,27,-34.91214,11.359051,-57.175468,-12.648808,-5.7073798,7.2701893,-19.95669,8.5419292,-80.105682,28.71195,-136.38007,-23.831293,-74.3983,30.751316,-134.66977,-14.126827
43.9,27,-35.223953,11.456472,-57.678226,-12.769678,-5.7566748,7.3334079,-20.12989,8.61654,-80.999641,28.94771,-137.73611,-24.263174,-75.242966,31.005692,-136.013,-14.472931
44,27,-35.535702,11.553885,-58.180897,-12.890502,-5.8059602,7.396625,-20.30308,8.6911583,-81.893356,29.183601,-139.09216,-24.694553,-76.087402,31.260185,-137.35623,-14.818563
44.1,27,-35.847446,11.651304,-58.683582,-13.011308,-5.8552456,7.4598541,-20.47629,8.7657995,-82.787064,29.419659,-140.44853,-25.125593,-76.931824,31.514839,-138.69977,-15.163873
44.2,27,-36.159195,11.748734,-59.186291,-13.132098,-5.904531,7.5230947,-20.649525,8.8404636,-83.680771,29.655888,-141.80525,-25.556303,-77.776245,31.769655,-140.04362,-15.508864
44.3,27,-36.47094,11.84617,-59.689003,-13.252872,-5.9538159,7.5863447,-20.822779,8.9151468,-84.574471,29.892271,-143.16225,-25.986696,-78.620651,32.02462,-141.38776,-15.853556
44.4,27,-36.782684,11.943615,-60.191738,-13.37363,-6.0031013,7.6496067,-20.996054,8.989852,-85.46817,30.128817,-144.51956,-26.416773,-79.465065,32.279736,-142.73219,-16.197945
44.5,27,-37.094433,12.041068,-60.694492,-13.494373,-6.0523868,7.7128787,-21.169352,9.0645781,-86.361885,30.365515,-145.8772,-26.846569,-80.309502,32.535004,-144.07693,-16.542065
44.6,27,-37.406181,12.138529,-61.197258,-13.615103,-6.1016722,7.7761612,-21.342669,9.1393232,-87.2556,30.602364,-147.23514,-27.276072,-81.153931,32.790409,-145.42195,-16.885904
44.7,27,-37.717926,12.235996,-61.700039,-13.735816,-6.1509576,7.8394532,-21.516003,9.2140884,-88.1493,30.839359,-148.59334,-27.705265,-81.998344,33.045959,-146.76723,-17.22945
44.8,27,-38.029671,12.333469,-62.202827,-13.856514,-6.200242,7.9027543,-21.689356,9.2888718,-89.042999,31.076496,-149.95181,-28.134184,-82.842751,33.301643,-148.11278,-17.572735
44.9,27,-38.341419,12.430952,-62.705635,-13.9772,-6.2495275,7.9660654,-21.862728,9.3636732,-89.936691,31.313776,-151.31056,-28.56282,-83.687164,33.557461,-149.45859,-17.915749
45,27,-38.653164,12.52844,-63.208458,-14.097874,-6.2988129,8.0293856,-22.036119,9.4384937,-90.830414,31.551193,-152.66962,-28.991209,-84.531601,33.813412,-150.80467,-18.258526
45.1,27,-38.964912,12.625937,-63.711296,-14.218534,-6.3480983,8.0927153,-22.209528,9.5133324,-91.724129,31.788744,-154.02892,-29.419334,-85.37603,34.069492,-152.151,-18.601053
45.2,27,-39.276661,12.723438,-64.214142,-14.339179,-6.3973837,8.1560535,-22.382954,9.5881872,-92.617828,32.026424,-155.38846,-29.847185,-86.220444,34.325695,-153.49756,-18.943317
45.3,27,-39.588406,12.820946,-64.716995,-14.459812,-6.4466686,8.2193995,-22.556395,9.6630583,-93.51152,32.264233,-156.74826,-30.274788,-87.06485,34.582016,-154.84436,-19.285347
45.4,27,-39.90015,12.918461,-65.219872,-14.580433,-6.4959536,8.2827539,-22.729855,9.7379465,-94.40522,32.502167,-158.10829,-30.702141,-87.909264,34.838463,-156.19139,-19.627136
45.5,27,-40.211899,13.015982,-65.722755,-14.701043,-6.545239,8.346118,-22.90333,9.812851,-95.298935,32.740227,-159.4686,-31.129272,-88.753693,35.095024,-157.53868,-19.968716
45.6,27,-40.523647,13.113509,-66.225655,-14.821642,-6.5945244,8.4094887,-23.07682,9.8877707,-96.19265,32.978401,-160.82913,-31.55617,-89.598129,35.3517,-158.88618,-20.310072
45.7,27,-40.835392,13.211041,-66.728561,-14.942227,-6.6438098,8.472868,-23.250326,9.9627056,-97.086349,33.216698,-162.18988,-31.982817,-90.442543,35.608486,-160.23389,-20.651188
45.8,27,-41.147137,13.308578,-67.231476,-15.062801,-6.6930947,8.5362539,-23.423845,10.037655,-97.980049,33.455105,-163.55084,-32.409245,-91.286949,35.865379,-161.5818,-20.992098
45.9,27,-41.458885,13.406123,-67.734406,-15.183365,-6.7423801,8.5996475,-23.59738,10.11262,-98.873741,33.693626,-164.91203,-32.835445,-92.131363,36.122387,-162.92993,-21.33279
46,27,-41.77063,13.503673,-68.237343,-15.303919,-6.7916656,8.6630497,-23.770931,10.187599,-99.767464,33.932259,-166.27347,-33.261452,-92.975792,36.379494,-164.27829,-21.673296
46.1,27,-42.082378,13.601228,-68.740295,-15.424462,-6.840951,8.7264585,-23.944494,10.262593,-100.66118,34.171001,-167.6351,-33.687248,-93.820229,36.636707,-165.62685,-22.013601
46.2,27,-42.394127,13.698789,-69.243256,-15.544994,-6.8902364,8.7898741,-24.118073,10.3376,-101.55488,34.409847,-168.99693,-34.112816,-94.664642,36.89402,-166.97559,-22.353691
46.3,27,-42.705868,13.796352,-69.746223,-15.665516,-6.9395208,8.8532953,-24.29166,10.412619,-102.44857,34.648792,-170.35895,-34.538189,-95.509048,37.151424,-168.32451,-22.693594
46.4,27,-43.017616,13.893923,-70.249207,-15.786028,-6.9888062,8.9167242,-24.465265,10.487653,-103.34227,34.88784,-171.72118,-34.963356,-96.353462,37.408932,-169.67363,-23.0333
46.5,27,-43.329365,13.991499,-70.752197,-15.906531,-7.0380917,8.9801598,-24.638882,10.562699,-104.23598,35.126991,-173.08362,-35.388348,-97.197891,37.666534,-171.02295,-23.372843
46.6,27,-43.641113,14.089079,-71.255203,-16.027025,-7.0873771,9.043602,-24.812511,10.637758,-105.1297,35.366238,-174.44626,-35.813152,-98.042328,37.924229,-172.37245,-23.712202
46.7,27,-43.952858,14.186664,-71.758209,-16.147509,-7.1366625,9.1070509,-24.986155,10.712829,-106.0234,35.605579,-175.80905,-36.237747,-98.886734,38.182014,-173.72211,-24.051365
46.8,27,-44.264603,14.284252,-72.261223,-16.267982,-7.1859474,9.1705046,-25.159805,10.787911,-106.9171,35.845009,-177.17203,-36.662167,-99.731148,38.439884,-175.07193,-24.390362
46.9,27,-44.576347,14.381846,-72.764252,-16.388449,-7.2352324,9.2339649,-25.333471,10.863007,-107.81079,36.084538,-178.53519,-37.086403,-100.57556,38.697845,-176.42194,-24.729181
47,27,-44.888096,14.479445,-73.267288,-16.508907,-7.2845178,9.2974319,-25.507149,10.938113,-108.70451,36.324154,-179.89854,-37.510479,-101.41999,38.955891,-177.77214,-25.067852
