temp,ref,yhat_comm,se_comm,lowerci_comm,upperci_comm,yhat_low,se_low,lowerci_low,upperci_low,yhat_high,se_high,lowerci_high,upperci_high,yhat_marg,se_marg,lowerci_marg,upperci_marg
45,27,-28.236174,27.904385,-82.927765,26.455416,10.665299,14.183231,-17.133324,38.463924,-45.500977,42.694214,-129.1801,38.178146,-56.166275,45.014072,-144.39224,32.059689
40,27,-12.86425,14.411794,-41.110847,15.382347,7.4331388,7.3856721,-7.0425124,21.908791,-21.343344,22.264145,-64.980263,22.293577,-28.776484,23.384933,-74.610107,17.057142
35,27,-.28473172,3.85325,-7.8369632,7.2674999,4.3009672,2.3841109,-.37180468,8.9737387,-1.4580196,8.6310272,-18.374521,15.458483,-5.7589865,8.844779,-23.094435,11.576461
30,27,1.5871475,1.3126003,-.98550165,4.1597967,1.5522077,.95377183,-.31715068,3.421566,2.0448985,3.8888457,-5.5770988,9.6668959,.49269083,3.9855187,-7.3187823,8.3041639
10,27,-10.564563,8.0405951,-26.323839,5.1947131,-8.7396002,5.7336774,-19.977402,2.4982016,-13.990931,23.281532,-59.621895,31.640036,-5.2513304,23.89999,-52.094452,41.591789
5,27,-13.671788,10.405476,-34.066147,6.7225699,-11.31007,7.4200535,-25.853107,3.2329667,-18.105909,30.129042,-77.157745,40.945927,-6.7958388,30.929399,-67.416351,53.824669
0,27,-16.779013,12.770356,-41.808453,8.2504263,-13.880541,9.1064291,-31.728813,3.967732,-22.220888,36.976551,-94.693596,50.25182,-8.3403482,37.958809,-82.738243,66.057549
