temp,ref,yhat_comm,se_comm,lowerci_comm,upperci_comm,yhat_low,se_low,lowerci_low,upperci_low,yhat_high,se_high,lowerci_high,upperci_high,yhat_marg,se_marg,lowerci_marg,upperci_marg
-20,27,-17.811478,11.224747,-39.811577,4.188622,-3.765645,7.516511,-18.497736,10.966446,-141.62151,68.868713,-276.60172,-6.6413069,-137.85587,69.333939,-273.74789,-1.9638371
-19.9,27,-17.773581,11.200865,-39.726871,4.1797104,-3.757633,7.5005183,-18.45838,10.943113,-141.32018,68.722183,-276.01318,-6.6271763,-137.56255,69.186417,-273.16544,-1.9596587
-19.8,27,-17.735683,11.176982,-39.642166,4.1707983,-3.7496209,7.4845257,-18.419022,10.91978,-141.01886,68.575653,-275.42468,-6.6130457,-137.26924,69.038902,-272.58298,-1.9554803
-19.7,27,-17.697788,11.1531,-39.557461,4.1618862,-3.7416091,7.4685335,-18.379665,10.896447,-140.71754,68.429123,-274.83615,-6.5989156,-136.97594,68.89138,-272.00055,-1.9513021
-19.6,27,-17.659891,11.129217,-39.472755,4.1529746,-3.733597,7.4525409,-18.340309,10.873115,-140.41621,68.2826,-274.24765,-6.584785,-136.68262,68.743866,-271.41812,-1.9471236
-19.5,27,-17.621994,11.105335,-39.38805,4.1440625,-3.725585,7.4365482,-18.300951,10.849782,-140.1149,68.13607,-273.65912,-6.5706544,-136.38931,68.596344,-270.83566,-1.9429452
-19.4,27,-17.584097,11.081452,-39.303345,4.1351504,-3.7175729,7.4205556,-18.261595,10.826448,-139.81357,67.98954,-273.07062,-6.5565238,-136.09599,68.448822,-270.25323,-1.9387668
-19.3,27,-17.5462,11.05757,-39.218639,4.1262383,-3.7095609,7.404563,-18.222237,10.803116,-139.51225,67.84301,-272.48209,-6.5423937,-135.80269,68.301308,-269.67078,-1.9345884
-19.2,27,-17.508305,11.033688,-39.133934,4.1173267,-3.7015491,7.3885708,-18.18288,10.779783,-139.21092,67.69648,-271.89359,-6.5282631,-135.50938,68.153786,-269.08835,-1.9304101
-19.1,27,-17.470407,11.009806,-39.049229,4.1084146,-3.693537,7.3725781,-18.143524,10.756451,-138.90961,67.54995,-271.30508,-6.514133,-135.21606,68.006271,-268.50589,-1.9262317
-19,27,-17.43251,10.985923,-38.964523,4.0995026,-3.6855249,7.3565855,-18.104168,10.733117,-138.60828,67.403419,-270.71655,-6.5000024,-134.92276,67.858749,-267.92346,-1.9220533
-18.9,27,-17.394613,10.96204,-38.879818,4.0905905,-3.6775129,7.3405929,-18.06481,10.709785,-138.30696,67.256889,-270.12805,-6.4858718,-134.62944,67.711227,-267.341,-1.9178749
-18.8,27,-17.356716,10.938158,-38.795113,4.0816784,-3.6695008,7.3246002,-18.025454,10.686451,-138.00563,67.110359,-269.53952,-6.4717412,-134.33614,67.563705,-266.75858,-1.9136965
-18.7,27,-17.318821,10.914275,-38.710407,4.0727668,-3.661489,7.3086076,-17.986097,10.663118,-137.70432,66.963837,-268.95102,-6.4576111,-134.04283,67.416191,-266.17615,-1.9095182
-18.6,27,-17.280924,10.890393,-38.625702,4.0638547,-3.653477,7.2926149,-17.946739,10.639786,-137.403,66.817307,-268.36252,-6.4434805,-133.74951,67.268669,-265.59369,-1.9053398
-18.5,27,-17.243027,10.86651,-38.540997,4.0549426,-3.6454649,7.2766223,-17.907383,10.616453,-137.10167,66.670776,-267.77399,-6.4293499,-133.45621,67.121155,-265.01126,-1.9011614
-18.4,27,-17.20513,10.842628,-38.456291,4.046031,-3.6374528,7.2606297,-17.868025,10.59312,-136.80034,66.524246,-267.18549,-6.4152198,-133.16289,66.973633,-264.4288,-1.896983
-18.3,27,-17.167233,10.818746,-38.371586,4.0371189,-3.6294408,7.244637,-17.828669,10.569787,-136.49902,66.377716,-266.59695,-6.4010892,-132.86958,66.826111,-263.84634,-1.8928046
-18.2,27,-17.129337,10.794864,-38.28688,4.0282068,-3.621429,7.2286448,-17.789312,10.546454,-136.19771,66.231186,-266.00845,-6.3869591,-132.57628,66.678596,-263.26392,-1.8886263
-18.1,27,-17.09144,10.770981,-38.202175,4.0192947,-3.6134169,7.2126522,-17.749956,10.523122,-135.89638,66.084656,-265.41992,-6.3728285,-132.28296,66.531075,-262.68149,-1.8844479
-18,27,-17.053543,10.747098,-38.11747,4.0103831,-3.6054049,7.1966596,-17.710598,10.499788,-135.59506,65.938133,-264.83142,-6.3586979,-131.98965,66.38356,-262.09903,-1.8802695
-17.9,27,-17.015646,10.723216,-38.032761,4.001471,-3.5973928,7.1806669,-17.671242,10.476456,-135.29373,65.791603,-264.24289,-6.3445673,-131.69633,66.236038,-261.5166,-1.8760912
-17.8,27,-16.977749,10.699333,-37.948055,3.992559,-3.5893807,7.1646743,-17.631884,10.453123,-134.99242,65.645073,-263.65439,-6.3304367,-131.40303,66.088516,-260.93414,-1.8719128
-17.7,27,-16.939852,10.675451,-37.863354,3.9836471,-3.5813689,7.1486821,-17.592527,10.42979,-134.69109,65.498543,-263.06589,-6.3163066,-131.10973,65.941002,-260.35172,-1.8677344
-17.6,27,-16.901957,10.651568,-37.778648,3.9747353,-3.5733569,7.1326895,-17.553171,10.406457,-134.38977,65.352013,-262.47736,-6.302176,-130.81641,65.79348,-259.76926,-1.863556
-17.5,27,-16.864059,10.627687,-37.693939,3.9658232,-3.5653448,7.1166968,-17.513813,10.383124,-134.08844,65.205482,-261.88885,-6.2880459,-130.5231,65.645966,-259.18683,-1.8593777
-17.4,27,-16.826162,10.603804,-37.609234,3.9569111,-3.5573328,7.1007042,-17.474457,10.359792,-133.78712,65.058952,-261.30032,-6.2739153,-130.22978,65.498444,-258.60437,-1.8551993
-17.3,27,-16.788265,10.579921,-37.524529,3.9479992,-3.5493207,7.0847116,-17.435101,10.336458,-133.48579,64.912422,-260.71182,-6.2597847,-129.93648,65.350922,-258.02194,-1.8510209
-17.2,27,-16.750368,10.556039,-37.439827,3.9390874,-3.5413089,7.0687189,-17.395744,10.313126,-133.18448,64.7659,-260.12332,-6.2456546,-129.64317,65.203407,-257.43951,-1.8468426
-17.1,27,-16.712473,10.532156,-37.355118,3.9301753,-3.5332968,7.0527263,-17.356386,10.289793,-132.88316,64.61937,-259.53479,-6.231524,-129.34985,65.055885,-256.85706,-1.8426642
-17,27,-16.674576,10.508274,-37.270412,3.9212635,-3.5252848,7.0367336,-17.31703,10.26646,-132.58183,64.472839,-258.94626,-6.2173934,-129.05655,64.908371,-256.2746,-1.8384858
-16.9,27,-16.636679,10.484391,-37.185707,3.9123514,-3.5172727,7.020741,-17.277672,10.243127,-132.28052,64.326309,-258.35776,-6.2032628,-128.76324,64.760849,-255.69217,-1.8343074
-16.8,27,-16.598782,10.460509,-37.101002,3.9034393,-3.5092607,7.0047483,-17.238316,10.219794,-131.97919,64.179779,-257.76923,-6.1891327,-128.46992,64.613327,-255.10973,-1.830129
-16.7,27,-16.560884,10.436626,-37.016296,3.8945274,-3.5012488,6.9887562,-17.198959,10.196462,-131.67787,64.033249,-257.18073,-6.1750021,-128.17662,64.465813,-254.52728,-1.8259507
-16.6,27,-16.522987,10.412745,-36.931591,3.8856156,-3.4932368,6.9727635,-17.159601,10.173129,-131.37654,63.886723,-256.59222,-6.160872,-127.88331,64.318291,-253.94484,-1.8217723
-16.5,27,-16.485092,10.388862,-36.846886,3.8767035,-3.4852247,6.9567709,-17.120245,10.149796,-131.07523,63.740192,-256.00369,-6.1467414,-127.59,64.170776,-253.3624,-1.8175939
-16.4,27,-16.447195,10.364979,-36.76218,3.8677914,-3.4772127,6.9407783,-17.080889,10.126463,-130.7739,63.593662,-255.41519,-6.1326108,-127.29668,64.023254,-252.77995,-1.8134155
-16.3,27,-16.409298,10.341097,-36.677475,3.8588796,-3.4692006,6.9247856,-17.041531,10.103129,-130.47258,63.447132,-254.82668,-6.1184802,-127.00337,63.875732,-252.19751,-1.8092371
-16.2,27,-16.371401,10.317215,-36.59277,3.8499677,-3.4611888,6.9087934,-17.002174,10.079797,-130.17126,63.300606,-254.23816,-6.1043501,-126.71007,63.728218,-251.61508,-1.8050588
-16.1,27,-16.333504,10.293332,-36.508064,3.8410556,-3.4531767,6.8928008,-16.962818,10.056464,-129.86993,63.154076,-253.64964,-6.0902195,-126.41676,63.580696,-251.03264,-1.8008804
-16,27,-16.295607,10.269449,-36.423359,3.8321438,-3.4451647,6.8768082,-16.92346,10.033132,-129.5686,63.007545,-253.06113,-6.0760889,-126.12344,63.433178,-250.4502,-1.796702
-15.9,27,-16.257711,10.245567,-36.338654,3.8232317,-3.4371526,6.8608155,-16.884104,10.009798,-129.26729,62.861015,-252.47261,-6.0619588,-125.83013,63.28566,-249.86774,-1.7925236
-15.8,27,-16.219814,10.221684,-36.253948,3.8143198,-3.4291406,6.8448229,-16.844748,9.9864655,-128.96597,62.714489,-251.88411,-6.0478282,-125.53683,63.138142,-249.28531,-1.7883453
-15.7,27,-16.181917,10.197803,-36.169243,3.8054078,-3.4211285,6.8288302,-16.805389,9.9631329,-128.66464,62.567959,-251.29559,-6.0336976,-125.24352,62.99062,-248.70287,-1.7841669
-15.6,27,-16.14402,10.17392,-36.084538,3.7964959,-3.4131167,6.8128376,-16.766033,9.9398003,-128.36333,62.421429,-250.70708,-6.0195675,-124.9502,62.843102,-248.12042,-1.7799885
-15.5,27,-16.106123,10.150038,-35.999832,3.7875838,-3.4051046,6.796845,-16.726677,9.9164667,-128.062,62.274899,-250.11856,-6.0054369,-124.65689,62.695583,-247.53798,-1.7758101
-15.4,27,-16.068226,10.126155,-35.915127,3.778672,-3.3970926,6.7808523,-16.687319,9.8931341,-127.76067,62.128372,-249.53004,-5.9913063,-124.36358,62.548061,-246.95554,-1.7716317
-15.3,27,-16.030331,10.102272,-35.830421,3.7697599,-3.3890805,6.7648602,-16.647963,9.8698015,-127.45935,61.981842,-248.94153,-5.9771762,-124.07027,62.400543,-246.37309,-1.7674534
-15.2,27,-15.992434,10.07839,-35.745716,3.760848,-3.3810685,6.7488675,-16.608606,9.846468,-127.15803,61.835312,-248.35301,-5.9630456,-123.77696,62.253025,-245.79065,-1.763275
-15.1,27,-15.954536,10.054507,-35.661011,3.7519362,-3.3730567,6.7328749,-16.569248,9.8231354,-126.85671,61.688786,-247.76451,-5.948915,-123.48365,62.105507,-245.20821,-1.7590966
-15,27,-15.91664,10.030625,-35.576305,3.7430241,-3.3650446,6.7168822,-16.529892,9.7998028,-126.55539,61.542255,-247.17599,-5.9347849,-123.19035,61.957989,-244.62576,-1.7549182
-14.9,27,-15.878743,10.006742,-35.491596,3.734112,-3.3570325,6.7008896,-16.490534,9.7764702,-126.25407,61.395725,-246.58748,-5.9206543,-122.89703,61.810467,-244.04332,-1.7507399
-14.8,27,-15.840846,9.9828606,-35.406895,3.7252002,-3.3490205,6.6848969,-16.451178,9.7531366,-125.95274,61.249195,-245.99896,-5.9065237,-122.60372,61.662949,-243.46088,-1.7465615
-14.7,27,-15.80295,9.9589777,-35.322186,3.7162881,-3.3410084,6.6689043,-16.411821,9.729804,-125.65142,61.102665,-245.41045,-5.8923936,-122.31041,61.51543,-242.87843,-1.7423831
-14.6,27,-15.765053,9.9350958,-35.237484,3.7073762,-3.3329966,6.6529121,-16.372465,9.7064714,-125.3501,60.956139,-244.82193,-5.878263,-122.01711,61.367912,-242.29601,-1.7382048
-14.5,27,-15.727156,9.9112129,-35.152775,3.6984644,-3.3249846,6.6369195,-16.333107,9.6831388,-125.04877,60.809608,-244.23341,-5.8641324,-121.72379,61.220394,-241.71355,-1.7340264
-14.4,27,-15.68926,9.8873301,-35.068069,3.6895523,-3.3169725,6.6209269,-16.293751,9.6598053,-124.74745,60.663078,-243.6449,-5.8500018,-121.43048,61.072872,-241.1311,-1.729848
-14.3,27,-15.651362,9.8634481,-34.983364,3.6806405,-3.3089604,6.6049342,-16.254395,9.6364727,-124.44613,60.516552,-243.0564,-5.8358717,-121.13717,60.925354,-240.54868,-1.7256696
-14.2,27,-15.613465,9.8395653,-34.898659,3.6717284,-3.3009484,6.5889416,-16.215036,9.6131401,-124.14481,60.370022,-242.46788,-5.8217411,-120.84386,60.777836,-239.96623,-1.7214912
-14.1,27,-15.575569,9.8156834,-34.813953,3.6628165,-3.2929366,6.5729489,-16.17568,9.5898066,-123.84348,60.223492,-241.87936,-5.807611,-120.55055,60.630318,-239.38379,-1.7173129
-14,27,-15.537672,9.7918005,-34.729248,3.6539044,-3.2849245,6.5569563,-16.136322,9.566474,-123.54216,60.076962,-241.29085,-5.7934804,-120.25724,60.482796,-238.80135,-1.7131345
-13.9,27,-15.499775,9.7679186,-34.644543,3.6449926,-3.2769125,6.5409636,-16.096966,9.5431414,-123.24084,59.930431,-240.70233,-5.7793498,-119.96393,60.335278,-238.2189,-1.7089561
-13.8,27,-15.461879,9.7440357,-34.559837,3.6360805,-3.2689004,6.5249715,-16.05761,9.5198088,-122.93952,59.783905,-240.11382,-5.7652197,-119.67062,60.187759,-237.63646,-1.7047777
-13.7,27,-15.423982,9.7201529,-34.475132,3.6271687,-3.2608883,6.5089788,-16.018251,9.4964752,-122.6382,59.637375,-239.5253,-5.7510891,-119.3773,60.040241,-237.05402,-1.7005993
-13.6,27,-15.386086,9.6962709,-34.390427,3.6182566,-3.2528763,6.4929862,-15.978895,9.4731426,-122.33688,59.490845,-238.9368,-5.7369585,-119.084,59.892723,-236.47157,-1.696421
-13.5,27,-15.348188,9.6723881,-34.305721,3.6093447,-3.2448645,6.4769936,-15.939538,9.44981,-122.03555,59.344318,-238.34828,-5.7228279,-118.79069,59.745201,-235.88913,-1.6922426
-13.4,27,-15.310291,9.6485062,-34.221016,3.6004326,-3.2368524,6.4610009,-15.900182,9.4264765,-121.73423,59.197788,-237.75977,-5.7086978,-118.49738,59.597683,-235.30669,-1.6880642
-13.3,27,-15.272395,9.6246233,-34.136311,3.5915208,-3.2288404,6.4450083,-15.860825,9.4031439,-121.43291,59.051258,-237.17125,-5.6945672,-118.20406,59.450165,-234.72424,-1.6838858
-13.2,27,-15.234498,9.6007414,-34.051605,3.5826087,-3.2208283,6.4290156,-15.821467,9.3798113,-121.13158,58.904728,-236.58273,-5.6804366,-117.91076,59.302647,-234.1418,-1.6797075
-13.1,27,-15.196602,9.5768585,-33.9669,3.5736969,-3.2128162,6.4130235,-15.782111,9.3564787,-120.83026,58.758202,-235.99422,-5.6663065,-117.61745,59.155128,-233.55937,-1.6755291
-13,27,-15.158705,9.5529766,-33.882195,3.5647848,-3.2048042,6.3970308,-15.742754,9.3331451,-120.52894,58.611671,-235.4057,-5.6521759,-117.32413,59.007607,-232.97691,-1.6713507
-12.9,27,-15.120808,9.5290937,-33.797489,3.5558729,-3.1967924,6.3810382,-15.703397,9.3098125,-120.22762,58.465141,-234.81718,-5.6380453,-117.03082,58.860088,-232.39447,-1.6671723
-12.8,27,-15.082911,9.5052118,-33.712784,3.5469608,-3.1887803,6.3650455,-15.664041,9.2864799,-119.92629,58.318611,-234.22868,-5.6239152,-116.73752,58.71257,-231.81204,-1.662994
-12.7,27,-15.045014,9.481329,-33.628078,3.538049,-3.1807683,6.3490529,-15.624683,9.2631464,-119.62497,58.172081,-233.64015,-5.6097846,-116.44421,58.565048,-231.2296,-1.6588156
-12.6,27,-15.007117,9.4574471,-33.543373,3.5291371,-3.1727562,6.3330603,-15.585326,9.2398138,-119.32365,58.025555,-233.05165,-5.595654,-116.15089,58.41753,-230.64716,-1.6546372
-12.5,27,-14.969221,9.4335642,-33.458668,3.520225,-3.1647441,6.3170676,-15.54597,9.2164812,-119.02233,57.879025,-232.46313,-5.5815239,-115.85758,58.270012,-230.06471,-1.6504588
-12.4,27,-14.931324,9.4096813,-33.373962,3.511313,-3.1567323,6.301075,-15.506613,9.1931486,-118.721,57.732494,-231.87462,-5.5673933,-115.56427,58.122494,-229.48227,-1.6462804
-12.3,27,-14.893427,9.3857994,-33.289257,3.5024011,-3.1487203,6.2850828,-15.467256,9.1698151,-118.41969,57.585968,-231.2861,-5.5532627,-115.27097,57.974976,-228.89983,-1.6421021
-12.2,27,-14.855531,9.3619165,-33.204552,3.493489,-3.1407082,6.2690902,-15.427898,9.1464825,-118.11836,57.439438,-230.69759,-5.5391326,-114.97765,57.827454,-228.31738,-1.6379237
-12.1,27,-14.817634,9.3380346,-33.119846,3.4845772,-3.1326962,6.2530975,-15.388542,9.1231499,-117.81704,57.292908,-230.10907,-5.525002,-114.68434,57.679935,-227.73494,-1.6337453
-12,27,-14.779737,9.3141518,-33.035141,3.4756653,-3.1246841,6.2371049,-15.349185,9.0998163,-117.51572,57.146378,-229.52055,-5.5108714,-114.39103,57.532417,-227.1525,-1.6295669
-11.9,27,-14.74184,9.2902689,-32.950432,3.4667532,-3.116672,6.2211123,-15.309828,9.0764837,-117.21439,56.999847,-228.93204,-5.4967408,-114.09772,57.384899,-226.57005,-1.6253886
-11.8,27,-14.703943,9.266387,-32.86573,3.4578414,-3.1086602,6.2051196,-15.270472,9.0531511,-116.91307,56.853321,-228.34354,-5.4826107,-113.80441,57.237381,-225.98761,-1.6212102
-11.7,27,-14.666047,9.2425041,-32.781021,3.4489293,-3.1006482,6.189127,-15.231114,9.0298185,-116.61175,56.706791,-227.75502,-5.4684801,-113.5111,57.089859,-225.40517,-1.6170318
-11.6,27,-14.62815,9.2186222,-32.696316,3.4400175,-3.0926361,6.1731348,-15.191758,9.006485,-116.31042,56.560265,-227.1665,-5.45435,-113.21779,56.942341,-224.82272,-1.6128535
-11.5,27,-14.590253,9.1947393,-32.61161,3.4311054,-3.0846241,6.1571422,-15.152401,8.9831524,-116.0091,56.413734,-226.57799,-5.4402194,-112.92448,56.794823,-224.24028,-1.6086751
-11.4,27,-14.552357,9.1708574,-32.526905,3.4221935,-3.076612,6.1411495,-15.113044,8.9598198,-115.70778,56.267204,-225.98947,-5.4260888,-112.63117,56.647301,-223.65784,-1.6044967
-11.3,27,-14.51446,9.1469746,-32.4422,3.4132814,-3.0686002,6.1251569,-15.073687,8.9364872,-115.40646,56.120674,-225.40096,-5.4119587,-112.33786,56.499783,-223.07541,-1.6003183
-11.2,27,-14.476563,9.1230927,-32.357494,3.4043696,-3.0605881,6.1091642,-15.03433,8.9131536,-115.10513,55.974144,-224.81244,-5.3978281,-112.04455,56.352264,-222.49295,-1.5961399
-11.1,27,-14.438666,9.0992098,-32.272789,3.3954575,-3.0525761,6.0931716,-14.994973,8.8898211,-114.80382,55.827618,-224.22394,-5.3836975,-111.75124,56.204746,-221.91052,-1.5919616
-11,27,-14.400769,9.0753279,-32.188084,3.3865457,-3.044564,6.077179,-14.955616,8.8664885,-114.50249,55.681087,-223.63542,-5.3695669,-111.45793,56.057228,-221.32808,-1.5877832
-10.9,27,-14.362872,9.051445,-32.103378,3.3776336,-3.036552,6.0611863,-14.91626,8.8431549,-114.20117,55.534557,-223.04691,-5.3554368,-111.16462,55.909706,-220.74564,-1.5836048
-10.8,27,-14.324976,9.0275631,-32.018673,3.3687217,-3.0285401,6.0451941,-14.876903,8.8198223,-113.89985,55.388031,-222.45839,-5.3413062,-110.87131,55.762188,-220.16319,-1.5794264
-10.7,27,-14.287079,9.0036802,-31.933968,3.3598096,-3.0205281,6.0292015,-14.837545,8.7964897,-113.59853,55.241501,-221.86987,-5.3271756,-110.578,55.61467,-219.58075,-1.575248
-10.6,27,-14.249183,8.9797974,-31.849262,3.3508978,-3.012516,6.0132089,-14.798189,8.7731571,-113.2972,55.094971,-221.28136,-5.3130455,-110.28469,55.467152,-218.99831,-1.5710697
-10.5,27,-14.211286,8.9559155,-31.764557,3.3419857,-3.004504,5.9972162,-14.758832,8.7498236,-112.99588,54.948441,-220.69284,-5.2989149,-109.99138,55.31963,-218.41586,-1.5668913
-10.4,27,-14.173388,8.9320326,-31.679852,3.3330739,-2.9964919,5.9812236,-14.719475,8.726491,-112.69456,54.80191,-220.10432,-5.2847843,-109.69807,55.172112,-217.83342,-1.5627129
-10.3,27,-14.135492,8.9081507,-31.595146,3.324162,-2.9884801,5.9652309,-14.680119,8.7031584,-112.39323,54.655384,-219.51582,-5.2706542,-109.40475,55.024593,-217.25098,-1.5585346
-10.2,27,-14.097595,8.8842678,-31.510441,3.3152499,-2.980468,5.9492383,-14.640761,8.6798248,-112.09191,54.508854,-218.92731,-5.2565236,-109.11144,54.877075,-216.66853,-1.5543562
-10.1,27,-14.059699,8.8603859,-31.425735,3.3063381,-2.972456,5.9332461,-14.601404,8.6564922,-111.7906,54.362324,-218.33879,-5.242393,-108.81814,54.729557,-216.08609,-1.5501778
-10,27,-14.021802,8.836503,-31.34103,3.297426,-2.9644439,5.9172535,-14.562047,8.6331596,-111.48927,54.215794,-217.75027,-5.2282629,-108.52483,54.582035,-215.50365,-1.5459994
-9.9,27,-13.983905,8.8126202,-31.256323,3.2885139,-2.9564319,5.9012609,-14.522691,8.609827,-111.18794,54.069267,-217.16176,-5.2141323,-108.23151,54.434517,-214.9212,-1.541821
-9.800000000000001,27,-13.946009,8.7887383,-31.171619,3.2796021,-2.94842,5.8852682,-14.483334,8.5864935,-110.88663,53.922737,-216.57324,-5.2000017,-107.9382,54.286999,-214.33876,-1.5376427
-9.699999999999999,27,-13.908112,8.7648554,-31.086912,3.2706902,-2.940408,5.8692756,-14.443976,8.5631609,-110.5853,53.776207,-215.98473,-5.1858716,-107.64489,54.139481,-213.75632,-1.5334643
-9.6,27,-13.870214,8.7409735,-31.002209,3.2617781,-2.9323959,5.8532829,-14.40462,8.5398283,-110.28398,53.629681,-215.39622,-5.171741,-107.35159,53.991962,-213.17389,-1.5292859
-9.5,27,-13.832318,8.7170906,-30.917501,3.2528663,-2.9243839,5.8372903,-14.365263,8.5164948,-109.98266,53.48315,-214.80771,-5.1576104,-107.05827,53.84444,-212.59145,-1.5251075
-9.4,27,-13.794421,8.6932087,-30.832796,3.2439542,-2.9163718,5.8212976,-14.325906,8.4931622,-109.68134,53.33662,-214.21919,-5.1434798,-106.76496,53.696922,-212.00899,-1.5209291
-9.300000000000001,27,-13.756524,8.6693258,-30.748091,3.2350423,-2.90836,5.8053055,-14.28655,8.4698296,-109.38001,53.19009,-213.63068,-5.1293497,-106.47166,53.549404,-211.42656,-1.5167508
-9.199999999999999,27,-13.718628,8.6454439,-30.663385,3.2261302,-2.9003479,5.7893128,-14.247192,8.446497,-109.07869,53.04356,-213.04216,-5.1152191,-106.17834,53.401882,-210.84412,-1.5125724
-9.1,27,-13.680731,8.6215611,-30.57868,3.2172184,-2.8923359,5.7733202,-14.207835,8.4231634,-108.77737,52.897034,-212.45364,-5.101089,-105.88503,53.254364,-210.26167,-1.508394
-9,27,-13.642834,8.5976782,-30.493975,3.2083063,-2.8843238,5.7573276,-14.168479,8.3998308,-108.47604,52.750504,-211.86513,-5.0869584,-105.59172,53.106846,-209.67923,-1.5042157
-8.9,27,-13.604938,8.5737963,-30.409269,3.1993945,-2.8763118,5.7413349,-14.129122,8.3764982,-108.17472,52.603973,-211.27661,-5.0728278,-105.29841,52.959328,-209.09679,-1.5000373
-8.800000000000001,27,-13.56704,8.5499134,-30.324564,3.1904824,-2.8683,5.7253423,-14.089765,8.3531656,-107.8734,52.457447,-210.68811,-5.0586977,-105.0051,52.81181,-208.51434,-1.4958589
-8.699999999999999,27,-13.529143,8.5260315,-30.239859,3.1815705,-2.8602879,5.7093496,-14.050408,8.3298321,-107.57207,52.310917,-210.09959,-5.0445671,-104.71179,52.664288,-207.9319,-1.4916805
-8.6,27,-13.491247,8.5021486,-30.155153,3.1726584,-2.8522758,5.6933575,-14.011051,8.3064995,-107.27076,52.164387,-209.51108,-5.0304365,-104.41848,52.516769,-207.34946,-1.4875022
-8.5,27,-13.45335,8.4782667,-30.070448,3.1637466,-2.8442638,5.6773648,-13.971694,8.2831669,-106.96944,52.017857,-208.92256,-5.0163059,-104.12517,52.369251,-206.76701,-1.4833238
-8.4,27,-13.415453,8.4543839,-29.985741,3.1548345,-2.8362517,5.6613722,-13.932337,8.2598333,-106.66811,51.871326,-208.33405,-5.0021758,-103.83186,52.221733,-206.18457,-1.4791454
-8.300000000000001,27,-13.377557,8.4305019,-29.901037,3.1459227,-2.8282399,5.6453795,-13.892981,8.2365007,-106.36679,51.7248,-207.74553,-4.9880452,-103.53855,52.074215,-205.60213,-1.474967
-8.199999999999999,27,-13.33966,8.4066191,-29.81633,3.1370106,-2.8202279,5.6293869,-13.853623,8.2131681,-106.06547,51.57827,-207.15701,-4.9739146,-103.24524,51.926693,-205.01968,-1.4707886
-8.1,27,-13.301764,8.3827372,-29.731627,3.1280987,-2.8122158,5.6133943,-13.814267,8.1898355,-105.76414,51.43174,-206.56851,-4.9597845,-102.95193,51.779175,-204.43726,-1.4666103
-8,27,-13.263866,8.3588543,-29.646919,3.1191866,-2.8042037,5.5974016,-13.77491,8.166502,-105.46282,51.285213,-205.98,-4.9456539,-102.65862,51.631657,-203.8548,-1.4624319
-7.9,27,-13.22597,8.3349714,-29.562214,3.1102748,-2.7961917,5.5814095,-13.735553,8.1431694,-105.1615,51.138683,-205.39148,-4.9315233,-102.36531,51.484138,-203.27237,-1.4582535
-7.8,27,-13.188073,8.3110895,-29.477509,3.1013629,-2.7881799,5.5654168,-13.696197,8.1198368,-104.86018,50.992153,-204.80296,-4.9173932,-102.072,51.336617,-202.68993,-1.4540751
-7.7,27,-13.150176,8.2872066,-29.392803,3.0924509,-2.7801678,5.5494242,-13.656839,8.0965033,-104.55885,50.845623,-204.21445,-4.9032626,-101.77869,51.189098,-202.10748,-1.4498968
-7.6,27,-13.11228,8.2633247,-29.308098,3.083539,-2.7721558,5.5334315,-13.617482,8.0731707,-104.25753,50.699097,-203.62593,-4.889132,-101.48537,51.04158,-201.52504,-1.4457184
-7.5,27,-13.074383,8.2394419,-29.223392,3.0746269,-2.7641437,5.5174389,-13.578125,8.0498381,-103.95621,50.552567,-203.03741,-4.8750019,-101.19207,50.894062,-200.9426,-1.44154
-7.4,27,-13.036486,8.21556,-29.138687,3.0657151,-2.7561316,5.5014462,-13.538769,8.0265055,-103.65489,50.406036,-202.4489,-4.8608713,-100.89876,50.746544,-200.36015,-1.4373616
-7.3,27,-12.99859,8.1916771,-29.053982,3.056803,-2.7481196,5.4854536,-13.499412,8.0031719,-103.35357,50.259506,-201.8604,-4.8467407,-100.60545,50.599022,-199.77771,-1.4331833
-7.2,27,-12.960692,8.1677942,-28.969276,3.0478911,-2.7401078,5.469461,-13.460054,7.9798393,-103.05225,50.11298,-201.27188,-4.8326106,-100.31213,50.451504,-199.19527,-1.4290049
-7.1,27,-12.922795,8.1439123,-28.884571,3.0389791,-2.7320957,5.4534688,-13.420698,7.9565063,-102.75092,49.96645,-200.68336,-4.81848,-100.01882,50.303986,-198.61282,-1.4248265
-7,27,-12.884899,8.1200294,-28.799866,3.0300672,-2.7240837,5.4374762,-13.381341,7.9331737,-102.4496,49.81992,-200.09485,-4.8043494,-99.725517,50.156467,-198.03038,-1.4206481
-6.9,27,-12.847002,8.0961475,-28.71516,3.0211551,-2.7160716,5.4214835,-13.341984,7.9098406,-102.14828,49.673389,-199.50633,-4.7902193,-99.432205,50.008945,-197.44794,-1.4164697
-6.8,27,-12.809106,8.0722647,-28.630455,3.0122433,-2.7080595,5.4054909,-13.302628,7.886508,-101.84695,49.526863,-198.91782,-4.7760887,-99.138893,49.861427,-196.86549,-1.4122914
-6.7,27,-12.771209,8.0483828,-28.545748,3.0033312,-2.7000475,5.3894982,-13.26327,7.8631749,-101.54563,49.380333,-198.3293,-4.7619581,-98.845581,49.713909,-196.28305,-1.408113
-6.6,27,-12.733312,8.0244999,-28.461042,2.9944193,-2.6920357,5.3735056,-13.223913,7.8398423,-101.24431,49.233803,-197.74078,-4.7478275,-98.552277,49.566391,-195.70061,-1.4039346
-6.5,27,-12.695415,8.000618,-28.376337,2.9855072,-2.6840236,5.3575134,-13.184557,7.8165092,-100.94299,49.087273,-197.15228,-4.7336974,-98.258965,49.418869,-195.11816,-1.3997562
-6.4,27,-12.657518,7.9767351,-28.291632,2.9765954,-2.6760116,5.3415208,-13.1452,7.7931767,-100.64166,48.940746,-196.56377,-4.7195668,-97.965652,49.271351,-194.53574,-1.3955779
-6.3,27,-12.619621,7.9528527,-28.206926,2.9676833,-2.6679995,5.3255281,-13.105843,7.7698436,-100.34034,48.794216,-195.97525,-4.7054367,-97.67234,49.123833,-193.95329,-1.3913995
-6.2,27,-12.581725,7.9289703,-28.122221,2.9587715,-2.6599874,5.3095355,-13.066485,7.7465105,-100.03902,48.647686,-195.38673,-4.6913061,-97.379028,48.976315,-193.37085,-1.3872211
-6.1,27,-12.543828,7.9050879,-28.037516,2.9498594,-2.6519756,5.2935429,-13.027129,7.7231779,-99.737694,48.501156,-194.79822,-4.6771755,-97.085724,48.828796,-192.78841,-1.3830427
-6,27,-12.505931,7.8812056,-27.95281,2.9409475,-2.6439636,5.2775502,-12.987772,7.6998448,-99.436378,48.35463,-194.2097,-4.6630449,-96.792412,48.681274,-192.20596,-1.3788644
-5.9,27,-12.468035,7.8573232,-27.868105,2.9320354,-2.6359515,5.2615576,-12.948415,7.6765122,-99.135056,48.208099,-193.62119,-4.6489148,-96.4991,48.533756,-191.62352,-1.374686
-5.8,27,-12.430138,7.8334408,-27.7834,2.9231236,-2.6279395,5.2455654,-12.909059,7.6531792,-98.833733,48.061569,-193.03268,-4.6347842,-96.205795,48.386238,-191.04108,-1.3705076
-5.7,27,-12.392241,7.8095579,-27.698694,2.9142115,-2.6199274,5.2295728,-12.869701,7.6298466,-98.53241,47.915039,-192.44417,-4.6206536,-95.912483,48.23872,-190.45863,-1.3663292
-5.6,27,-12.354344,7.7856755,-27.613989,2.9052997,-2.6119156,5.2135801,-12.830344,7.6065135,-98.231087,47.768513,-191.85565,-4.6065235,-95.619171,48.091198,-189.87619,-1.3621508
-5.5,27,-12.316447,7.7617931,-27.529284,2.8963876,-2.6039035,5.1975875,-12.790988,7.5831804,-97.929764,47.621983,-191.26714,-4.5923929,-95.325859,47.94368,-189.29375,-1.3579725
-5.4,27,-12.278551,7.7379107,-27.444578,2.8874757,-2.5958915,5.1815948,-12.751631,7.5598478,-97.628441,47.475452,-190.67862,-4.5782623,-95.032547,47.796162,-188.7113,-1.3537941
-5.3,27,-12.240654,7.7140284,-27.359873,2.8785639,-2.5878794,5.1656022,-12.712274,7.5365148,-97.327118,47.328926,-190.0901,-4.5641322,-94.739243,47.648643,-188.12886,-1.3496157
-5.2,27,-12.202757,7.690146,-27.275166,2.8696518,-2.5798674,5.1496096,-12.672917,7.5131822,-97.025795,47.182396,-189.50159,-4.5500016,-94.44593,47.501122,-187.54642,-1.3454373
-5.1,27,-12.164861,7.6662636,-27.19046,2.8607399,-2.5718555,5.1336169,-12.63356,7.4898491,-96.724472,47.035866,-188.91307,-4.535871,-94.152618,47.353603,-186.96397,-1.341259
-5,27,-12.126964,7.6423812,-27.105755,2.8518279,-2.5638435,5.1176248,-12.594203,7.4665165,-96.423149,46.889336,-188.32457,-4.5217409,-93.859306,47.206085,-186.38153,-1.3370806
-4.9,27,-12.089067,7.6184988,-27.021049,2.842916,-2.5558314,5.1016321,-12.554847,7.4431834,-96.121826,46.742809,-187.73605,-4.5076103,-93.566002,47.058567,-185.79909,-1.3329022
-4.8,27,-12.05117,7.5946164,-26.936344,2.8340039,-2.5478194,5.0856395,-12.51549,7.4198508,-95.820511,46.596279,-187.14754,-4.4934797,-93.27269,46.911049,-185.21666,-1.3287238
-4.7,27,-12.013273,7.5707335,-26.851639,2.8250921,-2.5398073,5.0696468,-12.476132,7.3965178,-95.51918,46.449749,-186.55902,-4.4793496,-92.979378,46.763527,-184.6342,-1.3245455
-4.6,27,-11.975376,7.5468512,-26.766933,2.81618,-2.5317955,5.0536542,-12.436775,7.3731847,-95.217865,46.303219,-185.9705,-4.465219,-92.686066,46.616009,-184.05177,-1.3203671
-4.5,27,-11.93748,7.5229688,-26.682228,2.8072681,-2.5237834,5.0376616,-12.397419,7.3498521,-94.916542,46.156693,-185.38199,-4.4510884,-92.392754,46.468491,-183.46933,-1.3161887
-4.4,27,-11.899583,7.4990864,-26.597523,2.7983561,-2.5157714,5.0216689,-12.358062,7.326519,-94.615219,46.010162,-184.79347,-4.4369583,-92.099449,46.320972,-182.88689,-1.3120103
-4.3,27,-11.861687,7.475204,-26.512817,2.7894442,-2.5077593,5.0056767,-12.318706,7.3031864,-94.313896,45.863632,-184.20497,-4.4228277,-91.806137,46.173454,-182.30444,-1.307832
-4.2,27,-11.82379,7.4513216,-26.428112,2.7805321,-2.4997473,4.9896841,-12.279348,7.2798533,-94.012573,45.717102,-183.61644,-4.4086971,-91.512825,46.025932,-181.722,-1.3036536
-4.1,27,-11.785892,7.4274392,-26.343407,2.7716203,-2.4917352,4.9736915,-12.239991,7.2565207,-93.71125,45.570576,-183.02794,-4.3945665,-91.219513,45.878414,-181.13956,-1.2994752
-4,27,-11.747996,7.4035568,-26.258701,2.7627082,-2.4837234,4.9576988,-12.200634,7.2331877,-93.409927,45.424046,-182.43942,-4.3804364,-90.926208,45.730896,-180.55711,-1.2952968
-3.9,27,-11.710099,7.3796744,-26.173994,2.7537963,-2.4757113,4.9417062,-12.161278,7.2098551,-93.108604,45.277515,-181.85091,-4.3663058,-90.632896,45.583378,-179.97467,-1.2911185
-3.8,27,-11.672202,7.3557916,-26.089289,2.7448843,-2.4676993,4.9257135,-12.121921,7.186522,-92.807281,45.130985,-181.26239,-4.3521752,-90.339584,45.435856,-179.39223,-1.2869401
-3.7,27,-11.634306,7.3319092,-26.004583,2.7359724,-2.4596872,4.9097209,-12.082563,7.1631889,-92.505959,44.984459,-180.67387,-4.3380451,-90.046272,45.288338,-178.80978,-1.2827617
-3.6,27,-11.596409,7.3080268,-25.919878,2.7270603,-2.4516752,4.8937283,-12.043207,7.1398563,-92.204636,44.837929,-180.08536,-4.3239145,-89.75296,45.14082,-178.22734,-1.2785833
-3.5,27,-11.558513,7.2841444,-25.835173,2.7181485,-2.4436634,4.8777361,-12.00385,7.1165233,-91.903313,44.691399,-179.49684,-4.3097839,-89.459656,44.993301,-177.6449,-1.2744049
-3.4,27,-11.520616,7.260262,-25.750467,2.7092364,-2.4356513,4.8617435,-11.964493,7.0931907,-91.601997,44.544868,-178.90834,-4.2956538,-89.166344,44.845783,-177.06245,-1.2702266
-3.3,27,-11.482718,7.2363796,-25.665762,2.7003245,-2.4276392,4.8457508,-11.925137,7.0698576,-91.300674,44.398342,-178.31982,-4.2815232,-88.873032,44.698261,-176.48001,-1.2660482
-3.2,27,-11.444822,7.2124972,-25.581057,2.6914127,-2.4196272,4.8297582,-11.885779,7.046525,-90.999352,44.251812,-177.73131,-4.2673926,-88.57972,44.550743,-175.89757,-1.2618698
-3.1,27,-11.406925,7.1886148,-25.496351,2.6825006,-2.4116151,4.8137655,-11.846422,7.0231919,-90.698029,44.105282,-177.14279,-4.2532625,-88.286415,44.403225,-175.31512,-1.2576914
-3,27,-11.369028,7.164732,-25.411646,2.6735888,-2.4036033,4.7977729,-11.807066,6.9998589,-90.396706,43.958752,-176.55428,-4.2391319,-87.993103,44.255707,-174.7327,-1.2535131
-2.9,27,-11.331132,7.1408496,-25.326941,2.6646767,-2.3955913,4.7817802,-11.767709,6.9765263,-90.095383,43.812225,-175.96576,-4.2250013,-87.699791,44.108185,-174.15025,-1.2493347
-2.8,27,-11.293235,7.1169672,-25.242235,2.6557648,-2.3875792,4.7657881,-11.728352,6.9531932,-89.79406,43.665695,-175.37724,-4.2108712,-87.406479,43.960667,-173.56781,-1.2451563
-2.7,27,-11.255338,7.0930848,-25.15753,2.6468527,-2.3795671,4.7497954,-11.688995,6.9298606,-89.492737,43.519165,-174.78874,-4.1967406,-87.113167,43.813148,-172.98537,-1.2409779
-2.6,27,-11.217442,7.0692024,-25.072824,2.6379409,-2.3715551,4.7338028,-11.649638,6.9065275,-89.191414,43.372635,-174.20023,-4.18261,-86.819862,43.66563,-172.40292,-1.2367996
-2.5,27,-11.179544,7.04532,-24.988117,2.6290288,-2.3635433,4.7178102,-11.610281,6.8831949,-88.890091,43.226109,-173.61171,-4.1684799,-86.52655,43.518108,-171.82048,-1.2326212
-2.4,27,-11.141648,7.0214376,-24.903412,2.6201169,-2.3555312,4.7018175,-11.570924,6.8598619,-88.588768,43.079578,-173.02319,-4.1543493,-86.233238,43.37059,-171.23804,-1.2284428
-2.3,27,-11.103751,6.9975553,-24.818707,2.6112049,-2.3475192,4.6858249,-11.531568,6.8365288,-88.287445,42.933048,-172.43468,-4.1402187,-85.939926,43.223072,-170.65559,-1.2242644
-2.2,27,-11.065854,6.9736729,-24.734001,2.602293,-2.3395071,4.6698322,-11.49221,6.8131962,-87.98613,42.786518,-171.84616,-4.1260886,-85.646622,43.075554,-170.07315,-1.220086
-2.1,27,-11.027958,6.94979,-24.649296,2.5933809,-2.331495,4.6538396,-11.452853,6.7898631,-87.684807,42.639992,-171.25764,-4.111958,-85.35331,42.928036,-169.49071,-1.2159077
-2,27,-10.990061,6.9259076,-24.56459,2.5844691,-2.3234832,4.6378474,-11.413497,6.7665305,-87.383484,42.493462,-170.66913,-4.0978274,-85.059998,42.780514,-168.90826,-1.2117293
-1.9,27,-10.952164,6.9020252,-24.479885,2.575557,-2.3154712,4.6218548,-11.37414,6.7431974,-87.082161,42.346931,-170.08063,-4.0836973,-84.766685,42.632996,-168.32582,-1.2075509
-1.8,27,-10.914268,6.8781428,-24.39518,2.5666451,-2.3074591,4.6058621,-11.334783,6.7198648,-86.780838,42.200401,-169.49211,-4.0695667,-84.473381,42.485477,-167.74338,-1.2033725
-1.7,27,-10.87637,6.8542604,-24.310474,2.5577331,-2.2994471,4.5898695,-11.295426,6.6965318,-86.479515,42.053875,-168.90359,-4.0554361,-84.180069,42.337959,-167.16093,-1.1991942
-1.6,27,-10.838474,6.8303781,-24.225769,2.5488212,-2.291435,4.5738769,-11.256069,6.6731992,-86.178192,41.907345,-168.31508,-4.041306,-83.886757,42.190437,-166.57849,-1.1950158
-1.5,27,-10.800577,6.8064957,-24.141064,2.5399091,-2.2834229,4.5578842,-11.216712,6.6498661,-85.876869,41.760815,-167.72656,-4.0271754,-83.593445,42.042919,-165.99605,-1.1908374
-1.4,27,-10.76268,6.7826133,-24.056358,2.5309973,-2.2754111,4.5418916,-11.177356,6.626533,-85.575546,41.614285,-167.13805,-4.0130448,-83.300133,41.895401,-165.41362,-1.186659
-1.3,27,-10.724784,6.7587309,-23.971653,2.5220852,-2.2673991,4.5258994,-11.137999,6.6032004,-85.274223,41.467758,-166.54953,-3.9989145,-83.006828,41.747883,-164.83118,-1.1824807
-1.2,27,-10.686887,6.7348485,-23.886948,2.5131733,-2.259387,4.5099068,-11.098641,6.5798674,-84.9729,41.321228,-165.96101,-3.9847841,-82.713516,41.600365,-164.24873,-1.1783023
-1.1,27,-10.64899,6.7109656,-23.802242,2.5042613,-2.251375,4.4939141,-11.059285,6.5565348,-84.671577,41.174698,-165.37251,-3.9706535,-82.420204,41.452843,-163.66629,-1.1741239
-1,27,-10.611094,6.6870832,-23.717535,2.4953494,-2.2433629,4.4779215,-11.019928,6.5332017,-84.370255,41.028168,-164.784,-3.9565232,-82.126892,41.305325,-163.08385,-1.1699455
-.9,27,-10.573196,6.6632009,-23.63283,2.4864373,-2.2353511,4.4619288,-10.980571,6.5098691,-84.068932,40.881641,-164.19548,-3.9423926,-81.833588,41.157806,-162.5014,-1.1657672
-.8,27,-10.535299,6.6393185,-23.548124,2.4775255,-2.227339,4.4459362,-10.941214,6.486536,-83.767616,40.735111,-163.60696,-3.9282622,-81.540276,41.010288,-161.91896,-1.1615888
-.7,27,-10.497403,6.6154361,-23.463419,2.4686136,-2.219327,4.4299436,-10.901857,6.4632034,-83.466293,40.588581,-163.01845,-3.9141319,-81.246964,40.862766,-161.33652,-1.1574104
-.6,27,-10.459506,6.5915537,-23.378714,2.4597015,-2.2113149,4.4139514,-10.8625,6.4398704,-83.16497,40.442051,-162.42993,-3.9000013,-80.953651,40.715248,-160.75407,-1.153232
-.5,27,-10.42161,6.5676713,-23.294008,2.4507897,-2.2033029,4.3979588,-10.823143,6.4165373,-82.863647,40.295525,-161.84142,-3.8858709,-80.660339,40.56773,-160.17163,-1.1490536
-.4,27,-10.383713,6.5437889,-23.209303,2.4418776,-2.195291,4.3819661,-10.783787,6.3932047,-82.562325,40.148994,-161.2529,-3.8717406,-80.367035,40.420212,-159.58919,-1.1448753
-.3,27,-10.345816,6.5199065,-23.124598,2.4329658,-2.187279,4.3659735,-10.74443,6.3698716,-82.261002,40.002464,-160.6644,-3.85761,-80.073723,40.272694,-159.00674,-1.1406969
-.2,27,-10.30792,6.4960237,-23.039892,2.4240537,-2.1792669,4.3499808,-10.705072,6.346539,-81.959679,39.855938,-160.07588,-3.8434796,-79.780411,40.125172,-158.4243,-1.1365185
-.1,27,-10.270022,6.4721413,-22.955187,2.4151418,-2.1712549,4.3339882,-10.665716,6.3232059,-81.658356,39.709408,-159.48737,-3.8293493,-79.487099,39.977654,-157.84186,-1.1323401
0,27,-10.232125,6.4482589,-22.870481,2.4062297,-2.1632428,4.3179955,-10.626359,6.2998734,-81.357033,39.562878,-158.89885,-3.8152187,-79.193794,39.830135,-157.25941,-1.1281618
.1,27,-10.194229,6.4243765,-22.785776,2.3973179,-2.155231,4.3020029,-10.587002,6.2765403,-81.05571,39.416348,-158.31033,-3.8010883,-78.900482,39.682617,-156.67697,-1.1239834
.2,27,-10.156332,6.4004941,-22.701071,2.3884058,-2.1472189,4.2860107,-10.547646,6.2532072,-80.754387,39.269821,-157.72182,-3.786958,-78.60717,39.535095,-156.09454,-1.119805
.3,27,-10.118435,6.3766117,-22.616365,2.379494,-2.1392069,4.2700181,-10.508288,6.2298746,-80.453064,39.123291,-157.1333,-3.7728274,-78.313858,39.387577,-155.5121,-1.1156266
.4,27,-10.080539,6.3527293,-22.531658,2.3705819,-2.1311948,4.2540255,-10.468931,6.2065415,-80.151741,38.976761,-156.5448,-3.758697,-78.020554,39.240059,-154.92966,-1.1114483
.5,27,-10.042642,6.3288469,-22.446953,2.36167,-2.1231828,4.2380328,-10.429575,6.1832089,-79.850426,38.830231,-155.95628,-3.7445664,-77.727242,39.092541,-154.34721,-1.1072699
.6,27,-10.004745,6.3049645,-22.362247,2.3527579,-2.115171,4.2220402,-10.390218,6.1598759,-79.549103,38.683704,-155.36777,-3.7304361,-77.433929,38.945019,-153.76477,-1.1030915
.7,27,-9.9668484,6.2810817,-22.277542,2.3438461,-2.1071589,4.2060475,-10.350861,6.1365433,-79.24778,38.537174,-154.77925,-3.7163057,-77.140617,38.797501,-153.18233,-1.0989131
.8,27,-9.9289513,6.2571993,-22.192837,2.334934,-2.0991468,4.1900549,-10.311503,6.1132102,-78.946457,38.390644,-154.19073,-3.7021751,-76.847305,38.649982,-152.59988,-1.0947348
.9,27,-9.8910551,6.2333169,-22.108131,2.3260221,-2.0911348,4.1740627,-10.272147,6.0898776,-78.645134,38.244114,-153.60222,-3.6880448,-76.554001,38.502464,-152.01744,-1.0905564
1,27,-9.853158,6.2094345,-22.023426,2.3171101,-2.0831227,4.1580701,-10.23279,6.0665445,-78.343811,38.097588,-153.0137,-3.6739144,-76.260689,38.354946,-151.435,-1.086378
1.1,27,-9.8152609,6.1855521,-21.938721,2.3081982,-2.0751107,4.1420774,-10.193433,6.0432115,-78.042488,37.951057,-152.42519,-3.6597838,-75.967377,38.207424,-150.85255,-1.0821996
1.2,27,-9.7773647,6.1616697,-21.854015,2.2992861,-2.0670989,4.1260848,-10.154077,6.0198789,-77.741165,37.804527,-151.83669,-3.6456535,-75.674065,38.059906,-150.27011,-1.0780212
1.3,27,-9.7394676,6.1377873,-21.76931,2.2903743,-2.0590868,4.1100922,-10.114719,5.9965458,-77.439842,37.657997,-151.24817,-3.6315231,-75.38076,37.912388,-149.68767,-1.0738429
1.4,27,-9.7015705,6.113905,-21.684605,2.2814622,-2.0510747,4.0940995,-10.075362,5.9732132,-77.138519,37.511471,-150.65965,-3.6173925,-75.087448,37.76487,-149.10522,-1.0696645
1.5,27,-9.6636744,6.0900226,-21.599899,2.2725503,-2.0430627,4.0781069,-10.036006,5.9498801,-76.837196,37.364941,-150.07114,-3.6032622,-74.794136,37.617348,-148.52278,-1.0654861
1.6,27,-9.6257772,6.0661397,-21.515194,2.2636385,-2.0350506,4.0621142,-9.9966488,5.9265475,-76.535873,37.21841,-149.48262,-3.5891316,-74.500824,37.46983,-147.94034,-1.0613077
1.7,27,-9.5878811,6.0422573,-21.430489,2.2547264,-2.0270388,4.0461221,-9.9572916,5.9032145,-76.23455,37.07188,-148.8941,-3.5750012,-74.207512,37.322311,-147.35789,-1.0571294
1.8,27,-9.549984,6.0183749,-21.345783,2.2458146,-2.0190268,4.0301294,-9.9179354,5.8798819,-75.933235,36.925354,-148.30559,-3.5608709,-73.914207,37.174793,-146.77547,-1.052951
1.9,27,-9.5120869,5.9944925,-21.261076,2.2369025,-2.0110147,4.0141368,-9.8785782,5.8565488,-75.631912,36.778824,-147.71707,-3.5467403,-73.620895,37.027275,-146.19302,-1.0487726
2,27,-9.4741907,5.9706101,-21.176371,2.2279906,-2.0030026,3.9981441,-9.839221,5.8332157,-75.330589,36.632294,-147.12857,-3.5326099,-73.327583,36.879753,-145.61058,-1.0445942
2.1,27,-9.4362936,5.9467278,-21.091665,2.2190785,-1.9949907,3.9821515,-9.7998648,5.8098831,-75.029266,36.485764,-146.54005,-3.5184796,-73.034271,36.732235,-145.02814,-1.0404159
2.2,27,-9.3983965,5.9228454,-21.00696,2.2101667,-1.9869787,3.9661591,-9.7605076,5.78655,-74.727943,36.339237,-145.95154,-3.504349,-72.740967,36.584717,-144.44569,-1.0362375
2.3,27,-9.3605003,5.898963,-20.922255,2.2012546,-1.9789667,3.9501665,-9.7211504,5.7632174,-74.42662,36.192707,-145.36302,-3.4902186,-72.447655,36.437199,-143.86325,-1.0320591
2.4,27,-9.3226032,5.8750806,-20.837549,2.1923428,-1.9709547,3.9341738,-9.6817942,5.7398844,-74.125298,36.046177,-144.77451,-3.4760883,-72.154343,36.289677,-143.28081,-1.0278807
2.5,27,-9.2847061,5.8511982,-20.752844,2.1834307,-1.9629426,3.9181812,-9.642437,5.7165518,-73.823975,35.899647,-144.18599,-3.4619577,-71.861031,36.142159,-142.69836,-1.0237024
2.6,27,-9.24681,5.8273153,-20.668139,2.1745188,-1.9549307,3.9021888,-9.6030798,5.6932187,-73.522652,35.75312,-143.59747,-3.4478273,-71.567726,35.99464,-142.11592,-1.019524
2.7,27,-9.2089128,5.8034329,-20.583433,2.1656067,-1.9469186,3.8861961,-9.5637226,5.6698856,-73.221329,35.60659,-143.00896,-3.4336967,-71.274414,35.847122,-141.53348,-1.0153456
2.8,27,-9.1710167,5.7795506,-20.498728,2.1566949,-1.9389066,3.8702035,-9.5243664,5.646553,-72.920006,35.46006,-142.42046,-3.4195664,-70.981102,35.699604,-140.95103,-1.0111672
2.9,27,-9.1331196,5.7556682,-20.414022,2.1477828,-1.9308946,3.8542109,-9.4850092,5.62322,-72.618683,35.31353,-141.83194,-3.405436,-70.68779,35.552082,-140.36859,-1.0069888
3,27,-9.0952225,5.7317858,-20.329317,2.138871,-1.9228826,3.8382185,-9.445652,5.5998874,-72.317368,35.167004,-141.24342,-3.3913054,-70.394478,35.404564,-139.78615,-1.0028105
3.1,27,-9.0573263,5.7079034,-20.244612,2.1299589,-1.9148706,3.8222258,-9.4062958,5.5765543,-72.016045,35.020473,-140.65491,-3.3771751,-70.101173,35.257046,-139.2037,-.99863207
3.2,27,-9.0194292,5.684021,-20.159904,2.121047,-1.9068586,3.8062332,-9.3669386,5.5532217,-71.714722,34.873943,-140.06639,-3.3630447,-69.807861,35.109528,-138.62126,-.99445367
3.3,27,-8.9815321,5.6601386,-20.075199,2.1121349,-1.8988465,3.7902408,-9.3275814,5.5298886,-71.413399,34.727413,-139.47787,-3.3489141,-69.514549,34.962006,-138.03882,-.99027532
3.4,27,-8.9436359,5.6362562,-19.990494,2.1032231,-1.8908346,3.7742481,-9.2882252,5.5065556,-71.112076,34.580887,-138.88936,-3.3347838,-69.221237,34.814487,-137.45638,-.98609692
3.5,27,-8.9057388,5.6123734,-19.905788,2.094311,-1.8828225,3.7582555,-9.248868,5.483223,-70.810753,34.434357,-138.30086,-3.3206534,-68.927933,34.666969,-136.87395,-.98191857
3.6,27,-8.8678427,5.588491,-19.821083,2.0853992,-1.8748106,3.7422631,-9.2095108,5.4598899,-70.50943,34.287827,-137.71234,-3.3065228,-68.634621,34.519451,-136.2915,-.97774017
3.7,27,-8.8299456,5.5646086,-19.736378,2.0764871,-1.8667985,3.7262704,-9.1701546,5.4365573,-70.208107,34.141296,-137.12383,-3.2923925,-68.341309,34.371929,-135.70906,-.97356182
3.8,27,-8.7920485,5.5407262,-19.651672,2.0675752,-1.8587865,3.7102778,-9.1307974,5.4132242,-69.906784,33.99477,-136.53531,-3.2782621,-68.047997,34.224411,-135.12662,-.96938342
3.9,27,-8.7541523,5.5168438,-19.566967,2.0586631,-1.8507745,3.6942852,-9.0914402,5.3898916,-69.605461,33.84824,-135.94679,-3.2641315,-67.754684,34.076893,-134.54417,-.96520507
4,27,-8.7162552,5.4929614,-19.482262,2.0497513,-1.8427625,3.6782928,-9.052084,5.3665586,-69.304138,33.70171,-135.35828,-3.2500012,-67.46138,33.929375,-133.96173,-.96102667
4.1,27,-8.6783581,5.469079,-19.397556,2.0408394,-1.8347504,3.6623001,-9.0127268,5.343226,-69.002815,33.555183,-134.76976,-3.2358708,-67.168068,33.781857,-133.37929,-.95684832
4.2,27,-8.6404619,5.4451966,-19.312851,2.0319273,-1.8267385,3.6463075,-8.9733696,5.3198929,-68.7015,33.408653,-134.18126,-3.2217402,-66.874756,33.634335,-132.79684,-.95266992
4.3,27,-8.6025648,5.4213138,-19.228146,2.0230155,-1.8187264,3.6303148,-8.9340124,5.2965598,-68.400169,33.262123,-133.59274,-3.2076099,-66.581444,33.486816,-132.2144,-.94849151
4.4,27,-8.5646677,5.3974314,-19.14344,2.0141034,-1.8107144,3.6143224,-8.8946562,5.2732272,-68.098854,33.115593,-133.00423,-3.1934793,-66.288139,33.339298,-131.63196,-.94431317
4.5,27,-8.5267715,5.373549,-19.058735,2.0051916,-1.8027024,3.5983298,-8.855299,5.2498941,-67.797531,32.969067,-132.41571,-3.1793489,-65.994827,33.19178,-131.04951,-.94013476
4.6,27,-8.4888744,5.3496666,-18.97403,1.9962795,-1.7946904,3.5823371,-8.8159428,5.2265615,-67.496208,32.822536,-131.82719,-3.1652186,-65.701515,33.044262,-130.46707,-.93595642
4.7,27,-8.4509783,5.3257842,-18.889324,1.9873676,-1.7866784,3.5663447,-8.7765856,5.2032285,-67.194885,32.676006,-131.23868,-3.151088,-65.408203,32.89674,-129.88463,-.93177801
4.8,27,-8.4130812,5.3019018,-18.804617,1.9784555,-1.7786664,3.5503521,-8.7372284,5.1798959,-66.893562,32.529476,-130.65016,-3.1369576,-65.114891,32.749222,-129.30219,-.92759967
4.9,27,-8.3751841,5.2780194,-18.719912,1.9695436,-1.7706543,3.5343595,-8.6978712,5.1565628,-66.592239,32.38295,-130.06165,-3.1228273,-64.821587,32.601704,-128.71974,-.92342126
5,27,-8.3372879,5.254137,-18.635206,1.9606317,-1.7626424,3.5183668,-8.658515,5.1332302,-66.290916,32.23642,-129.47313,-3.1086967,-64.528275,32.454185,-128.1373,-.91924292
5.1,27,-8.2993908,5.2302547,-18.550501,1.9517198,-1.7546303,3.5023744,-8.6191578,5.1098971,-65.989594,32.08989,-128.88463,-3.0945663,-64.234962,32.306664,-127.55486,-.91506451
5.2,27,-8.2614937,5.2063723,-18.465796,1.9428078,-1.7466184,3.4863818,-8.5798006,5.0865645,-65.688271,31.943361,-128.29611,-3.080436,-63.941654,32.159145,-126.97242,-.91088617
5.3,27,-8.2235975,5.1824894,-18.38109,1.9338957,-1.7386063,3.4703891,-8.5404444,5.0632315,-65.386948,31.796831,-127.7076,-3.0663054,-63.648342,32.011627,-126.38998,-.90670776
5.4,27,-8.1857004,5.158607,-18.296385,1.9249839,-1.7305943,3.4543965,-8.5010872,5.0398984,-65.085625,31.650303,-127.11908,-3.052175,-63.355034,31.864107,-125.80753,-.90252942
5.5,27,-8.1478033,5.1347246,-18.211679,1.9160719,-1.7225823,3.4384041,-8.46173,5.0165658,-64.784302,31.503773,-126.53056,-3.0380445,-63.061722,31.716589,-125.2251,-.89835101
5.6,27,-8.1099072,5.1108422,-18.126974,1.9071599,-1.7145703,3.4224114,-8.4223738,4.9932327,-64.482986,31.357244,-125.94205,-3.0239141,-62.768414,31.569071,-124.64265,-.89417267
5.7,27,-8.07201,5.0869598,-18.042269,1.898248,-1.7065583,3.4064188,-8.3830166,4.9699001,-64.181664,31.210714,-125.35354,-3.0097837,-62.475101,31.421551,-124.06021,-.88999426
5.8,27,-8.0341129,5.0630774,-17.957563,1.889336,-1.6985463,3.3904262,-8.3436594,4.9465671,-63.880337,31.064186,-124.76502,-2.9956532,-62.181789,31.274031,-123.47777,-.88581586
5.9,27,-7.9962168,5.0391951,-17.872858,1.880424,-1.6905342,3.3744338,-8.3043032,4.923234,-63.579014,30.917656,-124.17651,-2.9815228,-61.888481,31.126513,-122.89532,-.88163751
6,27,-7.9583201,5.0153127,-17.788153,1.8715121,-1.6825223,3.3584411,-8.264946,4.8999014,-63.277695,30.771128,-123.588,-2.9673924,-61.595173,30.978994,-122.31288,-.87745911
6.1,27,-7.920423,4.9914303,-17.703447,1.8626001,-1.6745102,3.3424485,-8.2255888,4.8765683,-62.976372,30.624598,-122.99948,-2.9532619,-61.301861,30.831474,-121.73044,-.87328076
6.2,27,-7.8825264,4.9675479,-17.618742,1.8536881,-1.6664983,3.3264561,-8.1862326,4.8532357,-62.675049,30.478069,-122.41096,-2.9391315,-61.008553,30.683956,-121.148,-.86910242
6.3,27,-7.8446298,4.943665,-17.534035,1.8447762,-1.6584862,3.3104634,-8.1468754,4.8299026,-62.373726,30.331539,-121.82245,-2.9250009,-60.71524,30.536436,-120.56555,-.86492401
6.4,27,-7.8067327,4.9197826,-17.449329,1.8358642,-1.6504742,3.2944708,-8.1075182,4.8065701,-62.072403,30.185011,-121.23394,-2.9108706,-60.421928,30.388918,-119.98312,-.86074561
6.5,27,-7.768836,4.8959002,-17.364624,1.8269522,-1.6424623,3.2784781,-8.068161,4.783237,-61.77108,30.038481,-120.64542,-2.8967402,-60.12862,30.241398,-119.40067,-.85656726
6.6,27,-7.7309394,4.8720179,-17.279919,1.8180403,-1.6344502,3.2624857,-8.0288048,4.7599044,-61.469761,29.891953,-120.05691,-2.8826098,-59.835308,30.09388,-118.81823,-.85238886
6.7,27,-7.6930428,4.8481355,-17.195213,1.8091283,-1.6264381,3.2464931,-7.9894476,4.7365713,-61.168438,29.745422,-119.4684,-2.8684793,-59.542,29.946362,-118.23579,-.84821051
6.8,27,-7.6551456,4.8242531,-17.110508,1.8002163,-1.6184262,3.2305005,-7.9500909,4.7132382,-60.867115,29.598894,-118.87988,-2.8543489,-59.248688,29.798841,-117.65334,-.84403211
6.9,27,-7.617249,4.8003707,-17.025803,1.7913043,-1.6104141,3.2145078,-7.9107337,4.6899056,-60.565792,29.452364,-118.29137,-2.8402183,-58.955379,29.651323,-117.0709,-.83985376
7,27,-7.5793524,4.7764883,-16.941097,1.7823924,-1.6024021,3.1985154,-7.871377,4.6665726,-60.264469,29.305836,-117.70285,-2.826088,-58.662067,29.503803,-116.48846,-.83567536
7.1,27,-7.5414557,4.7526059,-16.856392,1.7734804,-1.5943902,3.1825228,-7.8320203,4.64324,-59.963146,29.159306,-117.11434,-2.8119576,-58.368759,29.356285,-115.90602,-.83149701
7.2,27,-7.5035586,4.7287235,-16.771687,1.7645686,-1.5863781,3.1665301,-7.7926631,4.6199069,-59.661827,29.012777,-116.52583,-2.797827,-58.075447,29.208765,-115.32358,-.82731861
7.3,27,-7.465662,4.7048407,-16.686981,1.7556565,-1.5783662,3.1505375,-7.7533064,4.5965743,-59.3605,28.866247,-115.93731,-2.7836967,-57.782135,29.061247,-114.74113,-.8231402
7.4,27,-7.4277654,4.6809583,-16.602276,1.7467445,-1.5703541,3.1345451,-7.7139492,4.5732412,-59.059181,28.719719,-115.34879,-2.7695663,-57.488827,28.913727,-114.15869,-.81896186
7.5,27,-7.3898683,4.6570759,-16.51757,1.7378327,-1.562342,3.1185524,-7.6745925,4.5499082,-58.757858,28.573189,-114.76028,-2.7554357,-57.195515,28.766209,-113.57625,-.81478345
7.6,27,-7.3519716,4.6331935,-16.432865,1.7289207,-1.5543301,3.1025598,-7.6352358,4.5265756,-58.456535,28.426661,-114.17177,-2.7413054,-56.902206,28.61869,-112.9938,-.81060511
7.7,27,-7.314075,4.6093111,-16.348158,1.7200087,-1.5463181,3.0865674,-7.5958791,4.5032425,-58.155212,28.280132,-113.58325,-2.727175,-56.608894,28.47117,-112.41136,-.80642676
7.8,27,-7.2761784,4.5854287,-16.263453,1.7110968,-1.538306,3.0705748,-7.5565219,4.4799099,-57.853889,28.133602,-112.99474,-2.7130444,-56.315586,28.32365,-111.82892,-.80224836
7.9,27,-7.2382813,4.5615463,-16.178747,1.7021848,-1.5302941,3.0545821,-7.5171652,4.4565768,-57.552567,27.987072,-112.40622,-2.6989141,-56.022274,28.176132,-111.24648,-.79806995
8,27,-7.2003846,4.5376639,-16.094042,1.6932728,-1.522282,3.0385895,-7.477808,4.4332442,-57.251247,27.840544,-111.81771,-2.6847835,-55.728966,28.028614,-110.66404,-.79389161
8.1,27,-7.162488,4.5137811,-16.009336,1.6843609,-1.5142699,3.0225968,-7.4384513,4.4099112,-56.949924,27.694014,-111.22919,-2.6706531,-55.435654,27.881094,-110.08159,-.7897132
8.199999999999999,27,-7.1245914,4.4898987,-15.924631,1.6754489,-1.506258,3.0066044,-7.3990946,4.3865786,-56.648602,27.547485,-110.64068,-2.6565228,-55.142345,27.733576,-109.49915,-.78553486
8.300000000000001,27,-7.0866942,4.4660163,-15.839926,1.6665369,-1.498246,2.9906118,-7.3597374,4.3632455,-56.347279,27.400955,-110.05216,-2.6423922,-54.849033,27.586056,-108.91671,-.78135645
8.4,27,-7.0487976,4.4421339,-15.75522,1.657625,-1.490234,2.9746194,-7.3203807,4.3399129,-56.045959,27.254427,-109.46365,-2.6282618,-54.555725,27.438538,-108.33427,-.77717811
8.5,27,-7.010901,4.4182515,-15.670515,1.648713,-1.482222,2.9586267,-7.2810235,4.3165798,-55.744633,27.107897,-108.87514,-2.6141315,-54.262413,27.291018,-107.75182,-.7729997
8.6,27,-6.9730039,4.3943691,-15.585809,1.639801,-1.4742099,2.9426341,-7.2416668,4.2932467,-55.44331,26.961369,-108.28662,-2.6000009,-53.969101,27.143499,-107.16938,-.7688213
8.699999999999999,27,-6.9351072,4.3704867,-15.501104,1.6308891,-1.466198,2.9266415,-7.2023101,4.2699142,-55.141991,26.81484,-107.69811,-2.5858705,-53.675793,26.995981,-106.58694,-.76464295
8.800000000000001,27,-6.8972106,4.3466043,-15.416398,1.6219771,-1.4581859,2.9106488,-7.1629529,4.2465811,-54.840668,26.66831,-107.1096,-2.5717399,-53.382481,26.848461,-106.00449,-.76046455
8.9,27,-6.859314,4.322722,-15.331693,1.6130651,-1.450174,2.8946564,-7.1235962,4.2232485,-54.539345,26.521782,-106.52108,-2.5576096,-53.089172,26.700943,-105.42206,-.7562862
9,27,-6.8214169,4.2988391,-15.246987,1.6041532,-1.4421619,2.8786638,-7.0842395,4.1999154,-54.238022,26.375252,-105.93256,-2.5434792,-52.79586,26.553423,-104.83961,-.75210786
9.1,27,-6.7835202,4.2749567,-15.162282,1.5952412,-1.4341499,2.8626711,-7.0448823,4.1765823,-53.936699,26.228722,-105.34405,-2.5293486,-52.502548,26.405903,-104.25717,-.74792945
9.199999999999999,27,-6.7456236,4.2510743,-15.077577,1.5863292,-1.4261379,2.8466787,-7.0055256,4.1532497,-53.63538,26.082193,-104.75554,-2.5152183,-52.20924,26.258385,-103.67473,-.74375111
9.300000000000001,27,-6.7077265,4.2271919,-14.99287,1.5774173,-1.4181259,2.8306861,-6.9661684,4.1299167,-53.334057,25.935663,-104.16702,-2.5010879,-51.915928,26.110867,-103.09229,-.7395727
9.4,27,-6.6698303,4.2033095,-14.908166,1.5685054,-1.4101139,2.8146935,-6.9268117,4.1065841,-53.032734,25.789135,-103.57851,-2.4869576,-51.62262,25.963348,-102.50985,-.73539436
9.5,27,-6.6319332,4.1794271,-14.82346,1.5595933,-1.4021019,2.7987008,-6.887455,4.083251,-52.731411,25.642607,-102.99,-2.472827,-51.329308,25.815828,-101.9274,-.73121595
9.6,27,-6.5940366,4.1555448,-14.738754,1.5506814,-1.3940898,2.7827082,-6.8480978,4.0599184,-52.430088,25.496077,-102.40148,-2.4586964,-51.035999,25.668308,-101.34496,-.72703755
9.699999999999999,27,-6.5561399,4.1316624,-14.654049,1.5417695,-1.3860779,2.7667158,-6.8087411,4.0365853,-52.128765,25.349548,-101.81297,-2.444566,-50.742687,25.52079,-100.76252,-.7228592
9.800000000000001,27,-6.5182428,4.10778,-14.569344,1.5328574,-1.3780658,2.7507231,-6.7693844,4.0132523,-51.827442,25.203018,-101.22445,-2.4304357,-50.449379,25.37327,-100.18008,-.7186808
9.9,27,-6.4803462,4.0838976,-14.484638,1.5239456,-1.3700539,2.7347307,-6.7300277,3.9899197,-51.526123,25.05649,-100.63594,-2.4163053,-50.156071,25.225752,-99.597633,-.71450245
10,27,-6.4424496,4.0600147,-14.399933,1.5150336,-1.3620418,2.7187381,-6.6906705,3.9665868,-51.2248,24.90996,-100.04742,-2.4021747,-49.862759,25.078234,-99.01519,-.71032405
10.1,27,-6.4045525,4.0361323,-14.315227,1.5061215,-1.3540298,2.7027454,-6.6513133,3.9432538,-50.923477,24.76343,-99.458908,-2.3880444,-49.569447,24.930714,-98.432747,-.70614564
10.2,27,-6.3666558,4.0122499,-14.230521,1.4972097,-1.3460178,2.6867528,-6.6119566,3.9199212,-50.622154,24.616901,-98.870399,-2.373914,-49.276138,24.783195,-97.850304,-.7019673
10.3,27,-6.3287592,3.9883676,-14.145816,1.4882977,-1.3380058,2.6707604,-6.5725999,3.8965881,-50.320831,24.470373,-98.281883,-2.3597834,-48.982826,24.635675,-97.26786,-.69778889
10.4,27,-6.2908626,3.9644852,-14.06111,1.4793857,-1.3299938,2.6547678,-6.5332432,3.8732555,-50.019512,24.323843,-97.693367,-2.3456531,-48.689518,24.488157,-96.685425,-.69361055
10.5,27,-6.2529655,3.9406028,-13.976405,1.4704738,-1.3219818,2.6387751,-6.493886,3.8499224,-49.718189,24.177315,-97.104851,-2.3315225,-48.396206,24.340637,-96.102982,-.6894322
10.6,27,-6.2150688,3.9167202,-13.891699,1.4615618,-1.3139697,2.6227825,-6.4545288,3.8265896,-49.416862,24.030785,-96.516335,-2.3173921,-48.102894,24.193119,-95.520538,-.6852538
10.7,27,-6.1771722,3.8928378,-13.806994,1.4526498,-1.3059578,2.6067901,-6.4151726,3.8032568,-49.115543,23.884256,-95.927826,-2.3032618,-47.809586,24.045601,-94.938095,-.68107545
10.8,27,-6.1392751,3.8689554,-13.722288,1.4437379,-1.2979457,2.5907974,-6.3758154,3.7799239,-48.81422,23.737726,-95.33931,-2.2891312,-47.516273,23.898081,-94.355652,-.67689705
10.9,27,-6.1013789,3.845073,-13.637584,1.4348259,-1.2899338,2.574805,-6.3364587,3.7565911,-48.512897,23.591198,-94.750801,-2.2750008,-47.222965,23.750563,-93.773216,-.6727187
11,27,-6.0634818,3.8211906,-13.552877,1.4259139,-1.2819217,2.5588124,-6.2971015,3.7332582,-48.211575,23.444668,-94.162285,-2.2608705,-46.929653,23.603043,-93.190765,-.6685403
11.1,27,-6.0255852,3.797308,-13.468172,1.417002,-1.2739097,2.5428197,-6.2577448,3.7099252,-47.910252,23.298138,-93.573761,-2.2467399,-46.636341,23.455523,-92.608322,-.66436189
11.2,27,-5.9876885,3.7734256,-13.383467,1.40809,-1.2658978,2.5268271,-6.2183881,3.6865926,-47.608932,23.151609,-92.985252,-2.2326095,-46.343033,23.308004,-92.025887,-.66018355
11.3,27,-5.9497914,3.7495432,-13.298761,1.399178,-1.2578857,2.5108345,-6.1790309,3.6632595,-47.30761,23.005081,-92.396736,-2.2184789,-46.049721,23.160486,-91.443443,-.65600514
11.4,27,-5.9118948,3.7256608,-13.214056,1.3902662,-1.2498738,2.4948421,-6.1396742,3.6399269,-47.006287,22.858553,-91.808228,-2.2043486,-45.756413,23.012968,-90.861,-.6518268
11.5,27,-5.8739982,3.7017784,-13.129351,1.3813541,-1.2418617,2.4788494,-6.100317,3.6165938,-46.704964,22.712023,-91.219711,-2.1902182,-45.463104,22.865448,-90.278557,-.64764839
11.6,27,-5.8361011,3.6778958,-13.044644,1.3724421,-1.2338496,2.4628568,-6.0609603,3.593261,-46.403641,22.565493,-90.631195,-2.1760876,-45.169792,22.717928,-89.696114,-.64346999
11.7,27,-5.7982044,3.6540134,-12.959939,1.3635303,-1.2258377,2.4468644,-6.0216036,3.5699282,-46.102322,22.418964,-90.042679,-2.1619573,-44.876484,22.57041,-89.11367,-.63929164
11.8,27,-5.7603078,3.630131,-12.875234,1.3546182,-1.2178257,2.4308717,-5.9822464,3.5465953,-45.800995,22.272434,-89.454163,-2.1478269,-44.583172,22.42289,-88.531227,-.6351133
11.9,27,-5.7224112,3.6062486,-12.790528,1.3457063,-1.2098136,2.4148791,-5.9428897,3.5232625,-45.499676,22.125906,-88.865654,-2.1336966,-44.289864,22.275372,-87.948792,-.63093489
12,27,-5.684514,3.582366,-12.705823,1.3367944,-1.2018017,2.3988864,-5.903533,3.4999294,-45.198353,21.979376,-88.277138,-2.119566,-43.996552,22.127853,-87.366348,-.62675655
12.1,27,-5.6466174,3.5584836,-12.621117,1.3278823,-1.1937896,2.3828938,-5.8641758,3.4765966,-44.89703,21.832848,-87.688622,-2.1054354,-43.703239,21.980333,-86.783897,-.62257814
12.2,27,-5.6087208,3.5346012,-12.536412,1.3189704,-1.1857777,2.3669014,-5.8248191,3.4532638,-44.595707,21.686319,-87.100113,-2.091305,-43.409931,21.832815,-86.201462,-.6183998
12.3,27,-5.5708237,3.5107188,-12.451706,1.3100585,-1.1777656,2.3509088,-5.7854619,3.4299309,-44.294384,21.539789,-86.511597,-2.0771747,-43.116619,21.685295,-85.619019,-.61422139
12.4,27,-5.5329275,3.4868364,-12.367002,1.3011465,-1.1697536,2.3349164,-5.7461052,3.4065981,-43.993065,21.393261,-85.92308,-2.0630443,-42.823311,21.537777,-85.036575,-.61004305
12.5,27,-5.4950304,3.4629538,-12.282295,1.2922345,-1.1617416,2.3189237,-5.7067485,3.3832653,-43.691742,21.246731,-85.334564,-2.0489137,-42.529999,21.390257,-84.454132,-.60586464
12.6,27,-5.4571333,3.4390714,-12.19759,1.2833226,-1.1537296,2.3029311,-5.6673913,3.3599322,-43.390419,21.100201,-84.746048,-2.0347834,-42.236687,21.242739,-83.871689,-.60168624
12.7,27,-5.4192371,3.415189,-12.112885,1.2744106,-1.1457175,2.2869384,-5.6280346,3.3365996,-43.089096,20.953672,-84.157539,-2.020653,-41.943378,21.095221,-83.289253,-.59750789
12.8,27,-5.38134,3.3913066,-12.028179,1.2654986,-1.1377056,2.2709458,-5.5886774,3.3132665,-42.787773,20.807142,-83.569023,-2.0065224,-41.650066,20.947701,-82.706802,-.59332949
12.9,27,-5.3434434,3.3674242,-11.943474,1.2565867,-1.1296935,2.2549534,-5.5493212,3.2899339,-42.486454,20.660614,-82.980515,-1.9923921,-41.356758,20.800182,-82.124367,-.58915114
13,27,-5.3055468,3.3435416,-11.858768,1.2476747,-1.1216815,2.2389607,-5.509964,3.2666008,-42.185127,20.514084,-82.391998,-1.9782616,-41.063446,20.652662,-81.541924,-.58497274
13.1,27,-5.2676497,3.3196592,-11.774062,1.2387627,-1.1136695,2.2229681,-5.4706068,3.243268,-41.883804,20.367556,-81.803482,-1.9641311,-40.770138,20.505142,-80.95948,-.58079433
13.2,27,-5.229753,3.2957768,-11.689357,1.2298508,-1.1056575,2.2069757,-5.4312501,3.2199352,-41.582485,20.221027,-81.214966,-1.9500008,-40.476826,20.357624,-80.377037,-.57661599
13.3,27,-5.1918564,3.2718942,-11.604651,1.2209388,-1.0976454,2.1909831,-5.3918934,3.1966023,-41.281162,20.074497,-80.62645,-1.9358702,-40.183517,20.210106,-79.794594,-.57243764
13.4,27,-5.1539598,3.2480121,-11.519946,1.2120268,-1.0896335,2.1749904,-5.3525367,3.1732695,-40.979839,19.927969,-80.037941,-1.9217398,-39.890205,20.062588,-79.212158,-.56825924
13.5,27,-5.1160626,3.2241294,-11.435241,1.2031149,-1.0816214,2.1589978,-5.3131795,3.1499367,-40.678516,19.781439,-79.449425,-1.9076093,-39.596897,19.915068,-78.629707,-.56408089
13.6,27,-5.078166,3.200247,-11.350534,1.1942029,-1.0736094,2.1430051,-5.2738223,3.1266036,-40.377193,19.634909,-78.860909,-1.8934789,-39.303585,19.767548,-78.047264,-.55990249
13.7,27,-5.0402694,3.1763647,-11.26583,1.1852909,-1.0655974,2.1270127,-5.2344656,3.103271,-40.075874,19.48838,-78.2724,-1.8793485,-39.010277,19.620029,-77.464828,-.55572414
13.8,27,-5.0023723,3.152482,-11.181124,1.176379,-1.0575854,2.1110201,-5.1951089,3.0799379,-39.774551,19.34185,-77.683884,-1.865218,-38.716965,19.472509,-76.882385,-.55154574
13.9,27,-4.9644761,3.1285999,-11.096419,1.1674671,-1.0495734,2.0950277,-5.1557522,3.0566051,-39.473228,19.195322,-77.095367,-1.8510877,-38.423656,19.324991,-76.299942,-.54736739
14,27,-4.926579,3.1047173,-11.011713,1.158555,-1.0415614,2.079035,-5.116395,3.0332723,-39.171906,19.048794,-76.506851,-1.8369572,-38.130344,19.177473,-75.717499,-.54318899
14.1,27,-4.8886819,3.0808349,-10.927008,1.1496431,-1.0335493,2.0630424,-5.0770378,3.0099392,-38.870583,18.902264,-75.918335,-1.8228266,-37.837032,19.029953,-75.135056,-.53901058
14.2,27,-4.8507857,3.0569525,-10.842302,1.1407312,-1.0255374,2.0470498,-5.0376816,2.9866066,-38.56926,18.755735,-75.329826,-1.8086963,-37.543724,18.882435,-74.552612,-.53483224
14.3,27,-4.8128886,3.0330698,-10.757596,1.1318191,-1.0175253,2.0310571,-4.9983244,2.9632735,-38.267937,18.609205,-74.74131,-1.7945658,-37.250412,18.734915,-73.970169,-.53065383
14.4,27,-4.774992,3.0091877,-10.672892,1.1229073,-1.0095134,2.0150647,-4.9589677,2.9399409,-37.966618,18.462677,-74.152802,-1.7804354,-36.957104,18.587397,-73.387733,-.52647549
14.5,27,-4.7370954,2.9853051,-10.588185,1.1139953,-1.0015013,1.9990721,-4.9196105,2.9166079,-37.665295,18.316147,-73.564285,-1.766305,-36.663792,18.439877,-72.80529,-.52229708
14.6,27,-4.6991982,2.9614224,-10.50348,1.1050832,-.99348933,1.9830794,-4.8802538,2.893275,-37.363972,18.169617,-72.975769,-1.7521745,-36.37048,18.292358,-72.222839,-.51811874
14.7,27,-4.6613016,2.9375403,-10.418775,1.0961714,-.98547733,1.9670869,-4.8408971,2.8699422,-37.062649,18.023088,-72.387253,-1.7380441,-36.077171,18.14484,-71.640404,-.51394033
14.8,27,-4.623405,2.9136577,-10.334069,1.0872594,-.97746527,1.9510943,-4.8015399,2.8466094,-36.761326,17.87656,-71.798737,-1.7239137,-35.783859,17.99732,-71.057961,-.50976199
14.9,27,-4.5855083,2.8897755,-10.249364,1.0783474,-.96945333,1.9351019,-4.7621832,2.8232765,-36.460007,17.73003,-71.210228,-1.7097833,-35.490551,17.849802,-70.475517,-.50558358
15,27,-4.5476112,2.8658929,-10.164659,1.0694355,-.96144128,1.9191092,-4.722826,2.7999437,-36.158684,17.583502,-70.621712,-1.6956527,-35.197239,17.702282,-69.893074,-.50140524
15.1,27,-4.5097146,2.8420103,-10.079952,1.0605235,-.95342922,1.9031166,-4.6834693,2.7766106,-35.857357,17.436972,-70.033195,-1.6815223,-34.903931,17.554762,-69.310631,-.49722683
15.2,27,-4.471818,2.8181281,-9.9952478,1.0516115,-.94541728,1.8871241,-4.6441126,2.753278,-35.556038,17.290443,-69.444687,-1.6673919,-34.610619,17.407244,-68.728195,-.49304849
15.3,27,-4.4339209,2.7942455,-9.9105415,1.0426996,-.93740523,1.8711314,-4.6047554,2.7299449,-35.254715,17.143913,-68.856171,-1.6532614,-34.31731,17.259726,-68.145744,-.48887008
15.4,27,-4.3960247,2.7703633,-9.8258362,1.0337876,-.92939329,1.8551389,-4.5653987,2.7066123,-34.953392,16.997385,-68.267654,-1.6391311,-34.024002,17.112207,-67.563309,-.48469174
15.5,27,-4.3581276,2.7464807,-9.7411308,1.0248756,-.92138124,1.8391464,-4.526042,2.6832793,-34.652069,16.850855,-67.679138,-1.6250006,-33.73069,16.964687,-66.980865,-.48051333
15.6,27,-4.3202305,2.7225981,-9.6564245,1.0159637,-.91336918,1.8231537,-4.4866848,2.6599464,-34.350746,16.704325,-67.090622,-1.6108701,-33.437378,16.817167,-66.398422,-.47633493
15.7,27,-4.2823343,2.6987159,-9.5717201,1.0070517,-.90535724,1.8071612,-4.4473281,2.6366136,-34.049427,16.557796,-66.502113,-1.5967398,-33.14407,16.669649,-65.815979,-.47215658
15.8,27,-4.2444372,2.6748333,-9.4870138,.99813974,-.89734519,1.7911686,-4.4079709,2.6132808,-33.748104,16.411268,-65.913597,-1.5826092,-32.850758,16.522129,-65.233536,-.46797821
15.9,27,-4.2065406,2.6509509,-9.4023094,.98922783,-.88933325,1.775176,-4.3686142,2.5899479,-33.446781,16.26474,-65.325089,-1.5684788,-32.557449,16.374611,-64.6511,-.46379983
16,27,-4.168644,2.6270685,-9.3176031,.98031586,-.88132119,1.7591834,-4.3292575,2.5666151,-33.145458,16.11821,-64.736565,-1.5543483,-32.264137,16.227093,-64.068649,-.45962146
16.1,27,-4.1307468,2.6031859,-9.2328978,.97140384,-.87330914,1.7431908,-4.2899003,2.543282,-32.844135,15.97168,-64.148048,-1.5402179,-31.970825,16.079573,-63.48621,-.45544305
16.2,27,-4.0928497,2.5793035,-9.1481915,.96249187,-.86529708,1.7271981,-4.2505431,2.5199492,-32.542812,15.82515,-63.559536,-1.5260874,-31.677515,15.932053,-62.903763,-.45126468
16.3,27,-4.0549536,2.5554214,-9.063488,.95358002,-.8572852,1.7112058,-4.2111869,2.4966166,-32.241493,15.678623,-62.971031,-1.5119572,-31.384209,15.784536,-62.321331,-.44708636
16.4,27,-4.0170569,2.5315387,-8.9787817,.94466799,-.84927315,1.6952132,-4.1718302,2.4732835,-31.94017,15.532093,-62.382515,-1.4978267,-31.090897,15.637016,-61.738888,-.44290796
16.5,27,-3.9791601,2.5076563,-8.8940763,.93575603,-.84126115,1.6792206,-4.132473,2.4499507,-31.638847,15.385564,-61.793999,-1.4836962,-30.797586,15.489497,-61.156441,-.43872955
16.6,27,-3.941263,2.4837737,-8.80937,.926844,-.83324909,1.6632279,-4.0931158,2.4266176,-31.337523,15.239034,-61.205482,-1.4695656,-30.504274,15.341977,-60.573997,-.43455118
16.7,27,-3.9033661,2.4598913,-8.7246647,.91793203,-.82523704,1.6472353,-4.0537591,2.4032848,-31.0362,15.092505,-60.616962,-1.4554352,-30.210962,15.194458,-59.991554,-.43037277
16.8,27,-3.8654699,2.4360092,-8.6399603,.90902019,-.81722516,1.631243,-4.0144024,2.3799522,-30.734882,14.945977,-60.028458,-1.4413049,-29.917656,15.046941,-59.409119,-.42619446
16.9,27,-3.8275731,2.4121265,-8.555254,.90010822,-.8092131,1.6152503,-3.9750454,2.3566194,-30.433558,14.799447,-59.439941,-1.4271744,-29.624346,14.899422,-58.826675,-.42201608
17,27,-3.7896762,2.3882442,-8.4705486,.89119619,-.80120105,1.5992577,-3.9356885,2.3332863,-30.132235,14.652918,-58.851425,-1.413044,-29.331034,14.751902,-58.244228,-.41783768
17.1,27,-3.7517793,2.3643615,-8.3858423,.88228422,-.79318905,1.5832651,-3.8963315,2.3099535,-29.830912,14.506388,-58.262909,-1.3989135,-29.037722,14.604383,-57.661785,-.4136593
17.2,27,-3.7138824,2.3404789,-8.301137,.8733722,-.78517699,1.5672724,-3.8569744,2.2866204,-29.529589,14.359859,-57.674393,-1.384783,-28.744411,14.456862,-57.079342,-.4094809
17.3,27,-3.6759861,2.316597,-8.2164326,.86446041,-.77716511,1.55128,-3.8176181,2.263288,-29.22827,14.213331,-57.085888,-1.3706528,-28.451105,14.309346,-56.496906,-.40530258
17.4,27,-3.6380892,2.2927144,-8.1317272,.85554838,-.76915306,1.5352874,-3.7782612,2.2399549,-28.926947,14.066801,-56.497372,-1.3565223,-28.157793,14.161826,-55.914463,-.40112418
17.5,27,-3.6001923,2.268832,-8.0470209,.84663641,-.761141,1.5192947,-3.738904,2.2166221,-28.625624,13.920272,-55.908855,-1.3423917,-27.864483,14.014307,-55.33202,-.3969458
17.6,27,-3.5622954,2.2449493,-7.9623151,.83772439,-.75312901,1.5033021,-3.6995471,2.193289,-28.324299,13.773742,-55.320339,-1.3282613,-27.571171,13.866787,-54.749573,-.3927674
17.7,27,-3.5243986,2.2210667,-7.8776093,.82881242,-.74511695,1.4873095,-3.6601901,2.1699562,-28.022976,13.627213,-54.731823,-1.3141308,-27.277859,13.719268,-54.16713,-.38858902
17.8,27,-3.4865024,2.1971848,-7.7929053,.81990057,-.73710507,1.4713172,-3.6208336,2.1466236,-27.721659,13.480685,-54.143314,-1.3000005,-26.984554,13.571751,-53.584698,-.38441071
17.9,27,-3.4486055,2.1733022,-7.7081995,.81098861,-.72909302,1.4553245,-3.5814767,2.1232908,-27.420336,13.334156,-53.554798,-1.2858701,-26.691242,13.424232,-53.002251,-.3802323
18,27,-3.4107084,2.1494195,-7.6234937,.80207658,-.72108096,1.4393319,-3.5421197,2.0999577,-27.119011,13.187626,-52.966282,-1.2717396,-26.39793,13.276711,-52.419807,-.37605393
18.1,27,-3.3728116,2.1255372,-7.5387878,.79316461,-.7130689,1.4233392,-3.5027626,2.0766249,-26.817688,13.041096,-52.377766,-1.2576091,-26.104618,13.129192,-51.837364,-.37187552
18.2,27,-3.3349147,2.1016545,-7.454082,.78425258,-.70505691,1.4073466,-3.4634056,2.0532918,-26.516365,12.894567,-51.789249,-1.2434785,-25.811308,12.981672,-51.254917,-.36769712
18.3,27,-3.2970185,2.0777726,-7.3693781,.7753408,-.69704497,1.3913543,-3.4240494,2.0299592,-26.215046,12.748039,-51.200745,-1.2293484,-25.518002,12.834156,-50.672485,-.3635188
18.4,27,-3.2591217,2.05389,-7.2846723,.76642877,-.68903297,1.3753617,-3.3846922,2.0066264,-25.913723,12.60151,-50.612228,-1.2152178,-25.224689,12.686636,-50.090038,-.35934043
18.5,27,-3.2212248,2.0300074,-7.1999664,.7575168,-.68102092,1.359369,-3.3453352,1.9832934,-25.6124,12.45498,-50.023712,-1.2010874,-24.931379,12.539117,-49.507595,-.35516202
18.6,27,-3.1833279,2.006125,-7.1152606,.74860477,-.67300886,1.3433764,-3.3059783,1.9599605,-25.311075,12.308451,-49.435196,-1.1869569,-24.638067,12.391597,-48.925152,-.35098365
18.7,27,-3.1454308,1.9822423,-7.0305548,.73969281,-.6649968,1.3273838,-3.2666211,1.9366275,-25.009752,12.161921,-48.84668,-1.1728264,-24.344755,12.244078,-48.342705,-.34680524
18.8,27,-3.1075346,1.9583603,-6.9458504,.73078096,-.65698493,1.3113914,-3.2272649,1.913295,-24.708435,12.015393,-48.258175,-1.1586962,-24.051451,12.09656,-47.760273,-.34262693
18.9,27,-3.0696378,1.9344778,-6.8611445,.72186899,-.64897293,1.2953988,-3.1879079,1.8899621,-24.407112,11.868864,-47.669659,-1.1445657,-23.758139,11.949041,-47.17783,-.33844855
19,27,-3.0317409,1.9105953,-6.7764387,.71295696,-.64096087,1.2794062,-3.1485507,1.8666291,-24.105787,11.722334,-47.081142,-1.1304352,-23.464827,11.801521,-46.595383,-.33427015
19.1,27,-2.993844,1.8867127,-6.6917329,.704045,-.63294882,1.2634135,-3.1091938,1.8432962,-23.804464,11.575805,-46.492622,-1.1163046,-23.171516,11.654002,-46.012939,-.33009174
19.2,27,-2.9559472,1.8628302,-6.6070271,.69513297,-.62493676,1.2474209,-3.0698366,1.8199632,-23.503141,11.429275,-45.904106,-1.1021742,-22.878204,11.506482,-45.430496,-.32591337
19.3,27,-2.918051,1.8389481,-6.5223231,.68622112,-.61692488,1.2314285,-3.0304804,1.7966306,-23.201822,11.282747,-45.315601,-1.0880439,-22.584898,11.358966,-44.848061,-.32173505
19.4,27,-2.8801541,1.8150656,-6.4376173,.67730916,-.60891283,1.2154359,-2.9911234,1.7732977,-22.900499,11.136218,-44.727085,-1.0739135,-22.291586,11.211446,-44.265617,-.31755665
19.5,27,-2.842257,1.791183,-6.3529115,.66839719,-.60090083,1.1994432,-2.9517665,1.7499647,-22.599176,10.989688,-44.138569,-1.059783,-21.998276,11.063927,-43.683174,-.31337827
19.6,27,-2.8043602,1.7673005,-6.2682056,.65948516,-.59288877,1.1834506,-2.9124093,1.7266318,-22.297853,10.843159,-43.550053,-1.0456525,-21.704964,10.916407,-43.100727,-.30919987
19.7,27,-2.7664633,1.743418,-6.1834998,.65057319,-.58487672,1.1674579,-2.8730524,1.7032988,-21.996529,10.696629,-42.961536,-1.031522,-21.411652,10.768888,-42.518284,-.30502146
19.8,27,-2.7285671,1.7195359,-6.0987954,.64166135,-.57686484,1.1514657,-2.8336961,1.6799663,-21.695211,10.550102,-42.373032,-1.0173918,-21.118347,10.62137,-41.935848,-.30084315
19.9,27,-2.6906703,1.6956534,-6.0140896,.63274932,-.56885278,1.135473,-2.7943389,1.6566334,-21.393888,10.403572,-41.784515,-1.0032613,-20.825035,10.473851,-41.353405,-.29666477
20,27,-2.6527734,1.6717708,-5.9293838,.62383735,-.56084073,1.1194804,-2.754982,1.6333004,-21.092564,10.257042,-41.195999,-.9891308,-20.531723,10.326331,-40.770962,-.29248637
20.1,27,-2.6148765,1.6478883,-5.8446779,.61492532,-.55282873,1.1034877,-2.7156248,1.6099675,-20.791241,10.110513,-40.607483,-.97500026,-20.238413,10.178812,-40.188515,-.28830799
20.2,27,-2.5769794,1.6240058,-5.7599726,.60601336,-.54481667,1.0874951,-2.6762679,1.5866345,-20.489918,9.9639826,-40.018967,-.96086979,-19.945101,10.031292,-39.606071,-.28412959
20.3,27,-2.5390832,1.6001238,-5.6752682,.59710151,-.5368048,1.0715028,-2.6369116,1.563302,-20.188601,9.8174562,-39.430458,-.94673955,-19.651794,9.8837757,-39.02364,-.27995127
20.4,27,-2.5011864,1.5762411,-5.5905623,.58818954,-.52879274,1.0555102,-2.5975547,1.5399691,-19.887276,9.6709261,-38.841942,-.93260908,-19.358484,9.7362556,-38.441193,-.2757729
20.5,27,-2.4632895,1.5523586,-5.5058565,.57927752,-.52078068,1.0395175,-2.5581975,1.5166361,-19.585953,9.5243969,-38.253426,-.91847861,-19.065172,9.5887365,-37.858749,-.27159449
20.6,27,-2.4253926,1.5284761,-5.4211507,.57036555,-.51276869,1.0235249,-2.5188406,1.4933032,-19.28463,9.3778667,-37.664909,-.90434808,-18.77186,9.4412165,-37.276306,-.26741609
20.7,27,-2.3874958,1.5045936,-5.3364449,.56145352,-.50475663,1.0075322,-2.4794834,1.4699702,-18.983305,9.2313366,-37.076393,-.8902176,-18.47855,9.2936974,-36.693859,-.26323771
20.8,27,-2.3495996,1.4807115,-5.2517409,.55254173,-.49674472,.9915399,-2.4401271,1.4466377,-18.681988,9.0848103,-36.487888,-.87608737,-18.185244,9.1461802,-36.111427,-.2590594
20.9,27,-2.3117025,1.456829,-5.1670351,.54362971,-.4887327,.97554725,-2.4007702,1.4233048,-18.380665,8.9382801,-35.899372,-.86195689,-17.891932,8.998661,-35.528984,-.25488099
21,27,-2.2738056,1.4329464,-5.0823293,.53471774,-.48072064,.95955461,-2.361413,1.3999718,-18.079342,8.7917509,-35.310856,-.84782636,-17.598619,8.851141,-34.946537,-.25070262
21.1,27,-2.2359087,1.4090639,-4.9976234,.52580571,-.47270861,.94356197,-2.3220561,1.3766389,-17.778017,8.6452208,-34.72234,-.83369589,-17.305309,8.7036219,-34.364094,-.24652421
21.2,27,-2.1980119,1.3851814,-4.9129176,.51689374,-.46469656,.92756933,-2.2826991,1.3533059,-17.476694,8.4986916,-34.133823,-.81956542,-17.011997,8.5561018,-33.781651,-.24234582
21.3,27,-2.1601157,1.3612993,-4.8282132,.5079819,-.45668468,.91157699,-2.2433426,1.3299735,-17.175377,8.3521643,-33.545319,-.80543518,-16.718691,8.4085855,-33.199215,-.23816751
21.4,27,-2.1222188,1.3374168,-4.7435074,.4990699,-.44867262,.89558434,-2.2039857,1.3066405,-16.874052,8.2056341,-32.956802,-.79130471,-16.425381,8.2610655,-32.616772,-.23398912
21.5,27,-2.084322,1.3135343,-4.6588016,.49015793,-.4406606,.8795917,-2.1646287,1.2833076,-16.572729,8.0591049,-32.368282,-.77717417,-16.132069,8.1135464,-32.034325,-.22981073
21.6,27,-2.0464249,1.2896518,-4.5740957,.48124593,-.43264854,.86359906,-2.1252716,1.2599746,-16.271406,7.9125748,-31.779768,-.7630437,-15.838758,7.9660263,-31.451881,-.22563234
21.7,27,-2.008528,1.2657691,-4.4893899,.47233394,-.42463651,.84760642,-2.0859146,1.2366416,-15.970082,7.7660451,-31.191252,-.74891323,-15.545445,7.8185067,-30.869438,-.22145393
21.8,27,-1.9706318,1.2418871,-4.404686,.46342209,-.41662461,.83161414,-2.0465584,1.213309,-15.668764,7.6195183,-30.602745,-.73478299,-15.25214,7.67099,-30.287004,-.21727563
21.9,27,-1.932735,1.2180046,-4.3199801,.45451009,-.40861258,.8156215,-2.0072012,1.1899761,-15.367441,7.4729886,-30.014229,-.72065246,-14.958828,7.5234704,-29.704559,-.21309723
22,27,-1.8948381,1.1941221,-4.2352743,.4455981,-.40060052,.79962885,-1.9678442,1.1666431,-15.066117,7.3264589,-29.425713,-.70652199,-14.665517,7.3759508,-29.122114,-.20891884
22.1,27,-1.8569412,1.1702394,-4.1505685,.4366861,-.3925885,.78363621,-1.9284872,1.1433102,-14.764794,7.1799293,-28.837196,-.69239151,-14.372206,7.2284312,-28.539671,-.20474045
22.2,27,-1.8190442,1.1463569,-4.0658627,.4277741,-.38457647,.76764357,-1.8891302,1.1199772,-14.46347,7.0333996,-28.24868,-.67826098,-14.078894,7.0809116,-27.957226,-.20056206
22.3,27,-1.7811481,1.1224749,-3.9811585,.41886228,-.37656456,.75165123,-1.8497739,1.0966448,-14.162152,6.8868723,-27.660175,-.66413081,-13.785588,6.9333949,-27.374792,-.19638374
22.4,27,-1.7432512,1.0985924,-3.8964527,.40995029,-.36855254,.73565859,-1.8104168,1.0733118,-13.860829,6.7403426,-27.071657,-.65000027,-13.492277,6.7858753,-26.792349,-.19220535
22.5,27,-1.7053542,1.0747098,-3.8117468,.40103829,-.36054048,.71966594,-1.7710599,1.0499789,-13.559505,6.5938129,-26.483141,-.6358698,-13.198965,6.6383557,-26.209904,-.18802696
22.6,27,-1.6674573,1.0508273,-3.727041,.39212629,-.35252845,.7036733,-1.7317028,1.0266459,-13.258183,6.4472833,-25.894625,-.62173927,-12.905654,6.4908361,-25.627459,-.18384856
22.7,27,-1.6295605,1.0269448,-3.6423352,.38321429,-.3445164,.68768066,-1.6923457,1.0033129,-12.956859,6.3007536,-25.306108,-.6076088,-12.612342,6.3433166,-25.045015,-.17967017
22.8,27,-1.5916643,1.0030627,-3.557631,.37430248,-.33650452,.67168832,-1.6529895,.97998047,-12.655541,6.1542268,-24.717604,-.59347856,-12.319036,6.1957998,-24.462582,-.17549185
22.9,27,-1.5537673,.97918016,-3.4729252,.36539048,-.32849246,.65569568,-1.6136324,.95664752,-12.354218,6.0076966,-24.129087,-.57934809,-12.025725,6.0482802,-23.880136,-.17131346
23,27,-1.5158705,.95529765,-3.3882194,.35647848,-.32048044,.63970309,-1.5742754,.93331456,-12.052894,5.861167,-23.540571,-.56521761,-11.732413,5.9007607,-23.297691,-.16713507
23.1,27,-1.4779736,.93141508,-3.3035135,.34756649,-.31246838,.62371045,-1.5349183,.90998161,-11.751571,5.7146373,-22.952053,-.55108708,-11.439102,5.7532411,-22.715248,-.16295668
23.2,27,-1.4400766,.90753257,-3.2188077,.33865449,-.30445635,.60771781,-1.4955614,.88664865,-11.450247,5.5681076,-22.363537,-.53695661,-11.145791,5.6057215,-22.132803,-.15877829
23.3,27,-1.4021804,.88365048,-3.1341035,.32974267,-.29644445,.59172547,-1.456205,.86331612,-11.14893,5.4215808,-21.775032,-.52282637,-10.852485,5.4582047,-21.550369,-.15459998
23.4,27,-1.3642836,.85976797,-3.0493977,.32083067,-.28843242,.57573283,-1.4168481,.83998317,-10.847606,5.2750511,-21.186516,-.5086959,-10.559174,5.3106852,-20.967924,-.15042157
23.5,27,-1.3263867,.83588541,-2.9646919,.31191868,-.28042036,.55974019,-1.377491,.81665021,-10.546282,5.128521,-20.598,-.4945654,-10.265862,5.1631656,-20.385481,-.14624318
23.6,27,-1.2884897,.8120029,-2.8799863,.30300668,-.27240834,.54374754,-1.3381339,.79331726,-10.244959,4.9819913,-20.009483,-.48043489,-9.9725504,5.015646,-19.803036,-.14206479
23.7,27,-1.2505928,.78812039,-2.7952805,.29409468,-.26439628,.5277549,-1.2987769,.7699843,-9.943635,4.8354616,-19.420965,-.46630439,-9.6792393,4.8681264,-19.220591,-.1378864
23.8,27,-1.2126967,.7642383,-2.7105761,.28518286,-.2563844,.51176256,-1.2594206,.74665183,-9.6423178,4.6889348,-18.83246,-.45217419,-9.3859329,4.7206097,-18.638159,-.13370809
23.9,27,-1.1747998,.74035573,-2.6258705,.27627087,-.24837236,.49576995,-1.2200636,.72331887,-9.3409939,4.5424051,-18.243944,-.43804368,-9.0926218,4.5730901,-18.055714,-.1295297
24,27,-1.1369028,.71647322,-2.5411646,.26735887,-.24036032,.47977731,-1.1807065,.69998592,-9.0396709,4.3958755,-17.655428,-.42391318,-8.7993097,4.4255705,-17.473269,-.12535131
24.1,27,-1.0990059,.69259071,-2.4564588,.25844687,-.23234828,.46378466,-1.1413496,.67665297,-8.7383471,4.2493458,-17.066912,-.40978271,-8.5059986,4.2780509,-16.890825,-.12117291
24.2,27,-1.0611091,.66870815,-2.371753,.24953488,-.22433624,.44779202,-1.1019925,.65332001,-8.4370232,4.1028156,-16.478395,-.3956522,-8.2126875,4.1305313,-16.30838,-.11699452
24.3,27,-1.0232128,.64482605,-2.2870488,.24062304,-.21632434,.43179968,-1.0626363,.62998748,-8.1357059,3.9562888,-15.88989,-.38152197,-7.9193811,3.9830146,-15.725946,-.11281621
24.4,27,-.98531592,.62094355,-2.202343,.23171104,-.2083123,.41580707,-1.0232792,.60665452,-7.8343821,3.8097591,-15.301373,-.3673915,-7.62607,3.835495,-15.143502,-.10863782
24.5,27,-.94741905,.59706104,-2.1176372,.22279905,-.20030026,.39981443,-.98392212,.58332157,-7.5330586,3.6632295,-14.712856,-.35326099,-7.3327584,3.6879754,-14.561057,-.10445942
24.6,27,-.90952212,.57317847,-2.0329313,.21388705,-.19228823,.38382179,-.94456512,.55998862,-7.2317352,3.5166998,-14.12434,-.33913049,-7.0394468,3.5404558,-13.978613,-.10028103
24.7,27,-.87162524,.54929596,-1.9482255,.20497507,-.18427619,.36782914,-.90520805,.53665566,-6.9304118,3.3701699,-13.535824,-.32500002,-6.7461357,3.3929362,-13.396169,-.096102633
24.8,27,-.83372903,.52541387,-1.8635213,.19606324,-.1762643,.3518368,-.86585176,.51332319,-6.6290941,3.2236431,-12.947318,-.31086978,-6.4528298,3.2454195,-12.813735,-.091924325
24.9,27,-.79583216,.50153136,-1.7788155,.18715124,-.16825226,.33584416,-.82649475,.48999023,-6.3277707,3.0771134,-12.358802,-.29673928,-6.1595182,3.0978999,-12.231291,-.087745927
25,27,-.75793523,.47764882,-1.6941097,.17823924,-.16024022,.31985155,-.78713769,.46665728,-6.0264468,2.9305835,-11.770286,-.28260881,-5.8662066,2.9503803,-11.648846,-.083567537
25.1,27,-.72003829,.45376629,-1.6094038,.16932724,-.15222818,.30385891,-.74778068,.44332433,-5.7251234,2.7840538,-11.181768,-.2684783,-5.5728955,2.8028607,-11.066401,-.079389147
25.2,27,-.68214142,.42988375,-1.5246981,.16041525,-.14421614,.28786626,-.70842361,.41999137,-5.4238,2.6375241,-10.593252,-.2543478,-5.2795839,2.6553411,-10.483957,-.07521075
25.3,27,-.64424521,.40600169,-1.4399939,.15150343,-.13620424,.27187392,-.66906732,.39665887,-5.1224823,2.4909971,-10.004746,-.24021758,-4.9862781,2.5078244,-9.9015236,-.071032435
25.4,27,-.60634834,.38211915,-1.355288,.14259143,-.1281922,.25588128,-.62971032,.37332591,-4.8211589,2.3444674,-9.4162302,-.22608709,-4.6929665,2.3603048,-9.3190794,-.066854045
25.5,27,-.5684514,.35823661,-1.2705823,.13367943,-.12018016,.23988865,-.59035325,.34999296,-4.5198355,2.1979377,-8.827714,-.21195659,-4.3996549,2.2127852,-8.7366343,-.062675655
25.6,27,-.53055453,.33435407,-1.1858765,.12476744,-.11216812,.22389601,-.55099624,.32666001,-4.2185116,2.0514078,-8.2391977,-.1978261,-4.1063437,2.0652657,-8.1541901,-.058497261
25.7,27,-.4926576,.31047153,-1.1011707,.11585544,-.10415608,.20790337,-.51163918,.30332705,-3.9171882,1.9048781,-7.650681,-.18369561,-3.8130322,1.9177461,-7.5717454,-.054318868
25.8,27,-.45476142,.28658947,-1.0164665,.10694361,-.096144192,.19191104,-.47228292,.27999455,-3.6158705,1.7583512,-7.0621758,-.16956538,-3.5197263,1.7702293,-6.9893122,-.050140552
25.9,27,-.41686451,.26270694,-.93176067,.098031618,-.08813215,.1759184,-.43292588,.25666159,-3.3145471,1.6118215,-6.473659,-.15543489,-3.2264149,1.6227098,-6.4068675,-.045962162
26,27,-.37896761,.23882441,-.84705484,.089119621,-.080120109,.15992577,-.39356884,.23332864,-3.0132234,1.4652917,-5.8851428,-.1413044,-2.9331033,1.4751902,-5.8244228,-.041783769
26.1,27,-.34107071,.21494187,-.76234907,.080207624,-.072108068,.14393313,-.35421181,.20999569,-2.7119,1.3187621,-5.2966261,-.1271739,-2.639792,1.3276706,-5.2419786,-.037605375
26.2,27,-.30317381,.19105934,-.67764324,.071295626,-.064096026,.12794049,-.31485477,.18666273,-2.4105766,1.1722323,-4.7081094,-.11304341,-2.3464804,1.180151,-4.659534,-.033426981
26.3,27,-.26527762,.16717726,-.59293902,.062383804,-.056084137,.11194816,-.27549851,.16333023,-2.1092587,1.0257053,-4.1196041,-.098913185,-2.0531745,1.0326343,-4.0771008,-.02924867
26.4,27,-.22738071,.14329474,-.50823325,.053471807,-.048072096,.095955521,-.23614146,.13999727,-1.8079352,.8791756,-3.5310879,-.08478269,-1.7598631,.88511467,-3.4946561,-.025070276
26.5,27,-.18948381,.11941221,-.42352742,.04455981,-.040060055,.079962887,-.19678442,.11666432,-1.5066117,.73264587,-2.9425714,-.070652202,-1.4665517,.73759508,-2.9122114,-.020891884
26.6,27,-.15158691,.095529668,-.33882162,.035647813,-.032048013,.063970245,-.15742739,.093331367,-1.2052883,.58611614,-2.3540547,-.056521706,-1.1732402,.59007549,-2.329767,-.016713491
26.7,27,-.11369,.071647137,-.25411582,.026735818,-.024035972,.047977608,-.11807036,.069998413,-.90396476,.4395864,-1.7655383,-.042391211,-.87992877,.44255593,-1.7473224,-.012535099
26.8,27,-.07579381,.047765065,-.16941161,.017823992,-.016024083,.031985275,-.078714073,.046665907,-.60264701,.29305947,-1.1770329,-.028260987,-.58662289,.29503915,-1.1648891,-.0083567854
26.9,27,-.037896905,.023882532,-.084705807,.0089119961,-.0080120414,.015992638,-.039357036,.023332953,-.3013235,.14652973,-.58851647,-.014130494,-.29331145,.14751957,-.58244455,-.0041783927
27,27,0,0,0,0,0,0,0,0,0,0,0,0,0,0,0,0
27.1,27,.037882905,.023880936,-.0089228675,.084688678,.0080088219,.015991377,-.023333702,.039351344,.30129087,.14652307,.014110926,.58847082,.29328206,.14751253,.0041628075,.58240128
27.2,27,.075681813,.047752298,-.017910974,.1692746,.015998326,.031975199,-.046671908,.078668565,.602386,.29300618,.028104438,1.1766676,.58638769,.29498276,.0082320916,1.1645433
27.3,27,.113312,.071604095,-.027029455,.25365344,.023949046,.047943618,-.070018716,.11791681,.90308392,.4394066,.041862808,1.764305,.87913489,.44236562,.012114198,1.7461556
27.4,27,.1506909,.095427766,-.036344085,.33772588,.031841967,.063889757,-.093379654,.15706359,1.2032003,.58569002,.05526904,2.3511317,1.1713585,.58962452,.01571561,2.3270011
27.5,27,.18773381,.11921348,-.045920335,.42138794,.039657623,.079805873,-.11675902,.19607426,1.5025339,.73181379,.068205193,2.9368625,1.4628762,.73671448,.018942419,2.90681
27.6,27,.22435671,.14295201,-.055824094,.50453752,.047376696,.095684625,-.14016172,.23491512,1.8008887,.87773818,.080553427,3.521224,1.753512,.8835935,.021700587,3.4853234
27.7,27,.26047561,.16663429,-.066121593,.58707285,.054979868,.11151877,-.1635929,.27355266,2.0980692,1.0234236,.092195705,4.1039424,2.0430892,1.0302197,.023895824,4.0622826
27.8,27,.29600582,.19025099,-.076879293,.66889089,.062447671,.12730089,-.1870575,.31195283,2.3938735,1.1688277,.10301343,4.6847339,2.3314259,1.1765484,.025433443,4.6374183
27.9,27,.3308647,.21379441,-.088164635,.74989402,.069761097,.14302464,-.21056205,.35008425,2.688118,1.3139167,.11288857,5.2633471,2.6183567,1.3225437,.026218645,5.210495
28,27,.36496761,.23725574,-.10004508,.82998031,.076900668,.15868293,-.23411214,.3879135,2.9806006,1.4586486,.12170188,5.8394995,2.9036999,1.4681616,.026155958,5.7812438
28.1,27,.39823052,.26062694,-.1125889,.90904993,.083847076,.17426915,-.25771418,.42540833,3.2711258,1.6029844,.12933405,6.4129176,3.1872787,1.6133609,.025149528,6.3494081
28.2,27,.43056941,.28390032,-.125865,.98700386,.090581,.18977696,-.28137499,.46253699,3.5594981,1.7468855,.13566528,6.9833307,3.4689171,1.7581007,.023102976,6.914731
28.3,27,.46189961,.30706817,-.13994293,1.0637422,.097082973,.2051999,-.30510145,.4992674,3.8455157,1.8903105,.14057507,7.550456,3.7484326,1.9023377,.019919259,7.4769464
28.4,27,.4921385,.33012447,-.15489356,1.1391705,.10333398,.22053276,-.32890227,.53557026,4.1289945,2.0332267,.14394316,8.1140461,4.0256605,2.0460374,.01550091,8.03582
28.5,27,.52120143,.35306239,-.17078817,1.213191,.10931456,.23576966,-.3527855,.57141459,4.4097328,2.1755934,.14564796,8.6738176,4.3004184,2.189157,.0097495466,8.5910873
28.6,27,.54900432,.37587607,-.18769923,1.2857078,.11500538,.25090539,-.37676015,.60677093,4.6875353,2.317373,.14556743,9.2295027,4.5725298,2.3316569,.0025660896,9.1424932
28.7,27,.57546324,.39856011,-.20570026,1.3566266,.12038714,.26593506,-.40083599,.64161026,4.9622059,2.4585283,.14357895,9.7808323,4.8418188,2.4734986,-.0061493618,9.6897869
28.8,27,.60049343,.42110938,-.22486581,1.4258527,.12544037,.2808539,-.42502314,.67590392,5.2335429,2.5990193,.13955887,10.327527,5.1081028,2.61464,-.016497649,10.232703
28.9,27,.62401229,.44352064,-.2452722,1.4932969,.13014604,.29565841,-.44933379,.7096259,5.5013628,2.7388153,.1333835,10.869342,5.3712168,2.7550492,-.028580407,10.771014
29,27,.64593518,.46579006,-.26699656,1.558867,.13448471,.3103447,-.47377971,.74274909,5.7654634,2.8778772,.12492758,11.405999,5.6309791,2.8946855,-.042500455,11.304458
29.1,27,.66617811,.48791498,-.29011765,1.622474,.13843705,.32490957,-.49837399,.77524805,6.0256495,3.0161698,.11406525,11.937234,5.8872128,3.0335119,-.058361612,11.832787
29.2,27,.68465698,.50989348,-.31471586,1.6840298,.14198372,.33935037,-.52313077,.80709821,6.2817249,3.1536577,.1006695,12.462781,6.1397414,3.1714921,-.076269031,12.355752
29.3,27,.70128721,.5317241,-.34087288,1.7434473,.14510529,.35366476,-.54806489,.83827549,6.5334888,3.2903035,.08461237,12.982365,6.3883834,3.3085873,-.096328884,12.873096
29.4,27,.71598607,.55340755,-.36867282,1.8006449,.14778271,.36785179,-.57319355,.86875898,6.780756,3.4260786,.065765269,13.495747,6.6329732,3.4447684,-.11864874,13.384595
29.5,27,.72866899,.5749442,-.39820099,1.855539,.14999655,.38191029,-.59853387,.89852697,7.0233254,3.5609467,.043997984,14.002653,6.8733287,3.5799975,-.14333752,13.889996
29.6,27,.73925191,.59633589,-.42954496,1.9080487,.15172747,.39584002,-.62410468,.92755961,7.2610016,3.6948752,.019179147,14.502824,7.1092744,3.7142417,-.17050572,14.389054
29.7,27,.74765074,.61758536,-.4627943,1.9580959,.15295614,.40964141,-.6499263,.95583862,7.4935884,3.8278317,-.0088239172,14.996001,7.3406324,3.8474677,-.20026542,14.881531
29.8,27,.75378096,.63869619,-.49804062,2.0056026,.15366313,.42331547,-.67601991,.98334622,7.7208848,3.9597821,-.040145267,15.481915,7.5672216,3.9796405,-.23273027,15.367174
29.9,27,.75755984,.65967447,-.53537834,2.050498,.1538294,.4368647,-.70240968,1.0100685,7.9427061,4.0907006,-.074919835,15.960333,7.788877,4.1107349,-.26801559,15.845769
30,27,.75890273,.68052602,-.57490373,2.0927093,.1534355,.45029172,-.72912008,1.0359911,8.1588516,4.2205553,-.11328461,16.430986,8.0054159,4.2407179,-.30623862,16.31707
30.1,27,.75772572,.70125848,-.61671573,2.1321671,.1524621,.46360016,-.75617754,1.0611018,8.3691244,4.3493156,-.15537806,16.893627,8.2166624,4.3695602,-.34751856,16.780844
30.2,27,.75394452,.72188097,-.66091621,2.1688051,.15088986,.47679469,-.78361058,1.0853903,8.573329,4.4769545,-.2013405,17.348,8.4224396,4.4972339,-.39197677,17.236856
30.3,27,.74747473,.74240339,-.70760912,2.2025585,.14869936,.48988059,-.81144893,1.1088476,8.771265,4.6034412,-.25131369,17.793844,8.6225662,4.6237087,-.43973649,17.684868
30.4,27,.73823351,.76283848,-.75690246,2.2333696,.14587152,.50286508,-.83972585,1.1314689,8.9627466,4.7287545,-.30544117,18.230934,8.8168755,4.7489643,-.49092346,18.124674
30.5,27,.72613651,.78319931,-.80890596,2.261179,.14238697,.51575547,-.8684752,1.1532491,9.1475744,4.8528662,-.36386839,18.659016,9.005187,4.8729734,-.54566544,18.55604
30.6,27,.71109945,.80350077,-.86373317,2.2859321,.13822633,.52856064,-.89773345,1.1741861,9.3255501,4.9757514,-.42674315,19.077845,9.1873245,4.9957128,-.60409302,18.978741
30.7,27,.69303823,.82375962,-.92150092,2.3075774,.13337025,.5412904,-.92753947,1.19428,9.49648,5.0973873,-.49421561,19.487175,9.3631096,5.1171598,-.6663397,19.392559
30.8,27,.67186844,.8439936,-.98232865,2.3260655,.12779935,.55395573,-.95793396,1.2135327,9.660162,5.2177486,-.56643742,19.886761,9.532362,5.2372918,-.73254091,19.797266
30.9,27,.64750725,.86422384,-1.0463403,2.3413548,.12149452,.56656957,-.9889614,1.2319504,9.816411,5.3368192,-.64356291,20.276384,9.6949167,5.3560944,-.80283564,20.192669
31,27,.61987025,.8844716,-1.1136622,2.3534026,.11443639,.57914519,-1.0206673,1.2495401,9.9650269,5.4545774,-.72574872,20.655802,9.8505898,5.4735475,-.87736547,20.578547
31.1,27,.58887315,.90476072,-1.1844252,2.3621714,.10660558,.59169775,-1.0531007,1.2663119,10.105813,5.5710039,-.81315452,21.02478,9.9992075,5.5896344,-.95627552,20.954689
31.2,27,.55443221,.9251166,-1.258763,2.3676274,.097982839,.60424358,-1.0863128,1.2822784,10.238574,5.6860819,-.90594196,21.383089,10.140591,5.7043419,-1.0397139,21.320896
31.3,27,.51646197,.94556636,-1.336814,2.3697381,.088548496,.61680007,-1.1203575,1.2974545,10.363107,5.7997928,-1.0042776,21.730492,10.274559,5.8176541,-1.1278335,21.67695
31.4,27,.47488096,.96614021,-1.4187191,2.3684809,.078283809,.6293872,-1.1552924,1.3118601,10.47923,5.912128,-1.108327,22.066788,10.400947,5.9295654,-1.2207882,22.022682
31.5,27,.42960393,.98686904,-1.5046239,2.3638318,.067169182,.64202523,-1.1911771,1.3255155,10.586741,6.0230718,-1.2182622,22.391745,10.519572,6.0400653,-1.318738,22.357882
31.6,27,.38054693,1.007786,-1.5946774,2.3557713,.055185325,.65473634,-1.2280743,1.3384449,10.685444,6.1326132,-1.3342572,22.705145,10.630259,6.1491461,-1.421846,22.682364
31.7,27,.32762581,1.0289265,-1.689033,2.3442845,.042312872,.66754413,-1.2660496,1.3506753,10.775143,6.2407436,-1.4564902,23.006775,10.73283,6.2568035,-1.5302802,22.995939
31.8,27,.27075571,1.0503268,-1.7878472,2.3293586,.028532321,.68047351,-1.3051713,1.3622359,10.855635,6.3474522,-1.5851425,23.296413,10.827103,6.3630328,-1.6442127,23.298418
31.9,27,.20985459,1.0720272,-1.8912801,2.3109891,.01382479,.69355166,-1.3455114,1.3731611,10.926739,6.4527392,-1.7203977,23.573875,10.912914,6.4678397,-1.7638189,23.589647
32,27,.1448376,1.0940677,-1.9994957,2.289171,-.0018292277,.70680636,-1.3871442,1.3834858,10.988252,6.5565982,-1.8624451,23.838947,10.990081,6.5712233,-1.8892806,23.869442
32.1,27,.075619742,1.1164907,-2.1126618,2.2639015,-.018449264,.72026682,-1.4301463,1.3932478,11.039971,6.6590252,-2.0114784,24.091421,11.05842,6.6731863,-2.0207844,24.137625
32.2,27,.0021195426,1.139342,-2.2309496,2.2351887,-.036054093,.73396498,-1.474599,1.4024907,11.08172,6.7600288,-2.1676929,24.331133,11.117774,6.7737446,-2.1585209,24.39407
32.3,27,-.075750694,1.1626656,-2.3545334,2.203032,-.054663826,.7479319,-1.5205834,1.4112557,11.113277,6.859601,-2.3312926,24.557848,11.167942,6.8728971,-2.3026893,24.638573
32.4,27,-.15807097,1.1865112,-2.4835901,2.1674483,-.074296914,.76220244,-1.5681862,1.4195924,11.134475,6.9577579,-2.502481,24.771429,11.208772,6.9706693,-2.4534895,24.871033
32.5,27,-.24492875,1.2109259,-2.6183,2.1284425,-.094973423,.77681029,-1.6174936,1.4275469,11.145089,7.0544972,-2.6814709,24.971649,11.240063,7.0670662,-2.6111324,25.091257
32.6,27,-.33640656,1.2359613,-2.7588463,2.0860331,-.11671235,.79179221,-1.6685965,1.4351718,11.144938,7.1498337,-2.8684776,25.158356,11.261651,7.1621127,-2.7758319,25.299133
32.7,27,-.4325867,1.2616699,-2.9054141,2.0402408,-.13953266,.80718571,-1.7215875,1.4425223,11.133839,7.2437863,-3.0637214,25.331398,11.273372,7.2558379,-2.9478092,25.494553
32.8,27,-.53355706,1.2881027,-3.058192,1.9910779,-.1634545,.82302797,-1.7765597,1.4496506,11.111568,7.3363595,-3.267432,25.490568,11.275023,7.3482561,-3.1272941,25.67734
32.9,27,-.63939726,1.3153152,-3.2173679,1.9385734,-.18849622,.83935893,-1.8336095,1.456617,11.077959,7.4275837,-3.4798379,25.635756,11.266455,7.4394093,-3.3145192,25.847429
33,27,-.75019515,1.3433607,-3.3831336,1.8827434,-.21467799,.85621727,-1.892833,1.463477,11.032788,7.5174689,-3.7011805,25.766756,11.247466,7.5293198,-3.5097289,26.004662
33.1,27,-.86603284,1.3722948,-3.5556812,1.8236156,-.24201871,.87364393,-1.9543294,1.470292,10.975874,7.6060462,-3.9317031,25.883451,11.217893,7.6180305,-3.7131727,26.148958
33.2,27,-.98699301,1.4021742,-3.735204,1.761218,-.27053744,.89168018,-2.0181985,1.4771236,10.907031,7.6933494,-4.1716557,25.985718,11.177568,7.7055888,-3.9251077,26.280245
33.3,27,-1.1131637,1.4330536,-3.9218972,1.6955699,-.30025432,.91036624,-2.0845394,1.4840307,10.826039,7.7793975,-4.4212999,26.073378,11.126293,7.7920294,-4.145803,26.39839
33.4,27,-1.2446239,1.4649906,-4.1159525,1.6267049,-.33118761,.92974436,-2.1534531,1.4910778,10.732729,7.8642387,-4.6808953,26.146355,11.063917,7.8774133,-4.3755293,26.503363
33.5,27,-1.3814615,1.49804,-4.3175659,1.5546428,-.36335748,.94985509,-2.2250392,1.4983243,10.626881,7.9479003,-4.9507174,26.204479,10.990238,7.9617839,-4.614572,26.595049
33.6,27,-1.523759,1.5322585,-4.5269303,1.4794124,-.3967829,.9707402,-2.2993987,1.5058329,10.508309,8.0304298,-5.2310433,26.247663,10.905092,8.045207,-4.8632231,26.673409
33.7,27,-1.6715999,1.5677027,-4.7442408,1.4010409,-.43148309,.99244136,-2.3766325,1.5136663,10.376829,8.1118793,-5.5221624,26.275822,10.808312,8.1277504,-5.1217856,26.738411
33.8,27,-1.8250703,1.6044264,-4.9696884,1.3195478,-.46747783,1.0149984,-2.4568384,1.5218827,10.232224,8.1922894,-5.8243694,26.288816,10.699701,8.2094736,-5.3905706,26.789972
33.9,27,-1.9842505,1.6424856,-5.2034631,1.234962,-.50478566,1.0384526,-2.5401154,1.530544,10.07432,8.2717266,-6.1379657,26.286606,10.579105,8.2904606,-5.669898,26.82811
34,27,-2.1492281,1.6819329,-5.445756,1.1472999,-.54342651,1.0628426,-2.6265597,1.5397067,9.9028997,8.3502378,-6.4632649,26.269064,10.446326,8.37078,-5.9601016,26.852755
34.1,27,-2.3200855,1.7228221,-5.6967549,1.0565836,-.58341962,1.088208,-2.7162681,1.5494288,9.7177773,8.4278927,-6.8005891,26.236143,10.301197,8.4505224,-6.2615228,26.863916
34.2,27,-2.4969056,1.7652059,-5.9566455,.96283424,-.62478387,1.1145873,-2.809335,1.5597671,9.5187693,8.5047665,-7.1502657,26.187805,10.143554,8.5297832,-6.5745149,26.861622
34.3,27,-2.6797767,1.8091342,-6.2256145,.86606139,-.66753954,1.1420172,-2.9058523,1.5707732,9.3056545,8.5809202,-7.51264,26.123949,9.9731932,8.6086473,-6.899446,26.845833
34.4,27,-2.868777,1.854658,-6.50384,.7662859,-.71170479,1.1705348,-3.0059109,1.5825013,9.0782633,8.6564436,-7.8880548,26.044582,9.7899685,8.6872282,-7.2366858,26.816622
34.5,27,-3.0639944,1.9018248,-6.7915025,.66351372,-.75729966,1.2001746,-3.1095986,1.5949992,8.8363781,8.731411,-8.2768726,25.949629,9.5936775,8.7656212,-7.5866251,26.773979
34.6,27,-3.2655122,1.9506829,-7.0887804,.55775607,-.80434334,1.2309712,-3.2170026,1.6083159,8.5798111,8.8059139,-8.6794634,25.839087,9.3841543,8.8439465,-7.9496627,26.717972
34.7,27,-3.4734123,2.0012789,-7.3958464,.44902208,-.85285473,1.2629584,-3.3282077,1.6224982,8.3083811,8.8800535,-9.0962048,25.712967,9.1612358,8.9223289,-8.3262081,26.64868
34.8,27,-3.6877832,2.0536566,-7.7128763,.33730993,-.90285414,1.2961675,-3.4432957,1.6375875,8.0218639,8.9539185,-9.5274935,25.57122,8.9247179,9.0008831,-8.7166901,26.566126
34.9,27,-3.9087031,2.1078606,-8.0400343,.2226278,-.95435959,1.3306301,-3.5623465,1.6536274,7.7200937,9.0276232,-9.9737234,25.41391,8.6744528,9.0797529,-9.1215363,26.470442
35,27,-4.136261,2.1639323,-8.37749,.10496847,-1.0073915,1.3663753,-3.6854379,1.670655,7.4028482,9.1012697,-10.435312,25.241009,8.4102392,9.1590662,-9.5412006,26.361679
35.1,27,-4.3705397,2.2219133,-8.7254095,-.015669502,-1.0619688,1.4034325,-3.8126459,1.6887084,7.069942,9.1749773,-10.912683,25.052568,8.1319113,9.2389727,-9.9761419,26.239964
35.2,27,-4.611619,2.2818432,-9.0839491,-.13928872,-1.1181102,1.4418293,-3.9440436,1.7078233,6.7211962,9.2488766,-11.406268,24.848661,7.8393064,9.3196278,-10.426829,26.105442
35.3,27,-4.8595901,2.34376,-9.4532757,-.26590455,-1.1758362,1.4815921,-4.0797033,1.7280309,6.3563843,9.3230829,-11.916522,24.62929,7.5322204,9.4011803,-10.893754,25.958195
35.4,27,-5.1145277,2.4077013,-9.8335352,-.39552006,-1.2351644,1.5227463,-4.2196922,1.7493635,5.9753456,9.3977413,-12.443889,24.394581,7.2105103,9.4838037,-11.377402,25.798424
35.5,27,-5.3765278,2.4737031,-10.224896,-.52815843,-1.2961165,1.5653172,-4.3640819,1.7718487,5.5778432,9.4729815,-12.988859,24.144545,6.8739595,9.5676565,-11.878302,25.626221
35.6,27,-5.6456666,2.5418005,-10.627504,-.66382957,-1.3587104,1.6093278,-4.5129352,1.7955141,5.1637044,9.548954,-13.551902,23.879311,6.5224147,9.6529207,-12.396961,25.441792
35.7,27,-5.9220252,2.6120265,-11.041503,-.80254728,-1.4229645,1.654801,-4.6663146,1.8203859,4.7327518,9.6258173,-14.133504,23.599009,6.1557164,9.7397823,-12.933907,25.24534
35.8,27,-6.2056966,2.6844149,-11.467052,-.94434029,-1.4889002,1.7017591,-4.8242869,1.8464863,4.28475,9.7037172,-14.734187,23.303686,5.7736502,9.8284197,-13.489699,25.036999
35.9,27,-6.4967556,2.7589965,-11.904289,-1.0892216,-1.5565348,1.7502228,-4.9869084,1.8738389,3.8195419,9.7828283,-15.354449,22.993534,5.3760767,9.9190359,-14.064877,24.81703
36,27,-6.7952943,2.835803,-12.353366,-1.2372224,-1.6258894,1.8002129,-5.154242,1.9024631,3.3368959,9.8633089,-15.994835,22.668627,4.9627852,10.011819,-14.660019,24.58559
36.1,27,-7.1013937,2.9148643,-12.814423,-1.3883644,-1.6969827,1.8517491,-5.326344,1.9323788,2.8366323,9.9453392,-16.655874,22.329138,4.5336146,10.106977,-15.275695,24.342924
36.2,27,-7.4151316,2.9962091,-13.287594,-1.5426698,-1.7698325,1.90485,-5.5032697,1.9636048,2.3185771,10.029103,-17.338104,21.975258,4.0884099,10.204721,-15.912477,24.089296
36.3,27,-7.7366033,3.0798666,-13.773031,-1.7001755,-1.8444608,1.9595349,-5.6850786,1.9961571,1.7824928,10.114777,-18.042105,21.60709,3.6269536,10.305258,-16.57098,23.824886
36.4,27,-8.0658817,3.165864,-14.270862,-1.8609027,-1.9208844,2.0158212,-5.8718214,2.0300524,1.2282248,10.202559,-18.768423,21.224873,3.1491091,10.408809,-17.251781,23.549999
36.5,27,-8.4030609,3.2542288,-14.781232,-2.0248897,-1.9991248,2.0737269,-6.0635548,2.0653052,.65553904,10.292636,-19.517656,20.828735,2.6546638,10.515586,-17.955507,23.264833
36.6,27,-8.7482204,3.3449876,-15.304276,-2.1921649,-2.0792003,2.1332688,-6.2603302,2.1019299,.064258084,10.385211,-20.290382,20.418898,2.1434584,10.625817,-18.68276,22.969677
36.7,27,-9.1014385,3.4381657,-15.840118,-2.3627574,-2.1611288,2.1944633,-6.4621978,2.1399403,-.54579383,10.480493,-21.087181,19.995594,1.615335,10.739731,-19.434151,22.66482
36.8,27,-9.4628105,3.5337896,-16.38891,-2.5367098,-2.2449327,2.2573278,-6.6692138,2.1793482,-1.1748548,10.578677,-21.908682,19.558971,1.0700779,10.857546,-20.210321,22.350477
36.9,27,-9.832408,3.6318834,-16.950769,-2.7140474,-2.3306282,2.3218768,-6.8814225,2.2201667,-1.8230751,10.679984,-22.755459,19.10931,.50755304,10.9795,-21.011871,22.026978
37,27,-10.210328,3.7324729,-17.525841,-2.8948152,-2.418237,2.3881273,-7.0988803,2.2624063,-2.4906945,10.784618,-23.628159,18.646769,-.07245747,11.105813,-21.839451,21.694536
37.1,27,-10.596564,3.8355622,-18.114128,-3.0789998,-2.5077586,2.4560814,-7.3215895,2.3060725,-3.1776938,10.892798,-24.527185,18.171799,-.66993523,11.236715,-22.693493,21.353622
37.2,27,-10.990773,3.9410756,-18.715139,-3.266407,-2.5991135,2.5256867,-7.5493689,2.3511417,-3.8832631,11.004733,-25.452145,17.685617,-1.2841495,11.372396,-23.573635,21.005337
37.3,27,-11.392549,4.0489163,-19.328279,-3.4568188,-2.6922085,2.5968785,-7.7819972,2.3975799,-4.6064734,11.120598,-26.402445,17.189497,-1.9142647,11.513001,-24.479332,20.650803
37.4,27,-11.801458,4.1589808,-19.952911,-3.6500061,-2.7869442,2.6695855,-8.0192356,2.4453475,-5.3462982,11.240555,-27.377382,16.684786,-2.5593541,11.658662,-25.409912,20.291203
37.5,27,-12.217094,4.2711658,-20.588425,-3.8457634,-2.8832264,2.7437375,-8.2608528,2.4944005,-6.1018047,11.364728,-28.376263,16.172653,-3.2185786,11.809463,-26.3647,19.927544
37.6,27,-12.639031,4.3853626,-21.234184,-4.0438786,-2.9809575,2.8192604,-8.5066061,2.5446911,-6.871994,11.493224,-29.3983,15.654312,-3.8910365,11.965467,-27.342922,19.56085
37.7,27,-13.066841,4.5014596,-21.88954,-4.2441421,-3.0800393,2.8960776,-8.7562466,2.5961685,-7.655859,11.626123,-30.442642,15.130923,-4.57582,12.12671,-28.343735,19.192095
37.8,27,-13.500116,4.6193461,-22.553869,-4.4463644,-3.180378,2.9741142,-9.0095348,2.6487787,-8.4524708,11.763468,-31.508444,14.603502,-5.2720928,12.293185,-29.366293,18.822107
37.9,27,-13.938426,4.7389064,-23.226511,-4.6503406,-3.2818744,3.0532906,-9.2662134,2.7024651,-9.2608032,11.905288,-32.594738,14.073132,-5.978929,12.464869,-30.409624,18.451765
38,27,-14.381361,4.8600254,-23.906836,-4.8558865,-3.3844342,3.1335289,-9.5260382,2.7571697,-10.079923,12.051576,-33.700577,13.54073,-6.6954889,12.641701,-31.472767,18.081789
38.1,27,-14.828497,4.9825859,-24.594187,-5.062808,-3.4879603,3.2147491,-9.7887526,2.8128321,-10.908832,12.202306,-34.824909,13.007248,-7.4208708,12.823599,-32.554665,17.712921
38.2,27,-15.279406,5.1064672,-25.287897,-5.2709131,-3.5923538,3.296869,-10.054098,2.8693907,-11.746521,12.35743,-35.966637,12.473596,-8.1541672,13.010456,-33.654194,17.345858
38.3,27,-15.733681,5.2315536,-25.987337,-5.4800248,-3.6975217,3.3798094,-10.321826,2.9267831,-12.592068,12.516868,-37.124676,11.940541,-8.8945456,13.202136,-34.770256,16.981167
38.4,27,-16.190891,5.3577213,-26.691833,-5.6899505,-3.8033645,3.4634869,-10.591674,2.9849451,-13.444444,12.680526,-38.297817,11.408931,-9.6410789,13.398487,-35.90163,16.619473
38.5,27,-16.650629,5.4848528,-27.400742,-5.9005146,-3.9097881,3.5478206,-10.863389,3.0438128,-14.302713,12.848283,-39.484886,10.879458,-10.392925,13.599328,-37.047119,16.261269
38.6,27,-17.112465,5.6128244,-28.1134,-6.1115308,-4.0166945,3.6327276,-11.13671,3.1033206,-15.165877,13.020002,-40.684612,10.352859,-11.149182,13.804465,-38.205437,15.907073
38.7,27,-17.575974,5.7415137,-28.829134,-6.322813,-4.1239858,3.7181237,-11.411374,3.1634028,-16.032928,13.195529,-41.895691,9.829833,-11.908942,14.013685,-39.375263,15.557376
38.8,27,-18.040751,5.8708019,-29.54731,-6.5341907,-4.2315688,3.8039286,-11.687132,3.2239945,-16.902946,13.374686,-43.116848,9.3109579,-12.671377,14.226757,-40.555309,15.212554
38.9,27,-18.506359,6.0005622,-30.267246,-6.7454734,-4.3393426,3.8900566,-11.963714,3.2850285,-17.774891,13.557288,-44.346687,8.7969055,-13.435549,14.443435,-41.74416,14.873064
39,27,-18.972395,6.1306763,-30.9883,-6.95649,-4.4472146,3.9764273,-12.240869,3.3464396,-18.647839,13.743127,-45.583874,8.2881947,-14.200624,14.663461,-42.940479,14.539231
39.1,27,-19.438503,6.2610383,-31.709911,-7.1670928,-4.5551033,4.0629687,-12.518376,3.408169,-19.520956,13.932006,-46.827187,7.785275,-14.965852,14.886591,-44.143032,14.211329
39.2,27,-19.9046,6.391614,-32.431934,-7.3772669,-4.6629896,4.1496572,-12.796168,3.4701891,-20.394039,14.123788,-48.076157,7.2880759,-15.73105,15.112663,-45.351326,13.889226
39.3,27,-20.370705,6.5223937,-33.154362,-7.5870485,-4.7708783,4.2364864,-13.07424,3.5324831,-21.267151,14.318355,-49.330608,6.7963076,-16.496273,15.34155,-46.565159,13.572613
39.4,27,-20.836805,6.6533628,-33.877155,-7.7964525,-4.8787651,4.3234458,-13.352563,3.5950336,-22.14024,14.515595,-50.590282,6.3098049,-17.261475,15.573127,-47.784245,13.261293
39.5,27,-21.302912,6.7845135,-34.600315,-8.0055094,-4.9866533,4.4105301,-13.631133,3.6578264,-23.013355,14.715403,-51.855015,5.8283033,-18.026701,15.807276,-49.008392,12.95499
39.6,27,-21.76902,6.9158335,-35.323803,-8.2142344,-5.094542,4.4977303,-13.909931,3.7208467,-23.886471,14.917672,-53.124569,5.3516293,-18.791929,16.043884,-50.237362,12.653506
39.7,27,-22.235117,7.0473113,-36.047592,-8.4226398,-5.2024288,4.5850382,-14.188938,3.784081,-24.759556,15.122306,-54.398731,4.8796196,-19.557127,16.282843,-51.470913,12.356659
39.8,27,-22.701221,7.1789422,-36.77169,-8.6307545,-5.310317,4.672451,-14.468152,3.8475184,-25.632668,15.329209,-55.677364,4.4120307,-20.32235,16.524052,-52.708897,12.064197
39.9,27,-23.167322,7.3107147,-37.496059,-8.8385839,-5.4182038,4.7599602,-14.747555,3.9111471,-26.505754,15.538291,-56.960247,3.9487364,-21.087551,16.767414,-53.951077,11.775975
40,27,-23.633429,7.4426241,-38.220703,-9.0461531,-5.5260925,4.8475633,-15.027142,3.9749572,-27.37887,15.749466,-58.247257,3.4895153,-21.852777,17.012836,-55.197323,11.491768
40.1,27,-24.099537,7.5746622,-38.945602,-9.2534714,-5.6339812,4.9352541,-15.306901,4.038939,-28.251986,15.962649,-59.538204,3.0342319,-22.618006,17.260231,-56.447437,11.211427
40.2,27,-24.565636,7.70682,-39.670727,-9.4605455,-5.741868,5.023026,-15.586819,4.1030827,-29.125074,16.177763,-60.832905,2.5827575,-23.383207,17.509514,-57.701225,10.934811
40.3,27,-25.031738,7.8390946,-40.396084,-9.6673965,-5.8497558,5.1108775,-15.866892,4.1673803,-29.998182,16.394728,-62.13126,2.1348948,-24.148426,17.760607,-58.958576,10.661723
40.4,27,-25.497839,7.9714775,-41.121647,-9.8740292,-5.9576426,5.1988029,-16.14711,4.2318244,-30.871271,16.613476,-63.433086,1.6905439,-24.913628,18.013432,-60.219307,10.392051
40.5,27,-25.963945,8.1039677,-41.847431,-10.080462,-6.0655313,5.2868009,-16.427471,4.2964082,-31.744387,16.833935,-64.738297,1.2495214,-25.678856,18.267921,-61.483322,10.125613
40.6,27,-26.430054,8.2365561,-42.573406,-10.286699,-6.17342,5.374866,-16.707964,4.3611236,-32.6175,17.05604,-66.04673,.81172353,-26.444082,18.524004,-62.750462,9.862298
40.7,27,-26.896152,8.3692379,-43.299557,-10.492747,-6.2813067,5.4629941,-16.988579,4.4259648,-33.490589,17.279726,-67.358231,.37705168,-27.209284,18.781612,-64.020569,9.6019993
40.8,27,-27.362259,8.5020123,-44.025898,-10.698623,-6.3891954,5.5511842,-17.269316,4.4909258,-34.363705,17.504934,-68.672745,-.054664358,-27.97451,19.040688,-65.293571,9.344553
40.9,27,-27.828352,8.6348677,-44.75238,-10.904322,-6.4970803,5.6394305,-17.550161,4.5559998,-35.236778,17.731602,-69.990082,-.48347631,-28.739698,19.301167,-66.56929,9.0898933
41,27,-28.294462,8.7678108,-45.479057,-11.109868,-6.60497,5.727735,-17.831125,4.6211848,-36.109901,17.959682,-71.310234,-.90957069,-29.504932,19.563002,-67.84771,8.8378477
41.1,27,-28.760571,8.9008322,-46.205879,-11.31526,-6.7128587,5.8160925,-18.11219,4.6864729,-36.983017,18.189117,-72.633034,-1.3330041,-30.270159,19.826134,-69.128662,8.5883484
41.2,27,-29.226669,9.0339251,-46.932838,-11.5205,-6.8207455,5.9044991,-18.393351,4.7518601,-37.856106,18.419853,-73.958351,-1.7538564,-31.03536,20.090509,-70.412033,8.3413134
41.3,27,-29.692776,9.1670933,-47.659946,-11.725604,-6.9286342,5.9929552,-18.67461,4.8173423,-38.729221,18.651848,-75.286171,-2.1722722,-31.800587,20.356085,-71.697777,8.0966043
41.4,27,-30.158869,9.3003254,-48.387173,-11.930566,-7.0365195,6.0814552,-18.955954,4.8829141,-39.602295,18.885046,-76.616302,-2.5882821,-32.565773,20.622805,-72.985733,7.8541808
41.5,27,-30.624979,9.4336281,-49.114552,-12.135408,-7.1444087,6.1700029,-19.237392,4.9485745,-40.475418,19.119417,-77.948784,-3.0020485,-33.331009,20.89064,-74.275909,7.6138954
41.6,27,-31.091087,9.5669928,-49.842049,-12.340125,-7.2522974,6.2585921,-19.518913,5.0143175,-41.348534,19.354908,-79.283455,-3.4136088,-34.096237,21.15954,-75.568176,7.3757014
41.7,27,-31.557186,9.7004166,-50.569653,-12.54472,-7.3601842,6.3472209,-19.800508,5.0801396,-42.221622,19.591482,-80.620216,-3.8230231,-34.861439,21.429462,-76.862411,7.1395378
41.8,27,-32.023289,9.8338985,-51.297379,-12.749203,-7.4680719,6.4358888,-20.082182,5.1460385,-43.09473,19.829098,-81.959045,-4.2304111,-35.626656,21.700373,-78.158607,6.9052916
41.9,27,-32.489384,9.9674349,-52.0252,-12.953573,-7.5759583,6.5245934,-20.363926,5.2120099,-43.967808,20.067719,-83.29982,-4.6358018,-36.39185,21.972231,-79.456627,6.6729288
42,27,-32.955498,10.101027,-52.753147,-13.157845,-7.6838474,6.6133361,-20.645748,5.2780528,-44.840931,20.307316,-84.64254,-5.0393233,-37.157085,22.24501,-80.7565,6.4423323
42.1,27,-33.421604,10.234672,-53.48119,-13.362017,-7.7917361,6.7021127,-20.927635,5.3441634,-45.71405,20.54785,-85.987091,-5.4410028,-37.922314,22.518669,-82.05809,6.213469
42.2,27,-33.887703,10.368362,-54.20932,-13.566086,-7.8996229,6.7909212,-21.209583,5.4103374,-46.587135,20.789286,-87.333389,-5.8408861,-38.687515,22.793177,-83.36132,5.9862928
42.3,27,-34.353806,10.502102,-54.93755,-13.770065,-8.0075111,6.8797617,-21.491596,5.4765744,-47.460243,21.031595,-88.681412,-6.2390757,-39.452732,23.068506,-84.666176,5.7607079
42.4,27,-34.819901,10.635885,-55.665855,-13.97395,-8.1153965,6.9686322,-21.773664,5.542871,-48.333324,21.274746,-90.031059,-6.6355882,-40.217926,23.344624,-85.972549,5.5366931
42.5,27,-35.286015,10.769716,-56.394268,-14.177757,-8.2232866,7.0575342,-22.055799,5.6092267,-49.206448,21.518717,-91.382362,-7.0305367,-40.983162,23.62151,-87.280472,5.3141479
42.6,27,-35.752121,10.903588,-57.122761,-14.38148,-8.3311749,7.1464643,-22.337988,5.6756372,-50.079563,21.763475,-92.735191,-7.4239364,-41.74839,23.899132,-88.589828,5.0930505
42.7,27,-36.21822,11.037499,-57.851322,-14.585118,-8.4390621,7.2354198,-22.620224,5.7421007,-50.952652,22.008991,-94.089485,-7.8158207,-42.513592,24.177464,-89.900551,4.8733668
42.8,27,-36.684322,11.171452,-58.579967,-14.788681,-8.5469494,7.3244028,-22.902515,5.8086162,-51.82576,22.255245,-95.445236,-8.2062798,-43.278809,24.456482,-91.212631,4.6550145
42.9,27,-37.150421,11.305439,-59.308674,-14.992167,-8.6548357,7.4134097,-23.184853,5.8751802,-52.698841,22.502209,-96.802361,-8.5953217,-44.044006,24.736162,-92.525993,4.4379826
43,27,-37.616531,11.439466,-60.037472,-15.195587,-8.7627249,7.5024438,-23.467245,5.9417939,-53.571964,22.749866,-98.160881,-8.9830456,-44.809238,25.016491,-93.84066,4.2221818
43.1,27,-38.082642,11.57353,-60.766342,-15.398938,-8.870615,7.5915012,-23.749683,6.0084543,-54.445087,22.99819,-99.520714,-9.369463,-45.574474,25.29744,-95.15654,4.007597
43.2,27,-38.548748,11.707626,-61.495274,-15.602221,-8.9785032,7.6805806,-24.032166,6.0751586,-55.318192,23.247158,-100.88178,-9.7545977,-46.339687,25.578987,-96.473579,3.7942038
43.3,27,-39.014832,11.84175,-62.224232,-15.805428,-9.0863867,7.7696781,-24.314674,6.1419029,-56.19125,23.49674,-102.24402,-10.138488,-47.104866,25.861101,-97.791695,3.5819604
43.4,27,-39.480938,11.975911,-62.953289,-16.008581,-9.1942749,7.8588009,-24.59724,6.2086921,-57.064354,23.746939,-103.6075,-10.521213,-47.870083,26.143789,-99.11097,3.3708048
43.5,27,-39.947048,12.110104,-63.682415,-16.211679,-9.3021641,7.9479446,-24.87985,6.2755218,-57.937481,23.997723,-104.97215,-10.902806,-48.635315,26.427023,-100.43133,3.1606994
43.6,27,-40.413158,12.244327,-64.411598,-16.414719,-9.4100533,8.0371084,-25.162497,6.3423901,-58.810604,24.249077,-106.33792,-11.283287,-49.400551,26.710785,-101.75272,2.9516251
43.7,27,-40.879265,12.378577,-65.140831,-16.617697,-9.5179415,8.1262913,-25.445179,6.409296,-59.683708,24.500978,-107.70474,-11.662672,-50.165764,26.995052,-103.0751,2.7435651
43.8,27,-41.345348,12.51285,-65.870079,-16.820612,-9.6258249,8.2154875,-25.727884,6.4762349,-60.556767,24.753403,-109.07255,-12.04099,-50.930943,27.2798,-104.39837,2.536485
43.9,27,-41.811455,12.647155,-66.599419,-17.023483,-9.7337132,8.3047066,-26.010639,6.5432124,-61.429871,25.006355,-110.44143,-12.418315,-51.696159,27.565041,-105.72265,2.3303299
44,27,-42.277565,12.781488,-67.328819,-17.226307,-9.8416033,8.3939438,-26.29343,6.6102242,-62.302994,25.259811,-111.81132,-12.794673,-52.461391,27.850746,-107.04785,2.1250687
44.1,27,-42.743675,12.915846,-68.058266,-17.429081,-9.9494925,8.4831972,-26.576254,6.6772695,-63.176117,25.513756,-113.18216,-13.170076,-53.226627,28.136902,-108.37394,1.9206889
44.2,27,-43.209782,13.050227,-68.787758,-17.631804,-10.057381,8.5724669,-26.859108,6.7443457,-64.049225,25.768169,-114.55391,-13.544538,-53.99184,28.423492,-109.70086,1.7171782
44.3,27,-43.675861,13.184626,-69.51725,-17.834469,-10.165263,8.661747,-27.141975,6.81145,-64.922272,26.023029,-115.92648,-13.918074,-54.757011,28.710489,-111.02853,1.5145123
44.4,27,-44.141972,13.319055,-70.246841,-18.037102,-10.273152,8.7510481,-27.424892,6.8785877,-65.795387,26.278351,-117.3,-14.290768,-55.522236,28.997913,-112.3571,1.3126314
44.5,27,-44.608082,13.453507,-70.976471,-18.239691,-10.381042,8.8403645,-27.707838,6.945755,-66.66851,26.534103,-118.67439,-14.662625,-56.287468,29.285736,-113.68645,1.1115199
44.6,27,-45.074192,13.58798,-71.706146,-18.44224,-10.488931,8.9296951,-27.990812,7.0129504,-67.541634,26.790276,-120.04961,-15.03366,-57.052704,29.573946,-115.01657,.91116643
44.7,27,-45.540298,13.722474,-72.435852,-18.644743,-10.59682,9.0190392,-28.273811,7.0801725,-68.414742,27.046854,-121.4256,-15.403877,-57.817921,29.86253,-116.3474,.71156335
44.8,27,-46.006378,13.856981,-73.165558,-18.847195,-10.704701,9.1083918,-28.556822,7.147418,-69.287788,27.303816,-122.80228,-15.773293,-58.583088,30.151463,-117.67887,.51269042
44.9,27,-46.472488,13.991516,-73.895355,-19.04962,-10.812591,9.1977634,-28.839876,7.2146931,-70.160904,27.56118,-124.17982,-16.141983,-59.348312,30.440765,-119.01112,.31449309
45,27,-46.938599,14.12607,-74.625183,-19.252008,-10.920481,9.2871475,-29.122955,7.2819934,-71.034027,27.818918,-125.55811,-16.509949,-60.113544,30.730413,-120.34405,.11695954
45.1,27,-47.404701,14.260641,-75.355042,-19.454357,-11.028368,9.376543,-29.406054,7.3493176,-71.907135,28.077017,-126.93707,-16.877192,-60.878765,31.020393,-121.67762,-.079911463
45.2,27,-47.870819,14.395235,-76.084961,-19.656675,-11.136259,9.4659529,-29.689184,7.416667,-72.780258,28.335478,-128.31677,-17.243746,-61.644001,31.310705,-123.01186,-.27614692
45.3,27,-48.336895,14.529835,-76.81485,-19.858942,-11.244141,9.5553665,-29.972315,7.4840336,-73.653305,28.594263,-129.69704,-17.609581,-62.409164,31.601311,-124.3466,-.47173402
45.4,27,-48.803013,14.664463,-77.54483,-20.061193,-11.352032,9.6448002,-30.255493,7.5514288,-74.526443,28.853405,-131.07808,-17.974808,-63.174408,31.89225,-125.68207,-.66674948
45.5,27,-49.269115,14.799104,-78.274826,-20.263405,-11.459919,9.7342415,-30.538681,7.6188431,-75.399544,29.112864,-132.4597,-18.339376,-63.939621,32.183475,-127.01807,-.86116952
45.6,27,-49.735218,14.933762,-79.004852,-20.465584,-11.567807,9.8236942,-30.821894,7.6862788,-76.272652,29.372644,-133.84198,-18.703325,-64.704842,32.474995,-128.35466,-1.0550218
45.7,27,-50.201336,15.068439,-79.734932,-20.667738,-11.675698,9.9131594,-31.105133,7.753737,-77.145775,29.63274,-135.22488,-19.066675,-65.470078,32.766808,-129.69183,-1.2483203
45.8,27,-50.667412,15.20312,-80.464981,-20.869844,-11.78358,10.002627,-31.388369,7.8212099,-78.018822,29.893116,-136.60825,-19.429392,-66.235245,33.058868,-131.02943,-1.4410499
45.9,27,-51.133526,15.337828,-81.195114,-21.071938,-11.89147,10.092113,-31.671648,7.8887081,-78.891953,30.153807,-137.99232,-19.791574,-67.000481,33.351223,-132.36768,-1.6332806
46,27,-51.599632,15.472546,-81.925262,-21.273998,-11.999358,10.181606,-31.954939,7.956223,-79.76506,30.414778,-139.37692,-20.153189,-67.765701,33.643833,-133.70641,-1.8249961
46.1,27,-52.065735,15.607279,-82.655441,-21.47603,-12.107246,10.271109,-32.238247,8.023756,-80.638168,30.676025,-140.76207,-20.514257,-68.530922,33.936699,-135.04562,-2.0162117
46.2,27,-52.531853,15.742029,-83.385658,-21.678041,-12.215137,10.360622,-32.521584,8.0913095,-81.511292,30.937555,-142.14778,-20.8748,-69.296158,34.22982,-136.38538,-2.2069423
46.3,27,-52.997929,15.876782,-84.115852,-21.880007,-12.323018,10.450138,-32.804913,8.1588755,-82.384338,31.199326,-143.53389,-21.234781,-70.061317,34.523159,-137.72546,-2.397171
46.4,27,-53.464043,16.011559,-84.846123,-22.081964,-12.430909,10.539669,-33.08828,8.2264633,-83.257462,31.461378,-144.92064,-21.594297,-70.826553,34.816757,-139.06615,-2.5869646
46.5,27,-53.930149,16.146345,-85.576408,-22.283892,-12.538796,10.629207,-33.371658,8.2940664,-84.130569,31.723675,-146.30783,-21.953312,-71.591774,35.11058,-140.40724,-2.776305
46.6,27,-54.396244,16.281143,-86.306702,-22.485792,-12.646683,10.718752,-33.655052,8.3616838,-85.003662,31.986214,-147.6955,-22.311838,-72.356979,35.404621,-141.74876,-2.9651992
46.7,27,-54.86237,16.41596,-87.037056,-22.687677,-12.754576,10.80831,-33.938473,8.4293222,-85.876808,32.249008,-149.08369,-22.669916,-73.122231,35.698898,-143.09079,-3.1536794
46.8,27,-55.328445,16.550776,-87.767372,-22.889521,-12.862457,10.897866,-34.221882,8.4969683,-86.749855,32.512009,-150.47221,-23.027487,-73.887398,35.993359,-144.43309,-3.3417077
46.9,27,-55.794559,16.685614,-88.497765,-23.091358,-12.970347,10.987438,-34.505333,8.5646362,-87.622978,32.775261,-151.86131,-23.384651,-74.652634,36.288052,-145.77591,-3.5293548
47,27,-56.260666,16.820461,-89.228165,-23.293169,-13.078236,11.077016,-34.788788,8.6323166,-88.496086,33.038727,-153.25081,-23.741371,-75.417854,36.582943,-147.11911,-3.7166016
