temp,ref,yhat_comm,se_comm,lowerci_comm,upperci_comm,yhat_low,se_low,lowerci_low,upperci_low,yhat_ag,se_ag,lowerci_ag,upperci_ag,yhat_nonag,se_nonag,lowerci_nonag,upperci_nonag
-20,27,-18.065104,11.387766,-40.384716,4.2545061,-.3340244,14.197106,-28.159842,27.491793,-212.68958,81.511467,-372.4491,-52.930035,-2.0495937,10.583282,-22.792446,18.69326
-19.9,27,-18.026669,11.363536,-40.29879,4.2454538,-.3333137,14.1669,-28.099928,27.4333,-212.23703,81.338036,-371.65665,-52.817417,-2.045233,10.560765,-22.743952,18.653486
-19.8,27,-17.988232,11.339307,-40.212864,4.2364016,-.33260301,14.136693,-28.040012,27.374805,-211.7845,81.164604,-370.8642,-52.7048,-2.0408721,10.538247,-22.695457,18.613714
-19.7,27,-17.949795,11.315078,-40.126942,4.2273498,-.33189234,14.106487,-27.980099,27.316315,-211.33199,80.99118,-370.07178,-52.592186,-2.0365114,10.51573,-22.646963,18.57394
-19.6,27,-17.91136,11.290849,-40.041016,4.2182975,-.33118165,14.076281,-27.920183,27.25782,-210.87944,80.817749,-369.27933,-52.479568,-2.0321505,10.493213,-22.598469,18.534168
-19.5,27,-17.872923,11.266619,-39.95509,4.2092452,-.33047095,14.046074,-27.86027,27.199327,-210.42691,80.644318,-368.48688,-52.366951,-2.0277896,10.470695,-22.549974,18.494394
-19.4,27,-17.834486,11.24239,-39.869164,4.2001929,-.32976025,14.015866,-27.800354,27.140833,-209.97438,80.470894,-367.69443,-52.254333,-2.0234287,10.448177,-22.50148,18.454622
-19.3,27,-17.796049,11.218161,-39.783241,4.1911411,-.32904956,13.98566,-27.74044,27.08234,-209.52185,80.297462,-366.90198,-52.141716,-2.019068,10.425659,-22.452984,18.414848
-19.2,27,-17.757614,11.193932,-39.697315,4.1820889,-.32833889,13.955454,-27.680527,27.023848,-209.06932,80.124039,-366.10956,-52.029099,-2.0147071,10.403142,-22.404491,18.375076
-19.1,27,-17.719177,11.169703,-39.611389,4.1730366,-.3276282,13.925247,-27.620611,26.965355,-208.61679,79.950607,-365.31711,-51.916481,-2.0103462,10.380625,-22.355995,18.335304
-19,27,-17.68074,11.145473,-39.525467,4.1639848,-.3269175,13.895041,-27.560696,26.90686,-208.16426,79.777176,-364.52466,-51.803864,-2.0059855,10.358107,-22.307501,18.29553
-18.9,27,-17.642303,11.121243,-39.439541,4.1549325,-.3262068,13.864834,-27.500782,26.848368,-207.71173,79.603745,-363.73221,-51.691246,-2.0016246,10.335588,-22.259007,18.255758
-18.8,27,-17.603867,11.097014,-39.353615,4.1458802,-.32549611,13.834627,-27.440866,26.789875,-207.2592,79.430321,-362.93976,-51.578629,-1.9972637,10.313071,-22.210512,18.215984
-18.7,27,-17.565432,11.072785,-39.267693,4.1368284,-.32478541,13.80442,-27.380953,26.731382,-206.80667,79.256889,-362.14734,-51.466015,-1.992903,10.290554,-22.162018,18.176212
-18.6,27,-17.526995,11.048555,-39.181767,4.1277761,-.32407475,13.774214,-27.321039,26.67289,-206.35414,79.083466,-361.35489,-51.353397,-1.9885421,10.268036,-22.113523,18.136438
-18.5,27,-17.488558,11.024326,-39.09584,4.1187239,-.32336405,13.744007,-27.261124,26.614395,-205.90161,78.910034,-360.56244,-51.24078,-1.9841813,10.245519,-22.065029,18.096666
-18.4,27,-17.450123,11.000097,-39.009914,4.1096716,-.32265335,13.7138,-27.201208,26.555902,-205.44907,78.736603,-359.76999,-51.128162,-1.9798204,10.223001,-22.016533,18.056892
-18.3,27,-17.411686,10.975867,-38.923992,4.1006193,-.32194266,13.683594,-27.141294,26.497408,-204.99654,78.563179,-358.97754,-51.015545,-1.9754596,10.200483,-21.968039,18.01712
-18.2,27,-17.373249,10.951638,-38.838066,4.0915675,-.32123196,13.653388,-27.081381,26.438917,-204.54402,78.389748,-358.18509,-50.902927,-1.9710988,10.177966,-21.919544,17.977348
-18.1,27,-17.334814,10.927409,-38.75214,4.0825152,-.3205213,13.623181,-27.021465,26.380423,-204.09148,78.216324,-357.39264,-50.79031,-1.9667379,10.155448,-21.87105,17.937574
-18,27,-17.296377,10.90318,-38.666218,4.073463,-.3198106,13.592975,-26.96155,26.32193,-203.63895,78.042892,-356.60019,-50.677692,-1.9623771,10.132931,-21.822556,17.897802
-17.9,27,-17.25794,10.87895,-38.580292,4.0644112,-.3190999,13.562768,-26.901636,26.263435,-203.18642,77.869461,-355.80777,-50.565075,-1.9580162,10.110413,-21.774061,17.858028
-17.8,27,-17.219503,10.854721,-38.494366,4.0553589,-.31838921,13.532561,-26.841721,26.204943,-202.73389,77.69603,-355.01532,-50.452457,-1.9536554,10.087895,-21.725567,17.818254
-17.7,27,-17.181068,10.830492,-38.408443,4.0463066,-.31767851,13.502355,-26.781807,26.14645,-202.28136,77.522606,-354.22287,-50.339844,-1.9492946,10.065377,-21.677073,17.778482
-17.6,27,-17.142632,10.806263,-38.322517,4.0372548,-.31696784,13.472148,-26.721893,26.087957,-201.82883,77.349174,-353.43042,-50.227226,-1.9449337,10.04286,-21.628578,17.73871
-17.5,27,-17.104195,10.782033,-38.236591,4.0282025,-.31625715,13.441941,-26.661978,26.029463,-201.3763,77.175751,-352.63797,-50.114609,-1.9405729,10.020342,-21.580082,17.698936
-17.4,27,-17.065758,10.757804,-38.150665,4.0191503,-.31554645,13.411735,-26.602062,25.97097,-200.92377,77.002319,-351.84552,-50.001991,-1.9362119,9.9978247,-21.531588,17.659164
-17.3,27,-17.027321,10.733575,-38.064743,4.010098,-.31483576,13.381528,-26.542149,25.912477,-200.47122,76.828888,-351.05307,-49.889374,-1.9318511,9.9753065,-21.483093,17.61939
-17.2,27,-16.988886,10.709346,-37.978817,4.0010462,-.31412506,13.351321,-26.482235,25.853985,-200.01871,76.655464,-350.26065,-49.776756,-1.9274904,9.9527893,-21.434599,17.579618
-17.1,27,-16.950449,10.685117,-37.892891,3.9919939,-.31341439,13.321115,-26.422319,25.79549,-199.56618,76.482033,-349.4682,-49.664139,-1.9231296,9.9302721,-21.386105,17.539846
-17,27,-16.912012,10.660887,-37.806969,3.9829419,-.3127037,13.290908,-26.362406,25.736998,-199.11363,76.308601,-348.67575,-49.551521,-1.9187686,9.9077539,-21.33761,17.500072
-16.9,27,-16.873575,10.636658,-37.721043,3.9738896,-.311993,13.260701,-26.30249,25.678505,-198.6611,76.135178,-347.8833,-49.438904,-1.9144078,9.8852367,-21.289116,17.4603
-16.8,27,-16.83514,10.612428,-37.635117,3.9648373,-.31128231,13.230494,-26.242575,25.62001,-198.20857,75.961746,-347.09085,-49.326286,-1.9100469,9.8627186,-21.24062,17.420527
-16.7,27,-16.796703,10.5882,-37.549194,3.9557855,-.31057161,13.200289,-26.182661,25.561518,-197.75604,75.788322,-346.29843,-49.213673,-1.9056861,9.8402014,-21.192127,17.380754
-16.6,27,-16.758266,10.56397,-37.463268,3.9467332,-.30986091,13.170082,-26.122747,25.503025,-197.30351,75.614891,-345.50598,-49.101055,-1.9013253,9.8176842,-21.143631,17.340981
-16.5,27,-16.719831,10.539741,-37.377342,3.937681,-.30915025,13.139875,-26.062832,25.444532,-196.85098,75.44146,-344.71353,-48.988438,-1.8969644,9.795166,-21.095137,17.301208
-16.4,27,-16.681395,10.515512,-37.291416,3.9286289,-.30843955,13.109669,-26.002918,25.386038,-196.39845,75.268028,-343.92108,-48.87582,-1.8926036,9.7726479,-21.046642,17.261435
-16.3,27,-16.642958,10.491282,-37.20549,3.9195766,-.30772886,13.079462,-25.943003,25.327545,-195.94592,75.094604,-343.12863,-48.763203,-1.8882427,9.7501307,-20.998148,17.221663
-16.2,27,-16.604523,10.467052,-37.119568,3.9105246,-.30701816,13.049255,-25.883089,25.269053,-195.49339,74.921173,-342.33621,-48.650585,-1.883882,9.7276134,-20.949654,17.18189
-16.1,27,-16.566086,10.442823,-37.033642,3.9014726,-.30630746,13.019049,-25.823174,25.21056,-195.04086,74.747749,-341.54376,-48.537968,-1.8795211,9.7050953,-20.901159,17.142117
-16,27,-16.527649,10.418594,-36.94772,3.8924203,-.3055968,12.988842,-25.76326,25.152065,-194.58833,74.574318,-340.75131,-48.42535,-1.8751603,9.6825781,-20.852665,17.102345
-15.9,27,-16.489212,10.394364,-36.861794,3.8833683,-.3048861,12.958635,-25.703344,25.093573,-194.1358,74.400887,-339.95886,-48.312733,-1.8707994,9.6600599,-20.804169,17.062571
-15.8,27,-16.450775,10.370135,-36.775867,3.8743162,-.30417541,12.928429,-25.643431,25.03508,-193.68327,74.227463,-339.16641,-48.200119,-1.8664386,9.6375427,-20.755674,17.022799
-15.7,27,-16.41234,10.345906,-36.689941,3.8652639,-.30346471,12.898222,-25.583515,24.976585,-193.23073,74.054031,-338.37396,-48.087502,-1.8620777,9.6150246,-20.70718,16.983025
-15.6,27,-16.373903,10.321677,-36.604019,3.8562119,-.30275401,12.868016,-25.523602,24.918093,-192.77821,73.880608,-337.58154,-47.974884,-1.8577169,9.5925074,-20.658686,16.943253
-15.5,27,-16.335466,10.297447,-36.518093,3.8471596,-.30204335,12.837809,-25.463686,24.8596,-192.32567,73.707176,-336.78909,-47.862267,-1.8533561,9.5699902,-20.610191,16.903479
-15.4,27,-16.297029,10.273218,-36.432167,3.8381076,-.30133265,12.807602,-25.403772,24.801107,-191.87314,73.533745,-335.99664,-47.749649,-1.8489952,9.547472,-20.561697,16.863707
-15.3,27,-16.258595,10.248989,-36.346245,3.8290553,-.30062196,12.777396,-25.343859,24.742615,-191.42061,73.360321,-335.20419,-47.637032,-1.8446344,9.5249548,-20.513203,16.823933
-15.2,27,-16.220158,10.22476,-36.260319,3.8200033,-.29991126,12.74719,-25.283943,24.68412,-190.96808,73.18689,-334.41174,-47.524414,-1.8402736,9.5024366,-20.464708,16.784161
-15.1,27,-16.181721,10.200531,-36.174393,3.8109512,-.29920056,12.716983,-25.22403,24.625628,-190.51555,73.013458,-333.61929,-47.411797,-1.8359127,9.4799194,-20.416214,16.744389
-15,27,-16.143286,10.176301,-36.08847,3.801899,-.29848987,12.686776,-25.164114,24.567135,-190.06302,72.840034,-332.82684,-47.299179,-1.8315519,9.4574013,-20.367718,16.704615
-14.9,27,-16.104849,10.152072,-36.002544,3.7928467,-.2977792,12.656569,-25.104198,24.50864,-189.61049,72.666603,-332.03442,-47.186562,-1.827191,9.4348841,-20.319223,16.664843
-14.8,27,-16.066412,10.127843,-35.916618,3.7837946,-.29706851,12.626363,-25.044285,24.450148,-189.15796,72.493172,-331.24197,-47.073948,-1.8228302,9.4123669,-20.270729,16.625069
-14.7,27,-16.027975,10.103613,-35.830692,3.7747426,-.29635781,12.596156,-24.984369,24.391655,-188.70543,72.319748,-330.44952,-46.96133,-1.8184694,9.3898487,-20.222235,16.585297
-14.6,27,-15.989539,10.079384,-35.74477,3.7656903,-.29564711,12.565949,-24.924456,24.333162,-188.2529,72.146317,-329.65707,-46.848713,-1.8141086,9.3673315,-20.17374,16.545523
-14.5,27,-15.951103,10.055155,-35.658844,3.7566383,-.29493642,12.535743,-24.864542,24.274668,-187.80037,71.972885,-328.86462,-46.736095,-1.8097477,9.3448133,-20.125246,16.505751
-14.4,27,-15.912666,10.030926,-35.572918,3.747586,-.29422575,12.505536,-24.804626,24.216175,-187.34782,71.799461,-328.07217,-46.623478,-1.8053869,9.3222961,-20.076752,16.465977
-14.3,27,-15.87423,10.006696,-35.486996,3.738534,-.29351506,12.475329,-24.744713,24.157682,-186.89531,71.62603,-327.27975,-46.51086,-1.8010261,9.299778,-20.028257,16.426205
-14.2,27,-15.835793,9.9824667,-35.40107,3.7294819,-.29280436,12.445123,-24.684797,24.099188,-186.44276,71.452599,-326.4873,-46.398243,-1.7966652,9.2772608,-19.979761,16.386431
-14.1,27,-15.797358,9.9582376,-35.315144,3.7204297,-.29209366,12.414917,-24.624884,24.040695,-185.99023,71.279175,-325.69485,-46.285625,-1.7923044,9.2547436,-19.931267,16.346659
-14,27,-15.758921,9.9340086,-35.229218,3.7113776,-.29138297,12.38471,-24.564968,23.982203,-185.5377,71.105743,-324.9024,-46.173008,-1.7879435,9.2322254,-19.882772,16.306887
-13.9,27,-15.720485,9.9097786,-35.143295,3.7023253,-.2906723,12.354504,-24.505054,23.92371,-185.08517,70.932312,-324.10995,-46.06039,-1.7835827,9.2097073,-19.834278,16.267113
-13.8,27,-15.682048,9.8855495,-35.057369,3.6932733,-.28996161,12.324297,-24.445139,23.865215,-184.63264,70.758888,-323.3175,-45.947777,-1.7792219,9.1871901,-19.785784,16.227341
-13.7,27,-15.643612,9.8613205,-34.971443,3.684221,-.28925091,12.29409,-24.385225,23.806723,-184.18011,70.585457,-322.52509,-45.835159,-1.774861,9.1646729,-19.737289,16.187567
-13.6,27,-15.605175,9.8370914,-34.885521,3.675169,-.28854021,12.263884,-24.32531,23.74823,-183.72758,70.412033,-321.73264,-45.722542,-1.7705002,9.1421547,-19.688795,16.147795
-13.5,27,-15.566739,9.8128614,-34.799595,3.666117,-.28782952,12.233677,-24.265396,23.689737,-183.27505,70.238602,-320.94019,-45.609924,-1.7661394,9.1196375,-19.640301,16.108021
-13.4,27,-15.528302,9.7886324,-34.713669,3.6570647,-.28711885,12.20347,-24.205481,23.631243,-182.82253,70.06517,-320.14774,-45.497307,-1.7617785,9.0971193,-19.591805,16.068249
-13.3,27,-15.489866,9.7644033,-34.627747,3.6480126,-.28640816,12.173264,-24.145567,23.57275,-182.37,69.891747,-319.35529,-45.384689,-1.7574177,9.0746021,-19.54331,16.028475
-13.2,27,-15.451429,9.7401743,-34.541821,3.6389604,-.28569746,12.143057,-24.085651,23.514257,-181.91747,69.718315,-318.56284,-45.272072,-1.7530568,9.052084,-19.494816,15.988703
-13.1,27,-15.412993,9.7159452,-34.455894,3.6299083,-.28498676,12.11285,-24.025738,23.455765,-181.46494,69.544891,-317.77042,-45.159458,-1.748696,9.0295668,-19.446321,15.94893
-13,27,-15.374557,9.6917152,-34.369968,3.620856,-.28427607,12.082644,-23.965822,23.39727,-181.01241,69.37146,-316.97797,-45.046841,-1.7443352,9.0070496,-19.397827,15.909157
-12.9,27,-15.336121,9.6674862,-34.284046,3.611804,-.28356537,12.052437,-23.905909,23.338778,-180.55986,69.198029,-316.18552,-44.934219,-1.7399743,8.9845314,-19.349333,15.869384
-12.8,27,-15.297685,9.6432571,-34.19812,3.602752,-.28285471,12.022231,-23.845993,23.280285,-180.10733,69.024605,-315.39307,-44.821606,-1.7356135,8.9620142,-19.300838,15.829611
-12.7,27,-15.259248,9.6190271,-34.112194,3.5936997,-.28214401,11.992024,-23.786079,23.22179,-179.6548,68.851173,-314.60062,-44.708988,-1.7312527,8.939496,-19.252344,15.789838
-12.6,27,-15.220812,9.5947981,-34.026272,3.5846477,-.28143331,11.961818,-23.726166,23.163298,-179.20227,68.677742,-313.8082,-44.596371,-1.7268919,8.9169788,-19.20385,15.750066
-12.5,27,-15.182375,9.570569,-33.940346,3.5755954,-.28072262,11.931611,-23.66625,23.104805,-178.74974,68.504318,-313.01575,-44.483753,-1.722531,8.8944607,-19.155354,15.710293
-12.4,27,-15.143938,9.54634,-33.85442,3.5665433,-.28001192,11.901404,-23.606335,23.046312,-178.29721,68.330887,-312.2233,-44.371136,-1.7181702,8.8719435,-19.106859,15.67052
-12.3,27,-15.105502,9.52211,-33.768497,3.5574913,-.27930126,11.871198,-23.546421,22.987818,-177.84468,68.157455,-311.43085,-44.258518,-1.7138093,8.8494263,-19.058365,15.630747
-12.2,27,-15.067066,9.4978809,-33.682571,3.548439,-.27859056,11.840991,-23.486506,22.929325,-177.39215,67.984032,-310.6384,-44.145901,-1.7094485,8.8269081,-19.009871,15.590974
-12.1,27,-15.028629,9.4736519,-33.596645,3.539387,-.27787986,11.810784,-23.426592,22.870832,-176.93962,67.8106,-309.84595,-44.033287,-1.7050877,8.8043909,-18.961376,15.551201
-12,27,-14.990193,9.4494228,-33.510719,3.5303347,-.27716917,11.780578,-23.366676,22.81234,-176.48709,67.637169,-309.0535,-43.92067,-1.7007267,8.7818727,-18.912882,15.511428
-11.9,27,-14.951756,9.4251928,-33.424797,3.5212827,-.27645847,11.750371,-23.306763,22.753845,-176.03456,67.463745,-308.26105,-43.808052,-1.696366,8.7593555,-18.864388,15.471655
-11.8,27,-14.913321,9.4009638,-33.338871,3.5122304,-.27574781,11.720164,-23.246849,22.695353,-175.58203,67.290314,-307.46863,-43.695435,-1.6920052,8.7368374,-18.815893,15.431882
-11.7,27,-14.874884,9.3767347,-33.252945,3.5031784,-.27503711,11.689958,-23.186934,22.63686,-175.1295,67.116882,-306.67618,-43.582817,-1.6876442,8.7143202,-18.767397,15.392109
-11.6,27,-14.836448,9.3525057,-33.167023,3.4941263,-.27432641,11.659752,-23.12702,22.578367,-174.67697,66.943459,-305.88373,-43.4702,-1.6832834,8.691803,-18.718903,15.352337
-11.5,27,-14.798011,9.3282757,-33.081097,3.485074,-.27361572,11.629544,-23.067104,22.519873,-174.22444,66.770027,-305.09128,-43.357582,-1.6789225,8.6692848,-18.670408,15.312564
-11.4,27,-14.759575,9.3040466,-32.995171,3.4760218,-.27290502,11.599338,-23.007189,22.46138,-173.7719,66.596596,-304.29883,-43.244965,-1.6745617,8.6467676,-18.621914,15.272791
-11.3,27,-14.721138,9.2798176,-32.909248,3.4669697,-.27219436,11.569132,-22.947275,22.402887,-173.31937,66.423172,-303.50641,-43.132347,-1.6702009,8.6242495,-18.57342,15.233018
-11.2,27,-14.682702,9.2555885,-32.823322,3.4579177,-.27148366,11.538925,-22.887362,22.344393,-172.86684,66.249741,-302.71396,-43.01973,-1.66584,8.6017323,-18.524925,15.193245
-11.1,27,-14.644266,9.2313595,-32.737396,3.4488654,-.27077296,11.508718,-22.827446,22.2859,-172.41431,66.076317,-301.92151,-42.907116,-1.6614792,8.5792141,-18.476431,15.153472
-11,27,-14.605829,9.2071295,-32.65147,3.4398134,-.27006227,11.478512,-22.767532,22.227407,-171.96178,65.902885,-301.12906,-42.794498,-1.6571184,8.5566969,-18.427937,15.113699
-10.9,27,-14.567392,9.1829004,-32.565548,3.4307611,-.26935157,11.448305,-22.707617,22.168913,-171.50925,65.729454,-300.33661,-42.681881,-1.6527575,8.5341787,-18.37944,15.073926
-10.8,27,-14.528956,9.1586714,-32.479622,3.4217091,-.26864091,11.418098,-22.647703,22.11042,-171.05672,65.55603,-299.54416,-42.569263,-1.6483967,8.5116615,-18.330946,15.034153
-10.7,27,-14.49052,9.1344414,-32.393696,3.412657,-.26793021,11.387892,-22.587788,22.051928,-170.60419,65.382599,-298.75174,-42.456646,-1.6440358,8.4891434,-18.282452,14.99438
-10.6,27,-14.452084,9.1102123,-32.307774,3.4036047,-.26721951,11.357685,-22.527874,21.993435,-170.15166,65.209175,-297.95929,-42.344028,-1.639675,8.4666262,-18.233957,14.954608
-10.5,27,-14.413648,9.0859833,-32.221848,3.3945527,-.26650882,11.327478,-22.467958,21.93494,-169.69913,65.035744,-297.16684,-42.231411,-1.6353142,8.444109,-18.185463,14.914835
-10.4,27,-14.375211,9.0617542,-32.135921,3.3855004,-.26579812,11.297272,-22.408045,21.876448,-169.2466,64.862312,-296.37439,-42.118793,-1.6309533,8.4215908,-18.136969,14.875062
-10.3,27,-14.336775,9.0375242,-32.049995,3.3764484,-.26508746,11.267065,-22.348129,21.817955,-168.79407,64.688889,-295.58194,-42.006176,-1.6265925,8.3990736,-18.088474,14.835289
-10.2,27,-14.298338,9.0132952,-31.964071,3.3673961,-.26437676,11.236858,-22.288216,21.759462,-168.34154,64.515457,-294.78949,-41.893559,-1.6222317,8.3765554,-18.03998,14.795516
-10.1,27,-14.259902,8.9890661,-31.878147,3.3583441,-.26366606,11.206653,-22.2283,21.70097,-167.88901,64.342026,-293.99707,-41.780945,-1.6178709,8.3540382,-17.991486,14.755743
-10,27,-14.221465,8.9648371,-31.792223,3.349292,-.26295537,11.176446,-22.168386,21.642475,-167.43646,64.168602,-293.20462,-41.668327,-1.61351,8.3315201,-17.942989,14.71597
-9.9,27,-14.183028,8.9406071,-31.706297,3.3402398,-.26224467,11.146239,-22.108471,21.583982,-166.98393,63.995171,-292.41217,-41.55571,-1.6091492,8.3090029,-17.894495,14.676197
-9.800000000000001,27,-14.144592,8.916378,-31.620373,3.3311877,-.26153401,11.116033,-22.048557,21.52549,-166.5314,63.821743,-291.61972,-41.443092,-1.6047883,8.2864857,-17.846001,14.636424
-9.699999999999999,27,-14.106156,8.892149,-31.534447,3.3221354,-.26082331,11.085826,-21.988642,21.466995,-166.07887,63.648312,-290.82727,-41.330475,-1.6004275,8.2639675,-17.797506,14.596651
-9.6,27,-14.067719,8.8679199,-31.448523,3.3130834,-.26011261,11.055619,-21.928728,21.408503,-165.62634,63.474884,-290.03485,-41.217857,-1.5960667,8.2414503,-17.749012,14.556879
-9.5,27,-14.029284,8.8436899,-31.362598,3.3040311,-.25940192,11.025413,-21.868813,21.35001,-165.17381,63.301456,-289.2424,-41.10524,-1.5917058,8.2189322,-17.700518,14.517106
-9.4,27,-13.990847,8.8194609,-31.276672,3.2949791,-.25869122,10.995206,-21.808899,21.291515,-164.72128,63.128025,-288.44995,-40.992622,-1.587345,8.1964149,-17.652023,14.477333
-9.300000000000001,27,-13.952411,8.7952318,-31.190748,3.2859271,-.25798056,10.964999,-21.748985,21.233023,-164.26875,62.954597,-287.6575,-40.880005,-1.5829842,8.1738968,-17.603529,14.43756
-9.199999999999999,27,-13.913974,8.7710028,-31.104822,3.2768748,-.25726986,10.934793,-21.68907,21.17453,-163.81622,62.78117,-286.86505,-40.767387,-1.5786233,8.1513796,-17.555033,14.397787
-9.1,27,-13.875538,8.7467737,-31.018898,3.2678227,-.25655916,10.904586,-21.629156,21.116037,-163.36369,62.607742,-286.0726,-40.654774,-1.5742625,8.1288624,-17.506538,14.358014
-9,27,-13.837101,8.7225437,-30.932974,3.2587705,-.25584847,10.874379,-21.569241,21.057543,-162.91116,62.434311,-285.28015,-40.542156,-1.5699016,8.1063442,-17.458044,14.318241
-8.9,27,-13.798665,8.6983147,-30.847048,3.2497184,-.25513777,10.844172,-21.509325,20.99905,-162.45863,62.260883,-284.4877,-40.429539,-1.5655408,8.083827,-17.40955,14.278468
-8.800000000000001,27,-13.760228,8.6740856,-30.761124,3.2406664,-.25442711,10.813967,-21.449411,20.940557,-162.0061,62.087456,-283.69528,-40.316921,-1.56118,8.0613089,-17.361055,14.238695
-8.699999999999999,27,-13.721792,8.6498556,-30.675198,3.2316141,-.25371641,10.783759,-21.389496,20.882065,-161.55356,61.914028,-282.90283,-40.204304,-1.5568191,8.0387917,-17.312561,14.198922
-8.6,27,-13.683356,8.6256266,-30.589273,3.2225621,-.25300571,10.753553,-21.329582,20.82357,-161.10104,61.740601,-282.11038,-40.091686,-1.5524583,8.0162735,-17.264067,14.15915
-8.5,27,-13.644919,8.6013975,-30.503349,3.2135098,-.25229502,10.723347,-21.269669,20.765078,-160.6485,61.567169,-281.31793,-39.979069,-1.5480975,7.9937563,-17.215572,14.119377
-8.4,27,-13.606483,8.5771685,-30.417423,3.2044578,-.25158432,10.69314,-21.209753,20.706585,-160.19597,61.393742,-280.52548,-39.866451,-1.5437366,7.9712386,-17.167076,14.079604
-8.300000000000001,27,-13.568047,8.5529385,-30.331499,3.1954055,-.25087366,10.662933,-21.149839,20.648092,-159.74344,61.220314,-279.73306,-39.753834,-1.5393758,7.9487209,-17.118582,14.039831
-8.199999999999999,27,-13.52961,8.5287094,-30.245573,3.1863534,-.25016296,10.632727,-21.089924,20.589598,-159.29091,61.046883,-278.94061,-39.641216,-1.5350149,7.9262033,-17.070087,14.000058
-8.1,27,-13.491174,8.5044804,-30.159649,3.1773014,-.24945226,10.60252,-21.03001,20.531105,-158.83838,60.873455,-278.14816,-39.528603,-1.5306541,7.9036856,-17.021593,13.960285
-8,27,-13.452738,8.4802513,-30.073725,3.1682491,-.24874157,10.572313,-20.970095,20.472612,-158.38585,60.700027,-277.35571,-39.415985,-1.5262933,7.8811679,-16.973099,13.920512
-7.9,27,-13.414301,8.4560213,-29.987799,3.1591971,-.24803089,10.542107,-20.910181,20.414118,-157.93332,60.526596,-276.56326,-39.303368,-1.5219325,7.8586507,-16.924604,13.880739
-7.8,27,-13.375865,8.4317923,-29.901875,3.1501448,-.24732019,10.5119,-20.850266,20.355625,-157.48079,60.353168,-275.77081,-39.19075,-1.5175716,7.836133,-16.87611,13.840966
-7.7,27,-13.337428,8.4075632,-29.815948,3.1410928,-.24660949,10.481693,-20.790352,20.297132,-157.02826,60.179741,-274.97836,-39.078133,-1.5132108,7.8136153,-16.827616,13.801193
-7.6,27,-13.298992,8.3833342,-29.730024,3.1320405,-.24589881,10.451487,-20.730436,20.23864,-156.57573,60.006313,-274.18594,-38.965515,-1.5088499,7.7910976,-16.779121,13.76142
-7.5,27,-13.260555,8.3591042,-29.6441,3.1229885,-.24518812,10.42128,-20.670523,20.180145,-156.1232,59.832882,-273.39349,-38.852898,-1.5044891,7.76858,-16.730625,13.721648
-7.4,27,-13.222119,8.3348751,-29.558174,3.1139362,-.24447744,10.391074,-20.610607,20.121653,-155.67067,59.659454,-272.60104,-38.74028,-1.5001283,7.7460623,-16.682131,13.681875
-7.3,27,-13.183682,8.3106461,-29.47225,3.1048841,-.24376674,10.360868,-20.550694,20.06316,-155.21814,59.486027,-271.80859,-38.627663,-1.4957674,7.7235446,-16.633636,13.642102
-7.2,27,-13.145247,8.286417,-29.386324,3.0958321,-.24305604,10.330661,-20.490778,20.004665,-154.76559,59.312595,-271.01614,-38.515045,-1.4914066,7.7010269,-16.585142,13.602329
-7.1,27,-13.10681,8.262187,-29.3004,3.0867798,-.24234536,10.300454,-20.430864,19.946173,-154.31306,59.139168,-270.22372,-38.402431,-1.4870458,7.6785092,-16.536648,13.562556
-7,27,-13.068374,8.237958,-29.214474,3.0777278,-.24163467,10.270247,-20.370949,19.88768,-153.86053,58.96574,-269.43127,-38.289814,-1.4826849,7.655992,-16.488153,13.522783
-6.9,27,-13.029937,8.2137289,-29.12855,3.0686755,-.24092397,10.240041,-20.311035,19.829187,-153.408,58.792313,-268.63882,-38.177197,-1.4783241,7.6334743,-16.439659,13.48301
-6.8,27,-12.991501,8.1894999,-29.042625,3.0596235,-.24021329,10.209834,-20.25112,19.770695,-152.95547,58.618881,-267.84637,-38.064579,-1.4739633,7.6109567,-16.391165,13.443237
-6.7,27,-12.953064,8.1652699,-28.956699,3.0505712,-.23950259,10.179627,-20.191206,19.7122,-152.50294,58.445454,-267.05392,-37.951962,-1.4696023,7.588439,-16.342669,13.403464
-6.6,27,-12.914628,8.1410408,-28.870775,3.0415192,-.23879191,10.149421,-20.13129,19.653708,-152.05042,58.272026,-266.26147,-37.839344,-1.4652416,7.5659213,-16.294174,13.363691
-6.5,27,-12.876191,8.1168118,-28.784849,3.0324671,-.23808122,10.119214,-20.071377,19.595215,-151.59789,58.098595,-265.46906,-37.726727,-1.4608806,7.5434036,-16.24568,13.323919
-6.4,27,-12.837755,8.0925827,-28.698925,3.0234149,-.23737052,10.089007,-20.011461,19.53672,-151.14536,57.925167,-264.67661,-37.614109,-1.4565198,7.5208859,-16.197186,13.284146
-6.3,27,-12.799318,8.0683527,-28.613001,3.0143628,-.23665984,10.058801,-19.951548,19.478228,-150.69283,57.75174,-263.88416,-37.501495,-1.452159,7.4983687,-16.148691,13.244373
-6.2,27,-12.760882,8.0441236,-28.527075,3.0053105,-.23594914,10.028594,-19.891632,19.419735,-150.2403,57.578312,-263.09171,-37.388878,-1.4477981,7.4758506,-16.100197,13.2046
-6.1,27,-12.722445,8.0198946,-28.441151,2.9962585,-.23523845,9.9983873,-19.831718,19.361242,-149.78777,57.404881,-262.29926,-37.27626,-1.4434373,7.4533334,-16.051702,13.164827
-6,27,-12.68401,7.9956651,-28.355225,2.9872062,-.23452777,9.9681816,-19.771803,19.302748,-149.33524,57.231453,-261.50681,-37.163643,-1.4390765,7.4308157,-16.003208,13.125054
-5.9,27,-12.645574,7.971436,-28.2693,2.9781542,-.23381707,9.9379749,-19.711889,19.244255,-148.88271,57.058025,-260.71439,-37.051025,-1.4347156,7.408298,-15.954713,13.085281
-5.8,27,-12.607137,7.9472065,-28.183376,2.9691021,-.23310639,9.9077682,-19.651976,19.185762,-148.43016,56.884598,-259.92194,-36.938408,-1.4303548,7.3857803,-15.906219,13.045508
-5.7,27,-12.5687,7.9229774,-28.09745,2.9600499,-.23239569,9.8775616,-19.59206,19.127268,-147.97763,56.711166,-259.12949,-36.82579,-1.4259939,7.3632627,-15.857723,13.005735
-5.6,27,-12.530264,7.8987479,-28.011526,2.9509978,-.231685,9.8473549,-19.532146,19.068775,-147.5251,56.537739,-258.33704,-36.713173,-1.4216331,7.340745,-15.809229,12.965962
-5.5,27,-12.491828,7.8745189,-27.9256,2.9419456,-.23097432,9.8171482,-19.472231,19.010283,-147.07257,56.364311,-257.54459,-36.600555,-1.4172723,7.3182273,-15.760735,12.92619
-5.4,27,-12.453391,7.8502893,-27.839676,2.9328935,-.23026362,9.7869415,-19.412317,18.95179,-146.62004,56.19088,-256.75214,-36.487938,-1.4129115,7.2957101,-15.71224,12.886417
-5.3,27,-12.414955,7.8260603,-27.753752,2.9238415,-.22955294,9.7567348,-19.352402,18.893295,-146.16751,56.017452,-255.9597,-36.375324,-1.4085506,7.2731924,-15.663746,12.846644
-5.2,27,-12.376518,7.8018308,-27.667826,2.9147892,-.22884224,9.7265282,-19.292488,18.834803,-145.71498,55.844025,-255.16725,-36.262707,-1.4041898,7.2506747,-15.615251,12.806871
-5.1,27,-12.338082,7.7776017,-27.581902,2.9057372,-.22813155,9.6963215,-19.232573,18.77631,-145.26245,55.670597,-254.37482,-36.150089,-1.3998289,7.228157,-15.566756,12.767098
-5,27,-12.299645,7.7533722,-27.495975,2.8966849,-.22742087,9.6661148,-19.172659,18.717817,-144.80992,55.497166,-253.58237,-36.037472,-1.3954681,7.2056394,-15.518262,12.727325
-4.9,27,-12.261209,7.7291431,-27.410051,2.8876328,-.22671017,9.6359081,-19.112743,18.659323,-144.35739,55.323738,-252.78992,-35.924854,-1.3911073,7.1831217,-15.469768,12.687552
-4.8,27,-12.222773,7.7049136,-27.324127,2.8785806,-.22599949,9.6057014,-19.05283,18.60083,-143.90486,55.150311,-251.99748,-35.812237,-1.3867464,7.160604,-15.421272,12.647779
-4.7,27,-12.184337,7.6806846,-27.238201,2.8695285,-.22528879,9.5754948,-18.992914,18.542337,-143.45233,54.976879,-251.20503,-35.699619,-1.3823856,7.1380863,-15.372778,12.608006
-4.6,27,-12.1459,7.656455,-27.152277,2.8604763,-.2245781,9.545289,-18.933001,18.483843,-142.9998,54.803452,-250.41258,-35.587002,-1.3780248,7.1155686,-15.324284,12.568233
-4.5,27,-12.107464,7.632226,-27.066351,2.8514242,-.22386742,9.5150824,-18.873085,18.42535,-142.54727,54.630024,-249.62015,-35.474384,-1.3736639,7.0930514,-15.275789,12.528461
-4.4,27,-12.069027,7.6079965,-26.980427,2.8423722,-.22315672,9.4848757,-18.813171,18.366858,-142.09473,54.456596,-248.8277,-35.361767,-1.3693031,7.0705338,-15.227294,12.488688
-4.3,27,-12.030591,7.5837674,-26.894503,2.8333199,-.22244604,9.454669,-18.753256,18.308365,-141.6422,54.283165,-248.03525,-35.249153,-1.3649423,7.0480161,-15.1788,12.448915
-4.2,27,-11.992154,7.5595379,-26.808577,2.8242679,-.22173534,9.4244623,-18.693342,18.24987,-141.18967,54.109737,-247.24281,-35.136536,-1.3605814,7.0254984,-15.130305,12.409142
-4.1,27,-11.953718,7.5353088,-26.722652,2.8152156,-.22102465,9.3942556,-18.633427,18.191378,-140.73714,53.93631,-246.45036,-35.023918,-1.3562206,7.0029807,-15.081811,12.36937
-4,27,-11.915281,7.5110793,-26.636726,2.8061635,-.22031397,9.364049,-18.573513,18.132885,-140.28461,53.762882,-245.65791,-34.911301,-1.3518597,6.980463,-15.033316,12.329597
-3.9,27,-11.876845,7.4868503,-26.550802,2.7971113,-.21960327,9.3338423,-18.513597,18.074392,-139.83208,53.589451,-244.86548,-34.798683,-1.3474989,6.9579453,-14.984821,12.289824
-3.8,27,-11.838408,7.4626207,-26.464876,2.7880592,-.21889257,9.3036356,-18.453684,18.015898,-139.37955,53.416023,-244.07303,-34.686066,-1.3431381,6.9354277,-14.936327,12.250051
-3.7,27,-11.799973,7.4383917,-26.378952,2.7790072,-.21818189,9.2734289,-18.393768,17.957405,-138.92702,53.242596,-243.28058,-34.573448,-1.3387772,6.9129105,-14.887833,12.210278
-3.6,27,-11.761536,7.4141622,-26.293028,2.7699549,-.2174712,9.2432222,-18.333855,17.898912,-138.47449,53.069164,-242.48814,-34.460831,-1.3344164,6.8903928,-14.839337,12.170505
-3.5,27,-11.7231,7.3899331,-26.207102,2.7609029,-.21676052,9.2130156,-18.273939,17.84042,-138.02196,52.895737,-241.69569,-34.348213,-1.3300556,6.8678751,-14.790843,12.130733
-3.4,27,-11.684664,7.3657036,-26.121178,2.7518506,-.21604982,9.1828089,-18.214025,17.781925,-137.56943,52.722309,-240.90324,-34.235596,-1.3256947,6.8453574,-14.742349,12.09096
-3.3,27,-11.646227,7.3414745,-26.035252,2.7427986,-.21533912,9.1526031,-18.15411,17.723433,-137.1169,52.548882,-240.11081,-34.122982,-1.3213339,6.8228397,-14.693854,12.051187
-3.2,27,-11.607791,7.317245,-25.949327,2.7337463,-.21462844,9.1223965,-18.094196,17.66494,-136.66437,52.37545,-239.31836,-34.010365,-1.3169731,6.8003221,-14.64536,12.011414
-3.1,27,-11.569354,7.293016,-25.863403,2.7246943,-.21391775,9.0921898,-18.034281,17.606445,-136.21182,52.202023,-238.52591,-33.897747,-1.3126122,6.7778044,-14.596865,11.971641
-3,27,-11.530918,7.2687864,-25.777477,2.7156422,-.21320707,9.0619831,-17.974367,17.547953,-135.75929,52.028595,-237.73347,-33.78513,-1.3082514,6.7552867,-14.54837,11.931868
-2.9,27,-11.492481,7.2445574,-25.691553,2.7065899,-.21249637,9.0317764,-17.914454,17.48946,-135.30676,51.855164,-236.94102,-33.672512,-1.3038906,6.7327695,-14.499876,11.892095
-2.8,27,-11.454045,7.2203279,-25.605627,2.6975379,-.21178567,9.0015697,-17.854538,17.430967,-134.85423,51.681736,-236.14857,-33.559895,-1.2995297,6.7102518,-14.451382,11.852322
-2.7,27,-11.415608,7.1960988,-25.519703,2.6884856,-.21107499,8.9713631,-17.794624,17.372473,-134.4017,51.508308,-235.35614,-33.447277,-1.2951689,6.6877341,-14.402886,11.812549
-2.6,27,-11.377172,7.1718693,-25.433779,2.6794336,-.2103643,8.9411564,-17.734709,17.31398,-133.94917,51.334881,-234.56369,-33.33466,-1.290808,6.6652164,-14.354392,11.772776
-2.5,27,-11.338736,7.1476402,-25.347853,2.6703813,-.20965362,8.9109497,-17.674795,17.255487,-133.49664,51.161449,-233.77124,-33.222042,-1.2864472,6.6426988,-14.305898,11.733004
-2.4,27,-11.3003,7.1234107,-25.261929,2.6613293,-.20894292,8.880743,-17.61488,17.196995,-133.04411,50.988022,-232.97881,-33.109428,-1.2820864,6.6201811,-14.257403,11.693231
-2.3,27,-11.261863,7.0991817,-25.176003,2.6522772,-.20823222,8.8505363,-17.554966,17.1385,-132.59158,50.814594,-232.18636,-32.996811,-1.2777255,6.5976634,-14.208908,11.653458
-2.2,27,-11.223427,7.0749521,-25.090078,2.643225,-.20752154,8.8203297,-17.49505,17.080008,-132.13905,50.641167,-231.39391,-32.884193,-1.2733647,6.5751457,-14.160414,11.613685
-2.1,27,-11.18499,7.0507231,-25.004152,2.6341729,-.20681085,8.790123,-17.435137,17.021515,-131.68652,50.467735,-230.60147,-32.771576,-1.2690039,6.552628,-14.111919,11.573912
-2,27,-11.146554,7.0264935,-24.918228,2.6251206,-.20610015,8.7599163,-17.375221,16.96302,-131.23399,50.294308,-229.80902,-32.658958,-1.264643,6.5301108,-14.063425,11.534139
-1.9,27,-11.108117,7.0022645,-24.832304,2.6160686,-.20538947,8.7297106,-17.315308,16.904528,-130.78146,50.12088,-229.01657,-32.546341,-1.2602822,6.5075932,-14.01493,11.494366
-1.8,27,-11.069681,6.978035,-24.746378,2.6070163,-.20467877,8.6995039,-17.255392,16.846035,-130.32893,49.947449,-228.22414,-32.433723,-1.2559214,6.4850755,-13.966435,11.454593
-1.7,27,-11.031244,6.9538059,-24.660454,2.5979643,-.20396809,8.6692972,-17.195478,16.787542,-129.8764,49.774021,-227.43169,-32.321106,-1.2515604,6.4625578,-13.917941,11.41482
-1.6,27,-10.992808,6.9295764,-24.574528,2.5889122,-.2032574,8.6390905,-17.135563,16.729048,-129.42386,49.600594,-226.63924,-32.208488,-1.2471997,6.4400401,-13.869447,11.375047
-1.5,27,-10.954371,6.9053473,-24.488604,2.57986,-.2025467,8.6088839,-17.075649,16.670555,-128.97133,49.427166,-225.8468,-32.095871,-1.2428387,6.4175224,-13.820951,11.335275
-1.4,27,-10.915936,6.8811178,-24.402679,2.5708079,-.20183602,8.5786772,-17.015734,16.612062,-128.5188,49.253735,-225.05435,-31.983255,-1.2384779,6.3950047,-13.772457,11.295502
-1.3,27,-10.877499,6.8568888,-24.316753,2.5617557,-.20112532,8.5484705,-16.95582,16.55357,-128.06627,49.080307,-224.2619,-31.870638,-1.2341172,6.3724871,-13.723963,11.255729
-1.2,27,-10.839063,6.8326592,-24.230829,2.5527036,-.20041464,8.5182638,-16.895905,16.495075,-127.61374,48.906879,-223.46947,-31.758022,-1.2297562,6.3499699,-13.675468,11.215956
-1.1,27,-10.800627,6.8084302,-24.144903,2.5436513,-.19970395,8.4880571,-16.835991,16.436583,-127.16121,48.733448,-222.67702,-31.645405,-1.2253954,6.3274522,-13.626973,11.176183
-1,27,-10.76219,6.7842007,-24.058979,2.5345993,-.19899325,8.4578505,-16.776075,16.37809,-126.70868,48.56002,-221.88457,-31.532787,-1.2210346,6.3049345,-13.578479,11.13641
-.9,27,-10.723754,6.7599716,-23.973055,2.5255473,-.19828257,8.4276438,-16.716162,16.319595,-126.25615,48.386593,-221.09213,-31.42017,-1.2166737,6.2824168,-13.529984,11.096637
-.8,27,-10.685317,6.7357421,-23.887129,2.516495,-.19757187,8.3974371,-16.656246,16.261103,-125.80362,48.213165,-220.29968,-31.307552,-1.2123129,6.2598991,-13.48149,11.056864
-.7,27,-10.646881,6.711513,-23.801205,2.507443,-.19686118,8.3672304,-16.596333,16.20261,-125.35109,48.039734,-219.50723,-31.194937,-1.2079521,6.2373815,-13.432996,11.017091
-.6,27,-10.608444,6.6872835,-23.715279,2.4983907,-.1961505,8.3370247,-16.536417,16.144117,-124.89855,47.866306,-218.7148,-31.082319,-1.2035912,6.2148638,-13.384501,10.977318
-.5,27,-10.570008,6.6630545,-23.629354,2.4893386,-.1954398,8.306818,-16.476503,16.085623,-124.44602,47.692879,-217.92235,-30.969702,-1.1992304,6.1923461,-13.336006,10.937546
-.4,27,-10.531571,6.6388249,-23.54343,2.4802864,-.19472912,8.2766113,-16.416588,16.02713,-123.99349,47.519447,-217.1299,-30.857084,-1.1948696,6.1698289,-13.287512,10.897773
-.3,27,-10.493135,6.6145959,-23.457504,2.4712343,-.19401842,8.2464046,-16.356674,15.968637,-123.54096,47.34602,-216.33746,-30.744467,-1.1905087,6.1473112,-13.239017,10.858
-.2,27,-10.454699,6.5903664,-23.37158,2.4621823,-.19330773,8.216198,-16.296759,15.910144,-123.08843,47.172592,-215.54501,-30.631851,-1.1861479,6.1247935,-13.190522,10.818227
-.1,27,-10.416263,6.5661373,-23.285654,2.45313,-.19259705,8.1859913,-16.236845,15.851651,-122.6359,46.999165,-214.75256,-30.519234,-1.181787,6.1022758,-13.142028,10.778454
0,27,-10.377826,6.5419078,-23.19973,2.444078,-.19188635,8.1557846,-16.176929,15.793158,-122.18337,46.825733,-213.96013,-30.406616,-1.1774262,6.0797582,-13.093534,10.738681
.1,27,-10.33939,6.5176787,-23.113806,2.4350257,-.19117567,8.1255779,-16.117016,15.734665,-121.73083,46.652306,-213.16768,-30.293999,-1.1730654,6.0572405,-13.045039,10.698908
.2,27,-10.300953,6.4934492,-23.02788,2.4259737,-.19046497,8.0953712,-16.057102,15.676171,-121.27831,46.478878,-212.37523,-30.181381,-1.1687045,6.0347228,-12.996544,10.659135
.3,27,-10.262517,6.4692202,-22.941956,2.4169214,-.18975428,8.0651646,-15.997187,15.617679,-120.82578,46.30545,-211.58279,-30.068766,-1.1643437,6.0122051,-12.94805,10.619362
.4,27,-10.22408,6.4449906,-22.85603,2.4078693,-.1890436,8.0349579,-15.937272,15.559185,-120.37325,46.132019,-210.79034,-29.956148,-1.1599829,5.9896879,-12.899555,10.579589
.5,27,-10.185644,6.4207616,-22.770105,2.3988173,-.1883329,8.0047512,-15.877357,15.500691,-119.92072,45.958591,-209.99789,-29.843531,-1.155622,5.9671702,-12.851061,10.539817
.6,27,-10.147207,6.3965321,-22.684181,2.389765,-.18762222,7.974545,-15.817443,15.442199,-119.46819,45.785164,-209.20546,-29.730913,-1.1512612,5.9446526,-12.802566,10.500044
.7,27,-10.108771,6.372303,-22.598255,2.380713,-.18691152,7.9443383,-15.757528,15.383705,-119.01566,45.611732,-208.41301,-29.618296,-1.1469004,5.9221349,-12.754071,10.460271
.8,27,-10.070334,6.3480735,-22.512331,2.3716607,-.18620083,7.9141316,-15.697614,15.325212,-118.56312,45.438305,-207.62056,-29.50568,-1.1425395,5.8996172,-12.705577,10.420498
.9,27,-10.031898,6.3238444,-22.426405,2.3626087,-.18549015,7.883925,-15.637699,15.266719,-118.11059,45.264877,-206.82813,-29.393063,-1.1381787,5.8770995,-12.657083,10.380725
1,27,-9.9934616,6.2996149,-22.340481,2.3535564,-.18477945,7.8537183,-15.577785,15.208226,-117.65806,45.09145,-206.03568,-29.280445,-1.1338178,5.8545818,-12.608587,10.340952
1.1,27,-9.9550257,6.2753859,-22.254555,2.3445044,-.18406875,7.8235121,-15.51787,15.149733,-117.20553,44.918018,-205.24323,-29.167828,-1.129457,5.8320642,-12.560093,10.301179
1.2,27,-9.9165888,6.2511563,-22.168631,2.3354523,-.18335807,7.7933054,-15.457955,15.09124,-116.753,44.744591,-204.45079,-29.05521,-1.1250962,5.8095469,-12.511599,10.261406
1.3,27,-9.8781528,6.2269273,-22.082706,2.3264,-.18264738,7.7630987,-15.398041,15.032746,-116.30047,44.571163,-203.65834,-28.942595,-1.1207353,5.7870293,-12.463104,10.221633
1.4,27,-9.8397169,6.2026978,-21.99678,2.317348,-.1819367,7.732892,-15.338126,14.974254,-115.84794,44.397732,-202.86589,-28.829977,-1.1163745,5.7645116,-12.414609,10.18186
1.5,27,-9.80128,6.1784687,-21.910856,2.3082957,-.181226,7.7026854,-15.278212,14.91576,-115.3954,44.224304,-202.07346,-28.71736,-1.1120137,5.7419939,-12.366115,10.142088
1.6,27,-9.7628441,6.1542392,-21.82493,2.2992437,-.1805153,7.6724787,-15.218298,14.857266,-114.94287,44.050877,-201.28101,-28.604742,-1.1076528,5.7194762,-12.31762,10.102315
1.7,27,-9.7244072,6.1300101,-21.739006,2.2901914,-.17980462,7.642272,-15.158383,14.798774,-114.49034,43.877449,-200.48856,-28.492125,-1.103292,5.6969585,-12.269126,10.062542
1.8,27,-9.6859713,6.1057806,-21.653082,2.2811394,-.17909393,7.6120658,-15.098469,14.74028,-114.03781,43.704018,-199.69612,-28.379509,-1.0989312,5.6744409,-12.220632,10.022769
1.9,27,-9.6475344,6.0815516,-21.567156,2.2720873,-.17838325,7.5818591,-15.038554,14.681787,-113.58528,43.53059,-198.90367,-28.266891,-1.0945703,5.6519232,-12.172136,9.982996
2,27,-9.6090984,6.057322,-21.481232,2.2630351,-.17767255,7.5516524,-14.97864,14.623294,-113.13275,43.357162,-198.11122,-28.154274,-1.0902095,5.629406,-12.123642,9.943223
2.1,27,-9.5706615,6.033093,-21.395306,2.253983,-.17696185,7.5214458,-14.918725,14.564801,-112.68022,43.183735,-197.31879,-28.041656,-1.0858487,5.6068883,-12.075148,9.90345
2.2,27,-9.5322256,6.0088634,-21.309381,2.2449307,-.17625117,7.4912391,-14.85881,14.506308,-112.22768,43.010303,-196.52634,-27.929041,-1.0814878,5.5843706,-12.026653,9.863677
2.3,27,-9.4937887,5.9846344,-21.223457,2.2358787,-.17554048,7.4610324,-14.798896,14.447815,-111.77515,42.836876,-195.73389,-27.816423,-1.077127,5.5618529,-11.978158,9.823904
2.4,27,-9.4553528,5.9604049,-21.137531,2.2268264,-.17482978,7.4308257,-14.738981,14.389321,-111.32262,42.663448,-194.94144,-27.703806,-1.0727661,5.5393353,-11.929664,9.7841311
2.5,27,-9.4169159,5.9361758,-21.051607,2.2177744,-.1741191,7.4006195,-14.679067,14.330829,-110.87009,42.490017,-194.149,-27.591188,-1.0684053,5.5168176,-11.881169,9.744359
2.6,27,-9.37848,5.9119463,-20.965681,2.2087224,-.1734084,7.3704128,-14.619152,14.272335,-110.41756,42.316589,-193.35655,-27.478571,-1.0640445,5.4942999,-11.832675,9.704586
2.7,27,-9.3400431,5.8877172,-20.879757,2.1996701,-.17269772,7.3402061,-14.559237,14.213841,-109.96503,42.143162,-192.56412,-27.365955,-1.0596836,5.4717822,-11.78418,9.664813
2.8,27,-9.3016071,5.8634877,-20.793833,2.190618,-.17198703,7.3099995,-14.499323,14.155349,-109.5125,41.969734,-191.77167,-27.253338,-1.0553228,5.449265,-11.735685,9.6250401
2.9,27,-9.2631702,5.8392587,-20.707907,2.1815658,-.17127633,7.2797928,-14.439408,14.096855,-109.05997,41.796303,-190.97922,-27.14072,-1.050962,5.4267473,-11.687191,9.5852671
3,27,-9.2247343,5.8150291,-20.621983,2.1725137,-.17056565,7.2495861,-14.379494,14.038363,-108.60744,41.622875,-190.18678,-27.028103,-1.0466011,5.4042296,-11.638697,9.5454941
3.1,27,-9.1862974,5.7908001,-20.536057,2.1634614,-.16985495,7.2193799,-14.319579,13.979869,-108.15491,41.449448,-189.39433,-26.915485,-1.0422403,5.381712,-11.590201,9.5057211
3.2,27,-9.1478615,5.7665706,-20.450132,2.1544094,-.16914427,7.1891732,-14.259665,13.921376,-107.70238,41.276016,-188.60188,-26.80287,-1.0378795,5.3591943,-11.541707,9.4659481
3.3,27,-9.1094246,5.7423415,-20.364208,2.1453574,-.16843358,7.1589665,-14.19975,13.862883,-107.24985,41.102589,-187.80945,-26.690252,-1.0335186,5.3366766,-11.493213,9.4261751
3.4,27,-9.0709887,5.718112,-20.278282,2.1363051,-.16772288,7.1287599,-14.139835,13.80439,-106.79732,40.929161,-187.017,-26.577635,-1.0291578,5.3141589,-11.444718,9.3864021
3.5,27,-9.0325518,5.6938829,-20.192358,2.1272531,-.1670122,7.0985532,-14.079921,13.745896,-106.34479,40.755733,-186.22455,-26.465017,-1.0247968,5.2916412,-11.396223,9.3466301
3.6,27,-8.9941158,5.6696534,-20.106432,2.1182008,-.1663015,7.0683465,-14.020006,13.687404,-105.89226,40.582302,-185.43211,-26.352402,-1.020436,5.269124,-11.347729,9.3068571
3.7,27,-8.9556799,5.6454244,-20.020508,2.1091487,-.16559082,7.0381398,-13.960092,13.62891,-105.43972,40.408875,-184.63966,-26.239784,-1.0160753,5.2466063,-11.299234,9.2670841
3.8,27,-8.917243,5.6211948,-19.934584,2.1000965,-.16488013,7.0079336,-13.900177,13.570417,-104.98719,40.235447,-183.84721,-26.127167,-1.0117143,5.2240887,-11.25074,9.2273111
3.9,27,-8.8788071,5.5969658,-19.848658,2.0910444,-.16416943,6.9777269,-13.840262,13.511924,-104.53466,40.062016,-183.05476,-26.014549,-1.0073535,5.201571,-11.202245,9.1875381
4,27,-8.8403702,5.5727363,-19.762733,2.0819924,-.16345875,6.9475203,-13.780348,13.45343,-104.08213,39.888588,-182.26233,-25.901932,-1.0029927,5.1790533,-11.15375,9.1477652
4.1,27,-8.8019342,5.5485072,-19.676807,2.0729401,-.16274805,6.9173136,-13.720433,13.394938,-103.6296,39.71516,-181.46988,-25.789316,-.99863189,5.1565356,-11.105256,9.1079922
4.2,27,-8.7634974,5.5242777,-19.590883,2.0638881,-.16203737,6.8871069,-13.66052,13.336445,-103.17707,39.541733,-180.67744,-25.676699,-.99427104,5.1340179,-11.056762,9.0682192
4.3,27,-8.7250614,5.5000486,-19.504957,2.0548358,-.16132668,6.8569002,-13.600604,13.277951,-102.72453,39.368301,-179.88499,-25.564081,-.98991019,5.1115003,-11.008266,9.0284462
4.4,27,-8.6866245,5.4758191,-19.419033,2.0457838,-.16061598,6.8266935,-13.540689,13.219458,-102.272,39.194874,-179.09254,-25.451464,-.98554933,5.0889826,-10.959772,8.9886732
4.5,27,-8.6481886,5.4515901,-19.333109,2.0367315,-.1599053,6.7964873,-13.480775,13.160965,-101.81947,39.021446,-178.30009,-25.338846,-.98118854,5.0664654,-10.911278,8.9489012
4.6,27,-8.6097517,5.4273605,-19.247183,2.0276794,-.1591946,6.7662807,-13.420861,13.102471,-101.36694,38.848019,-177.50766,-25.226231,-.97682768,5.0439477,-10.862783,8.9091282
4.7,27,-8.5713158,5.4031315,-19.161259,2.0186274,-.15848392,6.736074,-13.360947,13.043979,-100.91441,38.674587,-176.71521,-25.113613,-.97246683,5.02143,-10.814289,8.8693552
4.8,27,-8.5328789,5.378902,-19.075333,2.0095751,-.15777323,6.7058673,-13.301031,12.985485,-100.46188,38.50116,-175.92276,-25.000996,-.96810597,4.9989123,-10.765794,8.8295822
4.9,27,-8.4944429,5.3546729,-18.989408,2.0005231,-.15706253,6.6756606,-13.241117,12.926992,-100.00935,38.327732,-175.13033,-24.888378,-.96374518,4.9763947,-10.717299,8.7898092
5,27,-8.4560061,5.3304434,-18.903484,1.9914709,-.15635185,6.6454539,-13.181203,12.868499,-99.556816,38.154301,-174.33788,-24.775761,-.95938432,4.953877,-10.668805,8.7500362
5.1,27,-8.4175701,5.3062143,-18.817558,1.9824188,-.15564115,6.6152477,-13.121288,12.810006,-99.104286,37.980873,-173.54544,-24.663145,-.95502353,4.9313593,-10.620311,8.7102633
5.2,27,-8.3791332,5.2819848,-18.731634,1.9733666,-.15493046,6.585041,-13.061374,12.751513,-98.651756,37.807446,-172.75299,-24.550528,-.95066267,4.9088421,-10.571815,8.6704903
5.3,27,-8.3406973,5.2577558,-18.645708,1.9643145,-.15421978,6.5548344,-13.001459,12.693019,-98.199226,37.634014,-171.96054,-24.43791,-.94630182,4.8863239,-10.523321,8.6307173
5.4,27,-8.3022604,5.2335262,-18.559784,1.9552623,-.15350908,6.5246277,-12.941545,12.634526,-97.746696,37.460587,-171.16809,-24.325293,-.94194096,4.8638067,-10.474827,8.5909443
5.5,27,-8.2638245,5.2092972,-18.47386,1.9462101,-.1527984,6.494421,-12.88163,12.576033,-97.294167,37.287159,-170.37566,-24.212675,-.93758017,4.841289,-10.426332,8.5511723
5.6,27,-8.2253876,5.1850677,-18.387934,1.9371581,-.1520877,6.4642143,-12.821715,12.51754,-96.841637,37.113731,-169.58321,-24.10006,-.93321931,4.8187714,-10.377837,8.5113993
5.7,27,-8.1869516,5.1608386,-18.30201,1.928106,-.15137701,6.4340081,-12.761801,12.459046,-96.389107,36.940304,-168.79077,-23.987442,-.92885846,4.7962537,-10.329343,8.4716263
5.8,27,-8.1485147,5.1366091,-18.216084,1.9190538,-.15066633,6.403801,-12.701886,12.400554,-95.936569,36.766872,-167.99832,-23.874825,-.9244976,4.773736,-10.280849,8.4318533
5.9,27,-8.1100788,5.11238,-18.130159,1.9100016,-.14995563,6.3735948,-12.641972,12.34206,-95.484039,36.593445,-167.20587,-23.762207,-.92013681,4.7512183,-10.232354,8.3920803
6,27,-8.0716429,5.0881505,-18.044235,1.9009495,-.14924493,6.3433881,-12.582057,12.283567,-95.031509,36.420017,-166.41342,-23.64959,-.91577595,4.7287006,-10.183859,8.3523073
6.1,27,-8.033206,5.0639215,-17.958309,1.8918973,-.14853425,6.3131814,-12.522142,12.225074,-94.578979,36.246586,-165.62099,-23.536974,-.9114151,4.7061834,-10.135365,8.3125343
6.2,27,-7.9947696,5.0396919,-17.872385,1.8828452,-.14782356,6.2829747,-12.462228,12.166581,-94.12645,36.073158,-164.82854,-23.424356,-.90705431,4.6836658,-10.08687,8.2727613
6.3,27,-7.9563332,5.0154629,-17.786459,1.873793,-.14711288,6.252768,-12.402313,12.108088,-93.673912,35.899731,-164.03609,-23.311739,-.90269345,4.6611481,-10.038376,8.2329884
6.4,27,-7.9178967,4.9912333,-17.700535,1.864741,-.14640218,6.2225614,-12.342399,12.049594,-93.221382,35.726299,-163.24365,-23.199121,-.8983326,4.6386304,-9.9898806,8.1932154
6.5,27,-7.8794603,4.9670043,-17.614609,1.8556888,-.14569148,6.1923552,-12.282484,11.991101,-92.768852,35.552872,-162.4512,-23.086504,-.89397174,4.6161127,-9.9413862,8.1534433
6.6,27,-7.8410239,4.9427748,-17.528685,1.8466367,-.1449808,6.1621485,-12.222569,11.932608,-92.316322,35.379444,-161.65875,-22.973888,-.88961095,4.593595,-9.8928919,8.1136703
6.7,27,-7.8025875,4.9185457,-17.44276,1.8375845,-.14427011,6.1319418,-12.162655,11.874115,-91.863792,35.206017,-160.86632,-22.861271,-.88525009,4.5710773,-9.8443975,8.0738974
6.8,27,-7.7641511,4.8943162,-17.356834,1.8285323,-.14355943,6.1017351,-12.10274,11.815621,-91.411263,35.032585,-160.07387,-22.748653,-.88088924,4.5485597,-9.7959023,8.0341244
6.9,27,-7.7257147,4.8700871,-17.27091,1.8194802,-.14284873,6.0715284,-12.042826,11.757129,-90.958733,34.859158,-159.28142,-22.636036,-.87652838,4.526042,-9.7474079,7.9943514
7,27,-7.6872783,4.8458576,-17.184984,1.810428,-.14213803,6.0413218,-11.982911,11.698635,-90.506203,34.68573,-158.48898,-22.52342,-.87216759,4.5035248,-9.6989136,7.9545784
7.1,27,-7.6488423,4.8216286,-17.09906,1.801376,-.14142735,6.0111156,-11.922997,11.640142,-90.053665,34.512302,-157.69653,-22.410803,-.86780673,4.4810071,-9.6504192,7.9148054
7.2,27,-7.6104059,4.797399,-17.013136,1.7923238,-.14071666,5.9809089,-11.863083,11.581649,-89.601135,34.338871,-156.9041,-22.298185,-.86344594,4.4584894,-9.6019249,7.8750329
7.3,27,-7.571969,4.77317,-16.92721,1.7832717,-.14000596,5.9507022,-11.803167,11.523156,-89.148605,34.165443,-156.11165,-22.185568,-.85908508,4.4359717,-9.5534296,7.8352599
7.4,27,-7.5335331,4.7489405,-16.841286,1.7742195,-.13929528,5.9204955,-11.743253,11.464663,-88.696075,33.992016,-155.3192,-22.07295,-.85472423,4.4134541,-9.5049353,7.7954869
7.5,27,-7.4950967,4.7247114,-16.75536,1.7651674,-.13858458,5.8902888,-11.683338,11.40617,-88.243546,33.818584,-154.52675,-21.960335,-.85036337,4.3909364,-9.4564409,7.7557139
7.6,27,-7.4566603,4.7004819,-16.669436,1.7561152,-.1378739,5.8600821,-11.623425,11.347676,-87.791016,33.645157,-153.73431,-21.847717,-.84600258,4.3684187,-9.4079466,7.715941
7.7,27,-7.4182239,4.6762528,-16.583511,1.7470632,-.13716321,5.8298759,-11.56351,11.289184,-87.338486,33.471729,-152.94186,-21.7351,-.84164172,4.3459015,-9.3594513,7.6761684
7.8,27,-7.3797874,4.6520233,-16.497585,1.7380109,-.13645251,5.7996688,-11.503594,11.23069,-86.885948,33.298298,-152.14941,-21.622482,-.83728087,4.3233838,-9.310957,7.6363955
7.9,27,-7.341351,4.6277943,-16.411661,1.7289588,-.13574183,5.7694626,-11.443681,11.172196,-86.433418,33.12487,-151.35698,-21.509865,-.83292001,4.3008661,-9.2624626,7.5966225
8,27,-7.3029146,4.6035647,-16.325735,1.7199067,-.13503113,5.7392559,-11.383766,11.113704,-85.980888,32.951443,-150.56453,-21.397249,-.82855922,4.2783484,-9.2139683,7.5568495
8.1,27,-7.2644782,4.5793352,-16.239811,1.7108545,-.13432044,5.7090492,-11.323851,11.05521,-85.528358,32.778015,-149.77208,-21.284632,-.82419837,4.2558308,-9.165473,7.5170765
8.199999999999999,27,-7.2260418,4.5551062,-16.153887,1.7018024,-.13360976,5.6788425,-11.263937,10.996717,-85.075829,32.604588,-148.97964,-21.172014,-.81983751,4.2333131,-9.1169786,7.477304
8.300000000000001,27,-7.1876054,4.5308771,-16.067961,1.6927502,-.13289906,5.6486359,-11.204022,10.938224,-84.623299,32.431156,-148.18719,-21.059397,-.81547666,4.2107954,-9.0684843,7.437531
8.4,27,-7.149169,4.5066476,-15.982037,1.6836982,-.13218838,5.6184297,-11.144108,10.879731,-84.170769,32.257729,-147.39476,-20.946781,-.81111586,4.1882782,-9.01999,7.397758
8.5,27,-7.1107326,4.4824185,-15.896111,1.674646,-.13147768,5.588223,-11.084193,10.821238,-83.718231,32.084301,-146.60231,-20.834164,-.80675501,4.16576,-8.9714947,7.357985
8.6,27,-7.0722961,4.458189,-15.810186,1.6655937,-.13076699,5.5580158,-11.024279,10.762744,-83.265701,31.91087,-145.80986,-20.721546,-.80239415,4.1432424,-8.9230003,7.318212
8.699999999999999,27,-7.0338597,4.43396,-15.724261,1.6565417,-.13005631,5.5278096,-10.964364,10.704251,-82.813171,31.737442,-145.01743,-20.608929,-.79803336,4.1207252,-8.874506,7.2784395
8.800000000000001,27,-6.9954233,4.4097304,-15.638336,1.6474895,-.12934561,5.4976029,-10.904449,10.645758,-82.360641,31.564013,-144.22498,-20.496311,-.7936725,4.0982075,-8.8260117,7.2386665
8.9,27,-6.9569874,4.3855014,-15.552412,1.6384374,-.12863493,5.4673963,-10.844535,10.587265,-81.908112,31.390585,-143.43253,-20.383696,-.78931165,4.0756898,-8.7775173,7.1988935
9,27,-6.9185505,4.3612719,-15.466487,1.6293852,-.12792423,5.4371896,-10.78462,10.528771,-81.455582,31.217155,-142.64008,-20.271078,-.78495079,4.0531721,-8.729022,7.1591206
9.1,27,-6.8801141,4.3370423,-15.380561,1.6203331,-.12721354,5.4069829,-10.724706,10.470279,-81.003044,31.043728,-141.84764,-20.158461,-.78058994,4.0306544,-8.6805277,7.1193476
9.199999999999999,27,-6.8416781,4.3128133,-15.294637,1.611281,-.12650286,5.3767767,-10.664791,10.411785,-80.550522,30.8703,-141.05519,-20.045843,-.77622914,4.0081367,-8.6320333,7.0795751
9.300000000000001,27,-6.8032413,4.2885842,-15.208712,1.6022289,-.12579216,5.34657,-10.604877,10.353292,-80.097984,30.696871,-140.26274,-19.933226,-.77186829,3.9856193,-8.5835381,7.0398021
9.4,27,-6.7648053,4.2643547,-15.122787,1.5931767,-.12508148,5.3163633,-10.544962,10.294799,-79.645454,30.523443,-139.47031,-19.82061,-.76750749,3.9631016,-8.5350437,7.0000291
9.5,27,-6.7263689,4.2401257,-15.036862,1.5841246,-.12437078,5.2861567,-10.485047,10.236306,-79.192924,30.350014,-138.67786,-19.707993,-.76314664,3.9405839,-8.4865494,6.9602561
9.6,27,-6.687932,4.2158961,-14.950936,1.5750724,-.1236601,5.25595,-10.425133,10.177813,-78.740395,30.176584,-137.88541,-19.595375,-.75878578,3.9180663,-8.438055,6.9204831
9.699999999999999,27,-6.6494961,4.1916671,-14.865012,1.5660203,-.12294941,5.2257433,-10.365218,10.11932,-78.287865,30.003157,-137.09297,-19.482758,-.75442499,3.8955488,-8.3895607,6.8807106
9.800000000000001,27,-6.6110597,4.1674376,-14.779087,1.5569681,-.12223871,5.1955366,-10.305304,10.060826,-77.835327,29.829727,-136.30052,-19.37014,-.75006413,3.8730311,-8.3410654,6.8409376
9.9,27,-6.5726233,4.1432085,-14.693163,1.5479161,-.12152803,5.1653304,-10.24539,10.002334,-77.382805,29.6563,-135.50809,-19.257524,-.74570328,3.8505137,-8.2925711,6.8011646
10,27,-6.5341868,4.118979,-14.607237,1.5388639,-.12081733,5.1351237,-10.185474,9.94384,-76.930267,29.48287,-134.71564,-19.144907,-.74134243,3.827996,-8.2440767,6.7613916
10.1,27,-6.49575,4.0947495,-14.521312,1.5298117,-.12010664,5.104917,-10.12556,9.8853464,-76.477737,29.309441,-133.92319,-19.03229,-.73698157,3.8054781,-8.1955814,6.7216187
10.2,27,-6.457314,4.0705204,-14.435388,1.5207596,-.11939596,5.0747104,-10.065646,9.8268538,-76.025208,29.136013,-133.13074,-18.919672,-.73262078,3.7829607,-8.1470871,6.6818461
10.3,27,-6.4188776,4.0462914,-14.349463,1.5117074,-.11868526,5.0445037,-10.005731,9.7683601,-75.572678,28.962584,-132.3383,-18.807055,-.72825992,3.760443,-8.0985928,6.6420732
10.4,27,-6.3804412,4.0220618,-14.263538,1.5026554,-.11797458,5.0142975,-9.945817,9.7098675,-75.120148,28.789156,-131.54585,-18.694439,-.72389913,3.7379255,-8.0500984,6.6023002
10.5,27,-6.3420048,3.9978325,-14.177612,1.4936031,-.11726388,4.9840908,-9.8859015,9.6513739,-74.667618,28.615726,-130.7534,-18.581821,-.71953827,3.7154078,-8.0016041,6.5625272
10.6,27,-6.3035684,3.9736032,-14.091687,1.484551,-.11655319,4.9538836,-9.8259869,9.5928812,-74.21508,28.442297,-129.96095,-18.469204,-.71517742,3.6928902,-7.9531088,6.5227542
10.7,27,-6.265132,3.949374,-14.005763,1.4754989,-.11584251,4.9236774,-9.7660732,9.5343876,-73.76255,28.268869,-129.16852,-18.356586,-.71081656,3.6703725,-7.9046144,6.4829817
10.8,27,-6.2266955,3.9251447,-13.919838,1.4664468,-.11513181,4.8934708,-9.7061577,9.4758949,-73.31002,28.09544,-128.37607,-18.243969,-.70645571,3.6478548,-7.8561201,6.4432087
10.9,27,-6.1882591,3.9009156,-13.833913,1.4573946,-.11442112,4.8632641,-9.646244,9.4174013,-72.857491,27.922012,-127.58363,-18.131353,-.70209491,3.6253374,-7.8076258,6.4034357
11,27,-6.1498227,3.8766861,-13.747988,1.4483424,-.11371043,4.8330574,-9.5863295,9.3589087,-72.404961,27.748583,-126.79118,-18.018736,-.69773406,3.6028197,-7.759131,6.3636627
11.1,27,-6.1113863,3.8524568,-13.662063,1.4392903,-.11299974,4.8028507,-9.5264139,9.300415,-71.952423,27.575153,-125.99873,-17.906118,-.6933732,3.580302,-7.7106361,6.3238897
11.2,27,-6.0729499,3.8282275,-13.576138,1.4302382,-.11228906,4.7726445,-9.4665003,9.2419224,-71.499901,27.401726,-125.2063,-17.793501,-.68901241,3.5577846,-7.6621418,6.2841172
11.3,27,-6.0345135,3.8039982,-13.490213,1.421186,-.11157836,4.7424378,-9.4065857,9.1834288,-71.047363,27.228296,-124.41385,-17.680883,-.68465155,3.5352669,-7.613647,6.2443442
11.4,27,-5.9960775,3.7797692,-13.404288,1.4121339,-.11086767,4.7122312,-9.3466711,9.1249361,-70.594841,27.054869,-123.62141,-17.568268,-.6802907,3.5127492,-7.5651526,6.2045712
11.5,27,-5.9576406,3.7555397,-13.318363,1.4030818,-.11015698,4.6820245,-9.2867565,9.0664425,-70.142303,26.881441,-122.82896,-17.45565,-.67592984,3.4902315,-7.5166578,6.1647983
11.6,27,-5.9192042,3.7313104,-13.232438,1.3940296,-.10944629,4.6518178,-9.2268419,9.0079489,-69.689774,26.708012,-122.03651,-17.343033,-.67156899,3.4677138,-7.4681635,6.1250253
11.7,27,-5.8807683,3.7070811,-13.146514,1.3849775,-.1087356,4.6216111,-9.1669273,8.9494562,-69.237244,26.534584,-121.24407,-17.230415,-.66720819,3.4451964,-7.4196692,6.0852528
11.8,27,-5.8423314,3.6828518,-13.060589,1.3759253,-.10802491,4.5914044,-9.1070127,8.8909626,-68.784714,26.361155,-120.45162,-17.117798,-.66284734,3.4226787,-7.3711743,6.0454798
11.9,27,-5.8038955,3.6586227,-12.974664,1.3668733,-.10731422,4.5611982,-9.0470982,8.8324699,-68.332184,26.187727,-119.65918,-17.005182,-.65848655,3.4001613,-7.32268,6.0057068
12,27,-5.7654591,3.6343932,-12.888739,1.3578211,-.10660353,4.5309916,-8.9871836,8.7739763,-67.879646,26.014297,-118.86674,-16.892565,-.65412569,3.3776433,-7.2741852,5.9659338
12.1,27,-5.7270222,3.6101639,-12.802814,1.3487688,-.10589284,4.5007849,-8.927269,8.7154827,-67.427116,25.840868,-118.07429,-16.779947,-.64976484,3.3551257,-7.2256904,5.9261608
12.2,27,-5.6885862,3.5859346,-12.716889,1.3397168,-.10518215,4.4705782,-8.8673544,8.6569901,-66.974586,25.66744,-117.28185,-16.66733,-.64540404,3.3326082,-7.177196,5.8863883
12.3,27,-5.6501498,3.5617054,-12.630964,1.3306646,-.10447146,4.4403715,-8.8074398,8.5984964,-66.522057,25.494011,-116.4894,-16.554712,-.64104319,3.3100905,-7.1287012,5.8466153
12.4,27,-5.6117134,3.5374763,-12.545039,1.3216125,-.10376077,4.4101653,-8.7475252,8.5400038,-66.069527,25.320583,-115.69696,-16.442097,-.63668233,3.2875731,-7.0802073,5.8068423
12.5,27,-5.573277,3.5132468,-12.459114,1.3125603,-.10305008,4.3799582,-8.6876106,8.4815102,-65.616997,25.147154,-114.90451,-16.329479,-.63232148,3.2650554,-7.0317125,5.7670693
12.6,27,-5.5348406,3.4890175,-12.373189,1.3035082,-.10233939,4.3497515,-8.627696,8.4230175,-65.164459,24.973724,-114.11206,-16.216862,-.62796062,3.2425377,-6.9832177,5.7272964
12.7,27,-5.4964042,3.4647882,-12.287265,1.2944561,-.1016287,4.3195453,-8.5677814,8.3645248,-64.711937,24.800297,-113.31962,-16.104244,-.62359983,3.2200201,-6.9347234,5.6875238
12.8,27,-5.4579678,3.4405589,-12.201339,1.285404,-.10091801,4.2893386,-8.5078669,8.3060312,-64.259399,24.626867,-112.52718,-15.991628,-.61923897,3.1975024,-6.8862286,5.6477509
12.9,27,-5.4195313,3.4163299,-12.115415,1.2763518,-.10020732,4.2591319,-8.4479532,8.2475386,-63.806873,24.45344,-111.73473,-15.879011,-.61487818,3.1749849,-6.8377342,5.6079779
13,27,-5.3810949,3.3921003,-12.02949,1.2672997,-.099496625,4.2289252,-8.3880377,8.189045,-63.35434,24.28001,-110.94228,-15.766394,-.61051732,3.1524673,-6.7892394,5.5682049
13.1,27,-5.3426585,3.367871,-11.943564,1.2582475,-.098785937,4.1987185,-8.3281231,8.1305513,-62.901806,24.106581,-110.14984,-15.653776,-.60615647,3.1299496,-6.7407446,5.5284319
13.2,27,-5.3042221,3.3436418,-11.85764,1.2491953,-.098075248,4.1685123,-8.2682095,8.0720587,-62.44928,23.933153,-109.3574,-15.54116,-.60179561,3.1074321,-6.6922503,5.4886594
13.3,27,-5.2657857,3.3194125,-11.771714,1.2401432,-.097364552,4.1383057,-8.2082939,8.0135651,-61.996746,23.759724,-108.56495,-15.428542,-.59743476,3.0849142,-6.6437559,5.4488864
13.4,27,-5.2273498,3.2951834,-11.68579,1.2310911,-.096653871,4.108099,-8.1483803,7.9550724,-61.544216,23.586296,-107.77251,-15.315926,-.59307396,3.0623968,-6.5952616,5.4091134
13.5,27,-5.1889129,3.2709539,-11.599865,1.222039,-.095943175,4.0778923,-8.0884647,7.8965788,-61.091686,23.412867,-106.98006,-15.203308,-.58871311,3.0398791,-6.5467668,5.3693404
13.6,27,-5.1504765,3.2467246,-11.51394,1.2129868,-.095232487,4.0476856,-8.0285501,7.8380857,-60.639153,23.239437,-106.18761,-15.090691,-.58435225,3.0173614,-6.4982719,5.3295674
13.7,27,-5.11204,3.2224953,-11.428016,1.2039347,-.094521798,4.0174789,-7.968636,7.7795925,-60.186623,23.06601,-105.39517,-14.978074,-.57999146,2.994844,-6.4497776,5.2897949
13.8,27,-5.0736036,3.198266,-11.34209,1.1948825,-.093811102,3.9872725,-7.9087214,7.7210994,-59.734093,22.892582,-104.60272,-14.865457,-.57563061,2.9723263,-6.4012828,5.2500219
13.9,27,-5.0351677,3.174037,-11.256166,1.1858305,-.093100421,3.9570661,-7.8488073,7.6626062,-59.281563,22.719152,-103.81029,-14.75284,-.57126975,2.9498086,-6.3527884,5.2102489
14,27,-4.9967308,3.1498075,-11.17024,1.1767782,-.092389725,3.9268591,-7.7888923,7.6041131,-58.829029,22.545725,-103.01784,-14.640223,-.5669089,2.9272909,-6.3042936,5.170476
14.1,27,-4.9582944,3.1255782,-11.084315,1.167726,-.091679037,3.8966525,-7.7289777,7.5456195,-58.376495,22.372295,-102.22539,-14.527605,-.56254804,2.9047732,-6.2557993,5.130703
14.2,27,-4.9198585,3.1013489,-10.99839,1.158674,-.090968348,3.866446,-7.6690636,7.4871268,-57.923969,22.198868,-101.43295,-14.414989,-.55818725,2.8822558,-6.207305,5.0909305
14.3,27,-4.8814216,3.0771196,-10.912465,1.1496218,-.090257652,3.8362393,-7.6091485,7.4286332,-57.471436,22.025438,-100.6405,-14.302371,-.55382639,2.8597381,-6.1588101,5.0511575
14.4,27,-4.8429856,3.0528905,-10.826541,1.1405697,-.089546971,3.8060329,-7.5492344,7.3701406,-57.018906,21.852011,-99.848061,-14.189754,-.5494656,2.8372207,-6.1103158,5.0113845
14.5,27,-4.8045492,3.028661,-10.740616,1.1315175,-.088836275,3.7758262,-7.4893198,7.3116469,-56.566376,21.678581,-99.055611,-14.077137,-.54510474,2.814703,-6.061821,4.9716115
14.6,27,-4.7661123,3.0044317,-10.654691,1.1224654,-.088125579,3.7456195,-7.4294047,7.2531538,-56.113842,21.505152,-98.263161,-13.96452,-.54074389,2.7921851,-6.0133262,4.9318385
14.7,27,-4.7276764,2.9802024,-10.568766,1.1134133,-.087414898,3.7154131,-7.3694906,7.1946607,-55.661312,21.331724,-97.470726,-13.851903,-.53638309,2.7696676,-5.9648318,4.892066
14.8,27,-4.68924,2.9559731,-10.482841,1.1043611,-.086704202,3.6852064,-7.309576,7.1361675,-55.208782,21.158295,-96.678276,-13.739285,-.53202224,2.7471499,-5.916337,4.852293
14.9,27,-4.6508036,2.9317441,-10.396916,1.095309,-.085993513,3.655,-7.2496614,7.0776744,-54.756252,20.984867,-95.885834,-13.626669,-.52766138,2.7246325,-5.8678432,4.81252
15,27,-4.6123672,2.9075146,-10.310991,1.0862569,-.085282825,3.6247931,-7.1897469,7.0191813,-54.303719,20.811438,-95.093391,-13.514051,-.52330053,2.7021148,-5.8193483,4.772747
15.1,27,-4.5739307,2.8832853,-10.225066,1.0772047,-.084572129,3.5945864,-7.1298323,6.9606876,-53.851189,20.638008,-94.300941,-13.401434,-.51893967,2.6795971,-5.7708535,4.7329741
15.2,27,-4.5354943,2.859056,-10.139141,1.0681525,-.083861448,3.5643799,-7.0699177,6.902195,-53.398659,20.464581,-93.508499,-13.288817,-.51457888,2.6570795,-5.7223592,4.6932015
15.3,27,-4.4970579,2.8348267,-10.053216,1.0591004,-.083150752,3.5341733,-7.0100031,6.8437014,-52.946125,20.291151,-92.716049,-13.1762,-.51021802,2.6345618,-5.6738644,4.6534286
15.4,27,-4.4586215,2.8105977,-9.9672918,1.0500484,-.082440063,3.5039668,-6.950089,6.7852087,-52.493599,20.117723,-91.923615,-13.063583,-.50585723,2.6120443,-5.62537,4.6136556
15.5,27,-4.4201851,2.7863681,-9.8813667,1.0409962,-.081729375,3.4737601,-6.8901739,6.7267151,-52.041065,19.944294,-91.131165,-12.950966,-.50149637,2.5895267,-5.5768752,4.5738826
15.6,27,-4.3817487,2.7621388,-9.7954416,1.0319439,-.081018679,3.4435534,-6.8302593,6.668222,-51.588531,19.770864,-90.338715,-12.838348,-.49713549,2.567009,-5.5283804,4.5341096
15.7,27,-4.3433123,2.7379096,-9.7095165,1.0228919,-.08030799,3.413347,-6.7703452,6.6097293,-51.136005,19.597437,-89.546272,-12.725732,-.4927747,2.5444915,-5.4798861,4.4943371
15.8,27,-4.3048759,2.7136803,-9.6235914,1.0138397,-.079597302,3.3831403,-6.7104301,6.5512357,-50.683472,19.424007,-88.75383,-12.613114,-.48841384,2.5219738,-5.4313917,4.4545636
15.9,27,-4.2664399,2.6894512,-9.5376673,1.0047876,-.078886613,3.3529339,-6.650516,6.492743,-50.230942,19.25058,-87.961388,-12.500498,-.48405302,2.4994562,-5.3828974,4.4147911
16,27,-4.228003,2.6652217,-9.4517422,.99573547,-.078175925,3.322727,-6.5906014,6.4342494,-49.778408,19.07715,-87.168938,-12.38788,-.47969216,2.4769385,-5.3344026,4.3750181
16.1,27,-4.1895666,2.6409924,-9.3658161,.98668325,-.077465229,3.2925203,-6.5306864,6.3757563,-49.325878,18.903721,-86.376488,-12.275263,-.47533131,2.4544208,-5.2859077,4.3352451
16.2,27,-4.1511302,2.6167629,-9.279891,.97763109,-.076754533,3.2623136,-6.4707718,6.3172626,-48.873344,18.730293,-85.584045,-12.162645,-.47097045,2.4319031,-5.2374129,4.2954721
16.3,27,-4.1126943,2.5925341,-9.1939678,.96857911,-.076043859,3.2321074,-6.4108582,6.2587705,-48.420818,18.556866,-84.791611,-12.050031,-.46660969,2.4093859,-5.1889191,4.2556996
16.4,27,-4.0742579,2.5683048,-9.1080427,.9595269,-.075333163,3.2019007,-6.3509431,6.2002769,-47.968288,18.383438,-83.999161,-11.937412,-.46224883,2.3868682,-5.1404243,4.2159266
16.5,27,-4.0358214,2.5440753,-9.0221176,.95047474,-.074622467,3.171694,-6.2910285,6.1417837,-47.515755,18.210009,-83.206711,-11.824795,-.45788798,2.3643503,-5.0919294,4.1761537
16.6,27,-3.9973848,2.519846,-8.9361916,.94142258,-.073911779,3.1414874,-6.2311139,6.0832901,-47.063221,18.036579,-82.414268,-11.712177,-.45352712,2.3418326,-5.0434351,4.1363807
16.7,27,-3.9589481,2.4956164,-8.8502665,.93237036,-.073201083,3.1112804,-6.1711988,6.024797,-46.610691,17.86315,-81.621819,-11.59956,-.44916627,2.319315,-4.9949403,4.0966077
16.8,27,-3.9205124,2.4713876,-8.7643433,.92331839,-.072490409,3.0810745,-6.1112852,5.9663043,-46.158165,17.689724,-80.829384,-11.486945,-.4448055,2.2967978,-4.9464464,4.0568352
16.9,27,-3.8820758,2.4471583,-8.6784182,.91426623,-.071779713,3.0508678,-6.0513706,5.9078112,-45.705631,17.516294,-80.036942,-11.374328,-.44044465,2.2742801,-4.8979516,4.0170622
17,27,-3.8436391,2.4229288,-8.5924921,.90521401,-.071069017,3.0206609,-5.9914556,5.8493176,-45.253101,17.342865,-79.244492,-11.26171,-.43608379,2.2517624,-4.8494568,3.9772892
17.1,27,-3.8052027,2.3986995,-8.506567,.89616185,-.070358329,2.9904542,-5.931541,5.7908244,-44.800568,17.169436,-78.452042,-11.149092,-.43172294,2.2292447,-4.800962,3.9375162
17.2,27,-3.7667661,2.37447,-8.4206419,.8871097,-.069647633,2.9602475,-5.8716259,5.7323308,-44.348034,16.996006,-77.659592,-11.036474,-.42736208,2.2067268,-4.7524672,3.8977432
17.3,27,-3.7283304,2.3502412,-8.3347187,.87805766,-.068936951,2.9300413,-5.8117123,5.6738386,-43.895512,16.82258,-76.867165,-10.92386,-.42300132,2.1842096,-4.7039733,3.857971
17.4,27,-3.6898937,2.3260119,-8.2487936,.8690055,-.068226263,2.8998346,-5.7517977,5.615345,-43.442978,16.649151,-76.074715,-10.811242,-.41864046,2.1616919,-4.6554785,3.8181977
17.5,27,-3.6514573,2.3017824,-8.1628675,.85995334,-.067515567,2.869628,-5.6918831,5.5568519,-42.990444,16.475721,-75.282265,-10.698625,-.41427961,2.1391742,-4.6069841,3.7784247
17.6,27,-3.6130207,2.2775531,-8.0769424,.85090119,-.066804878,2.8394213,-5.631968,5.4983582,-42.53791,16.302292,-74.489815,-10.586007,-.40991876,2.1166565,-4.5584893,3.7386518
17.7,27,-3.5745842,2.2533236,-7.9910173,.84184897,-.066094182,2.8092144,-5.5720534,5.4398651,-42.085381,16.128862,-73.697372,-10.47339,-.4055579,2.0941389,-4.5099945,3.6988788
17.8,27,-3.5361483,2.2290947,-7.9050937,.83279699,-.065383501,2.7790084,-5.5121398,5.3813729,-41.632854,15.955437,-72.904938,-10.360774,-.40119711,2.0716214,-4.4615006,3.6591065
17.9,27,-3.4977119,2.2048655,-7.8191686,.82374483,-.064672813,2.7488015,-5.4522247,5.3228793,-41.180321,15.782007,-72.112488,-10.248157,-.39683625,2.0491037,-4.4130058,3.6193333
18,27,-3.4592752,2.1806359,-7.7332435,.81469262,-.063962117,2.7185948,-5.3923101,5.2643857,-40.727791,15.608578,-71.320038,-10.135539,-.3924754,2.0265861,-4.364511,3.5795603
18.1,27,-3.4208388,2.1564066,-7.6473179,.80564046,-.063251428,2.6883881,-5.3323956,5.2058926,-40.275257,15.435149,-70.527596,-10.022922,-.38811454,2.0040684,-4.3160162,3.5397873
18.2,27,-3.3824022,2.1321771,-7.5613928,.7965883,-.062540732,2.6581814,-5.2724805,5.1473989,-39.822723,15.26172,-69.735146,-9.9103041,-.38375369,1.9815507,-4.2675214,3.5000143
18.3,27,-3.3439665,2.1079483,-7.4754691,.78753626,-.061830051,2.6279752,-5.2125669,5.0889068,-39.370201,15.088294,-68.942711,-9.7976885,-.37939292,1.9590334,-4.219028,3.460242
18.4,27,-3.3055298,2.083719,-7.389544,.77848411,-.061119359,2.5977685,-5.1526523,5.0304136,-38.917667,14.914865,-68.150261,-9.685071,-.37503207,1.9365157,-4.1705332,3.4204688
18.5,27,-3.2670934,2.0594895,-7.3036184,.76943195,-.060408667,2.5675619,-5.0927372,4.97192,-38.465134,14.741435,-67.357819,-9.5724535,-.37067121,1.913998,-4.1220384,3.3806958
18.6,27,-3.2286568,2.0352602,-7.2176933,.76037973,-.059697974,2.5373552,-5.0328226,4.9134264,-38.012604,14.568006,-66.565369,-9.459836,-.36631036,1.8914802,-4.0735435,3.3409228
18.7,27,-3.1902204,2.0110307,-7.1317682,.75132757,-.058987282,2.5071483,-4.972908,4.8549333,-37.56007,14.394576,-65.772919,-9.3472185,-.3619495,1.8689625,-4.0250487,3.3011498
18.8,27,-3.1517844,1.9868019,-7.0458446,.7422756,-.058276601,2.4769423,-4.9129939,4.7964411,-37.107544,14.22115,-64.980484,-9.2346029,-.35758874,1.8464452,-3.9765549,3.2613776
18.9,27,-3.113348,1.9625725,-6.9599195,.73322338,-.057565909,2.4467354,-4.8530793,4.7379475,-36.655014,14.047721,-64.188042,-9.1219854,-.35322788,1.8239275,-3.9280603,3.2216043
19,27,-3.0749114,1.938343,-6.8739939,.72417122,-.056855217,2.4165287,-4.7931647,4.6794543,-36.20248,13.874291,-63.395592,-9.0093679,-.34886703,1.8014098,-3.8795655,3.1818314
19.1,27,-3.0364749,1.9141138,-6.7880688,.71511906,-.056144524,2.386322,-4.7332497,4.6209607,-35.749947,13.700862,-62.603146,-8.8967505,-.34450617,1.7788922,-3.8310707,3.1420584
19.2,27,-2.9980383,1.8898844,-6.7021437,.70606691,-.055433828,2.3561153,-4.6733351,4.5624671,-35.297413,13.527433,-61.810696,-8.784133,-.34014532,1.7563745,-3.7825758,3.1022854
19.3,27,-2.9596026,1.8656554,-6.61622,.69701487,-.054723151,2.3259091,-4.6134214,4.5039749,-34.844891,13.354007,-61.018265,-8.6715174,-.33578455,1.7338572,-3.7340822,3.0625131
19.4,27,-2.9211659,1.841426,-6.5302944,.68796271,-.054012459,2.2957025,-4.5535064,4.4454818,-34.392357,13.180578,-60.225815,-8.5588999,-.3314237,1.7113395,-3.6855874,3.0227399
19.5,27,-2.8827295,1.8171966,-6.4443693,.67891055,-.053301767,2.2654958,-4.4935918,4.3869882,-33.939823,13.007149,-59.433369,-8.4462824,-.32706285,1.6888217,-3.6370926,2.9829669
19.6,27,-2.8442929,1.7929672,-6.3584442,.66985834,-.052591071,2.2352891,-4.4336772,4.328495,-33.487293,12.833719,-58.640919,-8.3336649,-.32270199,1.666304,-3.5885978,2.9431939
19.7,27,-2.8058565,1.7687379,-6.2725191,.66080618,-.051880378,2.2050822,-4.3737621,4.2700014,-33.03476,12.66029,-57.848473,-8.2210474,-.31834114,1.6437863,-3.5401032,2.9034209
19.8,27,-2.7674205,1.744509,-6.1865954,.6517542,-.051169701,2.1748762,-4.3138485,4.2115092,-32.582233,12.486864,-57.056038,-8.1084318,-.31398037,1.621269,-3.4916093,2.8636487
19.9,27,-2.7289841,1.7202796,-6.1006699,.64270198,-.050459009,2.1446693,-4.2539339,4.1530156,-32.129704,12.313435,-56.263592,-7.9958143,-.30961952,1.5987513,-3.4431145,2.8238754
20,27,-2.6905475,1.6960502,-6.0147448,.63364983,-.049748313,2.1144626,-4.1940188,4.0945225,-31.67717,12.140005,-55.471142,-7.8831968,-.30525866,1.5762336,-3.3946197,2.7841024
20.1,27,-2.6521108,1.6718208,-5.9288197,.62459767,-.04903762,2.0842559,-4.1341043,4.0360289,-31.224638,11.966576,-54.678696,-7.7705793,-.30089781,1.5537159,-3.3461251,2.7443295
20.2,27,-2.6136744,1.6475915,-5.8428941,.61554545,-.048326928,2.0540493,-4.0741897,3.9775355,-30.772104,11.793147,-53.886246,-7.6579618,-.29653695,1.5311981,-3.2976303,2.7045565
20.3,27,-2.5752387,1.6233625,-5.7569709,.60649347,-.047616247,2.0238431,-4.0142756,3.9190433,-30.31958,11.61972,-53.093815,-7.5453463,-.29217616,1.5086809,-3.2491364,2.6647842
20.4,27,-2.5368021,1.5991331,-5.6710453,.59744132,-.046905555,1.9936364,-3.954361,3.8605499,-29.867048,11.446291,-52.301365,-7.4327288,-.2878153,1.4861633,-3.2006416,2.625011
20.5,27,-2.4983654,1.5749037,-5.5851202,.5883891,-.046194863,1.9634296,-3.8944461,3.8020566,-29.414515,11.272862,-51.508919,-7.3201113,-.28345445,1.4636455,-3.1521468,2.585238
20.6,27,-2.459929,1.5506743,-5.4991951,.57933694,-.04548417,1.9332229,-3.8345313,3.7435632,-28.961983,11.099433,-50.716469,-7.2074938,-.27909359,1.4411278,-3.1036522,2.545465
20.7,27,-2.4214923,1.526445,-5.4132695,.57028478,-.044773478,1.9030162,-3.7746167,3.6850698,-28.509449,10.926003,-49.924023,-7.0948763,-.27473274,1.4186101,-3.0551574,2.505692
20.8,27,-2.3830566,1.5022161,-5.3273458,.56123275,-.044062797,1.87281,-3.7147031,3.6265774,-28.056925,10.752578,-49.131588,-6.9822607,-.27037197,1.3960928,-3.0066636,2.4659197
20.9,27,-2.34462,1.4779867,-5.2414207,.55218059,-.043352105,1.8426033,-3.6547883,3.568084,-27.604393,10.579148,-48.339142,-6.8696432,-.26601112,1.3735751,-2.9581687,2.4261465
21,27,-2.3061836,1.4537573,-5.1554956,.54312843,-.042641412,1.8123965,-3.5948734,3.5095906,-27.151859,10.405719,-47.546696,-6.7570257,-.26165026,1.3510574,-2.9096742,2.3863735
21.1,27,-2.2677469,1.4295279,-5.0695701,.53407627,-.04193072,1.7821898,-3.5349586,3.4510972,-26.699327,10.232289,-46.754246,-6.6444082,-.25728941,1.3285397,-2.8611794,2.3466005
21.2,27,-2.2293105,1.4052986,-4.983645,.52502406,-.041220028,1.7519832,-3.4750438,3.3926039,-26.246794,10.05886,-45.9618,-6.5317907,-.25292856,1.3060219,-2.8126845,2.3068275
21.3,27,-2.1908746,1.3810697,-4.8977213,.51597208,-.040509347,1.721777,-3.4151301,3.3341115,-25.79427,9.8854342,-45.169365,-6.4191751,-.24856779,1.2835047,-2.7641907,2.2670553
21.4,27,-2.1524382,1.3568403,-4.8117962,.50691992,-.039798655,1.6915703,-3.3552153,3.2756181,-25.341738,9.7120047,-44.376919,-6.3065577,-.24420694,1.2609869,-2.7156961,2.227282
21.5,27,-2.1140015,1.3326108,-4.7258711,.49786773,-.039087962,1.6613635,-3.2953007,3.2171247,-24.889204,9.5385752,-43.584469,-6.1939402,-.23984608,1.2384692,-2.6672013,2.1875091
21.6,27,-2.0755651,1.3083814,-4.6399455,.48881555,-.038377266,1.6311568,-3.2353859,3.1586313,-24.436672,9.3651466,-42.792023,-6.0813227,-.23548523,1.2159516,-2.6187065,2.1477361
21.7,27,-2.0371284,1.2841522,-4.5540204,.47976336,-.037666574,1.6009501,-3.1754711,3.1001379,-23.984138,9.1917171,-41.999573,-5.9687052,-.23112437,1.1934339,-2.5702116,2.1079631
21.8,27,-1.9986928,1.2599232,-4.4680967,.47071138,-.036955897,1.5707439,-3.1155574,3.0416455,-23.531616,9.0182905,-41.207142,-5.8560901,-.22676361,1.1709166,-2.521718,2.0681908
21.9,27,-1.9602562,1.2356938,-4.3821716,.46165919,-.036245205,1.5405372,-3.0556426,2.9831522,-23.079082,8.844862,-40.414692,-5.7434726,-.22240275,1.1483989,-2.4732232,2.0284176
22,27,-1.9218196,1.2114644,-4.2962461,.45260701,-.035534509,1.5103304,-2.9957278,2.9246588,-22.626551,8.6714325,-39.622246,-5.6308551,-.2180419,1.1258812,-2.4247284,1.9886446
22.1,27,-1.883383,1.187235,-4.2103209,.44355485,-.034823816,1.4801238,-2.935813,2.8661654,-22.174017,8.498003,-38.829796,-5.5182371,-.21368104,1.1033634,-2.3762336,1.9488716
22.2,27,-1.8449465,1.1630057,-4.1243958,.43450266,-.034113124,1.4499171,-2.8758984,2.807672,-21.721485,8.3245735,-38.03735,-5.4056196,-.20932019,1.0808457,-2.327739,1.9090985
22.3,27,-1.8065107,1.1387768,-4.0384722,.42545065,-.033402443,1.4197109,-2.8159847,2.7491798,-21.268961,8.1511478,-37.244915,-5.2930045,-.20495941,1.0583285,-2.2792451,1.8693262
22.4,27,-1.7680742,1.1145474,-3.9525468,.4163985,-.032691751,1.3895042,-2.7560699,2.6906865,-20.816427,7.9777184,-36.452469,-5.180387,-.20059855,1.0358107,-2.2307503,1.8295532
22.5,27,-1.7296376,1.090318,-3.8666217,.40734631,-.031981058,1.3592974,-2.6961551,2.6321929,-20.363895,7.8042889,-35.660019,-5.0677695,-.1962377,1.013293,-2.1822555,1.7897801
22.6,27,-1.6912011,1.0660886,-3.7806964,.39829415,-.031270366,1.3290907,-2.6362402,2.5736995,-19.911362,7.6308599,-34.867573,-4.955152,-.19187684,.99077535,-2.1337607,1.7500072
22.7,27,-1.6527646,1.0418593,-3.6947711,.38924196,-.030559674,1.298884,-2.5763254,2.5152061,-19.45883,7.4574304,-34.075123,-4.8425345,-.18751599,.96825761,-2.0852661,1.710234
22.8,27,-1.6143287,1.0176303,-3.6088476,.38018996,-.029848995,1.2686778,-2.5164118,2.4567139,-19.006306,7.2840047,-33.282692,-4.729919,-.18315522,.94574034,-2.0367723,1.6704618
22.9,27,-1.5758922,.99340093,-3.5229223,.3711378,-.029138301,1.2384712,-2.456497,2.3982205,-18.553772,7.1105752,-32.490242,-4.6173015,-.17879437,.9232226,-1.9882774,1.6306888
23,27,-1.5374557,.96917152,-3.4369969,.36208561,-.028427608,1.2082644,-2.3965824,2.3397272,-18.10124,6.9371457,-31.697796,-4.504684,-.17443351,.90070492,-1.9397827,1.5909157
23.1,27,-1.4990191,.94494218,-3.3510718,.35303345,-.027716914,1.1780577,-2.3366675,2.2812335,-17.648706,6.7637167,-30.905348,-4.3920665,-.17007266,.87818724,-1.8912879,1.5511427
23.2,27,-1.4605826,.92071277,-3.2651465,.34398127,-.027006222,1.147851,-2.2767527,2.2227402,-17.196175,6.5902872,-30.1129,-4.279449,-.16571181,.8556695,-1.8427932,1.5113696
23.3,27,-1.4221468,.89648384,-3.1792228,.33492926,-.026295543,1.1176448,-2.2168391,2.164248,-16.74365,6.4168611,-29.320467,-4.1668334,-.16135104,.83315223,-1.7942994,1.4715973
23.4,27,-1.3837103,.87225449,-3.0932977,.3258771,-.02558485,1.0874381,-2.1569242,2.1057546,-16.291117,6.243432,-28.528019,-4.0542159,-.15699019,.81063449,-1.7458047,1.4318243
23.5,27,-1.3452737,.84802508,-3.0073724,.31682491,-.024874156,1.0572313,-2.0970094,2.0472612,-15.838585,6.0700026,-27.735571,-3.9415984,-.15262933,.78811681,-1.6973099,1.3920512
23.6,27,-1.3068372,.82379574,-2.921447,.30777273,-.024163464,1.0270246,-2.0370948,1.9887677,-15.386052,5.8965735,-26.943123,-3.8289809,-.14826848,.76559907,-1.6488152,1.3522782
23.7,27,-1.2684007,.79956633,-2.8355219,.29872057,-.023452772,.99681789,-1.9771799,1.9302744,-14.933519,5.7231441,-26.150675,-3.7163634,-.14390762,.74308139,-1.6003203,1.3125051
23.8,27,-1.2299649,.7753374,-2.7495983,.28966856,-.022742093,.96661174,-1.9172662,1.8717821,-14.480995,5.5497179,-25.358242,-3.6037478,-.13954684,.72056413,-1.5518266,1.2727329
23.9,27,-1.1915283,.75110805,-2.6636729,.28061637,-.022031398,.936405,-1.8573515,1.8132887,-14.028462,5.3762889,-24.565794,-3.4911304,-.13518599,.69804639,-1.5033318,1.2329599
24,27,-1.1530918,.72687864,-2.5777478,.27156422,-.021320706,.90619826,-1.7974367,1.7547953,-13.57593,5.2028594,-23.773348,-3.3785129,-.13082513,.67552871,-1.4548371,1.1931868
24.1,27,-1.1146553,.7026493,-2.4918225,.26251203,-.020610014,.87599158,-1.7375219,1.6963019,-13.123397,5.0294299,-22.9809,-3.2658954,-.12646428,.65301096,-1.4063423,1.1534138
24.2,27,-1.0762187,.67841989,-2.4058971,.25345987,-.01989932,.84578484,-1.6776072,1.6378084,-12.670864,4.8560009,-22.188452,-3.1532779,-.12210343,.63049328,-1.3578476,1.1136407
24.3,27,-1.0377829,.65419096,-2.3199737,.24440786,-.019188641,.8155787,-1.6176935,1.5793163,-12.21834,4.6825747,-21.396019,-3.0406625,-.11774266,.60797602,-1.3093537,1.0738684
24.4,27,-.99934638,.62996161,-2.2340484,.23535569,-.018477948,.78537196,-1.5577787,1.5208228,-11.765808,4.5091453,-20.603571,-2.928045,-.1133818,.58545828,-1.260859,1.0340954
24.5,27,-.96090978,.6057322,-2.148123,.2263035,-.017767254,.75516522,-1.4978639,1.4623294,-11.313275,4.3357162,-19.811123,-2.8154275,-.10902095,.5629406,-1.2123642,.9943223
24.6,27,-.92247325,.58150285,-2.0621979,.21725133,-.017056562,.72495854,-1.4379492,1.403836,-10.860743,4.1622868,-19.018675,-2.7028098,-.10466009,.54042286,-1.1638695,.95454925
24.7,27,-.88403672,.55727345,-1.9762726,.20819916,-.01634587,.6947518,-1.3780344,1.3453426,-10.40821,3.9888575,-18.226227,-2.5901923,-.10029924,.51790518,-1.1153747,.91477621
24.8,27,-.8456009,.53304452,-1.890349,.19914716,-.015635191,.66454566,-1.3181207,1.2868503,-9.9556856,3.8154316,-17.433794,-2.477577,-.095938466,.49538788,-1.0668808,.87500393
24.9,27,-.80716437,.50881517,-1.8044238,.19009498,-.014924497,.63433892,-1.2582059,1.228357,-9.5031528,3.6420023,-16.641346,-2.3649595,-.091577612,.47287017,-1.0183861,.83523089
25,27,-.76872784,.48458576,-1.7184985,.18104281,-.014213804,.60413218,-1.1982912,1.1698636,-9.0506201,3.4685729,-15.848898,-2.252342,-.087216757,.45035246,-.96989137,.79545784
25.1,27,-.73029131,.46035638,-1.6325732,.17199063,-.013503111,.5739255,-1.1383764,1.1113701,-8.5980873,3.2951436,-15.05645,-2.1397245,-.082855903,.42783475,-.92139661,.75568479
25.2,27,-.69185477,.43612701,-1.546648,.16293846,-.012792418,.54371876,-1.0784615,1.0528767,-8.1455545,3.1217144,-14.264002,-2.027107,-.078495048,.40531704,-.87290186,.71591175
25.3,27,-.65341896,.41189808,-1.4607244,.15388645,-.012081739,.51351261,-1.0185479,.99438447,-7.6930304,2.9482882,-13.471569,-1.9144915,-.074134275,.38279977,-.82440805,.67613947
25.4,27,-.61498243,.3876687,-1.3747991,.14483428,-.011371046,.48330587,-.95863312,.93589103,-7.2404976,2.774859,-12.679121,-1.8018739,-.069773421,.36028206,-.7759133,.63636643
25.5,27,-.57654589,.36343932,-1.2888739,.13578211,-.010660353,.45309913,-.89871836,.87739766,-6.7879648,2.6014297,-11.886674,-1.6892564,-.065412566,.33776435,-.72741854,.59659338
25.6,27,-.53810936,.33920994,-1.2029486,.12672994,-.0099496599,.42289242,-.83880359,.81890422,-6.3354321,2.4280005,-11.094226,-1.5766389,-.061051715,.31524664,-.67892379,.55682033
25.7,27,-.4996728,.31498057,-1.1170233,.11767776,-.0092389667,.39268568,-.77888876,.76041085,-5.8828993,2.254571,-10.301778,-1.4640214,-.056690861,.29272893,-.63042903,.51704729
25.8,27,-.46123701,.29075164,-1.0310998,.10862575,-.0085282875,.36247954,-.71897513,.70191854,-5.4303756,2.081145,-9.5093451,-1.351406,-.052330088,.27021164,-.58193517,.47727501
25.9,27,-.42280045,.26652226,-.94517452,.099573582,-.0078175953,.33227283,-.65906036,.64342517,-4.9778428,1.9077158,-8.716897,-1.2387885,-.047969233,.24769394,-.53344041,.43750197
26,27,-.38436392,.24229288,-.85924923,.090521403,-.0071069021,.30206609,-.59914559,.58493179,-4.52531,1.7342864,-7.924449,-1.126171,-.043608379,.22517623,-.48494568,.39772892
26.1,27,-.34592739,.2180635,-.77332401,.08146923,-.0063962089,.27185938,-.53923076,.52643836,-4.0727773,1.5608572,-7.1320009,-1.0135535,-.039247524,.20265852,-.43645093,.35795587
26.2,27,-.30749086,.19383413,-.68739873,.072417051,-.0056855162,.24165265,-.479316,.46794498,-3.6202445,1.3874278,-6.3395534,-.90093589,-.034886669,.18014081,-.38795617,.31818283
26.3,27,-.26905504,.16960521,-.60147512,.06336505,-.0049748369,.21144649,-.41940236,.40945268,-3.1677203,1.2140019,-5.5471206,-.78832054,-.030525899,.15762353,-.33946234,.27841055
26.4,27,-.23061851,.14537582,-.5155499,.054312877,-.0042641438,.18123977,-.35948756,.35095927,-2.7151878,1.0405725,-4.7546725,-.67570299,-.026165044,.13510582,-.29096758,.23863751
26.5,27,-.19218196,.12114644,-.42962462,.045260701,-.003553451,.15103304,-.2995728,.2924659,-2.262655,.86714321,-3.9622245,-.5630855,-.021804189,.11258812,-.24247284,.19886446
26.6,27,-.15374543,.096917063,-.34369937,.036208525,-.0028427581,.12082633,-.239658,.23397249,-1.8101223,.6937139,-3.1697767,-.45046794,-.017443335,.090070404,-.19397809,.15909141
26.7,27,-.11530888,.072687678,-.25777411,.027156353,-.0021320651,.090619601,-.17974322,.17547908,-1.3575895,.52028459,-2.3773286,-.33785042,-.01308248,.067552701,-.14548333,.11931837
26.8,27,-.076873079,.048458762,-.1718505,.01810435,-.0014213858,.06041345,-.11982957,.1169868,-.90506548,.34685862,-1.5848958,-.22523506,-.0087217093,.045035418,-.096989505,.079546086
26.9,27,-.038436539,.024229381,-.085925251,.0090521751,-.0007106929,.030206725,-.059914786,.058493398,-.45253274,.17342931,-.79244792,-.11261753,-.0043608546,.022517709,-.048494752,.039773043
27,27,0,0,0,0,0,0,0,0,0,0,0,0,0,0,0,0
27.1,27,.038361527,.024218671,-.0091061965,.085829251,.00069651462,.030194122,-.058482878,.059875906,.45226479,.1733707,.11246444,.79206514,.0043539079,.02250709,-.039759178,.048466992
27.2,27,.076272979,.048373315,-.018536976,.17108293,.0013079597,.060312726,-.11690281,.11951873,.90292197,.34639001,.22401002,1.5818338,.0086661354,.044950508,-.079435237,.096767507
27.3,27,.11328354,.0724006,-.028619029,.25518611,.0017492519,.090280212,-.17519671,.17869522,1.3503553,.51870406,.33371392,2.3669965,.01289492,.067266375,-.11894476,.14473461
27.4,27,.14894462,.096240938,-.039684165,.33757338,.0019353488,.12002371,-.2333068,.23717749,1.7929742,.68997085,.44065619,3.1452923,.016998747,.08939258,-.15820749,.192205
27.5,27,.18280537,.11983693,-.052070681,.41768143,.0017811675,.14947015,-.29117495,.29473728,2.2291627,.85984117,.54390502,3.9144206,.020935856,.11126641,-.1971423,.23901401
27.6,27,.21441576,.14313649,-.066126592,.49495813,.0012016374,.17854913,-.34874821,.3511515,2.6573131,1.0279729,.64252317,4.6721029,.024664562,.13282655,-.23567069,.28499982
27.7,27,.2433257,.16609378,-.082212135,.56886351,.00011169091,.20719285,-.40597883,.40620223,3.0758178,1.1940289,.73556417,5.4160714,.02814319,.1540129,-.27371657,.33000293
27.8,27,.26908436,.18867025,-.10070254,.63887125,-.0015737575,.23533632,-.46282446,.45967695,3.4830604,1.3576744,.82206762,6.144053,.031329975,.17476653,-.31120613,.37386608
27.9,27,.29124317,.21083803,-.12199181,.70447814,-.0039397473,.2629202,-.51925385,.51137435,3.8774507,1.5185916,.90106565,6.8538356,.034183402,.19503158,-.34807149,.41643828
28,27,.30935127,.23257898,-.14649516,.76519769,-.0070713661,.28988814,-.57524168,.56109899,4.2573724,1.6764619,.97156727,7.5431771,.036661707,.21475323,-.38424689,.45757028
28.1,27,.32303938,.25389716,-.17458989,.82066864,-.011038412,.31620249,-.63078392,.60870707,4.6215062,1.8310401,1.0327333,8.2102785,.038730692,.23389058,-.41968641,.4971478
28.2,27,.33226138,.27484259,-.20642023,.87094295,-.015849611,.34187979,-.68592167,.65422249,4.9696875,1.9823337,1.0843846,8.85499,.040386088,.25244865,-.45440418,.53517634
28.3,27,.33705112,.29547739,-.24207388,.91617614,-.021498427,.36695024,-.74070764,.69771081,5.302031,2.1304104,1.1265031,9.4775591,.041631009,.2704438,-.48842907,.5716911
28.4,27,.33744472,.31586692,-.28164303,.95653248,-.027978295,.3914468,-.79519993,.73924333,5.6186781,2.2753501,1.1590738,10.078282,.042468835,.28789431,-.52179366,.60673136
28.5,27,.33347601,.33607671,-.32522219,.99217421,-.03528269,.41540176,-.84945518,.77888978,5.9197435,2.4172235,1.1820725,10.657414,.042902682,.30481783,-.55452931,.64033467
28.6,27,.32517967,.35617366,-.37290788,1.0232671,-.04340506,.4388487,-.90353274,.81672263,6.2053509,2.5561063,1.1954747,11.215227,.042935759,.32123291,-.58666921,.67254072
28.7,27,.31259024,.37622529,-.4247978,1.0499783,-.052338865,.46182215,-.9574936,.85281587,6.4756241,2.6920755,1.1992531,11.751995,.042571269,.33715877,-.61824775,.7033903
28.8,27,.2957418,.39629883,-.48098966,1.0724733,-.062077556,.48435661,-1.011399,.88724399,6.7306781,2.8252058,1.1933765,12.26798,.041812353,.35261461,-.64929956,.73292428
28.9,27,.27467015,.4164626,-.54158151,1.0909219,-.072614603,.5064891,-1.065315,.92008579,6.9706535,2.9555829,1.1778175,12.76349,.040662356,.36762151,-.67986256,.76118731
29,27,.24940944,.43678293,-.60666937,1.1054883,-.083943434,.5282554,-1.119305,.9514181,7.1956658,3.0832839,1.1525404,13.238791,.039124418,.38219988,-.70997357,.78822243
29.1,27,.2199942,.45732576,-.67634779,1.1163362,-.096057519,.54969251,-1.173435,.98131996,7.405839,3.20839,1.11751,13.694168,.037201747,.39637101,-.73967117,.81407464
29.2,27,.18645883,.47815549,-.7507087,1.1236264,-.10895035,.5708378,-1.2277719,1.0098711,7.601295,3.3309834,1.0726876,14.129903,.034897521,.4101567,-.76899487,.83878988
29.3,27,.14883766,.4993346,-.82984018,1.1275154,-.12261533,.59172869,-1.2823822,1.0371516,7.7821512,3.4511442,1.0180327,14.546269,.032214914,.42357901,-.79798466,.86241448
29.4,27,.10716627,.52092469,-.91382736,1.1281599,-.13704598,.61240435,-1.3373364,1.0632445,7.9485464,3.5689631,.95350701,14.943585,.02915724,.43666157,-.82668376,.8849982
29.5,27,.06147911,.54298377,-1.0027496,1.1257077,-.15223564,.63290274,-1.3927022,1.088231,8.1005974,3.6845224,.87906623,15.322128,.02572768,.44942752,-.85513407,.90658939
29.6,27,.011810523,.56556779,-1.096682,1.120303,-.16817784,.65326256,-1.4485489,1.1121932,8.2384272,3.7979078,.79466456,15.68219,.021929413,.46190068,-.88337928,.92723811
29.7,27,-.041805152,.5887298,-1.1956943,1.112084,-.18486609,.67352247,-1.5049459,1.1352137,8.3621588,3.9092066,.7002545,16.024063,.017765621,.47410545,-.91146398,.94699526
29.8,27,-.099333525,.6125195,-1.2998496,1.1011826,-.20229377,.69372076,-1.5619615,1.157374,8.4719086,4.0185037,.59578621,16.34803,.01323947,.48606637,-.9394331,.96591204
29.9,27,-.160739,.63698453,-1.4092058,1.0877278,-.22045438,.71389717,-1.6196671,1.1787583,8.5678148,4.1258931,.48121285,16.654417,.0083542895,.49780953,-.96733445,.984043
30,27,-.22598714,.6621682,-1.523813,1.0718387,-.23934129,.73408955,-1.6781304,1.1994478,8.6499968,4.231463,.35648182,16.943512,.003113254,.50936025,-.99521452,1.001441
30.1,27,-.29504365,.68811089,-1.6437162,1.0536289,-.25894803,.75433618,-1.7374198,1.2195238,8.7185745,4.3353019,.22153901,17.215611,-.0024804627,.52074462,-1.0231212,1.0181602
30.2,27,-.36787418,.71484953,-1.7689536,1.0332052,-.27926812,.77467483,-1.7976029,1.2390666,8.7736721,4.4375014,.076329164,17.471016,-.0084236804,.5319891,-1.0511031,1.0342557
30.3,27,-.44444415,.74241751,-1.8995558,1.0106674,-.30029488,.79514229,-1.8587452,1.2581555,8.8154068,4.5381503,-.079204202,17.710018,-.01471321,.54311997,-1.0792087,1.0497823
30.4,27,-.52471834,.77084595,-2.0355487,.98611194,-.3220219,.81577635,-1.9209142,1.2768704,8.8439169,4.6373467,-.24511541,17.932949,-.021345757,.55416495,-1.1074891,1.0647975
30.5,27,-.60866183,.80016154,-2.1769497,.95962602,-.34444246,.8366124,-1.9841726,1.2952877,8.8593206,4.7351804,-.42146236,18.140102,-.028318109,.56515086,-1.1359935,1.0793573
30.6,27,-.6962406,.83038855,-2.3237722,.93129104,-.36755013,.85768569,-2.0485833,1.313483,8.8617392,4.8317442,-.60830534,18.331783,-.035627108,.576105,-1.1647722,1.0935179
30.7,27,-.78742051,.86154801,-2.4760237,.90118259,-.39133847,.87903053,-2.1142066,1.3315296,8.8512945,4.9271312,-.80570537,18.508293,-.043269601,.58705449,-1.1938752,1.107336
30.8,27,-.88216668,.89365792,-2.6337039,.8693707,-.41580072,.90067965,-2.1811004,1.349499,8.8281059,5.0214329,-1.0137223,18.669933,-.051242363,.59802639,-1.2233526,1.1208678
30.9,27,-.98044372,.92673457,-2.7968102,.8359226,-.44093049,.92266637,-2.2493234,1.3674624,8.7923107,5.1147494,-1.2324139,18.817036,-.059542097,.60904866,-1.2532555,1.1341714
31,27,-1.0822172,.96079057,-2.9653323,.80089772,-.46672115,.94502121,-2.3189287,1.3854865,8.7440271,5.2071719,-1.4618423,18.949896,-.06816563,.62014794,-1.2836332,1.1473019
31.1,27,-1.1874529,.99583685,-3.1392572,.76435143,-.49316618,.96777403,-2.3899684,1.4036361,8.6833773,5.2987943,-1.7020689,19.068823,-.077109776,.63135093,-1.3145349,1.1603154
31.2,27,-1.2961155,1.0318817,-3.3185666,.72633547,-.5202589,.99095339,-2.4624918,1.4219739,8.610486,5.3897109,-1.9531534,19.174126,-.08637128,.64268428,-1.3460093,1.1732668
31.3,27,-1.408174,1.0689319,-3.5032423,.68689406,-.54799342,1.014586,-2.5365453,1.4405584,8.5254593,5.4800119,-2.2151663,19.266085,-.095947288,.65417337,-1.3781036,1.186209
31.4,27,-1.5235878,1.106992,-3.6932523,.64607662,-.57636225,1.0386984,-2.6121738,1.4594493,8.4284544,5.5697985,-2.4881506,19.345058,-.10583399,.6658448,-1.4108658,1.1991979
31.5,27,-1.6423258,1.146065,-3.888572,.60392034,-.60535938,1.0633148,-2.6894181,1.4786993,8.3195753,5.6591606,-2.7721756,19.411325,-.11602855,.67772299,-1.4443412,1.2122841
31.6,27,-1.7643528,1.1861522,-4.0891685,.56046283,-.63497818,1.0884579,-2.7683165,1.4983602,8.1989479,5.7481904,-3.0672982,19.465195,-.12652768,.68983227,-1.4785742,1.2255187
31.7,27,-1.8896329,1.2272534,-4.2950053,.51573944,-.66521186,1.1141491,-2.8489039,1.5184803,8.0667,5.8369813,-3.3735726,19.506973,-.13732809,.70219624,-1.5136075,1.2389513
31.8,27,-2.0181375,1.2693679,-4.506053,.46977788,-.69605482,1.1404082,-2.9312136,1.539104,7.9229302,5.9256196,-3.6910708,19.536932,-.1484271,.71483725,-1.5494823,1.2526282
31.9,27,-2.149823,1.3124924,-4.7222605,.42261484,-.72749913,1.1672539,-3.0152748,1.5602765,7.7678041,6.0142055,-4.0198216,19.555431,-.15982066,.72777796,-1.5862393,1.266598
32,27,-2.2846599,1.3566239,-4.943594,.3742739,-.75953919,1.1947032,-3.1011145,1.582036,7.6014209,6.1028233,-4.3598933,19.562735,-.17150611,.74103892,-1.6239158,1.2809036
32.1,27,-2.4226131,1.4017574,-5.1700072,.32478082,-.79216808,1.222771,-3.1887553,1.6044191,7.4239011,6.1915603,-4.7113338,19.559135,-.18348013,.7546398,-1.662547,1.2955867
32.2,27,-2.5636463,1.4478883,-5.4014554,.27416259,-.82537943,1.2514726,-3.2782207,1.6274618,7.2353916,6.2805114,-5.0741849,19.544968,-.19573934,.76860034,-1.7021683,1.3106897
32.3,27,-2.7077286,1.49501,-5.6378942,.22243714,-.85916674,1.2808191,-3.3695259,1.6511924,7.0359793,6.3697519,-5.4485054,19.520464,-.20828097,.78293717,-1.7428097,1.3262477
32.4,27,-2.8548205,1.543116,-5.879272,.16963126,-.89352322,1.310823,-3.4626889,1.6756425,6.8258286,6.4593787,-5.834321,19.485979,-.22110125,.79766822,-1.7845023,1.3422997
32.5,27,-3.0048909,1.5921983,-6.1255422,.11576039,-.92844242,1.3414929,-3.5577202,1.7008352,6.6050272,6.5494633,-6.2316847,19.441738,-.23419742,.8128078,-1.8272715,1.3588766
32.6,27,-3.1579049,1.6422496,-6.3766551,.06084539,-.96391797,1.3728381,-3.6546311,1.7267953,6.3737121,6.6400924,-6.6406298,19.388054,-.24756616,.82837087,-1.8711432,1.3760109
32.7,27,-3.3138256,1.6932619,-6.6325579,.0049067256,-.9999432,1.4048667,-3.7534313,1.753545,6.1320257,6.7313519,-7.0611815,19.325232,-.26120406,.8443712,-1.9161413,1.3937331
32.8,27,-3.4726214,1.7452254,-6.8932004,-.052042283,-1.0365115,1.4375836,-3.8541236,1.7811003,5.8800578,6.8233085,-7.4933805,19.253496,-.27510825,.86081976,-1.962284,1.4120675
32.9,27,-3.6342542,1.7981318,-7.1585279,-.10998065,-1.0736165,1.4709947,-3.9567132,1.8094802,5.6179681,6.916049,-7.9372387,19.173176,-.28927514,.8777284,-2.0095911,1.4310409
33,27,-3.7986929,1.8519709,-7.4284892,-.16889666,-1.1112515,1.505103,-4.0611992,1.8386961,5.3458447,7.0096369,-8.3927908,19.08448,-.30370191,.89510584,-2.0580771,1.4506733
33.1,27,-3.9659016,1.9067333,-7.7030301,-.22877294,-1.14941,1.5399119,-4.1675816,1.8687619,5.0638275,7.1041489,-8.8600483,18.987703,-.31838518,.91296113,-2.1077561,1.4709858
33.2,27,-4.1358433,1.962409,-7.9820943,-.28959209,-1.1880853,1.5754238,-4.2758594,1.8996886,4.7720599,7.1996598,-9.3390141,18.883135,-.33332151,.93130219,-2.1586404,1.4919972
33.3,27,-4.3084879,2.0189879,-8.2656317,-.3513447,-1.2272713,1.6116387,-4.3860254,1.9314826,4.4706249,7.2962255,-9.8297148,18.770964,-.34850821,.95013458,-2.2107377,1.5137213
33.4,27,-4.4837966,2.0764592,-8.5535822,-.41401157,-1.2669611,1.6485577,-4.498075,1.9641526,4.159687,7.3939219,-10.332133,18.651506,-.36394158,.96946436,-2.2640569,1.5361737
33.5,27,-4.661737,2.1348119,-8.845891,-.47758269,-1.3071481,1.6861788,-4.6119976,1.9977016,3.8393364,7.4928002,-10.846282,18.524956,-.37961867,.98929513,-2.3186014,1.5593641
33.6,27,-4.8422747,2.1940358,-9.1425056,-.54204339,-1.3478259,1.7245014,-4.7277865,2.0321345,3.5097096,7.5929251,-11.37215,18.391569,-.3955363,1.0096307,-2.3743761,1.5833035
33.7,27,-5.025372,2.2541201,-9.4433661,-.60737795,-1.3889879,1.7635233,-4.8454304,2.0674546,3.1709502,7.6943583,-11.909715,18.251616,-.41169095,1.0304737,-2.4313824,1.6080004
33.8,27,-5.2110009,2.3150539,-9.7484236,-.67357856,-1.4306279,1.8032415,-4.9649162,2.1036603,2.823138,7.7971439,-12.458983,18.105259,-.42808005,1.0518254,-2.48962,1.6334598
33.9,27,-5.3991189,2.3768256,-10.057611,-.74062639,-1.4727389,1.8436525,-5.0862312,2.1407535,2.4664466,7.9013433,-13.019902,17.952795,-.44469965,1.0736868,-2.549087,1.6596879
34,27,-5.5896969,2.439424,-10.37088,-.8085137,-1.5153145,1.8847518,-5.2093601,2.1787312,2.1009562,8.0069962,-13.592467,17.79438,-.46154705,1.0960575,-2.6097803,1.6866863
34.1,27,-5.7826977,2.5028379,-10.688169,-.87722576,-1.5583481,1.926535,-5.3342872,2.2175913,1.7268107,8.114152,-14.176636,17.630257,-.47861889,1.1189371,-2.6716952,1.7144575
34.2,27,-5.9780865,2.5670562,-11.009424,-.94674844,-1.6018331,1.9689976,-5.4609976,2.2573314,1.3441498,8.2228603,-14.77236,17.460659,-.49591175,1.1423244,-2.7348266,1.7430029
34.3,27,-6.1758318,2.6320677,-11.33459,-1.0170736,-1.6457634,2.0121334,-5.5894723,2.2979455,.95305783,8.3331499,-15.379616,17.285732,-.51342297,1.166217,-2.7991662,1.7723203
34.4,27,-6.3758936,2.6978605,-11.663603,-1.0881841,-1.6901318,2.0559368,-5.7196937,2.3394301,.55370402,8.4450693,-15.998327,17.105736,-.53114861,1.1906124,-2.864706,1.8024089
34.5,27,-6.5782428,2.7644234,-11.996413,-1.1600723,-1.7349323,2.1004007,-5.8516421,2.3817775,.14616844,8.5586433,-16.628464,16.920801,-.54908609,1.2155074,-2.9314368,1.8332646
34.6,27,-6.7828426,2.8317449,-12.33296,-1.2327243,-1.7801582,2.1455193,-5.9852986,2.4249823,-.269407,8.6739092,-17.269957,16.731142,-.56723207,1.2408985,-2.9993484,1.8648841
34.7,27,-6.9896555,2.8998137,-12.673185,-1.3061256,-1.8258027,2.1912854,-6.1206431,2.4690375,-.69287628,8.7908993,-17.922722,16.53697,-.58558297,1.2667816,-3.0684292,1.8972633
34.8,27,-7.1986523,2.9686177,-13.017035,-1.3802683,-1.8718596,2.2376909,-6.2576532,2.5139341,-1.1241553,8.9096327,-18.586714,16.338404,-.60413605,1.293152,-3.1386673,1.9303951
34.9,27,-7.4097943,3.0381463,-13.364451,-1.455137,-1.9183223,2.2847297,-6.3963099,2.5596654,-1.5630869,9.0301409,-19.261839,16.135664,-.62288785,1.3200051,-3.2100503,1.9642746
35,27,-7.6230483,3.1083868,-13.715375,-1.5307221,-1.965184,2.3323922,-6.5365887,2.6062207,-2.0095747,9.1524372,-19.948023,15.928873,-.64183521,1.3473352,-3.2825637,1.9988934
35.1,27,-7.838387,3.1793303,-14.06976,-1.6070141,-2.0124397,2.3806725,-6.678472,2.6535926,-2.4635077,9.2765455,-20.645203,15.718187,-.66097564,1.3751378,-3.3561964,2.034245
35.2,27,-8.0557528,3.2509594,-14.427516,-1.6839889,-2.0600786,2.4295588,-6.8219266,2.7017694,-2.9246678,9.402483,-21.353195,15.50386,-.68030375,1.4034052,-3.4309273,2.0703199
35.3,27,-8.2751369,3.3232689,-14.788625,-1.7616495,-2.108099,2.4790463,-6.9669409,2.7507427,-3.3930533,9.5302572,-22.072014,15.285908,-.69981885,1.4321332,-3.5067484,2.1071107
35.4,27,-8.4964838,3.3962421,-15.152995,-1.8399711,-2.1564903,2.5291235,-7.1134815,2.8005009,-3.868433,9.6598864,-22.801462,15.064595,-.71951562,1.461314,-3.5836382,2.1446071
35.5,27,-8.7197857,3.4698744,-15.520615,-1.9189574,-2.2052515,2.5797858,-7.2615385,2.8510358,-4.3508129,9.7913733,-23.541552,14.839926,-.73939359,1.4909432,-3.6615884,2.1828015
35.6,27,-8.944993,3.5441499,-15.891399,-1.9985874,-2.2543724,2.6310215,-7.4110799,2.9023352,-4.8399963,9.9247265,-24.292103,14.612111,-.75944793,1.521013,-3.7405787,2.2216828
35.7,27,-9.1720514,3.6190524,-16.265263,-2.0788391,-2.3038433,2.6828191,-7.5620723,2.9543855,-5.3357773,10.059953,-25.052921,14.381368,-.77967358,1.5515146,-3.8205864,2.2612393
35.8,27,-9.4009552,3.6945777,-16.642195,-2.1597166,-2.353663,2.7351737,-7.7145047,3.0071788,-5.8381658,10.197049,-25.824015,14.147683,-.80007029,1.582444,-3.9016035,2.3014629
35.9,27,-9.63165,3.770709,-17.022104,-2.2411957,-2.4038212,2.7880731,-7.8683438,3.0607014,-6.3469353,10.33602,-26.605162,13.911291,-.8206327,1.6137918,-3.9836066,2.3423412
36,27,-9.8641281,3.8474422,-17.404976,-2.3232796,-2.4543164,2.841512,-8.0235777,3.1149445,-6.8620882,10.476861,-27.396358,13.672182,-.84136033,1.6455538,-4.0665865,2.3838661
36.1,27,-10.09833,3.9247589,-17.790714,-2.4059434,-2.5051374,2.8954771,-8.1801682,3.1698935,-7.3833981,10.619567,-28.197367,13.430572,-.86224765,1.6777202,-4.1505189,2.4260237
36.2,27,-10.334224,4.0026488,-18.179272,-2.4891758,-2.5562785,2.9499602,-8.3380947,3.2255373,-7.9107413,10.764137,-29.008062,13.18658,-.8832916,1.7102841,-4.2353868,2.4688036
36.3,27,-10.571783,4.0811019,-18.570597,-2.5729702,-2.6077342,3.0049522,-8.4973326,3.2818639,-8.444047,10.910557,-29.828344,12.940251,-.90448987,1.7432386,-4.3211746,2.5121949
36.4,27,-10.810966,4.1601057,-18.964622,-2.6573088,-2.659497,3.0604429,-8.657855,3.338861,-8.9831362,11.058823,-30.65803,12.691757,-.92583835,1.7765756,-4.4078627,2.556186
36.5,27,-11.051746,4.2396498,-19.361307,-2.7421856,-2.7115614,3.1164238,-8.8196402,3.3965168,-9.5279455,11.208918,-31.497021,12.44113,-.94733495,1.8102884,-4.4954352,2.6007652
36.6,27,-11.294085,4.3197217,-19.760584,-2.8275847,-2.7639203,3.1728842,-8.9826593,3.4548185,-10.078316,11.360833,-32.345139,12.188507,-.9689756,1.8443691,-4.5838723,2.6459212
36.7,27,-11.53794,4.4003096,-20.16239,-2.9134915,-2.8165662,3.2298143,-9.1468859,3.5137537,-10.634098,11.514555,-33.202213,11.934015,-.99075693,1.8788095,-4.6731558,2.691642
36.8,27,-11.78329,4.4814038,-20.566681,-2.9999001,-2.8694944,3.2872057,-9.3122988,3.5733104,-11.19523,11.670065,-34.068138,11.677678,-1.0126766,1.9136031,-4.7632694,2.7379165
36.9,27,-12.03009,4.5629911,-20.973389,-3.086792,-2.9226968,3.3450475,-9.4788694,3.6334758,-11.761527,11.82735,-34.942707,11.419653,-1.0347306,1.9487413,-4.8541932,2.7847323
37,27,-12.278313,4.6450615,-21.382465,-3.1741602,-2.9761682,3.4033306,-9.6465731,3.6942375,-12.33292,11.986386,-35.825806,11.159966,-1.0569162,1.9842174,-4.9459109,2.8320782
37.1,27,-12.527921,4.7276025,-21.793852,-3.2619905,-3.029901,3.4620452,-9.8153849,3.7555828,-12.90926,12.147159,-36.717251,10.898733,-1.0792303,2.0200233,-5.038403,2.8799427
37.2,27,-12.778874,4.8106022,-22.207481,-3.3502674,-3.0838885,3.5211809,-9.9852762,3.8174992,-13.490395,12.309646,-37.616856,10.636067,-1.1016688,2.0561509,-5.1316509,2.928313
37.3,27,-13.03115,4.8940516,-22.623314,-3.4389846,-3.1381257,3.580729,-10.156225,3.8799744,-14.07626,12.473824,-38.524506,10.371984,-1.1242298,2.0925939,-5.2256384,2.9771791
37.4,27,-13.2847,4.9779367,-23.041277,-3.5281236,-3.1926041,3.6406786,-10.328203,3.9429953,-14.666671,12.639672,-39.439972,10.10663,-1.1469089,2.1293435,-5.3203454,3.0265274
37.5,27,-13.5395,5.0622478,-23.461323,-3.6176772,-3.2473183,3.701021,-10.501186,4.0065494,-15.261556,12.807164,-40.363136,9.840024,-1.1697037,2.1663926,-5.4157553,3.0763476
37.6,27,-13.795513,5.1469731,-23.883396,-3.7076318,-3.3022618,3.7617459,-10.675149,4.0706248,-15.860774,12.976276,-41.293808,9.5722609,-1.1926109,2.2037337,-5.5118499,3.1266279
37.7,27,-14.0527,5.2321005,-24.307428,-3.7979712,-3.3574276,3.8228433,-10.850062,4.1352077,-16.46417,13.146986,-42.231789,9.3034487,-1.2156266,2.2413588,-5.6086092,3.177356
37.8,27,-14.311034,5.3176203,-24.733379,-3.8886895,-3.4128098,3.8843043,-11.025907,4.2002869,-17.07168,13.319263,-43.176956,9.0335951,-1.2387488,2.2792614,-5.7060189,3.2285213
37.9,27,-14.570471,5.4035192,-25.161173,-3.9797671,-3.4684007,3.9461179,-11.202649,4.2658482,-17.683113,13.493081,-44.129066,8.7628393,-1.2619729,2.3174324,-5.8040571,3.2801113
38,27,-14.830983,5.4897871,-25.590769,-4.0711975,-3.5241947,4.008275,-11.38027,4.3318801,-18.298405,13.668411,-45.087997,8.49119,-1.2852968,2.3558657,-5.9027085,3.3321149
38.1,27,-15.092535,5.5764132,-26.022104,-4.1629663,-3.5801852,4.070766,-11.558741,4.3983698,-18.917406,13.845226,-46.053551,8.2187386,-1.3087169,2.3945532,-6.0019546,3.384521
38.2,27,-15.355089,5.6633849,-26.455118,-4.2550592,-3.6363654,4.1335812,-11.738036,4.4653049,-19.539976,14.023498,-47.025528,7.9455738,-1.3322297,2.4334874,-6.1017776,3.4373178
38.3,27,-15.618613,5.7506909,-26.889761,-4.347466,-3.6927288,4.1967101,-11.91813,4.5326719,-20.166023,14.203193,-48.003769,7.6717229,-1.3558325,2.472661,-6.2021589,3.490494
38.4,27,-15.88307,5.8383207,-27.325968,-4.4401712,-3.7492685,4.2601438,-12.098996,4.6004596,-20.795389,14.384284,-48.988068,7.3972893,-1.3795215,2.5120664,-6.303081,3.5440381
38.5,27,-16.148432,5.9262638,-27.763695,-4.5331683,-3.8059793,4.3238726,-12.280614,4.6686554,-21.428001,14.566739,-49.978287,7.1222825,-1.4032944,2.551697,-6.4045286,3.5979397
38.6,27,-16.414658,6.0145073,-28.202875,-4.6264396,-3.8628531,4.387886,-12.462952,4.7372456,-22.063696,14.750525,-50.974197,6.8468022,-1.4271473,2.5915444,-6.5064812,3.6521866
38.7,27,-16.681711,6.1030407,-28.643452,-4.7199721,-3.919884,4.4521751,-12.645987,4.8062191,-22.702343,14.935615,-51.975609,6.5709243,-1.451077,2.6316018,-6.6089215,3.7067678
38.8,27,-16.949562,6.1918521,-29.085369,-4.813756,-3.9770648,4.5167294,-12.829692,4.8755617,-23.343843,15.12197,-52.982361,6.2946725,-1.4750804,2.6718616,-6.711833,3.761672
38.9,27,-17.218174,6.2809305,-29.528572,-4.9077764,-4.03439,4.5815396,-13.014043,4.9452629,-23.98805,15.309563,-53.99424,6.0181413,-1.4991542,2.7123168,-6.815197,3.8168888
39,27,-17.487518,6.3702664,-29.973011,-5.0020242,-4.0918531,4.6465969,-13.199016,5.0153098,-24.634882,15.498359,-55.011105,5.7413421,-1.5232958,2.7529604,-6.9189992,3.8724074
39.1,27,-17.757551,6.459847,-30.418619,-5.0964847,-4.149447,4.7118912,-13.384583,5.0856895,-25.284184,15.688323,-56.032734,5.464365,-1.5475014,2.7937849,-7.0232191,3.9282162
39.2,27,-18.02824,6.5496602,-30.865337,-5.1911421,-4.2071643,4.7774115,-13.570719,5.1563892,-25.935806,15.879424,-57.058907,5.1872935,-1.5717676,2.8347821,-7.1278386,3.9843035
39.3,27,-18.299557,6.6396966,-31.313122,-5.2859898,-4.2650008,4.8431497,-13.7574,5.2273989,-26.589687,16.071629,-58.0895,4.9101257,-1.5960919,2.8759468,-7.2328439,4.0406604
39.4,27,-18.571455,6.7299433,-31.761902,-5.3810086,-4.322947,4.9090953,-13.944597,5.2987027,-27.245636,16.2649,-59.124252,4.6329823,-1.6204702,2.9172699,-7.3382139,4.0972738
39.5,27,-18.843914,6.8203912,-32.211636,-5.4761925,-4.3809991,4.9752398,-14.13229,5.3702922,-27.903595,16.459206,-60.163048,4.3558545,-1.6449003,2.958746,-7.4439359,4.1541352
39.6,27,-19.116892,6.9110284,-32.662258,-5.5715256,-4.4391494,5.0415735,-14.320452,5.442153,-28.563414,16.654512,-61.205658,4.0788307,-1.6693785,3.0003669,-7.5499897,4.2112327
39.7,27,-19.39035,7.001842,-33.113708,-5.6669922,-4.4973903,5.1080852,-14.509053,5.5142722,-29.22493,16.850782,-62.251854,3.8019967,-1.6939012,3.0421252,-7.6563573,4.2685547
39.8,27,-19.664261,7.0928221,-33.565937,-5.7625842,-4.5557165,5.1747665,-14.698072,5.5866394,-29.888075,17.047981,-63.301506,3.5253565,-1.7184657,3.0840149,-7.7630239,4.3260922
39.9,27,-19.938585,7.1839581,-34.018887,-5.8582864,-4.6141219,5.2416081,-14.887486,5.6592417,-30.552691,17.246078,-64.354385,3.2490034,-1.7430687,3.1260283,-7.8699713,4.3838339
40,27,-20.213295,7.275239,-34.4725,-5.9540882,-4.6725993,5.3086009,-15.077266,5.7320671,-31.218689,17.445036,-65.410332,2.9729531,-1.7677072,3.1681588,-7.9771843,4.4417701
40.1,27,-20.488346,7.366652,-34.92672,-6.0499749,-4.7311416,5.3757339,-15.267385,5.8051028,-31.885914,17.644815,-66.469116,2.6972904,-1.7923775,3.2103987,-8.0846434,4.4998884
40.2,27,-20.763712,7.4581871,-35.381489,-6.1459332,-4.7897429,5.4429984,-15.457824,5.8783383,-32.554241,17.845388,-67.530563,2.4220774,-1.8170767,3.2527418,-8.1923332,4.5581799
40.3,27,-21.039354,7.5498338,-35.836758,-6.2419529,-4.8483968,5.5103855,-15.648554,5.9517603,-33.223576,18.046715,-68.59449,2.1473348,-1.8418018,3.2951808,-8.3002377,4.6166339
40.4,27,-21.315235,7.6415782,-36.292454,-6.3380165,-4.9070959,5.5778837,-15.839547,6.0253558,-33.893745,18.248758,-69.660652,1.8731662,-1.8665487,3.337708,-8.4083366,4.6752391
40.5,27,-21.591328,7.7334132,-36.748539,-6.4341173,-4.9658346,5.6454864,-16.030785,6.0991154,-34.56469,18.451488,-70.728943,1.599564,-1.8913155,3.3803184,-8.5166178,4.7339869
40.6,27,-21.867596,7.8253255,-37.204952,-6.5302405,-5.0246067,5.7131834,-16.22224,6.1730266,-35.236256,18.654867,-71.799126,1.3266124,-1.9160984,3.4230039,-8.6250629,4.7928662
40.7,27,-22.143995,7.9173026,-37.661625,-6.626368,-5.0834041,5.7809625,-16.413883,6.2470746,-35.908279,18.858856,-72.870964,1.0544004,-1.9408933,3.4657569,-8.7336521,4.8518653
40.8,27,-22.420507,8.0093365,-38.118519,-6.7224951,-5.1422219,5.8488183,-16.605696,6.3212514,-36.580715,19.063427,-73.944344,.78291577,-1.9656987,3.5085723,-8.8423738,4.9109764
40.9,27,-22.697077,8.1014128,-38.575554,-6.8186002,-5.2010512,5.916738,-16.797644,6.3955417,-37.253349,19.268536,-75.018982,.51228285,-1.9905096,3.551441,-8.9512062,4.9701867
41,27,-22.973692,8.1935244,-39.032703,-6.9146795,-5.2598886,5.984715,-16.989714,6.4699368,-37.926151,19.474152,-76.094788,.2424843,-2.0153246,3.5943587,-9.0601387,5.029489
41.1,27,-23.250309,8.2856588,-39.489902,-7.0107174,-5.318727,6.0527396,-17.181879,6.5444245,-38.598972,19.680244,-77.171539,-.026401989,-2.0401399,3.6373184,-9.1691532,5.0888729
41.2,27,-23.526924,8.3778133,-39.947136,-7.1067119,-5.3775649,6.1208086,-17.37413,6.619,-39.271763,19.886791,-78.249161,-.29436964,-2.0649548,3.6803169,-9.2782431,5.1483335
41.3,27,-23.803543,8.4699898,-40.404415,-7.2026677,-5.4364028,6.1889224,-17.566467,6.6936622,-39.94458,20.093781,-79.327667,-.56149435,-2.0897701,3.7233541,-9.3874102,5.20787
41.4,27,-24.080154,8.5621843,-40.861729,-7.2985816,-5.4952402,6.2570767,-17.758886,6.768405,-40.617367,20.301197,-80.406982,-.82774925,-2.1145849,3.7664275,-9.4966469,5.2674775
41.5,27,-24.356777,8.6544008,-41.319092,-7.3944631,-5.5540795,6.3252745,-17.951389,6.8432307,-41.290199,20.509035,-81.487167,-1.0932294,-2.1394007,3.8095381,-9.605958,5.327157
41.6,27,-24.633394,8.7466345,-41.776482,-7.4903049,-5.6129169,6.3935103,-18.143967,6.9181323,-41.963009,20.717272,-82.568115,-1.3579028,-2.1642158,3.8526824,-9.7153339,5.3869028
41.7,27,-24.910006,8.8388853,-42.233902,-7.5861092,-5.6717544,6.4617834,-18.336617,6.9931083,-42.635796,20.9259,-83.649803,-1.6217856,-2.1890306,3.895859,-9.8247738,5.446713
41.8,27,-25.186628,8.9311562,-42.691372,-7.6818843,-5.7305937,6.5300961,-18.529346,7.0681591,-43.308628,21.134911,-84.732292,-1.8849642,-2.2138462,3.9390697,-9.9342813,5.5065885
41.9,27,-25.463242,9.0234413,-43.148861,-7.7776213,-5.7894311,6.5984421,-18.722139,7.1432781,-43.981415,21.344286,-85.815445,-2.1473808,-2.2386611,3.9823098,-10.043845,5.5665231
42,27,-25.739859,9.1157446,-43.606388,-7.8733287,-5.848269,6.6668243,-18.915005,7.2184668,-44.654232,21.554022,-86.899338,-2.4091251,-2.2634764,4.0255814,-10.153471,5.6265178
42.1,27,-26.016479,9.2080641,-44.063953,-7.9690061,-5.9071078,6.7352409,-19.107937,7.2937222,-45.327057,21.764105,-87.983917,-2.6701939,-2.2882919,4.068882,-10.263154,5.6865706
42.2,27,-26.293093,9.3003969,-44.521534,-8.0646486,-5.9659452,6.8036885,-19.30093,7.3690395,-45.99984,21.974524,-89.069115,-2.930567,-2.3131068,4.1122098,-10.37289,5.7466769
42.3,27,-26.56971,9.3927469,-44.979156,-8.1602659,-6.0247831,6.872169,-19.493988,7.4444208,-46.672661,22.185272,-90.154991,-3.1903265,-2.3379221,4.1555662,-10.482682,5.806838
42.4,27,-26.846325,9.4851093,-45.436798,-8.2558508,-6.083621,6.94068,-19.687103,7.5198617,-47.345451,22.396338,-91.241463,-3.4494379,-2.3627369,4.1989484,-10.592525,5.8670506
42.5,27,-27.122944,9.5774879,-45.894474,-8.3514118,-6.1424594,7.0092211,-19.88028,7.5953617,-48.018269,22.607714,-92.328575,-3.7079659,-2.3875523,4.2423568,-10.702419,5.9273143
42.6,27,-27.399561,9.6698799,-46.352177,-8.4469452,-6.2012973,7.0777917,-20.073515,7.6709194,-48.69109,22.819391,-93.416275,-3.9659035,-2.4123676,4.2857904,-10.812363,5.987627
42.7,27,-27.676176,9.7622843,-46.809902,-8.54245,-6.2601352,7.1463895,-20.266802,7.746531,-49.36388,23.031361,-94.504517,-4.2232442,-2.4371827,4.3292475,-10.922352,6.0479865
42.8,27,-27.952795,9.8547029,-47.267658,-8.6379309,-6.3189735,7.2150154,-20.460144,7.8221974,-50.036697,23.243614,-95.593346,-4.4800501,-2.461998,4.3727288,-11.032389,6.1083927
42.9,27,-28.229406,9.9471321,-47.72543,-8.7333851,-6.377811,7.2836671,-20.653536,7.8979144,-50.709484,23.456144,-96.682678,-4.7362847,-2.4868126,4.4162316,-11.142467,6.1688423
43,27,-28.506027,10.039577,-48.183235,-8.8288183,-6.4366493,7.3523459,-20.846983,7.9736843,-51.382309,23.668947,-97.772591,-4.9920244,-2.5116282,4.4597583,-11.252593,6.2293367
43.1,27,-28.782646,10.132031,-48.641064,-8.9242277,-6.4954877,7.4210501,-21.040478,8.0495024,-52.055126,23.882011,-98.863007,-5.2472444,-2.5364435,4.5033054,-11.362761,6.2898731
43.2,27,-29.059317,10.224515,-49.098999,-9.0196362,-6.5543361,7.4897909,-21.234056,8.1253834,-52.728123,24.095367,-99.954178,-5.5020709,-2.5612638,4.5468826,-11.47299,6.3504624
43.3,27,-29.335819,10.316958,-49.556686,-9.114953,-6.6131525,7.5585155,-21.42757,8.2012663,-53.400524,24.308859,-101.04501,-5.7560387,-2.5860684,4.5904527,-11.58319,6.4110537
43.4,27,-29.612494,10.409464,-50.014668,-9.2103176,-6.6720014,7.6273041,-21.621243,8.2772398,-54.073528,24.522707,-102.13715,-6.0099082,-2.6108887,4.6340699,-11.693499,6.4717216
43.5,27,-29.889109,10.501964,-50.47258,-9.3056383,-6.7308393,7.6961012,-21.81492,8.3532419,-54.746342,24.736752,-103.22948,-6.2631979,-2.6357038,4.6776972,-11.803822,6.532414
43.6,27,-30.165731,10.594475,-50.930523,-9.4009418,-6.7896781,7.7649221,-22.008646,8.4292889,-55.419174,24.951031,-104.3223,-6.5160527,-2.6605196,4.721344,-11.914184,6.5931449
43.7,27,-30.442404,10.687012,-51.388561,-9.4962444,-6.848527,7.8337755,-22.202446,8.5053911,-56.092171,25.165567,-105.41578,-6.7685642,-2.6853399,4.765017,-12.024602,6.6539216
43.8,27,-30.718901,10.779506,-51.846344,-9.5914574,-6.907342,7.9026093,-22.396172,8.5814877,-56.764557,25.380203,-106.50884,-7.0202703,-2.710144,4.8086791,-12.134982,6.7146945
43.9,27,-30.995577,10.872064,-52.304432,-9.6867228,-6.9661918,7.9715052,-22.590055,8.6576719,-57.437569,25.595175,-107.60319,-7.2719469,-2.7349646,4.8523879,-12.24547,6.7755404
44,27,-31.272196,10.964613,-52.762444,-9.7819481,-7.0250297,8.0404072,-22.783939,8.7338791,-58.110386,25.810314,-108.69767,-7.5231009,-2.7597799,4.8961034,-12.355967,6.8364062
44.1,27,-31.548811,11.057171,-53.220467,-9.8771534,-7.0838675,8.1093283,-22.977858,8.8101234,-58.783195,26.025654,-109.79254,-7.7738533,-2.7845953,4.9398351,-12.466494,6.8973036
44.2,27,-31.82543,11.149739,-53.678516,-9.9723425,-7.1427064,8.1782684,-23.171818,8.886405,-59.456005,26.241194,-110.8878,-8.0242119,-2.8094106,4.983583,-12.577053,6.9582324
44.3,27,-32.102043,11.242314,-54.136574,-10.067513,-7.2015438,8.2472258,-23.365808,8.9627209,-60.128807,26.456921,-111.98342,-8.2741947,-2.8342254,5.0273452,-12.687641,7.0191903
44.4,27,-32.378662,11.334899,-54.594654,-10.162667,-7.2603817,8.3162012,-23.559837,9.039073,-60.801609,26.67284,-113.07941,-8.5238028,-2.8590407,5.0711231,-12.79826,7.0801783
44.5,27,-32.655277,11.427492,-55.05275,-10.257807,-7.3192201,8.3851948,-23.753901,9.1154594,-61.474426,26.888943,-114.17578,-8.7730684,-2.8838561,5.1149158,-12.908907,7.1411953
44.6,27,-32.931896,11.520093,-55.510864,-10.35293,-7.3780584,8.4542055,-23.947996,9.1918793,-62.147243,27.105223,-115.27251,-9.0219841,-2.9086714,5.1587229,-13.019583,7.20224
44.7,27,-33.208515,11.612702,-55.96899,-10.448036,-7.4368963,8.5232325,-24.142124,9.2683315,-62.820045,27.321678,-116.36955,-9.2705393,-2.9334865,5.2025437,-13.130284,7.2633114
44.8,27,-33.485126,11.705317,-56.427128,-10.543127,-7.4957337,8.5922747,-24.336283,9.3448143,-63.492847,27.538301,-117.46693,-9.5187674,-2.9583013,5.2463775,-13.241012,7.324409
44.9,27,-33.761745,11.797941,-56.885284,-10.638204,-7.5545721,8.6613331,-24.530472,9.4213285,-64.165649,27.755095,-118.56463,-9.7666626,-2.9831166,5.2902246,-13.351767,7.3855333
45,27,-34.038364,11.890574,-57.34346,-10.733268,-7.61341,8.7304077,-24.724693,9.4978743,-64.838463,27.97205,-119.66267,-10.014256,-3.0079319,5.334085,-13.462546,7.4466829
45.1,27,-34.31498,11.983212,-57.801647,-10.828317,-7.6722484,8.7994967,-24.918945,9.5744486,-65.511284,28.189165,-120.76103,-10.261537,-3.0327473,5.3779583,-13.573352,7.5078573
45.2,27,-34.591599,12.075858,-58.259846,-10.923351,-7.7310867,8.8686008,-25.113224,9.6510515,-66.184082,28.406433,-121.85967,-10.508496,-3.0575624,5.4218431,-13.684179,7.5690551
45.3,27,-34.86821,12.168509,-58.718052,-11.018372,-7.7899241,8.9377184,-25.307529,9.7276812,-66.856888,28.623852,-122.9586,-10.755166,-3.0823772,5.4657397,-13.795031,7.6302757
45.4,27,-35.144829,12.261168,-59.176277,-11.113379,-7.848762,9.0068502,-25.501863,9.8043404,-67.529686,28.841421,-124.05783,-11.001538,-3.1071925,5.5096483,-13.905905,7.6915197
45.5,27,-35.421448,12.353835,-59.634518,-11.208376,-7.9076004,9.0759964,-25.696226,9.8810253,-68.202507,29.059137,-125.15736,-11.247643,-3.1320078,5.5535688,-14.016803,7.7527866
45.6,27,-35.698067,12.446507,-60.09277,-11.303359,-7.9664388,9.1451559,-25.890615,9.9577379,-68.87532,29.276993,-126.25717,-11.493469,-3.1568232,5.5975003,-14.127722,7.8140755
45.7,27,-35.974682,12.539186,-60.551033,-11.39833,-8.0252771,9.2143288,-26.085028,10.034475,-69.548126,29.494989,-127.35724,-11.739007,-3.1816382,5.6414423,-14.238662,7.8753853
45.8,27,-36.251297,12.631869,-61.009304,-11.493287,-8.0841141,9.2835131,-26.279465,10.111237,-70.220924,29.713116,-128.45757,-11.984286,-3.2064531,5.6853943,-14.349621,7.9367151
45.9,27,-36.527912,12.72456,-61.46759,-11.588233,-8.142952,9.3527107,-26.473928,10.188024,-70.893723,29.931379,-129.55815,-12.229299,-3.2312684,5.7293572,-14.460603,7.9980655
46,27,-36.804531,12.817257,-61.925892,-11.683169,-8.2017908,9.4219208,-26.668415,10.264834,-71.566544,30.149773,-130.65901,-12.474074,-3.2560837,5.7733307,-14.571604,8.0594368
46.1,27,-37.08115,12.909959,-62.384205,-11.778094,-8.2606287,9.4911423,-26.862926,10.341669,-72.239365,30.368294,-131.76012,-12.7186,-3.280899,5.8173141,-14.682625,8.1208267
46.2,27,-37.357765,13.002666,-62.842525,-11.873007,-8.3194666,9.5603762,-27.057461,10.418526,-72.912163,30.586937,-132.86145,-12.962866,-3.3057141,5.8613067,-14.793664,8.1822357
46.3,27,-37.63438,13.095379,-63.30085,-11.967908,-8.3783045,9.6296206,-27.252014,10.495405,-73.584961,30.8057,-133.96303,-13.206901,-3.3305292,5.9053087,-14.904721,8.2436628
46.4,27,-37.910995,13.188098,-63.759193,-12.062799,-8.4371424,9.6988764,-27.446592,10.572307,-74.257767,31.024586,-135.06483,-13.450695,-3.3553443,5.9493198,-15.015798,8.305109
46.5,27,-38.187614,13.280822,-64.217545,-12.157681,-8.4959803,9.7681437,-27.641191,10.64923,-74.93058,31.243586,-136.16689,-13.694278,-3.3801596,5.993341,-15.126892,8.3665724
46.6,27,-38.464233,13.373551,-64.675911,-12.252554,-8.5548191,9.8374224,-27.835812,10.726174,-75.603401,31.462702,-137.26917,-13.937637,-3.4049749,6.0373702,-15.238004,8.4280539
46.7,27,-38.740849,13.466286,-65.134285,-12.347415,-8.613657,9.9067106,-28.030453,10.803139,-76.276199,31.681929,-138.37164,-14.180761,-3.42979,6.0814085,-15.349132,8.4895515
46.8,27,-39.017464,13.559024,-65.592659,-12.442266,-8.6724949,9.9760084,-28.225113,10.880123,-76.949005,31.901262,-139.47433,-14.423677,-3.4546051,6.1254544,-15.460275,8.5510645
46.9,27,-39.294079,13.651768,-66.051056,-12.537107,-8.7313328,10.045318,-28.419792,10.957128,-77.621803,32.120705,-140.57722,-14.666377,-3.4794202,6.1695089,-15.571436,8.6125956
47,27,-39.570698,13.744516,-66.509453,-12.631941,-8.7901707,10.114636,-28.614494,11.034152,-78.294624,32.340256,-141.68036,-14.908887,-3.5042355,6.2135725,-15.682613,8.6741428
