temp,ref,yhat_comm,se_comm,lowerci_comm,upperci_comm,yhat_low,se_low,lowerci_low,upperci_low,yhat_high,se_high,lowerci_high,upperci_high,yhat_marg,se_marg,lowerci_marg,upperci_marg
-20,27,-17.811478,11.224747,-39.811577,4.188622,-2.4541934,9.8432531,-21.746614,16.838228,-155.81433,77.994064,-308.6799,-2.9487653,-153.36014,78.64695,-307.50531,.78505045
-19.9,27,-17.773581,11.200865,-39.726871,4.1797104,-2.4489715,9.8223095,-21.700346,16.802402,-155.4828,77.828125,-308.02313,-2.9424913,-153.03384,78.479614,-306.85104,.78338009
-19.8,27,-17.735683,11.176982,-39.642166,4.1707983,-2.4437499,9.8013668,-21.654076,16.766577,-155.15129,77.662178,-307.36636,-2.9362173,-152.70753,78.312279,-306.19678,.78170979
-19.7,27,-17.697788,11.1531,-39.557461,4.1618862,-2.4385283,9.7804241,-21.607807,16.730751,-154.81978,77.496231,-306.70959,-2.9299433,-152.38124,78.144951,-305.54254,.78003949
-19.6,27,-17.659891,11.129217,-39.472755,4.1529746,-2.4333065,9.7594805,-21.561537,16.694925,-154.48825,77.330292,-306.05283,-2.9236693,-152.05495,77.977615,-304.88824,.77836919
-19.5,27,-17.621994,11.105335,-39.38805,4.1440625,-2.4280849,9.7385378,-21.515268,16.659098,-154.15672,77.164345,-305.39606,-2.9173954,-151.72864,77.81028,-304.23398,.77669883
-19.4,27,-17.584097,11.081452,-39.303345,4.1351504,-2.422863,9.7175941,-21.468998,16.623272,-153.82521,76.998398,-304.73929,-2.9111214,-151.40234,77.642944,-303.57971,.77502853
-19.3,27,-17.5462,11.05757,-39.218639,4.1262383,-2.4176414,9.6966515,-21.422729,16.587446,-153.49368,76.832451,-304.08252,-2.9048474,-151.07605,77.475609,-302.92545,.77335817
-19.2,27,-17.508305,11.033688,-39.133934,4.1173267,-2.4124198,9.6757088,-21.376459,16.55162,-153.16217,76.666512,-303.42578,-2.8985736,-150.74976,77.308281,-302.27118,.77168787
-19.1,27,-17.470407,11.009806,-39.049229,4.1084146,-2.4071982,9.6547651,-21.330191,16.515795,-152.83066,76.500565,-302.76901,-2.8922997,-150.42345,77.140945,-301.61691,.77001756
-19,27,-17.43251,10.985923,-38.964523,4.0995026,-2.4019763,9.6338224,-21.28392,16.479969,-152.49913,76.334618,-302.11224,-2.8860254,-150.09715,76.97361,-300.96265,.76834726
-18.9,27,-17.394613,10.96204,-38.879818,4.0905905,-2.3967547,9.6128788,-21.237652,16.444141,-152.1676,76.168671,-301.45547,-2.8797514,-149.77086,76.806274,-300.30838,.7666769
-18.8,27,-17.356716,10.938158,-38.795113,4.0816784,-2.3915329,9.5919361,-21.191381,16.408316,-151.83609,76.002731,-300.79871,-2.8734775,-149.44455,76.638939,-299.65411,.7650066
-18.7,27,-17.318821,10.914275,-38.710407,4.0727668,-2.3863113,9.5709934,-21.145113,16.37249,-151.50458,75.836784,-300.14194,-2.8672037,-149.11826,76.471611,-298.99985,.7633363
-18.6,27,-17.280924,10.890393,-38.625702,4.0638547,-2.3810897,9.5500498,-21.098843,16.336664,-151.17305,75.670837,-299.48517,-2.8609297,-148.79196,76.304276,-298.34558,.76166594
-18.5,27,-17.243027,10.86651,-38.540997,4.0549426,-2.3758678,9.5291071,-21.052574,16.300838,-150.84154,75.504898,-298.8284,-2.8546557,-148.46567,76.13694,-297.69131,.75999564
-18.4,27,-17.20513,10.842628,-38.456291,4.046031,-2.3706462,9.5081635,-21.006304,16.265013,-150.51001,75.338951,-298.17163,-2.8483818,-148.13936,75.969604,-297.03705,.75832534
-18.3,27,-17.167233,10.818746,-38.371586,4.0371189,-2.3654246,9.4872208,-20.960035,16.229185,-150.17848,75.173004,-297.51486,-2.8421078,-147.81306,75.802269,-296.38278,.75665498
-18.2,27,-17.129337,10.794864,-38.28688,4.0282068,-2.360203,9.4662781,-20.913767,16.193359,-149.84697,75.007065,-296.85812,-2.8358338,-147.48677,75.634941,-295.72852,.75498468
-18.1,27,-17.09144,10.770981,-38.202175,4.0192947,-2.3549812,9.4453344,-20.867496,16.157534,-149.51546,74.841118,-296.20135,-2.8295598,-147.16048,75.467606,-295.07425,.75331438
-18,27,-17.053543,10.747098,-38.11747,4.0103831,-2.3497596,9.4243908,-20.821226,16.121708,-149.18393,74.675171,-295.54459,-2.8232858,-146.83417,75.30027,-294.41998,.75164402
-17.9,27,-17.015646,10.723216,-38.032761,4.001471,-2.3445377,9.4034481,-20.774958,16.085882,-148.85242,74.509224,-294.88782,-2.8170118,-146.50787,75.132935,-293.76572,.74997371
-17.8,27,-16.977749,10.699333,-37.948055,3.992559,-2.3393161,9.3825045,-20.728687,16.050056,-148.52089,74.343277,-294.23105,-2.8107378,-146.18158,74.965599,-293.11145,.74830335
-17.7,27,-16.939852,10.675451,-37.863354,3.9836471,-2.3340945,9.3615618,-20.682419,16.014231,-148.18938,74.177338,-293.57428,-2.8044641,-145.85529,74.798271,-292.45718,.74663311
-17.6,27,-16.901957,10.651568,-37.778648,3.9747353,-2.3288727,9.3406191,-20.63615,15.978404,-147.85785,74.011391,-292.91751,-2.7981901,-145.52898,74.630936,-291.80292,.74496275
-17.5,27,-16.864059,10.627687,-37.693939,3.9658232,-2.3236511,9.3196754,-20.58988,15.942578,-147.52634,73.845444,-292.26074,-2.7919159,-145.20268,74.4636,-291.14865,.74329245
-17.4,27,-16.826162,10.603804,-37.609234,3.9569111,-2.3184292,9.2987328,-20.54361,15.906752,-147.19481,73.679504,-291.60397,-2.7856419,-144.87639,74.296265,-290.49438,.74162209
-17.3,27,-16.788265,10.579921,-37.524529,3.9479992,-2.3132076,9.2777891,-20.497341,15.870926,-146.8633,73.513557,-290.9472,-2.7793679,-144.55008,74.128929,-289.84012,.73995179
-17.2,27,-16.750368,10.556039,-37.439827,3.9390874,-2.307986,9.2568464,-20.451073,15.8351,-146.53177,73.34761,-290.29047,-2.7730942,-144.22379,73.961601,-289.18585,.73828149
-17.1,27,-16.712473,10.532156,-37.355118,3.9301753,-2.3027644,9.2359037,-20.404802,15.799273,-146.20026,73.181671,-289.6337,-2.7668202,-143.89749,73.794266,-288.53159,.73661119
-17,27,-16.674576,10.508274,-37.270412,3.9212635,-2.2975426,9.2149601,-20.358534,15.763448,-145.86873,73.015724,-288.97693,-2.7605462,-143.5712,73.62693,-287.87732,.73494083
-16.9,27,-16.636679,10.484391,-37.185707,3.9123514,-2.292321,9.1940174,-20.312263,15.727622,-145.53722,72.849777,-288.32016,-2.7542722,-143.24489,73.459595,-287.22305,.73327053
-16.8,27,-16.598782,10.460509,-37.101002,3.9034393,-2.2870991,9.1730738,-20.265993,15.691795,-145.20569,72.68383,-287.66339,-2.7479982,-142.91859,73.292259,-286.56879,.73160017
-16.7,27,-16.560884,10.436626,-37.016296,3.8945274,-2.2818775,9.1521311,-20.219725,15.65597,-144.87418,72.517891,-287.00662,-2.7417243,-142.5923,73.124931,-285.91452,.72992986
-16.6,27,-16.522987,10.412745,-36.931591,3.8856156,-2.2766559,9.1311884,-20.173456,15.620144,-144.54265,72.351944,-286.34985,-2.7354503,-142.26601,72.957596,-285.26025,.72825956
-16.5,27,-16.485092,10.388862,-36.846886,3.8767035,-2.2714341,9.1102448,-20.127186,15.584318,-144.21114,72.185997,-285.69308,-2.7291763,-141.9397,72.79026,-284.60599,.72658926
-16.4,27,-16.447195,10.364979,-36.76218,3.8677914,-2.2662125,9.0893021,-20.080917,15.548491,-143.87961,72.02005,-285.03632,-2.7229023,-141.6134,72.622925,-283.95172,.7249189
-16.3,27,-16.409298,10.341097,-36.677475,3.8588796,-2.2609909,9.0683584,-20.034647,15.512666,-143.5481,71.854111,-284.37955,-2.7166283,-141.28709,72.455589,-283.29745,.7232486
-16.2,27,-16.371401,10.317215,-36.59277,3.8499677,-2.2557693,9.0474157,-19.988379,15.47684,-143.21658,71.688164,-283.72281,-2.7103546,-140.96082,72.288261,-282.64319,.7215783
-16.1,27,-16.333504,10.293332,-36.508064,3.8410556,-2.2505474,9.026473,-19.942108,15.441013,-142.88506,71.522217,-283.06604,-2.7040806,-140.63451,72.120926,-281.98892,.71990794
-16,27,-16.295607,10.269449,-36.423359,3.8321438,-2.2453258,9.0055294,-19.89584,15.405188,-142.55353,71.356277,-282.40927,-2.6978066,-140.30821,71.95359,-281.33466,.71823764
-15.9,27,-16.257711,10.245567,-36.338654,3.8232317,-2.240104,8.9845867,-19.849569,15.369362,-142.22202,71.190331,-281.7525,-2.6915324,-139.9819,71.786255,-280.68039,.71656734
-15.8,27,-16.219814,10.221684,-36.253948,3.8143198,-2.2348824,8.9636431,-19.803301,15.333535,-141.8905,71.024384,-281.09573,-2.6852586,-139.65561,71.618927,-280.02612,.71489698
-15.7,27,-16.181917,10.197803,-36.169243,3.8054078,-2.2296607,8.9427004,-19.75703,15.297709,-141.55898,70.858437,-280.43896,-2.6789846,-139.32932,71.451591,-279.37186,.71322668
-15.6,27,-16.14402,10.17392,-36.084538,3.7964959,-2.2244389,8.9217567,-19.710762,15.261884,-141.22746,70.692497,-279.7822,-2.6727107,-139.00302,71.284256,-278.71759,.71155638
-15.5,27,-16.106123,10.150038,-35.999832,3.7875838,-2.2192173,8.9008141,-19.664492,15.226057,-140.89594,70.52655,-279.12543,-2.6664367,-138.67671,71.11692,-278.06332,.70988601
-15.4,27,-16.068226,10.126155,-35.915127,3.778672,-2.2139957,8.8798704,-19.618223,15.190231,-140.56441,70.360603,-278.46866,-2.6601627,-138.35042,70.949585,-277.40906,.70821571
-15.3,27,-16.030331,10.102272,-35.830421,3.7697599,-2.2087739,8.8589277,-19.571953,15.154406,-140.23289,70.194664,-277.81192,-2.6538887,-138.02412,70.782257,-276.75479,.70654541
-15.2,27,-15.992434,10.07839,-35.745716,3.760848,-2.2035522,8.837985,-19.525684,15.11858,-139.90138,70.028717,-277.15515,-2.6476147,-137.69783,70.614922,-276.10052,.70487505
-15.1,27,-15.954536,10.054507,-35.661011,3.7519362,-2.1983306,8.8170414,-19.479414,15.082753,-139.56985,69.86277,-276.49838,-2.6413407,-137.37152,70.447586,-275.44626,.70320475
-15,27,-15.91664,10.030625,-35.576305,3.7430241,-2.1931088,8.7960987,-19.433146,15.046927,-139.23834,69.696823,-275.84161,-2.6350667,-137.04523,70.280251,-274.79199,.70153445
-14.9,27,-15.878743,10.006742,-35.491596,3.734112,-2.1878872,8.7751551,-19.386875,15.011102,-138.90681,69.530884,-275.18484,-2.6287928,-136.71893,70.112915,-274.13773,.69986409
-14.8,27,-15.840846,9.9828606,-35.406895,3.7252002,-2.1826656,8.7542124,-19.340607,14.975275,-138.5753,69.364937,-274.52808,-2.6225188,-136.39264,69.945587,-273.48346,.69819379
-14.7,27,-15.80295,9.9589777,-35.322186,3.7162881,-2.1774437,8.7332687,-19.294336,14.939449,-138.24377,69.19899,-273.87131,-2.6162448,-136.06633,69.778252,-272.82919,.69652349
-14.6,27,-15.765053,9.9350958,-35.237484,3.7073762,-2.1722221,8.712326,-19.248068,14.903624,-137.91226,69.033051,-273.21454,-2.609971,-135.74004,69.610916,-272.17493,.69485319
-14.5,27,-15.727156,9.9112129,-35.152775,3.6984644,-2.1670005,8.6913834,-19.201797,14.867797,-137.58073,68.867104,-272.55777,-2.6036971,-135.41374,69.443581,-271.52066,.69318283
-14.4,27,-15.68926,9.8873301,-35.068069,3.6895523,-2.1617787,8.6704397,-19.155529,14.831971,-137.24922,68.701157,-271.901,-2.5974231,-135.08743,69.276245,-270.86639,.69151253
-14.3,27,-15.651362,9.8634481,-34.983364,3.6806405,-2.1565571,8.649497,-19.109259,14.796145,-136.91769,68.53521,-271.24426,-2.5911491,-134.76114,69.108917,-270.21213,.68984222
-14.2,27,-15.613465,9.8395653,-34.898659,3.6717284,-2.1513352,8.6285534,-19.06299,14.760319,-136.58618,68.36927,-270.58749,-2.5848751,-134.43484,68.941582,-269.55786,.68817186
-14.1,27,-15.575569,9.8156834,-34.813953,3.6628165,-2.1461136,8.6076107,-19.016722,14.724493,-136.25465,68.203323,-269.93073,-2.5786011,-134.10855,68.774246,-268.90359,.68650156
-14,27,-15.537672,9.7918005,-34.729248,3.6539044,-2.140892,8.586668,-18.970451,14.688667,-135.92314,68.037376,-269.27396,-2.5723271,-133.78224,68.606911,-268.24933,.6848312
-13.9,27,-15.499775,9.7679186,-34.644543,3.6449926,-2.1356702,8.5657244,-18.924181,14.652842,-135.59161,67.871429,-268.61719,-2.5660532,-133.45595,68.439575,-267.59506,.6831609
-13.8,27,-15.461879,9.7440357,-34.559837,3.6360805,-2.1304486,8.5447817,-18.877913,14.617015,-135.2601,67.70549,-267.96042,-2.5597792,-133.12965,68.272247,-266.9408,.6814906
-13.7,27,-15.423982,9.7201529,-34.475132,3.6271687,-2.125227,8.523838,-18.831642,14.581189,-134.92857,67.539543,-267.30365,-2.5535052,-132.80334,68.104912,-266.28653,.67982024
-13.6,27,-15.386086,9.6962709,-34.390427,3.6182566,-2.1200054,8.5028954,-18.785374,14.545363,-134.59706,67.373596,-266.64688,-2.5472312,-132.47705,67.937576,-265.63226,.67814994
-13.5,27,-15.348188,9.6723881,-34.305721,3.6093447,-2.1147835,8.4819517,-18.739103,14.509537,-134.26553,67.207657,-265.99011,-2.5409572,-132.15076,67.770241,-264.978,.67647964
-13.4,27,-15.310291,9.6485062,-34.221016,3.6004326,-2.1095619,8.461009,-18.692835,14.473711,-133.93402,67.04171,-265.33334,-2.5346832,-131.82446,67.602905,-264.32373,.67480928
-13.3,27,-15.272395,9.6246233,-34.136311,3.5915208,-2.1043401,8.4400663,-18.646566,14.437885,-133.60249,66.875763,-264.67661,-2.5284092,-131.49815,67.435577,-263.66946,.67313898
-13.2,27,-15.234498,9.6007414,-34.051605,3.5826087,-2.0991185,8.4191227,-18.600296,14.402059,-133.27098,66.709816,-264.01984,-2.5221353,-131.17186,67.268242,-263.0152,.67146868
-13.1,27,-15.196602,9.5768585,-33.9669,3.5736969,-2.0938969,8.39818,-18.554028,14.366233,-132.93947,66.543877,-263.36307,-2.5158615,-130.84557,67.100906,-262.36093,.66979837
-13,27,-15.158705,9.5529766,-33.882195,3.5647848,-2.088675,8.3772364,-18.507757,14.330407,-132.60794,66.37793,-262.7063,-2.5095875,-130.51927,66.933571,-261.70667,.66812801
-12.9,27,-15.120808,9.5290937,-33.797489,3.5558729,-2.0834534,8.3562937,-18.461487,14.29458,-132.27641,66.211983,-262.04953,-2.5033135,-130.19296,66.766235,-261.0524,.66645771
-12.8,27,-15.082911,9.5052118,-33.712784,3.5469608,-2.0782318,8.335351,-18.415218,14.258755,-131.9449,66.046043,-261.39276,-2.4970396,-129.86667,66.598907,-260.39813,.66478741
-12.7,27,-15.045014,9.481329,-33.628078,3.538049,-2.07301,8.3144073,-18.36895,14.222929,-131.61337,65.880096,-260.73599,-2.4907656,-129.54037,66.431572,-259.74387,.66311705
-12.6,27,-15.007117,9.4574471,-33.543373,3.5291371,-2.0677884,8.2934647,-18.32268,14.187103,-131.28186,65.714149,-260.07922,-2.4844916,-129.21408,66.264236,-259.0896,.66144675
-12.5,27,-14.969221,9.4335642,-33.458668,3.520225,-2.0625668,8.272521,-18.276411,14.151277,-130.95035,65.548203,-259.42245,-2.4782176,-128.88777,66.096901,-258.43533,.65977645
-12.4,27,-14.931324,9.4096813,-33.373962,3.511313,-2.0573449,8.2515783,-18.230141,14.115451,-130.61882,65.382263,-258.76569,-2.4719436,-128.56148,65.929565,-257.78107,.65810609
-12.3,27,-14.893427,9.3857994,-33.289257,3.5024011,-2.0521233,8.2306347,-18.183872,14.079625,-130.28731,65.216316,-258.10895,-2.4656696,-128.23518,65.762238,-257.1268,.65643579
-12.2,27,-14.855531,9.3619165,-33.204552,3.493489,-2.0469017,8.209692,-18.137602,14.043798,-129.95578,65.050369,-257.45218,-2.4593956,-127.90888,65.594902,-256.47253,.65476549
-12.1,27,-14.817634,9.3380346,-33.119846,3.4845772,-2.0416799,8.1887493,-18.091333,14.007973,-129.62427,64.88443,-256.79541,-2.4531217,-127.58258,65.427567,-255.81825,.65309513
-12,27,-14.779737,9.3141518,-33.035141,3.4756653,-2.0364583,8.1678057,-18.045063,13.972147,-129.29274,64.718483,-256.13864,-2.4468477,-127.25629,65.260231,-255.16399,.65142483
-11.9,27,-14.74184,9.2902689,-32.950432,3.4667532,-2.0312364,8.146863,-17.998795,13.93632,-128.96123,64.552536,-255.48187,-2.4405737,-126.92999,65.092896,-254.50972,.64975452
-11.8,27,-14.703943,9.266387,-32.86573,3.4578414,-2.0260148,8.1259193,-17.952524,13.900495,-128.6297,64.386589,-254.8251,-2.4342997,-126.60368,64.925568,-253.85545,.64808416
-11.7,27,-14.666047,9.2425041,-32.781021,3.4489293,-2.0207932,8.1049767,-17.906256,13.864669,-128.29819,64.22065,-254.16833,-2.4280257,-126.27739,64.758232,-253.20119,.64641386
-11.6,27,-14.62815,9.2186222,-32.696316,3.4400175,-2.0155716,8.084033,-17.859985,13.828843,-127.96666,64.054703,-253.51158,-2.421752,-125.95109,64.590897,-252.54692,.64474356
-11.5,27,-14.590253,9.1947393,-32.61161,3.4311054,-2.0103498,8.0630903,-17.813717,13.793016,-127.63514,63.888756,-252.85481,-2.415478,-125.62479,64.423561,-251.89265,.6430732
-11.4,27,-14.552357,9.1708574,-32.526905,3.4221935,-2.0051281,8.0421467,-17.767447,13.757191,-127.30362,63.722813,-252.19804,-2.409204,-125.29849,64.256233,-251.23839,.6414029
-11.3,27,-14.51446,9.1469746,-32.4422,3.4132814,-1.9999064,8.021204,-17.721178,13.721365,-126.9721,63.55687,-251.54128,-2.40293,-124.9722,64.088898,-250.58412,.6397326
-11.2,27,-14.476563,9.1230927,-32.357494,3.4043696,-1.9946847,8.0002613,-17.674908,13.685538,-126.64058,63.390923,-250.88451,-2.396656,-124.6459,63.921562,-249.92986,.63806224
-11.1,27,-14.438666,9.0992098,-32.272789,3.3954575,-1.9894631,7.9793181,-17.628639,13.649713,-126.30907,63.224979,-250.22775,-2.3903821,-124.3196,63.75423,-249.27559,.63639194
-11,27,-14.400769,9.0753279,-32.188084,3.3865457,-1.9842414,7.958375,-17.582369,13.613887,-125.97754,63.059032,-249.57098,-2.3841081,-123.9933,63.586895,-248.62132,.63472164
-10.9,27,-14.362872,9.051445,-32.103378,3.3776336,-1.9790196,7.9374318,-17.5361,13.57806,-125.64602,62.893089,-248.91422,-2.3778341,-123.667,63.419559,-247.96706,.63305128
-10.8,27,-14.324976,9.0275631,-32.018673,3.3687217,-1.973798,7.9164886,-17.48983,13.542234,-125.31451,62.727142,-248.25745,-2.3715601,-123.34071,63.252228,-247.31279,.63138098
-10.7,27,-14.287079,9.0036802,-31.933968,3.3598096,-1.9685763,7.8955455,-17.443562,13.506409,-124.98298,62.561199,-247.60068,-2.3652861,-123.0144,63.084892,-246.65852,.62971067
-10.6,27,-14.249183,8.9797974,-31.849262,3.3508978,-1.9633546,7.8746028,-17.397291,13.470583,-124.65147,62.395256,-246.94392,-2.3590121,-122.68811,62.917561,-246.00426,.62804037
-10.5,27,-14.211286,8.9559155,-31.764557,3.3419857,-1.9581329,7.8536592,-17.351023,13.434756,-124.31995,62.229309,-246.28716,-2.3527381,-122.36181,62.750225,-245.34999,.62637001
-10.4,27,-14.173388,8.9320326,-31.679852,3.3330739,-1.9529113,7.832716,-17.304752,13.398931,-123.98842,62.063362,-245.63039,-2.3464642,-122.03551,62.58289,-244.69572,.62469971
-10.3,27,-14.135492,8.9081507,-31.595146,3.324162,-1.9476895,7.8117733,-17.258484,13.363105,-123.65691,61.897419,-244.97362,-2.3401902,-121.70921,62.415558,-244.04146,.62302941
-10.2,27,-14.097595,8.8842678,-31.510441,3.3152499,-1.9424678,7.7908301,-17.212214,13.327278,-123.32539,61.731476,-244.31685,-2.3339162,-121.38291,62.248222,-243.38719,.62135905
-10.1,27,-14.059699,8.8603859,-31.425735,3.3063381,-1.9372462,7.769887,-17.165945,13.291452,-122.99387,61.565529,-243.6601,-2.3276424,-121.05662,62.080891,-242.73293,.61968875
-10,27,-14.021802,8.836503,-31.34103,3.297426,-1.9320245,7.7489438,-17.119675,13.255627,-122.66235,61.399586,-243.00333,-2.3213685,-120.73032,61.913555,-242.07866,.61801845
-9.9,27,-13.983905,8.8126202,-31.256323,3.2885139,-1.9268028,7.7280006,-17.073406,13.2198,-122.33083,61.233639,-242.34656,-2.3150945,-120.40402,61.74622,-241.42439,.61634809
-9.800000000000001,27,-13.946009,8.7887383,-31.171619,3.2796021,-1.9215811,7.707058,-17.027136,13.183974,-121.99931,61.067696,-241.68979,-2.3088205,-120.07772,61.578888,-240.77013,.61467779
-9.699999999999999,27,-13.908112,8.7648554,-31.086912,3.2706902,-1.9163594,7.6861148,-16.980867,13.148149,-121.66779,60.901749,-241.03302,-2.3025465,-119.75143,61.411552,-240.11586,.61300749
-9.6,27,-13.870214,8.7409735,-31.002209,3.2617781,-1.9111377,7.6651716,-16.934599,13.112323,-121.33627,60.735806,-240.37627,-2.2962725,-119.42513,61.244221,-239.46159,.61133718
-9.5,27,-13.832318,8.7170906,-30.917501,3.2528663,-1.9059161,7.6442285,-16.888329,13.076496,-121.00475,60.569862,-239.7195,-2.2899985,-119.09883,61.076885,-238.80733,.60966682
-9.4,27,-13.794421,8.6932087,-30.832796,3.2439542,-1.9006944,7.6232853,-16.842058,13.04067,-120.67323,60.403915,-239.06273,-2.2837245,-118.77253,60.90955,-238.15306,.60799652
-9.300000000000001,27,-13.756524,8.6693258,-30.748091,3.2350423,-1.8954726,7.6023421,-16.79579,13.004845,-120.34171,60.237972,-238.40596,-2.2774506,-118.44624,60.742218,-237.49879,.60632616
-9.199999999999999,27,-13.718628,8.6454439,-30.663385,3.2261302,-1.8902509,7.581399,-16.749519,12.969018,-120.01019,60.072025,-237.74919,-2.2711766,-118.11993,60.574883,-236.84453,.60465586
-9.1,27,-13.680731,8.6215611,-30.57868,3.2172184,-1.8850293,7.5604563,-16.703251,12.933192,-119.67867,59.906082,-237.09244,-2.2649026,-117.79364,60.407551,-236.19026,.60298556
-9,27,-13.642834,8.5976782,-30.493975,3.2083063,-1.8798076,7.5395131,-16.656982,12.897367,-119.34715,59.740135,-236.43567,-2.2586286,-117.46734,60.240215,-235.536,.6013152
-8.9,27,-13.604938,8.5737963,-30.409269,3.1993945,-1.8745859,7.5185699,-16.610712,12.86154,-119.01563,59.574192,-235.7789,-2.2523546,-117.14104,60.07288,-234.88173,.5996449
-8.800000000000001,27,-13.56704,8.5499134,-30.324564,3.1904824,-1.8693643,7.4976268,-16.564444,12.825714,-118.6841,59.408249,-235.12213,-2.2460809,-116.81474,59.905548,-234.22746,.5979746
-8.699999999999999,27,-13.529143,8.5260315,-30.239859,3.1815705,-1.8641425,7.4766836,-16.518173,12.789888,-118.35258,59.242302,-234.46536,-2.2398067,-116.48844,59.738213,-233.5732,.59630424
-8.6,27,-13.491247,8.5021486,-30.155153,3.1726584,-1.8589208,7.4557409,-16.471905,12.754063,-118.02106,59.076359,-233.80861,-2.2335329,-116.16215,59.570881,-232.91893,.59463394
-8.5,27,-13.45335,8.4782667,-30.070448,3.1637466,-1.8536992,7.4347978,-16.425634,12.718236,-117.68954,58.910412,-233.15184,-2.2272589,-115.83585,59.403545,-232.26466,.59296364
-8.4,27,-13.415453,8.4543839,-29.985741,3.1548345,-1.8484775,7.4138546,-16.379366,12.68241,-117.35802,58.744469,-232.49507,-2.2209849,-115.50954,59.23621,-231.61038,.59129328
-8.300000000000001,27,-13.377557,8.4305019,-29.901037,3.1459227,-1.8432558,7.3929114,-16.333096,12.646585,-117.0265,58.578522,-231.8383,-2.214711,-115.18325,59.068878,-230.95613,.58962297
-8.199999999999999,27,-13.33966,8.4066191,-29.81633,3.1370106,-1.838034,7.3719683,-16.286827,12.610758,-116.69498,58.412579,-231.18153,-2.208437,-114.85695,58.901543,-230.30186,.58795267
-8.1,27,-13.301764,8.3827372,-29.731627,3.1280987,-1.8328124,7.3510251,-16.240557,12.574932,-116.36347,58.246635,-230.52478,-2.202163,-114.53065,58.734211,-229.6476,.58628237
-8,27,-13.263866,8.3588543,-29.646919,3.1191866,-1.8275907,7.3300819,-16.194288,12.539106,-116.03194,58.080688,-229.86801,-2.195889,-114.20435,58.566875,-228.99333,.58461201
-7.9,27,-13.22597,8.3349714,-29.562214,3.1102748,-1.822369,7.3091393,-16.148018,12.503281,-115.70042,57.914745,-229.21124,-2.189615,-113.87806,58.399544,-228.33907,.58294171
-7.8,27,-13.188073,8.3110895,-29.477509,3.1013629,-1.8171474,7.2881961,-16.101749,12.467454,-115.36891,57.748798,-228.55447,-2.183341,-113.55176,58.232208,-227.6848,.58127141
-7.7,27,-13.150176,8.2872066,-29.392803,3.0924509,-1.8119256,7.2672529,-16.055479,12.431628,-115.03738,57.582855,-227.89771,-2.177067,-113.22546,58.064873,-227.03052,.57960105
-7.6,27,-13.11228,8.2633247,-29.308098,3.083539,-1.8067039,7.2463098,-16.009211,12.395802,-114.70586,57.416908,-227.24094,-2.1707931,-112.89916,57.897541,-226.37625,.57793075
-7.5,27,-13.074383,8.2394419,-29.223392,3.0746269,-1.8014823,7.2253666,-15.96294,12.359976,-114.37435,57.250965,-226.58418,-2.1645191,-112.57287,57.730206,-225.72198,.57626045
-7.4,27,-13.036486,8.21556,-29.138687,3.0657151,-1.7962606,7.2044234,-15.916672,12.32415,-114.04283,57.085018,-225.92741,-2.1582451,-112.24657,57.562874,-225.06772,.57459009
-7.3,27,-12.99859,8.1916771,-29.053982,3.056803,-1.7910389,7.1834803,-15.870402,12.288324,-113.71131,56.919075,-225.27065,-2.1519713,-111.92027,57.395538,-224.41347,.57291979
-7.2,27,-12.960692,8.1677942,-28.969276,3.0478911,-1.7858173,7.1625371,-15.824132,12.252498,-113.37979,56.753128,-224.61388,-2.1456974,-111.59397,57.228203,-223.75919,.57124949
-7.1,27,-12.922795,8.1439123,-28.884571,3.0389791,-1.7805955,7.1415944,-15.777864,12.216672,-113.04827,56.587185,-223.95711,-2.1394234,-111.26767,57.060871,-223.10492,.56957912
-7,27,-12.884899,8.1200294,-28.799866,3.0300672,-1.7753738,7.1206512,-15.731594,12.180846,-112.71675,56.421242,-223.30035,-2.1331494,-110.94138,56.893536,-222.45065,.56790882
-6.9,27,-12.847002,8.0961475,-28.71516,3.0211551,-1.7701522,7.0997081,-15.685325,12.14502,-112.38523,56.255295,-222.64359,-2.1268754,-110.61507,56.726204,-221.79639,.56623852
-6.8,27,-12.809106,8.0722647,-28.630455,3.0122433,-1.7649305,7.0787649,-15.639055,12.109194,-112.05371,56.089352,-221.98682,-2.1206014,-110.28878,56.558868,-221.14212,.56456816
-6.7,27,-12.771209,8.0483828,-28.545748,3.0033312,-1.7597088,7.0578218,-15.592786,12.073368,-111.72219,55.923405,-221.33005,-2.1143274,-109.96248,56.391537,-220.48785,.56289786
-6.6,27,-12.733312,8.0244999,-28.461042,2.9944193,-1.754487,7.0368786,-15.546516,12.037542,-111.39067,55.757462,-220.67328,-2.1080534,-109.63618,56.224201,-219.83359,.56122756
-6.5,27,-12.695415,8.000618,-28.376337,2.9855072,-1.7492654,7.0159359,-15.500247,12.001716,-111.05915,55.591515,-220.01653,-2.1017795,-109.30988,56.056866,-219.17932,.5595572
-6.4,27,-12.657518,7.9767351,-28.291632,2.9765954,-1.7440437,6.9949927,-15.453978,11.96589,-110.72763,55.425571,-219.35976,-2.0955055,-108.98359,55.889534,-218.52505,.5578869
-6.3,27,-12.619621,7.9528527,-28.206926,2.9676833,-1.738822,6.9740496,-15.407708,11.930064,-110.39611,55.259628,-218.70299,-2.0892315,-108.65729,55.722198,-217.87079,.5562166
-6.2,27,-12.581725,7.9289703,-28.122221,2.9587715,-1.7336004,6.9531064,-15.361439,11.894238,-110.06459,55.093681,-218.04622,-2.0829575,-108.33099,55.554867,-217.21652,.55454624
-6.1,27,-12.543828,7.9050879,-28.037516,2.9498594,-1.7283787,6.9321632,-15.315169,11.858412,-109.73307,54.927738,-217.38945,-2.0766835,-108.00469,55.387531,-216.56226,.55287594
-6,27,-12.505931,7.8812056,-27.95281,2.9409475,-1.7231569,6.9112201,-15.2689,11.822586,-109.40155,54.761791,-216.7327,-2.0704095,-107.67839,55.2202,-215.90799,.55120564
-5.9,27,-12.468035,7.8573232,-27.868105,2.9320354,-1.7179353,6.8902774,-15.222631,11.78676,-109.07003,54.595848,-216.07593,-2.0641356,-107.3521,55.052864,-215.25372,.54953533
-5.8,27,-12.430138,7.8334408,-27.7834,2.9231236,-1.7127136,6.8693342,-15.176361,11.750934,-108.73851,54.429901,-215.41916,-2.0578618,-107.02579,54.885529,-214.59946,.54786497
-5.7,27,-12.392241,7.8095579,-27.698694,2.9142115,-1.7074919,6.8483911,-15.130092,11.715108,-108.40699,54.263958,-214.76239,-2.0515878,-106.6995,54.718197,-213.94519,.54619467
-5.6,27,-12.354344,7.7856755,-27.613989,2.9052997,-1.7022702,6.8274479,-15.083822,11.679282,-108.07547,54.098011,-214.10562,-2.0453138,-106.3732,54.550861,-213.29092,.54452437
-5.5,27,-12.316447,7.7617931,-27.529284,2.8963876,-1.6970485,6.8065047,-15.037553,11.643456,-107.74395,53.932068,-213.44887,-2.0390399,-106.04691,54.38353,-212.63666,.54285401
-5.4,27,-12.278551,7.7379107,-27.444578,2.8874757,-1.6918268,6.7855616,-14.991283,11.60763,-107.41243,53.766125,-212.7921,-2.0327659,-105.7206,54.216194,-211.98239,.54118371
-5.3,27,-12.240654,7.7140284,-27.359873,2.8785639,-1.6866052,6.7646189,-14.945014,11.571804,-107.08091,53.600178,-212.13533,-2.0264919,-105.39431,54.048862,-211.32813,.53951341
-5.2,27,-12.202757,7.690146,-27.275166,2.8696518,-1.6813835,6.7436757,-14.898745,11.535977,-106.74939,53.434235,-211.47856,-2.0202179,-105.06801,53.881527,-210.67386,.53784305
-5.1,27,-12.164861,7.6662636,-27.19046,2.8607399,-1.6761618,6.7227325,-14.852475,11.500152,-106.41787,53.268288,-210.82179,-2.0139439,-104.74171,53.714191,-210.01959,.53617275
-5,27,-12.126964,7.6423812,-27.105755,2.8518279,-1.67094,6.7017894,-14.806206,11.464326,-106.08635,53.102345,-210.16504,-2.0076699,-104.41541,53.54686,-209.36533,.53450245
-4.9,27,-12.089067,7.6184988,-27.021049,2.842916,-1.6657184,6.6808462,-14.759936,11.428499,-105.75483,52.936398,-209.50827,-2.0013959,-104.08911,53.379524,-208.71106,.53283209
-4.8,27,-12.05117,7.5946164,-26.936344,2.8340039,-1.6604967,6.659903,-14.713667,11.392673,-105.42331,52.770454,-208.8515,-1.9951221,-103.76282,53.212193,-208.05679,.53116179
-4.7,27,-12.013273,7.5707335,-26.851639,2.8250921,-1.655275,6.6389599,-14.667397,11.356848,-105.09179,52.604507,-208.19473,-1.988848,-103.43652,53.044857,-207.40253,.52949148
-4.6,27,-11.975376,7.5468512,-26.766933,2.81618,-1.6500534,6.6180172,-14.621128,11.321021,-104.76027,52.438564,-207.53796,-1.9825741,-103.11022,52.877522,-206.74826,.52782112
-4.5,27,-11.93748,7.5229688,-26.682228,2.8072681,-1.6448317,6.597074,-14.574859,11.285195,-104.42875,52.272621,-206.88121,-1.9763001,-102.78392,52.71019,-206.09399,.52615082
-4.4,27,-11.899583,7.4990864,-26.597523,2.7983561,-1.6396099,6.5761309,-14.528589,11.24937,-104.09724,52.106674,-206.22444,-1.9700261,-102.45763,52.542854,-205.43973,.52448052
-4.3,27,-11.861687,7.475204,-26.512817,2.7894442,-1.6343883,6.5551877,-14.48232,11.213544,-103.76572,51.940731,-205.56767,-1.9637522,-102.13132,52.375523,-204.78546,.52281016
-4.2,27,-11.82379,7.4513216,-26.428112,2.7805321,-1.6291666,6.5342445,-14.43605,11.177717,-103.43419,51.774784,-204.9109,-1.9574782,-101.80502,52.208187,-204.1312,.52113986
-4.1,27,-11.785892,7.4274392,-26.343407,2.7716203,-1.6239449,6.5133014,-14.389781,11.141891,-103.10268,51.608841,-204.25414,-1.9512042,-101.47873,52.040852,-203.47693,.51946956
-4,27,-11.747996,7.4035568,-26.258701,2.7627082,-1.6187232,6.4923582,-14.343512,11.106066,-102.77116,51.442894,-203.59738,-1.9449303,-101.15243,51.87352,-202.82266,.5177992
-3.9,27,-11.710099,7.3796744,-26.173994,2.7537963,-1.6135015,6.4714155,-14.297242,11.070239,-102.43964,51.276951,-202.94061,-1.9386563,-100.82613,51.706184,-202.1684,.5161289
-3.8,27,-11.672202,7.3557916,-26.089289,2.7448843,-1.6082798,6.4504724,-14.250973,11.034413,-102.10812,51.111008,-202.28384,-1.9323823,-100.49983,51.538853,-201.51413,.5144586
-3.7,27,-11.634306,7.3319092,-26.004583,2.7359724,-1.6030581,6.4295292,-14.204703,10.998588,-101.7766,50.945061,-201.62708,-1.9261084,-100.17354,51.371517,-200.85986,.51278824
-3.6,27,-11.596409,7.3080268,-25.919878,2.7270603,-1.5978365,6.408586,-14.158434,10.962761,-101.44508,50.779118,-200.97031,-1.9198344,-99.847237,51.204182,-200.2056,.51111794
-3.5,27,-11.558513,7.2841444,-25.835173,2.7181485,-1.5926148,6.3876429,-14.112164,10.926935,-101.11356,50.613171,-200.31355,-1.9135604,-99.520943,51.03685,-199.55133,.50944763
-3.4,27,-11.520616,7.260262,-25.750467,2.7092364,-1.587393,6.3666997,-14.065896,10.891109,-100.78204,50.447227,-199.65678,-1.9072864,-99.194641,50.869514,-198.89706,.50777733
-3.3,27,-11.482718,7.2363796,-25.665762,2.7003245,-1.5821714,6.345757,-14.019626,10.855284,-100.45052,50.281281,-199.00002,-1.9010124,-98.86834,50.702183,-198.2428,.50610697
-3.2,27,-11.444822,7.2124972,-25.581057,2.6914127,-1.5769497,6.3248138,-13.973357,10.819457,-100.119,50.115337,-198.34325,-1.8947386,-98.542046,50.534847,-197.58853,.50443667
-3.1,27,-11.406925,7.1886148,-25.496351,2.6825006,-1.571728,6.3038707,-13.927088,10.783631,-99.787476,49.94939,-197.68648,-1.8884646,-98.215744,50.367512,-196.93427,.50276637
-3,27,-11.369028,7.164732,-25.411646,2.6735888,-1.5665064,6.2829275,-13.880818,10.747806,-99.455956,49.783447,-197.02972,-1.8821906,-97.88945,50.20018,-196.28,.50109601
-2.9,27,-11.331132,7.1408496,-25.326941,2.6646767,-1.5612847,6.2619843,-13.834549,10.711979,-99.124435,49.617504,-196.37296,-1.8759166,-97.563148,50.032845,-195.62573,.49942571
-2.8,27,-11.293235,7.1169672,-25.242235,2.6557648,-1.5560629,6.2410412,-13.78828,10.676153,-98.792915,49.451557,-195.71619,-1.8696426,-97.236855,49.865513,-194.97147,.49775538
-2.7,27,-11.255338,7.0930848,-25.15753,2.6468527,-1.5508412,6.220098,-13.74201,10.640327,-98.461395,49.285614,-195.05942,-1.8633686,-96.910553,49.698177,-194.3172,.49608508
-2.6,27,-11.217442,7.0692024,-25.072824,2.6379409,-1.5456196,6.1991553,-13.695741,10.604501,-98.129875,49.119667,-194.40265,-1.8570946,-96.584259,49.530846,-193.66292,.49441475
-2.5,27,-11.179544,7.04532,-24.988117,2.6290288,-1.5403979,6.1782122,-13.649471,10.568675,-97.798355,48.953724,-193.7459,-1.8508208,-96.257957,49.36351,-193.00867,.49274442
-2.4,27,-11.141648,7.0214376,-24.903412,2.6201169,-1.5351762,6.157269,-13.603202,10.532849,-97.466835,48.787777,-193.08913,-1.8445468,-95.931664,49.196175,-192.3544,.49107412
-2.3,27,-11.103751,6.9975553,-24.818707,2.6112049,-1.5299546,6.1363258,-13.556932,10.497024,-97.135315,48.621834,-192.43236,-1.8382728,-95.605362,49.028843,-191.70012,.48940378
-2.2,27,-11.065854,6.9736729,-24.734001,2.602293,-1.5247328,6.1153827,-13.510663,10.461197,-96.803795,48.455891,-191.77559,-1.8319988,-95.27906,48.861507,-191.04585,.48773345
-2.1,27,-11.027958,6.94979,-24.649296,2.5933809,-1.5195111,6.0944395,-13.464394,10.425371,-96.472275,48.289944,-191.11882,-1.8257248,-94.952766,48.694176,-190.39159,.48606315
-2,27,-10.990061,6.9259076,-24.56459,2.5844691,-1.5142895,6.0734968,-13.418124,10.389545,-96.140755,48.124001,-190.46207,-1.8194509,-94.626465,48.52684,-189.73732,.48439282
-1.9,27,-10.952164,6.9020252,-24.479885,2.575557,-1.5090678,6.0525537,-13.371855,10.353719,-95.809235,47.958054,-189.8053,-1.8131769,-94.300171,48.359505,-189.08305,.48272249
-1.8,27,-10.914268,6.8781428,-24.39518,2.5666451,-1.503846,6.0316105,-13.325585,10.317893,-95.477715,47.79211,-189.14853,-1.8069029,-93.973869,48.192173,-188.42879,.48105219
-1.7,27,-10.87637,6.8542604,-24.310474,2.5577331,-1.4986244,6.0106673,-13.279316,10.282067,-95.146194,47.626163,-188.49176,-1.800629,-93.647575,48.024837,-187.77452,.47938186
-1.6,27,-10.838474,6.8303781,-24.225769,2.5488212,-1.4934027,5.9897242,-13.233047,10.246241,-94.814674,47.46022,-187.83499,-1.794355,-93.321274,47.857506,-187.12025,.47771153
-1.5,27,-10.800577,6.8064957,-24.141064,2.5399091,-1.488181,5.968781,-13.186777,10.210415,-94.483154,47.294273,-187.17824,-1.788081,-92.994972,47.69017,-186.46599,.47604123
-1.4,27,-10.76268,6.7826133,-24.056358,2.5309973,-1.4829593,5.9478378,-13.140508,10.174589,-94.151634,47.12833,-186.52147,-1.7818071,-92.668678,47.522839,-185.81172,.4743709
-1.3,27,-10.724784,6.7587309,-23.971653,2.5220852,-1.4777377,5.9268951,-13.094238,10.138763,-93.820114,46.962387,-185.8647,-1.7755331,-92.342377,47.355503,-185.15746,.4727006
-1.2,27,-10.686887,6.7348485,-23.886948,2.5131733,-1.4725159,5.905952,-13.047969,10.102937,-93.488594,46.79644,-185.20793,-1.7692591,-92.016083,47.188168,-184.50319,.47103027
-1.1,27,-10.64899,6.7109656,-23.802242,2.5042613,-1.4672942,5.8850088,-13.001699,10.067111,-93.157074,46.630497,-184.55116,-1.7629851,-91.689781,47.020836,-183.84892,.46935993
-1,27,-10.611094,6.6870832,-23.717535,2.4953494,-1.4620726,5.8640656,-12.95543,10.031285,-92.825562,46.46455,-183.89441,-1.7567112,-91.363487,46.8535,-183.19466,.46768963
-.9,27,-10.573196,6.6632009,-23.63283,2.4864373,-1.4568509,5.8431225,-12.909161,9.9954586,-92.494041,46.298607,-183.23764,-1.7504373,-91.037186,46.686169,-182.54039,.4660193
-.8,27,-10.535299,6.6393185,-23.548124,2.4775255,-1.4516292,5.8221793,-12.862891,9.9596329,-92.162521,46.13266,-182.58087,-1.7441633,-90.710892,46.518833,-181.88612,.46434897
-.7,27,-10.497403,6.6154361,-23.463419,2.4686136,-1.4464076,5.8012366,-12.816622,9.9238071,-91.831001,45.966717,-181.9241,-1.7378893,-90.38459,46.351498,-181.23186,.46267867
-.6,27,-10.459506,6.5915537,-23.378714,2.4597015,-1.4411858,5.7802935,-12.770352,9.8879805,-91.499481,45.800774,-181.26735,-1.7316153,-90.058296,46.184166,-180.57759,.46100834
-.5,27,-10.42161,6.5676713,-23.294008,2.4507897,-1.4359641,5.7593503,-12.724083,9.8521547,-91.167961,45.634827,-180.61058,-1.7253413,-89.731995,46.01683,-179.92332,.45933801
-.4,27,-10.383713,6.5437889,-23.209303,2.4418776,-1.4307425,5.7384071,-12.677814,9.816329,-90.836441,45.468884,-179.95381,-1.7190673,-89.405693,45.849499,-179.26906,.45766771
-.3,27,-10.345816,6.5199065,-23.124598,2.4329658,-1.4255208,5.717464,-12.631544,9.7805033,-90.504921,45.302937,-179.29704,-1.7127935,-89.079399,45.682163,-178.61479,.45599738
-.2,27,-10.30792,6.4960237,-23.039892,2.4240537,-1.4202991,5.6965208,-12.585275,9.7446766,-90.173401,45.136993,-178.64027,-1.7065195,-88.753098,45.514832,-177.96053,.45432705
-.1,27,-10.270022,6.4721413,-22.955187,2.4151418,-1.4150773,5.6755776,-12.539005,9.7088509,-89.841881,44.971046,-177.98351,-1.7002455,-88.426804,45.347496,-177.30626,.45265675
0,27,-10.232125,6.4482589,-22.870481,2.4062297,-1.4098557,5.654635,-12.492736,9.6730251,-89.510361,44.805103,-177.32675,-1.6939715,-88.100502,45.180161,-176.65199,.45098642
.1,27,-10.194229,6.4243765,-22.785776,2.3973179,-1.404634,5.6336918,-12.446466,9.6371984,-89.178841,44.639156,-176.66998,-1.6876975,-87.774208,45.012829,-175.99773,.44931611
.2,27,-10.156332,6.4004941,-22.701071,2.3884058,-1.3994123,5.6127486,-12.400197,9.6013727,-88.847321,44.473213,-176.01321,-1.6814235,-87.447906,44.845493,-175.34346,.44764578
.3,27,-10.118435,6.3766117,-22.616365,2.379494,-1.3941907,5.5918055,-12.353928,9.565547,-88.5158,44.30727,-175.35645,-1.6751496,-87.121613,44.678162,-174.68919,.44597545
.4,27,-10.080539,6.3527293,-22.531658,2.3705819,-1.3889689,5.5708623,-12.307658,9.5297203,-88.18428,44.141323,-174.69968,-1.6688757,-86.795311,44.510826,-174.03493,.44430515
.5,27,-10.042642,6.3288469,-22.446953,2.36167,-1.3837472,5.5499191,-12.261389,9.4938946,-87.85276,43.97538,-174.04292,-1.6626017,-86.469009,44.343491,-173.38066,.44263482
.6,27,-10.004745,6.3049645,-22.362247,2.3527579,-1.3785256,5.5289764,-12.215119,9.4580688,-87.52124,43.809433,-173.38615,-1.6563277,-86.142715,44.176159,-172.72639,.44096449
.7,27,-9.9668484,6.2810817,-22.277542,2.3438461,-1.3733039,5.5080333,-12.168851,9.4222431,-87.18972,43.64349,-172.72939,-1.6500537,-85.816414,44.008823,-172.07213,.43929419
.8,27,-9.9289513,6.2571993,-22.192837,2.334934,-1.3680822,5.4870901,-12.122581,9.3864164,-86.8582,43.477543,-172.07262,-1.6437798,-85.49012,43.841492,-171.41786,.43762386
.9,27,-9.8910551,6.2333169,-22.108131,2.3260221,-1.3628606,5.4661469,-12.076312,9.3505907,-86.52668,43.3116,-171.41586,-1.6375058,-85.163818,43.674156,-170.7636,.43595353
1,27,-9.853158,6.2094345,-22.023426,2.3171101,-1.3576388,5.4452038,-12.030043,9.314765,-86.19516,43.145653,-170.75909,-1.6312318,-84.837524,43.506821,-170.10933,.43428323
1.1,27,-9.8152609,6.1855521,-21.938721,2.3081982,-1.3524171,5.4242606,-11.983773,9.2789383,-85.86364,42.97971,-170.10233,-1.6249578,-84.511223,43.339489,-169.45506,.4326129
1.2,27,-9.7773647,6.1616697,-21.854015,2.2992861,-1.3471954,5.4033175,-11.937504,9.2431126,-85.53212,42.813766,-169.44556,-1.6186839,-84.184929,43.172153,-168.8008,.43094257
1.3,27,-9.7394676,6.1377873,-21.76931,2.2903743,-1.3419738,5.3823748,-11.891234,9.2072868,-85.2006,42.64782,-168.78879,-1.6124099,-83.858627,43.004822,-168.14653,.42927226
1.4,27,-9.7015705,6.113905,-21.684605,2.2814622,-1.3367521,5.3614316,-11.844965,9.1714602,-84.86908,42.481876,-168.13203,-1.606136,-83.532326,42.837486,-167.49226,.42760193
1.5,27,-9.6636744,6.0900226,-21.599899,2.2725503,-1.3315303,5.3404884,-11.798696,9.1356344,-84.53756,42.315929,-167.47527,-1.599862,-83.206032,42.670155,-166.838,.42593163
1.6,27,-9.6257772,6.0661397,-21.515194,2.2636385,-1.3263087,5.3195453,-11.752426,9.0998087,-84.206039,42.149986,-166.8185,-1.593588,-82.87973,42.502819,-166.18373,.4242613
1.7,27,-9.5878811,6.0422573,-21.430489,2.2547264,-1.321087,5.2986021,-11.706157,9.063982,-83.874519,41.984039,-166.16173,-1.587314,-82.553436,42.335484,-165.52946,.42259097
1.8,27,-9.549984,6.0183749,-21.345783,2.2458146,-1.3158653,5.2776589,-11.659887,9.0281563,-83.542999,41.818096,-165.50496,-1.58104,-82.227135,42.168152,-164.8752,.42092067
1.9,27,-9.5120869,5.9944925,-21.261076,2.2369025,-1.3106437,5.2567163,-11.613618,8.9923306,-83.211479,41.652153,-164.84821,-1.5747662,-81.900841,42.000816,-164.22093,.41925034
2,27,-9.4741907,5.9706101,-21.176371,2.2279906,-1.3054219,5.2357731,-11.567348,8.9565048,-82.879959,41.486206,-164.19144,-1.5684922,-81.574539,41.833485,-163.56667,.41758001
2.1,27,-9.4362936,5.9467278,-21.091665,2.2190785,-1.3002002,5.2148299,-11.521079,8.9206781,-82.548439,41.320263,-163.53467,-1.5622182,-81.248245,41.666149,-162.9124,.41590971
2.2,27,-9.3983965,5.9228454,-21.00696,2.2101667,-1.2949786,5.1938868,-11.47481,8.8848524,-82.216919,41.154316,-162.8779,-1.5559442,-80.921944,41.498814,-162.25813,.41423938
2.3,27,-9.3605003,5.898963,-20.922255,2.2012546,-1.2897569,5.1729436,-11.42854,8.8490267,-81.885406,40.988373,-162.22113,-1.5496702,-80.59565,41.331482,-161.60387,.41256905
2.4,27,-9.3226032,5.8750806,-20.837549,2.1923428,-1.2845352,5.1520004,-11.382271,8.8132,-81.553886,40.822426,-161.56436,-1.5433962,-80.269348,41.164146,-160.9496,.41089875
2.5,27,-9.2847061,5.8511982,-20.752844,2.1834307,-1.2793134,5.1310573,-11.336001,8.7773743,-81.222366,40.656483,-160.90761,-1.5371222,-79.943047,40.996815,-160.29533,.40922841
2.6,27,-9.24681,5.8273153,-20.668139,2.1745188,-1.2740918,5.1101146,-11.289732,8.7415485,-80.890846,40.490536,-160.25084,-1.5308484,-79.616753,40.829479,-159.64107,.40755811
2.7,27,-9.2089128,5.8034329,-20.583433,2.1656067,-1.2688701,5.0891714,-11.243463,8.7057219,-80.559326,40.324593,-159.59407,-1.5245744,-79.290451,40.662144,-158.9868,.40588778
2.8,27,-9.1710167,5.7795506,-20.498728,2.1566949,-1.2636484,5.0682282,-11.197193,8.6698961,-80.227806,40.158649,-158.9373,-1.5183004,-78.964157,40.494812,-158.33253,.40421745
2.9,27,-9.1331196,5.7556682,-20.414022,2.1477828,-1.2584268,5.0472851,-11.150924,8.6340704,-79.896286,39.992702,-158.28053,-1.5120264,-78.637856,40.327477,-157.67825,.40254715
3,27,-9.0952225,5.7317858,-20.329317,2.138871,-1.2532051,5.0263419,-11.104654,8.5982447,-79.564766,39.826759,-157.62378,-1.5057524,-78.311562,40.160145,-157.02399,.40087682
3.1,27,-9.0573263,5.7079034,-20.244612,2.1299589,-1.2479833,5.0053988,-11.058385,8.562418,-79.233246,39.660812,-156.96701,-1.4994785,-77.98526,39.992809,-156.36974,.39920649
3.2,27,-9.0194292,5.684021,-20.159904,2.121047,-1.2427617,4.9844556,-11.012115,8.5265923,-78.901726,39.494869,-156.31024,-1.4932045,-77.658966,39.825478,-155.71545,.39753619
3.3,27,-8.9815321,5.6601386,-20.075199,2.1121349,-1.23754,4.9635129,-10.965846,8.4907665,-78.570206,39.328922,-155.65347,-1.4869306,-77.332664,39.658142,-155.06119,.39586586
3.4,27,-8.9436359,5.6362562,-19.990494,2.1032231,-1.2323183,4.9425697,-10.919577,8.4549398,-78.238686,39.162979,-154.9967,-1.4806566,-77.006363,39.490807,-154.40692,.39419553
3.5,27,-8.9057388,5.6123734,-19.905788,2.094311,-1.2270967,4.9216266,-10.873307,8.4191141,-77.907166,38.997032,-154.33995,-1.4743826,-76.680069,39.323475,-153.75266,.39252523
3.6,27,-8.8678427,5.588491,-19.821083,2.0853992,-1.221875,4.9006834,-10.827038,8.3832884,-77.575645,38.831089,-153.68318,-1.4681087,-76.353767,39.156139,-153.09839,.3908549
3.7,27,-8.8299456,5.5646086,-19.736378,2.0764871,-1.2166532,4.8797402,-10.780768,8.3474617,-77.244125,38.665146,-153.02641,-1.4618347,-76.027473,38.988808,-152.44412,.38918456
3.8,27,-8.7920485,5.5407262,-19.651672,2.0675752,-1.2114316,4.8587971,-10.734499,8.311636,-76.912605,38.499199,-152.36964,-1.4555607,-75.701172,38.821472,-151.78986,.38751426
3.9,27,-8.7541523,5.5168438,-19.566967,2.0586631,-1.2062099,4.8378544,-10.68823,8.2758102,-76.581085,38.333256,-151.71288,-1.4492867,-75.374878,38.654137,-151.13559,.38584393
4,27,-8.7162552,5.4929614,-19.482262,2.0497513,-1.2009882,4.8169112,-10.64196,8.2399845,-76.249565,38.167309,-151.05612,-1.4430127,-75.048576,38.486805,-150.48132,.38417363
4.1,27,-8.6783581,5.469079,-19.397556,2.0408394,-1.1957664,4.7959681,-10.595691,8.2041578,-75.918045,38.001366,-150.39935,-1.4367388,-74.722282,38.319469,-149.82706,.3825033
4.2,27,-8.6404619,5.4451966,-19.312851,2.0319273,-1.1905448,4.7750249,-10.549421,8.1683321,-75.586525,37.835419,-149.74258,-1.4304649,-74.395981,38.152138,-149.17279,.38083297
4.3,27,-8.6025648,5.4213138,-19.228146,2.0230155,-1.1853231,4.7540817,-10.503152,8.1325064,-75.255005,37.669476,-149.08582,-1.4241909,-74.069679,37.984802,-148.51852,.37916267
4.4,27,-8.5646677,5.3974314,-19.14344,2.0141034,-1.1801014,4.7331386,-10.456882,8.0966797,-74.923485,37.503529,-148.42906,-1.4179169,-73.743385,37.817467,-147.86426,.37749234
4.5,27,-8.5267715,5.373549,-19.058735,2.0051916,-1.1748798,4.7121954,-10.410613,8.060854,-74.591965,37.337585,-147.77229,-1.4116429,-73.417084,37.650135,-147.20999,.37582201
4.6,27,-8.4888744,5.3496666,-18.97403,1.9962795,-1.1696581,4.6912527,-10.364345,8.0250282,-74.260445,37.171642,-147.11552,-1.4053689,-73.09079,37.4828,-146.55573,.37415171
4.7,27,-8.4509783,5.3257842,-18.889324,1.9873676,-1.1644363,4.6703095,-10.318075,7.989202,-73.928925,37.005695,-146.45876,-1.3990951,-72.764488,37.315468,-145.90146,.37248138
4.8,27,-8.4130812,5.3019018,-18.804617,1.9784555,-1.1592146,4.6493664,-10.271805,7.9533758,-73.597404,36.839752,-145.80199,-1.392821,-72.438194,37.148132,-145.24719,.37081105
4.9,27,-8.3751841,5.2780194,-18.719912,1.9695436,-1.153993,4.6284232,-10.225535,7.9175501,-73.265884,36.673805,-145.14523,-1.3865471,-72.111893,36.980801,-144.59293,.36914074
5,27,-8.3372879,5.254137,-18.635206,1.9606317,-1.1487713,4.60748,-10.179267,7.8817239,-72.934364,36.507862,-144.48846,-1.3802731,-71.785599,36.813465,-143.93866,.36747041
5.1,27,-8.2993908,5.2302547,-18.550501,1.9517198,-1.1435497,4.5865369,-10.132998,7.8458977,-72.602844,36.341915,-143.8317,-1.3739991,-71.459297,36.64613,-143.28439,.36580011
5.2,27,-8.2614937,5.2063723,-18.465796,1.9428078,-1.138328,4.5655942,-10.086728,7.8100719,-72.271324,36.175972,-143.17493,-1.3677251,-71.133003,36.478798,-142.63013,.36412978
5.3,27,-8.2235975,5.1824894,-18.38109,1.9338957,-1.1331062,4.544651,-10.040459,7.7742457,-71.939804,36.010025,-142.51816,-1.3614511,-70.806702,36.311462,-141.97586,.36245945
5.4,27,-8.1857004,5.158607,-18.296385,1.9249839,-1.1278845,4.5237079,-9.9941893,7.73842,-71.608284,35.844082,-141.8614,-1.3551772,-70.4804,36.144131,-141.32159,.36078915
5.5,27,-8.1478033,5.1347246,-18.211679,1.9160719,-1.1226629,4.5027647,-9.9479198,7.7025938,-71.276764,35.678139,-141.20464,-1.3489033,-70.154106,35.976795,-140.66733,.35911882
5.6,27,-8.1099072,5.1108422,-18.126974,1.9071599,-1.1174412,4.4818215,-9.9016504,7.6667676,-70.945251,35.512192,-140.54787,-1.3426293,-69.827805,35.809464,-140.01306,.35744849
5.7,27,-8.07201,5.0869598,-18.042269,1.898248,-1.1122195,4.4608784,-9.855381,7.6309419,-70.613731,35.346249,-139.8911,-1.3363553,-69.501511,35.642128,-139.3588,.35577819
5.8,27,-8.0341129,5.0630774,-17.957563,1.889336,-1.1069978,4.4399352,-9.8091116,7.5951157,-70.282204,35.180302,-139.23433,-1.3300813,-69.175209,35.474792,-138.70453,.35410786
5.9,27,-7.9962168,5.0391951,-17.872858,1.880424,-1.1017761,4.4189925,-9.7628422,7.5592899,-69.950691,35.014359,-138.57758,-1.3238074,-68.848915,35.307461,-138.05026,.35243753
6,27,-7.9583201,5.0153127,-17.788153,1.8715121,-1.0965544,4.3980494,-9.7165728,7.5234637,-69.619171,34.848412,-137.92081,-1.3175334,-68.522614,35.140125,-137.396,.35076723
6.1,27,-7.920423,4.9914303,-17.703447,1.8626001,-1.0913328,4.3771062,-9.6703033,7.4876375,-69.287651,34.682468,-137.26404,-1.3112594,-68.19632,34.972794,-136.74173,.34909689
6.2,27,-7.8825264,4.9675479,-17.618742,1.8536881,-1.0861111,4.356163,-9.6240339,7.4518118,-68.956131,34.516525,-136.60727,-1.3049855,-67.870018,34.805458,-136.08746,.34742659
6.3,27,-7.8446298,4.943665,-17.534035,1.8447762,-1.0808893,4.3352199,-9.5777645,7.4159856,-68.624611,34.350578,-135.9505,-1.2987115,-67.543716,34.638123,-135.4332,.34575626
6.4,27,-7.8067327,4.9197826,-17.449329,1.8358642,-1.0756676,4.3142767,-9.5314951,7.3801594,-68.293091,34.184635,-135.29375,-1.2924376,-67.217422,34.470791,-134.77893,.34408593
6.5,27,-7.768836,4.8959002,-17.364624,1.8269522,-1.070446,4.293334,-9.4852257,7.3443336,-67.961571,34.018688,-134.63698,-1.2861636,-66.891121,34.303455,-134.12466,.3424156
6.6,27,-7.7309394,4.8720179,-17.279919,1.8180403,-1.0652243,4.2723908,-9.4389563,7.3085074,-67.630051,33.852745,-133.98021,-1.2798896,-66.564827,34.136124,-133.4704,.3407453
6.7,27,-7.6930428,4.8481355,-17.195213,1.8091283,-1.0600027,4.2514477,-9.3926868,7.2726817,-67.298531,33.686798,-133.32344,-1.2736156,-66.238525,33.968788,-132.81613,.33907497
6.8,27,-7.6551456,4.8242531,-17.110508,1.8002163,-1.054781,4.2305045,-9.3464174,7.2368555,-66.96701,33.520855,-132.66667,-1.2673416,-65.912231,33.801453,-132.16187,.33740464
6.9,27,-7.617249,4.8003707,-17.025803,1.7913043,-1.0495592,4.2095613,-9.300148,7.2010293,-66.63549,33.354908,-132.00992,-1.2610676,-65.58593,33.634121,-131.5076,.33573434
7,27,-7.5793524,4.7764883,-16.941097,1.7823924,-1.0443375,4.1886182,-9.2538786,7.1652036,-66.30397,33.188965,-131.35315,-1.2547938,-65.259636,33.466785,-130.85333,.33406401
7.1,27,-7.5414557,4.7526059,-16.856392,1.7734804,-1.0391159,4.1676755,-9.2076092,7.1293774,-65.97245,33.023022,-130.69638,-1.2485198,-64.933334,33.299454,-130.19907,.33239371
7.2,27,-7.5035586,4.7287235,-16.771687,1.7645686,-1.0338942,4.1467323,-9.1613398,7.0935516,-65.64093,32.857075,-130.03961,-1.2422458,-64.60704,33.132118,-129.5448,.33072338
7.3,27,-7.465662,4.7048407,-16.686981,1.7556565,-1.0286725,4.1257892,-9.1150703,7.0577254,-65.30941,32.691132,-129.38284,-1.2359718,-64.280739,32.964783,-128.89053,.32905304
7.4,27,-7.4277654,4.6809583,-16.602276,1.7467445,-1.0234509,4.104846,-9.0688009,7.0218992,-64.97789,32.525185,-128.72609,-1.2296978,-63.954441,32.797451,-128.23627,.32738274
7.5,27,-7.3898683,4.6570759,-16.51757,1.7378327,-1.0182291,4.0839028,-9.0225315,6.9860735,-64.64637,32.359241,-128.06932,-1.2234238,-63.628143,32.630116,-127.58199,.32571241
7.6,27,-7.3519716,4.6331935,-16.432865,1.7289207,-1.0130074,4.0629597,-8.9762621,6.9502473,-64.31485,32.193295,-127.41255,-1.2171499,-63.301842,32.462784,-126.92773,.32404208
7.7,27,-7.314075,4.6093111,-16.348158,1.7200087,-1.0077858,4.0420165,-8.9299927,6.9144216,-63.98333,32.027351,-126.75579,-1.210876,-62.975544,32.295448,-126.27346,.32237178
7.8,27,-7.2761784,4.5854287,-16.263453,1.7110968,-1.0025641,4.0210733,-8.8837233,6.8785954,-63.65181,31.861406,-126.09902,-1.204602,-62.649246,32.128117,-125.61919,.32070145
7.9,27,-7.2382813,4.5615463,-16.178747,1.7021848,-.99734235,4.0001307,-8.8374538,6.8427691,-63.32029,31.695461,-125.44225,-1.198328,-62.322948,31.960781,-124.96493,.31903112
8,27,-7.2003846,4.5376639,-16.094042,1.6932728,-.99212068,3.9791875,-8.7911844,6.8069434,-62.98877,31.529516,-124.78549,-1.192054,-61.996651,31.793447,-124.31066,.31736082
8.1,27,-7.162488,4.5137811,-16.009336,1.6843609,-.98689896,3.9582443,-8.744915,6.7711172,-62.657249,31.363571,-124.12872,-1.18578,-61.670353,31.626112,-123.65639,.31569049
8.199999999999999,27,-7.1245914,4.4898987,-15.924631,1.6754489,-.98167729,3.9373014,-8.6986456,6.7352915,-62.325733,31.197628,-123.47196,-1.1795061,-61.344055,31.45878,-123.00213,.31402019
8.300000000000001,27,-7.0866942,4.4660163,-15.839926,1.6665369,-.97645563,3.916358,-8.6523762,6.6994653,-61.994209,31.031681,-122.81519,-1.1732321,-61.017757,31.291445,-122.34786,.31234986
8.4,27,-7.0487976,4.4421339,-15.75522,1.657625,-.97123396,3.8954151,-8.6061077,6.6636395,-61.662693,30.865738,-122.15843,-1.1669582,-60.69146,31.124111,-121.6936,.31067955
8.5,27,-7.010901,4.4182515,-15.670515,1.648713,-.96601224,3.8744719,-8.5598373,6.6278133,-61.331173,30.699793,-121.50166,-1.1606842,-60.365158,30.956778,-121.03933,.30900922
8.6,27,-6.9730039,4.3943691,-15.585809,1.639801,-.96079051,3.8535287,-8.5135679,6.5919871,-60.999653,30.533848,-120.84489,-1.1544102,-60.03886,30.789442,-120.38506,.30733889
8.699999999999999,27,-6.9351072,4.3704867,-15.501104,1.6308891,-.95556885,3.8325858,-8.4672995,6.5561614,-60.668133,30.367903,-120.18813,-1.1481363,-59.712563,30.62211,-119.7308,.30566859
8.800000000000001,27,-6.8972106,4.3466043,-15.416398,1.6219771,-.95034719,3.8116426,-8.4210291,6.5203352,-60.336613,30.201958,-119.53136,-1.1418623,-59.386265,30.454775,-119.07653,.30399826
8.9,27,-6.859314,4.322722,-15.331693,1.6130651,-.94512552,3.7906997,-8.3747606,6.4845095,-60.005093,30.036015,-118.8746,-1.1355883,-59.059967,30.287443,-118.42226,.30232793
9,27,-6.8214169,4.2988391,-15.246987,1.6041532,-.9399038,3.7697566,-8.3284912,6.4486833,-59.673573,29.870068,-118.21783,-1.1293143,-58.733669,30.120108,-117.768,.3006576
9.1,27,-6.7835202,4.2749567,-15.162282,1.5952412,-.93468207,3.7488134,-8.2822208,6.4128571,-59.342052,29.704123,-117.56107,-1.1230403,-58.407372,29.952774,-117.11372,.2989873
9.199999999999999,27,-6.7456236,4.2510743,-15.077577,1.5863292,-.92946041,3.7278705,-8.2359524,6.3770313,-59.010532,29.538179,-116.9043,-1.1167665,-58.081074,29.78544,-116.45947,.29731697
9.300000000000001,27,-6.7077265,4.2271919,-14.99287,1.5774173,-.92423874,3.7069273,-8.189683,6.3412051,-58.679012,29.372234,-116.24754,-1.1104925,-57.754772,29.618105,-115.80519,.29564664
9.4,27,-6.6698303,4.2033095,-14.908166,1.5685054,-.91901708,3.6859841,-8.1434135,6.3053794,-58.347496,29.206289,-115.59077,-1.1042185,-57.428478,29.450773,-115.15093,.29397634
9.5,27,-6.6319332,4.1794271,-14.82346,1.5595933,-.91379535,3.665041,-8.0971441,6.2695532,-58.015972,29.040344,-114.93401,-1.0979445,-57.102177,29.283438,-114.49667,.29230601
9.6,27,-6.5940366,4.1555448,-14.738754,1.5506814,-.90857363,3.6440978,-8.0508747,6.233727,-57.684452,28.874399,-114.27724,-1.0916705,-56.775879,29.116104,-113.84239,.29063568
9.699999999999999,27,-6.5561399,4.1316624,-14.654049,1.5417695,-.90335202,3.6231549,-8.0046053,6.1979012,-57.352936,28.708454,-113.62048,-1.0853965,-56.449581,28.948771,-113.18813,.28896537
9.800000000000001,27,-6.5182428,4.10778,-14.569344,1.5328574,-.8981303,3.6022117,-7.9583354,6.162075,-57.021412,28.542509,-112.96371,-1.0791225,-56.123283,28.781437,-112.53386,.28729504
9.9,27,-6.4803462,4.0838976,-14.484638,1.5239456,-.89290863,3.5812688,-7.9120665,6.1262493,-56.689896,28.376566,-112.30695,-1.0728487,-55.796986,28.614103,-111.8796,.28562474
10,27,-6.4424496,4.0600147,-14.399933,1.5150336,-.88768691,3.5603256,-7.865797,6.0904231,-56.358376,28.210621,-111.65018,-1.0665747,-55.470688,28.446768,-111.22533,.28395441
10.1,27,-6.4045525,4.0361323,-14.315227,1.5061215,-.88246524,3.5393825,-7.8195271,6.0545969,-56.026852,28.044674,-110.99341,-1.0603007,-55.144386,28.279434,-110.57106,.28228408
10.2,27,-6.3666558,4.0122499,-14.230521,1.4972097,-.87724358,3.5184395,-7.7732582,6.0187712,-55.695335,27.878731,-110.33665,-1.0540267,-54.818092,28.112101,-109.91679,.28061378
10.3,27,-6.3287592,3.9883676,-14.145816,1.4882977,-.87202185,3.4974964,-7.7269888,5.982945,-55.363815,27.712786,-109.67988,-1.0477527,-54.491791,27.944767,-109.26253,.27894345
10.4,27,-6.2908626,3.9644852,-14.06111,1.4793857,-.86680019,3.4765532,-7.6807194,5.9471192,-55.032295,27.546841,-109.02312,-1.0414788,-54.165497,27.777433,-108.60827,.27727315
10.5,27,-6.2529655,3.9406028,-13.976405,1.4704738,-.86157846,3.45561,-7.63445,5.911293,-54.700775,27.380896,-108.36635,-1.0352048,-53.839195,27.6101,-107.95399,.27560282
10.6,27,-6.2150688,3.9167202,-13.891699,1.4615618,-.8563568,3.4346669,-7.5881805,5.8754668,-54.369255,27.214951,-107.70958,-1.0289308,-53.512897,27.442764,-107.29973,.27393249
10.7,27,-6.1771722,3.8928378,-13.806994,1.4526498,-.85113513,3.4137239,-7.5419111,5.8396411,-54.037735,27.049007,-107.05282,-1.0226569,-53.1866,27.275431,-106.64546,.27226219
10.8,27,-6.1392751,3.8689554,-13.722288,1.4437379,-.84591341,3.3927808,-7.4956417,5.8038149,-53.706215,26.88306,-106.39605,-1.0163829,-52.860302,27.108097,-105.9912,.27059186
10.9,27,-6.1013789,3.845073,-13.637584,1.4348259,-.84069175,3.3718379,-7.4493723,5.7679892,-53.374699,26.717117,-105.73929,-1.0101089,-52.534004,26.940763,-105.33693,.26892152
11,27,-6.0634818,3.8211906,-13.552877,1.4259139,-.83547002,3.3508947,-7.4031029,5.732163,-53.043175,26.551172,-105.08252,-1.003835,-52.207706,26.77343,-104.68266,.26725122
11.1,27,-6.0255852,3.797308,-13.468172,1.417002,-.83024836,3.3299515,-7.3568335,5.6963367,-52.711655,26.385227,-104.42575,-.99756098,-51.881405,26.606094,-104.0284,.26558089
11.2,27,-5.9876885,3.7734256,-13.383467,1.40809,-.82502669,3.3090086,-7.310564,5.660511,-52.380138,26.219282,-103.76899,-.99128705,-51.555111,26.438761,-103.37413,.26391056
11.3,27,-5.9497914,3.7495432,-13.298761,1.399178,-.81980497,3.2880654,-7.2642946,5.6246848,-52.048615,26.053337,-103.11222,-.98501307,-51.228809,26.271427,-102.71986,.26224026
11.4,27,-5.9118948,3.7256608,-13.214056,1.3902662,-.8145833,3.2671223,-7.2180257,5.5888591,-51.717098,25.887394,-102.45546,-.97873914,-50.902515,26.104094,-102.0656,.26056993
11.5,27,-5.8739982,3.7017784,-13.129351,1.3813541,-.80936158,3.2461791,-7.1717558,5.5530329,-51.385578,25.721447,-101.79869,-.97246516,-50.576214,25.93676,-101.41133,.2588996
11.6,27,-5.8361011,3.6778958,-13.044644,1.3724421,-.80413991,3.2252359,-7.1254864,5.5172067,-51.054054,25.555502,-101.14192,-.96619111,-50.249916,25.769424,-100.75706,.2572293
11.7,27,-5.7982044,3.6540134,-12.959939,1.3635303,-.79891825,3.204293,-7.0792174,5.4813809,-50.722538,25.389559,-100.48516,-.95991719,-49.923618,25.602093,-100.1028,.25555897
11.8,27,-5.7603078,3.630131,-12.875234,1.3546182,-.79369652,3.1833498,-7.0329475,5.4455547,-50.391018,25.223614,-99.828392,-.9536432,-49.597321,25.434757,-99.448532,.25388864
11.9,27,-5.7224112,3.6062486,-12.790528,1.3457063,-.78847486,3.1624069,-6.9866786,5.409729,-50.059498,25.057669,-99.171631,-.94736928,-49.271023,25.267424,-98.794266,.25221834
12,27,-5.684514,3.582366,-12.705823,1.3367944,-.78325319,3.1414638,-6.9404092,5.3739028,-49.727978,24.891724,-98.514862,-.94109529,-48.944725,25.10009,-98.139999,.25054801
12.1,27,-5.6466174,3.5584836,-12.621117,1.3278823,-.77803147,3.1205206,-6.8941393,5.3380766,-49.396458,24.725779,-97.858093,-.93482131,-48.618423,24.932755,-97.485725,.24887769
12.2,27,-5.6087208,3.5346012,-12.536412,1.3189704,-.7728098,3.0995777,-6.8478703,5.3022509,-49.064938,24.559834,-97.201332,-.92854738,-48.29213,24.765423,-96.831467,.24720737
12.3,27,-5.5708237,3.5107188,-12.451706,1.3100585,-.76758808,3.0786345,-6.8016009,5.2664247,-48.733418,24.393888,-96.544563,-.92227334,-47.965828,24.598087,-96.177193,.24553704
12.4,27,-5.5329275,3.4868364,-12.367002,1.3011465,-.76236641,3.0576916,-6.7553315,5.2305989,-48.401897,24.227945,-95.887802,-.91599941,-47.639534,24.430756,-95.522934,.24386674
12.5,27,-5.4950304,3.4629538,-12.282295,1.2922345,-.75714475,3.0367484,-6.7090621,5.1947727,-48.070377,24.062,-95.231033,-.90972543,-47.313232,24.26342,-94.86866,.24219641
12.6,27,-5.4571333,3.4390714,-12.19759,1.2833226,-.75192302,3.0158052,-6.6627927,5.1589465,-47.738857,23.896053,-94.574265,-.90345144,-46.986935,24.096087,-94.214394,.24052608
12.7,27,-5.4192371,3.415189,-12.112885,1.2744106,-.74670136,2.9948621,-6.6165233,5.1231208,-47.407337,23.73011,-93.917503,-.89717752,-46.660637,23.928753,-93.560135,.23885578
12.8,27,-5.38134,3.3913066,-12.028179,1.2654986,-.74147964,2.9739189,-6.5702538,5.0872946,-47.075817,23.564165,-93.260735,-.89090353,-46.334339,23.761417,-92.905861,.23718545
12.9,27,-5.3434434,3.3674242,-11.943474,1.2565867,-.73625797,2.952976,-6.5239844,5.0514688,-46.744301,23.39822,-92.603973,-.88462961,-46.008041,23.594086,-92.251602,.23551513
13,27,-5.3055468,3.3435416,-11.858768,1.2476747,-.73103631,2.9320328,-6.477715,5.0156426,-46.412781,23.232275,-91.947205,-.87835562,-45.681744,23.42675,-91.597328,.23384482
13.1,27,-5.2676497,3.3196592,-11.774062,1.2387627,-.72581458,2.9110897,-6.4314456,4.9798164,-46.081257,23.06633,-91.290436,-.87208158,-45.355442,23.259417,-90.943062,.23217449
13.2,27,-5.229753,3.2957768,-11.689357,1.2298508,-.72059292,2.8901467,-6.3851762,4.9439907,-45.749741,22.900387,-90.633675,-.86580765,-45.029148,23.092083,-90.288795,.23050417
13.3,27,-5.1918564,3.2718942,-11.604651,1.2209388,-.71537119,2.8692036,-6.3389068,4.9081645,-45.418221,22.73444,-89.976906,-.85953367,-44.702847,22.924749,-89.634529,.22883385
13.4,27,-5.1539598,3.2480121,-11.519946,1.2120268,-.71014959,2.8482606,-6.2926378,4.8723388,-45.0867,22.568497,-89.320145,-.85325974,-44.376553,22.757416,-88.980263,.22716354
13.5,27,-5.1160626,3.2241294,-11.435241,1.2031149,-.70492786,2.8273175,-6.2463679,4.8365126,-44.75518,22.402552,-88.663376,-.84698576,-44.050251,22.59008,-88.325996,.22549321
13.6,27,-5.078166,3.200247,-11.350534,1.1942029,-.69970614,2.8063743,-6.2000985,4.8006864,-44.42366,22.236607,-88.006607,-.84071177,-43.723953,22.422747,-87.67173,.22382288
13.7,27,-5.0402694,3.1763647,-11.26583,1.1852909,-.69448447,2.7854311,-6.1538296,4.7648606,-44.09214,22.070662,-87.349846,-.83443785,-43.397655,22.255413,-87.017464,.22215258
13.8,27,-5.0023723,3.152482,-11.181124,1.176379,-.68926275,2.764488,-6.1075597,4.7290344,-43.76062,21.904716,-86.693077,-.82816386,-43.071358,22.088079,-86.363197,.22048225
13.9,27,-4.9644761,3.1285999,-11.096419,1.1674671,-.68404114,2.7435451,-6.0612907,4.6932082,-43.4291,21.738773,-86.036316,-.82188988,-42.74506,21.920746,-85.708931,.21881193
14,27,-4.926579,3.1047173,-11.011713,1.158555,-.67881942,2.7226019,-6.0150213,4.6573825,-43.09758,21.572826,-85.379547,-.81561589,-42.418762,21.75341,-85.054665,.21714161
14.1,27,-4.8886819,3.0808349,-10.927008,1.1496431,-.67359769,2.7016587,-5.9687514,4.6215563,-42.76606,21.406881,-84.722778,-.80934191,-42.092461,21.586077,-84.400398,.21547128
14.2,27,-4.8507857,3.0569525,-10.842302,1.1407312,-.66837603,2.6807158,-5.9224825,4.5857306,-42.43454,21.240938,-84.066017,-.80306798,-41.766167,21.418743,-83.746132,.21380097
14.3,27,-4.8128886,3.0330698,-10.757596,1.1318191,-.66315436,2.6597726,-5.8762131,4.5499043,-42.10302,21.074993,-83.409248,-.796794,-41.439865,21.25141,-83.091866,.21213065
14.4,27,-4.774992,3.0091877,-10.672892,1.1229073,-.6579327,2.6388297,-5.8299437,4.5140781,-41.771503,20.909048,-82.752487,-.79052007,-41.113571,21.084076,-82.437599,.21046034
14.5,27,-4.7370954,2.9853051,-10.588185,1.1139953,-.65271097,2.6178865,-5.7836742,4.4782524,-41.43998,20.743103,-82.095718,-.78424609,-40.78727,20.916742,-81.783333,.20879
14.6,27,-4.6991982,2.9614224,-10.50348,1.1050832,-.64748925,2.5969434,-5.7374043,4.4424262,-41.108459,20.577158,-81.43895,-.7779721,-40.460972,20.749407,-81.129059,.20711969
14.7,27,-4.6613016,2.9375403,-10.418775,1.0961714,-.64226758,2.5760002,-5.6911354,4.4066005,-40.776943,20.411213,-80.782188,-.77169812,-40.134674,20.582073,-80.4748,.20544937
14.8,27,-4.623405,2.9136577,-10.334069,1.0872594,-.63704592,2.555057,-5.644866,4.3707743,-40.445419,20.245268,-80.12542,-.76542413,-39.808376,20.41474,-79.820526,.20377904
14.9,27,-4.5855083,2.8897755,-10.249364,1.0783474,-.63182425,2.5341141,-5.5985966,4.3349481,-40.113903,20.079325,-79.468658,-.75915021,-39.482079,20.247406,-79.166267,.20210874
15,27,-4.5476112,2.8658929,-10.164659,1.0694355,-.62660253,2.513171,-5.5523272,4.2991223,-39.782383,19.91338,-78.81189,-.75287622,-39.155781,20.080072,-78.511993,.20043841
15.1,27,-4.5097146,2.8420103,-10.079952,1.0605235,-.62138081,2.4922278,-5.5060577,4.2632961,-39.450859,19.747433,-78.155121,-.74660224,-38.829479,19.912737,-77.857727,.19876808
15.2,27,-4.471818,2.8181281,-9.9952478,1.0516115,-.61615914,2.4712849,-5.4597883,4.2274699,-39.119343,19.58149,-77.49836,-.74032831,-38.503185,19.745405,-77.203468,.19709778
15.3,27,-4.4339209,2.7942455,-9.9105415,1.0426996,-.61093748,2.4503417,-5.4135189,4.1916442,-38.787823,19.415545,-76.841591,-.73405433,-38.176884,19.57807,-76.549194,.19542745
15.4,27,-4.3960247,2.7703633,-9.8258362,1.0337876,-.60571581,2.4293988,-5.36725,4.155818,-38.456303,19.249599,-76.18483,-.7277804,-37.85059,19.410736,-75.894936,.19375713
15.5,27,-4.3581276,2.7464807,-9.7411308,1.0248756,-.60049409,2.4084556,-5.3209801,4.1199923,-38.124783,19.083654,-75.528061,-.72150636,-37.524288,19.243402,-75.240662,.19208682
15.6,27,-4.3202305,2.7225981,-9.6564245,1.0159637,-.59527236,2.3875124,-5.2747107,4.084166,-37.793262,18.917709,-74.871292,-.71523237,-37.19799,19.076067,-74.586395,.19041649
15.7,27,-4.2823343,2.6987159,-9.5717201,1.0070517,-.59005076,2.3665695,-5.2284417,4.0483398,-37.461742,18.751766,-74.214531,-.70895845,-36.871693,18.908735,-73.932129,.18874617
15.8,27,-4.2444372,2.6748333,-9.4870138,.99813974,-.58482903,2.3456261,-5.1821718,4.0125141,-37.130222,18.585819,-73.557762,-.70268446,-36.545395,18.7414,-73.277863,.18707584
15.9,27,-4.2065406,2.6509509,-9.4023094,.98922783,-.57960737,2.3246832,-5.1359029,3.9766881,-36.798706,18.419876,-72.901001,-.69641054,-36.219097,18.574068,-72.623596,.18540554
16,27,-4.168644,2.6270685,-9.3176031,.98031586,-.57438564,2.30374,-5.0896335,3.9408619,-36.467182,18.253931,-72.244232,-.69013655,-35.892799,18.406733,-71.96933,.18373521
16.1,27,-4.1307468,2.6031859,-9.2328978,.97140384,-.56916392,2.2827969,-5.0433636,3.9050357,-36.135662,18.087986,-71.587463,-.68386257,-35.566498,18.239399,-71.315063,.18206488
16.2,27,-4.0928497,2.5793035,-9.1481915,.96249187,-.56394225,2.2618537,-4.9970942,3.8692095,-35.804142,17.922039,-70.930695,-.67758858,-35.2402,18.072063,-70.660789,.18039456
16.3,27,-4.0549536,2.5554214,-9.063488,.95358002,-.55872065,2.240911,-4.9508252,3.8333843,-35.472626,17.756098,-70.273941,-.67131466,-34.913906,17.904732,-70.006538,.17872426
16.4,27,-4.0170569,2.5315387,-8.9787817,.94466799,-.55349892,2.2199678,-4.9045558,3.7975581,-35.141106,17.590153,-69.617172,-.66504067,-34.587605,17.737398,-69.352264,.17705393
16.5,27,-3.9791601,2.5076563,-8.8940763,.93575603,-.5482772,2.1990247,-4.8582864,3.7617319,-34.809586,17.424206,-68.960403,-.65876669,-34.261307,17.570063,-68.697998,.17538361
16.6,27,-3.941263,2.4837737,-8.80937,.926844,-.54305553,2.1780815,-4.8120165,3.7259057,-34.478062,17.258261,-68.303635,-.6524927,-33.935009,17.402729,-68.043732,.17371328
16.7,27,-3.9033661,2.4598913,-8.7246647,.91793203,-.53783381,2.1571383,-4.7657471,3.6900795,-34.146542,17.092316,-67.646866,-.64621872,-33.608707,17.235394,-67.389458,.17204295
16.8,27,-3.8654699,2.4360092,-8.6399603,.90902019,-.5326122,2.1361954,-4.7194786,3.654254,-33.815025,16.926373,-66.990112,-.63994485,-33.282413,17.068062,-66.735199,.17037266
16.9,27,-3.8275731,2.4121265,-8.555254,.90010822,-.52739048,2.1152523,-4.6732087,3.618428,-33.483505,16.760427,-66.333344,-.63367087,-32.956116,16.900728,-66.080933,.16870233
17,27,-3.7896762,2.3882442,-8.4705486,.89119619,-.52216876,2.0943091,-4.6269393,3.5826018,-33.151985,16.594482,-65.676575,-.62739688,-32.629818,16.733393,-65.426666,.167032
17.1,27,-3.7517793,2.3643615,-8.3858423,.88228422,-.51694709,2.0733659,-4.5806699,3.5467756,-32.820465,16.428537,-65.019806,-.62112284,-32.303516,16.566059,-64.772392,.16536169
17.2,27,-3.7138824,2.3404789,-8.301137,.8733722,-.51172537,2.0524228,-4.5344,3.5109494,-32.488941,16.262592,-64.363037,-.61484885,-31.977217,16.398724,-64.118126,.16369136
17.3,27,-3.6759861,2.316597,-8.2164326,.86446041,-.50650376,2.0314801,-4.4881315,3.4751239,-32.157429,16.096649,-63.70628,-.60857499,-31.650925,16.231392,-63.463871,.16202106
17.4,27,-3.6380892,2.2927144,-8.1317272,.85554838,-.50128204,2.0105369,-4.4418621,3.4392979,-31.825907,15.930704,-63.049511,-.602301,-31.324625,16.064058,-62.809601,.16035074
17.5,27,-3.6001923,2.268832,-8.0470209,.84663641,-.49606034,1.9895937,-4.3955922,3.4034717,-31.494385,15.764758,-62.392746,-.59602702,-30.998325,15.896724,-62.155331,.15868041
17.6,27,-3.5622954,2.2449493,-7.9623151,.83772439,-.49083862,1.9686506,-4.3493228,3.3676455,-31.162865,15.598813,-61.735977,-.58975303,-30.672026,15.729389,-61.50106,.15701008
17.7,27,-3.5243986,2.2210667,-7.8776093,.82881242,-.48561692,1.9477074,-4.3030534,3.3318193,-30.831343,15.432867,-61.079208,-.58347905,-30.345726,15.562055,-60.846794,.15533975
17.8,27,-3.4865024,2.1971848,-7.7929053,.81990057,-.48039532,1.9267646,-4.2567844,3.2959938,-30.499828,15.266925,-60.422451,-.57720518,-30.019434,15.394723,-60.192535,.15366946
17.9,27,-3.4486055,2.1733022,-7.7081995,.81098861,-.47517359,1.9058214,-4.210515,3.2601678,-30.168308,15.10098,-59.765682,-.57093114,-29.693134,15.227388,-59.538265,.15199913
18,27,-3.4107084,2.1494195,-7.6234937,.80207658,-.4699519,1.8848783,-4.1642456,3.2243416,-29.836786,14.935034,-59.108917,-.56465715,-29.366835,15.060054,-58.883999,.1503288
18.1,27,-3.3728116,2.1255372,-7.5387878,.79316461,-.4647302,1.8639351,-4.1179757,3.1885154,-29.505266,14.769089,-58.452148,-.55838317,-29.040535,14.892719,-58.229729,.14865848
18.2,27,-3.3349147,2.1016545,-7.454082,.78425258,-.45950848,1.8429919,-4.0717063,3.1526892,-29.173744,14.603144,-57.79538,-.55210918,-28.714235,14.725385,-57.575459,.14698815
18.3,27,-3.2970185,2.0777726,-7.3693781,.7753408,-.45428687,1.8220491,-4.0254374,3.1168637,-28.84223,14.437201,-57.138622,-.54583532,-28.387943,14.558053,-56.921204,.14531785
18.4,27,-3.2591217,2.05389,-7.2846723,.76642877,-.44906518,1.801106,-3.9791679,3.0810378,-28.510708,14.271255,-56.481853,-.53956133,-28.061644,14.390718,-56.266933,.14364754
18.5,27,-3.2212248,2.0300074,-7.1999664,.7575168,-.44384345,1.7801628,-3.9328985,3.0452116,-28.179188,14.10531,-55.825089,-.53328735,-27.735344,14.223384,-55.612663,.14197721
18.6,27,-3.1833279,2.006125,-7.1152606,.74860477,-.43862176,1.7592196,-3.8866289,3.0093853,-27.847666,13.939364,-55.16832,-.52701336,-27.409044,14.056049,-54.958397,.14030688
18.7,27,-3.1454308,1.9822423,-7.0305548,.73969281,-.43340003,1.7382765,-3.8403592,2.9735591,-27.516146,13.773419,-54.511551,-.52073932,-27.082745,13.888715,-54.304127,.13863656
18.8,27,-3.1075346,1.9583603,-6.9458504,.73078096,-.42817843,1.7173337,-3.7940905,2.9377337,-27.184629,13.607477,-53.854794,-.51446545,-26.756453,13.721384,-53.649868,.13696626
18.9,27,-3.0696378,1.9344778,-6.8611445,.72186899,-.42295673,1.6963905,-3.7478211,2.9019077,-26.853109,13.441531,-53.198025,-.50819147,-26.430153,13.554049,-52.995602,.13529593
19,27,-3.0317409,1.9105953,-6.7764387,.71295696,-.41773501,1.6754473,-3.7015514,2.8660815,-26.521587,13.275586,-52.54126,-.50191748,-26.103853,13.386715,-52.341331,.13362561
19.1,27,-2.993844,1.8867127,-6.6917329,.704045,-.41251332,1.6545042,-3.6552818,2.8302553,-26.190067,13.10964,-51.884491,-.4956435,-25.777554,13.21938,-51.687061,.13195528
19.2,27,-2.9559472,1.8628302,-6.6070271,.69513297,-.40729162,1.633561,-3.6090124,2.7944291,-25.858545,12.943695,-51.227722,-.48936951,-25.451254,13.052046,-51.032795,.13028495
19.3,27,-2.918051,1.8389481,-6.5223231,.68622112,-.40206999,1.6126182,-3.5627437,2.7586036,-25.527031,12.777753,-50.570965,-.48309562,-25.124962,12.884714,-50.378536,.12861466
19.4,27,-2.8801541,1.8150656,-6.4376173,.67730916,-.39684829,1.591675,-3.516474,2.7227774,-25.195509,12.611807,-49.9142,-.47682163,-24.798662,12.71738,-49.724266,.12694433
19.5,27,-2.842257,1.791183,-6.3529115,.66839719,-.3916266,1.5707319,-3.4702046,2.6869514,-24.863989,12.445862,-49.257431,-.47054765,-24.472363,12.550045,-49.07,.125274
19.6,27,-2.8043602,1.7673005,-6.2682056,.65948516,-.38640487,1.5497887,-3.4239349,2.6511252,-24.532467,12.279917,-48.600662,-.46427366,-24.146063,12.38271,-48.41573,.12360368
19.7,27,-2.7664633,1.743418,-6.1834998,.65057319,-.38118318,1.5288455,-3.3776653,2.615299,-24.200947,12.113971,-47.943893,-.45799965,-23.819763,12.215376,-47.761459,.12193336
19.8,27,-2.7285671,1.7195359,-6.0987954,.64166135,-.37596157,1.5079027,-3.3313966,2.5794735,-23.869432,11.948029,-47.287136,-.45172578,-23.493469,12.048044,-47.107204,.12026305
19.9,27,-2.6906703,1.6956534,-6.0140896,.63274932,-.37073985,1.4869596,-3.2851272,2.5436473,-23.53791,11.782084,-46.630371,-.4454518,-23.167171,11.88071,-46.452934,.11859273
20,27,-2.6527734,1.6717708,-5.9293838,.62383735,-.36551815,1.4660164,-3.2388575,2.5078213,-23.20639,11.616138,-45.973602,-.43917781,-22.840872,11.713375,-45.798664,.11692241
20.1,27,-2.6148765,1.6478883,-5.8446779,.61492532,-.36029643,1.4450732,-3.1925879,2.4719951,-22.874868,11.450192,-45.316833,-.4329038,-22.514572,11.546041,-45.144398,.11525208
20.2,27,-2.5769794,1.6240058,-5.7599726,.60601336,-.35507473,1.4241301,-3.1463184,2.4361689,-22.543346,11.284246,-44.660065,-.42662981,-22.188272,11.378706,-44.490128,.11358175
20.3,27,-2.5390832,1.6001238,-5.6752682,.59710151,-.34985313,1.4031873,-3.1000497,2.4003434,-22.211832,11.118304,-44.003307,-.42035595,-21.861979,11.211375,-43.835869,.11191146
20.4,27,-2.5011864,1.5762411,-5.5905623,.58818954,-.3446314,1.3822441,-3.0537801,2.3645172,-21.880312,10.952359,-43.346542,-.41408196,-21.535681,11.04404,-43.181602,.11024113
20.5,27,-2.4632895,1.5523586,-5.5058565,.57927752,-.33940971,1.3613009,-3.0075107,2.3286912,-21.54879,10.786413,-42.689774,-.40780795,-21.209381,10.876705,-42.527332,.10857081
20.6,27,-2.4253926,1.5284761,-5.4211507,.57036555,-.33418798,1.3403578,-2.961241,2.292865,-21.21727,10.620468,-42.033005,-.40153396,-20.883081,10.709371,-41.873062,.10690048
20.7,27,-2.3874958,1.5045936,-5.3364449,.56145352,-.32896629,1.3194146,-2.9149714,2.2570388,-20.885748,10.454523,-41.376236,-.39525998,-20.556782,10.542036,-41.218792,.10523015
20.8,27,-2.3495996,1.4807115,-5.2517409,.55254173,-.32374468,1.2984718,-2.8687027,2.2212133,-20.554234,10.288581,-40.719479,-.38898611,-20.230488,10.374705,-40.564537,.10355986
20.9,27,-2.3117025,1.456829,-5.1670351,.54362971,-.31852296,1.2775286,-2.8224332,2.1853871,-20.222712,10.122635,-40.062714,-.3827121,-19.904188,10.207371,-39.910267,.10188953
21,27,-2.2738056,1.4329464,-5.0823293,.53471774,-.31330127,1.2565855,-2.7761636,2.1495612,-19.891191,9.9566898,-39.405945,-.37643811,-19.57789,10.040036,-39.255997,.10021921
21.1,27,-2.2359087,1.4090639,-4.9976234,.52580571,-.30807957,1.2356423,-2.7298939,2.113735,-19.559669,9.7907438,-38.749176,-.37016413,-19.251591,9.8727016,-38.60173,.098548882
21.2,27,-2.1980119,1.3851814,-4.9129176,.51689374,-.30285785,1.2146991,-2.6836245,2.0779088,-19.228149,9.6247988,-38.092407,-.36389014,-18.925291,9.7053671,-37.94746,.096878551
21.3,27,-2.1601157,1.3612993,-4.8282132,.5079819,-.29763624,1.1937563,-2.6373558,2.0420833,-18.896633,9.4588566,-37.43565,-.35761625,-18.598997,9.5380354,-37.293205,.095208257
21.4,27,-2.1222188,1.3374168,-4.7435074,.4990699,-.29241455,1.1728132,-2.5910861,2.0062571,-18.565113,9.2929106,-36.778885,-.35134226,-18.272697,9.3707008,-36.638935,.093537934
21.5,27,-2.084322,1.3135343,-4.6588016,.49015793,-.28719282,1.15187,-2.5448167,1.970431,-18.233591,9.1269655,-36.122116,-.34506828,-17.9464,9.2033663,-35.984665,.091867603
21.6,27,-2.0464249,1.2896518,-4.5740957,.48124593,-.28197113,1.1309268,-2.4985471,1.9346048,-17.902071,8.9610195,-35.465347,-.33879429,-17.6201,9.0360317,-35.330395,.09019728
21.7,27,-2.008528,1.2657691,-4.4893899,.47233394,-.2767494,1.1099837,-2.4522774,1.8987787,-17.570549,8.7950745,-34.808578,-.33252028,-17.2938,8.8686972,-34.676128,.088526949
21.8,27,-1.9706318,1.2418871,-4.404686,.46342209,-.2715278,1.0890409,-2.4060087,1.8629532,-17.239035,8.6291323,-34.151821,-.32624641,-16.967506,8.7013655,-34.02187,.086856656
21.9,27,-1.932735,1.2180046,-4.3199801,.45451009,-.2663061,1.0680977,-2.3597393,1.827127,-16.907513,8.4631863,-33.495056,-.31997243,-16.641207,8.5340309,-33.367599,.085186332
22,27,-1.8948381,1.1941221,-4.2352743,.4455981,-.26108438,1.0471545,-2.3134696,1.7913009,-16.575993,8.2972412,-32.838287,-.31369844,-16.314909,8.3666964,-32.713333,.083516002
22.1,27,-1.8569412,1.1702394,-4.1505685,.4366861,-.25586268,1.0262114,-2.2672,1.7554747,-16.244471,8.1312962,-32.181519,-.30742443,-15.988608,8.1993618,-32.059063,.081845678
22.2,27,-1.8190442,1.1463569,-4.0658627,.4277741,-.25064096,1.0052682,-2.2209306,1.7196486,-15.912951,7.9653502,-31.52475,-.30115044,-15.66231,8.0320272,-31.404795,.080175348
22.3,27,-1.7811481,1.1224749,-3.9811585,.41886228,-.24541937,.98432547,-2.1746619,1.6838231,-15.581435,7.799408,-30.867994,-.29487658,-15.336016,7.864696,-30.750538,.078505054
22.4,27,-1.7432512,1.0985924,-3.8964527,.40995029,-.24019766,.9633823,-2.1283922,1.6479969,-15.249914,7.6334624,-30.211226,-.28860259,-15.009717,7.6973615,-30.096268,.076834731
22.5,27,-1.7053542,1.0747098,-3.8117468,.40103829,-.23497595,.94243914,-2.0821228,1.6121708,-14.918393,7.4675169,-29.554459,-.28232858,-14.683417,7.5300269,-29.441999,.0751644
22.6,27,-1.6674573,1.0508273,-3.727041,.39212629,-.22975424,.92149597,-2.0358531,1.5763446,-14.586872,7.3015718,-28.89769,-.27605459,-14.357118,7.3626924,-28.787729,.073494077
22.7,27,-1.6295605,1.0269448,-3.6423352,.38321429,-.22453253,.90055281,-1.9895836,1.5405185,-14.255351,7.1356263,-28.240921,-.26978061,-14.030818,7.1953578,-28.133461,.071823753
22.8,27,-1.5916643,1.0030627,-3.557631,.37430248,-.21931092,.87961,-1.9433149,1.504693,-13.923836,6.9696841,-27.584166,-.26350674,-13.704525,7.0280266,-27.479204,.070153452
22.9,27,-1.5537673,.97918016,-3.4729252,.36539048,-.21408921,.85866684,-1.8970453,1.4688668,-13.592315,6.8037386,-26.927397,-.25723273,-13.378226,6.860692,-26.824934,.068483129
23,27,-1.5158705,.95529765,-3.3882194,.35647848,-.20886751,.83772367,-1.8507757,1.4330407,-13.260794,6.6377931,-26.27063,-.25095874,-13.051927,6.6933575,-26.170666,.066812806
23.1,27,-1.4779736,.93141508,-3.3035135,.34756649,-.20364581,.81678051,-1.8045062,1.3972145,-12.929273,6.4718475,-25.613861,-.24468476,-12.725627,6.5260229,-25.516397,.065142475
23.2,27,-1.4400766,.90753257,-3.2188077,.33865449,-.1984241,.79583734,-1.7582366,1.3613884,-12.597752,6.305902,-24.957092,-.23841076,-12.399327,6.3586884,-24.862127,.063472152
23.3,27,-1.4021804,.88365048,-3.1341035,.32974267,-.19320248,.77489454,-1.7119679,1.325563,-12.266237,6.1399598,-24.300337,-.23213689,-12.073034,6.1913567,-24.20787,.061801855
23.4,27,-1.3642836,.85976797,-3.0493977,.32083067,-.18798079,.75395137,-1.6656983,1.2897367,-11.934716,5.9740143,-23.643568,-.22586289,-11.746735,6.0240221,-23.553602,.060131527
23.5,27,-1.3263867,.83588541,-2.9646919,.31191868,-.18275908,.73300821,-1.6194288,1.2539107,-11.603195,5.8080688,-22.986801,-.21958891,-11.420436,5.8566875,-22.899332,.058461204
23.6,27,-1.2884897,.8120029,-2.8799863,.30300668,-.17753737,.71206504,-1.5731592,1.2180845,-11.271673,5.6421232,-22.330032,-.21331491,-11.094136,5.689353,-22.245064,.056790877
23.7,27,-1.2505928,.78812039,-2.7952805,.29409468,-.17231566,.69112188,-1.5268897,1.1822584,-10.940152,5.4761782,-21.673264,-.20704092,-10.767837,5.5220184,-21.590794,.05512055
23.8,27,-1.2126967,.7642383,-2.7105761,.28518286,-.16709405,.67017907,-1.480621,1.1464329,-10.608638,5.3102355,-21.016508,-.20076704,-10.441544,5.3546872,-20.936537,.053450257
23.9,27,-1.1747998,.74035573,-2.6258705,.27627087,-.16187234,.6492359,-1.4343513,1.1106067,-10.277117,5.1442904,-20.359739,-.19449306,-10.115244,5.1873527,-20.282269,.05177993
24,27,-1.1369028,.71647322,-2.5411646,.26735887,-.15665063,.62829274,-1.3880818,1.0747806,-9.9455957,4.9783449,-19.702972,-.18821906,-9.7889452,5.0200181,-19.627998,.050109603
24.1,27,-1.0990059,.69259071,-2.4564588,.25844687,-.15142892,.60734957,-1.3418123,1.0389544,-9.6140747,4.8123994,-19.046204,-.18194507,-9.4626455,4.8526835,-18.97373,.048439275
24.2,27,-1.0611091,.66870815,-2.371753,.24953488,-.14620721,.58640641,-1.2955427,1.0031282,-9.2825537,4.6464539,-18.389435,-.17567107,-9.1363459,4.685349,-18.319462,.046768948
24.3,27,-1.0232128,.64482605,-2.2870488,.24062304,-.14098561,.56546366,-1.249274,.96730274,-8.9510384,4.4805117,-17.732679,-.16939721,-8.8100529,4.5180173,-17.665205,.045098655
24.4,27,-.98531592,.62094355,-2.202343,.23171104,-.1357639,.54452044,-1.2030044,.93147659,-8.6195173,4.3145661,-17.075911,-.16312321,-8.4837532,4.3506827,-17.010935,.043428328
24.5,27,-.94741905,.59706104,-2.1176372,.22279905,-.13054219,.52357727,-1.1567348,.89565045,-8.2879963,4.1486206,-16.419144,-.15684922,-8.1574545,4.1833482,-16.356667,.041758001
24.6,27,-.90952212,.57317847,-2.0329313,.21388705,-.12532048,.50263411,-1.1104653,.8598243,-7.9564753,3.9826751,-15.762375,-.15057522,-7.8311548,4.0160136,-15.702397,.040087674
24.7,27,-.87162524,.54929596,-1.9482255,.20497507,-.12009878,.48169094,-1.0641956,.82399815,-7.6249542,3.8167298,-15.105607,-.14430124,-7.5048552,3.8486791,-15.048128,.038417351
24.8,27,-.83372903,.52541387,-1.8635213,.19606324,-.11487717,.46074817,-1.0179271,.78817266,-7.2934394,3.6507874,-14.448851,-.13802736,-7.1785622,3.6813478,-14.393871,.036747053
24.9,27,-.79583216,.50153136,-1.7788155,.18715124,-.10965546,.439805,-.97165745,.75234652,-6.9619179,3.4848421,-13.792083,-.13175337,-6.8522625,3.5140133,-13.739602,.035076726
25,27,-.75793523,.47764882,-1.6941097,.17823924,-.10443375,.41886184,-.92538786,.71652037,-6.6303968,3.3188965,-13.135315,-.12547937,-6.5259633,3.3466787,-13.085333,.033406403
25.1,27,-.72003829,.45376629,-1.6094038,.16932724,-.09921205,.39791867,-.87911832,.68069422,-6.2988758,3.152951,-12.478546,-.11920538,-6.1996636,3.1793442,-12.431064,.031736076
25.2,27,-.68214142,.42988375,-1.5246981,.16041525,-.093990341,.37697548,-.83284873,.64486802,-5.9673548,2.9870055,-11.821778,-.11293139,-5.8733644,3.0120096,-11.776794,.030065749
25.3,27,-.64424521,.40600169,-1.4399939,.15150343,-.088768736,.35603273,-.78658003,.60904258,-5.6358399,2.8210633,-11.165023,-.10665751,-5.5470715,2.8446782,-11.122538,.028395453
25.4,27,-.60634834,.38211915,-1.355288,.14259143,-.083547026,.33508953,-.74031049,.57321644,-5.3043189,2.6551178,-10.508254,-.10038352,-5.2207718,2.6773436,-10.468268,.026725128
25.5,27,-.5684514,.35823661,-1.2705823,.13367943,-.078325316,.31414637,-.69404089,.53739029,-4.9727979,2.4891725,-9.8514862,-.094109528,-4.8944726,2.5100091,-9.8139992,.025054801
25.6,27,-.53055453,.33435407,-1.1858765,.12476744,-.073103607,.2932032,-.64777136,.50156409,-4.6412768,2.3232269,-9.1947174,-.087835535,-4.5681729,2.3426745,-9.1597309,.023384474
25.7,27,-.4926576,.31047153,-1.1011707,.11585544,-.067881905,.27226004,-.60150176,.46573797,-4.3097553,2.1572814,-8.5379496,-.081561543,-4.2418737,2.1753399,-8.5054617,.021714149
25.8,27,-.45476142,.28658947,-1.0164665,.10694361,-.062660292,.25131726,-.55523306,.42991248,-3.9782407,1.9913392,-7.8811936,-.07528767,-3.9155805,2.0080085,-7.8512049,.020043854
25.9,27,-.41686451,.26270694,-.93176067,.098031618,-.057438586,.23037408,-.50896353,.39408633,-3.6467197,1.8253937,-7.2244253,-.069013678,-3.5892811,1.8406739,-7.1969357,.018373527
26,27,-.37896761,.23882441,-.84705484,.089119621,-.052216876,.20943092,-.46269393,.35826018,-3.3151984,1.6594483,-6.5676575,-.062739685,-3.2629817,1.6733394,-6.5426664,.016703201
26.1,27,-.34107071,.21494187,-.76234907,.080207624,-.04699517,.18848774,-.41642436,.32243401,-2.9836774,1.4935027,-5.9108891,-.056465693,-2.9366822,1.5060048,-5.8883972,.015032874
26.2,27,-.30317381,.19105934,-.67764324,.071295626,-.041773461,.16754457,-.3701548,.28660786,-2.6521564,1.3275573,-5.2541208,-.0501917,-2.6103828,1.3386701,-5.234128,.013362548
26.3,27,-.26527762,.16717726,-.59293902,.062383804,-.036551856,.1466018,-.3238861,.2507824,-2.3206415,1.161615,-4.5973649,-.043917827,-2.2840896,1.1713388,-4.5798717,.011692253
26.4,27,-.22738071,.14329474,-.50823325,.053471807,-.031330146,.12565863,-.27761653,.21495624,-1.9891204,.9956696,-3.9405968,-.037643835,-1.9577903,1.0040042,-3.9256024,.010021927
26.5,27,-.18948381,.11941221,-.42352742,.04455981,-.026108438,.10471546,-.23134696,.17913009,-1.6575992,.82972413,-3.2838287,-.031369843,-1.6314908,.83666968,-3.2713332,.0083516007
26.6,27,-.15158691,.095529668,-.33882162,.035647813,-.02088673,.083772287,-.1850774,.14330393,-1.3260782,.66377866,-2.6270604,-.02509585,-1.3051914,.66933507,-2.617064,.0066812742
26.7,27,-.11369,.071647137,-.25411582,.026735818,-.015665023,.062829114,-.13880783,.10747778,-.99455702,.49783322,-1.9702922,-.018821858,-.97889197,.50200051,-1.9627949,.0050109476
26.8,27,-.07579381,.047765065,-.16941161,.017823992,-.010443415,.041886345,-.092539139,.071652308,-.66304225,.33189091,-1.3135365,-.012547985,-.6525988,.33466914,-1.3085383,.0033406529
26.9,27,-.037896905,.023882532,-.084705807,.0089119961,-.0052217077,.020943172,-.04626957,.035826154,-.33152112,.16594546,-.65676826,-.0062739924,-.3262994,.16733457,-.65426916,.0016703265
27,27,0,0,0,0,0,0,0,0,0,0,0,0,0,0,0,0
27.1,27,.037882905,.023880936,-.0089228675,.084688678,.0052179415,.020941677,-.035826989,.046262871,.33148694,.16593809,.0062542735,.65671962,.326269,.16732688,-.0016856403,.65422368
27.2,27,.075681813,.047752298,-.017910974,.1692746,.010413285,.041874379,-.071658991,.092485562,.66276896,.33183199,.012390226,1.3131477,.65235567,.3346076,-.0034631726,1.3081745
27.3,27,.113312,.071604095,-.027029455,.25365344,.015563333,.062788755,-.10750036,.13862702,.9936347,.49763432,.018289378,1.9689801,.97807139,.50179285,-.0054245023,1.9615673
27.4,27,.1506909,.095427766,-.036344085,.33772588,.020645689,.083676659,-.14335756,.18464893,1.3238919,.66330731,.023833528,2.6239502,1.3032463,.66884291,-.0076617207,2.6141541
27.5,27,.18773381,.11921348,-.045920335,.42138794,.025637653,.10452881,-.17923506,.23051037,1.6533294,.82880366,.028904,3.2777545,1.6276916,.83570856,-.01026696,3.2656503
27.6,27,.22435671,.14295201,-.055824094,.50453752,.030516628,.12533638,-.21513815,.27617142,1.9817419,.99407941,.033382077,3.9301019,1.9512253,1.0023439,-.013332565,3.9157832
27.7,27,.26047561,.16663429,-.066121593,.58707285,.035260018,.14609057,-.25107226,.32159227,2.3089249,1.1590906,.037148841,4.5807009,2.2736647,1.1687031,-.016951108,4.5642805
27.8,27,.29600582,.19025099,-.076879293,.66889089,.03984512,.16678232,-.28704223,.36673248,2.6346667,1.3237904,.040085021,5.2292485,2.5948217,1.3347373,-.021215405,5.2108583
27.9,27,.3308647,.21379441,-.088164635,.74989402,.044249542,.18740383,-.32305521,.41155431,2.9587753,1.4881415,.042071421,5.8754792,2.9145257,1.5004073,-.026218686,5.8552699
28,27,.36496761,.23725574,-.10004508,.82998031,.048450585,.20794621,-.35911649,.45601767,3.2810392,1.6520972,.042988162,6.5190902,3.2325885,1.6656648,-.032054462,6.4972315
28.1,27,.39823052,.26062694,-.1125889,.90904993,.052425653,.22840111,-.39523229,.50008357,3.6012535,1.8156142,.042715121,7.1597919,3.5488279,1.8304646,-.038816683,7.1364727
28.2,27,.43056941,.28390032,-.125865,.98700386,.056152143,.24876031,-.43140909,.54371339,3.9192135,1.9786495,.041131776,7.7972951,3.8630612,1.9947617,-.046599768,7.7727222
28.3,27,.46189961,.30706817,-.13994293,1.0637422,.059607361,.26901534,-.46765304,.58686775,4.2347074,2.1411569,.038117032,8.4312983,4.1751003,2.1585083,-.055498619,8.4056988
28.4,27,.4921385,.33012447,-.15489356,1.1391705,.062768906,.28915915,-.50397265,.62951046,4.5475435,2.3031003,.033549644,9.0615377,4.4847746,2.3216667,-.065608822,9.0351582
28.5,27,.52120143,.35306239,-.17078817,1.213191,.065614082,.30918363,-.5403747,.67160285,4.8575101,2.4644344,.027307482,9.6877127,4.7918959,2.4841897,-.077026449,9.6608181
28.6,27,.54900432,.37587607,-.18769923,1.2857078,.068120293,.32908127,-.57686716,.71310771,5.1644025,2.6251168,.019267946,10.309537,5.096282,2.6460335,-.08984831,10.282413
28.7,27,.57546324,.39856011,-.20570026,1.3566266,.070264943,.3488448,-.61345834,.75398821,5.4680152,2.7851059,.0093078017,10.926723,5.3977504,2.8071547,-.10417193,10.899673
28.8,27,.60049343,.42110938,-.22486581,1.4258527,.072025329,.36846682,-.65015638,.79420704,5.7681375,2.9443574,-.0026969537,11.538972,5.6961122,2.9675076,-.12009557,11.512321
28.9,27,.62401229,.44352064,-.2452722,1.4932969,.073379055,.38794136,-.68697202,.8337301,6.0645771,3.1028366,-.016870797,12.146025,5.9911981,3.1270556,-.13771847,12.120114
29,27,.64593518,.46579006,-.26699656,1.558867,.074303426,.40726152,-.72391444,.87252134,6.3571224,3.2604995,-.033339243,12.747584,6.2828188,3.2857542,-.15714064,12.722778
29.1,27,.66617811,.48791498,-.29011765,1.622474,.074775845,.42642114,-.7609942,.91054589,6.6455688,3.4173062,-.052228522,13.343366,6.5707927,3.4435613,-.17846307,13.320049
29.2,27,.68465698,.50989348,-.31471586,1.6840298,.074773699,.44541433,-.79822236,.94776976,6.9297109,3.5732172,-.073665947,13.933087,6.8549371,3.600436,-.2017879,13.911662
29.3,27,.70128721,.5317241,-.34087288,1.7434473,.074274316,.46423525,-.83561003,.98415869,7.2093377,3.7281895,-.09777955,14.516455,7.1350632,3.756335,-.22721808,14.497345
29.4,27,.71598607,.55340755,-.36867282,1.8006449,.073255271,.48287949,-.87317115,1.0196817,7.4842567,3.8821912,-.12469839,15.093212,7.4110012,3.9112246,-.25485811,15.076861
29.5,27,.72866899,.5749442,-.39820099,1.855539,.07169389,.50134194,-.91091824,1.054306,7.7542567,4.035181,-.15455261,15.663067,7.6825628,4.0650625,-.28481334,15.64994
29.6,27,.73925191,.59633589,-.42954496,1.9080487,.069567569,.51961827,-.94886553,1.0880007,8.0191336,4.1871214,-.18747358,16.22574,7.9495659,4.2178102,-.31719065,16.216322
29.7,27,.74765074,.61758536,-.4627943,1.9580959,.066853695,.53770459,-.98702794,1.1207353,8.2786808,4.337975,-.22359392,16.780954,8.2118273,4.3694301,-.35209826,16.775753
29.8,27,.75378096,.63869619,-.49804062,2.0056026,.063529588,.55559707,-1.0254207,1.1524799,8.5326881,4.4877024,-.26304734,17.328423,8.4691582,4.5198812,-.38964573,17.327963
29.9,27,.75755984,.65967447,-.53537834,2.050498,.059572835,.57329369,-1.0640621,1.1832078,8.7809629,4.6362748,-.30596882,17.867895,8.7213898,4.6691337,-.42994434,17.872725
30,27,.75890273,.68052602,-.57490373,2.0927093,.054960761,.59079158,-1.1029694,1.212891,9.0232935,4.7836537,-.35249481,18.399082,8.9683332,4.8171496,-.47310674,18.409773
30.1,27,.75772572,.70125848,-.61671573,2.1321671,.049670763,.60808897,-1.1421617,1.2415032,9.2594767,4.9298048,-.40276337,18.921717,9.2098055,4.9638939,-.51924747,18.93886
30.2,27,.75394452,.72188097,-.66091621,2.1688051,.043680202,.62518466,-1.1816592,1.2690196,9.4893055,5.0746951,-.45691419,19.435524,9.4456253,5.1093326,-.568483,19.459732
30.3,27,.74747473,.74240339,-.70760912,2.2025585,.036966454,.64207768,-1.2214826,1.2954156,9.7125692,5.2182884,-.51508814,19.940228,9.6756029,5.2534304,-.62093109,19.972137
30.4,27,.73823351,.76283848,-.75690246,2.2333696,.029507026,.65876889,-1.2616563,1.3206702,9.9290752,5.3605599,-.57742834,20.435579,9.8995686,5.3961611,-.67671239,20.475849
30.5,27,.72613651,.78319931,-.80890596,2.261179,.021279324,.67525864,-1.3022033,1.344762,10.138614,5.5014753,-.64407903,20.921307,10.117334,5.5374913,-.73594862,20.970617
30.6,27,.71109945,.80350077,-.86373317,2.2859321,.012260705,.69154859,-1.3431495,1.367671,10.340979,5.6410046,-.71518701,21.397144,10.328718,5.6773915,-.79876447,21.456202
30.7,27,.69303823,.82375962,-.92150092,2.3075774,.0024285109,.70764089,-1.3845221,1.3893791,10.535965,5.7791195,-.79090112,21.862831,10.533537,5.8158331,-.86528683,21.93236
30.8,27,.67186844,.8439936,-.98232865,2.3260655,-.008239843,.72353834,-1.4263489,1.4098693,10.723362,5.9157891,-.87137151,22.318094,10.731602,5.952786,-.93564433,22.398848
30.9,27,.64750725,.86422384,-1.0463403,2.3413548,-.019766856,.73924577,-1.4686619,1.4291283,10.902976,6.0509925,-.95675129,22.762703,10.922743,6.0882301,-1.0099691,22.855455
31,27,.61987025,.8844716,-1.1136622,2.3534026,-.032175142,.75476766,-1.5114925,1.4471422,11.074597,6.1847019,-1.0471952,23.19639,11.106772,6.2221389,-1.0883951,23.301941
31.1,27,.58887315,.90476072,-1.1844252,2.3621714,-.045487348,.77010977,-1.5548748,1.4639001,11.238021,6.3168926,-1.142861,23.618902,11.283508,6.3544884,-1.1710597,23.738077
31.2,27,.55443221,.9251166,-1.258763,2.3676274,-.059726011,.7852791,-1.5988446,1.4793926,11.393042,6.4475417,-1.2439084,24.029991,11.452767,6.4852571,-1.2581027,24.163637
31.3,27,.51646197,.94556636,-1.336814,2.3697381,-.074914046,.8002829,-1.6434398,1.4936117,11.539446,6.5766244,-1.3505014,24.429394,11.61436,6.6144214,-1.3496679,24.578388
31.4,27,.47488096,.96614021,-1.4187191,2.3684809,-.09107355,.81513119,-1.6887013,1.5065542,11.677045,6.7041273,-1.4628035,24.816893,11.768118,6.7419701,-1.4459004,24.982138
31.5,27,.42960393,.98686904,-1.5046239,2.3638318,-.10822736,.82983351,-1.7346711,1.5182164,11.805626,6.8300281,-1.5809838,25.192234,11.913853,6.8678832,-1.5469506,25.374657
31.6,27,.38054693,1.007786,-1.5946774,2.3557713,-.12639806,.84440118,-1.781394,1.5285978,11.924983,6.9543099,-1.7052137,25.55518,12.051381,6.9921451,-1.6529714,25.755733
31.7,27,.32762581,1.0289265,-1.689033,2.3442845,-.14560828,.85884672,-1.8289169,1.5377003,12.034913,7.0769572,-1.8356677,25.905495,12.180521,7.1147437,-1.7641199,26.125162
31.8,27,.27075571,1.0503268,-1.7878472,2.3293586,-.16588077,.87318343,-1.8772889,1.5455273,12.135202,7.1979523,-1.9725244,26.242929,12.301084,7.2356639,-1.8805571,26.482723
31.9,27,.20985459,1.0720272,-1.8912801,2.3109891,-.18723778,.88742733,-1.9265634,1.5520878,12.225661,7.3172903,-2.1159637,26.567287,12.412899,7.3549037,-2.0024469,26.828245
32,27,.1448376,1.0940677,-1.9994957,2.289171,-.20970204,.90159434,-1.9767945,1.5573905,12.306078,7.4349575,-2.2661707,26.878326,12.515779,7.4724531,-2.1299589,27.161518
32.1,27,.075619742,1.1164907,-2.1126618,2.2639015,-.23329633,.91570199,-2.0280392,1.5614467,12.37624,7.5509424,-2.4233353,27.175816,12.609536,7.588304,-2.2632663,27.482338
32.2,27,.0021195426,1.139342,-2.2309496,2.2351887,-.25804287,.92977071,-2.0803599,1.5642743,12.435962,7.6652484,-2.5876489,27.459572,12.694005,7.7024636,-2.4025469,27.790556
32.3,27,-.075750694,1.1626656,-2.3545334,2.203032,-.28396481,.9438197,-2.1338174,1.5658878,12.485012,7.7778583,-2.75931,27.729336,12.768977,7.8149199,-2.5479846,28.085939
32.4,27,-.15807097,1.1865112,-2.4835901,2.1674483,-.31108412,.95787281,-2.1884804,1.5663121,12.523214,7.8887835,-2.9385176,27.984945,12.834298,7.9256887,-2.6997659,28.368362
32.5,27,-.24492875,1.2109259,-2.6183,2.1284425,-.33942392,.97195232,-2.2444155,1.5655676,12.550336,7.9980116,-3.125479,28.226151,12.889759,8.0347624,-2.8580849,28.637604
32.6,27,-.33640656,1.2359613,-2.7588463,2.0860331,-.3690066,.98608422,-2.3016963,1.563683,12.566184,8.1055517,-3.3204045,28.452772,12.935191,8.1421547,-3.0231402,28.893522
32.7,27,-.4325867,1.2616699,-2.9054141,2.0402408,-.39985448,1.0002964,-2.3603992,1.5606903,12.570568,8.2114143,-3.5235085,28.664646,12.970423,8.2478857,-3.1951356,29.135981
32.8,27,-.53355706,1.2881027,-3.058192,1.9910779,-.43199086,1.0146157,-2.4206009,1.5566192,12.563255,8.3155966,-3.7350142,28.861526,12.995247,8.3519545,-3.3742833,29.364777
32.9,27,-.63939726,1.3153152,-3.2173679,1.9385734,-.4654375,1.0290736,-2.4823847,1.5515097,12.54407,8.4181213,-3.9551442,29.043283,13.009507,8.4543924,-3.5607977,29.579813
33,27,-.75019515,1.3433607,-3.3831336,1.8827434,-.50021768,1.0437006,-2.5458331,1.5453978,12.512778,8.5189886,-4.1841326,29.20969,13.012997,8.5552082,-3.7549038,29.780897
33.1,27,-.86603284,1.3722948,-3.5556812,1.8236156,-.53635371,1.0585303,-2.6110351,1.5383277,12.469191,8.6182222,-4.4222155,29.360596,13.005544,8.6544323,-3.9568312,29.967918
33.2,27,-.98699301,1.4021742,-3.735204,1.761218,-.57386792,1.0735985,-2.6780825,1.5303465,12.413113,8.7158489,-4.6696367,29.495863,12.98698,8.7520981,-4.1668167,30.140778
33.3,27,-1.1131637,1.4330536,-3.9218972,1.6955699,-.61278373,1.0889398,-2.7470665,1.5214992,12.344313,8.8118773,-4.9266491,29.615274,12.957096,8.8482256,-4.385107,30.299299
33.4,27,-1.2446239,1.4649906,-4.1159525,1.6267049,-.65312266,1.1045934,-2.8180859,1.5118407,12.262615,8.9063473,-5.1935048,29.718735,12.915738,8.9428635,-4.6119518,30.443428
33.5,27,-1.3814615,1.49804,-4.3175659,1.5546428,-.69490808,1.120597,-2.8912377,1.5014216,12.167788,8.9992762,-5.47047,29.806046,12.862696,9.0360374,-4.8476124,30.573004
33.6,27,-1.523759,1.5322585,-4.5269303,1.4794124,-.73816234,1.1369915,-2.9666247,1.4903002,12.059639,9.0907049,-5.7578144,29.877092,12.797801,9.1278,-5.0923572,30.68796
33.7,27,-1.6715999,1.5677027,-4.7442408,1.4010409,-.78290802,1.1538194,-3.0443525,1.4785366,11.937974,9.1806746,-6.0558176,29.931767,12.720882,9.2182035,-5.3464651,30.788229
33.8,27,-1.8250703,1.6044264,-4.9696884,1.3195478,-.82916796,1.1711222,-3.1245253,1.4661893,11.802564,9.2692165,-6.3647661,29.969894,12.631732,9.3072901,-5.6102219,30.873686
33.9,27,-1.9842505,1.6424856,-5.2034631,1.234962,-.87696421,1.1889448,-3.2072532,1.4533247,11.653231,9.3563871,-6.6849518,29.991413,12.530195,9.3951302,-5.8839211,30.944311
34,27,-2.1492281,1.6819329,-5.445756,1.1472999,-.92631984,1.2073307,-3.2926445,1.4400049,11.489744,9.4422255,-7.0166779,29.996166,12.416063,9.4817734,-6.16787,30.999998
34.1,27,-2.3200855,1.7228221,-5.6967549,1.0565836,-.97725731,1.2263262,-3.3808126,1.4262979,11.31191,9.5267906,-7.3602571,29.984077,12.289167,9.5672932,-6.4623833,31.040718
34.2,27,-2.4969056,1.7652059,-5.9566455,.96283424,-1.029799,1.245978,-3.4718711,1.4122729,11.119536,9.6101484,-7.7160077,29.955082,12.149336,9.6517706,-6.7677865,31.066458
34.3,27,-2.6797767,1.8091342,-6.2256145,.86606139,-1.0839684,1.2663316,-3.5659328,1.3979959,10.912391,9.6923485,-8.0842638,29.909046,11.996359,9.7352695,-7.0844188,31.077137
34.4,27,-2.868777,1.854658,-6.50384,.7662859,-1.1397868,1.2874353,-3.6631136,1.3835399,10.690298,9.7734737,-8.4653597,29.845955,11.830085,9.8178883,-7.4126225,31.072792
34.5,27,-3.0639944,1.9018248,-6.7915025,.66351372,-1.1972777,1.3093351,-3.7635272,1.3689719,10.453027,9.8535852,-8.8596458,29.765699,11.650305,9.899704,-7.7527585,31.053368
34.6,27,-3.2655122,1.9506829,-7.0887804,.55775607,-1.2564633,1.3320791,-3.8672903,1.3543636,10.200384,9.9327679,-9.2674828,29.668251,11.456847,9.9808187,-8.1051979,31.018892
34.7,27,-3.4734123,2.0012789,-7.3958464,.44902208,-1.3173662,1.3557149,-3.9745185,1.3397862,9.9321775,10.011111,-9.6892405,29.553595,11.249543,10.06134,-8.4703207,30.969408
34.8,27,-3.6877832,2.0536566,-7.7128763,.33730993,-1.3800097,1.3802887,-4.0853257,1.3253065,9.6481724,10.088694,-10.125303,29.421648,11.028182,10.141364,-8.848526,30.90489
34.9,27,-3.9087031,2.1078606,-8.0400343,.2226278,-1.4444152,1.405848,-4.1998267,1.3109963,9.3481979,10.165623,-10.576056,29.272453,10.792613,10.221018,-9.2402143,30.825439
35,27,-4.136261,2.1639323,-8.37749,.10496847,-1.5106062,1.4324379,-4.3181329,1.2969205,9.0320177,10.241988,-11.04191,29.105946,10.542624,10.300411,-9.6458101,30.731058
35.1,27,-4.3705397,2.2219133,-8.7254095,-.015669502,-1.5786052,1.4601043,-4.4403572,1.2831467,8.69944,10.317904,-11.523279,28.922159,10.278046,10.379676,-10.065746,30.621836
35.2,27,-4.611619,2.2818432,-9.0839491,-.13928872,-1.648434,1.4888924,-4.5666094,1.2697413,8.3502769,10.393488,-12.020586,28.72114,9.9987106,10.458955,-10.500463,30.497885
35.3,27,-4.8595901,2.34376,-9.4532757,-.26590455,-1.7201166,1.5188448,-4.6969976,1.2567645,7.9842901,10.46885,-12.534279,28.502859,9.7044067,10.538375,-10.950429,30.359243
35.4,27,-5.1145277,2.4077013,-9.8335352,-.39552006,-1.7936736,1.550005,-4.8316274,1.2442802,7.6013141,10.544128,-13.064799,28.267427,9.3949871,10.618099,-11.416105,30.206079
35.5,27,-5.3765278,2.4737031,-10.224896,-.52815843,-1.8691303,1.5824139,-4.9706044,1.232344,7.201097,10.619443,-13.612629,28.014822,9.0702276,10.698269,-11.897995,30.03845
35.6,27,-5.6456666,2.5418005,-10.627504,-.66382957,-1.9465076,1.6161122,-5.1140294,1.2210141,6.7834606,10.69494,-14.178235,27.745157,8.7299681,10.779054,-12.396588,29.856525
35.7,27,-5.9220252,2.6120265,-11.041503,-.80254728,-2.0258272,1.651139,-5.2620001,1.210346,6.3482194,10.77077,-14.762102,27.458542,8.3740463,10.860628,-12.912394,29.660486
35.8,27,-6.2056966,2.6844149,-11.467052,-.94434029,-2.1071138,1.6875319,-5.4146156,1.200388,5.8951249,10.847075,-15.364752,27.155003,8.0022392,10.943156,-13.445953,29.450432
35.9,27,-6.4967556,2.7589965,-11.904289,-1.0892216,-2.1903882,1.7253275,-5.5719681,1.1911916,5.424015,10.924026,-15.986685,26.834715,7.6144032,11.026834,-13.997795,29.226601
36,27,-6.7952943,2.835803,-12.353366,-1.2372224,-2.2756746,1.7645605,-5.7341495,1.1828004,4.9346447,11.001779,-16.628445,26.497734,7.2103195,11.11184,-14.568487,28.989126
36.1,27,-7.1013937,2.9148643,-12.814423,-1.3883644,-2.3629949,1.8052648,-5.9012489,1.175259,4.4268274,11.080509,-17.290573,26.144228,6.7898226,11.198377,-15.158591,28.738235
36.2,27,-7.4151316,2.9962091,-13.287594,-1.5426698,-2.4523704,1.8474725,-6.07335,1.1686093,3.9003813,11.160405,-17.97361,25.774374,6.3527517,11.286653,-15.768681,28.474184
36.3,27,-7.7366033,3.0798666,-13.773031,-1.7001755,-2.5438261,1.8912148,-6.2505393,1.1628867,3.3550563,11.241639,-18.678152,25.388264,5.8988824,11.376866,-16.399366,28.197132
36.4,27,-8.0658817,3.165864,-14.270862,-1.8609027,-2.6373825,1.9365211,-6.4328938,1.158129,2.7906919,11.324416,-19.404755,24.986139,5.4280744,11.469247,-17.051235,27.907385
36.5,27,-8.4030609,3.2542288,-14.781232,-2.0248897,-2.7330639,1.9834194,-6.6204944,1.1543667,2.2070417,11.408922,-20.154036,24.568119,4.9401054,11.564003,-17.724924,27.605135
36.6,27,-8.7482204,3.3449876,-15.304276,-2.1921649,-2.8308921,2.0319369,-6.8134151,1.1516312,1.6039207,11.495369,-20.926588,24.13443,4.4348125,11.661369,-18.421051,27.290676
36.7,27,-9.1014385,3.4381657,-15.840118,-2.3627574,-2.9308884,2.0820994,-7.0117283,1.1499512,.9811452,11.583973,-21.723024,23.685314,3.9120336,11.761583,-19.140247,26.964314
36.8,27,-9.4628105,3.5337896,-16.38891,-2.5367098,-3.0330784,2.1339316,-7.2155075,1.1493506,.3384648,11.674937,-22.543993,23.220922,3.3715432,11.864873,-19.883181,26.626266
36.9,27,-9.832408,3.6318834,-16.950769,-2.7140474,-3.1374812,2.1874564,-7.4248171,1.1498545,-.32427654,11.768497,-23.390106,22.741554,2.8132048,11.971489,-20.650482,26.276892
37,27,-10.210328,3.7324729,-17.525841,-2.8948152,-3.2441227,2.242697,-7.6397281,1.1514826,-1.0073314,11.864866,-24.262041,22.247379,2.2367914,12.081669,-21.442844,25.916428
37.1,27,-10.596564,3.8355622,-18.114128,-3.0789998,-3.3530016,2.2996643,-7.8602605,1.1542575,-1.7106788,11.964286,-25.16025,21.738892,1.6423228,12.195668,-22.260748,25.545393
37.2,27,-10.990773,3.9410756,-18.715139,-3.266407,-3.4640253,2.3583248,-8.086257,1.1582063,-2.43347,12.067015,-26.084385,21.217445,1.0305554,12.313742,-23.103933,25.165045
37.3,27,-11.392549,4.0489163,-19.328279,-3.4568188,-3.5770848,2.4186316,-8.3175154,1.1633459,-3.1747336,12.173278,-27.033918,20.684452,.40235102,12.436104,-23.971964,24.776667
37.4,27,-11.801458,4.1589808,-19.952911,-3.6500061,-3.6920633,2.48053,-8.553813,1.1696862,-3.9333937,12.283295,-28.008209,20.14142,-.24133049,12.562962,-24.864283,24.381622
37.5,27,-12.217094,4.2711658,-20.588425,-3.8457634,-3.8088512,2.5439634,-8.7949276,1.1772254,-4.7084751,12.397242,-29.006622,19.589672,-.89962363,12.694473,-25.780334,23.981087
37.6,27,-12.639031,4.3853626,-21.234184,-4.0438786,-3.9273343,2.6088693,-9.0406237,1.1859555,-5.49893,12.515283,-30.028433,19.030573,-1.5715959,12.83078,-26.719463,23.576271
37.7,27,-13.066841,4.5014596,-21.88954,-4.2441421,-4.0473971,2.6751812,-9.2906561,1.1958615,-6.3037047,12.637553,-31.072853,18.465445,-2.2563074,12.971992,-27.680943,23.168329
37.8,27,-13.500116,4.6193461,-22.553869,-4.4463644,-4.168931,2.7428317,-9.5447817,1.2069204,-7.1218266,12.76415,-32.139099,17.895447,-2.9528959,13.118176,-28.664047,22.758257
37.9,27,-13.938426,4.7389064,-23.226511,-4.6503406,-4.2918186,2.8117478,-9.802743,1.219106,-7.9522204,12.895157,-33.226265,17.321821,-3.6604021,13.269385,-29.667921,22.347116
38,27,-14.381361,4.8600254,-23.906836,-4.8558865,-4.4159508,2.8818569,-10.064286,1.2323854,-8.793911,13.030617,-34.33345,16.74563,-4.3779602,13.42563,-30.691711,21.935791
38.1,27,-14.828497,4.9825859,-24.594187,-5.062808,-4.5412126,2.9530828,-10.329148,1.2467232,-9.6458502,13.170558,-35.459671,16.167969,-5.1046376,13.586898,-31.734468,21.525192
38.2,27,-15.279406,5.1064672,-25.287897,-5.2709131,-4.6674895,3.0253463,-10.597059,1.2620802,-10.506984,13.314979,-36.603863,15.589895,-5.8394947,13.753151,-32.795174,21.116186
38.3,27,-15.733681,5.2315536,-25.987337,-5.4800248,-4.7946725,3.0985703,-10.867759,1.2784138,-11.376346,13.463844,-37.764996,15.012304,-6.5816727,13.924313,-33.872826,20.709478
38.4,27,-16.190891,5.3577213,-26.691833,-5.6899505,-4.9226451,3.1726732,-11.14097,1.2956798,-12.252857,13.617106,-38.941895,14.436181,-7.3302126,14.100295,-34.966282,20.305857
38.5,27,-16.650629,5.4848528,-27.400742,-5.9005146,-5.0512972,3.2475743,-11.416426,1.3138314,-13.135541,13.774682,-40.133423,13.862339,-8.0842447,14.28097,-36.074432,19.905943
38.6,27,-17.112465,5.6128244,-28.1134,-6.1115308,-5.1805139,3.3231912,-11.693849,1.332821,-14.02335,13.936473,-41.338333,13.291635,-8.8428364,14.466198,-37.196064,19.510391
38.7,27,-17.575974,5.7415137,-28.829134,-6.322813,-5.3101807,3.3994398,-11.97296,1.352599,-14.915228,14.102359,-42.555344,12.724887,-9.6050472,14.655815,-38.329918,19.119822
38.8,27,-18.040751,5.8708019,-29.54731,-6.5341907,-5.4401889,3.4762394,-12.253493,1.3731155,-15.810213,14.272193,-43.783199,12.162772,-10.370024,14.84963,-39.474766,18.734718
38.9,27,-18.506359,6.0005622,-30.267246,-6.7454734,-5.5704207,3.5535042,-12.535161,1.3943194,-16.707216,14.445819,-45.0205,11.60607,-11.136795,15.047443,-40.629242,18.355652
39,27,-18.972395,6.1306763,-30.9883,-6.95649,-5.700767,3.6311517,-12.817694,1.4161595,-17.60527,14.623052,-46.265923,11.055386,-11.904502,15.249027,-41.792046,17.983042
39.1,27,-19.438503,6.2610383,-31.709911,-7.1670928,-5.8311329,3.7091088,-13.100853,1.4385868,-18.503498,14.803713,-47.518242,10.511246,-12.672365,15.454165,-42.961971,17.617241
39.2,27,-19.9046,6.391614,-32.431934,-7.3772669,-5.9614964,3.7873447,-13.384555,1.4615626,-19.401693,14.987668,-48.776985,9.9735956,-13.440198,15.662702,-44.138527,17.258133
39.3,27,-20.370705,6.5223937,-33.154362,-7.5870485,-6.0918617,3.8658442,-13.668777,1.4850541,-20.299919,15.174794,-50.041969,9.442131,-14.208057,15.8745,-45.321507,16.905392
39.4,27,-20.836805,6.6533628,-33.877155,-7.7964525,-6.2222252,3.9445906,-13.953481,1.5090301,-21.198118,15.364978,-51.312923,8.9166861,-14.975893,16.089436,-46.510605,16.558821
39.5,27,-21.302912,6.7845135,-34.600315,-8.0055094,-6.352591,4.0235705,-14.238645,1.5334625,-22.096348,15.558105,-52.589672,8.3969793,-15.743756,16.307381,-47.705635,16.218122
39.6,27,-21.76902,6.9158335,-35.323803,-8.2142344,-6.4829569,4.1027703,-14.524239,1.5583248,-22.994576,15.754069,-53.871986,7.8828325,-16.51162,16.528217,-48.90633,15.883091
39.7,27,-22.235117,7.0473113,-36.047592,-8.4226398,-6.6133204,4.1821752,-14.810233,1.5835923,-23.892771,15.952765,-55.159618,7.374074,-17.279451,16.751831,-50.112438,15.553535
39.8,27,-22.701221,7.1789422,-36.77169,-8.6307545,-6.7436857,4.2617764,-15.096614,1.6092427,-24.790997,16.154091,-56.452435,6.870441,-18.04731,16.978113,-51.323803,15.22918
39.9,27,-23.167322,7.3107147,-37.496059,-8.8385839,-6.8740492,4.3415613,-15.383353,1.6352547,-25.689196,16.357952,-57.750195,6.3718014,-18.815147,17.206959,-52.540165,14.909872
40,27,-23.633429,7.4426241,-38.220703,-9.0461531,-7.004415,4.4215221,-15.67044,1.6616092,-26.587425,16.564253,-59.052765,5.877914,-19.58301,17.438265,-53.761383,14.595362
40.1,27,-24.099537,7.5746622,-38.945602,-9.2534714,-7.1347809,4.5016484,-15.95785,1.6882875,-27.485653,16.772903,-60.35994,5.3886328,-20.350872,17.671936,-54.987232,14.285486
40.2,27,-24.565636,7.70682,-39.670727,-9.4605455,-7.2651448,4.5819297,-16.245562,1.7152725,-28.383854,16.983818,-61.671524,4.9038186,-21.11871,17.907881,-56.21751,13.980092
40.3,27,-25.031738,7.8390946,-40.396084,-9.6673965,-7.3955097,4.6623602,-16.533567,1.7425487,-29.282074,17.196913,-62.9874,4.423254,-21.886564,18.146008,-57.452084,13.678955
40.4,27,-25.497839,7.9714775,-41.121647,-9.8740292,-7.5258737,4.7429314,-16.821848,1.770101,-30.180273,17.412107,-64.307373,3.9468286,-22.6544,18.386232,-58.690754,13.381954
40.5,27,-25.963945,8.1039677,-41.847431,-10.080462,-7.656239,4.823637,-17.110394,1.7979159,-31.078503,17.629326,-65.631348,3.4743397,-23.422264,18.628477,-59.933407,13.088881
40.6,27,-26.430054,8.2365561,-42.573406,-10.286699,-7.7866049,4.9044704,-17.399191,1.8259804,-31.976732,17.848494,-66.959137,3.0056717,-24.190126,18.872662,-61.179863,12.799611
40.7,27,-26.896152,8.3692379,-43.299557,-10.492747,-7.9169688,4.9854236,-17.688219,1.8542819,-32.874931,18.069538,-68.290573,2.5407145,-24.957962,19.118711,-62.429947,12.514023
40.8,27,-27.362259,8.5020123,-44.025898,-10.698623,-8.0473347,5.066493,-17.977478,1.8828098,-33.773159,18.292397,-69.625595,2.0792768,-25.725826,19.366556,-63.683578,12.231926
40.9,27,-27.828352,8.6348677,-44.75238,-10.904322,-8.1776962,5.1476703,-18.266945,1.9115521,-34.671345,18.516994,-70.963989,1.6213,-26.493647,19.616123,-64.940544,11.953248
41,27,-28.294462,8.7678108,-45.479057,-11.109868,-8.3080635,5.2289553,-18.556627,1.9405005,-35.56958,18.74328,-72.305733,1.1665739,-27.261517,19.867357,-66.200821,11.677788
41.1,27,-28.760571,8.9008322,-46.205879,-11.31526,-8.4384289,5.3103395,-18.846502,1.9696447,-36.467808,18.971186,-73.65065,.71503317,-28.029381,20.12019,-67.464226,11.405466
41.2,27,-29.226669,9.0339251,-46.932838,-11.5205,-8.5687933,5.3918176,-19.13656,1.9989754,-37.366009,19.200657,-74.998604,.2665866,-28.797216,20.374559,-68.730621,11.136187
41.3,27,-29.692776,9.1670933,-47.659946,-11.725604,-8.6991587,5.4733882,-19.426802,2.0284851,-38.264236,19.431637,-76.349548,-.17893046,-29.565079,20.630413,-69.999947,10.869789
41.4,27,-30.158869,9.3003254,-48.387173,-11.930566,-8.8295202,5.5550437,-19.717205,2.0581646,-39.162422,19.664068,-77.703285,-.62155497,-30.332901,20.887691,-71.272026,10.606224
41.5,27,-30.624979,9.4336281,-49.114552,-12.135408,-8.9598875,5.636785,-20.007784,2.0880086,-40.060658,19.897909,-79.059845,-1.0614713,-31.100771,21.146353,-72.54686,10.345319
41.6,27,-31.091087,9.5669928,-49.842049,-12.340125,-9.0902529,5.718606,-20.298515,2.1180089,-40.958885,20.133106,-80.419052,-1.4987243,-31.868633,21.406338,-73.824287,10.087017
41.7,27,-31.557186,9.7004166,-50.569653,-12.54472,-9.2206173,5.8005018,-20.589392,2.1481581,-41.857086,20.36961,-81.780785,-1.933385,-32.636471,21.667599,-75.104187,9.8312454
41.8,27,-32.023289,9.8338985,-51.297379,-12.749203,-9.3509817,5.882472,-20.880415,2.1784513,-42.755306,20.607378,-83.145027,-2.3655901,-33.404324,21.930094,-76.38652,9.5778704
41.9,27,-32.489384,9.9674349,-52.0252,-12.953573,-9.4813442,5.9645104,-21.17157,2.2088814,-43.6535,20.846363,-84.51162,-2.7953761,-34.172153,22.193777,-77.671158,9.326849
42,27,-32.955498,10.101027,-52.753147,-13.157845,-9.6117115,6.0466189,-21.462868,2.2394443,-44.551735,21.086533,-85.880585,-3.2228894,-34.940025,22.458611,-78.958092,9.0780449
42.1,27,-33.421604,10.234672,-53.48119,-13.362017,-9.7420769,6.1287918,-21.754288,2.2701337,-45.449966,21.327841,-87.251762,-3.6481643,-35.707886,22.72455,-80.247192,8.8314142
42.2,27,-33.887703,10.368362,-54.20932,-13.566086,-9.8724413,6.2110248,-22.045826,2.3009441,-46.348164,21.570248,-88.625076,-4.0712547,-36.475723,22.991558,-81.538345,8.5869007
42.3,27,-34.353806,10.502102,-54.93755,-13.770065,-10.002806,6.2933183,-22.337482,2.3318717,-47.246384,21.813719,-90.000488,-4.49228,-37.24358,23.259596,-82.831551,8.3443918
42.4,27,-34.819901,10.635885,-55.665855,-13.97395,-10.133168,6.375668,-22.629248,2.3629112,-48.144577,22.058218,-91.377892,-4.9112625,-38.011406,23.528629,-84.126671,8.1038589
42.5,27,-35.286015,10.769716,-56.394268,-14.177757,-10.263535,6.458075,-22.921131,2.3940597,-49.042812,22.303717,-92.757294,-5.3283315,-38.779278,23.798632,-85.423737,7.8651814
42.6,27,-35.752121,10.903588,-57.122761,-14.38148,-10.393901,6.540535,-23.213114,2.4253118,-49.941044,22.550177,-94.13858,-5.7435079,-39.547142,24.069561,-86.72261,7.6283317
42.7,27,-36.21822,11.037499,-57.851322,-14.585118,-10.524265,6.6230445,-23.505194,2.4566634,-50.839241,22.797565,-95.521652,-6.1568332,-40.314976,24.341389,-88.023224,7.3932672
42.8,27,-36.684322,11.171452,-58.579967,-14.788681,-10.65463,6.7056036,-23.797371,2.4881117,-51.737461,23.045858,-96.906509,-6.5684118,-41.082832,24.614086,-89.325554,7.1598887
42.9,27,-37.150421,11.305439,-59.308674,-14.992167,-10.784992,6.788209,-24.089638,2.5196521,-52.635654,23.295019,-98.293053,-6.9782548,-41.850662,24.887621,-90.629501,6.9281807
43,27,-37.616531,11.439466,-60.037472,-15.195587,-10.915359,6.8708625,-24.382002,2.5512834,-53.53389,23.545031,-99.681305,-7.3864779,-42.61853,25.161978,-91.935097,6.6980367
43.1,27,-38.082642,11.57353,-60.766342,-15.398938,-11.045726,6.9535599,-24.674454,2.5830009,-54.432129,23.795862,-101.07116,-7.793097,-43.386402,25.43712,-93.242241,6.4694362
43.2,27,-38.548748,11.707626,-61.495274,-15.602221,-11.176092,7.0362992,-24.966984,2.6148012,-55.330345,24.047483,-102.46255,-8.1981421,-44.154251,25.713022,-94.55085,6.2423463
43.3,27,-39.014832,11.84175,-62.224232,-15.805428,-11.306451,7.1190753,-25.259583,2.6466804,-56.228516,24.299862,-103.85537,-8.6016598,-44.922066,25.989651,-95.860847,6.0167165
43.4,27,-39.480938,11.975911,-62.953289,-16.008581,-11.436817,7.2018952,-25.552273,2.6786387,-57.126732,24.552998,-105.24973,-9.0037413,-45.689915,26.267006,-97.172302,5.7924724
43.5,27,-39.947048,12.110104,-63.682415,-16.211679,-11.567183,7.2847543,-25.845039,2.7106721,-58.024967,24.806854,-106.64551,-9.4044275,-46.457787,26.545055,-98.485138,5.5695672
43.6,27,-40.413158,12.244327,-64.411598,-16.414719,-11.69755,7.36765,-26.137878,2.7427783,-58.923206,25.061411,-108.04267,-9.8037434,-47.225655,26.823774,-99.799286,5.3479762
43.7,27,-40.879265,12.378577,-65.140831,-16.617697,-11.827916,7.4505806,-26.430786,2.7749538,-59.821423,25.316647,-109.44114,-10.201709,-47.993507,27.103142,-101.11469,5.127676
43.8,27,-41.345348,12.51285,-65.870079,-16.820612,-11.958275,7.5335417,-26.723745,2.8071957,-60.719593,25.572527,-110.84082,-10.598362,-48.761318,27.383127,-102.43126,4.9086242
43.9,27,-41.811455,12.647155,-66.599419,-17.023483,-12.088641,7.6165404,-27.016787,2.8395045,-61.617809,25.829058,-112.24183,-10.993786,-49.529167,27.663734,-103.74909,4.6907554
44,27,-42.277565,12.781488,-67.328819,-17.226307,-12.219007,7.6995721,-27.309893,2.871877,-62.516045,26.08621,-113.64408,-11.388014,-50.297039,27.944937,-105.06811,4.4740305
44.1,27,-42.743675,12.915846,-68.058266,-17.429081,-12.349374,7.7826352,-27.60306,2.9043109,-63.414284,26.343964,-115.0475,-11.781063,-51.064911,28.226713,-106.38825,4.2584324
44.2,27,-43.209782,13.050227,-68.787758,-17.631804,-12.47974,7.8657279,-27.896284,2.9368038,-64.3125,26.602301,-116.45205,-12.172948,-51.83276,28.509047,-107.70947,4.0439439
44.3,27,-43.675861,13.184626,-69.51725,-17.834469,-12.610098,7.9488454,-28.189548,2.9693522,-65.210663,26.861193,-117.85763,-12.563694,-52.600563,28.791904,-109.03166,3.830533
44.4,27,-44.141972,13.319055,-70.246841,-18.037102,-12.740465,8.0319967,-28.482887,3.0019586,-66.108887,27.120649,-119.26438,-12.953392,-53.368423,29.075306,-110.35497,3.6181312
44.5,27,-44.608082,13.453507,-70.976471,-18.239691,-12.870831,8.1151752,-28.776281,3.0346191,-67.007126,27.380642,-120.6722,-13.342053,-54.136292,29.359217,-111.6793,3.4067161
44.6,27,-45.074192,13.58798,-71.706146,-18.44224,-13.001198,8.1983805,-29.069729,3.067332,-67.905365,27.641153,-122.08102,-13.729696,-54.904163,29.643623,-113.0046,3.1962726
44.7,27,-45.540298,13.722474,-72.435852,-18.644743,-13.131564,8.2816114,-29.363222,3.1000955,-68.803581,27.90217,-123.49083,-14.116328,-55.672012,29.928511,-114.33082,2.9867892
44.8,27,-46.006378,13.856981,-73.165558,-18.847195,-13.261922,8.3648624,-29.656752,3.1329062,-69.701736,28.163666,-124.90151,-14.50197,-56.439819,30.21385,-115.65788,2.7782393
44.9,27,-46.472488,13.991516,-73.895355,-19.04962,-13.392289,8.448143,-29.950344,3.165767,-70.599968,28.425653,-126.31322,-14.886707,-57.207676,30.49966,-116.98591,2.5705602
45,27,-46.938599,14.12607,-74.625183,-19.252008,-13.522655,8.5314474,-30.243986,3.1986742,-71.498199,28.688107,-127.72586,-15.270546,-57.975548,30.785913,-118.31483,2.3637345
45.1,27,-47.404701,14.260641,-75.355042,-19.454357,-13.653021,8.6147738,-30.537666,3.231626,-72.396423,28.95101,-129.13936,-15.653487,-58.743401,31.072592,-119.64456,2.1577587
45.2,27,-47.870819,14.395235,-76.084961,-19.656675,-13.783389,8.6981249,-30.8314,3.2646224,-73.294662,29.214359,-130.55376,-16.035574,-59.511276,31.359695,-120.97515,1.9526001
45.3,27,-48.336895,14.529835,-76.81485,-19.858942,-13.913746,8.7814903,-31.125151,3.2976587,-74.192818,29.478115,-131.96886,-16.416773,-60.279072,31.647184,-122.30641,1.7482694
45.4,27,-48.803013,14.664463,-77.54483,-20.061193,-14.044116,8.8648844,-31.41897,3.3307393,-75.091064,29.742311,-133.38493,-16.797207,-61.046951,31.935093,-123.63858,1.5446796
45.5,27,-49.269115,14.799104,-78.274826,-20.263405,-14.174479,8.9482965,-31.712818,3.3638587,-75.989281,30.006903,-134.80173,-17.17683,-61.8148,32.223373,-124.97145,1.3418537
45.6,27,-49.735218,14.933762,-79.004852,-20.465584,-14.304845,9.0317278,-32.006706,3.3970175,-76.887497,30.271893,-136.21931,-17.555681,-62.582657,32.512032,-126.30507,1.1397587
45.7,27,-50.201336,15.068439,-79.734932,-20.667738,-14.435213,9.1151819,-32.30064,3.4302151,-77.785744,30.537273,-137.6377,-17.933784,-63.350529,32.801064,-127.63943,.93837714
45.8,27,-50.667412,15.20312,-80.464981,-20.869844,-14.56557,9.1986475,-32.594589,3.4634469,-78.683899,30.803009,-139.05669,-18.31111,-64.118324,33.090427,-128.97437,.73772228
45.9,27,-51.133526,15.337828,-81.195114,-21.071938,-14.695939,9.2821379,-32.888596,3.4967172,-79.582138,31.06913,-140.47652,-18.687761,-64.8862,33.380161,-130.3101,.53771538
46,27,-51.599632,15.472546,-81.925262,-21.273998,-14.826303,9.3656445,-33.182629,3.5300219,-80.480354,31.3356,-141.897,-19.063709,-65.654053,33.670223,-131.64648,.33837125
46.1,27,-52.065735,15.607279,-82.655441,-21.47603,-14.956669,9.4491682,-33.476696,3.5633607,-81.378578,31.602419,-143.31818,-19.438976,-66.421913,33.960613,-132.98349,.13967103
46.2,27,-52.531853,15.742029,-83.385658,-21.678041,-15.087037,9.532711,-33.770805,3.5967336,-82.276817,31.869581,-144.74005,-19.813587,-67.189781,34.251331,-134.32117,-.058403522
46.3,27,-52.997929,15.876782,-84.115852,-21.880007,-15.217394,9.6162634,-34.064926,3.6301358,-83.174973,32.137054,-146.16245,-20.187506,-67.957581,34.542339,-135.65932,-.25583655
46.4,27,-53.464043,16.011559,-84.846123,-22.081964,-15.347763,9.6998386,-34.359097,3.6635723,-84.073212,32.404869,-147.58559,-20.560841,-68.725449,34.833675,-136.9982,-.45270312
46.5,27,-53.930149,16.146345,-85.576408,-22.283892,-15.478127,9.7834282,-34.653294,3.6970387,-84.971436,32.672989,-149.00932,-20.933552,-69.493309,35.125298,-138.33763,-.64898628
46.6,27,-54.396244,16.281143,-86.306702,-22.485792,-15.608491,9.8670311,-34.947517,3.7305346,-85.869637,32.941414,-150.43362,-21.305655,-70.261147,35.41721,-139.6776,-.84469539
46.7,27,-54.86237,16.41596,-87.037056,-22.687677,-15.738861,9.9506531,-35.241783,3.7640615,-86.767899,33.210152,-151.8586,-21.677195,-71.029037,35.709415,-141.0182,-1.0398669
46.8,27,-55.328445,16.550776,-87.767372,-22.889521,-15.869219,10.034282,-35.536049,3.7976131,-87.666054,33.479156,-153.284,-22.048111,-71.796829,36.001869,-142.35921,-1.2344624
46.9,27,-55.794559,16.685614,-88.497765,-23.091358,-15.999587,10.117932,-35.830368,3.8311956,-88.564293,33.748466,-154.71007,-22.418514,-72.564705,36.294617,-143.70085,-1.4285605
47,27,-56.260666,16.820461,-89.228165,-23.293169,-16.129951,10.201593,-36.124706,3.864804,-89.462509,34.018047,-156.13666,-22.788366,-73.332558,36.58762,-145.04298,-1.6221428
