quantile, MSE (unint), MSE (int)
1,11110.57846893241, 11116.26785243229
2,86494.59621091283, 86506.65153070445
3,347585.8940523026, 347605.353192089
4,2224684.043798877, 2224692.602591674
