percs,V2
5th,0.423547096727747
10th,0.555987756381235
25th,1.18585770574181
50th,2.89319957415488
75th,4.02499078555361
90th,5.47225027193874
95th,6.30242185123967
